0 41.09827042 -25.88621712
0 90.81975555 -26.18181229
0 -4.698701859 -15.36365795
0 115.577652 -40.10532761
0 38.36987686 -4.685595989
0 160.9438782 -44.94621277
0 -30.13135147 -3.542715549
0 144.5162659 -40.32709885
0 20.19402695 -33.51888275
0 -24.81577873 23.94806099
0 240.2758026 -23.25997162
0 -56.73652267 14.32103539
0 19.05471802 -39.19420242
0 59.94700623 -69.56884766
0 -59.37498856 30.81077957
0 -16.78471184 27.79080582
0 -43.04803085 36.34228897
0 272.9979553 -22.3675766
0 -68.7183609 27.02772141
0 -19.57151413 -71.54840088
0 60.72629166 -74.27085114
0 -122.8121033 19.21297646
0 -136.3209076 -11.32534122
0 57.41070175 45.28175354
0 277.0354309 -15.64028645
0 37.0604744 43.21944427
0 -118.5599976 26.17168045
0 -169.5930939 18.5738678
0 -152.9294128 10.92255116
0 -185.00383 -21.86014557
0 -75.14791107 8.703990936
0 64.68552399 20.179533
0 84.79009247 29.69331741
0 64.91347504 54.24464798
0 297.4574585 -41.51340103
0 37.09262466 56.28853989
0 -32.99714661 37.53438568
0 -123.7991104 -3.103415489
0 -178.4031067 -7.718612194
0 -153.7641754 -26.50413132
0 -289.9352722 -72.24321747
0 -145.9494476 -6.623976231
0 119.4395752 11.53588772
0 142.7387543 55.73376846
0 79.82195282 63.60918808
0 54.1680336 73.17616272
0 345.3287964 -42.39553452
0 305.2292175 -58.77862167
0 125.7911148 79.63871765
0 -10.94251156 61.75964737
0 -187.7370911 -55.99583054
0 -121.7752075 -8.508058548
0 -170.9665833 -20.90771866
0 -175.861557 -17.67694283
0 -170.3204956 1.158981323
0 145.5624084 -15.84253597
0 134.0173035 52.56820679
0 163.5250092 55.44973373
0 129.9165649 109.9083252
0 138.0375977 86.52059174
0 172.9414673 61.62809372
0 -262.5939026 -56.80876541
0 -212.2196808 -49.75572968
0 -233.4520874 -74.52347565
0 -215.6191559 -27.8911171
0 -215.7438202 -9.619595528
0 -187.4813538 -26.25992775
0 132.3235168 -36.69084167
1 -142.0417023 -291.3060913
1 -115.738205 -310.5095215
1 -58.42243958 -247.1251068
1 -118.0023346 -321.10495
1 -125.0620956 -287.8149414
1 -115.2204208 -342.1168213
1 -42.21981049 -260.9266663
1 -21.12518883 -212.3897858
1 -124.9516373 -294.1013489
1 25.70859337 -140.434021
1 31.88488007 -82.68300629
1 99.40577698 -28.29016685
1 -2.462308645 -104.9745407
1 119.5712204 33.71763229
1 64.11553955 30.30832863
1 136.8699188 -16.24897575
1 111.5341187 -6.544761658
1 109.9413452 39.35821915
1 100.8137665 89.40631104
1 15.2752552 52.88814926
1 30.83621788 34.05467224
1 99.30549622 -16.52188873
1 107.2725906 -82.00744629
1 78.14611816 60.34742737
1 47.72545624 17.7256813
1 80.52057648 137.7362518
1 -70.63845062 73.76797485
1 99.87121582 -53.93763351
1 102.0431747 -64.08792877
1 118.7528992 -88.61504364
1 60.6158905 120.5762329
1 113.7800064 64.56928253
1 90.14938354 55.90040588
1 77.51898193 29.38015366
1 -10.46064949 34.5617981
1 74.98080444 142.5233917
1 -64.15285492 73.02168274
1 -120.6873703 77.5713501
1 5.712583542 120.1989594
1 100.927063 -64.4581604
1 104.1703873 -51.85737228
1 82.37550354 -44.2125206
1 131.2679901 -46.42084503
1 128.1954193 -151.4094849
1 105.6701279 96.54769135
1 102.1710358 37.23280334
1 85.53032684 93.01805878
1 -91.14959717 35.65163422
1 -82.32518005 75.35095215
1 -225.7903748 54.12677383
1 29.97496033 87.16963959
1 -138.4058075 17.10042381
1 -60.19648361 40.52349091
1 -93.22988892 58.22846222
1 -317.682373 35.44527435
1 15.7694521 88.04421997
1 58.31929779 105.3383331
1 5.213460445 81.3934021
1 -189.1072388 14.33930492
1 -5.697041988 74.4764328
1 -65.3126297 89.31299591
1 -379.6420898 38.02772522
1 82.74887085 117.9592972
1 -227.7507935 -17.72355843
1 46.63166428 96.51634979
1 -46.2083168 104.6262131
1 132.7205048 136.2968597
1 -287.4601135 30.86618233
1 -256.961792 -63.92124557
1 110.0961151 126.2211609
1 -13.56637287 118.6361542
1 171.1438293 143.9066162
1 -236.1264648 -86.52153015
1 168.542038 144.0801849
1 43.67907333 162.1642761
1 179.132019 149.4030304
1 233.7489624 182.7841034
1 -272.5819702 -144.1367645
2 -279.3381958 -100.6254272
2 -226.700058 -50.99903107
2 -328.4410706 -98.48539734
2 -195.7706604 -33.85206223
2 -141.0559235 8.729800224
2 -198.8583069 -42.61840057
2 -138.164917 -15.86393929
2 -83.89804077 51.16775513
2 -129.670517 31.68666649
2 -85.11420441 6.94261694
2 -95.18553162 -0.1349010468
2 -111.2610397 55.68722153
2 -91.25032806 -48.13479996
2 -81.25779724 3.182407856
2 -99.25480652 69.02892303
2 -49.60024261 -75.20922852
2 -1.557382703 -33.99102783
2 -116.3751678 36.8265419
2 -95.31961823 101.438797
2 4.059188843 -56.75315857
2 -51.85491943 -107.1243286
2 80.0884552 -91.77679443
2 32.05242538 19.14260864
2 -123.1781998 32.66510773
2 -120.0858536 138.6085358
2 9.07341671 -77.67869568
2 26.29621887 69.52941895
2 -56.51973724 -136.1509705
2 140.0559235 -110.2933197
2 92.82398224 74.02534485
2 -140.0166473 180.5669403
2 11.94991779 -85.18498993
2 -61.80585861 -139.2521057
2 45.64644241 146.1512299
2 -53.31489944 -151.8845215
2 143.1406555 -137.6358643
2 176.3468933 -110.5485153
2 106.6051331 64.8312149
2 44.80937195 81.73923492
2 -152.5621033 191.6795959
2 -137.6936035 -187.8942871
2 100.9718552 202.1636505
2 128.9156952 -161.53685
2 212.3699341 -95.85779572
2 164.3916931 83.05008698
2 6.638081551 88.09426117
2 -275.5259094 -266.0084229
2 -216.5874634 -203.103653
2 113.1765289 211.3464508
2 121.5296021 255.6575165
2 122.8317642 230.8954773
2 121.4043121 225.929657
2 115.2956085 -172.2887268
2 170.276947 -172.8373108
2 148.9365845 -179.182312
2 223.0786743 -95.57169342
2 232.5016022 -103.3614807
2 185.4373627 -93.16647339
2 18.98539352 155.6988525
2 -385.0516968 -328.4685059
2 -237.1389771 -228.9034424
2 218.9205322 220.225296
2 97.592453 241.3037262
2 151.7453918 278.0747375
2 125.8831787 227.0256958
2 184.148819 215.2479858
2 121.9759293 273.5536194
2 140.8282318 256.4342957
2 120.0970535 244.4200745
2 154.7963867 -176.9411621
2 203.8690491 -80.19419861
2 185.1246185 -144.9933777
2 279.8931274 -156.6217804
2 187.5514221 -67.59354401
2 -436.0110779 -347.3645325
2 -212.0982208 -213.0196686
2 -286.9250488 -249.4970398
2 -280.6082153 -253.224823
2 244.9444427 222.3404694
2 61.07172394 181.8171844
2 121.3981323 273.6495056
2 75.52265167 231.2699432
3 199.8500977 210.031723
3 140.4118805 152.6925049
3 149.3889923 156.1472321
3 186.1412201 154.7745056
3 148.0958862 153.6483612
3 100.8118515 110.7422104
3 141.0836639 135.483078
3 35.5955162 78.44741821
3 90.02593231 101.8037415
3 123.177948 133.3105316
3 127.8447952 115.6213379
3 -18.93655014 34.50643158
3 -27.81774902 65.1542511
3 30.89083481 93.37710571
3 126.9043121 114.8621826
3 139.0567932 124.6721802
3 160.0454559 124.0585403
3 36.67858124 114.4397964
3 128.3634491 107.6763687
3 -39.33931351 3.205402613
3 -60.05293274 85.03356171
3 -16.60217094 43.71410751
3 86.2660675 105.2427216
3 141.884079 108.5599365
3 201.2027588 152.3920288
3 92.77216339 130.8775787
3 -36.21334839 41.96327972
3 171.2650604 80.31113434
3 -38.81495285 -18.64366341
3 -45.32115173 -22.81347466
3 -118.9202194 92.98749542
3 -19.24490738 -8.75440979
3 32.68851852 96.23474121
3 123.7786179 122.1248474
3 92.5007782 108.4707336
3 137.0879822 118.2828217
3 -99.81962585 -63.26960754
3 -56.65300369 -78.56903076
3 -77.49193573 -13.08085728
3 -13.44877434 -16.7755127
3 -128.0979919 124.834259
3 -19.57494545 -34.7663269
3 66.14083862 112.5145721
3 59.16796494 120.3195419
3 102.379982 121.7455444
3 -59.51072693 -101.7771835
3 -219.6971436 -179.3859863
3 -86.48777008 -77.82575989
3 -80.22437286 -83.99646759
3 -77.03751373 1.663422585
3 6.066155434 -29.59848404
3 26.32850838 42.01549911
3 91.96456146 124.8982162
3 33.69620132 137.6148376
3 -42.24200821 -235.9390259
3 -31.60536194 -74.99712372
3 -245.6204529 -207.447403
3 -274.8327332 -205.9558258
3 -55.13793182 -108.8202744
3 -56.8543396 -248.812851
3 -85.19622803 -284.9225159
3 -19.55500221 -195.0425262
3 -310.4846497 -251.4436493
3 -477.2589722 -302.3507996
3 -249.676239 -175.4146423
3 22.01093483 -134.2652893
3 -40.30377197 -286.8348083
3 -83.58377838 -293.4933472
3 -152.2794952 -305.9376831
3 -87.62991333 -315.5210266
4 -83.84122467 -27.47437668
4 -48.14375687 -27.60223007
4 -123.153595 -17.01270866
4 -18.22580147 -24.9298172
4 -23.40360069 -86.23347473
4 -24.49539375 1.268187404
4 19.05011177 -31.51294327
4 -7.33677721 -20.09404755
4 2.772977114 -139.3085785
4 -6.696176529 24.25175858
4 14.15755558 -33.58131027
4 1.897368789 -59.63571548
4 15.7815218 -187.7811127
4 -12.03860092 42.69111633
4 -43.24813843 45.4286499
4 -0.01374010369 -11.28426647
4 69.53961945 -37.51154709
4 -16.53562546 35.56702423
4 -17.59354591 57.3398819
4 -70.34803772 71.99317932
4 -10.16213226 -29.50061798
4 20.07989883 19.57040405
4 52.05145264 -25.85392952
4 90.38924408 -33.77803802
4 -40.68135071 46.21264267
4 -35.50374603 70.74777985
4 -62.38976288 -53.8679657
4 100.7622147 45.61196518
4 33.81545639 -3.12588954
4 -52.37271881 79.72065735
4 -140.4279327 -61.4160347
4 -13.2710495 -48.07182693
4 -74.16941833 -100.3350754
4 -14.24693298 41.99927139
4 76.368927 -22.03186798
4 -79.14756012 120.2168503
4 -208.4182434 -58.34706879
4 -62.36227798 -58.77949905
4 -61.20896912 -30.7642765
4 -52.75990677 -134.4191742
4 -74.54019928 122.9402466
4 268.1539917 -102.3830414
4 86.85177612 24.49099541
4 129.7643585 2.829879999
4 -122.0657501 143.6069031
4 -111.9365997 -20.88340759
4 -68.17507172 -204.9563293
4 25.36242104 -117.2128983
4 -97.58345032 149.8424072
4 369.7752991 -91.59604645
4 141.561264 33.61423111
4 2.058218002 35.93315125
4 168.7003632 17.14838982
4 -151.5687561 160.1257477
4 -136.5028229 -6.457652569
4 -153.9933014 3.27857995
4 -107.1627655 -238.0281982
4 65.07495117 -97.37975311
4 -116.1334915 152.4349518
4 455.169342 -34.11417007
4 431.707489 -21.34211731
4 207.1730347 54.960392
4 -43.09661484 49.65490341
4 -60.62799454 52.83810806
4 -32.93474197 54.43363953
4 208.1450806 -23.167593
4 183.634552 57.23258209
4 -182.4463348 157.2792206
4 -185.8915863 165.4118958
4 -192.9429321 181.098938
5 -17.86919785 -72.10877228
5 -111.9368286 -5.456668854
5 -18.84036064 -54.0400238
5 -14.94350624 -112.258606
5 -82.5690918 56.03557205
5 24.43911934 -3.267519236
5 -59.99153519 84.8146286
5 35.76675797 11.72986031
5 75.60775757 30.03804207
5 70.1125946 25.83274841
5 100.224144 38.68074799
6 130.396698 -118.465004
6 110.580452 -123.0812759
6 62.8164711 -116.1314926
6 63.39034653 -144.5216217
6 132.9199524 -75.40370178
6 133.8453064 -80.46570587
6 -1.150243402 -221.2510529
6 150.2563019 -33.67739487
6 -12.09505939 -233.4380493
6 -116.1231613 -183.7901001
6 150.4940491 -9.504061699
6 -30.36586761 -285.3985291
6 23.53301239 -259.5657043
6 150.9023285 47.79102325
6 152.9108276 100.180542
6 110.9803085 93.70748901
6 143.7761841 175.7075653
6 157.5712128 123.8959427
6 44.5316658 74.58698273
6 208.9694977 168.5890198
6 108.5788193 202.2548828
6 218.2807922 148.2958374
6 9.949767113 52.41366196
6 -0.06695515662 83.38881683
6 248.1017761 177.4493713
6 66.59217834 83.3941803
6 213.3416138 153.2926636
6 110.8678055 164.3489075
6 92.91737366 180.0437469
6 121.125 261.2857056
6 242.75177 179.4402313
6 259.207489 171.1299896
6 -0.5523809195 40.87808228
6 -49.86625671 89.82842255
6 277.9417419 202.8287048
6 42.55889511 28.40551758
6 246.5293427 142.2100677
6 105.3892746 91.72858429
6 112.3977737 141.3432922
6 97.53327942 157.3972321
6 132.5549469 77.14711761
6 -110.1926956 -49.87935638
6 62.30887222 32.27713776
6 68.8260498 125.4477005
6 74.45455933 140.0437927
6 145.0086975 105.4013367
6 -155.2436523 -83.87345886
6 -124.2584534 -45.82715607
6 -137.1933746 -66.84264374
6 23.99356461 -2.176102877
6 98.17965698 61.66373825
6 66.12494659 94.42279053
6 97.17678833 159.986908
6 -192.850174 -115.7067261
6 -147.5618896 -73.63698578
6 -189.7296753 -79.66983032
6 -67.80490112 -32.86730957
6 133.8470612 101.2638626
6 3.877480745 35.91371536
6 112.9996719 132.6451416
6 169.0369415 219.021225
6 -189.3505554 -120.5963364
6 -194.7063141 -124.2889786
6 -194.088974 -82.5263443
6 -233.8648834 -96.1018219
6 -208.4526062 -92.24459076
6 -144.9683075 -102.2838211
6 -123.3553696 -64.56982422
6 214.3171539 225.9148407
6 -209.7192383 -133.265976
6 -183.3991241 -69.11930084
6 -219.9506836 -124.3237762
6 -278.9950562 -174.1785431
6 -242.1839447 -102.3657608
6 -176.5333405 -119.6586456
6 -88.86067963 -74.47782898
6 -366.5903625 -208.3986969
6 -301.3139648 -197.2121277
6 -230.9935303 -166.4808044
6 -208.6522217 -146.9346924
6 -426.972229 -201.0227509
6 -346.6395264 -211.7413635
7 -8.729351997 8.586539268
7 -4.546797276 6.20481205
7 4.744466305 -2.743516922
7 -39.09068298 3.831634521
7 2.943897247 3.140775442
7 -4.59391737 -13.4758606
7 25.7794323 -5.797523022
7 23.49287415 0.2531680465
8 -110.9320602 1.395671248
8 -121.3650208 -6.113537312
8 -120.0866699 -7.998218536
8 -162.3513641 -41.85643387
8 -157.2255096 -10.37453842
8 -127.0058289 -6.253020763
8 -171.8167267 -48.60274887
8 -79.87054443 22.84220123
8 -103.564537 -19.54411888
8 -179.1573639 -21.41446114
8 -248.0486603 -111.2203369
8 -150.0382385 -32.19988632
8 -78.02267456 -21.983778
8 -44.00664902 13.25058556
8 -146.1434174 -6.13343811
8 -66.3105011 -19.36638832
8 -203.105484 0.8016574383
8 -197.5171661 -87.6541748
8 -222.5074615 -53.65755463
8 -199.1691132 -68.42253113
8 -381.5157166 -198.2187195
8 -56.75214767 19.42551804
8 9.897907257 12.75510883
8 -176.3386688 -2.554870129
8 8.851891518 16.23074341
8 -205.432312 -4.948949814
8 -92.69581604 8.328486443
8 -31.4622345 12.45844841
8 97.98456573 6.523349285
8 -14.82282448 28.02801704
8 13.24183941 40.55562973
8 -263.7425842 -57.73307419
8 -141.9932556 4.225045204
8 -145.9709778 -30.02381516
8 -34.15496445 16.69366074
8 -81.92996216 13.67502022
8 210.9247894 42.47027969
8 -34.19139481 9.203138351
8 13.42977715 44.08363724
8 -257.8786011 -73.25408936
8 236.3484344 53.19937134
8 297.2556763 68.19017029
8 -120.7404785 -92.70004272
8 60.99692917 66.99445343
8 -279.429718 -108.1596832
8 308.5845337 35.88186264
8 399.0588379 83.71379852
8 -158.7216034 -128.6771851
8 75.88846588 60.72907257
8 459.2502136 77.13983917
8 427.5065613 114.4502563
8 -207.7799377 -167.7627563
8 -208.7968903 -148.4072571
8 66.85433197 81.48503113
8 458.6616211 153.3760071
8 481.4508972 110.3304062
8 423.0164795 80.70799255
8 435.1122437 131.5026093
8 -314.5728149 -209.7848816
8 -239.7539825 -187.8554535
8 68.77682495 116.1137314
8 454.1412354 197.4333038
8 491.4225464 115.7202454
8 378.8946228 16.78003311
8 459.3704529 96.18161774
9 157.8237152 4.642057896
9 154.094635 5.313614845
9 192.5007935 20.42024612
9 122.482048 -35.0322876
9 157.1549225 -14.69647884
9 175.1651917 19.09119797
9 131.9929352 -11.77182293
9 126.0339355 17.22750854
9 167.0843353 27.6456356
9 139.313797 -17.18595314
9 176.2780762 50.89421082
9 140.1258545 8.709407806
9 11.54775715 -22.4436779
9 95.16771698 22.50198364
9 237.9296265 71.09631348
9 166.5598907 9.696202278
9 144.1912842 -8.424113274
9 112.8611679 1.300310254
9 188.4576263 9.015431404
9 -141.852478 -43.02776718
9 -7.779025078 -92.05018616
9 74.58732605 47.57890701
9 192.3512115 15.98491383
9 95.23970795 -1.227560043
9 161.8495026 -33.81015396
9 110.570076 -0.003532857168
9 232.5083618 2.340030193
9 195.0879517 53.81486893
9 -224.58461 -67.8187027
9 -187.2771759 -24.98080635
9 -2.474895716 -135.7705078
9 -16.50996971 -92.43256378
9 18.8803215 68.07577515
9 168.1867218 30.44434547
9 -3.857188225 -12.24372292
9 135.13414 -7.299174309
9 78.48295593 9.26222229
9 82.57860565 -11.96409607
9 237.1290283 1.93342948
9 126.3178711 34.41852188
9 191.7582855 69.11221313
9 -298.2836609 -131.0781555
9 -185.2678986 -50.7233696
9 -202.1933441 -120.0932007
9 -205.8616486 24.12497711
9 -30.02316856 -162.0945892
9 -20.83831787 70.99851227
9 26.44971085 74.055336
9 200.4267426 65.87276459
9 189.1767578 14.92721939
9 -71.25852203 -35.45893097
9 -23.65209961 -19.34959984
9 189.4847565 -2.392097712
9 44.07818604 23.80230331
9 97.74766541 -7.886826992
9 90.62327576 37.03905106
9 -288.8230286 -114.0965118
9 -161.5762482 -54.98000717
9 -208.9771118 76.35900879
9 -68.1867218 93.96805573
9 49.39495468 70.99362946
9 245.2309418 78.20212555
9 163.0834198 3.249546289
9 -152.9083557 -47.82075119
9 -35.26835632 -4.62293005
9 -244.2388153 -91.08722687
9 -318.5317078 -124.4139099
9 -296.8960876 -100.0082626
9 -132.1094666 -59.93008804
9 -220.2146149 -29.82923126
9 -246.9632568 68.20089722
9 -206.072998 82.10167694
9 -120.1075668 119.7790604
9 -329.0158081 -88.07390594
9 -246.2534943 -26.80559349
9 -290.0462646 75.08641815
9 -91.73907471 91.31045532
9 -155.4405212 131.9457245
9 -95.39472198 116.803154
9 -396.7780151 -25.07698059
9 -265.8676758 8.665712357
10 62.04693985 40.18995285
10 2.368963003 52.27013397
10 59.18120193 30.44182014
10 105.3621216 55.13568115
10 119.1129227 9.058875084
10 85.81890106 18.53984833
10 125.0014725 65.6203537
10 83.07601166 68.92393494
10 158.7671509 -4.72115612
10 156.7344818 7.342438698
10 97.15486908 27.94391441
10 77.57595825 67.36642456
10 173.3605042 47.56691742
10 33.17596436 55.93190002
10 125.1683426 3.042418718
10 62.76197815 42.64283371
10 59.77062988 66.26737976
10 227.6189117 84.38040161
10 3.286677122 -9.12184906
10 47.42473221 9.369752884
10 142.5589752 1.183138728
10 36.67736816 30.30217361
10 43.64008331 57.41812515
10 -25.59243584 77.75133514
10 -4.72863245 79.09307861
10 194.7266083 62.20738602
10 247.3091736 70.48844147
10 -54.35699463 -17.75941086
10 -30.63431168 -60.83597565
10 159.0466614 0.6221268773
10 9.072972298 49.52911377
10 -32.23247147 92.25944519
10 33.56534195 76.15174103
10 -77.8780899 83.52937317
10 -87.22817993 -7.653645039
10 -113.3857422 -22.26231575
10 -42.3890419 -120.3150253
10 -55.41656494 -71.89459229
10 -6.39221859 -68.16643524
10 14.53418541 -72.47201538
10 -21.28660011 -13.66655159
10 -75.45713043 111.9006653
10 -58.47675323 109.9396057
10 -50.91176605 95.27848053
10 37.30378723 104.7584991
10 -126.2895355 76.92700195
10 -63.26150131 87.2003479
10 -106.7065659 -190.3385468
10 -127.4897461 -91.18042755
10 33.00351715 -85.13658905
10 -24.19303894 -34.12479782
10 -79.83010864 -67.14584351
10 -91.63400269 102.0154495
10 -124.407074 80.14768982
10 35.63156891 96.5858078
10 -183.5809631 79.40388489
10 -117.4225159 75.39548492
10 -55.32584 110.4498367
10 -20.57469749 74.58532715
10 -145.2591858 -228.9849396
10 -123.7229538 -186.3629608
10 90.42974854 -105.1016312
10 -48.5384407 -64.05684662
10 -92.07946777 83.54683685
10 7.087284088 121.0777588
10 -60.37729645 98.02523041
10 -93.43733978 -183.5344696
10 -180.9128265 -193.3138885
10 -64.91323853 -90.04086304
10 -15.01086807 -131.8714905
10 -55.55788422 -175.5555878
10 -59.67176437 -86.02706146
10 -12.59273624 -127.3295975
10 -69.93008423 -165.7683105
10 -79.86414337 -132.5747986
10 9.593949318 -132.4906311
11 -155.6820374 -58.81118011
11 -164.8911285 -48.71408081
11 -187.2447815 -85.40986633
11 -108.0182495 -21.34312057
11 -164.8247223 -81.79885101
11 -197.0362396 -35.88191605
11 -29.75929642 -10.09325314
11 -152.2647247 -2.572996616
11 -92.21086884 -93.38883972
11 -193.296463 -85.95288849
11 -238.2027435 -25.75806618
11 -202.0381622 -66.141922
11 -58.81761169 17.28238869
11 30.40914154 -4.255207062
11 47.8883934 12.73639774
11 -154.7491913 27.88878822
11 5.521440983 -77.73648834
11 -107.8508987 -95.46508789
11 -215.2525635 -109.5789261
11 146.9811401 19.21701241
11 -123.9143295 39.49504471
11 -120.3911209 36.79037857
11 -56.43247604 -118.5412827
11 -264.41745 -121.8739166
11 -268.5455017 -109.2947464
11 -228.3094635 -104.1742401
11 -212.4620361 -107.4333496
11 -187.5666351 -89.7142868
11 239.7386169 31.52179337
11 232.4631042 22.31374741
11 -118.7804184 43.76362228
11 -171.05513 15.33596516
11 -99.27753448 42.43133545
11 -229.9135284 -116.3807983
11 -244.2049255 -118.8995743
11 -174.9884491 -86.54174042
11 -132.7184296 -53.74720764
11 308.6144714 71.4129715
11 345.2624817 64.99227905
11 -168.2376862 -1.303281188
11 -278.2423401 -140.0513458
11 -183.811615 -51.33969498
11 -63.66647339 -36.3768425
11 423.2930908 109.0538635
11 349.8452759 64.76078796
11 -219.9944153 -60.68962479
11 -0.0178892538 10.82756138
11 469.8096313 147.3255005
11 444.4618835 132.9068298
11 -223.9004517 -60.28588867
11 61.14728546 71.61122894
11 510.8659058 161.2412872
11 460.5045471 161.3743744
11 -203.3321533 -52.88261414
11 -215.0296936 -59.8621254
11 93.33640289 75.23202515
11 149.4240112 92.236763
11 119.4759445 75.11257935
11 609.8466187 213.9045715
11 493.5292358 180.0216522
11 498.3904419 183.0630341
11 468.6042175 185.8070679
11 101.9363098 82.63442993
12 -123.9294586 135.6331482
12 -101.3719635 122.8602524
12 -79.06223297 92.51718903
12 -82.84922028 75.84875488
12 -63.19178772 119.510582
12 -23.03765869 58.60622406
12 -56.28196716 130.7160339
12 -15.92957211 70.75785828
12 43.98247528 55.49600983
12 8.377326965 56.454319
12 97.03225708 29.7609272
12 31.44049454 40.76590729
12 2.461762667 16.95862007
12 143.9892426 17.119133
12 79.44572449 67.95832062
12 -12.29128361 17.00849342
12 -19.1320591 -8.222605705
12 -8.747917175 -2.354252577
12 194.9973755 28.70011139
12 107.2181854 59.45053482
12 101.2761078 93.55069733
12 -42.9528656 -52.15912247
12 166.0155792 38.29798508
12 97.51992798 49.87342072
12 108.862236 44.77616882
12 91.54602051 54.37842941
12 103.9208908 65.17022705
12 114.6959229 103.0777435
12 -77.8460083 -136.078537
12 11.2969532 -3.718114138
12 -104.8984604 -61.41674805
12 -3.807129383 -2.98829031
12 101.5616989 78.66030121
12 99.69697571 71.22740173
12 84.45648193 52.461689
12 -97.83281708 -187.0204163
12 -127.0919037 -153.8224792
12 9.300515175 29.658041
12 78.39328766 30.2788353
12 -159.5668793 -69.73390198
12 2.118255377 -23.0288868
12 169.1147614 126.1688156
12 181.950119 10.0623827
12 -86.11154175 -227.0590057
12 -146.7381744 -149.3688507
12 -151.3353271 8.393974304
12 161.7694855 36.00681686
12 -205.7687531 -91.03017426
12 -6.951211452 -37.23942947
12 276.5592041 30.57151794
12 -123.7054214 -241.1261444
12 -148.9044342 -157.6104431
12 -128.3678741 -128.6697693
12 -168.571167 -227.5681763
12 -184.768631 1.72160399
12 -179.6559296 24.72019196
12 211.6830597 31.42371941
12 -223.1103973 -111.6473236
12 -62.02232361 -52.57539368
12 294.9723816 53.8940239
12 292.1231689 14.12098789
12 -131.3186798 -54.98049164
12 -220.0523529 -21.72851753
12 -213.6261749 23.78151131
12 -199.7440491 4.952381134
12 -205.6200562 -112.4836655
12 364.0700378 76.28894806
12 269.7425842 9.915500641
12 332.508667 30.11569786
12 -249.6685791 -40.66309357
12 -198.2367554 -35.37751389
13 335.6434631 146.1458893
13 323.3441162 139.9069519
13 356.9282837 166.5614014
13 274.0839233 95.029953
13 219.1656342 90.87424469
13 175.9172516 71.99243164
13 174.627182 61.84483337
13 167.8471222 49.11315918
13 132.6890564 24.69589043
13 194.8492737 41.77291107
13 91.50080109 -62.74285507
13 106.9024582 30.04079819
13 75.09963226 53.57164764
13 67.44839478 -74.9174118
13 53.35758209 -147.5253754
13 104.2543488 50.90512848
13 48.28516388 72.33656311
13 51.69062042 66.30124664
13 47.8190155 -174.3862305
13 17.5630722 -176.485321
13 -20.21177483 -150.3748932
13 11.64466095 -203.78862
13 -33.28386307 -143.2853699
13 -50.50579453 -127.6714096
13 -14.42517757 -155.1973267
13 -59.35488892 -150.6779022
13 58.66277313 -259.3203735
13 -44.10803986 -115.0055084
13 -115.7378845 -139.1166687
13 8.095270157 -296.8155518
13 -23.36657715 -81.77462769
13 -146.4116974 -138.2325439
13 -121.7722931 -142.3616028
13 73.61795044 -324.7142639
13 -106.645546 -74.71042633
13 68.1938858 -356.7432556
13 -98.86643219 13.6568861
13 -149.8654022 -112.2187653
13 90.44768524 -362.3493958
13 -115.4197388 1.120806575
13 -114.6953201 60.16524124
13 -167.6005707 -2.226538658
13 -141.9170227 94.44086456
13 -85.49046326 25.97906876
13 -240.1797638 -29.51203156
13 -169.7210693 128.0957489
13 -66.76198578 49.38935852
13 -52.85769272 74.30505371
13 -82.19354248 215.1427765
13 -218.8838654 122.3841476
13 -216.1884308 138.3356018
13 -75.67129517 101.4622574
13 -51.38378906 119.1285248
13 -55.74875259 67.94682312
13 -80.80924988 274.5531006
13 -62.29026794 162.6529083
13 -26.68938637 105.7740326
13 -29.22745705 144.7112732
13 -66.24398804 265.1461792
13 -50.33725739 177.667923
13 -84.1587677 175.7361145
13 -3.852247238 147.8111267
13 -86.80117035 175.455719
14 -124.7303467 -159.9072113
14 -117.5280685 -147.2244415
14 -77.53129578 -170.073761
14 -169.2879333 -169.2735443
14 -114.4204788 -176.5227661
14 -129.1833954 -120.3011475
14 -108.6309967 -131.4487915
14 -74.10295105 -177.8515167
14 -185.4095917 -187.6794586
14 -57.73927307 -141.4920197
14 -182.279129 -173.6185303
14 -41.60151672 -146.0520325
14 95.50965118 -40.07965851
14 -104.4043808 -118.5248566
14 93.4985733 -2.204023123
14 107.96241 -37.69229126
14 169.6054535 15.71347046
14 235.0673523 65.40485382
14 87.74477386 31.48875237
14 278.3451233 119.2103424
14 286.3448181 100.7100983
14 69.74848938 36.27075958
14 370.9084473 177.254425
14 266.2424011 117.8215256
14 87.91561127 31.22634506
14 6.645412445 22.52832222
14 81.79355621 69.60374451
14 279.0621033 131.940033
14 247.5414734 127.6250229
14 155.5549927 77.62081146
14 96.25585175 -8.399376869
14 67.79866028 53.2523613
14 -71.37510681 20.45199966
14 147.5185089 92.50646973
14 225.7092133 121.2944946
14 213.1480865 114.2646484
14 121.1766663 -16.20596886
14 32.86290741 -21.10318184
14 86.11986542 71.02561188
14 -127.9717636 21.22723198
14 182.2385406 105.5836182
14 271.329071 128.7883148
14 247.1949921 143.5784149
14 -9.155845642 -45.1951561
14 -153.7218628 23.57510757
14 294.1206055 169.201355
14 -125.4460297 -85.19823456
14 19.28956985 -49.4860611
14 -177.0513763 49.25682831
14 -208.1710968 77.02259827
14 -147.3909607 -33.13661957
14 353.5884705 187.3718262
14 -139.1364441 -120.9482117
14 -175.5319214 -170.9659576
14 73.8428421 -64.13729095
14 27.80569839 -65.27549744
14 -181.3899231 82.1660614
14 -233.1192627 74.39573669
14 -171.3435822 110.3285446
14 390.1497192 230.2707367
14 -171.5354614 -165.0969238
14 -210.799118 -171.2587585
14 -139.9821167 -209.0107269
14 111.3794479 -74.49920654
14 43.86128998 -83.50450134
14 60.24721909 -86.4577179
14 -223.8785706 83.83815765
14 -154.7066803 99.01416779
14 -230.1861725 91.14209747
14 -147.0237732 129.5898438
14 -125.1635971 120.5530243
14 -176.9437103 122.1053314
14 387.7304382 232.426651
14 -171.6395569 -181.1763306
14 -324.3388977 -254.5082855
14 -218.233551 -268.3267822
14 101.9086914 -128.8183289
14 -278.5023193 103.8730392
14 -144.5018158 153.2239075
14 -211.5039368 133.0522003
14 -138.1732483 133.8565826
15 96.62593842 43.82131577
15 129.6459045 37.80775452
15 74.36412811 21.53354645
15 115.2230988 43.62218094
15 109.6544571 56.7085495
15 53.7722435 4.003102303
15 49.71720123 44.04988098
15 43.74265289 27.76611137
15 164.3986969 113.2039795
15 126.258461 24.97486877
15 154.0605621 -37.38795471
15 16.4355011 -15.11459923
15 98.45256042 73.6661377
15 -63.35050201 27.43192291
15 -49.88924789 21.91106796
15 28.22651291 -5.887387753
15 181.9843597 115.528038
15 139.7746124 101.6285934
15 200.6610107 88.95632935
15 111.1128922 -30.82385254
15 180.312912 36.8492775
15 238.3878937 -37.01274109
15 148.7151794 -37.6856575
15 0.6789277792 -25.16628647
15 -57.82147598 17.69325066
15 -143.2286987 9.910801888
15 -20.135149 40.07301331
15 -84.72450256 -16.51006508
15 5.258247375 1.327306986
15 39.49354553 -17.80556488
15 173.2185211 85.54404449
15 245.2509766 121.8050537
15 205.22612 -22.79156685
15 196.3416901 37.85983658
15 211.7171326 61.66598511
15 -87.59489441 -65.3344574
15 145.6133423 -33.05535507
15 -91.0639801 -17.56311989
15 -132.6258087 -2.759938955
15 -238.2473145 9.319796562
15 -32.35477066 -5.337218761
15 21.21695709 -9.891819
15 136.0240479 117.9686813
15 207.3954163 -55.84363556
15 246.3823395 -26.32787132
15 221.313385 30.32435226
15 -183.9482574 -86.80651855
15 -134.5867004 -52.539505
15 176.3942566 -34.52804565
15 -111.3628235 -55.57038116
15 -115.6412735 -33.56038284
15 -76.22453308 14.7068634
15 -132.166153 -27.48871422
15 -261.6499634 -0.8611825109
15 -208.8683777 33.86394882
15 -250.9092712 13.49507618
15 -52.08816147 -11.30617428
15 -187.2714081 -100.9094009
15 -223.8603973 -95.06998444
15 -226.8034973 -105.3683701
15 -249.0705566 -118.6370544
15 -204.2620697 -99.13069153
15 -154.4654846 -64.12466431
15 -72.81269836 -24.00270653
15 -202.9223328 -78.01685333
15 -103.5783386 -0.4125550985
15 -100.2385788 0.173666358
15 -160.577301 -26.27319145
15 -39.0466423 31.19838524
15 -152.8248291 -20.87973213
15 -86.8355484 -12.60736179
16 -214.5423889 -84.49760437
16 -169.287262 -67.56820679
16 -95.31986237 -67.58383179
16 -168.742981 -63.62605667
16 -155.51828 -97.11090088
16 -159.4269714 -48.40818024
16 55.03628922 -40.83778381
16 -131.1633453 -131.036087
16 -200.1786652 -24.04162979
16 -189.4029388 -50.90205383
16 195.7283173 -1.107328415
16 -69.63106537 -155.3586273
16 -173.2829132 -135.0116425
16 -219.8327942 -11.53834629
16 312.7675476 42.56595993
16 219.6478119 -0.7444318533
16 35.20528412 -175.118103
16 -203.4024963 -138.9490356
16 -210.678421 4.752532482
16 339.5431213 60.05747223
16 388.5924072 57.87961197
16 133.8114319 -145.154068
16 -134.246048 -1.819560647
16 -194.937439 8.360456467
16 357.6711121 42.25370407
16 391.0401611 79.26020813
16 368.7110291 45.2243576
16 414.6584473 64.25054932
16 260.9203186 -164.6476135
16 -89.28471375 -11.91889668
16 -226.2793121 17.94251823
16 -155.812973 46.63920593
16 401.738678 67.03057861
16 395.447876 87.21760559
16 310.2374573 -141.007309
16 -122.198494 35.04150772
16 -48.68297958 -41.13180542
16 -36.36525345 69.58336639
16 402.7422485 44.69343948
16 354.4930725 -105.6667023
16 -137.3184967 95.08920288
16 -71.11904907 43.88894272
16 -158.7454529 25.64858246
16 -11.05816555 15.89546585
16 -16.98980331 -40.23403931
16 -49.19794083 79.20927429
16 -45.37692261 65.14393616
16 -143.8269043 82.76202393
16 -66.76212311 44.98135757
16 -129.1836395 94.55784607
16 -17.74378395 29.0575428
16 -189.7246094 31.54816246
16 -84.34455109 -54.20339203
16 -47.24479675 89.06745911
16 -154.6745148 118.7469482
16 -30.30403328 66.11429596
16 -196.8327637 14.36893368
16 -105.5730515 -88.94760132
16 -40.31532669 110.2108841
16 16.8700676 96.16913605
16 -211.6315308 157.0463257
16 -78.67678833 55.91162109
17 -88.70489502 -107.5175934
17 -36.89188004 -75.44133759
17 -91.18497467 -105.7542877
17 -108.9586716 -106.2383194
17 -5.760658264 -75.15448761
17 -73.13846588 -63.56082153
17 -128.9422455 -120.8235245
17 -34.57077026 -53.78538513
17 39.02016449 -24.87854576
17 83.51870728 -101.2218399
17 -105.8638535 -54.20711899
17 -70.74411011 -44.75706863
17 -87.08139038 -39.89687729
17 -34.59727097 -36.92145538
17 48.45458221 -8.428292274
17 115.5308838 -133.2848206
17 145.0435028 -101.6454468
17 -109.3607254 -29.60293579
17 -68.9541626 -46.70121002
17 -41.73832703 -22.07513809
17 -0.4751431942 -23.75829697
17 86.82050323 -7.301131248
17 57.25339127 3.517751455
17 102.8516312 -139.7988434
17 163.4246368 -107.7312698
17 -114.927063 -60.74177933
17 -91.42421722 -36.26186752
17 -78.16574097 -48.87207794
17 11.6495266 -3.46205163
17 45.73438644 38.21564484
17 -5.864616394 7.782771111
17 53.43762207 48.61751938
17 25.87572098 19.96500587
17 -8.038869858 9.17965126
17 16.0459156 41.99987793
17 47.85416412 65.1558609
17 10.7221508 7.342042923
17 47.86463165 77.66928101
17 48.24253464 105.7025757
17 -11.78530788 56.07080078
17 53.31599426 49.12868118
17 38.59687805 2.698745012
17 39.34422684 106.3342667
17 -95.23767853 44.27947998
17 23.42826653 11.2024889
17 -8.40632534 124.0840988
17 -177.7628937 19.0751152
17 -21.28474998 20.34673882
17 -48.58499527 133.1851044
17 -31.35614395 124.383522
17 -162.7407227 20.17995071
17 -1.795271993 22.93412971
17 -79.27664185 30.97538757
17 -119.7750549 29.14518929
17 -16.22620392 18.78145218
17 -101.806572 41.7467308
17 55.52447128 45.79465866
17 -55.44800568 80.52501678
17 -194.7982025 -14.64833832
17 -55.14754486 100.3127518
17 106.932579 60.90660477
17 117.1455612 0.379262805
17 9.764224052 72.90688324
17 -156.8625641 132.4926605
17 -25.23221207 79.66686249
17 -280.5519409 -73.85144043
17 164.2161255 73.31682587
17 171.0651398 -19.71244621
17 -213.7230682 137.1220245
17 -63.13340378 84.65988159
17 -295.5032959 -118.9031906
17 186.0092316 94.85727692
17 212.3175507 -53.33604813
17 212.7115784 -4.392957211
17 -256.9365234 183.3009186
17 -305.8510437 -125.1495132
17 -387.8949585 -160.401413
17 226.7346802 110.0177231
17 244.2362823 -46.95755386
17 285.1664124 8.673190117
17 278.5516052 -54.13924026
17 321.4502563 3.333987474
17 310.6680298 -62.13030624
17 345.9858398 -34.51994705
18 188.2612915 20.64435387
18 244.1587677 23.83825493
18 203.7980652 43.00119019
18 221.1046295 49.080513
18 49.02743912 1.437656522
18 306.2209778 -34.03132629
18 214.3308563 44.68850708
18 170.9488831 28.25420189
18 196.3603821 65.16829681
18 18.09378815 21.03403664
18 15.1071701 -27.77617455
18 218.4048462 78.084198
18 -12.31667519 22.32089996
18 -8.241891861 22.52121162
18 37.89413834 16.59928513
18 -43.58485031 -37.01848602
18 14.71092129 -58.73408508
18 -17.64668274 16.66745949
18 -58.14567566 19.74204826
18 42.6006012 30.57491112
18 34.35358047 46.03486252
18 -31.82921791 -25.53087044
18 -22.36768723 -24.67703629
18 -57.45733261 -57.46171188
18 -42.97859955 -58.53435898
18 -34.58229065 -3.251629829
18 71.15742493 21.24121284
18 57.65278244 59.49903107
18 -42.87129593 -40.55486298
18 -61.7338028 -60.76715088
18 -35.71588516 -8.999614716
18 12.18526459 12.20203781
18 -94.27218628 -66.93567657
18 -71.84050751 -62.01250076
18 -58.80226517 -64.84194946
18 -25.99312019 32.83927155
18 97.84457397 32.29335403
18 93.83028412 89.57930756
18 57.11305618 53.51011276
18 -26.95655632 -52.85678482
18 -65.16812897 -90.71825409
18 -91.48992157 -93.77120209
18 -119.1576462 10.8982954
18 -49.13293076 71.94089508
18 86.91993713 21.14220428
18 -147.98172 -101.0167847
18 -66.37826538 -69.66754913
18 -73.45162201 -70.16951752
18 -45.57875824 40.59590149
18 127.7594299 -0.5709572434
18 141.272522 72.99990845
18 -16.39720535 68.49759674
18 -57.47900009 -54.24798203
18 -54.40913773 -76.0975647
18 -69.09311676 -106.5995483
18 -168.8767548 -113.2603302
18 -55.16880798 -77.56858826
18 -46.41259766 -84.59612274
18 -109.1418839 75.61336517
18 188.8588104 67.46740723
18 -34.0453949 25.5427494
18 -51.9583931 99.78940582
18 -22.88759232 -32.34532928
18 -89.46219635 25.74738503
18 -61.1317215 131.2693329
18 32.44563675 -58.14055634
18 -122.9599457 29.13608742
18 -86.25487518 116.394783
18 -74.41392517 137.2640686
18 55.73395538 -98.15397644
18 -35.63301849 -87.46178436
18 -125.4494629 69.61232758
18 -167.2263031 33.10800552
18 -121.7966614 134.7730713
18 143.7508545 -116.7961578
18 -55.94613647 -103.5901947
18 -116.9082794 104.9825897
18 -228.8615265 30.9267292
18 211.6149597 -117.2084503
18 -81.85273743 -124.9449539
18 -94.07339478 142.3517609
19 -1.781556845 96.70799255
19 -0.7015490532 90.38497925
19 22.14323807 68.75666046
19 15.10397816 134.0041962
19 60.63606262 35.45913315
19 30.4263401 58.7797966
19 90.5260849 185.8889771
19 -52.51776886 119.0503998
19 46.87869644 20.94050026
19 70.13217163 53.47343063
19 -54.48568726 1.755161524
19 32.7106514 20.99876595
19 104.821785 56.5909996
19 42.70649338 51.63444901
19 155.4291077 216.8854523
19 14.86453533 3.727950573
19 81.0705719 60.79793167
19 -70.77080536 2.264728785
19 14.74457359 26.08518982
19 105.7287521 286.3527222
19 173.2042847 210.8762512
19 0.3286265433 -16.29351616
19 71.32842255 54.86880493
19 -101.6804199 -15.05338669
19 121.6677551 181.7857361
19 12.57060242 -5.749031544
19 -12.51369381 -31.98938179
19 51.82311249 70.12587738
19 -77.35995483 -29.44959068
19 -130.0847015 -78.67061615
19 122.5332413 181.5736084
19 15.37514496 -16.521698
19 41.09309387 11.78449917
19 4.325737476 -31.61487579
19 -21.41591263 -33.3169899
19 15.26419544 -59.85737991
19 87.8003006 94.45352936
19 40.30884552 54.97904587
19 40.69902802 36.84625626
19 -7.736444473 -36.87322235
19 -21.78485107 -85.59405518
19 3.139285326 -85.1088028
19 5.97271347 -79.49620056
19 11.12987709 -14.23398209
19 -12.05325508 -57.46715164
19 -11.46648407 -119.6880646
19 -24.61522675 -92.70706177
19 47.04658127 -95.68102264
19 -4.189885616 -49.17649841
19 1.691666365 5.68817997
19 17.18424606 -12.09418583
19 -27.45693207 -63.67056656
19 -59.09389114 -63.87613297
19 -59.74716187 -123.702446
19 -125.408783 -107.4028015
19 5.746872425 -14.46534538
19 -25.63882065 52.97759628
19 40.37963867 -1.628289342
19 20.20441628 -19.15872002
19 -107.1846161 -67.1035614
19 -91.20400238 -120.3515015
19 -151.4051361 -117.9769592
19 -141.4121094 -111.5759125
19 -192.5615082 -73.73329163
19 -6.163736343 27.50700951
19 -4.261187077 -4.694566727
19 -38.59402847 82.2269516
19 -13.34250736 37.76995468
19 35.55461884 0.3856131434
19 19.96634293 -70.16709137
19 -80.95679474 -79.08200073
19 -69.64876556 99.60617828
19 14.80095959 20.2198925
19 8.102176666 -76.54592896
19 -6.414875031 -120.2276688
19 -35.02376556 -107.3076019
19 28.35299301 9.354000092
19 13.45893764 -96.85645294
19 -8.71243763 -136.7881012
19 -79.51386261 -96.55090332
19 -50.15396118 -7.126582623
19 20.08153152 -96.93930817
20 -162.2296295 -32.85099792
20 -27.09745789 -29.52359009
20 -199.2561798 -29.06306458
20 -195.9090576 -45.15002823
20 54.20920181 -43.24865341
20 -131.9934845 -17.68739319
20 29.98081589 -67.74819946
20 -77.54061127 4.30918169
20 -178.644165 -10.08034992
20 -96.12236786 7.070922375
20 55.28928757 -87.07802582
20 -5.46481514 -82.26586914
20 -64.51390076 13.03683376
20 -85.74655914 -60.21429825
20 -76.78873444 94.94115448
20 -20.51980782 -112.9086838
20 -86.1816864 -157.3898773
20 -20.26831627 -79.76941681
20 -142.2478638 -80.5200882
20 -98.82463837 135.8885498
20 4.821008205 118.3111877
20 -97.99333954 -155.0561981
20 -90.48972321 -195.0197754
20 -97.24777222 -136.5532227
20 -71.70609283 -113.1804962
20 -99.28900146 131.050354
20 -97.97938538 159.4374847
20 -139.1345978 128.6242065
20 43.87381363 138.5101776
20 108.8150711 113.2323303
20 -146.0023346 -156.071701
20 -103.939888 -187.6778717
20 -131.8639832 -192.6959839
20 -88.8779068 -111.3224716
20 -123.3354568 -160.6486511
20 -70.49866486 144.0154266
20 63.16889191 152.220047
20 174.0751648 113.435112
20 -164.4185181 -224.2180634
20 -127.8914261 -153.8236389
20 148.8930359 150.6931152
20 36.02867126 164.6941986
20 253.0370483 108.458313
20 -247.4642944 -274.4105835
20 -134.2787628 -176.3707275
20 193.4175262 133.5899658
20 -61.93193817 137.9920502
20 246.4951324 83.48558044
20 295.2120667 99.57152557
20 -289.4779663 -308.3883057
20 -169.790451 -180.8383179
20 235.8435364 114.4003067
20 241.4920044 140.3257294
20 -91.33026123 140.0523224
20 -145.6558838 95.39532471
20 262.8470764 76.87276459
20 271.6459351 76.12770844
20 281.7972412 133.0957031
20 295.1219177 81.99721527
20 -275.8556519 -311.0679626
20 -328.0614014 -309.151886
20 297.9406738 122.1277695
20 239.0996094 98.7759552
20 277.9960022 184.2444458
20 252.7739563 146.8519287
20 -95.0899353 135.4692993
20 -96.92262268 156.5153656
20 -113.9434738 151.0956116
20 292.081543 79.68585968
20 381.455719 151.2562408
20 303.4499512 150.5042419
20 306.519989 32.53828812
20 -277.5621338 -317.9051208
21 11.32546234 -119.3225555
21 34.52542877 -106.3123627
21 26.05770493 -138.0237732
21 29.85401726 -21.59644508
21 29.19523811 -77.46276093
21 54.0544014 45.20733261
21 -28.12090874 -3.941277027
21 6.999018669 -61.4570694
21 53.82345963 -82.71445465
21 27.1699028 75.61004639
21 26.06017685 11.21852016
21 -30.00331688 29.6994915
21 -36.36075974 17.48823166
21 -34.9430275 35.77290726
21 -10.78267574 -136.0834198
21 16.17750168 35.73343277
21 18.33097839 56.2816124
21 4.799778461 -23.59843445
21 -26.04115105 37.3195076
21 6.302328587 78.11470032
21 -20.37331963 30.72147751
21 1.83427 55.12041855
21 -29.61369896 -177.7338257
21 13.94684887 25.78316879
21 -82.99658203 47.54115295
21 6.631986618 76.54917145
21 -71.50410461 -23.54226494
21 39.89665604 -50.46282959
21 -39.83590317 98.50204468
21 56.30286407 36.52589035
21 -3.883801937 36.99240875
21 -25.262537 65.98023224
21 -8.085763931 71.82594299
21 -8.164396286 -215.7294464
21 -2.151668072 59.05231094
21 -16.45571899 56.54324722
21 59.39915466 12.67904568
21 -38.88446045 65.85438538
21 -107.52005 85.91316986
21 -118.1612244 46.42028046
21 16.04443359 120.7394485
21 18.46880722 98.52933502
21 41.90843201 14.93272877
21 -8.488474846 -70.96911621
21 -99.16477203 42.17156601
21 3.965513229 155.279129
21 61.56919861 27.54019547
21 22.45487213 8.138058662
21 81.76290894 120.6429367
21 -19.98566628 75.21992493
21 32.63959122 -205.7589417
21 26.26644135 -215.396637
21 1.233345985 -225.5559235
21 -41.97882843 -240.5979919
21 -1.374156237 60.87359238
21 61.92962265 150.3039246
21 19.20672798 27.43850136
22 85.34088135 56.24702835
22 163.6057129 19.77230072
22 81.61340332 43.5853157
22 3.491909981 49.95415878
22 194.8535614 -21.27154922
22 27.6735363 26.99798393
22 -43.8514061 33.44089508
22 -9.036812782 76.30023956
22 16.17115974 62.54375839
22 238.3907776 -13.10894775
22 -15.42329693 -13.86037064
22 -24.02474213 -7.682407379
22 -69.87908173 95.46207428
22 -12.46052837 90.30866241
22 -44.38547516 33.36819839
22 46.08758926 73.08409882
22 227.8375854 -59.15750122
22 -66.2470932 -54.40946198
22 -77.08367157 -41.3951149
22 -81.72486877 112.857811
22 15.52239609 105.7603912
22 15.77915573 96.10944366
22 -61.73844147 20.52815247
22 -113.8372726 -62.33366394
22 131.6258545 108.9166565
22 -91.10210419 -77.22766876
22 -76.87708282 -39.67982864
22 -108.4679413 146.9019318
22 131.5324249 140.3162994
22 30.90028191 93.76107025
22 91.22930908 109.2861404
22 125.1864014 124.8979111
22 -75.93315125 -38.18345261
22 -114.3735046 -144.2770081
22 -72.79878235 -76.33977509
22 -89.67736816 -77.48853302
22 -100.4582901 -42.53751373
22 154.4083099 163.5481262
22 171.9135132 149.9867554
22 18.95823097 66.61898041
22 18.47013474 82.97983551
22 -96.76655579 -118.1510544
22 -50.69619751 -71.35201263
22 -92.72967529 -172.2640686
22 -78.67980194 -96.70548248
22 -141.1765137 -125.6085205
22 -110.564537 -44.45068741
22 279.8661804 200.6919403
22 133.0374756 162.899292
22 -146.8183746 -150.6741943
22 -150.1135864 -137.5830841
22 -97.91566467 -106.4705429
22 -68.78018951 -64.76376343
22 -87.05439758 -197.230011
22 -138.3053131 -238.7556152
22 -50.8393631 -126.4363098
22 -155.0715485 -127.3798523
22 -139.3690491 -119.7876968
22 -142.9012604 -103.3813248
22 248.6030273 184.5310669
22 267.6309509 200.7376404
22 -151.7635345 -249.7382965
22 -113.06987 -254.549118
22 -153.9791107 -64.99310303
22 241.8762512 172.3722229
22 290.9889526 190.315918
22 230.5083618 205.2749023
22 -155.7851868 -246.9116821
22 -162.2091064 -37.49895859
22 -163.4279633 -65.2215271
22 314.2946472 188.502243
23 -94.67063904 48.94779205
23 -35.62572098 26.82229042
23 25.95721436 4.742689133
23 28.37499237 -8.480210304
23 75.96413422 -72.03257751
24 202.0336456 74.22315216
24 139.4273529 85.13858032
24 203.2341156 52.36209106
24 18.54793549 53.87832642
24 217.7813416 111.9318008
24 217.1937714 83.19356537
24 191.3694 64.91121674
24 199.2362518 8.479927063
24 -109.1732178 60.04706192
24 307.8812256 48.6234436
24 262.6399841 122.5442276
24 253.3056183 6.409296036
24 260.460083 -1.408112764
24 87.30523682 -19.53141594
24 216.2252197 10.49121475
24 -143.3618317 46.47768021
24 -160.5970001 70.73308563
24 -130.9990692 65.52951813
24 326.8344116 24.61840439
24 242.7639923 70.47613525
24 271.1986389 -4.665995598
24 97.9408493 -20.32015991
24 279.3441772 25.3348217
24 46.27287292 -19.89385605
24 71.48840332 -30.0137043
24 -5.290148258 -42.98435593
24 -100.231041 67.14125061
24 -81.74806213 37.91292953
24 -203.3316803 12.02844524
24 309.2272034 104.7807999
24 243.89534 41.92177582
24 24.25763702 -38.43952942
24 329.5856323 46.73646164
24 33.67346191 -23.05955505
24 -53.56603622 -54.10409927
24 169.8289032 -19.19306564
24 -97.27444458 -38.59143829
24 4.586932659 -41.20389938
24 -135.9970551 56.61711121
24 -66.38704681 0.02303370275
24 -84.69406891 29.55850983
24 215.7625885 10.37279892
24 -34.45928574 -38.62866211
24 -120.4499359 -53.13682938
24 -125.2672119 -38.74066162
24 -165.1430359 -41.28507233
24 0.3774770498 -52.42305374
24 -159.5771942 61.62786865
24 -189.1987762 66.61499786
24 208.6040649 4.739168644
24 185.5983276 -0.5170010328
24 -27.01588631 -67.76318359
24 45.36514282 -44.31569672
24 -140.2842865 -63.61709976
24 -151.3350525 -43.30758286
24 -144.9330597 -32.33784103
24 -144.8128357 -39.52362061
24 -139.0511932 -47.26768875
24 -124.436142 -44.62541199
24 -152.201416 -50.36720657
24 -157.4458771 -59.01910019
24 -151.5178833 -55.71826172
24 -169.1861115 -56.96899796
24 -158.4696198 -1.090039611
24 -138.4938812 -46.47782516
24 -158.1971283 -30.01700592
24 -140.913208 -46.67020416
24 -212.0216827 -44.16398239
24 -129.3438568 -45.55786896
24 -165.468277 -102.5647964
24 -128.5444336 23.52163315
24 -202.1699524 -105.2425232
24 -59.13979721 4.502619743
24 -186.7631683 -147.802536
24 -156.6200714 30.9420166
24 -195.0703888 30.22988892
24 -183.0661469 37.88419342
25 22.1213913 14.96765995
25 56.27404022 -0.6177607179
25 -23.71282768 16.73926353
25 55.68118286 24.13487053
25 89.03468323 5.472790241
25 71.34608459 -11.90247059
25 -76.41152954 14.02531624
25 -46.99749374 29.45529175
25 137.2691803 8.021409988
25 24.95563126 -31.27298164
25 -119.0002975 13.12609577
25 -19.51424789 66.27762604
25 109.8157272 -42.71675491
25 107.9968719 40.74866104
25 117.3546066 4.504871368
25 -0.7757541537 -41.03471375
25 -156.4139252 8.786074638
25 -8.959531784 68.86998749
25 -34.86309433 52.06350327
25 75.78921509 -47.38182068
25 107.1175919 -41.72765732
25 88.22843933 105.6352158
25 103.67379 12.88232803
25 23.27158165 -52.95542526
25 -35.90542221 -37.75308228
25 -9.556661606 73.82976532
25 -52.16890335 1.581438184
25 -2.346340179 129.2892151
25 74.35947418 -25.65104485
25 48.17789078 -49.01738739
25 133.7542725 -55.74922943
25 147.2085724 104.09758
25 85.51977539 120.8210373
25 191.9897461 67.07640076
25 65.20967102 7.588854313
25 -100.019722 -50.66078949
25 -16.43600082 -29.16028595
25 -19.753088 -38.29031754
25 76.09550476 94.38034821
25 -14.34241199 130.0577545
25 0.668114841 203.3889923
25 73.76864624 -18.86303329
25 13.10231781 -35.94596863
25 63.2113533 -51.65327835
25 31.87830162 3.122866869
25 -171.5152588 -67.84863281
25 -88.98946381 -77.6667099
25 8.978135109 -58.87278366
25 154.4100494 99.22638702
25 -10.65727234 237.1612549
25 0.7630495429 192.5865173
25 74.41921234 -22.20702934
25 -23.2274971 -22.57936668
25 -223.2747345 -99.53083801
25 -62.51019669 -45.87198639
25 -178.072113 -134.2445374
25 -0.2737990916 -51.93493271
25 -30.88998413 -49.03020859
25 55.57310104 -38.32766342
25 -12.21099377 -88.32894897
25 111.250145 118.4817581
25 191.3061523 83.45267487
25 10.21273518 -12.44108677
25 -248.0523376 -127.8722305
25 -230.8411407 -177.0555573
25 -207.4401093 -167.7835846
25 111.7516708 103.8548126
25 122.4195786 146.4126282
25 -258.0768738 -148.5684052
25 -325.640564 -257.7634277
25 -195.3656158 -201.588501
25 -162.6246185 -139.3609619
25 97.79531097 65.15718842
25 89.028862 92.23727417
25 126.1527252 125.1327744
25 117.2930069 179.5309448
25 -258.1299133 -151.0276794
25 -183.6549377 -214.0028381
25 65.12082672 45.78484726
25 77.93426514 108.5263977
25 -0.6579765677 -2.22872591
26 28.44315147 -71.5838089
26 -55.21815491 -78.49978638
26 114.0804977 -72.77292633
26 -89.81729126 -72.14669037
26 -85.01266479 -79.62440491
26 146.1452637 -67.43217468
26 -131.7572784 -78.98394775
26 219.6137695 -80.11916351
26 181.8782501 -106.5304413
26 -165.7591553 -92.78262329
26 -188.0432281 -125.2217255
26 -103.9310532 -41.76761627
26 248.9251862 -56.19106293
26 292.3982544 -124.3671646
26 -133.4403534 -91.6859436
26 -157.2956696 -109.3027344
26 -214.5649414 -146.1023254
26 -71.98402405 -2.734597683
26 249.6202698 -34.06101608
26 316.1292419 -140.666214
26 -155.9214783 -112.6321869
26 -67.98831177 41.20347977
26 249.2645264 1.315308094
26 297.0340881 -168.248703
26 373.5596924 -132.1443024
26 -63.0422287 82.58500671
26 384.4672852 -118.0338669
26 -111.0563736 103.7704239
26 27.61013031 138.3261719
26 358.5028687 -114.4540558
26 -100.6592484 136.4465942
26 102.5053101 223.2364197
26 381.7285461 -100.7162018
26 -100.4308472 126.1923904
26 136.041153 267.7460938
26 -76.75673676 105.5269089
26 -119.3081055 130.5018616
26 -160.6732178 126.6921539
26 213.0657806 308.736969
26 157.670929 276.5655212
26 193.8678741 313.660675
26 -47.58666992 71.18122101
26 -24.20157623 119.5901947
26 -29.69319344 62.00254059
26 -86.76680756 15.52349281
26 39.96677017 84.80472565
26 -120.5196991 10.07604504
26 -123.0756531 -28.3749752
26 -177.5421143 0.3615365624
26 81.76135254 94.03356934
26 -158.0418091 -17.67772675
26 -165.4298248 -23.28967667
26 -119.4067917 48.46540451
26 -149.9246368 -36.53759766
26 -167.6262512 -52.4492569
26 -229.855896 -58.92606354
26 -182.0105743 -52.75214767
26 -213.7656403 -85.09983826
26 -194.1128387 -41.66581726
26 -252.0600433 -72.96538544
27 279.0782166 107.0824432
27 277.7658997 81.08808136
27 389.832489 123.1600723
27 184.4188385 91.03260803
27 299.0381165 61.54738998
27 230.2269745 68.60310364
27 260.2678833 71.23842621
27 466.056488 179.3114777
27 72.57125854 36.31464005
27 155.3265839 70.09812164
27 342.5542603 137.5357513
27 139.1772766 39.41704559
27 256.6202087 9.583977699
27 206.3812103 43.63724899
27 472.5059814 187.5092773
27 -6.026330948 33.96604538
27 115.8107834 33.89240265
27 129.8539734 65.3315506
27 18.0788517 39.56284714
27 165.4747162 62.89609909
27 146.2098083 37.69452667
27 539.1870728 219.5852356
27 -48.13578415 5.488383293
27 23.89743423 26.56342125
27 86.08288574 62.95032883
27 187.4017029 124.3055496
27 -40.0390892 45.51439667
27 -27.03210258 -9.3863554
27 -50.4034462 26.20560074
27 -30.03385353 -12.96267796
27 -37.82962418 31.92308998
27 -35.0143013 -5.624058723
27 27.99019814 81.92211151
27 -35.42005157 -1.667108774
27 -33.18645859 -39.51344299
27 -22.15527344 33.27571106
27 -36.02396774 -24.24651337
27 -81.79356384 -29.96615219
27 -76.05136108 -16.37603951
27 2.50100112 64.85954285
27 -33.49633026 -18.88445473
27 -33.85115814 -6.544417858
27 -41.23683929 -52.3945961
27 -44.70779037 -60.43646622
27 -40.45663071 -56.13512802
27 -50.5667572 -42.25851059
27 -135.9467773 -56.80599594
27 -111.3126221 4.880298615
27 -24.60967636 -31.36779404
27 -6.584583759 -32.1045723
27 -6.727484226 -72.39612579
27 -102.3436203 -66.60742188
27 -36.65777588 -19.65246773
27 -156.1078491 -54.94499588
27 -103.8518066 12.38654423
27 4.704323292 23.21059227
27 30.73182869 -56.6816597
27 -52.12887192 -118.304451
27 -159.4003906 -65.99979401
27 -42.78281021 -17.77196312
27 -195.1131897 -54.60170746
27 -0.09832272679 46.7752037
27 76.27753448 -44.62069702
27 -60.68605042 -133.3824768
27 -204.0301208 -54.78939438
27 -190.9596558 -78.9519577
27 -226.4341431 -91.28141022
27 -229.32724 -94.59772491
27 -230.2612 -81.2212677
27 -272.1225281 -104.9491425
27 -225.6025085 -71.12596893
27 -180.0848846 -84.95965576
27 -292.9908447 -117.5339355
27 -236.6156158 -24.31212807
27 -343.4794617 -129.9420776
27 -211.9549408 9.666714668
27 -395.3713074 -140.9977417
27 -348.9774475 -123.7156067
28 -23.72094536 74.65805054
28 -23.23922157 46.12641907
28 -44.8023262 52.31899261
28 -38.76791382 48.68637848
28 -33.28976822 57.23646545
28 -37.08745575 54.01792908
28 -59.3191452 41.42476654
28 -35.97622681 49.95626068
28 -35.92525101 52.3067627
28 -31.22569847 40.61283493
28 13.20602703 75.81721497
28 -49.64007187 53.87965775
28 1.904231668 57.04785919
28 -47.66807175 11.26412296
28 -33.36935043 47.68253708
28 41.17871475 80.6182785
28 5.109374046 62.09995651
28 35.64540863 95.31606293
28 133.2364044 97.41445923
28 36.63641357 87.89211273
28 88.42020416 89.9340744
28 18.98756599 122.1519012
28 120.2457047 40.56555176
28 108.5643158 97.13983917
28 77.7301712 86.9046936
28 122.3748703 60.75814438
28 139.053421 105.0295334
28 98.41779327 -0.1954987496
28 82.88056183 100.0989838
28 109.2307434 87.96572113
28 51.13732529 91.10046387
28 48.31867218 -31.41900063
28 103.1555862 97.60999298
28 79.98522186 98.41716766
28 -21.09885025 56.04467773
28 81.16977692 102.8342056
28 -33.86172104 -68.14217377
28 158.8237762 91.24936676
28 91.71250153 113.8854904
28 -59.51540375 21.21840668
28 -86.20891571 -147.2962952
28 -73.72059631 -10.90108109
28 -3.676222801 -75.4168396
28 202.1957245 92.69316101
28 162.1106262 84.30821991
28 123.3421173 126.4618607
28 -78.1466217 34.84310913
28 -36.21134186 -113.7797852
28 -96.17290497 -194.5553131
28 -84.22003174 -184.347229
28 -123.3046722 12.47203636
28 224.9411926 94.67329407
28 -95.96121979 5.475572586
28 46.89167404 -74.37877655
28 -25.05970573 -100.1098022
28 -116.2830505 -204.1598206
28 -147.7248535 -244.7159424
28 -75.86077881 -170.7252655
28 -100.6061707 -184.0663452
28 -143.7517395 13.5130291
28 312.2756958 88.04858398
28 -116.529129 -4.980407238
28 -0.1178502142 -101.4531631
28 -119.6741333 -202.9873962
28 -143.6470032 -281.1896057
28 -139.7579193 -260.4320984
28 -56.18808746 -153.8730621
28 -113.4326324 -216.9833221
28 -154.1613159 -210.7937012
28 -179.9573517 35.12776184
29 101.5448303 54.67285538
29 110.5195236 60.8931427
29 76.3493042 14.80654335
29 100.1034241 92.20533752
29 115.0036469 46.9322052
29 120.325592 56.04209518
29 113.7297516 64.27239227
29 22.52613258 -29.47133636
29 90.62463379 131.7613373
29 142.9081879 34.97906113
29 106.9794312 35.08312225
29 140.7504272 61.76298523
29 129.834549 84.84407806
29 -22.69090462 -83.63156128
29 69.47602844 154.3705444
29 115.7406387 27.15056229
29 144.0553131 -0.6973235607
29 97.30846405 54.92002869
29 119.2473679 32.64949036
29 136.5740814 102.9904633
29 -85.90748596 -99.80039978
29 -50.18603134 -151.2163544
29 82.31581116 195.9462891
29 150.8845062 26.76339531
29 203.080719 33.60717392
29 107.3673859 -68.24537659
29 167.9165344 34.04043961
29 63.72273254 16.74736595
29 -133.0453339 -93.65633392
29 -51.11341476 -166.080658
29 159.15802 4.783382416
29 259.3956604 68.06239319
29 -10.85948944 -13.839118
29 -31.32709694 -183.5196075
29 -66.0586319 -230.0604706
29 -90.41430664 12.76621342
29 105.6936874 40.58377075
29 28.72741699 -2.088031292
29 -242.6216736 -45.56202316
29 -130.8052368 14.29485893
29 76.27407837 11.23888683
29 -163.3385315 -33.93972397
29 -356.7345276 -46.1435585
29 -142.6435394 32.67913055
29 41.33387375 11.54989052
29 138.7106628 39.9348526
29 -203.2445221 -62.31267929
29 -207.6106262 -93.17887115
29 -390.787262 -39.5330658
29 -388.2712097 -41.76967621
29 -193.6625366 37.75014877
29 118.9342041 -25.94069099
29 6.543925762 29.98545456
29 107.1990433 52.23032379
29 175.3407288 31.56113243
29 -268.2428284 -70.60824585
29 -426.2225647 -27.7792778
29 -389.5562744 -48.79686356
29 162.4462891 -29.60128593
29 119.0839996 -46.45358276
29 -27.83622551 45.33129501
29 -52.5615387 44.85615158
29 73.57170105 42.62247849
29 101.994545 41.75641251
29 150.5502472 35.92792511
29 -282.3142395 -83.90776825
29 -411.3415527 -25.61155891
29 -476.2104492 -18.99619865
29 184.2768707 -35.40016937
29 183.6264343 -28.71084404
29 109.4211273 -61.03068542
29 164.4365845 -27.77223587
30 -37.91104889 -132.3203125
30 -136.8661194 -234.7194366
30 58.58122253 -67.70502472
30 127.9545364 -45.69860458
30 135.9200134 -3.110232353
30 126.1852493 -28.55273438
30 137.1322021 0.8059241772
30 133.796936 -51.12850571
30 0.7640965581 -38.67623901
30 157.7910309 -35.01578522
30 142.7639923 -22.25997162
30 -75.26286316 -60.20030594
30 127.9169312 14.37694645
30 -147.9976807 -86.58481598
30 -113.4049683 -53.66670609
30 22.96411705 -30.85137367
30 71.02148438 15.30450439
30 -187.1967773 -63.87932968
30 -182.9856415 -84.84249115
30 -106.3739166 -24.55955696
30 22.73974037 32.99489975
30 -209.0275116 -29.65446472
30 -118.8796387 -63.05889511
30 -2.151657343 46.30764389
30 -232.2030182 -27.90325356
30 -263.7528381 -22.72983551
30 -159.3086853 -84.25790405
30 -53.96575928 51.62365341
30 -312.3830261 -15.96934795
30 -179.443512 -87.69025421
30 -283.5380249 -131.4718628
30 -200.5072479 -100.028595
30 -48.49169922 51.81414032
30 -45.90732574 49.6543808
30 -372.3816223 -33.44138718
30 -87.44308472 -21.04193115
30 -316.6019287 -126.6125565
30 -322.1708069 -135.6881104
30 -291.5532837 -130.7563934
30 -228.5333557 -96.2835083
30 -32.56420898 59.96547318
30 -9.104530334 12.01930237
30 -64.64347076 20.15422249
30 -346.587616 -119.376915
30 -239.4861145 -100.5029221
30 -21.64244843 56.08161926
30 45.18995285 14.6681633
30 -35.08255768 39.95518875
30 -373.9116821 -116.0346451
30 -78.6796875 74.22681427
30 79.97679901 15.22263145
30 -55.24150085 30.18990517
30 23.48147583 50.23960114
30 133.0526581 95.23917389
30 142.6780701 35.64718246
30 100.0211182 61.62100601
30 240.9286194 100.9290848
30 192.817688 32.53107452
30 155.6439514 48.98200226
30 123.0810394 60.88034821
30 221.6289368 99.41451263
30 282.8963013 108.9736404
30 245.1103516 103.7575531
30 228.1747742 71.51109314
30 161.6636963 69.72639465
30 157.7963409 71.96067047
30 277.0187683 109.9944382
30 349.0143433 128.4161835
30 186.9298553 78.3998642
30 170.6415405 85.20822906
30 224.4595032 86.70455933
30 342.7823181 138.8824921
30 263.7436218 129.5830994
30 182.7894592 66.60224915
30 176.1345978 85.70461273
31 20.21473122 -192.2599182
31 -4.67480278 -217.6209717
31 75.65935516 -180.5807037
31 -32.71936798 -226.900589
31 159.1582184 -99.00431824
31 45.89916992 -162.0400543
31 -90.0223465 -235.0733337
31 81.03476715 -168.4128113
31 134.8031921 -172.9421844
31 62.7098999 -138.4006958
31 242.6152649 -166.498291
31 132.901825 -160.266983
31 44.55506134 -101.079155
31 307.4193726 -146.79599
31 18.84580421 -75.46990204
31 366.1659241 -135.8504791
31 283.8359375 -160.0059204
31 -6.574654102 -70.72445679
31 -20.64535713 -90.77718353
31 396.2877808 -107.7154083
31 284.1397095 -139.6573486
31 -3.89226985 -41.41109085
31 469.687561 -117.4460144
31 277.9759521 -122.8460693
31 14.68938065 -11.51095104
31 568.7099609 -95.83721161
31 270.417572 -116.451416
31 -37.40665054 -30.02123833
31 33.53762054 3.388445377
31 43.13855362 -53.16794968
31 583.5941162 -67.63793945
31 273.4100952 -126.5303726
31 245.3773956 -125.1675262
31 -62.98440933 -55.65792465
31 -53.67022705 -3.93407774
31 99.0422821 -58.60884857
31 237.635376 -114.9256287
31 -147.0342865 1.263165951
31 -196.1526184 49.95544815
31 -147.587265 -9.411337852
31 -206.4230347 79.59977722
31 -142.8255463 -33.39074326
31 -124.6895218 52.01208496
31 -197.5565643 98.63925171
31 -211.7187195 98.82525635
31 -153.2163849 38.0063858
31 -120.4629135 123.3819427
31 -153.90979 58.51756287
31 -172.8020935 126.9175262
31 -155.7718658 130.359787
31 -207.0341034 85.06864166
31 -160.2728577 27.73647499
31 -125.2134399 152.3789978
31 -120.2462997 122.2916336
31 -126.8515472 64.49029541
31 -164.7706299 87.70646667
31 -153.370163 143.2051239
31 -116.657341 182.8121948
31 -158.2782745 -7.714001656
31 -135.7619019 209.960495
31 -37.94685745 124.6957855
31 -142.8796234 113.5749664
31 -129.0754547 11.68207645
31 -162.5211487 120.7783661
31 -150.3208618 139.3132782
31 -33.84353638 175.9030609
31 -93.81399536 242.3891907
31 -162.7024841 -47.47739792
31 -119.8088837 224.3515167
31 -150.7807617 207.9117889
31 -114.0621414 247.6064606
31 -160.7376709 205.9695282
31 23.97659683 120.3628845
31 -177.072403 152.2958679
31 -151.993988 -5.08715868
31 -158.6155396 164.3592224
31 59.93443298 204.6010437
32 11.50521755 -33.65911102
32 -11.85639477 -52.49981689
32 66.01454163 -14.99915218
32 61.01288223 -27.96273804
32 44.75693512 -49.92113113
32 136.9209747 19.47589874
32 2.08755517 -94.48609924
32 124.9120483 -6.848459244
32 88.97158051 -16.45142365
32 172.0948486 13.0024929
32 158.1675568 17.9183197
32 0.8634254336 -89.96096802
32 183.052475 18.67784119
32 128.7854309 -0.5547299385
32 91.35818481 -13.29198837
32 180.4221802 27.57148361
32 185.2324066 0.6682773232
32 162.0011292 23.30439949
32 205.9415283 45.8358078
32 135.1772156 -20.30154228
32 112.2755051 35.94740677
32 196.8270416 37.72603607
32 139.9594574 19.67616463
32 253.5476837 -18.51556587
32 177.11026 37.91345596
32 97.49437714 -63.7404213
32 128.3694458 -15.39493847
32 47.83104324 -62.36809921
32 57.43723679 49.65413284
32 305.0314941 94.24913788
32 163.8739166 -12.3930378
32 52.17468262 49.42737579
32 137.1872406 56.29836273
32 280.3416748 -77.6510849
32 30.66851234 65.09204102
32 168.272995 -66.06676483
32 -5.486980438 43.25804138
32 126.9815216 76.35824585
32 42.39828491 27.50603104
32 -8.032866478 78.36607361
32 -142.1218719 26.08551025
32 6.758364201 80.64007568
32 148.0077667 84.77039337
32 -34.83484268 24.68824196
32 -4.305115223 48.37155533
32 -204.0179749 -1.108609676
32 -209.5602722 -38.15180969
32 -10.54514313 73.88230896
32 -0.7091729045 55.41622162
32 -80.23612213 5.152664661
32 117.4332962 8.492284775
32 -142.1902618 28.11401367
32 -232.8569794 -38.96350861
32 -211.2040863 -50.07255173
32 -184.3371735 -42.77586746
32 -126.9612808 4.980046272
32 -106.2911148 -33.3952713
32 168.9668579 6.510980129
32 -110.5019302 28.8182106
32 -239.3197937 14.63108063
32 -178.9334564 27.80979156
32 -224.1909637 -25.15895653
32 -216.3873444 -34.18964767
32 -223.5253754 -31.64599037
32 -178.4272919 -43.54000854
32 -269.8427429 -13.44284153
32 -147.0469666 6.741674423
32 -140.4332581 -65.08211517
32 -103.7589951 -58.5348587
32 125.6954041 -10.0691328
32 115.7882385 6.57343483
32 -21.60434723 -8.918619156
32 -181.4451294 -5.252562046
32 -118.0349655 66.62245941
32 -280.3254089 34.18227768
32 -222.2627563 23.29763603
32 -223.0813446 15.48767757
32 -224.789566 -1.185357094
32 -214.0606842 -79.68497467
32 -171.2448273 -73.10875702
32 -102.9820938 -60.5761528
32 127.3088913 -29.24593544
32 40.72790527 -28.02511024
33 -36.64880753 -39.04051971
33 -117.8922348 -48.29075241
33 1.101307631 -17.92254448
33 -139.7433014 -72.37783813
33 2.764668226 -12.13272667
33 -2.557740927 -1.603038192
33 -170.5723877 -76.85266113
33 45.45975113 6.833051682
33 17.39984512 -1.465016127
33 -2.127076864 22.15246201
33 5.437893391 -20.2054348
33 -172.7023621 -98.67368317
33 29.44648933 14.25683975
33 29.80025864 -2.719934702
33 50.10070801 8.583515167
33 33.2139473 30.28410149
33 4.017690659 41.41159439
33 0.1435921192 11.87642193
33 -12.62400818 -38.78996277
33 -119.1888351 -91.90632629
33 -197.405304 -109.7797699
33 64.11907959 5.940739632
33 106.4658356 16.89379692
33 53.98747635 2.344726086
33 -7.263278961 61.0107193
33 -3.408913374 19.7743206
33 -28.35755539 -41.12565994
33 5.621938705 -52.08395004
33 -39.6749115 -76.56040192
33 90.30336761 41.92571259
33 169.5892487 44.57321167
33 115.3561401 -8.993484497
33 35.32564163 8.999929428
33 -33.59031296 5.371414185
33 -53.33982849 24.99373436
33 -73.39055634 -51.16132355
33 -33.87977219 -69.16047668
33 -14.63500786 23.00065804
33 -78.48699188 -71.64104462
33 -48.50381851 -101.9345932
33 147.5241089 96.91162109
33 245.3175507 65.17630005
33 142.2892609 -41.30591202
33 -18.95136642 -17.88673401
33 -39.45022583 18.77418709
33 -83.88034058 16.83806038
33 -121.4105988 -43.62740326
33 -83.9747467 13.61072922
33 40.32994461 106.4433212
33 -49.09176254 -97.35738373
33 -79.50318909 -31.36017799
33 -28.19844055 -119.4311752
33 -34.04129028 -97.20398712
33 197.5890961 84.82450867
33 245.1030273 96.58265686
33 132.0960083 -49.52260971
33 -13.29403114 -27.21438789
33 -49.06529236 30.68206024
33 -117.0471802 9.589367867
33 -110.4136505 -4.21918726
33 -11.41786671 135.8601379
33 71.86460876 181.3777924
33 -102.886734 -21.40275574
33 -38.84632492 -142.683548
33 205.5285187 77.32206726
33 145.8563232 -63.84517288
33 -129.6496582 2.673951149
33 -1.595293522 171.7867279
33 99.77780151 213.506897
33 -49.64791107 -153.5983276
33 173.7203522 70.7424469
33 149.7907562 -66.70539856
33 -139.7514038 -22.28174019
33 -191.736618 3.706705093
33 98.9740448 246.9810028
33 142.5184784 63.10790253
33 -218.0874176 7.341728687
34 -44.83581543 -177.3168182
34 -52.34516144 -101.298317
34 -12.75512886 -115.9595032
34 -94.10330963 -113.320282
34 -65.86808777 -37.60897064
34 23.37087822 -112.322525
34 -18.23258591 -89.30554199
34 -58.24293137 1.945019007
34 142.085556 -57.11251831
34 18.97217178 -108.1003876
34 -49.4803772 29.63446236
34 -41.85502625 5.877459049
34 196.3938293 -35.47793961
34 40.52528381 -89.25886536
34 -40.37490463 52.91972733
34 -77.87104034 45.57217407
34 -51.13365555 17.38332176
34 213.0593414 -1.558468699
34 97.73232269 -93.02700806
34 -4.655875683 74.6596756
34 -101.4591141 90.24606323
34 -31.46083641 71.89956665
34 -57.20148468 32.55041504
34 -197.8630676 -3.802277565
34 2.274072647 29.04680061
34 219.8883209 15.2949419
34 -12.58758068 60.27834702
34 -234.8030548 -55.30318069
34 72.28919983 45.01935196
34 31.33569908 13.9028616
34 213.5980682 6.325373173
34 -18.42502022 88.77800751
34 -256.8727112 -94.46800995
34 76.26924133 48.84095001
34 142.4257507 67.32281494
34 36.32065964 33.35606003
34 12.18474197 100.868988
34 63.1487999 52.2338829
34 110.1177979 10.50136471
34 -3.161461592 -51.16196442
34 -350.9060059 -156.1879425
34 115.3195877 34.29523849
34 105.6660843 54.48088074
34 105.5724335 55.50998306
34 149.7627563 37.18214035
34 -21.13643837 27.65638733
34 -30.92949104 147.3777771
34 52.85905838 40.31049347
34 -88.77436829 -87.53715515
34 -38.22017288 -73.22948456
34 -20.36166763 -35.03410721
34 79.14074707 66.73365021
34 -62.21502686 17.80768585
34 -43.25330734 153.1585541
34 14.43973255 -31.38187027
34 -37.58991241 -117.919548
34 -75.32546234 -75.75415039
34 -38.15608978 -98.86962128
34 -0.6783137918 -64.53968048
34 32.74642944 3.262962103
34 -27.50682068 -71.38287354
34 91.14415741 127.8096313
34 41.7365036 77.55633545
34 -45.21844101 147.0503235
34 -51.4693985 127.4065399
34 -64.50713348 165.8318787
34 10.97713184 -52.65807724
34 -43.76105118 -160.0505829
34 -92.11764526 -65.86444855
34 -27.40296173 -136.9203491
34 0.488391757 -71.89800262
34 102.1598892 131.7525787
34 70.22695923 139.5881348
34 0.8861309886 86.40167236
35 207.5684052 -93.08296204
35 251.3449097 -107.2262268
35 183.4375916 -97.96238708
35 172.607132 -103.4410706
35 146.7914429 -102.7665405
35 119.8629761 -134.6428375
35 89.90816498 -141.2980499
35 141.0894775 -95.11437988
35 139.4889069 -74.59315491
35 156.6481018 -65.70797729
35 64.62168121 -83.57632446
35 14.92096329 -55.43223572
35 32.5510788 -58.05938721
35 -13.89267349 -32.54759216
35 -37.95889282 8.105395317
35 -33.53511429 43.91437149
35 -87.18630981 -6.688278198
35 -67.96246338 65.92345428
35 47.77137375 70.59151459
35 53.69795227 72.6312561
35 -113.614563 25.95585823
35 -150.0013123 -41.18988037
35 -64.11038208 43.14009857
35 89.41314697 73.03642273
35 150.2951202 73.47328949
35 -179.1074829 -1.635721922
35 -167.5870361 37.27124786
35 -220.5190887 -73.30554962
35 -52.99565125 64.8032074
35 148.3793488 101.4063492
35 145.2590027 101.4820328
35 -189.9904175 0.3081453145
35 -154.5941162 -26.78663445
35 -126.6337662 81.33306885
35 -205.8482819 -30.40969276
35 -269.7606201 -154.213501
35 -17.84988213 74.9638443
35 227.8119965 164.8088837
35 129.4998779 98.68883514
35 109.359108 93.72869873
35 -218.8422546 4.656833649
35 -150.1203003 -31.35546494
35 -129.387558 99.22825623
35 -192.3714294 -25.93754578
35 -114.6050034 -75.87181854
35 -226.6375732 -6.962881565
35 -287.1119385 -176.3005524
35 -326.7405396 -194.2948456
35 21.88597679 71.53263092
35 314.1645508 235.0558014
35 211.3462982 159.7202454
35 181.2888794 106.06427
35 96.76763153 135.2012939
35 -150.9302063 128.8459015
35 23.07475662 -73.22154999
35 -88.37193298 -102.6162872
35 -180.5475616 14.73621178
35 -249.1178589 16.46304703
35 -291.9444885 -173.3066711
35 -308.5079651 -195.8148041
35 -295.2979126 -189.1090851
35 308.148407 235.6746826
35 421.9031677 306.09375
35 115.3052826 153.7062988
35 149.0139008 -26.54917336
35 -303.6291504 -204.6760406
35 181.8645935 2.704894304
35 176.2241211 -51.2274971
35 188.8513794 44.84488678
35 238.6767731 4.233156681
35 216.4678192 92.59642029
36 -63.31287384 -2.612326145
36 -3.353572607 -3.244715452
36 35.09843826 13.53752327
36 19.36006546 -32.33017731
36 82.81267548 18.11254883
36 108.2917023 37.70816422
36 -46.00764847 -52.37117004
36 93.04917908 27.04881477
36 112.4330292 73.40460205
36 173.9582672 54.52897263
36 -91.46797943 -112.1677475
36 -30.81947327 -1.654254675
36 -43.6959343 -48.56360245
36 93.07687378 24.45090675
36 98.18428802 104.2511597
36 170.6911469 99.75395966
36 203.2392273 77.31787109
36 227.9174805 66.5426178
36 -75.70375061 -143.4366302
36 -121.7628174 -139.15242
36 -110.8568878 -119.40448
36 -50.50452423 15.40400696
36 20.49969482 14.99947166
36 -59.52692795 -52.76338577
36 45.43605423 9.664440155
36 113.4915237 51.96333313
36 150.498291 34.52953339
36 57.5498085 113.8079147
36 110.9074249 105.0221634
36 172.9026642 102.1283951
36 135.957077 79.20100403
36 92.5142746 91.11192322
36 -53.09967804 -183.8875275
36 -128.3134613 -122.8954163
36 -76.35160065 18.10202408
36 162.2756348 75.41918182
36 150.9138794 45.31647491
36 124.688324 107.5148315
36 194.4805298 118.3358383
36 185.0180206 124.1504059
36 124.7064896 130.3450775
36 -26.48804474 81.93109131
36 -13.29637527 78.68584442
36 17.44041824 96.03546143
36 -158.0093994 -156.5883636
36 -87.00482178 -75.39800262
36 -92.39237213 21.96435165
36 -132.1545258 33.70979691
36 214.067337 90.55310822
36 156.7413483 80.5779953
36 219.7066803 36.07860565
36 193.6471863 50.18782806
36 96.80036163 92.74368286
36 248.3168945 121.7504196
36 260.7203064 146.2287903
36 -50.81713104 81.24508667
36 -87.40179443 84.81204224
36 -13.20248795 87.08725739
36 -25.67890739 91.76251984
36 -208.0192566 -193.9263611
36 -106.8378448 -96.22354889
36 -117.1783447 48.29612732
36 -158.2904816 16.73167992
36 -184.0574341 9.991718292
36 -183.7794952 34.80931854
36 -150.6004486 31.80156708
36 244.1748047 107.5082855
36 -217.5602417 -202.7291565
36 -177.0304718 -172.6212311
36 -126.8687744 63.4644165
36 -189.3637695 25.15524483
36 -214.4883728 24.06176567
36 -276.983429 -218.3560333
36 -246.7234192 -198.7019806
36 -156.4846802 -218.1951294
36 -99.7682724 -195.2575226
36 -109.1886139 -214.0675049
36 -151.4535217 -236.0145874
36 -195.6672821 -278.2835693
37 22.90921021 -11.73845577
37 17.59130669 -10.26881599
37 1.758900166 -15.78101826
37 -9.175460815 -52.40059662
37 2.066085577 -9.818639755
37 14.10383224 -2.90020442
37 -2.745868683 -21.05562019
37 -39.66836929 -21.9515686
37 -26.70250702 -31.62447548
37 -21.6622467 -61.89153671
37 -36.55162811 -22.89227295
37 34.36144257 -6.12121439
37 35.90618134 1.569857001
37 -21.57314873 -26.8102417
37 -78.2829361 -7.033127308
37 -52.81609344 -69.01699829
37 -57.67193222 -8.493181229
37 -4.234435081 -47.91510391
37 -68.98991394 -64.64274597
37 69.07922363 -19.7359333
37 46.92433167 -12.91179657
37 41.75302887 10.48906898
37 -41.14743805 -58.35760117
37 -90.69194794 -2.48902607
37 1.295855165 0.09646804631
37 -19.14564514 -21.62650871
37 -94.05361938 -96.55696106
37 -58.90215683 -11.83241558
37 -61.03129196 -79.74839783
37 4.324296474 -34.83162689
37 -128.1071167 -81.63178253
37 -101.029953 -70.2452774
37 48.72632599 -4.518977642
37 16.65041351 8.963089943
37 3.804653406 13.43354511
37 -128.1940155 22.67172623
37 -174.2430115 13.72938919
37 -64.61146545 -25.62777138
37 -121.0854034 -122.9335251
37 24.27322388 -37.72632599
37 -177.1275787 -67.75245667
37 -110.3449631 -88.90018463
37 -63.91821671 -34.87629318
37 35.99947739 -32.11554337
37 105.5454941 14.96421432
37 20.45910072 12.46328735
37 -22.25963402 56.71980286
37 40.68136978 11.87918758
37 83.20700836 20.36920166
37 -10.17228794 -1.095743179
37 30.72137642 29.57051468
37 -25.98621941 60.96601868
37 -24.58221817 87.67459106
37 -37.10327911 75.59362793
37 77.30721283 -9.076318741
37 44.73482513 10.39034557
37 65.02101135 43.46519089
37 181.4063416 53.50159454
37 56.95162964 -42.78459549
37 -38.25317383 -26.02728653
37 14.37114334 107.1840668
37 52.47954559 37.96964645
37 -65.63498688 60.39955521
37 27.55743027 102.7894669
37 14.81886959 10.76361179
37 -8.999671936 -16.4840889
37 58.16080856 -3.838998795
37 57.53092957 69.35564423
37 159.1667023 57.06616592
37 53.56489182 -101.9308624
37 -11.80768204 122.6662674
37 -1.675861239 137.912674
37 115.6611023 20.6812458
37 20.93500519 121.9386139
37 31.53421593 21.92763901
37 -57.48689651 6.335472107
37 -63.33643341 -39.31642151
37 78.28315735 63.99341202
37 85.22202301 79.35889435
37 42.8455658 47.23782349
37 37.40599442 -87.68902588
37 82.86264801 -115.9601593
37 20.73569107 -148.9008789
37 -4.396608353 127.9231491
37 -43.48314285 153.3821564
37 47.04080582 144.1880341
37 26.57164764 51.53178024
37 36.08425522 32.15037918
37 78.49060059 -135.388031
38 184.7670441 39.13534927
38 161.0364227 59.90847778
38 186.5918121 -7.974523544
38 195.2081757 31.42349815
38 143.1802521 57.51089096
38 172.9922638 81.45789337
38 101.1377792 -27.04848671
38 278.2115479 -20.42922211
38 190.9864044 -12.74717808
38 195.9612427 20.47528458
38 101.7874451 85.79246521
38 177.1773224 38.32102203
38 46.05000305 -71.87438202
38 178.6609344 -65.95780945
38 183.9194946 -2.284930468
38 147.289032 70.06863403
38 23.40220642 80.9162674
38 76.44178009 111.5484238
38 26.6319046 -99.6550293
38 202.3600159 -37.05571747
38 114.0115128 122.4526062
38 145.7849731 75.599823
38 -58.15572357 80.76972198
38 45.5292244 89.61496735
38 -8.045508385 -130.2068787
38 11.95606232 -126.6035767
38 95.67115784 114.7532501
38 -68.62944794 71.16837311
38 -77.4006424 62.44311142
38 36.92258835 100.7445221
38 -38.23719406 -129.6634216
38 -40.86175919 -132.6383362
38 -10.21840572 -154.6015167
38 48.82176971 82.03069305
38 129.7528534 134.7260742
38 -90.1973877 69.32119751
38 -44.93697739 70.73534393
38 -73.53554535 3.54460907
38 -79.33816528 46.30422592
38 141.1820068 114.2132263
38 -115.607132 54.61161041
38 -60.03293228 -44.86224365
38 -93.80010223 33.15739441
38 -89.66677094 25.20438957
38 -133.1262817 24.50490189
38 -194.7391968 42.57458115
38 -117.000061 62.20458603
38 -100.5558395 36.55298233
38 -50.57657242 -47.02380371
38 -57.7299614 -99.59580994
38 -86.26183319 28.28251648
38 -86.55565643 9.322196007
38 -102.3350754 16.42291069
38 -87.59023285 18.17690468
38 -13.33593941 -33.38166809
38 -7.36631918 -74.2852478
38 -107.1986847 -16.50055122
38 -64.01912689 -119.0753784
38 -116.6408691 27.47260666
38 -180.0458832 77.89701843
38 -65.28736115 -10.49798393
38 -86.83899689 0.09990341216
38 -36.95719147 -55.21924591
38 -0.8458759189 16.91630173
38 -24.5080204 -27.22002029
38 -67.61898041 -54.67002487
38 -0.8711451292 -102.000351
38 -149.327179 -132.7509766
38 -30.51382828 -72.18541718
38 -84.92687225 24.21136093
38 -68.14285278 -37.92065811
38 -39.62870789 -52.93951416
38 -126.429245 -69.26639557
38 -114.060524 -57.75495911
38 -5.490267754 -125.8867264
38 -215.9512939 -113.6253586
38 -24.58396912 -73.74069214
38 -147.7020416 26.55181313
39 -107.2856522 25.75607872
39 -120.7861481 1.786104679
39 -39.25827026 36.77783203
39 -132.9715271 -4.906383991
39 -94.82448578 14.32963753
39 -93.99819183 -25.01099396
39 -7.041138649 4.325713634
39 -134.5522766 -29.66134071
39 -36.78827286 28.01490784
39 -27.58751488 77.08860016
39 -52.67791367 -10.70835209
39 69.18351746 78.47036743
39 -90.97485352 126.4123993
39 -25.90313721 51.19848633
39 110.457222 100.1306839
39 49.3509407 56.15195084
39 17.41510773 133.5755157
39 -137.2649384 128.6139832
39 -14.47398567 42.31584549
39 -58.34536362 66.47306824
39 5.938799858 29.21269035
39 147.491806 136.4089203
39 167.1988831 70.42941284
39 -16.90522385 13.27847958
39 114.1149521 101.7093353
39 -169.7159119 190.712738
39 -88.04266357 -94.18959045
39 -50.92816544 25.72010612
39 -68.14204407 74.00977325
39 146.1480713 98.12967682
39 191.8435669 56.9526825
39 -42.71266556 -12.80325031
39 -93.48921967 -160.7809296
39 -80.58024597 11.49237061
39 -75.81865692 86.59417725
39 215.5268402 83.48121643
39 63.87274933 109.5483398
39 134.6782532 94.17597961
39 -115.2110138 -0.9872046709
39 -125.5835953 -188.8056793
39 -98.07349396 -262.7212219
39 -70.15931702 21.03526878
39 -83.72208405 -26.62892151
39 249.6620483 91.71337128
39 199.7757874 77.54821777
39 105.4525681 118.6445999
39 90.30844116 146.3199463
39 -185.8197479 -225.1734772
39 -156.2965088 -212.7297821
39 -125.8072205 -298.7481079
39 -123.6585846 -295.5366211
39 -120.5878067 -39.08824539
39 -139.9340668 -34.86196899
39 310.3056946 107.8442383
39 200.6899719 64.6605072
39 125.2432709 117.0624619
39 60.68670654 165.7538147
39 -189.6729889 -214.0893402
39 -238.4261475 -261.0769958
39 -163.5194702 -225.9845428
39 -239.3670197 -247.4369659
39 281.9810181 112.5624924
39 -179.2982941 -216.3743439
39 -146.6326904 -245.440155
39 308.6645203 87.75321198
39 -187.1120911 -194.3017578
39 293.9079895 116.8830032
39 332.9787598 65.11210632
39 -221.438736 -172.4181061
39 -237.2133331 -218.1618652
39 331.7868042 143.0859528
39 347.4431152 179.016449
39 336.4953003 150.3532715
40 128.0256958 11.27898598
40 154.1270142 14.78782463
40 92.95544434 27.22230339
40 156.9745026 40.02026367
40 50.05068207 37.62528229
40 48.33314896 -4.720637798
40 123.4080963 87.37858582
40 7.441197872 -12.45573235
40 90.01339722 -10.17331409
40 122.1885071 31.33782196
40 194.6434021 111.8284454
40 94.14524078 119.7502518
40 5.586863518 -31.15875816
40 -45.32832718 -26.96396446
40 56.67370224 19.55136299
40 94.57949829 1.645739794
40 263.4244995 178.6496277
40 80.75035858 146.0103607
40 54.99151993 -46.08762741
40 -116.1856232 -56.80469513
40 13.32146072 68.18647766
40 -163.14151 -95.20491791
40 -125.9728546 -51.41405869
40 -172.2298737 -124.1267014
40 -136.0973511 -56.56736755
40 -194.1735077 -141.5082245
40 -111.6000748 -61.86639786
40 -96.87349701 -51.81381226
40 -29.92772484 -11.93111038
40 -136.5315247 -63.81531525
40 44.86995316 28.77024651
40 -90.68183899 -75.52085114
40 -170.2663116 -87.24236298
40 -101.6130371 -86.87978363
40 107.3471832 75.69087219
40 73.25481415 43.42238235
40 -58.93388748 -85.65620422
40 -227.4152527 -109.1828079
40 -77.93789673 -99.73828125
40 143.8631592 102.07061
40 191.4831543 83.48567963
40 108.7434158 70.73950195
40 87.01490784 55.18332291
40 -299.3611145 -135.8575592
40 -75.53259277 -122.9603653
40 191.7108154 138.5785522
40 130.6272888 75.882164
40 140.7119293 90.3473053
40 -340.4391174 -146.9792938
40 -366.2694092 -197.2897491
40 234.7150726 167.4855652
40 183.3941498 131.1673584
40 196.6183472 81.6264267
40 140.7489929 133.740921
40 -407.5333557 -186.5363922
40 -406.2227173 -225.7695007
40 255.4171295 181.962265
40 207.6731567 158.7225037
40 197.686554 134.3211212
40 -517.2459106 -242.2440948
41 56.96595383 -120.0323029
41 53.19035339 -90.9520874
41 111.9257736 -59.19044113
41 13.94037056 -67.96310425
41 31.16233444 -111.1240845
41 -21.89595413 -54.82133484
41 18.46414375 -68.18356323
41 -64.18755341 -69.70801544
41 -32.07885361 -43.26902008
41 31.69549942 -48.50699997
41 -75.00418854 -74.78250122
41 -55.31171036 -30.85288811
41 -18.86172485 -26.31627083
41 6.089887142 -30.33177376
41 57.71537781 -66.38712311
41 -110.0474625 -176.1216278
41 -73.73564911 -36.24684906
41 -100.3513641 -11.67285824
41 -24.58032036 -19.36978912
41 6.557104111 -36.13346863
41 8.967151642 -53.61555099
41 -11.5168829 0.2166457623
41 -110.8421097 -225.5021515
41 -59.79115295 -7.073629856
41 -64.68227386 -15.46639919
41 -4.818231106 -5.06818819
41 8.959828377 -59.47613525
41 -14.52452564 -56.41200256
41 -18.80368233 21.46198273
41 -16.08139992 35.92195129
41 -155.0162048 -248.0535431
41 -141.0826111 -247.1126556
41 -64.01016235 -11.95643711
41 -33.30612564 33.82794952
41 20.1282444 -1.600652933
41 19.36393738 -74.08969116
41 -1.152384996 -54.76908112
41 -49.34863663 -112.6053238
41 -33.06117249 20.44132996
41 -34.83631516 25.98509026
41 -54.48779678 24.61828804
41 -16.37803459 88.28266907
41 8.306294441 67.88670349
41 0.971829474 2.221531868
41 42.92016602 -82.90270996
41 -23.70818329 60.66244507
41 4.631379604 92.6151123
41 60.09276581 100.9205933
41 -8.729480743 115.1163559
41 -14.83930302 103.362915
41 6.09972477 -8.292988777
41 76.66109467 -89.08315277
41 -12.67619801 93.83441162
41 60.12670135 104.8215256
41 61.96228409 114.8520584
41 52.22862625 137.064621
41 -9.489834785 137.1204071
41 -6.437479973 105.2285767
41 113.7782059 -91.54157257
41 98.19263458 121.0857162
41 58.18099976 154.7037811
41 33.36562347 145.1863861
41 5.038197517 152.6607666
41 20.48176193 127.5795746
41 144.4041748 -99.33444977
41 144.6464081 124.9129486
41 100.2135391 187.6993561
41 4.542188644 140.9548492
41 -6.295437813 144.6755981
42 -74.02005768 -45.96777725
42 -63.62108231 22.38500404
42 -47.69132996 -47.79100037
42 -114.2364426 -37.04392624
42 -40.86392593 -70.55600739
42 -120.977623 -65.70887756
42 -71.67549133 -33.78953171
42 -86.2532196 -25.75917435
42 -163.6352844 -25.46834755
42 -4.386120796 -70.77835846
42 -143.4330597 -101.0227966
42 -161.9400024 -20.7261467
42 -52.94627762 -26.34421349
42 -45.34487915 -20.53982162
42 -235.4320831 -5.639547825
42 -156.1880035 -40.81034088
42 -140.5279388 -130.1550598
42 -133.2444916 -15.2236805
42 -21.05850601 -13.58578014
42 -23.21980667 -28.52523994
42 -132.1542053 -50.9196701
42 -143.7838593 -49.73714066
42 -169.8914032 -156.5697479
42 -55.0838623 7.134096146
42 -150.0885925 -4.307500362
42 32.67930222 24.9474144
42 -55.58392334 2.013983488
42 -52.79111862 -53.83533859
42 -170.9221039 -58.31434631
42 -72.30825043 6.272993565
42 -62.95774078 1.750249982
42 106.0782928 59.89878845
42 8.904668808 21.90616798
42 122.0087128 36.61658859
42 -93.01220703 3.290347576
42 -68.97839355 -37.11657333
42 -104.3110275 23.6651783
42 66.86695862 -12.40590382
42 -160.3276367 -57.03374481
42 -71.81388092 -0.5494348407
42 -116.4444504 -6.147293568
42 72.92848969 108.5943069
42 117.7972031 58.78499222
42 99.0142746 30.94708443
42 134.3450012 8.599749565
42 -130.9487762 -59.63193512
42 -85.40250397 -17.31707382
42 -144.8480988 19.56785774
42 92.94179535 3.357947826
42 -153.9498291 -11.40242863
42 61.48324966 120.1261215
42 65.32942963 113.247139
42 92.87223816 66.29438782
42 127.3723831 33.24445724
42 171.049881 -1.372614622
42 -145.8097534 -74.02297211
42 -127.4134293 -2.943786144
42 -185.2828674 16.19965172
42 -174.2092285 24.10750198
42 -132.599762 15.95917988
42 155.3352814 32.56600571
42 83.72746277 111.0569992
42 124.2729034 72.52635193
42 187.4606018 40.43730545
42 -253.6844177 -89.11952972
42 -145.6001129 -87.16768646
42 -150.7926483 -0.8013403416
42 193.4157104 82.73747253
42 123.1361694 70.93927765
42 247.0421906 54.41440582
42 179.2720184 34.31812668
42 -116.5954208 -112.8679581
42 209.8613586 48.0798378
42 125.2567444 67.72090912
42 260.7252197 65.22429657
42 313.7150879 63.10729218
42 -141.3729553 -148.318573
42 -102.8218536 -122.4759903
42 315.3824768 47.50809097
42 247.7422485 75.39183044
42 322.6949158 98.57980347
42 339.8131104 52.03295898
42 241.1949005 90.21195221
42 430.0891724 43.78840637
42 300.6707764 60.26154327
43 -120.0779266 -38.64108276
43 -63.52994156 -27.97096062
43 -113.1399841 -54.14341736
43 -41.28990936 -4.914171219
43 -90.71500397 -49.51264954
43 -112.6725693 -50.23073959
43 -96.86116791 -32.22928238
43 6.201294422 10.29946613
43 -51.04158783 -35.86406326
43 -31.1139183 -8.142736435
43 -87.12477112 -33.78020096
43 -132.8748779 -66.44770813
43 0.1876472533 -19.09344292
43 -9.610080719 -1.384280801
43 -17.48103523 -3.80615449
43 -118.9462509 -37.49422836
43 -187.7022705 -96.37320709
43 -89.41535187 -56.50230408
43 50.79207611 4.48777914
43 28.52289963 -12.87369919
43 -5.688565254 4.550466061
43 15.89158916 12.41510487
43 -260.9706421 -124.0567017
43 112.2571411 26.73587036
43 -7.831009865 -31.47551727
43 54.70963287 34.90909195
43 -383.2299194 -161.7637939
43 113.7483978 21.03448105
43 -20.99699974 -33.36890411
43 82.42416382 53.38895035
43 104.4185944 28.6214962
43 -452.399353 -165.2776642
43 -405.1936035 -186.1451874
43 88.56134033 29.96941185
43 11.18451118 -14.50608921
43 153.2203369 105.2877274
43 28.03836441 41.03462982
43 182.9300385 15.44623947
43 -13.8836832 -17.02105904
43 20.65656471 -5.446190834
43 227.0770569 132.3410187
43 213.383667 153.5194092
43 52.2466011 40.93659973
43 57.09125519 21.6278019
43 74.01924896 45.98806
43 176.2782745 2.809545517
43 -8.468559265 -14.52466488
43 20.69425011 5.454093933
43 14.3448143 -26.81070709
43 242.4415894 151.2779236
43 232.0124054 170.9583282
43 259.9042358 170.5192261
43 42.57314301 17.50072479
43 89.99034119 39.20580292
43 44.58251572 31.12914276
43 51.98105621 20.36140633
43 88.55448914 51.19175339
43 -18.66203499 -33.20024109
44 -76.40551758 -22.87946892
44 -3.445858479 12.35199547
44 -78.45418549 -10.01015759
44 53.09396744 7.68314743
44 33.61979294 13.2366581
44 71.59179688 -0.3822069168
45 37.88912964 37.61676407
45 82.04613495 58.93667984
45 22.74480438 13.83052826
45 78.97297668 49.93142319
45 103.6388321 56.32581329
45 44.92513657 75.86342621
45 38.06631851 26.5566597
45 -9.119008064 -3.846955776
45 117.003212 46.08957291
45 4.613098621 116.2353973
45 34.99503708 30.51796722
45 23.34078598 48.52939224
45 18.58106422 -21.74073219
45 -86.4434967 6.110906124
45 130.6147461 22.15878487
45 -1.639094472 140.734787
45 17.14999199 -8.568448067
45 78.75473785 18.95899582
45 73.84147644 74.29878235
45 36.7315712 -45.91303253
45 20.26657867 -13.40205669
45 28.40645599 -20.86524582
45 55.14400482 16.29701996
45 -126.4765625 -17.63473129
45 11.1584444 -13.07656193
45 81.42285919 -3.868127823
45 112.9759216 97.1980896
45 67.86618042 -76.76860046
45 80.2768631 55.28083801
45 82.63475037 55.25025558
45 -176.4951477 -13.4805212
45 -66.77310944 -11.87201023
45 -158.6230621 -24.30894661
45 -26.2107029 -27.29654694
45 -50.80596542 -34.17489624
45 -10.0574789 -14.28693867
45 156.2174683 81.73032379
45 227.4513092 171.4729462
45 -173.6264954 -48.65598297
45 -61.74700165 -49.21335602
45 -66.72457123 -9.177724838
45 36.74156952 12.49595165
45 -73.37696838 -45.55929565
45 -124.0238419 -37.88658905
45 30.90007591 -0.1604028642
45 175.9488373 66.67087555
45 -188.5182953 -72.37675476
45 123.2119293 70.5904007
45 -77.09373474 -54.36658859
45 -204.0323334 -90.23564148
45 -215.8483582 -60.85800171
45 -122.9153671 -82.0396347
45 143.0079651 92.13700104
45 -106.2955933 -85.52165222
45 -87.69030762 -62.24604797
45 -291.5929565 -95.76186371
45 -255.2275543 -48.84233475
45 -142.0187683 -101.8989334
45 -148.495636 -98.06487274
45 5.320604801 -100.5943146
45 125.1306381 93.33747101
45 254.9041443 136.2580109
45 166.710495 105.7636566
45 -343.5892944 -132.8278198
45 -157.4718018 -106.5223846
45 -181.4054565 -78.92983246
45 32.11139679 -99.38013458
45 -12.09049511 -115.5833588
45 77.889328 -103.8243103
45 145.0383148 117.1627045
45 344.7169189 188.0747681
45 192.5200653 160.0353699
45 -342.5891724 -163.37323
45 -143.2096863 -106.9158707
45 40.85665131 -71.86114502
45 -6.733550549 -101.529747
45 165.6522522 -45.8172226
45 142.7762909 116.2786179
45 446.6018982 253.6176453
45 221.7454681 185.8670654
45 -356.1516724 -170.642395
45 -144.4020386 -106.4429855
46 76.45561981 34.96507645
46 49.9540596 33.98338699
46 -17.72632599 -0.9916995168
46 -41.73011398 -6.182847977
46 1.133660436 42.01696777
46 -69.14647675 -23.48433495
46 134.3990326 62.20372391
46 -22.4480648 -36.09572601
46 -28.26409149 -21.07859039
46 -76.97120667 -15.89942551
46 7.540385723 78.72537231
46 -125.4968948 -43.4380722
46 14.6948967 1.207101345
46 61.07886505 -15.0410862
46 125.3907928 56.02700806
46 156.9890747 83.94502258
46 -50.09395599 -54.05017853
46 -56.27500153 -18.58890533
46 21.79088211 -37.42670059
46 37.53128815 13.1940527
46 -44.95195007 11.53891468
46 -3.666661978 -51.15888977
46 -54.33869934 -50.70078278
46 -145.6990814 7.376435757
46 -57.55304337 -59.74708939
46 21.77433395 99.47325134
46 -160.0700531 -62.18229675
46 5.769775867 6.676333904
46 -46.60012436 -30.22751427
46 -128.5167542 -57.54878616
46 50.07731247 27.2907505
46 63.29636765 37.79573059
46 -35.92940903 -41.68679428
46 46.10237885 -22.71157074
46 -66.87509155 -73.40355682
46 4.647640705 60.11003494
46 30.01766777 120.1921158
46 71.391922 98.53097534
46 -171.1188965 -68.48616791
46 -159.2335663 -33.76841736
46 40.36734009 35.92681503
46 -24.40493774 15.42663479
46 135.8725281 28.43844223
46 -37.70007324 -41.8745575
46 99.6743927 15.97776508
46 35.77761078 -2.775494576
46 12.29416656 87.59498596
46 -22.1365509 -1.769643188
46 -35.67948914 -2.753688097
46 -39.76643372 -37.21950912
46 106.8002777 -9.736024857
46 153.9026947 41.42494965
46 44.45170212 12.21444035
46 -53.75901794 -61.10228729
46 -36.88487625 -53.58095932
46 108.6453552 3.830038309
46 93.80888367 15.91903019
46 -80.56342316 -41.13401794
46 -34.78296661 -66.37158966
46 116.7517776 10.21183491
47 -29.18497658 -11.61474133
47 -37.41169357 -25.47120476
47 -60.06613541 -9.060027122
47 6.850772381 -61.80443573
47 -28.58975983 -46.43503952
47 -70.01513672 -34.03215027
47 -76.2016449 -2.45391345
47 -92.1818924 -26.44458389
47 -46.62931442 -39.41859055
47 80.34726715 -71.90007019
47 11.71062374 -47.52694321
47 -43.42190552 -49.40641403
47 -23.07684898 -47.92041397
47 -99.71481323 -38.20500565
47 -57.08253098 -27.71951866
47 -110.4374771 -23.59436226
47 -95.12030029 18.99859619
47 -114.4679489 -2.02114439
47 -118.7073212 -32.37767792
47 102.0914307 -65.02227783
47 144.1315002 -58.11207199
47 50.64352036 -56.76004028
47 -100.973175 -45.71314621
47 -79.26724243 -23.65745544
47 -70.91136932 48.9054985
47 -89.64952087 -30.08409119
47 -112.4080887 -26.62896156
47 -118.170372 46.14168549
47 -115.6096802 -21.27641106
47 -161.1152802 40.26034546
47 128.9570923 -55.56814957
47 168.7341003 -61.10706329
47 45.46155167 -98.93012238
47 -61.91077042 -70.31020355
47 -29.07789803 88.04486084
47 -122.4965134 72.96311188
47 -96.10182953 14.32224846
47 -226.1020813 24.21717644
47 140.3498993 -65.21736908
47 113.6210785 -109.2883759
47 46.4417038 -89.07852173
47 -26.31314468 -72.49909973
47 -55.99921799 76.34829712
47 62.7364006 103.4002533
47 -114.9085999 119.1189041
47 -111.2191086 12.40258503
47 -50.79236603 41.33262634
47 -242.1143494 23.57824898
47 127.4456635 -70.56484985
47 124.1111603 -142.6199188
47 60.56179428 -94.30523682
47 82.06039429 -85.54502869
47 -11.37264633 -114.0598221
47 28.65452194 -109.7059784
47 18.5244236 -71.28022003
47 85.22802734 101.7319794
47 85.13708496 91.28028107
47 82.52345276 113.2410736
47 94.26039886 106.5009232
47 -147.3265991 169.7654419
47 -160.2281647 1.888639092
47 6.257962704 69.7386322
47 121.9351654 -76.28485107
47 68.1716156 -84.50337982
47 113.5550461 126.9444504
47 119.3397675 98.93702698
47 -178.9009094 202.2751007
47 -4.629024506 52.44129562
47 9.968517303 78.86833191
47 74.11468506 91.91638947
47 110.9503555 -67.0035553
47 85.97277069 -65.73696899
47 201.5904694 142.997879
47 110.2921829 -62.36691666
47 222.9704285 153.9127808
47 220.6085663 133.9638977
47 233.5967407 124.1977921
48 91.67812347 -24.92844963
48 107.4790649 -4.925325394
48 95.18887329 -46.8748436
48 114.5379181 -17.72679138
48 85.14084625 -78.07350159
48 125.3946915 18.08836937
48 147.9619751 2.21972394
48 116.6839294 -14.56569862
48 37.15250015 -105.3260345
48 110.647934 -26.19421577
48 25.57712364 -80.57053375
48 110.6384277 -71.4074707
48 26.66254997 -120.1876373
48 137.3055115 56.09479141
48 175.8818817 39.74101257
48 139.4437561 5.881340027
48 28.99033356 -103.3701706
48 37.62113953 -123.7094879
48 -6.202770233 -87.54363251
48 -53.06129456 -99.06268311
48 160.9303436 -80.33205414
48 78.65768433 -97.9484024
48 128.5661926 -47.12917328
48 23.03263092 -125.1686859
48 7.096615791 -134.6387024
48 146.9280701 162.7072754
48 183.692276 5.527329445
48 263.5982971 63.6744957
48 149.6305389 29.99152184
48 43.5530777 -99.17450714
48 -10.13084984 -154.0682678
48 -112.1420059 -102.0823364
48 -46.90018082 -86.11997986
48 138.27742 222.5422363
48 117.8386002 263.0304871
48 99.77910614 168.4833679
48 88.31931305 256.5408936
48 129.7865448 247.4343109
48 9.108681679 266.8092041
48 66.02445984 112.1889267
48 127.3618164 94.88263702
48 -1.203721523 288.9093933
48 128.6181641 264.8774109
48 -84.91131592 238.1563721
48 6.554258347 311.8957825
48 1.5196805 73.10063934
48 -39.9324913 253.3032684
48 18.95368958 330.9854431
48 -101.7392273 207.1434479
48 -59.38572311 304.6390991
48 -27.43624115 87.22842407
48 -58.78672028 28.92016411
48 -99.96026611 -14.25848579
48 -160.6431732 -93.66117859
48 -215.2351685 -102.5430145
48 -127.1561203 -105.8759613
48 -247.7708893 -122.9251175
48 -175.2396545 -88.59815216
48 -42.82773972 -135.9057617
48 -330.4279785 -166.7985229
48 -183.7880554 -86.55856323
48 -7.155596733 -106.2933655
48 2.691465616 -150.2644653
48 -429.1929321 -195.2387543
48 -235.3907166 -84.82833099
48 70.81245422 -119.3373108
48 -11.29701996 -78.36315155
48 49.2276001 -188.3739166
48 21.62712669 -149.8738098
48 -653.1017456 -289.7700806
48 -455.1530457 -194.4010315
49 43.80243301 -131.0297089
49 17.56583977 -138.0122223
49 71.80093384 -100.4965363
49 40.26209259 -111.9213638
49 52.7701416 -70.69820404
49 -19.43252563 -140.558548
49 93.48545074 -68.94873047
49 105.6251144 -73.53037262
49 68.02057648 -28.3956871
49 -240.8316193 -224.7828827
49 62.53134918 -69.73635101
49 66.44451904 -41.82112503
49 36.94297409 11.87579632
49 112.1749344 6.37924242
49 -431.183197 -291.3648682
49 82.71627808 -27.31872749
49 60.06806946 -20.32358932
49 45.11963272 35.30730057
49 -28.08693886 14.81234455
49 98.02781677 28.7332859
49 124.5986481 -14.68235588
49 -594.5007935 -356.9258728
49 105.7644577 33.67940903
49 32.8744278 -35.0521698
49 50.09846497 58.87825394
49 -77.2857666 39.27776337
49 84.4499054 48.62710953
49 159.8817139 -43.03145981
49 -587.9708862 -318.0574646
49 -582.6066895 -347.7703552
49 138.4671173 36.54905319
49 193.205368 95.72144318
49 64.7759552 72.769104
49 -143.078949 42.67608261
49 57.66758728 66.00429535
49 228.5444794 -53.83681488
49 -555.1724243 -296.6992188
49 -459.1821899 -312.4419861
49 236.5251465 105.3846359
49 215.2587128 83.96220398
49 49.93530273 68.66299438
49 -189.0718689 63.37628174
49 -176.4111328 41.54481888
49 108.8211441 50.75185394
49 -17.67608452 61.24343491
49 51.80558395 63.5532608
49 228.6697083 74.99111176
49 52.59768677 70.9874649
49 194.3569946 59.59332275
49 39.69353485 71.36839294
49 -77.86964417 80.00720978
49 -76.59770966 51.61462021
49 63.68179703 38.38024902
49 276.7513733 13.09514236
49 204.129715 79.42654419
49 64.20624542 83.22320557
49 263.3576355 68.05125427
49 40.12318039 91.17157745
49 -139.0113831 79.37580872
49 -125.689415 60.53391266
49 139.5939026 97.09529114
49 57.69272995 99.2075119
49 322.1027527 79.15631866
49 302.3813782 71.42565918
49 247.1760101 57.13220596
49 78.22753143 111.8185349
49 -162.1940155 74.84367371
49 -135.6248627 66.67647552
49 -120.0076981 62.84787369
49 114.5849609 111.0435333
49 -178.2754059 36.62432098
49 119.004776 127.1554642
49 -163.0843964 39.76808929
49 -156.9932861 64.84580994
49 -158.750351 87.97927094
49 -171.7737732 78.22717285
50 36.45655441 19.44589424
50 -11.94871712 -10.01838875
50 116.7939377 14.52539921
50 68.44698334 33.30670929
50 12.75529099 2.485302448
50 -84.980896 -37.25475693
50 164.4768524 -2.360978365
50 12.99252701 -4.410211086
50 -69.87518311 -69.74920654
50 -137.5631256 -55.57476425
50 165.9394836 17.74844551
50 244.0681915 43.47652435
50 -16.41489029 -10.14367867
50 43.93238449 -15.66269875
50 -45.45432281 -45.68987274
50 -116.8999863 -79.54071045
50 -152.0621948 -79.75582886
50 -159.4894409 -72.93954468
50 246.0441589 58.74732208
50 258.2298889 12.63727379
50 -24.11932373 -12.36074066
50 47.15396118 -32.60810852
50 -28.10000038 -23.73290443
50 -192.5006866 -116.6845169
50 -118.6518402 -53.11889648
50 -153.0508423 -95.77552795
50 244.8034363 57.49032211
50 -4.557510853 -16.42894554
50 -27.10750771 -10.3838768
50 -21.8833313 -29.05555534
50 -96.03249359 -47.38136673
50 -148.9055328 -124.1172638
50 -153.2953644 -117.9579697
50 -126.7679977 -73.04219818
50 147.041275 57.67516708
50 -6.274594784 20.30432129
50 -102.2928848 -43.24026489
50 -169.2936554 -126.7121048
50 -76.73294067 -37.08246231
50 103.4599609 96.42722321
50 -16.64999771 24.46374702
50 41.81599045 14.23399258
50 -220.3192291 -56.05652618
50 -161.4484558 -135.1271057
50 2.384184122 -25.14391327
50 64.77920532 118.4782257
50 10.35082531 65.8346405
50 148.1577911 108.0966568
50 -21.5459938 43.83931732
50 119.0209427 54.46177292
50 -95.21305847 44.08607864
50 175.5065613 114.9172363
50 177.0513153 149.1821594
50 -139.8892059 21.46626282
50 180.0728302 124.7497559
50 -146.2184906 -7.252795696
50 -183.4688721 29.23302841
50 222.7316132 195.0418091
50 174.5421448 124.0092239
51 -254.3884277 -88.90831757
51 -238.4709473 -44.0447464
51 -215.1903381 -19.56760216
51 -159.1033478 -23.09604836
51 -160.1400909 -22.10736084
51 -70.81742859 6.003781796
51 -225.8298035 -10.33133698
51 -178.4171295 -10.81483364
51 -36.74328995 24.56462288
51 -19.21683693 -16.59276772
51 -168.671402 -34.70981979
51 19.96189117 45.18293762
51 -91.95560455 -27.92296219
51 45.30433655 -7.35373354
51 -177.5571899 -24.96170425
51 34.6692009 54.12123108
51 97.4125824 34.44375992
51 42.90943909 17.63598442
51 -122.1860809 -19.90423775
51 89.59474182 34.94968796
51 10.37146854 -75.88825226
51 71.57517242 24.08764458
51 -187.4120331 -45.24906158
51 -208.2837677 -24.48169899
51 83.85102081 12.36196423
51 -146.7450409 -14.72074413
51 12.80932522 -112.659996
51 -169.3609009 -69.2694931
51 92.73135376 22.37062836
51 -139.4285736 6.472189903
51 37.25465393 -120.6472092
51 -27.73895836 -143.8714905
51 66.31288147 8.613515854
51 106.8054657 59.97297287
51 16.55295372 5.268264771
51 199.9862823 91.12838745
51 85.39045715 26.50179672
51 136.6395569 95.22699738
51 200.7285461 90.80885315
51 47.36772919 54.76235199
51 82.13072205 14.51864433
51 82.61664581 31.83503342
51 211.444046 123.4647903
51 35.78398132 7.395982265
51 122.0301819 46.06723022
51 35.05170441 6.339149952
51 37.06784058 -5.495127678
51 134.3697357 47.88497162
51 -13.37487793 -8.263738632
51 65.17534637 20.37549591
51 184.9989777 39.21587753
51 158.2393646 58.82331467
51 120.0743866 33.18994904
51 -54.57931519 -17.65756989
51 12.34293652 6.266860008
51 33.05417252 -8.116812706
51 91.48344421 -7.683719635
51 112.6466217 49.90734482
51 218.9764709 31.03917313
51 94.56607819 38.29887772
51 -54.66515732 -14.58441639
51 -32.26946259 -55.9513092
51 -40.9771347 -11.16204453
51 -36.06420898 4.179280281
51 13.49751949 -12.4131403
51 134.0225677 -23.76597214
51 100.8732605 -12.87117767
51 -59.93175125 4.720762253
51 -38.71762085 -81.43621063
51 -76.84537506 -0.06153396145
51 -40.33053589 -29.68404198
51 -62.09242249 -2.137996674
51 6.28122282 -20.26664925
51 -77.45121002 -9.34518528
52 26.92124367 188.8382416
52 67.96181488 239.5603943
52 53.10072327 126.0289154
52 69.05648041 317.7738037
52 122.9491806 93.17418671
52 -0.2867965102 336.5866394
52 165.3932343 71.77793884
52 119.5240707 43.83913803
52 145.7816925 23.79828262
52 130.6794891 19.52388191
52 92.2743454 -2.565300703
52 96.8993454 -3.299229383
52 153.4251556 16.40706444
52 36.85365677 -21.64356613
52 195.4042969 -51.74441528
52 -6.483775616 -54.73182678
52 164.2182922 -29.73320198
52 20.52942657 -18.96219826
52 129.5670319 6.11842823
52 -35.17354965 -31.4425354
52 75.04305267 -24.38117981
52 258.3314819 -24.53673935
52 61.65897751 -29.58550453
52 11.70607567 -58.80145645
52 -21.46192932 -44.76527405
52 34.00082397 -42.99918365
52 192.0056305 -25.37291908
52 -42.22235489 -41.97045517
52 150.2583923 46.5976181
52 -136.616684 -39.45187759
52 -26.13318062 -29.55767441
52 -70.73866272 -52.92727661
52 330.5524292 25.84404373
52 62.41849518 -33.02297974
52 -48.62443161 -36.08569336
52 -24.84145737 -57.98405075
52 31.25968552 -19.12699509
52 188.8323822 -24.28396797
52 -100.8914566 -49.21631622
52 -202.5556488 -46.75525665
52 1.614036679 -31.95101166
52 -7.525427341 -0.1375805885
52 73.17451477 -44.70357513
52 -75.716362 11.54386139
52 -109.8646469 -12.3043108
52 -68.66999054 -82.23994446
52 11.74332237 -34.9682312
52 -177.7819824 -56.40563202
52 -206.6237793 -33.80450821
52 -287.3742676 -99.68400574
52 0.1567917168 -37.93310165
52 79.82543182 -60.81577301
52 -1.736421108 31.84911537
52 -120.7984314 20.64190674
52 -99.4957962 -10.74148273
52 -82.55931854 -17.77555466
52 -105.7036285 -100.3725739
52 54.18658066 -0.3321173191
52 -262.2688599 -89.35903168
52 -164.3364716 -13.53732777
52 -285.2566528 -111.7828217
52 23.70833206 -53.23625565
52 -140.3553162 50.92995071
52 -85.76455688 18.48770714
52 -145.7586975 -28.13219261
52 -132.9016876 81.47168732
52 -154.4930725 44.36994934
53 179.7945557 51.01845551
53 198.9304199 36.94348526
53 230.3743439 41.93599319
53 219.7419891 -12.97858047
53 190.366684 54.91075897
53 227.8488464 49.37556458
53 233.7641144 -89.69850922
53 228.8708496 -14.78927803
53 131.4526367 28.44140625
53 224.5038757 56.48083115
53 259.0104065 -115.2079468
53 170.9400482 10.36240196
53 87.35237122 24.01373291
53 141.2064514 17.20074272
53 95.47684479 3.87559557
53 224.0239868 50.85845947
53 275.7019958 -148.2045746
53 248.6787109 -121.7905502
53 124.2079239 11.23514271
53 30.42412186 3.782925844
53 93.45810699 26.95789528
53 174.5005951 0.09718538821
53 235.6133575 -144.2947083
53 -5.748222828 -26.93082237
53 50.98527145 -7.978261471
53 239.9327087 -143.7600403
53 -30.466959 -39.8249321
53 -15.33601665 -85.78752136
53 -38.76214981 -44.48989105
53 250.5466309 -168.9593811
53 -68.46780396 -82.85439301
53 -96.7149353 -56.27424622
53 251.8396454 -148.2451477
53 -92.13960266 -105.0097504
53 -100.6434174 -26.23892212
53 -134.6434479 -66.20163727
53 -111.3072357 -139.4741516
53 -141.8196106 -115.3115234
53 -186.9971619 -41.26127625
53 -27.50929642 -32.81236267
53 -256.9335632 -36.93151855
53 -305.0859375 -39.00456238
53 -335.927887 -31.04137993
53 -306.408844 -39.3528862
53 -311.03479 -44.02185822
53 -282.956604 -35.13101959
53 -219.3820648 5.736407757
53 -49.06445312 59.92308044
53 -366.6199341 -40.67518616
53 8.187257767 66.31438446
53 -40.82865524 90.44901276
53 -471.1252441 -59.35781097
53 20.02288055 13.44928169
53 53.40793228 67.58907318
53 -22.76669502 97.06911469
53 -505.9482727 -98.82512665
53 94.9774704 -16.22519875
53 106.8794327 64.69166565
53 -55.9436264 149.4501953
53 -1.283224463 73.39446259
53 -580.4256592 -133.8634033
53 129.0048676 -1.102713466
53 -12.16026211 164.8266296
53 -61.61665344 158.7815094
53 -9.991499901 177.6911926
53 -137.3538971 130.3486328
53 23.15929985 52.54958344
53 152.6237946 5.338212013
53 -62.6696167 173.3058319
53 -41.12437057 142.1201172
53 -41.19697952 159.958252
53 -163.6637115 99.92382812
53 -169.7823792 124.0368423
53 83.23879242 12.6094017
53 170.8015137 -3.136446476
54 14.21460152 73.16395569
54 54.22898483 44.1330719
54 93.57821655 126.2782364
54 -102.9237213 60.84846115
54 58.11045074 -4.26873064
54 131.7947845 113.5877533
54 131.5255127 97.17735291
54 114.4765244 129.8759308
54 239.8546295 97.84575653
54 154.8985748 155.4712372
54 150.4588013 141.0299072
54 259.7166138 77.30044556
54 120.4442139 168.6936493
54 233.6104431 31.47490311
54 70.62374878 177.9818573
54 136.8035736 -10.30891418
54 -48.37878799 109.4704895
54 89.70590973 202.0154724
54 77.73399353 -38.54072952
54 -114.2366714 64.35478973
54 -97.2098465 88.11606598
54 127.2557678 215.1672821
54 20.8580761 -70.18486786
54 64.97579956 -37.03226852
54 -136.7007141 -4.104406357
54 -106.4109421 98.25566101
54 17.77080154 -74.32666016
54 65.82455444 -30.47855568
54 -130.2009277 -41.78204727
54 -166.5301819 -37.5753479
54 116.1115875 1.397634625
54 52.36796188 -14.14170933
54 -125.2493439 -55.72953796
54 -155.8699951 -69.95088959
54 -174.0875244 -61.18655396
54 298.3090515 73.29872894
54 -19.40565491 -87.59222412
54 -160.5140533 -83.19432831
54 -163.986618 -98.50255585
54 -110.0490723 -80.66971588
54 -276.4945068 -82.25400543
54 365.7375183 103.2816544
54 409.8362122 152.1061707
54 -92.90098572 -87.13090515
54 -128.0006561 -60.18915176
54 -145.0250854 -95.51076508
54 -196.197876 -42.26012421
54 476.1001587 145.3806915
54 468.4945984 157.2927246
54 386.5999146 146.3741455
54 443.3504639 162.7951355
54 -224.1479034 -152.1382751
54 -113.1214371 -100.4947815
54 -139.0827484 -108.8529129
54 -222.5092468 -133.5671844
54 -236.1792297 -84.77867126
54 -131.1105804 0.1706611961
54 483.2227173 147.3749847
54 436.9083252 150.4690094
54 -237.0714569 -135.9141693
54 -235.3984375 -158.1363983
54 -116.1991653 -133.9507141
54 -75.78174591 -123.9963074
54 -240.6361847 -140.6161804
54 -279.4233093 -105.6310883
54 -248.3517303 -104.7802124
54 -269.3023071 -93.26670074
54 476.6793823 187.5995636
54 -165.8803101 -161.7879028
54 -124.32341 -151.0183105
54 -132.6499634 -105.4013214
54 -270.5183411 -147.4714966
54 -189.001297 -95.55491638
54 -333.6166077 -119.7622452
54 -369.427948 -158.763031
54 -344.3764954 -111.0746002
54 506.3003845 194.0889893
55 -251.1062775 -205.2494965
55 -209.9179993 -156.3787689
55 -276.3365479 -246.4374847
55 -181.6253967 -141.7397156
55 -256.9326477 -256.5549927
55 -103.1759415 -96.90592957
55 -292.0931396 -300.2474976
55 -133.1251831 -44.47047806
55 -134.2010345 -126.9791412
55 -125.8655624 -34.40676498
55 -104.7930832 2.8732481
55 -146.5198212 -150.9553986
55 -138.3136597 -20.72772789
55 -90.36316681 -16.03798103
55 -109.0381699 0.03644759953
55 -234.159317 -76.18223572
55 -44.92074966 32.66092682
55 -150.8589172 5.539847374
55 -23.1065464 8.701496124
55 26.59143066 57.89198685
55 45.31304932 40.73762894
55 68.83705139 48.20544434
55 91.30007935 81.38939667
55 62.38418579 -18.05257797
55 97.41104126 34.31176376
55 85.17982483 78.25476837
55 75.25362396 -21.31666183
55 122.1567383 30.29545403
55 113.2159805 29.61086082
55 174.5669708 59.5243988
55 76.20652771 2.901307344
55 25.92103386 -20.27738571
55 141.5801544 28.08806038
55 129.4373779 20.41428375
55 201.7087555 89.12795258
55 117.9906311 36.61116791
55 64.52125549 21.24270058
55 -22.70667458 -32.45790863
55 123.9860153 38.1542778
55 193.651123 121.2062912
55 28.9937706 76.39478302
55 96.07300568 28.49246979
55 84.947258 62.44618988
55 103.9997253 45.00688553
55 21.03068733 109.4567184
55 -34.12267685 62.49488831
55 87.80493164 34.44475937
55 99.90000916 87.23358154
55 86.66981506 60.22370148
55 -108.7232437 32.71030426
55 92.82059479 25.1593914
55 63.17961502 18.61441231
55 148.2025604 28.78893471
55 128.265625 130.226181
55 97.98033905 72.86417389
55 -137.1871338 30.64591408
55 84.76464844 33.94037247
55 19.31554413 2.022720098
55 128.9877625 91.64748383
55 -181.3554688 32.34070587
55 80.39939117 32.44368744
56 36.57657242 44.66412735
56 63.63128662 17.25824356
56 33.74598312 59.05619431
56 47.96358871 20.74694633
56 192.079483 38.54527664
56 45.76934433 -2.335236788
56 32.97437668 109.5723343
56 45.02535629 -25.38686943
56 50.05163956 59.03674698
56 118.6459579 2.770178795
56 172.6599884 48.88567734
56 -23.10884285 -35.68490982
56 -8.302313805 150.7120056
56 65.61152649 -21.20708275
56 95.24658966 36.63545609
56 104.1429214 100.8609467
56 75.90303802 -41.25211716
56 97.3862381 -29.08762741
56 -63.26287079 -57.53413391
56 -70.52940369 178.9806824
56 54.24078369 -25.83453178
56 91.63707733 94.87284088
56 114.466217 132.4224701
56 42.78175735 -44.0880127
56 33.69047928 -75.59243011
56 138.9884491 184.98172
56 -15.3868475 -53.21370697
56 24.77465439 -97.32184601
56 16.29138374 -96.40724182
56 -13.7050333 -76.65753174
56 42.95922089 -53.59238052
56 111.6247635 168.1174164
56 172.1231689 197.1103516
56 -59.06245422 -61.20093918
56 15.76789188 -143.511673
56 11.77566814 -105.2011337
56 21.08555412 -116.9601364
56 -12.76821518 -91.90050507
56 -31.54077339 -76.20343781
56 17.99247169 -31.65942955
56 26.08085442 -41.16374207
56 132.4621277 170.8522797
56 -112.2767258 -50.82999802
56 -1.844800472 -23.43367195
56 -86.21742249 -17.47971916
56 60.82312775 -33.94460297
56 -177.0998077 -51.77752686
56 -42.4030571 23.53936768
56 -90.10651398 -11.41886997
56 -45.12281036 15.77107143
56 70.389534 -24.32969666
56 -204.0695648 -67.65670776
56 -173.4313812 -56.67449188
56 -204.7465973 -38.15015411
56 0.6497812867 44.97547913
56 -58.8555603 57.28956985
56 -118.7779999 12.39325333
56 -6.838748455 50.52255249
56 67.9223938 -28.27303314
56 -237.421814 -65.13162994
56 -150.2804871 -112.0666809
56 -219.9161224 -24.26171875
56 34.24972916 66.71355438
56 -161.5016327 -8.592282295
56 -17.31924248 76.15858459
56 68.27145386 -64.50944519
56 133.3158264 -27.51565933
56 -190.7126923 -133.7033844
56 -136.0749359 -114.8280106
56 39.40972519 66.84293365
56 33.18255234 55.07846451
56 -268.7034302 -1.126576424
56 -9.41181469 67.39131927
56 76.81811523 -108.4057083
56 38.84095001 77.93976593
56 40.77005386 36.4080658
57 17.95339775 120.67099
57 -15.58871841 99.28514099
57 68.86343384 137.5390472
57 -10.67855549 40.73155594
57 99.41802216 155.154541
57 3.084466934 -5.173276901
57 142.377594 153.984314
57 -15.43378067 -33.31634521
57 50.75091553 -14.50013447
57 156.4355011 141.6701355
57 9.735897064 -39.1763649
57 -75.01950836 -65.61911011
57 140.0857697 123.3636322
57 33.38291168 -40.99478531
57 -27.68524933 -44.57650375
57 -128.1741638 -94.62014771
57 -86.56912231 -102.9539642
57 168.6342621 121.6073151
57 246.2182922 133.4388123
57 147.0834351 128.0585938
57 116.257988 -21.53328323
57 24.97930717 -8.579929352
57 11.03295994 -37.92857742
57 -91.31697845 -51.60821533
57 -44.57762146 -39.79857254
57 -44.99559021 -81.70743561
57 -148.4357147 -139.0511322
57 224.0411682 170.5482483
57 109.1092911 127.7402039
57 228.3602142 161.5735016
57 199.0567474 56.16799164
57 26.74832535 31.02310371
57 -14.93538857 -37.5489769
57 -123.9074631 -54.52870178
57 -121.2367783 -50.88251877
57 9.169226646 -68.77274323
57 -187.1298828 -163.9917908
57 -228.7539825 -155.1850891
57 -253.0267944 -180.9932709
57 246.2378693 197.1024933
57 63.48482895 75.94646454
57 233.0369568 170.1153107
57 207.2595673 -4.392260551
57 -3.74835968 26.38584709
57 36.7280159 49.78145599
57 -80.02478027 -84.33514404
57 -122.1718445 -56.71415329
57 -162.9627838 -53.83366013
57 -125.2954788 -53.04687881
57 -140.2808685 -56.98353195
57 -130.220871 -69.76049805
57 53.32744598 -65.64768982
57 -215.8461456 -191.3836975
57 -268.7369995 -179.6505585
57 -357.8885803 -229.9742584
57 288.2948303 215.2872314
57 -136.506897 -58.41238785
58 10.28296947 -10.29787827
58 26.5078125 11.01612949
58 15.04956913 -23.38806152
58 33.03122711 25.58598328
58 -11.21327591 24.84351921
58 65.88376617 -15.18394089
58 26.23279572 39.92169952
58 47.63718414 23.37380219
58 -63.02936935 8.314836502
58 -92.1088562 18.86730957
58 -18.92058754 38.29726791
58 93.76177216 -5.985889435
58 129.9536896 -63.01977539
58 -0.1272714287 48.91921997
58 67.92672729 49.08777618
58 126.4240189 -5.59995079
58 120.9558105 -69.95368958
58 166.3015289 -94.30635834
58 26.68287468 94.43464661
58 144.144104 46.38668442
58 79.96067047 68.30228424
58 83.50652313 49.81380844
58 110.9423904 -93.03964233
58 190.8733368 -63.02210236
58 177.1397858 -114.7703018
58 159.715332 -98.06762695
58 -58.25868607 76.80537415
58 25.32533646 77.77371979
58 -20.08213806 88.95679474
58 138.0907898 30.12627792
58 129.5407104 92.35333252
58 177.148819 -131.1192474
58 -147.087616 77.67141724
58 49.74487686 78.49572754
58 -106.0095139 90.69597626
58 72.00351715 -35.53042603
58 -158.1016541 92.829216
58 41.16545486 -25.91929436
58 92.98988342 -61.0234642
58 -138.8996277 103.7087097
58 -146.1484833 111.3558807
58 -68.31529236 -24.28937531
58 30.40991974 -108.7282028
58 100.1773834 -52.19445038
58 -162.6355591 96.50074768
58 -85.0610199 119.6796036
58 42.28876114 -114.5020905
58 -57.34843063 -110.9473648
58 138.8698883 -37.9539032
58 -104.2593613 114.7021637
58 -211.2342529 110.5100784
58 -109.3174667 91.15193939
58 -128.7021179 -125.7037964
58 -47.89041901 -120.0061874
58 165.8795929 -22.13148499
58 -99.53308868 78.80530548
58 -157.9239655 -126.0027237
58 -198.7784882 -147.7650604
58 195.3650208 6.874656677
58 -119.0562286 85.2173233
58 -98.10124207 72.34503174
58 -89.41510773 68.99908447
58 -222.0738678 -135.7143555
58 -178.0066376 -179.3043671
58 -204.2735901 -97.25234222
59 -99.0739212 -273.6053467
59 -82.2276535 -245.6194305
59 -81.45796967 -223.0675659
59 -100.3783493 -161.2528534
59 -144.647934 -169.3139954
59 -86.28982544 -159.0228424
59 -20.56989479 15.8394928
59 -61.54000473 -105.1783295
59 -71.79447174 -157.0437317
59 -45.31921005 54.02949524
59 -109.9490356 -114.0713882
59 -73.71207428 -138.373291
59 -14.2845583 119.9605713
59 -25.84115791 -22.21689034
59 -157.0062866 -126.8833694
59 -70.87400055 -124.5960617
59 64.75710297 144.4013519
59 -17.43931007 99.11373138
59 -25.49183846 -45.710186
59 -40.34517288 -1.957823277
59 -198.2335815 -135.4624481
59 -61.79999924 -113.9214706
59 145.1557465 87.66650391
59 30.34181023 116.1320648
59 -78.76672363 95.75759125
59 -89.68067169 33.2317276
59 -88.73670197 -16.00172806
59 106.0658112 96.82634735
59 -243.3925476 -140.8134766
59 -98.77264404 -188.8953094
59 195.2518158 94.4148941
59 54.630867 110.7137909
59 -137.1616974 90.53040314
59 -98.10974121 97.44972992
59 -126.1253662 48.50905609
59 -98.98796082 -37.94583893
59 83.54426575 74.99342346
59 229.9915619 109.5108032
59 209.6915283 145.3026123
59 -182.9242859 -117.5894547
59 -257.9023743 -119.023613
59 -130.379715 -232.8166504
59 -77.74713898 -179.481781
59 215.33255 85.78852081
59 207.1908875 127.2671432
59 223.3881683 107.4228058
59 89.03981781 128.3503418
59 -171.1359558 62.34345627
59 -107.3981552 114.0270691
59 -109.4892731 76.89163208
59 -104.057991 -5.867237568
59 -117.8694382 -66.11207581
59 108.7648239 103.0589371
59 88.28500366 73.29279327
59 240.504776 158.4477692
59 216.5362091 167.1048737
59 202.1875916 142.1300049
59 255.997467 161.3029022
59 -177.9753723 -100.9179611
59 -332.7420654 -136.350769
59 -175.4957428 -264.8406677
59 -88.53414917 -128.7947693
59 -50.14033127 -193.7906189
59 286.0498657 59.32134628
59 265.1384583 155.6437225
59 281.4525452 32.98887253
59 -205.4243927 42.72252655
59 97.45252991 60.00094604
59 233.8890686 194.0601501
59 257.8513794 153.6508789
59 201.9854584 170.6027679
59 233.6314087 177.1604767
59 266.9767456 161.6578064
59 -153.8604736 -103.0823135
60 -3.544306278 -27.72232437
60 -0.3563398123 2.182824373
60 -41.14960098 33.57765198
60 41.31095123 2.245378256
60 -13.77199173 57.73603439
60 -63.10083771 26.84666443
60 102.0780334 2.484294891
60 104.9865875 3.376700401
60 4.194984436 -25.93492699
60 -46.26861191 -33.48099518
60 -84.37887573 -41.31129837
61 86.4984436 -192.1628723
61 103.4319382 -149.831543
61 114.8549728 -139.426178
61 150.6822205 -88.85281372
61 181.9718933 -52.37684631
61 212.1987152 -10.84954453
61 245.7866974 -6.432694435
61 165.8971405 1.369195938
61 138.9263153 6.905344963
61 170.2050781 -11.47448254
61 116.6844177 23.82792473
61 178.0396576 20.84293747
61 188.7463379 -23.78259659
61 187.9996796 -14.12195778
61 195.6592865 40.086586
61 231.442627 -8.430001259
61 206.7259369 45.15963364
61 230.3518829 24.69075203
61 205.1657257 -10.07001686
61 147.3149567 38.5941925
61 121.572258 7.949779034
61 120.1796265 34.57601547
61 66.73391724 7.442263126
61 96.86979675 15.30794334
61 70.23423767 21.85194016
61 68.46883392 44.67795563
61 52.20166779 -9.348767281
61 81.28292084 3.633799314
61 120.6805496 18.36252022
61 29.4385376 28.71247292
61 63.98283768 45.27882767
61 -44.39558411 50.00268173
61 48.11275482 -12.95491219
61 48.65744019 21.92262268
61 11.9384346 34.45123291
61 -22.20330429 38.85013962
61 -98.06025696 51.1764183
61 -51.08433533 70.77021027
61 -3.514382839 59.45714951
61 -75.39585114 19.94724655
61 -134.3361511 74.39881134
61 -114.188942 35.65163803
61 -134.5927124 20.18213844
61 -86.46517944 93.8384552
61 -87.26582336 51.42215729
61 -105.8159485 103.7345734
61 -126.8185501 6.486348152
61 -168.9656677 30.10420609
61 -238.9469757 -28.99742126
61 -139.0177917 96.05922699
61 -105.1303177 34.51543808
61 -119.4732513 103.9756012
61 -73.97457886 136.4334564
61 -121.8351669 102.0642014
61 -121.4808273 -44.53197479
61 -215.9710999 18.43391228
61 -291.9837341 -60.83974838
61 -130.8789978 75.10115814
61 -141.4985809 116.5551987
61 -86.2285614 -87.83200836
61 -354.783905 -94.44746399
61 -86.97315979 100.6015778
61 -137.1853027 140.0783234
61 -57.25095367 -106.9993439
61 -354.4515686 -99.63398743
61 -4.624398708 112.5508041
61 -29.994524 -164.5362396
61 -14.10814667 135.4079895
61 13.10651016 111.6667404
61 -115.3533859 -203.603714
61 45.99712753 -165.0517426
61 44.36072159 -136.692688
61 21.06601334 110.3553085
61 -187.0973053 -247.8480225
61 -158.2386932 -237.3813477
61 -43.88490295 -176.9543304
62 -21.2931385 18.93906403
62 17.25455856 9.197317123
62 -51.44431305 41.05864334
62 -9.402248383 11.00337505
62 -9.384719849 17.99874115
62 28.86919785 8.610076904
62 29.71802521 14.20800591
62 2.203915119 11.41418648
62 50.65947723 60.60544586
62 68.21456909 29.65791512
62 -12.53281879 3.792819262
62 47.24379349 20.77279472
62 3.124581337 12.16955471
62 66.55574036 57.77536011
62 41.63909912 26.50153351
62 159.4080353 52.39644623
62 4.370950699 33.76625824
62 -48.04613495 -3.615710258
62 -12.18684673 -13.76862717
62 98.3518219 36.13975906
62 -59.73237228 -4.502893448
62 79.3062439 22.32938194
62 111.4766083 51.68214798
62 45.8760643 44.35601807
62 17.29005432 58.05550003
62 226.0382538 32.86061096
62 -66.30739594 -4.046812534
62 -21.44685936 -47.32750702
62 69.77843475 28.29411316
62 -27.10781097 43.84124374
62 -114.1072617 -1.089602232
62 73.45910645 11.55779743
62 81.57790375 23.53594589
62 26.88383484 42.10223007
62 146.6526031 83.38604736
62 -34.0968132 77.56560516
62 239.5824432 44.10048294
62 198.6795044 40.09063339
62 -59.55289078 -43.97227478
62 -161.6400299 -61.13109589
62 -79.71221924 58.16690826
62 126.3023911 10.76103115
62 242.9371338 99.49797821
62 -107.4093323 67.60754395
62 274.3466187 64.50720978
62 264.9833679 47.18292618
62 -76.49003601 -82.99684143
62 -185.2438202 -69.62424469
62 -127.2246475 -63.10284424
62 -76.52069855 101.0546036
62 -146.1485901 68.82831573
62 -159.6878204 49.31918716
62 -114.3678665 58.47299957
62 264.1006775 63.36466217
62 -115.8406525 -77.91001892
62 -36.07819366 -98.96300507
62 -94.75184631 -60.39614868
62 -98.97537231 -92.99420166
62 -16.29489326 -85.12553406
62 -73.18245697 -107.7823334
62 -114.1752625 -140.5951538
62 -140.0949707 -133.579071
62 -142.9029999 -181.1997375
62 -153.6567688 -148.5571289
62 -160.1447906 -109.4195557
62 -179.700943 -126.8282394
63 -39.32607269 89.50132751
63 -16.15937996 96.47563934
63 -44.63171768 111.1808167
63 4.179950237 85.4249115
63 30.52043915 100.5864487
63 -71.48291016 124.4815216
63 -27.44972038 113.3102493
63 97.05776215 33.03506088
63 -56.77386475 108.3384781
63 -123.1069717 138.7657776
63 -136.5162811 167.0796051
63 -1.527907848 110.6981049
63 -29.31263542 125.842392
63 128.3625031 24.51259041
63 92.99807739 -18.21230507
63 -15.57566738 126.4239883
63 -81.10097504 139.4118958
63 -17.00210953 138.8987122
63 168.7201996 41.82444382
63 141.0065155 16.25079155
63 84.80726624 -80.09012604
63 6.889380455 139.1752167
63 244.8110657 52.9904213
63 230.5697327 33.58590317
63 66.29546356 -165.1954651
63 115.8868942 -60.44553375
63 -21.17093468 147.494751
63 38.9419632 147.9850616
63 77.41149902 -177.4793549
63 -14.24568272 -181.0815277
63 98.39797974 -49.42866516
63 -78.90748596 175.6636963
63 28.10519028 179.6693726
63 86.52468872 47.65097427
63 147.3425598 184.7980957
63 77.90579987 -219.6113129
63 96.29714203 -177.0929718
63 -10.92505169 -220.608963
63 -36.42201614 -178.2314606
63 67.36445618 -14.84166431
63 107.1314621 30.00379944
63 -15.44699955 -24.41053581
63 200.4155731 -91.43412781
63 33.78589249 -46.59130478
63 103.5205231 22.31155014
63 148.8285522 44.98619461
63 -29.58910179 -18.8669281
63 -122.6552353 -73.55783081
63 -29.28399849 -13.34407711
63 -10.58774185 -27.44013596
63 261.813324 -83.63358307
63 -19.80740929 -73.13684082
63 167.0168457 28.94237518
63 164.999527 39.16605377
63 108.9185638 14.54286385
63 70.83857727 1.987918496
63 -72.93318176 -7.15123558
63 -127.4371185 -54.96250534
63 -197.9765015 -112.0481567
63 -93.47278595 -90.53340912
63 19.95479202 -22.81335831
63 -9.227818489 -27.69677925
63 -36.4725647 -32.46663666
63 336.4639282 -22.22224236
63 -73.83217621 -103.7920074
63 -2.97789073 -47.34954834
63 -67.1112442 4.478914261
63 -162.8394775 -49.65500641
63 -270.218811 -114.6066513
63 -104.064621 35.57873917
63 -284.0689087 -103.577919
63 -369.8940125 -164.5424042
63 -293.1261597 -95.98874664
63 -345.8761902 -88.95399475
63 -293.5465088 -89.95943451
64 -70.17349243 -4.930504322
64 -38.3285408 -0.8973295093
64 -100.9543076 -9.644947052
64 5.06902504 16.10193634
64 -77.88425446 -26.75023079
64 4.550978184 10.07589245
64 -148.3537598 -26.53809547
64 18.98200226 10.23462391
64 101.8697739 53.23010254
64 26.04030228 28.20401001
64 -15.0151329 -7.254221916
64 -109.93293 -48.60259628
64 -124.7654877 -22.64220238
64 7.435820103 -7.442489147
64 10.23342705 -8.841643333
64 55.3468399 56.84905243
64 -43.56710434 -61.20864105
64 49.13609314 -13.85150719
64 -131.2464905 -20.25877571
64 62.12111664 37.53034592
64 21.57740784 -59.83122635
64 20.07414436 -17.86571121
64 37.16569519 19.22340202
64 29.64035225 -4.890100956
64 30.00249672 150.6808777
64 -112.0367584 -47.12097549
64 31.62070847 -39.75146866
64 90.40431976 -1.270559192
64 -169.2983856 -5.538785934
64 123.071106 9.832866669
64 16.59989738 61.88077164
64 26.36387253 -81.7016449
64 -19.86205673 -3.529616594
64 11.67301655 -2.994304895
64 84.40128326 -8.960875511
64 44.55399323 143.0598907
64 12.16241074 169.4463654
64 -116.9505157 -73.87545776
64 -180.0411377 -78.16786957
64 -60.80253601 -22.80093956
64 -131.2249603 -36.77466965
64 -6.195284367 -46.98170853
64 41.82134628 -40.28250885
64 98.91699219 30.7667923
64 105.7062683 -8.317929268
64 141.6760559 19.76246452
64 20.10367203 110.4136581
64 10.0942421 -130.3902588
64 -48.49331284 4.939282417
64 -52.65657425 -17.48352242
64 -1.873261809 -11.93982601
64 72.40058136 14.10149956
64 -218.1648407 -85.59760284
64 -10.87930298 -27.09993744
64 -133.9190826 -6.015110016
64 -166.7088623 -15.59911633
64 -46.01131058 -84.49652863
64 90.27812958 -55.67873383
64 107.8957901 -33.86840057
64 139.7118073 8.484808922
64 122.5573883 84.11860657
64 73.41886902 -38.69642639
64 183.3224945 60.91230774
64 165.3202515 -1.293414593
64 43.06117249 124.8141632
64 -1.041786432 123.0144653
65 -19.2909584 -1.644199371
65 -1.146028042 8.922550201
65 27.45174408 26.56197929
65 54.71834946 -10.0757637
65 27.21861839 15.41321659
65 -16.64290047 -7.899486542
65 51.09630203 44.95829773
65 20.75559044 -32.7117424
65 105.2676163 7.897322178
65 54.67478943 41.26240158
65 58.61183548 -36.74655914
65 -78.64732361 -63.24738312
65 55.6375618 47.50233459
65 75.70302582 44.68723679
65 103.7490463 20.34710884
65 138.9736023 38.84170151
65 -62.52235413 -30.06051064
65 -69.9180069 -152.7218323
65 -129.7223816 -95.62545776
65 57.27298355 44.36830139
65 59.48566437 58.022789
65 121.916153 35.81052399
65 81.616745 24.94673157
65 79.53544617 27.56879807
65 126.9274826 8.700948715
65 -35.2206459 10.40763187
65 -83.8891983 -112.73452
65 -111.9680023 -149.9948883
65 28.62981033 -77.60071564
65 -208.9886475 -126.7920532
65 43.70530701 40.48181915
65 33.28872299 44.47696686
65 58.64404678 40.23842621
65 35.48466492 29.34255409
65 116.3688431 26.14123917
65 5.480002403 56.11385345
65 -120.0416718 -137.4102936
65 -293.3174133 -188.5485382
65 14.51108551 -111.8983231
65 73.70368958 -25.47889519
65 9.705717087 48.96221161
65 44.72923279 61.52098465
65 97.50629425 32.02530289
65 130.5249176 74.42958832
65 12.09367657 76.95582581
65 60.36723709 86.11334991
65 -17.55903053 -143.1016388
65 161.4127045 21.8674736
65 32.1687851 36.88990021
65 103.103508 50.28391647
65 110.6078339 33.26156235
65 95.25111389 32.92596817
65 70.25791931 73.96369934
65 -15.96786594 117.3870163
65 104.5630264 98.86914062
65 74.75492096 82.40419006
65 -41.83624649 -162.5840454
65 252.6609955 66.24423981
65 29.28718758 19.20621872
65 102.6738434 66.8094101
65 106.0839615 30.47795868
65 14.27424526 3.612762213
65 60.10519409 104.7098389
65 -44.59943008 119.7371445
65 -27.39230347 125.7563324
65 111.8143234 83.74951172
65 -146.3859406 -75.28435516
65 81.68939209 116.4063187
65 53.64836884 107.9745789
65 -225.5916901 -98.53482056
65 -242.2987518 -128.8875122
65 46.37648392 126.6151123
65 41.65604401 119.682312
65 -288.0441589 -133.3139496
65 -257.1064453 -136.6517029
65 -317.9428101 -189.6055756
65 53.64295197 153.7327118
65 -372.4501953 -198.3590698
65 -283.7569885 -153.1398468
65 -259.141449 -134.9348602
66 -114.5102386 -11.20549583
66 -100.7158356 -47.10552979
66 -28.68061066 -46.32369995
66 -43.0595932 30.99647331
66 -101.7926941 78.39133453
66 -164.2241516 -43.98997879
66 -86.27748871 -49.04134369
66 -68.9564743 -25.04817009
66 -26.71548843 -39.8782196
66 17.64547539 -82.42922974
66 24.04154396 105.2162094
66 -84.92832947 121.914032
66 -109.4806213 -86.36981964
66 -39.69938278 -21.15358925
66 -38.16979599 -37.64438629
66 -23.18983459 -49.04256058
66 -87.97318268 -119.9586105
66 58.737957 -129.8582611
66 24.93479347 -69.07441711
66 93.91886902 127.4809265
66 88.66500092 167.9922638
66 -141.5742645 118.1693268
66 -54.50566483 163.4765625
66 -138.9302216 -110.4456329
66 -9.762112617 -60.36467743
66 -30.45939827 48.1713829
66 -9.262356758 -64.57956696
66 -149.9197998 -156.8348846
66 110.4352493 -134.4291382
66 39.92880249 -139.8340454
66 94.59174347 151.6856079
66 160.1402893 230.9081726
66 -101.3491364 164.5303345
66 -154.0845184 -113.4712448
66 18.07108879 -96.5462265
66 -35.30780792 93.50959015
66 6.677630901 -121.7988052
66 -163.5861359 -271.7174683
66 -161.9159088 -189.2117004
66 -154.187088 -141.7599335
66 145.5136414 -131.7331238
66 50.72740936 -179.0221558
66 31.61201477 91.06352234
66 173.3986359 263.4683838
66 147.1473236 231.2367096
66 -139.3432007 165.899765
66 65.85862732 -123.5889435
66 23.74913216 -132.106781
66 -59.98022842 84.85594177
66 35.55171585 -147.3335419
66 115.2763214 -114.2843246
66 -30.92259216 -130.9444122
66 76.88130951 -165.5327606
66 61.45758438 58.33384323
66 192.4692841 265.9909668
66 190.6081848 304.3183899
66 222.8912354 235.7359467
66 125.5956573 200.1821594
66 -179.1871033 99.74687958
66 37.80204391 -123.8727341
66 -52.8682518 96.59306335
66 -105.5571976 94.00114441
66 66.96814728 -173.9512634
66 61.98127365 -152.1173706
66 162.7913513 -94.21144867
66 -85.59962463 -137.9118652
66 -64.23394012 -150.0864563
66 109.058197 -211.6312408
66 121.5968475 63.35273743
66 51.22790909 44.69471741
66 85.39007568 35.01372528
66 152.9983215 291.9533386
66 276.0230713 203.5466766
66 -209.9855042 106.6152649
66 -171.4677429 88.39963531
67 -51.36185455 -125.9241333
67 -44.17218018 -107.8587189
67 -88.48800659 -151.6059418
67 -63.96286774 -110.7183075
67 -54.22042465 -104.5266113
67 -36.46432114 -134.0678101
67 -9.40118885 -136.0357208
67 -58.26937103 -36.74242401
67 -3.190685749 -147.0265808
67 -32.90705872 -150.5045013
67 -72.72397614 -14.96348286
67 -84.76217651 -30.77773094
67 -27.82173347 -19.63432693
67 -35.60887146 -189.5956573
67 -60.47831726 32.26681519
67 -94.33218384 -15.95881367
67 -102.0681458 -16.69666672
67 13.33874989 3.874328375
67 4.343831062 -3.44342804
67 -59.25109863 -206.5533905
67 -114.0808105 61.94000244
67 -26.32935143 23.71791267
67 -180.9616241 -10.98838329
67 32.46581268 39.33177185
67 30.37016487 -14.46304512
67 -88.56626129 -251.3062744
67 -34.5304184 -155.019928
67 3.804632187 64.86647034
67 2.416153669 -50.20034027
67 5.842454433 43.24562836
67 19.75611115 -119.799736
67 -5.788497925 112.5682831
67 4.692783356 50.44525146
67 -26.83414268 -75.30584717
67 45.0868721 60.25098419
67 11.95388699 48.06554413
67 25.79444695 89.95503998
67 38.51628494 -104.2220001
67 -16.0380497 -16.32736969
67 43.00860977 13.73254013
67 5.625074387 96.77502441
67 -48.86637497 110.5187836
67 65.53561401 108.6430054
67 -70.25522614 100.92659
67 8.246616364 65.93843079
67 63.20248795 58.86918259
67 74.25527191 110.7935486
67 104.8847809 112.9823914
67 15.93855381 81.8015213
67 -32.68244553 93.77046204
67 93.75048828 159.7242889
67 4.738703251 -108.5451965
67 20.45936775 71.98888397
67 253.737915 208.0866852
67 14.95089436 -13.81605625
67 81.1674118 81.79018402
67 131.073349 118.9553528
67 128.2410583 118.4734116
67 59.66973114 98.03874207
67 -54.56594467 89.19232178
67 -59.45720673 69.73356628
67 31.85005951 -107.416008
67 -7.256583691 -118.1613312
67 18.06450081 63.00614166
67 17.02140045 -60.83398438
67 112.0675583 109.0538177
67 159.8245697 135.7168884
68 -53.02990341 -142.6561432
68 -124.8118744 -170.6422577
68 -19.50466156 -126.0240631
68 -125.2116852 -185.6907349
68 -145.6561584 -138.0130005
68 35.46873856 -74.24424744
68 -180.9723358 -97.32110596
68 -110.9097443 -31.41602325
68 -277.3639832 -139.8183899
68 -158.0666199 -103.7589111
68 -26.9787674 -27.11930084
68 -93.65572357 -27.58175468
68 -56.03240585 15.68055439
68 -128.6599731 -23.72466469
68 -23.0232811 -19.14115524
68 -80.48078918 -99.67979431
68 -4.207371712 -28.14753914
68 -81.12213898 -23.14292526
68 -50.48625946 8.058342934
68 -1.539175868 67.80412292
68 -16.32814407 -10.48557568
68 38.02046204 -44.69993973
68 -32.90968323 6.154014111
68 -34.30281067 -99.04492188
68 42.20597076 63.3573761
68 -7.021222591 53.28224945
68 -23.86538696 18.60735893
68 -12.05473804 -37.08016586
68 94.0730896 -43.22587204
68 101.4835129 -83.54302979
68 24.90872574 -85.19078064
68 -45.99314499 -76.23638153
68 -55.84960175 -85.35329437
68 58.84326172 120.0784073
68 55.32089615 154.8123016
68 31.18714142 76.60359955
68 -12.09274769 41.12162781
68 -29.00502014 -59.68748856
68 108.7683411 -49.47701263
68 162.7160034 -121.253746
68 -107.481636 -78.23231506
68 -126.464241 -132.5115204
68 17.9350605 115.8610153
68 89.5561676 133.2606049
68 30.01416397 187.931076
68 84.10205841 160.5294647
68 -20.32936478 70.55119324
68 84.90882111 121.8136444
68 -13.31614971 43.28424072
68 220.5437622 -124.7521896
68 -61.16930008 -54.00489044
68 -7.126268864 -40.96421432
68 27.11990166 142.3599091
68 -36.33177567 68.55340576
68 32.40222549 113.2059631
68 90.37789154 127.5747757
68 77.52145386 153.5305328
68 85.92557526 168.5699768
68 -71.73860931 55.26224518
68 -58.5054245 57.64656448
68 77.89125824 119.8229599
68 141.2466888 118.1252823
68 120.0727158 110.8725967
68 27.02848625 31.4470253
68 243.2630768 -134.8878479
68 260.7286682 -101.5129852
68 -76.9457016 -53.033741
68 -61.02053833 -74.53068542
68 60.84645081 -35.45998764
68 25.76196098 152.2435303
68 101.3211212 205.284729
69 65.94803619 145.8300323
69 104.522789 160.0419464
69 57.70658875 110.9477081
69 64.93511963 181.8220978
69 98.25510406 171.1342621
69 108.6758881 183.832016
69 52.71635056 71.97015381
69 78.56801605 185.9274445
69 78.68844604 148.9696503
69 103.9315033 95.28774261
69 73.28530121 84.54154205
69 43.1305275 50.33445358
69 82.13092804 138.5538177
69 125.273262 111.571312
69 83.72558594 93.08790588
69 59.12638092 116.3560181
69 35.60987091 72.34272003
69 -63.63152695 -64.28984833
69 93.02385712 194.6534271
69 68.85561371 111.7938995
69 65.56944275 90.03520203
69 58.43051529 131.1403046
69 44.5148735 65.39819336
69 25.79224396 46.61783981
69 -65.08102417 -110.3788071
69 -84.82997131 -64.99689484
69 133.0498047 109.1307449
69 66.63001251 129.536026
69 45.98906708 96.19208527
69 80.36459351 11.21401215
69 -63.40113831 -6.118722439
69 -65.12830353 -137.5323639
69 -36.10694504 -139.8965759
69 -183.3050232 -98.38542175
69 142.3683624 125.9228821
69 191.0956268 31.07654953
69 -200.442749 -117.3938904
69 -175.4905853 -97.65312958
69 -186.4514618 -101.5025864
69 87.51460266 48.30430222
69 209.9338074 176.1320038
69 203.1070557 38.00320435
69 260.572998 47.6674881
69 159.9817963 25.47564316
69 -253.9190369 -129.895813
69 -130.6582489 -106.9299622
69 -11.93884468 -35.59581757
69 105.4741364 26.85847855
69 252.1600189 5.577750683
69 155.5077362 -13.52651405
69 -248.0455017 -112.8654938
69 -116.7122116 -94.92853546
69 -127.636116 -134.5441437
69 60.86044693 -70.00489807
69 -10.33169365 -47.13246536
69 244.3613739 -30.29107094
69 282.3612671 10.75629997
69 -231.9565582 -87.9765625
69 -263.2684937 -131.1847534
69 -120.9092407 -98.74613953
69 -109.4954453 -161.6836853
69 -194.3140411 -164.4599762
69 116.4847717 -125.3012619
69 -212.0969391 -169.4502258
69 -284.4360352 -96.68744659
69 -184.9616394 -151.8493042
69 148.3582153 -153.6465302
69 -212.7097015 -158.872406
69 -207.1551971 -193.8147125
69 -237.1423645 -195.477417
69 -337.0359802 -41.0236969
70 100.3926773 64.24317169
70 123.532608 88.86560822
70 73.3792038 76.07705688
70 60.56543732 80.16932678
70 148.857132 78.41487122
70 133.4160309 76.71376038
70 107.972168 47.91305542
70 48.51132202 63.37580872
70 32.52571869 72.85749817
70 95.80591583 58.69859314
70 182.6467133 61.85046387
70 255.2214508 117.5722504
70 60.61753082 35.64796448
70 128.3543854 52.20347214
70 152.0222473 51.29851532
70 -66.41530609 44.23532867
70 96.3116684 87.54174042
70 127.7448502 69.33433533
70 60.63812256 57.08188248
70 45.47369003 12.71106911
70 -16.13501549 -46.03831482
70 -10.61581993 63.95744324
70 47.08285522 17.21765518
70 16.20082283 46.98094177
70 1.026502967 -18.77039146
70 -101.9744034 -180.6648407
70 14.29861259 76.99472809
70 56.93610764 12.81204891
70 47.94035339 25.32886505
70 30.85499763 59.32949829
70 -78.3996048 -56.5545845
70 -190.2090454 -255.8002777
70 -18.32045555 97.16596985
70 -6.227439404 117.5834122
70 69.04923248 11.42640972
70 -1.197413087 11.63881588
70 56.54218292 31.44461441
70 2.139915705 73.75452423
70 -18.10481262 -54.05428314
70 -110.6160202 -100.1708755
70 -151.1161804 -103.5733032
70 -147.1459045 -126.9181137
70 -182.4428711 -249.2115479
70 -221.3966827 -274.0967102
70 -108.5331802 111.9978714
70 47.82617188 39.51163864
70 38.80886459 50.97842407
70 28.29670525 16.23575401
70 -27.20948029 -33.96783447
70 149.0257721 39.70554352
70 -54.16540909 104.8024902
70 -44.48206329 37.85760498
70 -107.1172028 -114.8635025
70 -87.75816345 -91.63405609
70 -159.9534607 -255.1043854
70 -93.0794754 -206.9880371
70 -38.42529297 67.18627167
70 -120.5803299 121.1271439
70 58.32428741 32.52999115
70 48.58286285 28.22174263
70 134.8935852 35.8770752
70 124.971962 89.7883606
70 198.6995087 8.427124977
70 -60.35923004 128.2995148
70 -63.33412933 97.73132324
70 -108.0419464 6.016083241
70 -12.07394791 26.94878769
70 -102.9919205 -127.661232
70 -126.8157425 -125.2007217
70 -95.26367188 -111.2399216
70 -132.8278351 -107.9728928
70 -75.71092987 -175.5344391
70 -159.1809082 151.5309448
70 86.42847443 12.64038658
70 135.24086 17.12706947
70 4.556747913 32.44285583
70 -103.4375305 -126.5086975
70 -86.3217926 -152.6795044
70 -143.7351685 -104.2162933
71 -168.2625275 71.43546295
71 -138.335556 19.65955353
71 -164.0033417 -7.266085148
71 -62.63411331 12.07107925
71 -178.3215485 48.35762787
71 -158.5550232 -41.855896
71 -57.71997452 48.86484909
71 -60.03292465 0.07097957283
71 -219.1311646 54.38658905
71 -162.6059265 -90.01777649
71 -50.82500839 64.73747253
71 -29.13207626 51.99351883
71 -64.44920349 -11.22951603
71 -228.2645721 115.9925003
71 -263.0847168 64.60089111
71 -23.61506462 86.93863678
71 -12.84139252 48.1297226
71 -55.43915939 100.5702362
71 26.31119919 61.08240891
71 14.3451767 41.56961823
71 -79.45414734 108.8656006
71 -59.17531967 101.968399
71 -43.30620193 114.9617233
71 50.98274994 11.0599575
71 -22.34713745 133.2360382
71 89.04315948 -2.746734619
71 71.11219788 139.1412964
71 41.21648026 -50.93301392
71 -8.072443962 105.7090378
71 89.72471619 3.961680889
71 114.4328537 214.3817596
71 74.63626099 149.3041534
71 23.05006409 -68.51315308
71 2.124633551 110.1292953
71 95.31521606 29.84244156
71 132.8508148 204.0528412
71 114.2865982 116.0388412
71 1.533554554 -54.56827164
71 15.3702774 -90.27142334
71 -24.52183723 84.92734528
71 109.167511 -0.05916216969
71 81.7580719 51.65379715
71 -83.78702545 -107.2425919
71 41.30524826 -95.63996887
71 7.187781334 -104.732872
71 111.6020889 -27.96750259
71 83.43235016 94.04602814
71 90.17230225 65.62571716
71 -118.9551392 -145.0847626
71 43.60557556 -99.1792984
71 29.35308456 -111.4397354
71 52.63129807 -70.43363953
71 115.6093063 -40.25259018
71 32.6570015 107.8810272
71 71.73750305 69.57476807
71 113.34198 25.2745285
71 -149.5274506 -211.0815582
71 -18.4679985 -108.7374725
71 91.77526855 -40.84109497
71 -41.49288559 -131.6576538
71 71.97392273 -65.53417969
71 16.53823471 -79.30978394
71 37.28582382 -61.06845856
71 64.42613983 -77.25718689
71 136.3735199 -36.8600235
71 136.1193695 -64.26473999
71 2.351177216 118.1511078
71 97.63004303 -25.98633575
71 -126.610466 -219.3552246
71 -118.5230179 -227.1745453
71 132.9472809 -17.56299782
71 -83.63056183 -155.2200775
71 51.64563751 -73.92314148
71 20.38627815 -112.6638031
71 51.06116486 -69.96651459
71 191.9662933 23.64309502
71 32.74779129 -75.99315643
72 -64.62039948 33.97932434
72 6.345716476 -0.8495557308
72 -91.86715698 64.50902557
72 28.81360626 -2.630439997
72 -125.8863297 84.49551392
72 34.01938248 -46.27988052
72 82.77571106 17.05661964
72 58.92785263 -69.90563965
72 71.49163818 -80.37498474
73 227.6452637 16.69250488
73 275.8011169 22.27466583
73 207.361145 20.16259766
73 308.0075073 -0.4310899079
73 244.5206146 43.17503357
73 286.3725891 -12.91356087
73 128.8711395 50.30735016
73 305.8887329 -18.19424438
73 172.3427429 92.34828186
73 49.59747314 47.53450775
73 104.7943192 50.10612869
73 21.14145279 50.41825104
73 12.5379467 50.25445557
73 8.525270462 68.68130493
73 -15.65567684 78.06436157
73 78.83405304 23.93571472
73 -32.18292236 9.837783813
73 -24.83650589 97.48906708
73 -9.55618 50.07420731
73 -1.765525222 53.42041779
73 15.30617428 -17.47034264
73 -24.61792564 -13.61824894
73 -49.96840286 -8.525828362
73 -50.59646225 -12.28126717
73 -80.55365753 111.4665756
73 -5.243112564 80.2903595
73 -69.28546143 143.5512543
73 -52.88027954 40.92195892
73 -59.48654556 -13.43279743
73 -25.9387188 -19.87938309
73 33.16970825 -20.84652138
73 -4.116281509 -98.9465332
73 -47.7064476 -26.02566719
73 45.04795837 4.674456596
73 -88.39426422 28.06935883
73 10.67207909 99.39400482
73 -66.32290649 34.36300659
73 -109.8620682 -79.57446289
73 -52.12612915 -36.72439194
73 -55.48870087 -106.553566
73 10.28280067 -77.67469788
73 -66.46547699 -65.04961395
73 -61.57780075 -50.64171982
73 92.8801651 2.854605436
73 -105.0484848 39.32741928
73 57.42598343 88.39328003
73 -40.92163086 107.5508804
73 -50.97675705 30.38399124
73 -89.16165924 -108.3447952
73 -101.2013855 -76.4644165
73 -88.49850464 -66.85020447
73 -83.90792084 -99.57258606
73 -83.94441986 -98.46562958
73 -42.2271843 -60.10990906
73 -138.3177948 -84.39129639
73 -74.57343292 -125.3457489
73 -49.50946045 -69.33666229
73 104.2248306 21.67847633
73 -157.0401917 40.73596954
73 130.8917694 83.54963684
73 -37.22186279 95.96220398
73 -65.76474762 128.1710968
73 -4.348633766 120.1486435
73 -105.374939 -114.6639252
73 -90.21296692 -130.4818115
73 -68.55187225 -116.5940475
73 -83.45372772 -63.64294052
73 -182.6050873 -24.8735733
73 -109.4573364 -79.67360687
73 -91.58106232 -95.17121887
73 -106.0540848 -49.8103981
73 -56.46298218 -73.54337311
73 108.7710724 25.56835747
73 120.1320267 64.28794098
74 -69.06938934 -37.76096344
74 -40.93929672 -69.38433838
74 -41.27056122 -9.913370132
74 11.88740921 -33.97208405
74 -47.54777527 -10.75373554
74 -50.72610855 10.06031799
74 20.94283867 -11.21888828
74 -45.20063782 -4.442536831
74 -59.75190735 -16.14027786
74 -52.83010864 -8.983250618
74 -32.59784698 7.059888363
74 19.97274971 -16.84392929
74 -13.37997437 9.401104927
74 90.21295166 -3.79698658
74 -31.08540154 19.10453033
74 -53.37010574 1.95002377
74 -51.90705872 -15.20566845
74 2.732894659 -4.711403847
74 27.60656929 31.9851799
74 -29.6921196 3.728163004
74 161.0149536 17.16784477
74 -49.82252502 11.86934853
74 45.23004532 22.44016457
74 31.42284203 -20.07809258
74 -95.63091278 23.15706253
74 98.20731354 26.75322342
74 67.1102829 -4.867154121
74 -121.6382904 39.35894012
74 118.0253067 7.336600304
74 86.70663452 2.020945311
74 105.3872528 34.67938614
75 32.3876915 -51.4680748
75 10.49073505 -64.32099915
75 56.98810959 -21.01222229
75 49.0688324 -87.22775269
75 -65.19426727 -103.8064194
75 -8.892933846 -69.48516083
75 106.7809906 -10.10219288
75 64.17614746 -104.9161987
75 -118.9483566 -98.94412231
75 -61.33068848 -108.2081299
75 31.44184303 -23.46873474
75 101.8692017 -7.051918983
75 77.79471588 1.722070456
75 82.86514282 -103.543129
75 -129.0398712 -100.365921
75 -142.246933 -87.65268707
75 -40.38062286 -79.56015015
75 83.52638245 0.8751705885
75 7.707139015 -7.274071217
75 42.31026459 27.23509026
75 108.4148788 -3.084291935
75 129.6838989 -100.0040665
75 -132.3125458 -83.43746185
75 -144.2492981 -100.6545563
75 -76.00498962 -97.32463837
75 82.41611481 -42.02770996
75 87.35478973 14.36499214
75 108.3124542 43.22494507
75 -4.159947395 -28.92122841
75 26.62646484 6.272171497
75 3.708765268 19.85804749
75 37.7590332 34.21200562
75 -30.68944168 64.39682007
75 145.5590973 -136.2668152
75 118.8331985 -124.0711746
75 122.747467 -78.8225708
75 -185.3308563 -89.84838867
75 -134.7954865 -103.5050125
75 74.9315033 -38.70723724
75 96.71120453 -76.04464722
75 73.05747223 55.93738937
75 107.735527 46.95663071
75 143.8304443 43.10207367
75 20.26293564 28.06943321
75 -8.617711067 43.28663635
75 26.7487545 36.37030029
75 22.87835503 49.40588379
75 72.01096344 38.53049469
75 29.2479763 39.44898987
75 -87.29890442 60.9715271
75 146.7913666 -169.0671997
75 111.3818054 -137.0637665
75 26.88442039 94.13303375
75 -86.08581543 68.85739899
75 10.19437408 40.27540588
75 20.10965919 79.96759796
75 11.59879589 84.19995117
75 33.74871063 146.9504852
75 -133.2216797 76.30874634
75 -175.1395264 136.5194702
75 36.02862167 103.1676254
75 -9.301602364 190.8227386
75 -147.5009613 75.4437561
75 -218.2889404 140.960144
75 -212.1987762 165.4513855
75 -60.8344841 185.1376648
75 -246.0743866 136.2143097
75 -124.8372803 158.6075745
76 -48.94533157 107.7909851
76 -47.65235138 92.94379425
76 5.853825092 133.0221252
76 -48.25050735 52.64213562
76 31.65762329 135.4673157
76 112.5627975 190.6527557
76 -52.86972809 65.98763275
76 -97.81945038 36.2934761
76 -156.6294861 -2.37118268
76 181.2778625 233.8862152
76 146.5159149 211.1212463
76 121.485939 201.9516144
76 -57.58446121 2.473435163
76 -110.2961044 52.10096359
76 -207.616806 -56.07402039
76 166.2978058 233.4905853
76 -40.18597412 -38.40353012
76 -142.8820496 51.18111038
76 -103.4997482 95.11314392
76 -56.31167984 63.96293259
76 -257.3158875 -96.84308624
76 -37.98553085 -56.49252701
76 -34.76704788 -43.5283432
76 -59.30070496 -102.9862289
76 -87.39424133 112.7716904
76 -344.2705078 -135.0083313
76 -15.50105381 -43.5758934
76 -59.86965179 -11.00741768
76 -53.52621841 -32.37829208
76 -55.2272377 -134.1266174
76 34.37718964 -56.82332611
76 -72.40370941 -30.54100418
76 3.643468618 6.990689754
76 -75.43972015 -36.94289398
76 -6.598977089 -2.167393208
76 -45.97212601 -143.9886932
76 76.60569763 -70.04644775
76 -78.08200836 -66.83521271
76 25.7308445 27.55879784
76 6.992930889 -5.950472355
76 -107.4940338 -50.05375671
76 18.42253494 4.23734045
76 2.005673885 2.791836977
76 34.35951996 -8.239416122
76 -27.46283722 -117.9202194
76 96.07795715 -101.2942352
76 73.29924011 -42.87366867
76 56.99256516 -97.73243713
76 -58.16321182 -101.0773773
76 -18.54670525 -31.19665909
76 70.10418701 21.05913162
76 7.522934437 58.7779808
76 -27.41900826 -0.9095990062
76 80.53213501 -17.65675926
76 -17.30403709 -4.679701805
76 -2.368680954 -4.931851864
76 -8.131513596 -15.26518917
76 128.1004791 -114.8358688
76 -43.62998581 -137.2836456
76 -22.03974533 -33.22166061
76 121.2905655 5.188405514
76 -44.00954819 68.1109314
76 -47.96956635 -28.21354866
76 72.72512054 1.126470685
76 -6.969935894 -26.1600914
76 127.4870758 -126.9179764
76 -91.96086121 -140.8329468
76 -85.14955902 -157.6250458
76 209.1881561 45.91215897
76 158.2405548 28.78027725
76 2.250583172 6.084992886
76 -18.67478943 -30.24612236
76 287.5524597 61.1179924
76 318.9952087 84.10816956
76 303.3440247 60.56024933
77 83.083992 -11.40671253
77 63.56276703 16.06345177
77 23.6852169 16.8619175
77 43.1986084 55.12876892
77 128.7871246 107.4548035
77 25.6265049 41.33966064
77 -19.27654839 -13.10448456
77 8.056369781 18.80998802
77 61.30724335 82.52281952
77 163.0793762 150.2878571
77 104.894722 80.43482208
77 -3.258951902 3.471457958
77 -28.29520798 -85.33413696
77 7.051894665 -24.59976578
77 -17.85968399 17.24125481
77 52.56666946 99.12349701
77 49.85830307 74.58641815
77 116.1055145 70.52246857
77 -94.22093964 -17.6935215
77 -45.24320984 -34.88548279
77 -23.97238159 -82.72584534
77 -3.775498152 -102.6482849
77 12.52607155 11.08716679
77 31.3868618 43.247715
77 17.64022064 90.33302307
77 86.10808563 101.524498
77 11.45636368 47.18193054
77 153.1550751 109.108017
77 123.5172119 69.05177307
77 -57.06899261 -39.05485916
77 -85.23169708 -86.52872467
77 -70.22399902 -17.61088943
77 -25.03085136 -113.5335159
77 -60.56839752 -5.748295784
77 36.39595032 68.25314331
77 36.28455353 68.11380768
77 74.9174881 83.44270325
77 -17.01189232 143.2093048
77 97.53409576 129.4795685
77 -31.70577049 25.93841743
77 194.127594 116.5428391
77 120.8954697 77.92118073
77 -33.14402008 -48.12592316
77 -113.0357513 -155.4302826
77 -74.26341248 -138.896637
77 -23.0867424 24.29239464
77 -130.0331879 -4.360465527
77 147.7687073 105.0780106
77 -43.1436615 151.5527191
77 -43.09224701 133.684433
77 -16.00778389 157.4273987
77 81.16567993 164.3537445
77 -144.9872131 -232.2443695
77 -94.30949402 -140.2677002
77 -96.22918701 -160.3557129
77 -29.62945557 -137.9837036
77 50.64974594 190.6750031
77 -152.089447 -288.1880798
77 -147.8452148 -269.6288757
77 -148.4858398 -264.0036926
77 -169.7750854 -240.8090057
77 -164.4917297 -230.1789246
78 -36.1464386 58.85241699
78 -49.0557518 31.23474312
78 15.22110081 72.98049927
78 -55.01364899 13.57192039
78 -25.92625237 24.97228432
78 9.772727013 79.00363922
78 63.84087753 48.03509903
78 24.61825752 68.20106506
78 -52.14024734 45.61319351
78 -104.2012177 54.54928589
78 43.42298126 11.08797932
78 19.21828842 -4.39837265
78 -18.89673233 103.7544174
78 78.89427185 47.52089691
78 80.11901855 47.60800552
78 100.6032562 47.37949371
78 38.22380829 91.92813873
78 -58.21874237 57.96114349
78 -92.44832611 7.357884407
78 77.35037231 -1.048987389
78 -9.646267891 2.468556881
78 -8.987135887 -49.07469177
78 -22.07127953 -37.40132904
78 22.26544571 32.29391098
78 90.89466858 60.66100311
78 73.47032166 75.74575043
78 85.17635345 54.25319672
78 32.21855927 111.2489014
78 26.92346191 133.3215485
78 -174.7837677 40.88617706
78 -45.67699432 -0.9116888046
78 109.1560898 -3.699527502
78 18.60043716 -82.52700806
78 55.37240982 -21.54118156
78 -23.87078094 -16.55283356
78 -30.83456612 -68.45044708
78 -27.38291168 56.51226425
78 86.66409302 65.96014404
78 -267.2568665 34.47626114
78 -236.1141357 50.91265869
78 -7.465249062 -11.26039505
78 108.0281601 -66.67795563
78 -36.93667603 -36.92307281
78 2.383723259 -62.633358
78 -47.14927673 -81.64161682
78 -58.94558716 -86.62563324
78 -43.54285812 82.29277039
78 -285.5309753 56.7569313
78 -284.7744141 31.59339142
78 -217.9758759 60.30525589
78 -288.7670593 36.08171463
78 -284.7075806 44.15489578
78 6.300351143 -36.34474564
78 159.0796204 -86.11893463
78 179.2533264 -80.01651001
78 161.2113647 -62.51289368
78 141.2255707 -82.31187439
78 -20.88438225 -70.96598053
78 -32.73592758 -69.85089111
78 -84.5275116 -92.65252686
78 -59.06031036 99.65813446
78 -230.7165833 74.04587555
78 121.7660065 -77.48004913
78 227.6704407 -79.38407135
78 -3.652876139 -71.84870148
78 -61.27690887 -81.09007263
78 146.9811096 -102.1322784
78 222.2311401 -86.57074738
78 233.9929962 -80.91889954
78 28.22311592 -82.76116943
78 206.9438324 -76.57543945
78 260.2692261 -71.72064209
78 29.73528481 -92.61702728
79 -148.9949341 -49.05208206
79 -177.9346008 -62.18527603
79 -173.1304016 -50.20211792
79 -128.7707672 -24.81313324
79 -148.3885651 -52.00913239
79 -202.9919128 -69.2510376
79 -153.8692322 -81.4128952
79 -118.1637115 -7.742355347
79 -131.1551056 -57.75566483
79 -160.4911194 -70.88936615
79 -199.8549957 -148.0575714
79 -35.42601013 -5.582334518
79 -113.7371216 27.00773621
79 -150.7438965 -60.76696777
79 -231.8156128 -84.98773193
79 -64.2721405 -10.92324829
79 -219.7051849 -167.6421967
79 -193.7469635 -179.785965
79 2.063627958 28.57346725
79 -37.73093414 -45.11416626
79 27.33353806 22.35676765
79 -84.36235809 -1.374230742
79 -279.9906921 -191.3326874
79 -191.481781 -202.6013184
79 35.02948761 64.11972809
79 -13.79747963 -68.63320923
79 73.07388306 44.68367767
79 11.55847836 34.53005219
79 -34.4293251 -5.281052589
79 -185.9116821 -232.2807159
79 48.75555038 77.76129913
79 61.74523544 90.81523895
79 66.55833435 32.68844604
79 89.84609222 85.52144623
79 116.4595566 75.04607391
79 -7.082100391 3.93761158
79 -8.22081089 -3.112467289
79 -180.5665283 -239.8973236
79 88.39226532 111.6956253
79 62.50730133 112.3581085
79 175.0712128 99.64278412
79 49.59653854 64.41534424
79 127.8481598 96.44696808
79 202.3167419 93.21522522
79 -214.5273438 -284.311676
79 142.4197235 104.7719193
79 106.0200043 108.5477371
79 220.5431824 106.6295395
79 209.9712677 79.25852203
79 54.48189926 80.26908875
79 60.15665817 63.6950798
79 230.1155396 131.187973
79 87.21886444 118.3908463
79 193.9216919 127.7492218
79 192.8973694 106.1601181
79 -282.7724304 -294.9372864
79 138.4341736 112.1042862
79 149.7267151 130.7188263
79 111.9208221 86.64459991
79 114.8298569 152.0434418
79 296.4111023 111.1540604
79 -285.8834839 -309.6000061
79 -248.2117004 -317.9778137
79 177.533493 148.5147552
79 108.7578125 91.74343109
79 279.4062195 105.7584534
79 312.0803223 55.84658813
79 291.9836121 117.7057648
79 91.172966 75.80300903
80 -223.406189 -38.56899261
80 -225.5555725 -2.84104228
80 -289.3066101 12.8763113
80 -170.7736359 -52.33851624
80 -228.5588226 -24.28488922
80 -229.7595978 -54.84563065
80 -240.1515656 19.35177803
80 -315.0535889 59.0255661
80 -97.58369446 -52.09236145
80 -186.405304 -44.7065506
80 -100.9722595 -71.0827179
80 -239.9772949 45.62135696
80 -243.1356201 24.81703568
80 -323.8016052 79.4896698
80 -90.41929626 -59.75188446
80 -74.0714798 -64.06134033
80 -185.9585724 -50.55706787
80 -33.010952 -62.87784576
80 -210.3639832 72.51729584
80 -49.27434158 -90.69631958
80 -25.74241447 -25.44919777
80 -38.54874802 -40.20953369
80 -27.0920639 -61.24129486
80 -252.4057312 96.40579224
80 -64.71446991 -133.0860596
80 -17.16155624 -73.91123199
80 -59.99875259 -97.4178009
80 -37.83046341 -15.63223457
80 -14.21850586 -42.07332993
80 -114.4822845 -76.58959198
80 -26.21365547 -43.51604462
80 -82.49694061 -177.89888
80 -58.95735931 -96.54105377
80 32.53809738 -14.26340771
80 -57.42271805 -32.50801849
80 29.83100891 58.80900574
80 26.59226799 -20.92061043
80 -60.95329666 -14.09945107
80 -8.23259449 -62.26229095
80 -28.5293541 -43.27219009
80 -80.89815521 -208.3772888
80 -120.2053528 -120.504097
80 94.60501862 11.28395557
80 -63.42029953 -22.28242111
80 112.0777969 104.6897202
80 25.73223114 125.5123901
80 99.21198273 -16.10211372
80 -112.1258392 -261.2941284
80 176.9867554 62.14416885
80 122.1725922 127.5031357
80 132.1540527 116.1668396
80 208.8864746 147.9368439
80 19.07947159 131.4462433
80 -2.212800026 143.4519653
80 187.7447205 7.503782749
80 -69.80133057 -265.1437683
80 183.5395508 42.98130417
80 138.9668579 61.6827774
80 253.8664246 194.1273499
80 208.2958069 120.3643494
80 16.12452507 151.8405304
80 155.0906525 3.587543249
80 -56.52443314 -284.5066223
80 153.1934357 42.23758698
80 172.7349091 86.17166138
80 324.2843018 230.6182404
80 249.8123169 192.3574677
80 134.7067871 -29.59344101
80 -74.8928833 -305.2524414
80 -56.81096268 -295.5300903
80 374.9072876 245.0178833
80 84.5062561 -57.95606995
80 382.078064 249.7157898
80 58.84550095 -73.24515533
80 423.9298401 248.0082092
80 -64.35568237 -133.7644653
80 436.7632446 260.583313
80 414.5306702 237.302597
81 20.32980919 99.83261108
81 80.8444519 89.63243866
81 -33.75046158 81.09754181
81 -29.32484436 124.3198547
81 -5.136442661 -26.50605583
81 -147.9972229 85.83063507
81 -31.7319622 126.9906998
81 60.83319473 90.53633118
81 6.560522556 -116.3187866
81 -146.3860321 84.34411621
81 -185.467453 89.44703674
81 -172.6130066 70.02687073
81 -2.631330967 128.4578705
81 131.6383667 117.7228394
81 102.2879257 87.51342773
81 -8.215288162 -105.2388535
81 17.3278656 -198.5381165
81 -230.190918 95.8381424
81 -182.2109528 62.58005905
81 -165.2291718 47.03683853
81 20.40851974 137.2865601
81 176.5680389 73.00476074
81 79.76171875 156.850708
81 119.9794235 88.7996521
81 14.80611515 -124.6018677
81 28.7085495 -187.8768005
81 17.45176125 -234.5484009
81 -257.2409363 110.3799591
81 61.96694565 147.6666565
81 102.0311661 19.81322861
81 199.3522949 125.2650375
81 123.2124405 49.39014435
81 64.4974823 199.6885834
81 159.7818756 67.79208374
81 127.0819168 -126.015419
81 49.70040512 -192.7444763
81 -6.466705799 -254.1040344
81 39.39590454 -234.4119873
81 -5.723397255 -269.9028625
81 -189.4689484 143.3506317
81 -294.2624512 139.0991364
81 94.30901337 180.6889496
81 125.6898117 123.7274475
81 39.13884735 -30.11083221
81 103.5846863 -7.717202663
81 59.27065659 203.4984894
81 -1.720318913 -59.79508209
81 103.4213333 -21.04349518
81 28.2754631 -33.5532074
81 -18.67288971 -76.19628906
81 119.7005692 -10.95612144
81 88.28582001 -26.51879311
81 -12.61005306 -44.06471634
81 2.48589468 -50.69715118
81 -49.90169907 -94.63719177
81 -12.24596596 -63.4794693
81 -92.10520935 -125.7440948
81 -34.12161636 -71.66624451
81 11.85836124 -59.28429031
81 -158.972168 -140.7037354
81 15.34002399 -56.38910294
81 -8.226425171 -65.9785614
81 -37.15296555 -83.28805542
81 -42.46557999 -80.21987915
81 -62.93745804 -62.52164078
81 16.51515579 -33.10104752
81 12.77784824 -79.03531647
82 77.70326996 38.26421738
82 37.76528931 16.76392746
82 11.87227917 -3.786686659
82 16.20103073 3.389042377
82 63.4696579 31.47350693
82 2.716493845 -0.4929721057
82 -46.44427872 -25.83591652
82 33.89718628 25.07921219
82 -58.98929977 -38.43405533
82 -138.1916199 -46.42027283
83 7.2000494 68.28751373
83 12.50182247 25.02524567
83 -29.93955803 113.7334061
83 30.41405678 20.26977348
83 13.84325123 15.14604378
83 -14.66878033 3.289041519
83 -24.90857124 145.2832489
83 46.08566666 8.327267647
83 12.49485111 46.40747452
83 -14.83868694 -35.3134079
83 -52.4084549 138.4717712
83 -51.96981049 133.3313446
83 56.06410599 12.21304035
83 79.91955566 5.803864002
83 -69.50011444 105.191246
83 -25.95072365 -49.87987137
83 -5.940770149 -37.82531738
83 -37.36413956 -40.00080109
83 -54.86654663 142.9002228
83 108.3514481 -4.885917187
83 2.450434446 -13.97297668
83 15.38797092 38.48385239
83 -103.4836044 117.6865234
83 -15.4065733 -26.02573204
83 -23.91961098 -57.84526825
83 13.86527157 -47.06480026
83 2.830228329 -14.38676357
83 126.2706223 8.636557579
83 -32.56403732 -11.03434277
83 -7.532016754 -59.52307892
83 -28.92302704 57.86568832
83 43.36186981 -3.477910042
83 -19.26742172 5.478271008
83 14.56363487 -50.81898499
83 -16.39917755 8.71098423
83 -3.506804943 -97.24738312
83 -29.2002964 41.35108185
83 65.91335297 -9.28954792
83 33.90129089 -54.76215363
83 -15.21234322 -124.732605
83 -0.1814257801 -150.9766541
83 -9.776194572 -184.5736542
83 2.309116364 -188.2563171
84 60.82880783 105.7235947
84 140.6819153 127.7320175
84 179.1980438 125.2999725
84 144.6691895 152.0011292
84 116.5528946 100.5404739
84 339.4787292 190.414093
84 49.23531342 98.03378296
84 47.51305389 65.46375275
84 11.4638567 106.7182465
84 -26.50348282 51.80825806
84 30.92049408 63.93732452
84 71.09403992 81.5655365
84 -4.618798256 50.46165085
84 -46.86579895 51.05311966
84 -56.72392654 47.88751602
84 57.59597397 79.91885376
84 4.879004478 56.80707169
84 123.5375366 125.0862808
84 -8.555059433 83.56440735
84 -14.76933384 52.05613708
84 -94.40266418 -10.88474751
84 -52.07165146 37.63279724
84 -105.5836639 29.16636467
84 -72.45902252 47.79297256
84 -51.9225235 81.39865112
84 -12.45482159 148.9258118
84 -70.51316833 63.01793289
84 66.8160553 78.53121185
84 -209.5947876 -89.47603607
84 -86.61817169 -10.50001144
84 -216.3881683 -75.72284698
84 -89.79443359 41.77698898
84 -162.6931 -11.75424576
84 -73.04082489 39.64757538
84 -96.046875 62.6788559
84 93.14519501 36.20674133
84 -221.1587219 -125.6854095
84 -68.40242004 -25.32351685
84 -258.3097839 -128.8806915
84 90.58930206 60.75408936
84 176.2879333 74.3082428
84 71.97232819 -57.8602066
84 -256.6384888 -152.5016327
84 -49.4611702 0.8061978221
84 -27.18627357 -42.51050568
84 -322.7516785 -159.348175
84 235.9001007 88.17196655
84 182.7412109 108.0354156
84 64.53412628 -110.4821091
84 93.62521362 -99.51585388
84 -307.954834 -178.0691528
84 -7.656582832 -82.68444824
84 246.7688141 89.36050415
84 92.49659729 117.7439728
84 33.75219727 -117.7355728
84 97.71108246 -119.6992416
84 -50.58651733 -99.58919525
84 236.4357147 205.9762573
84 25.69738197 94.03321838
84 -6.832628727 -133.0244598
84 98.35525513 -139.2572021
84 -74.32798767 -91.71443176
84 44.01881027 -150.520813
84 -3.41053772 -188.3912659
84 29.57559013 -223.1066132
84 -25.75128174 -216.0379028
84 -54.53916168 -271.1394348
84 -71.48362732 -210.6231689
85 -16.68280983 -0.8545584679
85 -51.36496735 29.11329079
85 4.488631248 -14.84918594
85 -24.61138535 -0.1664401591
85 0.334784925 -10.0112772
85 -17.85903549 -12.6935091
85 6.498670101 -25.11757851
85 -20.64521599 -8.033517838
85 25.95664597 -29.09180641
85 4.4630723 -35.38292694
85 2.848442078 -43.69307327
85 58.83310699 -21.59600639
85 64.87735748 -24.37469292
85 16.68634033 -54.32986832
85 123.5065765 5.050706863
85 40.59502029 -19.98360252
85 -24.71720123 -176.3614044
85 100.220108 -4.002988338
85 189.1355133 22.20043564
85 65.4526062 63.00387955
85 -102.1946182 -252.9762878
85 5.872547626 -253.0321503
85 99.07341766 -58.86441803
85 90.40862274 14.35706425
85 87.53977203 37.92507935
85 105.7846222 85.98183441
85 70.78475189 109.6474762
85 -76.62627411 -258.1316223
85 19.87388992 -245.473999
85 41.7095108 173.2900848
85 -97.09920502 -185.711853
85 -74.97787476 -290.7801514
85 -56.57413864 -293.3867493
85 16.17648506 232.9993286
85 83.3879776 180.8141327
85 -75.51107025 -207.9165802
85 -103.6947937 -87.23870087
85 -74.60025024 -324.7250671
85 -42.50382614 -262.3342285
85 -30.83824539 -290.072998
85 -31.30353737 322.6465454
85 29.85094643 218.1520844
85 61.17501831 244.4916992
85 -87.3052063 -3.889755964
85 -58.40752029 -93.66658783
85 -38.87431717 -319.6545715
85 -77.07154846 -319.7142639
85 6.188666821 -233.1177979
85 -78.91238403 368.1760864
85 79.14201355 232.4458008
85 11.01265526 151.7025909
85 -29.39689064 61.34335709
85 -87.28726959 24.34973526
85 27.41973495 -70.01431274
85 -11.09454346 125.8760452
85 39.37675476 103.4726486
85 -117.8592453 24.91263962
85 -46.19838333 74.95355988
85 -23.31366539 102.5754166
85 44.36653519 138.7303009
85 -127.8686447 31.92754936
85 10.22339916 95.97906494
85 -11.6355648 167.2015686
85 15.75988293 81.67814636
85 65.32741547 143.8860168
85 -159.5457458 35.47940826
85 44.80685806 86.86428833
85 19.85063362 146.9833527
85 -34.70409393 168.7755127
85 -28.90051842 73.54385376
85 54.85036087 128.7650299
85 83.46873474 106.3526611
85 22.85141182 115.5968552
86 -46.13033676 15.29026318
86 -85.37374878 16.15397263
86 22.45662498 45.94039917
86 -80.24508667 -2.323858976
86 -122.1689606 -22.71691513
86 -113.9237137 -9.164394379
86 -93.74860382 37.31480408
86 72.75702667 42.96742249
86 -103.1054153 -10.95547867
86 -114.3971786 -37.156147
86 -132.9702301 -20.81497765
86 -83.62033081 -28.27433014
86 -76.26142883 69.55447388
86 -132.1286469 -101.9817123
86 -182.8904266 -30.68949509
86 -130.989624 -57.52934265
86 29.46601105 9.702807426
86 -116.4707184 81.51036072
86 -24.79911804 90.0121994
86 -100.4032059 -113.9845047
86 -57.38829803 -51.72922516
86 -181.8123932 -123.5319519
86 -131.3036957 -81.46738434
86 -206.1807098 -19.77751732
86 -92.07790375 -39.94869232
86 65.99172211 21.01737976
86 -134.4905243 -158.0746155
86 -20.95578384 -43.85191345
86 -220.598999 -101.4007416
86 -190.6794128 -111.6781921
86 -164.7957764 -102.2178268
86 -90.59188843 -31.7373848
86 65.53353882 17.17745018
86 175.1327057 37.18099976
86 -132.6127014 -185.0587921
86 118.3533173 -0.9712386131
86 -10.03967094 -30.30276871
86 -183.2801514 -81.70988464
86 175.3804474 57.53012848
86 183.633728 45.46649933
86 -111.7233276 -211.4438782
86 210.7991943 50.49854279
86 -41.88090134 -28.73481178
86 218.1681671 58.22328949
86 -76.31797028 -230.7671967
86 277.8569031 88.49008942
86 242.7911987 72.93305969
86 -66.71699524 -22.65904236
86 280.987793 31.71733856
86 122.0433044 101.2700043
86 258.8909607 76.34474182
86 264.3591614 65.5178833
86 -57.53560638 -10.18954277
86 -68.97087097 -34.00894165
86 282.3530884 40.52274323
86 301.8848267 70.41773224
86 38.34963226 106.1188965
86 78.90516663 88.04338837
86 172.752121 166.5106049
86 272.944458 56.69499969
86 -60.73182678 0.7897798419
86 -58.80478668 -34.76789474
86 316.0012817 58.89557648
86 282.5124207 34.96557236
86 -107.2518234 68.75860596
86 12.51483822 61.90611649
86 -50.04309464 11.85026169
86 295.0649719 28.45160103
86 -181.7432098 69.48478699
86 -119.7673264 58.73235321
86 -108.1366806 43.54550934
86 -171.8258972 74.11836243
87 162.0388489 -151.6643372
87 136.7695618 -159.8910828
87 189.2207947 -170.6406708
87 117.443924 -138.6394958
87 185.6928101 -95.22615051
87 80.50356293 -149.1519318
87 219.6743927 -166.6168518
87 135.655304 -107.8553696
87 210.6691742 -109.9793167
87 143.8023376 -73.89975739
87 62.84146118 -119.692009
87 115.8745422 -45.99317551
87 56.77906036 -146.5496368
87 56.02041245 -84.93493652
87 104.6953354 -38.97344971
87 97.66285706 -18.52826691
87 61.53376007 -80.56278992
87 68.48236084 -69.11488342
87 74.75215912 -56.90657806
87 96.64294434 -26.30746078
87 48.49113464 9.456505775
87 49.32205963 -76.99677277
87 93.59120941 -52.54110336
87 102.9848099 -16.3119278
87 104.902359 -14.30681324
87 26.63849449 -13.16511822
87 86.27638245 47.53407669
87 24.09242821 37.28173447
87 78.8878479 -69.96775055
87 42.06267166 -22.77372551
87 77.61092377 -37.38808823
87 -59.83963776 31.48557091
87 -3.248456001 14.05421257
87 -46.01044464 57.53643799
87 30.62285614 17.03536224
87 2.160806179 8.539140701
87 139.6349335 -66.91622925
87 89.14962769 -1.564097524
87 33.62044144 -30.47652435
87 -110.5286713 64.18527985
87 -64.41420746 50.42973709
87 -43.70350647 82.48194885
87 37.15066528 64.70558929
87 -96.83981323 78.19738007
87 171.5199738 -84.03117371
87 -21.90769386 18.54847527
87 -186.4551544 54.73862839
87 -89.17644501 97.68547058
87 -224.5679169 25.77668762
87 -21.69476318 45.31898117
87 -34.09955597 99.6344223
87 22.13926888 57.80622482
87 105.5794601 49.70831299
87 23.61666298 62.06787109
87 -72.06427002 102.708374
87 -121.8767014 92.30932617
87 -132.5949097 95.17746735
87 -107.0946274 50.2111969
87 -252.9803009 13.33936024
87 -211.3309326 2.322343349
87 -257.1990356 22.87371445
87 -25.53150177 104.0233994
87 4.927678585 63.24678421
87 202.1468658 63.94496155
87 -12.92180061 64.0334549
87 -110.193718 78.07580566
87 -49.67517471 146.1835785
87 -59.36497498 100.0467453
87 -164.1951447 87.57662201
87 -58.73670578 65.74340057
87 -151.9750519 70.48142242
87 -315.3536072 1.53078258
87 -299.7582397 -15.29966068
87 -307.6753845 -1.247206092
87 -57.42285919 81.49401855
87 -64.30062103 72.93236542
87 -139.15271 61.65101624
88 -313.406189 -183.9715729
88 -297.5813293 -199.4917755
88 -393.9445496 -172.9892578
88 -266.008667 -169.8132019
88 -201.8395844 -139.9290009
88 -296.5907898 -252.7800903
88 -281.8467407 -168.2790985
88 -150.4131317 -103.2694931
88 -335.9093018 -257.1352539
88 -259.5453186 -128.4459991
88 -170.9360352 -123.794075
88 -98.01952362 -6.331151009
88 -346.4334106 -265.6972046
88 -236.7244873 -145.3451691
88 -123.9915771 -29.31550217
88 -92.12657166 6.035348892
88 -74.94211578 23.99289703
88 -386.8730164 -283.6300659
88 -360.7821045 -269.857666
88 -232.2693634 -239.6361694
88 -59.74547958 -35.63157654
88 -6.983212948 57.68331528
88 -98.5521698 20.23129654
88 14.7700901 -7.787033558
88 30.5750103 77.75907898
88 53.11431503 82.87916565
88 -81.23872375 19.99799919
88 28.80047226 1.063823462
88 28.94116211 20.33556938
88 76.43287659 -0.3828869462
88 90.15016937 77.02513885
88 81.10851288 74.08152008
88 35.13080597 -0.4788947701
88 -13.99114227 0.5337858796
88 71.74357605 25.77177048
88 159.974823 -1.861798882
88 122.4776459 54.47470474
88 85.06784821 130.5910645
88 109.3756943 75.6300354
88 65.98296356 81.32244873
88 70.0125885 37.66356659
88 29.23604965 5.744410515
88 177.9400635 31.01018143
88 138.7619781 63.07336807
88 135.4763947 48.00413132
88 128.1597443 82.43074799
88 44.14247131 71.34897614
88 34.08336258 79.07003784
88 89.18478394 84.9692688
88 56.84641266 64.8919754
88 113.0277405 71.67314148
88 118.8167877 2.221490383
88 60.61639786 50.38385773
88 196.9846497 84.6319809
88 23.47684479 69.17179108
88 60.26542664 76.03588104
88 128.1759949 69.41265869
88 39.86582947 52.67538452
88 19.1651516 84.13419342
88 52.97290802 48.57030487
88 213.6593475 131.9333649
88 242.7306976 61.58880997
88 128.6590424 134.5073547
88 86.80995941 82.39871216
88 39.37670517 62.62221909
88 36.59209061 20.10862732
88 241.9469299 137.6489716
88 196.2039337 148.0241394
88 273.7060547 39.90958405
88 136.5264587 95.84264374
88 45.20008469 35.97228241
88 46.1877594 -24.16577721
88 189.3283386 178.0571747
88 307.0521851 43.83944702
88 225.857193 31.04058647
89 68.62797546 130.9113312
89 95.69989777 161.3778381
89 56.38676834 124.0914078
89 113.6156769 168.5582123
89 71.65660858 126.3223572
89 134.5377808 167.1491547
89 54.68635559 121.0854034
89 98.43922424 95.87154388
89 62.78766632 136.2177734
89 -0.72629565 130.1992798
89 60.29051971 131.5040894
89 72.86547852 97.26798248
89 92.67054749 88.66537476
89 89.32862091 57.13733292
89 -21.44794655 107.8905334
89 81.7122345 99.36340332
89 110.8388672 46.12082291
89 122.6086197 66.60836792
89 108.9943771 4.225443363
89 -76.23028564 105.5426483
89 44.33810043 97.78249359
89 64.24829865 36.94289017
89 97.39771271 66.19997406
89 60.67004395 30.71523285
89 129.4172211 70.07846832
89 35.32820129 -26.53322792
89 73.34168243 11.79571056
89 131.6392517 19.87943077
89 67.49731445 125.7674408
89 72.4761734 34.20018387
89 80.03535461 13.82649422
89 90.87070465 63.74213791
89 10.83956337 15.67597771
89 75.38220978 16.06168556
89 181.6035614 65.66056824
89 -27.18445206 -56.71487427
89 62.79238129 7.575717926
89 159.4034729 12.87331295
89 77.23358154 143.2126007
89 32.35958099 20.2747345
89 130.9856873 22.59337044
89 45.76607895 -40.75273514
89 -45.66388702 -12.51582813
89 -108.9315186 -80.24301147
89 -9.296051025 -81.30714417
89 -55.0157547 9.328920364
89 -92.03982544 -69.11231232
89 -154.9779968 -77.6840744
89 -108.0086517 -62.67648315
89 14.27513027 -96.56199646
89 -23.66913033 -100.2101135
89 -83.85360718 18.6613903
89 -37.90611649 -94.3640976
89 -127.0458755 -97.30490112
89 -135.0591583 -104.0744629
89 -206.8763885 -81.76293182
89 -146.3789825 -57.52236938
89 -68.91330719 -94.24036407
89 100.6959915 -103.4605637
89 3.9200809 -95.94335938
89 -48.62418365 -110.3560638
89 -174.1069336 38.29901886
89 -0.4049219191 -91.8510437
89 -193.5903778 -124.1272888
89 -127.1265793 -166.0676727
89 -230.9104614 -73.31481934
89 -144.9909973 -100.6968765
89 -146.8913879 -60.32382965
89 -72.8833847 -127.082222
89 15.74087811 -95.75843048
89 24.21648598 -109.1524887
89 -188.0965271 -196.0270538
89 -202.990921 -155.1564941
89 -181.1760406 -168.423645
89 -137.2042389 -95.93554688
90 -337.061676 -253.8788757
90 -352.611969 -259.5274963
90 -369.6334229 -276.4338989
90 -372.5032349 -262.5884094
90 -276.710968 -231.6963348
90 -206.5619965 -191.0909882
90 -224.9337158 -211.733551
90 -100.3398895 -120.2406921
90 -81.69277191 -65.183815
90 -16.64472771 -74.11631775
90 -95.17945099 -85.49821472
90 -75.81172943 -17.89262772
90 -16.11139107 -66.23545074
90 109.0884933 -50.66010666
90 -108.7670517 -99.78600311
90 -133.9425659 -91.54479218
90 -138.3802032 4.286094189
90 34.50358582 89.82326508
90 27.64769363 -55.05266571
90 -74.23715973 -122.6542435
90 197.1759796 -0.7752776146
90 -152.4217834 -115.6957855
90 -160.7692566 -148.7907257
90 -182.0263214 -139.0376129
90 -190.7323456 9.839765549
90 72.51564789 99.09424591
90 30.788908 -26.78701401
90 56.97582626 162.6931915
90 304.1559448 24.19485283
90 -182.5033112 -132.6937256
90 -195.6562195 -182.744873
90 -196.5957947 -130.6611481
90 -147.1720276 -183.1117249
90 -248.2086945 -196.2809753
90 -170.6587372 43.78063583
90 105.011528 109.7935486
90 119.564209 34.11249161
90 93.9913559 140.6040649
90 70.37060547 193.9842834
90 88.72447968 140.0780029
90 281.9352722 9.927680016
90 310.9653931 58.30398941
90 -170.9924469 61.14826202
90 81.08000946 120.4511871
90 144.6695709 91.48364258
90 139.5276184 60.23073196
90 111.2609024 135.2169647
90 302.7109375 84.64845276
90 -195.2451782 113.6191711
90 57.8011055 129.9645538
90 51.14831924 152.4825745
90 188.2036591 72.1399231
90 147.9797974 92.08699036
90 235.7361908 21.22780609
90 166.8759003 165.6453552
90 130.2043762 151.4959564
90 281.8357849 81.08480072
90 258.6148376 119.5379639
90 -173.8522949 95.95961761
90 -174.1965637 126.2077484
90 37.93627167 154.2121124
90 200.3646545 65.52957916
90 153.6387024 44.278965
90 125.2019958 118.3037796
90 316.3106079 -8.233104706
90 168.0823059 192.4118042
90 255.5454102 38.68296051
90 272.8562012 94.48199463
90 -208.845459 97.57743073
91 -54.26750183 52.63861847
91 -93.2731781 68.76528931
91 -123.4622269 32.95466995
91 -17.80163956 67.56975555
91 -98.81315613 74.44674683
91 -92.05582428 72.18461609
91 -88.3250351 79.91094208
91 -174.376709 4.583194256
91 -125.1671524 3.093787432
91 -27.3127327 98.70717621
91 -99.56610107 83.06905365
91 -64.94532776 75.16625977
91 -265.4786377 -19.97251892
91 -116.187645 -5.788336277
91 -112.9534836 -1.872364163
91 0.666519165 140.2453003
91 -61.05549622 69.91073608
91 -32.85982513 -61.11655426
91 -116.3789902 0.2731707096
91 -154.4367218 9.525403976
91 -94.38378143 -20.34654617
91 -82.39362335 49.90727234
91 -86.42095947 -51.62916946
91 59.36312866 -56.75880051
91 -130.4673615 1.08895123
91 -157.734375 -1.832004309
91 -129.7649384 -21.24304771
91 -95.21927643 -44.76692581
91 -90.96382141 19.73513603
91 -44.67469406 86.84572601
91 -129.3407288 -73.67588043
91 3.444895744 -120.6628571
91 136.1848145 -34.76093674
91 -217.1548462 12.09830952
91 -109.9242859 -2.479843616
91 -103.103241 -72.94008636
91 -95.62097168 -3.780713558
91 -88.35770416 29.69553566
91 -132.0611115 -73.88642883
91 -55.16397095 -58.80463409
91 17.47775841 -132.3265686
91 102.7701569 -51.25732422
91 86.96657562 -53.1663208
91 308.1734314 14.69351864
91 -155.406723 -10.97978497
91 -105.648468 22.8908844
91 -117.0966721 -170.2350006
91 -107.1333847 -9.325077057
91 -86.30293274 41.89002609
91 36.2783699 -45.688591
91 453.580719 80.4221344
91 -203.8177643 -20.80631065
91 -148.9257202 -209.8177032
91 -127.6416855 -231.3410645
91 -105.7816467 67.08251953
91 521.0430298 131.4813843
91 -244.6442566 -44.53689957
91 -171.7954865 -258.8257446
91 -169.2790222 -280.7766724
91 -116.2498245 -235.4185638
91 -116.0459747 41.92788315
91 -43.22655487 130.4923096
91 -93.44540405 86.25778961
91 557.1778564 138.3017273
91 588.5734253 190.5591125
91 -252.5823212 -65.68425751
91 -244.9553986 -57.66676712
91 -210.2392273 -285.9922791
91 -206.8485413 -287.7415771
91 -290.653595 -346.0329895
91 -238.0941467 -307.4735107
91 -21.95156479 160.9720459
91 -16.26055527 157.5593567
91 594.2943726 188.0274963
91 623.7576294 216.2528839
91 457.552887 111.092926
91 -251.8271027 -82.79784393
91 -6.691578865 170.8465881
91 602.4289551 196.6391602
91 689.0646362 244.9430084
91 374.3479614 53.80591965
91 -250.0742188 -82.43009949
91 678.6755371 201.7605896
91 604.0175171 200.7839813
91 368.246521 15.53964329
92 -196.9211121 -89.85056305
92 -130.3679962 -59.84805679
92 -227.3623505 -120.0914764
92 -217.364502 -53.05798721
92 -46.1414032 -34.29077911
92 -116.83078 -61.76239014
92 -232.6087494 -126.9779129
92 -258.34552 -132.3309937
92 -227.8232727 -32.55135727
92 37.76504517 -24.35279465
92 -52.45291519 -40.01740265
92 -202.9577332 -89.1275177
92 -228.7181854 -126.1006165
92 -12.20366287 -68.24498749
92 109.4179001 -17.85548973
92 -58.06258011 -5.5391469
92 -63.03427124 -59.85105896
92 -290.0329895 -146.9391022
92 -102.2841644 -90.47145081
92 -56.40324402 -55.69762039
92 168.5007782 -13.51439571
92 -21.3639679 27.85734177
92 -137.1504822 -40.43980408
92 -21.08806801 -59.85539627
92 175.0306549 -23.74860954
92 22.46547318 77.43104553
92 -155.6978455 8.03424263
92 -212.6938477 -87.50131226
92 -12.76358223 -35.30161667
92 30.34396362 -88.11933136
92 -25.76335144 -57.61414337
92 194.1432953 -31.19234657
92 11.78467274 74.57868958
92 32.28012466 33.54126358
92 -170.9151611 41.98900604
92 37.8405571 -1.198835254
92 29.22657394 -92.90634155
92 22.6695137 -102.8832092
92 20.50181389 -97.56116486
92 -41.52842712 -51.12898254
92 211.1094971 21.02757072
92 110.593338 82.96414185
92 76.95613861 114.2074661
92 -28.39544487 55.96346664
92 26.84358597 44.26298523
92 61.38103104 22.13132477
92 -190.5127563 57.11867142
92 53.54490662 -46.43568039
92 71.82349396 -79.5710144
92 16.19605637 -106.5465012
92 22.17627525 -108.1494675
92 164.5605774 46.1688652
92 243.4965973 25.10451698
92 192.6210327 40.05220032
92 133.2418671 100.2974167
92 35.313797 70.28038788
92 118.5000381 105.8121719
92 71.87410736 81.78081512
92 81.71029663 146.2465668
92 58.35252762 117.7116241
92 200.6152802 41.75879669
92 163.6251373 118.1109772
92 118.533432 108.2000122
92 197.6917725 119.2417526
92 27.99563026 86.76836395
92 95.47007751 112.2244644
92 59.16694641 94.74320221
92 29.10150719 129.8667297
92 67.18267822 98.06967926
92 72.65220642 150.6234436
92 63.48751068 104.4575882
93 -158.3180389 20.50051117
93 -131.6393585 16.61221695
93 -128.2867584 18.81620216
93 -109.4224777 17.01180267
93 -113.7159729 -6.952676773
93 -146.454483 -6.638206959
93 -79.17150116 15.86241436
93 -106.9487457 -1.294310331
93 -150.2054749 -41.58241272
93 -55.04753113 -1.654337525
93 -201.7982483 -57.3137207
93 -134.6175842 -56.79865265
93 32.57151794 20.82257271
93 -203.6928558 -28.20442581
93 -230.662796 -115.1525345
93 -100.4068222 -83.32849121
93 -131.4789886 -60.98418045
93 98.31073761 32.39825058
93 52.73770905 31.79028702
93 48.68778229 23.41932869
93 -236.5105743 -8.640518188
93 -222.4065399 -128.1659393
93 -257.382019 -137.1560364
93 -350.3620911 -184.8374481
93 -103.9536743 -58.36468506
93 -109.9132996 -60.59575272
93 -107.7087402 -100.4314957
93 -124.1261139 -65.73565674
93 124.9690094 59.27143097
93 146.1429596 45.22127914
93 64.57258606 22.83610535
93 -13.55710506 11.86357212
93 -219.0580597 -135.1661224
93 -238.1737061 -164.53302
93 -248.6641998 -132.1487274
93 -248.2860718 -117.8557739
93 -139.6079407 -93.99479675
93 -67.65998077 -28.2042923
93 122.2946243 63.56271744
93 273.2222595 120.0502014
93 170.0955811 35.27159882
93 207.0991364 45.49874115
93 98.75906372 19.41612053
93 195.8083191 29.43227577
93 -21.19116592 2.985020876
93 -40.98369598 4.91865778
93 20.37672806 9.549362183
93 -202.5968933 -115.2622452
93 -213.951828 -187.1419678
93 -40.15149307 1.947162747
93 -40.5684433 -35.70133591
93 -48.90398026 -34.75859833
93 22.48542213 42.71312714
93 158.6555786 88.3346405
93 329.4778748 164.6764374
93 171.3812866 42.20621872
93 264.8702393 25.5178833
93 302.5339661 85.86075592
93 307.5154724 105.5606766
93 147.3284302 4.823698997
93 -87.45574188 10.30794621
93 -73.67726898 -8.696865082
93 -178.3401947 -85.63628387
93 -81.03842163 -48.3356514
93 97.20137787 24.70252228
93 -66.25747681 -13.07144928
93 -24.28095055 5.046050072
93 156.7348785 74.72532654
93 208.7765045 127.1389999
93 185.9256439 41.27203751
93 261.4726868 1.869200349
93 380.8010254 127.4237976
93 205.0700684 7.47779274
93 -79.2989502 8.218132019
93 -124.2279663 3.718791962
93 -151.0133667 -72.48085022
93 165.2831879 31.62672615
93 -105.9002228 -1.424945474
93 -164.9051361 -87.97058868
93 248.8292847 65.49319458
93 189.6461334 65.89998627
93 180.388855 63.54718399
93 268.5800781 77.26758575
93 174.8070221 119.8431549
93 192.4560547 146.0710297
93 132.0478973 159.3893127
93 206.0643768 176.4251709
94 62.30524826 2.809614897
94 33.2636528 -15.94287014
94 111.0098801 32.52045441
94 46.17226028 7.402884007
94 -51.96075821 -43.7515564
94 109.499382 40.41398239
94 -127.6186218 -3.042704821
94 -45.41503143 -71.27016449
94 144.8440094 66.92514801
94 -176.7512207 -17.39013863
94 -145.7874146 8.003511429
94 144.0562439 67.1519928
94 193.0169067 91.49766541
94 -61.88429642 28.76264572
94 -151.7902679 44.71863174
94 -140.9503326 -67.43058777
94 -108.8513794 49.85387802
94 2.904249191 61.27624893
94 -187.9568481 44.00630188
94 -102.6813202 46.40162277
94 -110.8946991 46.62501526
94 -156.1888123 -75.67262268
94 -192.2150726 -93.05584717
94 -3.892587662 71.03282166
94 -76.27636719 57.8219986
94 -172.8256836 -88.38092804
94 -82.31880188 -56.89199829
94 -205.0747681 -93.06037903
94 72.87587738 84.38063812
94 -232.4811554 -119.4501877
94 -53.07275772 -66.81111908
94 210.1763306 117.5620422
94 -134.291687 -139.3229828
94 -12.99943066 5.676160336
94 -60.21551132 -45.29547882
94 206.2726898 67.43902588
94 -179.8861542 -162.0677185
94 -17.53760529 -37.94755554
94 -71.35010529 -28.72853851
94 -59.78438187 -69.70741272
94 276.6094055 88.52762604
94 -197.1581726 -164.9842987
94 -2.167205334 -56.22658539
94 8.135708809 15.13344955
94 -85.09307861 17.14739799
94 -65.66646576 -94.50926971
94 323.4396667 127.1318512
94 55.27062225 -58.38818741
94 -54.40480804 -21.44468307
94 -107.4339905 -1.828096271
94 -62.25872803 -111.9175873
94 391.0965576 175.3475952
94 189.6146088 -36.48938751
94 -147.1785583 1.671038628
94 107.2531967 -49.68473434
94 250.1728363 -18.31711769
94 -166.3264008 -0.7149274945
94 180.4092865 -32.43125534
94 42.29285049 -55.80194473
94 312.9459229 17.94651794
94 261.5751953 -12.47335911
94 -179.916214 16.95766068
94 -21.27803993 -74.26561737
94 337.3482666 52.60780334
94 -184.0948792 22.64612579
94 -62.8172493 -33.81085968
94 324.0854187 52.29774475
94 306.2530518 28.00789642
94 -206.2442017 12.53583241
94 -119.5183487 -11.16725636
94 355.9514465 70.08679962
94 313.23172 26.94297981
94 -275.2386169 -22.12613678
94 -158.8267822 9.813549042
94 332.256073 26.49291229
94 -97.62109375 48.48728943
94 -160.1193695 42.78779602
94 -154.052948 36.03676987
94 349.5108643 29.29579735
94 -122.9914856 52.04370117
94 -163.2921295 65.75071716
94 -137.1966553 73.82301331
95 -32.19716263 2.580534935
95 -147.2407074 39.65854645
95 -27.06255531 39.64690781
95 -39.80281067 -75.61475372
95 -65.7908783 16.72373199
95 -145.437149 41.20342636
95 -191.1970978 28.54935074
95 -51.17573166 33.35700989
95 17.19828606 113.0773468
95 21.02906227 72.65700531
95 -75.38246918 -88.77803802
95 -18.93298912 90.25137329
95 -82.17357635 29.92816162
95 -107.6031189 -8.7215271
95 -195.4697266 34.09189224
95 -24.90423393 -13.68703556
95 81.48605347 87.47801971
95 -31.88483429 87.93112183
95 -105.3919754 34.04416275
95 -95.43830872 -42.70801926
95 -170.2038574 64.83836365
95 -161.3583832 27.90374184
95 -20.54886246 -65.69537354
95 62.40860748 82.77241516
95 16.07844543 94.28865051
95 -75.7173996 77.40353394
95 -30.01338768 81.87077332
95 -33.85498428 -66.78361511
95 -185.9837799 81.95249176
95 -128.7818756 70.13755798
95 6.538847923 -62.78118515
95 159.8655853 85.71005249
95 87.09239197 88.18157959
95 30.68869209 63.1054306
95 56.38868713 125.0633621
95 -16.91876984 89.813591
95 35.371418 70.57135773
95 21.90632439 40.67315674
95 -4.113060951 76.17904663
95 3.994949341 43.80554581
95 8.290502548 -34.20587158
95 44.36543274 91.53580475
95 -16.03083038 47.85939026
95 51.91730881 -112.0082016
95 106.2379379 127.6109085
95 126.6012802 -121.8027191
95 66.24463654 -92.53097534
95 17.63214111 -114.4001694
95 175.6464539 170.8303986
95 150.4980927 -110.4195862
95 145.1170654 -182.3332977
95 42.68536377 -106.0545883
95 -14.59222412 -109.9412079
95 186.5103149 -201.8529205
95 104.8512039 -90.52683258
95 16.02078819 -132.0328827
95 -54.8151741 -124.706192
95 173.5043793 -217.4414368
95 214.187027 -194.904953
95 119.6604843 -83.35438538
96 -20.68319321 96.31913757
96 -31.78385925 51.10041428
96 -37.51651001 110.4756775
96 61.86882782 29.70181465
96 -81.53236389 -2.376224995
96 -46.0200119 84.50039673
96 98.29804993 7.586779118
96 -104.2699585 -22.60890198
96 -126.3082199 -14.2366333
96 -63.69312668 -24.17978477
96 -42.77499771 71.46388245
96 -12.26958942 118.0741043
96 -38.18400955 110.2230453
96 144.8708954 -22.04816437
96 -81.63059235 -35.59901047
96 -102.9295502 -22.98674774
96 -108.9496918 -34.30615997
96 -133.4773254 -2.161080122
96 -74.03153229 -35.16342163
96 -8.145853996 -15.56912422
96 -38.73786926 69.93086243
96 -14.67391109 102.3694
96 -46.52331924 127.8852158
96 167.4771881 -18.4723053
96 202.269043 -21.70966911
96 -59.1943779 -47.22545242
96 -90.20324707 -16.36144447
96 32.7217598 -52.10196686
96 -48.54641724 55.9793396
96 -5.951321125 94.21025085
96 -79.41982269 107.4886017
96 -36.80094147 144.5088959
96 151.1818085 -4.663034916
96 184.2215424 -71.19038391
96 210.8610229 66.87759399
96 -32.53926086 -100.7733002
96 -56.45675278 -29.00303078
96 74.87005615 -54.48622894
96 -95.54555511 29.69429207
96 -10.90536022 85.89238739
96 85.60165405 -39.00538635
96 191.5218353 0.2094723433
96 196.2553558 -67.9849472
96 148.4682465 130.3622437
96 218.484436 58.27954865
96 -95.06777191 -147.6090698
96 -70.07528687 -115.4192963
96 11.84193611 -140.5562286
96 -56.29839706 -28.16204834
96 -52.0280571 -20.89616203
96 -46.28537369 -56.21746445
96 103.3821869 -60.31773758
96 -141.1283417 44.63010025
96 48.16879654 121.3535309
96 61.66744614 -103.3465118
96 208.9216614 -106.195282
96 146.3731689 175.1640472
96 -95.40182495 -161.7838593
96 -43.2792778 -75.79371643
96 53.24481201 -151.7604675
96 8.617102623 -163.0837402
96 -115.4260941 -66.72410583
96 38.19792175 -1.223077774
96 112.8827057 -79.31581116
96 -183.7363739 52.03767776
96 -158.6013794 33.69041061
96 -175.242981 52.60748672
97 5.762851238 -8.765082359
97 18.61585045 -4.291082382
97 -4.105549812 -5.021636009
97 31.05132866 -4.864628792
97 15.68803883 -6.632414341
97 11.10876751 -7.032658577
97 43.74675751 1.886818767
97 -36.48299408 -5.433601856
97 44.44779968 -7.849612236
97 61.32479858 -3.680942774
97 -9.465345383 -24.30615616
97 -64.74839783 -10.21609306
97 -6.177592278 -15.34847736
97 57.84479523 -6.07165575
97 22.5865097 -30.72486496
97 -83.78102112 -16.85973167
97 87.36109161 -10.77621746
97 127.8545151 25.64478111
97 125.7425995 1.36689043
97 52.22486877 -21.8175087
97 79.80063629 81.53981781
97 127.4444199 35.45146942
97 -15.60628128 7.28799963
97 124.1978378 31.24682999
97 18.27500725 -14.22916603
97 129.1980591 68.48260498
97 7.187454224 -0.7731379867
97 -119.8023987 -3.367389441
97 122.0846329 31.10183525
97 55.84151077 5.626886368
97 132.0984955 118.5148239
97 -173.3173676 -29.209795
97 -112.8852158 13.76453114
97 30.73268127 -5.167957306
97 67.67510986 2.853079557
97 191.3713837 146.6939545
97 127.7173386 129.9911804
97 108.9202042 144.1265411
97 -177.5335693 -36.8465271
97 -167.3249207 -60.02362442
97 -49.33924484 30.82244682
97 17.26090431 -21.38039398
97 15.12958431 -22.09979248
97 143.5358276 1.558657289
97 -214.9656219 -51.77589035
97 -88.605896 -45.60899734
97 -218.6500092 -67.63386536
97 -220.5924072 -77.7790451
97 -12.76595211 24.50340843
97 16.22696304 -36.72404861
97 -38.63931274 -51.39911652
97 -251.5187836 -76.15940857
97 -196.776062 -97.89297485
97 57.27781296 54.33859634
97 -5.727647781 44.02384949
97 12.4095068 27.54374695
97 -55.11917114 -66.1129303
97 2.453789234 -12.05186844
97 31.73110771 -62.44242859
98 68.58309937 24.96504211
98 74.79986572 33.37435532
98 30.75755119 37.25782013
98 50.25517654 21.75482559
98 74.14849091 55.54383469
98 47.54722214 19.12585068
98 4.44222784 57.28516769
98 -64.00393677 -5.621968746
98 54.16328812 45.42610931
98 -7.311007977 23.99608612
98 27.27109718 75.90351868
98 -5.482243061 66.92660522
98 -151.2519989 -39.59332275
98 4.890428066 33.65044403
98 -53.16045761 50.88771439
98 22.51098633 88.08798981
98 -56.90164185 56.70460129
98 -169.0850677 -55.46417236
98 -154.6977844 -63.98439789
98 60.61593246 60.25589752
98 6.513179779 33.73865891
98 -83.65613556 58.17645645
98 19.72026634 88.67900848
98 21.89493561 96.52080536
98 22.60328102 88.6107254
98 -66.34229279 52.40265656
98 -9.804784775 70.41110992
98 -235.2766571 -104.1902542
98 -144.4951172 -95.84521484
98 71.54151154 59.41401672
98 49.98860168 85.94750214
98 -56.91946793 21.48682976
98 14.1015749 56.27693939
98 21.71936035 94.84034729
98 51.51491547 104.9000168
98 -97.54540253 54.76396561
98 -22.15306473 67.78373718
98 -282.7092896 -108.6955643
98 70.00176239 125.5335617
98 97.27407074 13.49324226
98 57.5579834 81.19882202
98 123.4675598 111.1472092
98 38.54281616 89.72170258
98 -292.0149536 -115.2939072
98 72.54933167 164.0762482
98 68.59590149 175.1828308
98 22.98936462 -73.52094269
98 83.42363739 68.85923004
98 199.7169189 131.5579071
98 64.66708374 241.8237915
98 75.01403046 211.1313477
98 37.82220078 -66.04508209
98 -21.38295174 -147.8769684
98 -42.45959854 -102.020462
98 168.6761322 148.4610291
98 244.5389099 138.0694885
98 221.2880249 128.1605072
98 46.95465851 257.7230225
98 32.43375015 263.8214417
98 32.76874924 247.8748474
98 80.62194824 -48.04986572
98 -89.09106445 -132.8450928
98 -85.12155151 -225.3968964
98 184.3961487 178.8681335
98 -126.0259552 -276.0465088
98 -75.27163696 -272.7053528
98 240.8369904 207.926712
98 -170.4711914 -320.7160034
98 -92.66835022 -297.6705627
98 334.1546631 280.7411804
98 -188.6032867 -356.71875
98 -100.1647873 -309.1965637
98 443.3961792 333.6316223
98 -202.2024689 -395.7325439
98 -85.03227234 -329.5037537
98 -88.13440704 -331.0143433
98 -103.4904785 -329.6743164
98 -189.1752319 -397.9774475
98 -229.1653442 -382.70224
99 -154.5605927 -73.52722168
99 -133.1038818 -65.19145966
99 -231.0456848 -53.21808624
99 -160.0237274 -78.0595932
99 -64.68136597 -51.35829163
99 -132.0768738 -58.61338043
99 -138.5990143 -55.79347992
99 -169.5778961 -56.97038651
99 -38.23750305 -53.45421982
99 -101.8078537 -47.97230148
99 -73.98461151 -34.61592865
99 -180.7970581 -87.97717285
99 -104.5168762 -4.870971203
99 -214.8378754 -71.10771179
99 1.396946073 -66.57862091
99 -28.86853981 -32.97193909
99 -57.91732788 -19.89569283
99 -127.2378693 -23.30615234
99 3.781015635 -38.30128098
99 -124.4226532 -9.634781837
99 -35.19940186 34.7374382
99 -134.2444458 -14.02940845
99 -53.42665482 -4.630246639
99 90.93973541 -50.30540848
99 -58.47261429 -83.28912354
99 -66.87505341 -30.3145237
99 -61.53938293 -17.07490921
99 37.365242 5.960148335
99 -179.3198547 -6.385754108
99 65.80069733 -39.95734024
99 -114.1991043 1.516367316
99 13.27955246 46.79405212
99 -18.4286232 66.36453247
99 -156.372879 -4.712295055
99 73.82811737 -24.44950485
99 -41.02984238 51.34906387
99 72.2026825 -58.83362579
99 137.874588 -41.27050018
99 94.55340576 -62.47698212
99 60.17842484 57.92840576
99 76.03928375 -24.23928261
99 71.4637146 38.13216782
99 -228.0510406 25.50263977
99 73.50170135 -48.54848099
99 -132.697525 -3.824349165
99 -28.61026192 47.45745468
99 -12.31222534 76.05764008
99 62.66813278 96.14025116
99 -33.07402802 84.49179077
99 105.5164032 -34.02371597
99 -24.81121635 48.59356308
99 -47.78118515 38.23238754
99 31.66210365 -107.44767
99 160.1578217 -53.62789154
99 216.7079163 -26.50134468
99 31.70706367 75.5140686
99 96.2747345 -31.98151207
99 90.78001404 104.1229401
99 28.57488251 120.0621796
99 -107.069809 99.30942535
99 166.0458984 151.3652191
99 125.3165512 -36.74169922
99 80.28023529 -13.88718796
99 135.5761108 -0.04225278273
99 -41.07064056 34.98013306
99 38.30524063 -173.6559906
99 150.0123444 -56.36063385
99 262.8665771 -37.03104019
99 246.4436646 -13.19820309
99 38.27742004 77.01718903
99 17.88132668 77.88330841
99 67.02133179 101.7495193
99 73.29697418 91.06330872
99 139.1333618 99.56375122
99 86.16510773 172.5637817
99 85.3306427 105.0963745
99 161.3300323 -44.11585617
99 89.8391037 71.29667664
99 151.506485 25.52950668
100 86.02918243 -145.1597443
100 110.3742523 -121.6593628
100 180.316452 -88.77018738
100 127.9339828 -156.9380493
100 160.802002 -146.946701
100 21.88913345 -79.87569427
100 206.8051605 -90.64772034
100 72.84806061 -225.9927979
100 134.5571442 -102.3023529
100 171.1493835 -160.5566254
100 181.7445984 -161.157486
100 20.44332314 -61.9982605
100 -3.653031588 -76.48309326
100 -15.03427219 -91.98679352
100 217.0914612 -81.02178955
100 -5.396468639 -41.59080505
100 -38.19205093 -62.50054932
100 -29.56869698 -6.473806858
100 -0.410600096 -34.99866486
100 -65.32246399 -59.48199844
100 -70.18395233 -61.41279984
100 -24.66575241 -47.55354691
100 -24.12774658 16.3504982
100 -39.8282547 -36.2635498
100 -13.77428722 -22.06708527
100 -12.89717388 -47.47485733
100 -14.8228178 -9.144258499
100 -30.02195358 -44.17404175
100 11.25689697 36.63117599
100 -20.73690605 -46.64437866
100 -8.218604088 -28.08198738
100 -46.39487839 -45.41123199
100 -106.9795837 -55.29730988
100 23.33890915 -38.98935318
100 5.349701881 -35.36444473
100 -4.78583765 -28.12552643
100 19.06698036 26.51225471
100 -22.36362648 -32.92540359
100 -53.86683273 -41.97593689
100 7.615949631 32.62932968
100 22.94481659 76.14202881
100 77.57393646 -25.7920723
100 32.11200333 -55.43019485
100 13.26502895 65.2879715
100 10.73580647 32.18502808
100 27.15500259 48.45830154
100 -6.836682796 101.2668915
100 47.21997833 86.1350708
100 109.0599365 -116.2365646
100 17.02740669 74.79881287
100 21.83712387 45.11587906
100 23.35902786 54.79806519
100 -59.43196869 123.3146591
100 14.48072624 101.4850082
100 71.0545578 58.74773026
100 23.74004364 55.84610367
100 -28.22871017 86.6296463
100 -33.39656448 138.8586731
100 34.77495956 111.7788162
100 58.1749649 27.64148521
100 -106.818634 85.49133301
100 14.01170254 89.13307953
100 68.98425293 25.32058144
100 -146.8136749 116.7257614
100 -174.125412 54.81017685
100 -7.87177372 85.42628479
100 131.8408966 117.1784744
100 -185.7043762 107.1808929
100 -154.8851013 122.359314
100 -173.7062836 53.1722374
100 174.4236298 122.0787735
100 170.0862732 105.8597107
100 -165.0344849 125.2037201
100 -199.4307556 30.55842018
100 222.0980682 89.6585083
100 189.9623108 117.0633774
100 -217.4898071 -8.894963264
100 -213.843811 48.24442673
100 -225.1191559 -46.11910248
100 -297.1539612 -21.95584679
100 -287.3977051 -4.201907635
101 61.62007523 -60.30739594
101 44.77566528 -28.56493759
101 57.02554703 -47.32540131
101 108.5320663 -35.68543243
101 108.8695908 -12.72659779
101 19.49761963 -94.29019165
101 121.7101593 -22.88849258
101 179.9413452 51.03239822
101 24.84737587 -114.1651611
101 -25.43981361 -153.8482361
101 85.82128143 46.89917755
101 183.8173676 76.39956665
101 36.27973175 -90.69104767
101 71.0544281 34.61326218
101 40.93349075 36.51252747
101 62.9024353 106.4286346
101 11.66819954 -37.83238602
101 24.2081089 -64.11743927
101 51.08652115 37.42509079
101 30.51819992 34.46833038
101 -14.66790771 149.7378998
101 -37.3075943 -15.37975407
101 47.87717438 -70.54969025
101 17.94684792 27.28383827
101 -83.42900848 173.4333649
101 -120.9259491 -4.060583115
101 4.149121284 4.245864868
101 32.32879639 3.588032484
101 0.6211786866 -82.35808563
101 -148.5257721 205.1385651
101 -145.0945892 8.191399574
101 22.01699829 34.47377396
101 35.31534576 -36.76940536
101 -71.7179184 36.53834534
101 16.82218552 33.1704483
101 88.43318939 -6.478840828
101 47.84361649 -6.523954868
101 -53.46739578 -102.5751419
101 12.72095394 -66.5173645
101 -206.2867279 222.4939575
101 -171.3958893 10.50353241
101 55.15035629 48.01980209
101 81.97457123 -48.74796295
101 32.2076149 -63.13017654
101 58.75615311 0.0496334359
101 -102.4242096 66.83204651
101 19.0555439 49.73849487
101 69.52216339 -52.54400635
101 -32.8390274 -72.14652252
101 -117.7005081 -109.6639328
101 6.128756523 -49.02667236
101 -277.1533508 214.5476837
101 -201.5198975 246.5704498
101 -252.7950897 175.1839294
101 -198.4049377 46.89507675
101 114.3407898 -66.46865082
101 4.08848381 -109.658989
101 33.03012848 0.6763173342
101 75.79438019 0.6543077826
101 11.60164356 -35.6384697
101 58.40286636 -31.03828621
101 -287.2738953 176.2039948
101 123.4355011 -79.14428711
101 -9.247109413 -131.0900116
101 -11.65048409 50.29764175
101 77.99745941 15.85472679
101 125.1007385 -79.1557312
101 -25.19241142 -180.6885681
101 -3.312469482 -162.3047943
102 -140.0987701 97.9797287
102 -132.9436951 98.30895233
102 -167.6880493 102.1757736
102 -75.45114136 66.08403015
102 -182.9260101 91.31666565
102 -170.5674438 90.18358612
102 -43.81684875 10.27701092
102 -208.3664398 93.23622131
102 -174.9349213 108.9430161
102 -222.818924 32.36507416
102 -55.51006317 -31.65208054
102 -38.24985504 49.64783096
102 -48.47397995 -4.630476475
102 -226.6332092 101.2741776
102 -262.2372131 46.79961395
102 -197.3235779 36.53117371
102 -219.9371033 52.71248627
102 -122.2263641 12.98027992
102 -68.56636047 -55.32195663
102 -21.66351128 -38.38938904
102 34.78354645 80.68039703
102 -30.9543438 -26.50915909
102 -233.8704224 133.9319
102 -181.135788 55.29206085
102 -81.4087677 35.65997314
102 -154.70578 38.09857178
102 -81.80825806 -52.34976959
102 -6.229035378 -61.00346756
102 -14.47374535 -58.32076263
102 110.7427216 40.20210266
102 -5.619678974 73.43891144
102 -229.2182007 143.0649414
102 -242.4718475 138.5302124
102 -27.96439934 17.53065491
102 -52.73451996 -70.8993988
102 -100.6208038 -56.11465836
102 41.40790558 -61.50506973
102 70.32288361 40.95108414
102 177.2745209 -16.56001282
102 -4.005302906 110.46595
102 -57.0790863 -70.79917908
102 -92.29174042 -74.5094986
102 76.46117401 -77.61146545
102 168.0656586 -55.82284164
102 177.0077362 29.05527306
102 199.3405762 -45.98262405
102 24.22635078 -90.92916107
102 193.4129791 68.67179871
102 175.083725 -0.553699553
102 40.16399384 -87.91929626
102 19.60738373 -109.978714
102 199.7748871 92.9903183
102 181.948822 -23.36302757
102 152.1345825 -12.97878742
102 100.8233643 -116.4193192
102 54.45381927 -94.46731567
102 39.92150116 -123.8180542
102 205.2058258 113.674881
102 197.2592621 -7.790495872
102 185.9798279 -42.12063599
102 178.6366425 -59.28643036
102 130.7666168 -144.6151886
102 78.15633392 -112.7645035
102 58.36759949 -107.9500198
102 46.16667557 -149.0162811
102 22.26241684 -121.1264114
102 242.3066711 140.4046326
102 220.4373627 23.03359032
102 198.7677307 -75.12733459
102 247.846817 -39.71352386
102 127.9072876 -88.57282257
103 164.2373352 13.98140049
103 87.6570282 8.841759682
103 39.06346512 -6.440643311
103 75.55183411 -1.795139909
103 54.44624329 -26.17245483
103 18.42954826 -18.36258125
103 -7.298788548 38.8006897
103 66.11660767 -18.52592087
103 69.06630707 -48.02273178
103 60.07679749 -37.585495
103 31.7160778 -16.45162964
103 -25.94363403 46.81507492
103 72.6240921 -64.41419983
103 182.9020233 49.61056519
103 81.68605042 5.759383202
103 24.16961288 -70.33803558
103 65.72910309 -7.267221451
103 -33.20193481 28.86952972
103 -5.991965294 74.08073425
103 55.0812912 -44.10866928
103 28.65903473 -126.2285767
103 120.9178696 34.41061783
103 144.3242493 100.7922974
103 108.7139969 49.95574188
103 47.01842499 -12.68060493
103 -16.70383453 39.36828232
103 -113.1930771 -32.6335907
103 -17.9453907 115.2608643
103 49.40014267 57.99413681
103 12.49542332 -30.4527607
103 66.89601898 31.88957596
103 116.1838913 32.08576202
103 126.8827057 63.69945145
103 -192.9255524 -19.29974747
103 -101.7913208 -56.08230591
103 -158.8555756 -99.94109344
103 -36.10464096 145.8963013
103 59.71073914 -29.08707237
103 16.41959381 -47.65908432
103 146.973465 46.47851181
103 66.06925964 45.36292267
103 131.1324768 9.713393211
103 -202.2122192 -40.10845947
103 -229.4250793 -9.517455101
103 -157.7434387 -132.6837006
103 -167.66539 -155.4665527
103 -116.3075333 179.8103027
103 -6.068274498 229.4977875
103 100.5353928 -33.91218567
103 180.3922577 105.743248
103 50.16653824 -62.47010803
103 142.9292908 55.00133514
103 -220.2455597 -34.8209877
103 -140.4950256 -25.53712082
103 -286.4718628 -19.22636986
103 -133.6619263 -138.2263947
103 -114.5929413 -122.5637589
103 -107.2388992 -121.0015106
103 -144.9445496 -203.5074921
103 6.059721947 270.2406311
103 -164.9955139 -235.7419434
103 31.58980942 268.3730774
104 16.32753563 79.09461212
104 -23.35691833 80.85056305
104 40.58397293 74.28659821
104 -74.84262085 73.87824249
104 -10.89543915 42.92284012
104 31.27772331 73.54698944
104 69.52209473 30.58696938
104 -108.8127213 46.19285202
104 -41.41641235 7.355516911
104 83.58603668 -33.20297623
104 -118.8930054 34.36769867
104 -140.9833527 67.04829407
104 4.149629116 -43.09174347
104 -51.20750809 -2.141637325
104 156.6825562 -43.31157303
104 69.93486786 -30.85880089
104 -182.3404236 48.76596451
104 -128.6093292 7.082586288
104 -133.9642792 93.80938721
104 -59.4235611 -124.6775894
104 53.91352844 17.16816902
104 -81.94641876 -33.25440216
104 -103.9793015 -21.42205238
104 -164.3583679 14.80854225
104 -78.20111084 -177.2076111
104 -128.6200409 -170.2261658
104 -64.78520966 -99.43016052
104 135.0225067 106.3515778
104 -141.6024475 -39.80792236
104 -93.05938721 -41.38246155
104 -85.275177 -31.74487305
104 -84.50276184 -179.5941162
104 -149.8130493 -151.4641113
104 -183.368988 -232.9477997
104 -17.17059708 -23.0532074
104 -108.0407181 -96.67405701
104 156.6039276 147.2161255
104 173.4615479 137.054306
104 -239.7179413 -67.14625549
104 -135.1452789 -32.94810104
104 -152.422699 -44.50327301
104 -118.1598129 -69.54573059
104 -5.054884434 -12.80472565
104 -73.0511322 -200.3538666
104 -125.4007492 -223.996521
104 -136.1999359 -173.735672
104 -278.6448975 -262.0351868
104 -142.330246 -129.0229187
104 155.8852844 149.3389435
104 152.6204224 145.7297211
104 253.341095 111.0896225
104 219.3987122 180.3682098
104 -240.5075989 -71.98310089
104 -265.1225586 -64.12064362
104 -64.47054291 -168.6929932
104 -113.8148956 -157.8321228
104 -118.7531281 -195.2523956
104 -184.126358 -192.0485229
104 -248.6068115 -258.5179443
104 -345.1248474 -277.9407654
104 190.8827972 170.6840973
104 161.4425201 161.0758972
104 202.9950562 60.1118927
104 249.1683655 98.60380554
104 292.4378052 211.3664398
104 208.0673828 182.0090637
104 201.0108185 172.1740723
104 219.9921875 185.5175171
104 184.8476715 26.09500122
104 142.8078766 34.17251205
104 313.8327332 93.47105408
104 268.6977844 72.54959106
104 140.7987671 167.2580566
104 289.5317688 236.311554
104 215.8061676 160.8815918
104 264.1720276 183.5241241
104 227.3202667 193.253006
105 -129.9324036 -90.29918671
105 -173.3856812 -40.06135559
105 -100.442009 -113.7696762
105 -142.6478577 -88.13350677
105 -176.5689697 -44.09769821
105 51.42375183 -94.68498993
105 -14.33627224 -134.5337524
105 -156.6880493 -71.45862579
105 -180.6524811 -41.66187668
105 48.49222565 -149.8601532
105 150.0929718 -43.55036926
105 51.79500198 -121.8882217
105 -41.99336624 -179.8025208
105 -13.7681818 -120.8704071
105 113.5944901 6.706429482
105 94.37117767 -128.0932617
105 94.4750824 -62.28913879
105 37.24135971 -145.0734406
105 -90.32293701 -137.2488708
105 -25.30017662 -214.1277924
105 145.8477478 80.49997711
105 144.745575 -114.8273163
105 74.82494354 -132.5587006
105 152.1760406 40.13929749
105 -15.24427986 -184.731308
105 -127.0048447 -117.6101532
105 -57.46703339 -244.180954
105 169.7920837 118.9628601
105 115.9375229 -126.4405899
105 155.2057343 125.3691177
105 218.1737366 26.49889565
105 133.1778412 122.6946411
105 219.7901459 137.8423767
105 163.1985016 -115.6376343
105 242.4750824 147.6729736
105 115.3888016 106.7919846
105 274.5737915 29.6542511
105 181.9279633 126.264061
105 92.89057159 107.1810608
105 209.0163574 159.3872681
105 211.4993591 148.7884979
105 86.61194611 95.92664337
105 14.11903667 98.73692322
105 23.01304054 67.18939972
105 177.5141754 181.5733185
105 209.6584778 185.5978241
105 254.8128204 164.6172028
105 -61.34855652 36.80532837
105 172.2012177 210.7515869
105 223.8496857 209.00383
105 257.6578674 167.9924774
105 -103.5330963 24.67988777
105 -195.5190582 12.18434906
105 -266.2783203 25.63559723
105 -241.0767975 -21.29046059
105 -312.5132141 15.2686739
105 -320.2308655 31.98203468
105 -269.5829468 -7.087682247
105 -284.3490906 -25.65304756
105 -304.5804443 -16.30943871
105 -377.8815613 56.43603897
105 -278.4811096 69.49423218
105 -304.9203796 5.098262787
105 -315.5161743 -15.59522724
106 -140.9916992 44.29245377
106 -172.2436218 53.07715225
106 -161.5379333 38.64593506
106 -180.8919678 32.27806854
106 -154.2600861 65.07375336
106 -134.5385742 47.27284241
106 -166.9834137 29.31619072
106 -183.5181274 49.1156311
106 -195.6922913 20.73103523
106 -105.7670593 90.81625366
106 -91.43219757 73.35747528
106 -57.67420959 65.99777985
106 -72.77701569 54.74158096
106 -6.016125679 72.76840973
106 -82.89167786 17.11767769
106 -93.1496582 55.98597717
106 -28.44264221 14.28949738
106 25.16476631 78.88970947
106 50.56193161 73.49933624
106 -100.1945114 21.59042168
106 -102.0701523 40.08575439
106 17.52076721 -17.55195045
106 -37.8885231 22.81252098
106 25.42614365 55.94539642
106 112.8386154 76.32964325
106 -121.8903503 8.900996208
106 -129.1586761 22.5389843
106 -119.2865906 23.82205009
106 -102.7553024 74.07975006
106 36.06263733 -5.400765896
106 -44.46014023 18.28532028
106 40.59317017 37.41122437
106 182.5955505 89.01679993
106 -163.5025177 -4.431615353
106 -104.4917145 1.240231752
106 -46.20642853 17.97772026
106 22.39762497 94.82022095
106 210.4036713 101.2290955
106 -108.8091888 -10.66518688
106 -85.02296448 37.66883469
106 -10.9289093 2.453341246
106 12.21530151 120.7624512
106 -128.827301 -11.16404247
106 -95.28678131 -38.2428627
106 -129.3245392 38.49129486
106 -124.2017288 62.53746033
106 1.927048445 -15.02537918
106 8.434991837 141.0854797
106 29.01947021 -20.38397026
106 1.020358682 -58.11511612
106 -25.33006668 -97.06578827
106 11.62521076 -109.9935684
106 53.52309418 -93.18199158
106 -41.09635544 -141.8389587
106 32.28199005 -98.25032806
106 167.1017303 -52.58081818
106 -109.0506439 -138.9041748
106 80.63676453 -91.39611053
106 149.0779419 -63.24234009
106 183.3901825 -18.27606964
106 -117.9298782 -133.2454681
106 -130.6230774 -154.6541595
106 85.76527405 -64.89257812
106 143.2928467 -73.50824738
106 136.5684509 -94.70874023
106 262.56604 12.81275368
106 131.2273407 -36.99070358
106 -146.9733276 -160.9915161
106 131.4062805 -55.95359802
106 85.45135498 -96.45633698
106 137.9093323 -83.35042572
106 285.8647156 24.68835449
106 334.2144165 58.01213074
106 214.9677887 -7.744781017
106 113.4686584 -51.47177505
106 160.436615 -36.73515701
106 103.2661057 -104.7865906
106 268.0375671 -11.07862568
106 305.8561401 70.41497803
107 -260.8819275 -137.1393738
107 -312.8538818 -158.6341705
107 -198.8473969 -108.0275955
107 -201.582489 -94.25134277
107 -320.5682983 -131.9671631
107 -140.5681152 -23.07010841
107 -321.2565613 -136.4242706
107 -371.4806213 -149.5411224
107 13.16294575 62.2824173
107 -169.4148712 -30.91389847
107 -373.1090088 -140.1490631
107 -315.6241455 -98.44589996
107 -440.4147949 -178.9000244
107 -333.4378357 -126.5712967
107 91.75554657 71.19924927
107 2.28743124 77.68424225
107 -106.2133026 -38.46895218
107 -425.5489807 -162.7709351
107 -398.6638794 -140.7884827
107 -378.3302002 -119.2813339
107 -342.9244385 -116.005455
107 -535.5761719 -223.5370178
107 98.58052826 83.98567963
107 125.4592133 67.23053741
107 131.2595367 61.21590805
107 -5.119236469 86.15071106
107 -75.24626923 -25.07871056
107 -503.8229675 -208.4026337
107 112.8001709 106.1243286
107 102.5774078 58.47822189
107 125.2453308 79.43243408
107 133.6468353 47.46667099
107 -46.79587555 -44.1241188
107 0.659085989 26.40386772
107 134.0573578 112.1424332
107 69.99256897 42.31546021
107 146.875885 125.9810715
107 133.9041595 3.388109446
107 25.79117393 50.37114334
107 134.2202148 126.5517044
107 68.44327545 40.2867775
107 125.7569504 122.5894547
107 147.8151398 41.22957611
107 161.6087341 -6.577987671
107 115.0542603 -7.605931759
107 73.7534256 84.52973938
107 156.4540253 135.517807
107 115.6266174 104.3380127
107 137.7690277 123.7327194
107 47.95582962 52.78548813
107 123.235733 51.59176636
107 158.6082611 4.207708836
107 96.05752563 91.9754715
107 115.8085175 119.9991608
107 172.3243408 122.2362976
107 146.0070801 66.20500946
107 120.940033 -34.13025665
107 110.9925232 1.903126955
107 145.2099609 34.52612686
107 131.7282257 -44.80421829
107 102.230896 77.22189331
107 70.1053772 88.5066452
107 109.1524658 86.54039764
107 103.7098618 14.80464649
107 189.6955566 -44.61737061
107 122.9789886 81.79536438
107 99.28073883 68.92462158
107 37.59112549 74.87203979
107 191.5856476 27.40512657
107 55.19950485 -22.93152428
107 80.62871552 -21.49342155
107 200.4083252 -44.31552887
107 195.559082 -65.30419159
107 137.5461884 83.2461853
107 144.7499695 86.32759857
107 202.7947388 -16.5050621
107 19.50203705 -44.9697113
107 -2.234070063 -49.26779938
107 60.5999527 -52.71855545
107 204.8436127 -38.04189682
107 198.9276276 -89.92610931
108 246.8451538 -36.47124481
108 284.2338562 -38.13145065
108 229.5641785 -37.4182663
108 281.0168152 -41.13227844
108 192.0869904 -32.13404465
108 206.0877686 1.989708543
108 236.3743439 -30.94576645
108 153.4228516 -16.9824295
108 279.435791 14.65878201
108 233.9132996 67.8551712
108 163.875351 -67.53100586
108 217.320694 -18.32870674
108 306.8404236 -38.02219772
108 137.9552765 2.743358374
108 99.16007233 -121.2105103
108 141.3110962 -58.69977951
108 161.0967712 7.14710474
108 -12.84995556 -150.7292938
108 126.8961105 -135.9983826
108 100.9431458 -49.1134758
108 167.782547 11.65934563
108 -121.8883591 -163.447525
108 139.9238281 -166.4023743
108 93.08345795 -25.85334206
108 154.7488861 2.484763622
108 196.9761963 7.519692898
108 -133.5362091 -159.3350525
108 -178.3203583 -115.8278427
108 170.9016876 -191.1976776
108 168.3201752 -3.391183853
108 -243.8453827 -57.68642807
108 175.168869 -37.46870041
108 -236.4617004 -46.69573212
108 190.2415771 -41.15266037
108 -245.9133606 -46.97803116
108 215.5527802 -41.90670013
108 -227.2285919 -44.0250206
108 -235.1184082 -60.08393097
108 -179.4546051 -13.55285835
108 -182.4421539 -57.55017471
108 -253.2496338 -62.7562294
108 -159.1043701 19.17493057
108 -164.1213531 -38.26119614
108 -131.4081726 31.72696114
108 -156.062851 25.16691589
108 -170.398819 -31.47815895
108 -146.9768982 43.82780838
108 -30.23854256 65.44723511
108 -172.038559 54.014534
108 -163.2678375 -16.31551743
108 -58.39226532 68.30619812
108 -204.2277069 69.56531525
108 52.10030746 84.3360672
108 -12.3894453 65.63332367
108 -197.9687958 56.99780273
108 -134.7051697 -4.581544876
108 51.22992706 102.6337738
108 -155.6360931 103.5076981
108 -219.4374237 71.50821686
108 77.79888916 136.8399353
108 -133.7859802 -0.3682703078
108 69.62680817 123.6330414
108 -269.7449036 37.51200867
108 75.4990387 215.6012726
108 81.96434784 139.2489471
108 -176.1527405 8.199903488
108 -146.497345 35.73783112
108 -300.4889832 26.54276276
108 77.27405548 225.318222
108 82.02002716 256.1538696
108 -124.0754395 26.71084213
108 -138.8773956 46.88653946
108 -222.2876129 42.87507248
109 192.8054199 -23.67500877
109 194.9188538 6.374403477
109 209.3374634 -59.83343506
109 122.1827774 -56.20301056
109 73.18660736 -26.45552444
109 222.3473053 -9.883434296
109 144.2924347 70.94961548
109 220.1533356 6.10569191
109 149.0631561 -38.88467407
109 109.9488754 -75.26363373
109 -37.97606659 -89.86989594
109 226.4642944 -68.75700378
109 300.5430603 11.37642574
109 137.5132294 -36.92020798
109 233.7986603 18.2922039
109 148.356781 120.1849823
109 51.05715561 -84.34320831
109 113.7633133 -97.33259583
109 92.15786743 -103.4460449
109 -60.12512589 -15.94568634
109 77.14546967 -87.26282501
109 12.72034454 -62.4605217
109 281.8052368 90.92436981
109 123.1458588 110.2337799
109 71.93013 -149.0861053
109 -150.4420624 -23.77651024
109 48.69086075 -121.4442291
109 66.7363739 -116.6771164
109 -66.21509552 -69.91459656
109 -54.14587402 -82.52422333
109 358.9321289 139.6937714
109 367.912262 136.505188
109 75.84596252 51.63548279
109 151.9346008 118.0058441
109 -175.5885162 -49.45461273
109 -162.4837341 -26.14923668
109 -231.8557587 19.65742302
109 -167.2598419 64.41627502
109 -133.5009003 -73.85206604
109 -112.7498322 -116.2598572
109 5.173440456 28.61475372
109 102.1857758 32.1870842
109 139.8495483 123.4196625
109 -184.5423889 -62.46371078
109 -229.0482788 0.517931819
109 -252.9742737 41.60292053
109 -240.1653442 24.17446899
109 -194.0598755 106.9856491
109 -150.6812744 -80.55762482
109 -37.27572632 7.655003071
109 -2.135599375 8.626173019
109 152.7746887 18.9284153
109 -193.9742584 -19.95477867
109 -236.0180054 85.25238037
109 -207.5565338 26.54803467
109 -224.3001099 131.0722809
109 -178.9254913 -82.25435638
109 -96.82862091 -26.1965065
109 4.427169323 -43.1639061
109 -34.57699966 -10.36783981
109 11.62312222 -10.67961502
109 176.5478668 13.82625389
109 132.6076813 -14.01238918
109 -116.375473 -26.24992561
109 -224.9571838 -38.85873032
109 -254.535553 119.7536469
109 -232.5637665 48.69087219
109 -252.3874512 130.0400543
109 -231.6652069 130.5632477
109 -175.9889679 137.620575
110 109.6789551 -40.01484299
110 104.1626511 -35.72603607
110 102.9128113 -62.95637131
110 143.8735657 -35.95435333
110 78.73629761 -26.45926285
110 130.8818817 -81.51161957
110 139.2811279 -71.28395081
110 89.68574524 -67.64149475
110 77.04070282 -91.12820435
110 28.23032379 69.12065887
110 -9.402993202 -82.08196259
110 82.19641113 -35.20248413
110 89.58568573 -47.86124802
110 62.7213974 63.12714005
110 42.83457565 65.62934875
110 67.65544891 122.1853333
110 9.923462868 -60.92212677
110 -47.26295853 -151.6684723
110 112.263443 -37.50589371
110 39.89163589 -49.51605988
110 169.4187317 -57.34072876
110 107.2917557 -106.0431976
110 142.7700195 96.970047
110 53.96047592 67.57230377
110 7.920084 64.25402832
110 -137.4962463 -287.5401001
110 143.1612549 -68.30612946
110 98.86339569 -78.67631531
110 14.7574234 -66.52554321
110 24.92129326 -52.60322952
110 183.785202 -48.71217346
110 197.3857727 -78.77410889
110 185.712616 -49.38361359
110 190.4471893 78.50387573
110 12.40930843 31.97023582
110 29.34312248 35.22959137
110 -33.08646011 32.22946167
110 47.31708908 98.25231171
110 -187.9235229 -309.3174133
110 -114.1759109 -201.5658569
110 -183.6869354 -271.3053589
110 188.9136505 -113.5518799
110 176.505661 -90.66177368
110 256.4332886 -59.7465477
110 225.2631683 70.31010437
110 36.27074051 5.769649982
110 -56.57335281 -17.11783409
110 7.74633503 18.67487907
110 19.09678459 -6.39076519
110 -51.8531723 113.7179565
110 -198.3042297 -382.6029053
110 -217.8439941 -371.236084
110 -175.2824402 -284.6044006
110 -276.3860168 -268.0669556
110 108.6841049 -5.054264545
110 -138.0250549 -64.93470764
110 30.94222069 -34.28536606
110 42.58443069 0.2452399582
110 -128.0582733 170.5082855
110 -129.7494965 247.4298706
110 -218.2125854 152.8501892
110 -123.9558411 197.6376038
110 -166.333847 266.5007324
110 -100.4817429 269.8308716
110 -186.9369812 175.9037628
110 -274.5821838 147.0675964
110 -214.6172028 132.5955658
110 -176.2272186 309.322937
110 -41.55669403 292.8304749
110 -253.1736603 124.6572952
110 -123.1086807 386.8028259
110 9.973189354 329.1622314
110 -259.1369019 114.919075
111 -2.096916914 5.303920746
111 -9.619301796 -20.17915154
111 6.99585104 0.5146477818
111 31.61879349 -52.58378983
111 3.004335403 34.03163528
111 -29.90276909 32.91273499
112 330.7620544 179.8600464
112 515.8875122 259.0082703
112 224.2157288 106.3037872
112 207.3786163 87.30695343
112 238.5086823 64.83029938
112 94.74308777 97.00997925
112 281.9682617 50.23268127
112 223.8032684 9.107545853
112 66.56973267 94.49704742
112 47.48867416 90.09856415
112 306.9133301 40.63717651
112 283.7025452 32.51094818
112 261.6028442 43.16323853
112 157.0350037 40.45714569
112 3.121025324 107.1123123
112 17.15732384 56.2136879
112 -33.38108444 45.39147568
112 354.2625732 55.2114563
112 318.0194092 62.89939499
112 341.016571 108.0588684
112 293.9772339 28.97512436
112 278.8100586 28.95570946
112 252.0506592 9.455237389
112 214.7102203 28.75080872
112 23.62679672 39.70090485
112 148.7071381 0.6925632954
112 -22.84539223 76.85509491
112 22.99706078 24.9712162
112 -25.00272751 17.11530876
112 -62.72851181 37.54575348
112 -46.29011536 -12.52346134
112 347.2698669 85.86804199
112 -29.18933296 47.99312592
112 34.94441986 43.08359146
112 134.2316284 -27.71857643
112 -11.05483341 95.73705292
112 22.81309891 -1.402255893
112 -67.13434601 38.57295227
112 -40.48014832 -16.66976547
112 -132.3669434 32.28038788
112 -20.8656826 -32.14226151
112 -145.4533691 -81.91674805
112 351.2141724 111.759201
112 271.890686 71.50534058
112 316.007019 77.33728027
112 30.78396797 -24.845541
112 -80.27890778 34.24455261
112 -132.9802246 106.91716
112 -58.74524307 -36.76557922
112 24.12527466 -34.61281967
112 23.88344002 -1.55711484
112 -241.5004272 -112.4941559
112 -208.1771088 -89.70471954
112 -155.7673187 -105.8408966
112 -160.0499115 -79.7168808
112 -222.1106873 116.5218277
112 -163.4494629 161.6820068
112 -89.13794708 -89.64573669
112 -245.9454803 -100.9890442
112 -182.4173584 -127.4201431
112 -163.515686 179.4207764
112 -166.4766388 -130.3848724
112 -303.5947876 -102.2956161
112 -272.6844788 -143.6622467
112 -228.6537018 -162.9082794
112 -174.8776855 183.7912445
112 -141.7633514 169.3443604
112 -225.5132751 -177.7095947
112 -301.9488831 -196.3892212
112 -154.9521179 153.8763275
112 -321.5571594 -247.124649
112 -215.3146667 -195.4132996
112 -287.7181702 -183.8431549
112 -284.5631714 -196.2463837
112 -251.1546173 -205.827301
112 -357.0336609 -232.7312927
112 -220.3900299 -227.0334625
112 -417.1339722 -255.3291931
113 3.092362642 24.12978554
113 19.99014664 17.30680656
113 38.59851837 8.981509209
113 60.43902206 39.30453873
113 79.43405151 13.59854698
113 53.36840439 2.60985899
113 102.0839539 42.6931572
113 86.74895477 55.56243134
113 89.46875763 -28.16513634
113 112.0056 19.75656509
113 77.10484314 -14.16023445
113 132.848465 57.04508209
113 95.31147766 57.80244446
113 71.6173172 62.29839706
113 48.57920456 -43.45178604
113 125.421608 -23.1021328
113 172.3039703 60.4188118
113 85.73493958 58.62346268
113 -1.540651917 -54.27511215
113 16.41648293 -81.86204529
113 169.1107788 -24.87848854
113 92.86358643 -10.06661224
113 184.8613129 -14.00985813
113 211.6581116 -21.64616585
113 18.10415268 -12.47737312
113 78.84963989 7.272051811
113 212.8791199 -23.47725677
113 -0.2725022733 -24.42927361
113 30.06369972 6.296664715
113 -8.659046173 -18.37947083
113 106.4589386 5.664810181
113 278.243988 8.807899475
113 37.18690491 -34.99430847
113 -63.85132217 -36.58436966
113 -72.22155762 -17.79145622
113 100.5266571 41.19189453
113 -104.1337814 -34.76882172
113 -102.6425018 -11.5686121
113 112.5116806 79.97250366
113 -119.2023926 -21.47476768
113 -138.2794495 -35.53219604
113 104.4116974 92.22505951
113 -145.4473114 -49.9707222
113 175.7365417 116.7167282
113 -170.3286285 -58.2546463
113 -151.0556335 -49.95528412
113 -164.6803741 -24.6321125
113 -139.6754761 -56.39089966
113 -142.2164917 -47.93644714
113 -130.291687 -17.92486572
113 -149.1768494 -55.68677521
113 -78.34063721 -27.14908981
113 -107.7449493 -7.501319885
113 -77.61682129 -33.97202301
113 -158.2174988 -58.38712692
113 -81.8265152 -37.24848938
113 -48.86400223 -8.430465698
113 -173.4542999 -44.85615158
113 -184.2143097 -75.13517761
113 -36.82871246 -1.465440035
113 -174.983017 -32.15215302
113 -96.26251984 -6.398892403
113 16.89613533 40.73180389
113 -201.2412872 -47.74147797
113 -104.7083359 0.8869466186
113 25.2922554 68.37903595
113 26.73324203 45.20969391
113 -240.7074585 -74.95552063
113 -107.0509262 22.49093437
113 62.14215469 80.94624329
113 47.59873199 51.57800293
113 -224.8577576 -75.44400787
113 -278.1784973 -110.5924454
113 96.9429245 36.65551376
113 -243.6259155 -73.34091187
113 -173.3030396 -58.63846207
113 -336.3231201 -123.8203812
113 83.88697052 47.85007858
113 141.9457397 69.67247009
113 -251.9424744 -77.52136993
113 247.2594299 109.7220612
113 298.6724854 132.0843658
113 387.6743469 174.2120209
113 364.8884888 163.9002075
114 -253.7687988 62.7386322
114 -281.7291565 98.73079681
114 -194.5940552 27.42013931
114 -297.7693787 128.5549622
114 -175.2770844 -20.07554626
114 -125.0955276 -28.62445259
114 -135.4586334 -41.81148911
114 -168.6101379 -28.942276
114 -99.58804321 -35.11276627
114 -113.1150513 -34.18959427
114 -92.79955292 6.139212132
114 -182.8449707 -38.85009003
114 -129.0473785 -29.76676369
114 -169.2861481 -29.66646957
114 -66.83869171 58.95257187
114 -91.71064758 23.77814293
114 -205.7640839 -73.05277252
114 -134.6935577 -40.94965744
114 -156.4769745 -7.181152821
114 -208.5043182 -50.64050293
114 -208.2982483 -4.597167969
114 -8.160045624 97.28140259
114 -63.13427353 37.79213715
114 -26.38232803 116.1646194
114 -133.6667175 -0.9370860457
114 -155.6752777 -46.45652771
114 -152.848114 -3.520087957
114 -181.9482117 44.67638397
114 38.5442009 116.3195038
114 46.54244995 144.3934937
114 -81.87580109 -7.369403362
114 -146.5887909 63.08099365
114 37.83256912 140.321167
114 45.05980682 147.2869415
114 -36.35555649 -8.132929802
114 -117.6601562 100.691124
114 -77.06018829 90.39278412
114 52.35007095 152.2710266
114 29.2725296 1.87632823
114 -11.21103096 -8.113391876
114 132.5010376 5.584221363
114 10.69202995 -30.47989845
114 208.1683044 -10.21354675
114 115.0794983 39.20101547
114 131.7626343 -16.19925499
114 130.1593323 7.283890247
114 66.78140259 -40.42316055
114 230.5406799 -0.09343705326
114 204.6897278 -23.52646255
114 109.7517471 49.59037399
114 185.375061 -21.96816254
114 101.8405991 -25.43842125
114 169.5305939 24.13770866
114 87.20938873 -44.5705719
114 63.67631912 -37.36214828
114 282.4895325 -1.180319071
114 187.4240112 -22.42989922
114 100.989769 69.20680237
114 273.5137939 -12.81077957
114 96.40898895 -44.72540283
114 91.16259766 -53.82543945
114 73.13786316 -51.714077
114 106.7241898 -71.70068359
114 66.17502594 -72.69057465
114 64.96798706 -48.587883
114 90.52680206 -45.81534958
114 131.4297943 -77.84302521
114 104.7759552 -55.42090607
114 89.56921387 -70.25865173
114 80.83416748 -79.59615326
114 110.4387207 -38.96336365
114 137.9927673 -95.33673859
114 118.3915024 -46.06551361
114 70.54450226 -63.83716202
114 90.8004837 -65.91281128
114 118.1796494 -46.88680267
115 -93.12887573 171.6590271
115 -90.5199585 166.2207336
115 -87.77839661 118.7335892
115 -83.44001007 108.2502747
115 -79.70446014 92.64403534
115 -43.39448929 97.15884399
115 -152.1139374 65.21372223
115 -116.691597 101.3318176
115 -79.97296906 70.39374542
115 -16.16313744 94.20251465
115 39.47925568 98.66039276
115 -176.0822601 42.80189514
115 -103.2372742 73.02772522
115 -81.79845428 52.21164322
115 0.4016444981 47.65231705
115 18.53455925 109.7325974
115 71.02436829 111.5943069
115 31.87488365 100.000351
115 -86.47933197 35.82806396
115 -91.81843567 52.26670837
115 70.29247284 8.752514839
115 42.76129913 80.49651337
115 19.4571209 126.9143066
115 -2.043832541 123.6048279
115 -81.02671814 48.02972794
115 115.4019089 -0.7661553025
115 62.19750595 -28.00951958
115 74.17750549 54.94042587
115 -70.87417603 38.85781479
115 57.5696373 -42.6411972
115 62.00150299 43.9294014
115 16.23810768 50.91757965
115 -32.020298 23.13892746
115 25.97263145 -87.60110474
115 -26.16913605 85.55596161
115 103.4974594 26.10947609
115 11.66132069 46.52164841
115 7.790881157 37.97578812
115 9.062603951 8.298457146
115 67.02120972 -122.048584
115 37.75820541 -81.17118835
115 -57.98048401 100.7419968
115 -96.97473907 50.34296799
115 -1.545553207 39.79872131
115 60.28609085 52.59876633
115 36.20830917 -11.88935089
115 88.06290436 -101.8814468
115 47.62110901 -141.5205231
115 99.79101562 -146.190567
115 73.97907257 -72.17855072
115 61.39815521 -50.97757339
115 -92.40606689 122.4533615
115 -156.4304352 9.414398193
115 94.55093384 -52.56672668
115 72.03604126 -166.4687347
115 110.7728577 -161.8191986
115 82.64491272 -30.94683456
115 -15.44129848 -191.6368561
115 41.51011658 -44.16058731
115 -111.1102371 133.0377045
115 -220.605484 6.167070389
115 124.9680328 -37.80779266
115 81.98913574 -35.36449051
115 45.6587677 -185.1946564
115 120.7444382 -157.2893524
115 105.0671616 6.541817665
115 96.00337219 -17.04325485
115 109.4659653 -37.58737946
115 -96.88647461 -219.0741119
115 92.61929321 -29.605793
115 67.78147888 -26.66439819
115 -256.8847656 20.19892502
115 67.71200562 -24.13046074
115 74.03009796 -1.231710672
115 132.3174896 17.4106884
115 83.1244812 14.10491657
115 139.0926666 -39.37592697
115 146.5737 -40.0893898
115 -116.5711365 -235.3323822
115 -158.2339172 -232.9073181
115 -128.9083099 -252.1865997
115 106.4524765 -4.959156513
115 -344.691864 -3.562498331
115 22.80975723 -22.65937042
115 72.61992645 -8.232578278
115 7.242204666 -32.09283447
115 -60.181633 -9.572694778
116 -6.158531666 -35.89583969
116 5.989550114 -18.18875313
116 26.94407654 -27.5984993
116 13.56113052 10.9994688
116 36.78717422 -20.95760536
116 -14.51243973 -21.803936
116 15.36866188 -16.44512939
116 6.704164028 46.68253326
116 14.93730545 -21.33714867
116 138.7796783 -8.777588844
116 -18.31575203 -26.02614212
116 10.79564285 83.2122345
116 -4.425161839 -16.50853729
116 70.09018707 -5.945701599
116 194.7250519 -1.921607852
116 -15.88360882 -18.91443062
116 20.04893112 95.03215027
116 -3.239048958 93.04151917
116 -1.992425442 -18.78136826
116 48.3147316 8.35914135
116 228.5540924 -14.31433868
116 -45.52337646 -9.291172981
116 18.97728539 81.13059998
116 -6.045787811 -30.29855156
116 -14.39295864 -18.85573959
116 40.81483459 -9.044406891
116 -57.31227875 27.60653114
116 -28.4384613 -14.83089161
116 -11.94900036 77.26242828
116 -20.19254494 -39.36133575
116 15.67227364 -7.702627659
116 19.08242989 -5.756572247
116 -101.5279541 13.75823593
116 11.4077673 34.02076721
116 30.02600098 10.79473209
116 0.7619743347 39.59489822
116 -25.06578636 -52.41786957
116 26.97632217 25.45120049
116 -52.73480988 -27.38648796
116 122.5152969 49.8880043
116 -30.61907959 -42.12287521
116 138.7685547 57.47919464
116 -106.7853165 -8.446367264
116 -101.3453598 40.3997879
116 -6.477016926 -17.43497849
116 -63.26162338 6.393522739
116 -57.87217712 -88.74141693
116 51.99998093 44.26999664
116 146.8234558 90.23257446
116 108.8134308 17.288517
116 168.0167847 13.85482502
116 174.896286 83.09236908
116 -153.4278259 -61.14715195
116 -177.9091492 -38.38322067
116 -136.7711182 -7.698108196
116 -133.5626984 39.3779335
116 -127.3173523 40.48804092
116 -69.43212891 28.75352859
116 42.40050888 -14.91796017
116 -11.88585567 -25.96482277
116 -54.1832695 -98.46957397
116 -70.09650421 -98.58841705
116 30.74993706 -24.8104229
116 105.9272308 89.7390976
116 -169.0405426 -4.318992138
116 -148.3212128 39.98816681
116 53.98376465 12.7945261
116 -2.401746988 -49.4178772
116 -173.7103729 0.5711872578
116 116.406395 32.51555634
116 -28.36882782 -77.2477417
116 -2.875971794 -35.07006073
116 -3.246054888 -152.9308167
117 143.0524597 61.60107803
117 160.7993774 131.3345184
117 210.6300964 60.39176178
117 142.7593536 205.3125763
117 162.7308197 82.80136108
117 201.5276642 -14.17164135
117 240.9626312 102.0446091
117 271.2556152 107.8822174
117 109.8370056 246.2727356
117 132.8981476 234.9078064
117 194.3131256 31.76425171
117 122.9961624 -57.80423355
117 326.7277527 142.6854248
117 215.6800385 -18.58296204
117 10.86841679 -113.3679047
117 28.17837524 -41.40494156
117 -3.002656937 -132.8856964
117 7.419519901 -154.4337006
117 27.51523018 -32.03317642
117 -31.40237808 -45.80733871
117 -34.62234497 -159.3085938
117 11.51134777 -154.9797363
117 -2.907621861 -185.4699249
117 -53.60343552 -164.1862946
117 25.9615612 -17.7533226
117 47.31023407 -30.96982956
117 -116.846199 -47.55931091
117 -76.16297913 -167.7010498
117 -7.578607082 -122.6068344
117 -80.60457611 -190.3854523
117 -83.67588043 -165.3764343
117 63.22459412 -12.36092758
117 81.92038727 -39.61167526
117 88.78083038 -27.83765411
117 -192.2928925 -26.53264618
117 83.18341064 -17.10779381
117 97.56017303 -2.924405336
117 110.3369446 -35.55461884
117 119.3592758 -23.51463127
117 -140.2299194 -17.95305634
117 -173.9465485 17.62122726
117 -239.7288055 -54.38796616
117 61.96323776 -9.104104042
117 70.74333191 -16.32984734
117 160.170639 -25.45701218
117 116.2915344 -35.63673401
117 81.67590332 -25.29810715
117 147.448349 -13.23299885
117 -174.9257355 40.95403671
117 -213.7201996 34.07769012
117 -285.4755859 -78.12234497
117 -226.2202759 -57.99353027
117 148.307663 -21.89594841
117 166.2791748 14.37404823
117 -155.5599823 76.55458069
117 -236.9291382 54.79579163
117 -353.1319275 -110.8644714
117 -234.8275452 -59.62963486
117 194.3744812 -1.894554138
117 -192.5508118 91.62375641
117 -157.0105438 111.4123077
117 -265.9526672 73.06256104
117 -170.927597 130.5004578
117 -67.1049881 139.3224487
117 -162.3077545 135.5325928
117 -301.4303589 58.39430618
117 -177.3908234 148.7388458
117 25.51608467 196.0699615
118 -300.99646 -12.40344143
118 -273.9361267 -56.24619293
118 -210.0309601 -89.14338684
118 -188.6188049 -56.4787674
118 -196.291687 -171.1921234
118 -197.6495056 -64.10163116
118 -190.5150299 -53.3111763
118 -102.7400742 -14.23825264
118 -171.1713257 -180.1112213
118 -276.5188904 -67.0591507
118 -90.26950073 8.687618256
118 -77.2164917 22.02368164
118 -64.86112213 31.03950119
118 -132.2164459 -22.00637245
118 -114.6128082 13.68594933
118 -67.98969269 31.75696182
118 -70.70853424 24.99347496
118 -0.5551812053 65.09926605
118 -93.34072113 -23.43057442
118 -100.451973 6.534461975
118 61.03290939 96.16553497
118 -118.4189835 -16.42738914
118 -111.7787018 -41.41337967
118 -133.2194672 2.032615662
118 154.2306061 110.7914352
118 94.8159256 94.08573914
118 -123.835144 -13.64742184
118 -87.40378571 -61.5372963
118 -71.99976349 16.51242447
118 -84.52765656 -74.62051392
118 -162.7892151 -2.884518147
118 101.7922134 91.63182068
118 339.3736267 153.7916412
118 79.74459839 96.06118774
118 -130.9156647 10.55805969
118 -166.4891357 -26.32046318
118 -177.7463837 -47.31784058
118 -66.99267578 -86.21749115
118 56.10128403 43.44927597
118 -92.13872528 -123.3593979
118 -210.6812592 7.635068417
118 93.29227448 92.14347839
118 178.9667664 127.0731583
118 384.9327698 171.0781097
118 422.3968811 213.3696594
118 362.554718 160.490097
118 45.93447495 113.8905792
118 -164.0425568 -0.29833588
118 -222.8041229 -11.92486954
118 -167.0862732 -71.88253784
118 -90.51534271 -112.4229431
118 23.72947693 13.77485466
118 72.69215393 56.00222778
118 -144.7281799 -152.0083618
118 -58.49120712 -148.4614563
118 383.3417053 189.8140717
118 73.93955994 110.4418945
118 -132.50354 -103.4616776
118 -52.09099579 -146.027771
118 -51.89990234 -210.7789307
118 396.1953735 208.2088928
118 173.6329193 129.4575653
118 -82.59062958 -121.3431625
118 -23.71839714 -146.4717712
118 -110.9854889 -278.7333069
118 -11.96753216 -199.6667938
118 420.0938416 223.0260315
118 191.4104767 99.54189301
118 266.286377 158.443985
118 218.8801727 130.0828857
118 -40.78814697 -136.8484955
118 -16.86039925 -122.9085312
118 266.1852112 154.6365509
118 203.9496765 124.3029175
118 -101.3237534 -188.3032837
118 -121.0801392 -191.7762909
118 53.7628746 -88.06802368
118 365.2017212 199.4894867
118 160.4496613 126.2143097
118 108.3643951 -57.45741653
118 144.9830322 126.535553
118 167.4858704 -34.19301987
118 187.3519592 -28.04902267
119 -390.3339233 -106.8012238
119 -371.7217712 -94.92944336
119 -358.5420837 -93.98439026
119 -316.4728699 -92.59268188
119 -356.4900208 -78.12702179
119 -195.2511444 -55.01151657
119 -353.2809143 -73.85739136
119 -154.0337524 -47.572258
119 -355.0149841 -68.33168793
119 -75.60477448 -32.78152084
119 -142.904007 -52.4120903
119 -337.0891113 -55.08046341
119 -27.94311333 -22.56716347
119 -158.6244965 -67.98600006
119 -142.3696289 -46.88996887
119 -292.5452271 -84.96212769
119 -342.7021484 -52.66801834
119 25.74598312 -19.95901299
119 -341.9401855 -141.3604584
119 -181.0299835 -40.53926086
119 3.20271945 -6.678274632
119 35.73218155 -6.669264317
119 -325.8505554 -163.9146271
119 -380.7579956 -161.9371643
119 -120.2877426 1.771961093
119 -2.313541412 18.92964745
119 -22.91078568 -17.89948463
119 153.5498962 38.23532867
119 -191.0133514 -117.0073471
119 -65.53149414 15.10771561
119 -13.23700905 32.23129272
119 208.8469086 39.24816132
119 148.2999115 36.84127426
119 -147.4873505 -114.4627151
119 -36.14637375 24.60533524
119 84.86092377 38.45096207
119 260.8320312 49.65777588
119 165.3046417 92.43112946
119 180.912674 35.69206619
119 150.5269165 24.54612541
119 -195.3955841 -131.221283
119 56.64120483 71.76508331
119 312.4079285 64.24616241
119 100.4237518 5.228230476
119 136.4615784 -11.75600815
119 -174.4447174 -129.6730499
119 10.64477539 86.31399536
119 326.6157837 48.49956894
119 326.9821167 71.61058044
119 116.182518 -67.7039566
119 -159.9642944 -134.1258698
119 5.959273338 108.0410843
119 354.5278625 54.33784485
119 124.8080292 -50.56529999
119 -110.8424149 -132.1416779
119 -39.71100616 153.2397766
119 334.7877808 50.49964142
119 155.8750763 -49.85153198
119 -52.05945587 159.1997833
119 -0.7352012992 186.6695709
119 -18.39073944 186.4847717
119 299.5810852 7.815184116
119 374.9222107 61.09600449
119 257.5592651 11.85013771
119 6.83625555 190.6113586
119 -13.16560841 201.3227997
119 352.4366455 10.69376469
119 385.4277344 87.35324097
119 433.6139221 86.04675293
119 266.9709167 37.9109993
119 38.56487274 195.4919281
119 384.946991 54.63708878
119 383.1468201 -14.69275188
120 -197.310257 -49.34551239
120 -264.2219238 -78.33807373
120 -95.48149872 -9.470754623
120 -290.5701294 -100.1662979
120 -10.08193207 26.39845848
120 -69.69373322 -42.48520279
120 -33.97707748 7.331338882
120 -99.54914856 28.02045631
120 1.455005884 22.56613922
120 32.1039505 52.7019043
120 -79.21708679 -49.66199875
120 -40.15020752 -94.60487366
120 6.398094654 75.31845093
120 3.711154461 -53.92124557
120 -81.09390259 13.74712753
120 -147.4477844 21.78841972
120 -71.8585968 118.8392944
120 46.64680862 60.36869049
120 47.94684601 80.7826767
120 41.99703598 -102.9717255
120 -40.09426117 -87.03903198
120 -96.23040009 2.916895151
120 -78.22891998 5.709831238
120 -42.3107605 100.8139648
120 -20.2797718 152.0601349
120 92.41249847 74.65997314
120 90.9020462 85.77001953
120 121.7083511 102.4592361
120 -65.55095673 -125.8153381
120 -52.60089111 -107.7736816
120 53.47304535 -107.6913681
120 25.59506226 -83.68917847
120 38.75079727 -72.57819366
120 -64.43051147 -83.35926056
120 -60.89051819 -109.7613525
120 -104.084137 3.202973843
120 25.99609184 99.68101501
120 28.89666939 185.4178925
120 49.6608429 84.86499023
120 63.27552032 71.11948395
120 104.4198761 117.598381
120 122.6343002 121.2822189
120 155.3617401 93.35579681
120 11.40456104 -111.4026871
120 63.09783173 -130.0460052
120 4.608755112 -80.97436523
120 40.43157578 -50.51629257
120 44.4876976 -77.9495697
120 -120.4518814 -97.90596771
120 -47.32718658 -135.3924561
120 39.06525803 169.8409729
120 23.75228882 186.8718567
120 -38.80591202 73.37808228
120 90.43945312 125.4304047
120 135.5001831 128.457077
120 105.7984772 106.4315033
120 140.2875824 96.06897736
120 167.7940216 170.7367706
120 129.0674591 86.45954895
120 14.06868935 -117.1855621
120 -36.00950623 -86.103508
120 15.56779289 -72.9465332
120 91.91413879 -54.44189072
120 59.20217896 184.6916656
120 -64.26739502 55.57394028
120 -34.42349243 81.06656647
120 -69.01113892 71.81169128
120 39.46212006 -99.67214966
120 7.329156876 -137.9556122
120 -69.93802643 -76.83691406
120 -33.49117279 -80.8289566
120 -0.9509641528 -100.3527451
120 101.606781 -81.61734009
120 30.56092072 -53.48453522
120 76.79960632 186.9492035
120 -128.6656036 43.93317795
120 -20.93064117 -101.2729492
120 139.8775635 -91.51805878
120 -157.1896057 -92.53168488
120 -32.83582687 -72.36326599
120 106.4865265 -80.90778351
120 -10.5126524 -67.78065491
120 138.2090912 -65.81674957
121 56.55010605 59.73967361
121 63.16791153 67.52919006
121 39.64951324 62.09273529
121 83.28065491 61.2960701
121 66.88595581 72.33209991
121 52.59149933 99.93061829
121 3.686238527 34.52198792
121 8.670543671 90.40133667
121 25.80439186 66.33551788
121 84.40271759 119.1829147
121 12.33853245 107.216217
121 30.13716316 36.08688736
121 168.0410309 56.20645142
121 -20.95120621 20.38026047
121 217.2841644 110.0919495
121 -37.47024536 22.12196159
121 164.8990173 148.9829102
121 223.1125793 81.49443817
121 3.138296366 0.5535078049
121 -40.15584564 13.22671795
121 -21.51434708 25.87720299
121 26.34063721 -3.212841511
121 -1.6496315 10.45296764
121 -9.286962509 59.69052505
121 7.140576839 5.926156521
121 14.77948952 -33.62873459
121 8.311350822 101.463974
121 34.10754776 117.5226288
121 -2.611584425 0.4013470709
121 32.09358215 0.5102866292
121 -52.75623703 -54.88798904
121 -16.81620979 -44.10059738
121 -18.3119812 -7.026511669
121 -12.51136303 -15.5297575
121 -8.711745262 -45.27716827
121 23.36620331 -11.07139778
121 21.72963715 -32.24773026
121 -44.35660553 -66.15702057
121 -31.59539032 -5.147130489
121 33.1412468 -71.74932098
121 -125.4128418 -93.36268616
121 -37.70347595 -24.28702164
121 16.60131645 -91.35817719
121 -188.4527435 -116.4204025
121 -94.47536469 -77.69382477
121 -137.6524048 -82.59249878
121 -11.29269314 -33.5538559
121 -45.97061539 -56.97374725
121 -71.82737732 -20.22820473
121 19.12059593 -85.3662262
121 -36.4978981 -93.43618774
121 -94.03535461 -106.5444183
121 -192.1920776 -89.03562164
121 -44.13592148 -81.12563324
121 -10.49937534 -61.4160614
121 -85.78456879 -90.87019348
121 -45.74026871 -57.26749039
122 -100.5591278 1.181857467
122 -80.61408997 -10.94859123
122 -131.9230042 3.925042629
122 -62.05937195 -25.69468689
122 -90.94792175 -10.49055386
122 -53.94297028 -40.43441391
122 14.96674156 -1.346286535
122 -87.78064728 -48.34228516
122 -38.84550858 -49.59975815
122 46.12053299 30.51163864
122 47.88633728 -32.40394974
122 -1.449544907 -11.97894478
122 -85.67712402 8.806228638
122 -69.51716614 -54.97698593
122 136.5965118 40.50488281
122 -101.1878281 18.223526
122 91.01904297 28.62863159
122 96.26600647 0.2589109242
122 31.09063339 -36.79453278
122 29.9738102 -19.89178276
122 -4.909006119 -13.61998367
122 -40.58204651 -30.02628517
122 -65.19926453 13.3085165
122 -128.3226471 9.353370667
122 -95.24402618 7.67789793
122 -28.20565987 -31.34909821
122 165.7405243 48.46325302
122 99.67305756 13.99701214
122 193.4587402 66.66281128
122 -150.0339966 3.37929821
122 104.2789688 11.35948753
122 117.1173172 40.58638
122 89.63665009 -81.59254456
122 51.44553375 8.252854347
122 -51.85703278 -42.09519958
122 -50.45180893 10.9048996
122 -163.742981 -20.59186745
122 -170.8811951 9.788092613
122 -115.236084 20.6378727
122 -73.60459137 13.23409557
122 -94.19353485 -41.22609711
122 69.73818207 0.04401908815
122 112.6617203 -27.51664734
122 106.2090378 22.96816635
122 93.35301208 78.43901825
122 -226.6071167 -15.7694912
122 95.7654953 38.98881531
122 80.19473267 29.38671303
122 122.25737 82.4936676
122 109.9638443 -105.1486816
122 115.7160416 13.71405506
122 -75.4677124 -24.08266449
122 -54.0553894 -33.02887344
122 -147.1037445 21.64505196
122 114.8940277 10.82762527
122 191.4128113 -1.496024609
122 170.6233215 -24.71126366
122 167.8278351 34.04520416
122 116.4420395 106.6536636
122 -232.5362091 -16.6402874
122 -251.9081116 1.300961256
122 101.6104279 -130.033844
122 -65.52344513 -28.48491096
122 -174.6795197 20.63044167
122 98.9760437 10.72752571
122 181.9331207 128.8054657
123 -4.035897255 -17.7093277
123 15.28943634 -2.960842609
123 23.13779068 17.44476509
123 0.4212850034 9.052708626
123 61.00749969 56.24621582
123 -39.90158463 -20.67696953
123 -0.8158183694 0.2592467964
123 -20.08846664 -16.54385757
123 -35.01433182 -25.1119976
124 13.66111946 3.917209864
124 -16.77718353 -21.85724831
124 9.451840401 0.5543193221
124 -7.545675278 -0.7536661029
124 4.763011932 12.2193346
124 -3.553155422 5.920051575
125 168.6321869 -15.2849741
125 156.8990479 -6.803633213
125 203.5963135 -6.581903934
125 177.270874 -29.51238823
125 94.57354736 -19.25968933
125 114.6585846 -4.867083549
125 181.5575714 -39.14337921
125 224.8888702 14.99897003
125 200.245224 -42.37308884
125 57.50142288 1.311999202
125 88.86985779 -6.13977623
125 160.6691437 -60.58409119
125 27.70379829 15.79661369
125 123.0798645 -28.05123901
125 100.2201385 -13.31554508
125 13.7268343 21.95314026
125 30.21413612 67.28507996
125 62.42843628 81.91400146
125 44.7527771 100.2907486
125 124.9975815 136.2481537
125 1.479681849 80.81091309
125 134.8377228 151.7226715
125 171.0971375 129.5375061
125 -2.171153069 106.0795135
125 4.909888268 35.02164078
125 150.7920227 147.4253082
125 -62.80424118 -17.28058243
125 -37.66852951 7.641233921
125 65.80291748 62.42086411
125 70.58825684 42.71232224
125 141.7573242 151.9459534
125 -76.97225189 -32.08798599
125 -55.70415878 -72.045578
125 -94.53372955 -23.86709023
125 108.0529175 71.93540192
125 102.8076401 27.36090279
125 188.8769989 141.3317566
125 136.3901978 192.853302
125 -91.33447266 -32.63682175
125 -84.78261566 -73.75926208
125 -193.5806427 -50.7004509
125 5.149585724 -57.49951935
125 -67.45860291 -26.08339882
125 124.7383118 13.81895351
125 213.3978271 115.3091888
125 103.160202 7.475842476
125 204.8460083 104.5377274
125 276.2701111 190.1024323
125 104.1072998 219.5063629
125 -92.44637299 -35.66812515
125 -297.8851929 -83.59024048
125 -228.0686951 -38.11235428
125 11.37576103 -70.48213196
125 77.22815704 -74.35536194
125 21.5811367 -81.36278534
125 -68.92814636 -22.45532799
125 -74.82187653 -15.2984581
125 -101.6855087 -19.87869072
125 149.3989258 -2.772985935
125 41.30830002 -9.727126122
125 191.2729645 85.35142517
125 234.7917938 114.1378937
125 126.5857162 -20.09630203
125 -315.8766174 -92.0991745
125 -277.156311 -40.93973923
125 -262.6079102 -53.3992691
125 -194.6181946 -34.19242477
125 -42.40159607 -64.69543457
125 26.92298126 -77.7793045
125 41.54994583 -69.21067047
125 -134.3164062 -59.44073868
125 -152.3655701 -36.6305809
125 -42.80208969 -16.77426338
125 -375.2112732 -142.4114227
125 -172.842041 -45.92964935
125 -137.3834229 -38.73622894
125 -120.4537582 -65.93011475
125 -142.5204926 -74.10199738
125 -184.894928 -42.33126831
125 -179.6178131 -83.61611938
125 -120.2538376 -13.90651321
125 -125.5399475 -87.54417419
125 -172.6242676 -66.64915466
125 -277.769989 -95.76515198
125 -151.3305359 -79.20244598
125 -374.131073 -125.8746033
126 -78.81316376 -37.28173065
126 -44.28997803 -1.651916027
126 -95.62934875 -39.49478531
126 -81.1098938 30.25125122
126 -97.80757904 -32.5475502
126 -74.27994537 -57.17881393
126 -29.56248283 22.65711784
126 -99.6707077 27.32626724
126 -102.220726 1.767797947
126 -45.83268738 -19.70653343
126 -113.7847672 -78.27164459
126 14.71181774 26.97925758
126 -112.1147232 -87.29801941
126 64.77316284 62.79978561
126 -83.82429504 -47.706604
126 -122.2859268 -98.00996399
126 50.55066681 60.82372284
126 66.0774231 83.56142426
126 -109.4847488 -56.30768585
126 53.70137787 84.76620483
126 -137.2709808 -94.1326828
126 -56.29958725 -27.0674572
126 75.65714264 61.46341324
126 40.36934662 85.02893066
126 -222.785965 -156.8886871
126 -106.5407257 -43.21473694
126 -11.24892044 -2.635297537
126 73.11647034 88.93871307
126 98.30719757 77.6181488
126 21.57349396 93.27670288
126 -261.9664612 -196.5835266
126 -124.1101837 -50.59896088
126 62.38178253 -11.15648842
126 -66.94408417 -10.32017422
126 160.6889191 90.09877014
126 23.84980011 107.621727
126 -334.4249878 -226.6313171
126 -285.6872559 -201.1773071
126 115.2482605 14.84443855
126 48.82064056 133.7611542
126 -341.0318298 -220.0143127
126 -306.8421631 -198.2810364
126 147.9988708 14.74609184
126 104.7520599 16.49274254
126 16.46722221 155.1941376
126 -353.0300598 -249.5596466
126 -339.3820496 -221.6802826
126 194.2239838 17.01362038
126 154.2113647 55.15617371
126 91.79827118 2.738615751
126 12.03884029 156.7221375
126 -8.286512375 173.0418549
126 -420.3673401 -267.5634155
126 176.6254578 46.68769455
126 187.1265259 68.19508362
126 69.50635529 -2.466987371
126 13.30813408 163.0968781
126 -440.3013306 -293.7585144
126 155.1898956 25.63062668
126 237.9573059 42.53793335
126 203.2477875 104.5481567
126 243.4755249 91.98085785
126 146.6878815 78.89416504
126 48.28951645 -36.58818817
126 42.77397537 183.3034821
126 150.9928589 7.455057144
126 266.8874817 2.213491678
126 214.7902679 131.1308899
126 244.2858582 114.3439713
126 166.8637848 95.48097992
126 55.21974182 -65.07059479
126 130.6222687 -34.0285759
126 288.0345154 -5.079114437
126 204.8471985 147.663559
126 169.1813507 122.0991364
127 44.23880386 37.41470337
127 21.4969101 62.41135788
127 68.27262878 -9.484640121
127 48.44412231 92.02635193
127 -39.87095642 36.8351593
127 76.34614563 91.15732574
127 70.71797943 106.8486023
127 -95.00411224 20.88975143
127 78.61105347 113.0850525
127 103.1138916 118.8394012
127 121.7975235 132.9520264
127 73.53701019 125.2871475
127 122.4880066 117.6769867
127 185.5503693 131.4051208
127 91.77333069 134.7558746
127 77.84300232 108.3847733
127 127.3878098 105.7551498
127 192.1053619 141.3895721
127 41.13670349 172.9978485
127 66.26932526 109.0292358
127 -3.30488801 68.57645416
127 94.54145813 69.49427032
127 77.87966919 99.3225708
127 -52.80031204 39.53268051
127 90.26730347 19.07398605
127 112.0615921 133.7698822
127 -45.33176422 19.5386219
127 -85.66114807 72.72951508
127 149.2681274 3.197035074
127 64.15737915 -23.15781593
127 186.0203857 151.1147766
127 -58.867836 6.857340813
127 -67.52706909 25.8850975
127 -125.5519791 68.76237488
127 156.0391388 11.53270721
127 60.79380798 -52.30011749
127 -36.19869995 -18.92351151
127 -67.83260345 15.76466465
127 -119.9336624 26.76393509
127 -151.7467041 67.56382751
127 35.56941223 -75.91027069
127 -32.8319931 -51.15337372
127 -17.79966736 -2.534011364
127 -146.6105194 17.08498192
127 -154.5658264 43.32736588
127 -6.874127388 -140.4855957
127 98.15226746 -70.74583435
127 -70.39829254 -86.29990387
127 11.7275877 12.03669643
127 10.33790779 -13.19623756
127 -155.5336609 29.57636642
127 22.17146683 -145.4299469
127 -60.70361328 -168.1397247
127 24.57854462 -175.2889709
127 -74.53601837 -184.8706207
127 29.41249847 46.82872391
127 63.79893494 -0.2695302069
127 -156.2431183 23.89646339
127 -94.40026855 -157.339798
127 -82.5427475 -168.3431091
127 -56.47849274 -200.1109924
127 16.29587555 37.86605835
127 60.71849442 57.32193375
127 20.77795219 34.28715515
127 -166.3156128 19.10659981
127 -187.1449585 -202.7316284
127 -116.6350555 -169.6842194
127 -127.7371368 -192.2770233
127 -82.56251526 -160.7669373
127 -102.4053497 -228.4613953
127 -72.18280029 -258.6264954
127 -81.56652069 -223.4214935
128 246.2032623 23.47931671
128 271.678772 13.15529537
128 258.2354126 25.52222633
128 271.6150208 2.162858963
128 243.237381 26.60509109
128 252.3294067 25.90447426
128 234.4061432 21.98235703
128 261.0176086 29.34580421
128 309.7973633 29.01146126
128 283.6412964 42.22375488
128 254.7420807 0.8300982118
128 290.3863831 49.6697731
128 237.7871704 15.8433733
128 241.9286041 39.13579941
128 323.9289246 65.1943512
128 265.4025879 -12.28393936
128 318.9510498 68.78333282
128 238.6684418 6.770426273
128 198.8642883 8.603560448
128 141.1612854 45.89624023
128 274.8392334 -44.13772964
128 150.7404175 15.30861282
128 99.76070404 1.549008369
128 72.57761383 54.36650848
128 110.8680573 54.05208588
128 0.6400281787 118.7936172
128 144.6139984 41.66599655
128 46.49073792 44.44499969
128 -7.271209717 112.6471939
128 -43.09802628 139.75177
128 -30.92931557 30.92090225
128 123.7511063 64.01207733
128 -7.132342339 134.0865021
128 -90.54347229 159.4435883
128 10.40692139 136.6994629
128 -109.294136 -7.083378315
128 11.52697372 136.2185364
128 -31.02589989 132.3824005
128 56.45903778 143.394928
128 -103.6169434 7.314035416
128 -179.828537 -74.56505585
128 -48.4822998 128.4281921
128 -41.86619186 62.89462662
128 -45.6517601 149.5870972
128 -15.73730087 143.437561
128 -95.35439301 21.33428955
128 -250.2792816 -101.8775635
128 46.57685471 135.4977875
128 -77.92416382 3.441159725
128 -47.98445129 27.62181091
128 -39.26915741 174.475708
128 -69.79387665 36.29510498
128 -297.3216858 -144.4246063
128 -144.2884979 -49.80891418
128 -25.81482315 2.028678656
128 -104.9308014 55.31148148
128 -2.645918131 29.39173508
128 -320.2956848 -193.6545563
128 -348.5706787 -173.362854
128 -350.0136414 -154.0563965
128 -194.0844879 -88.62569427
128 -13.94025993 -17.48589706
128 -133.446167 53.89896011
128 102.6971207 17.06204987
128 -282.3858643 -163.6829529
128 -318.7223816 -208.9321747
128 -348.5276184 -202.3560486
128 -390.038269 -182.7295532
128 -237.9982452 -148.127655
128 -160.7140198 47.32476425
128 158.2893677 45.76818085
128 62.6262207 -7.469279766
128 104.8659286 4.666924477
128 -428.0006409 -193.1981049
128 -312.6053467 -184.4063873
128 -248.7890778 -196.6956177
128 -192.4367828 33.23107147
128 42.77465439 -40.54209137
128 142.7590179 11.16836357
128 -270.4970093 -216.0602264
128 -227.9846039 -228.9351807
128 -188.3421783 21.15370178
128 194.7492065 11.44254208
128 -224.5179138 -248.1315002
129 -176.3481598 -64.67248535
129 -169.7882843 -42.24026489
129 -194.4015198 -47.42898178
129 -260.9010315 -60.27106094
129 -158.3117523 -63.2881813
129 -168.2776489 -27.21404076
129 -263.276886 -96.30587769
129 -315.8814087 -63.95840073
129 -302.1326294 -60.83679962
129 -203.6678162 -34.45839691
129 -146.6344147 24.69805717
129 -212.0320587 -89.08843231
129 -159.8080292 48.14955521
129 -163.0512695 33.66707993
129 -167.2383575 35.75047684
129 -124.0902786 42.92707825
129 -197.3752441 -92.72953033
129 -163.2602234 89.27658081
129 -151.1416931 51.75008774
129 -138.0528107 41.45064926
129 -185.9075623 -116.7040253
129 -217.1488037 -75.84346771
129 -165.423172 86.14679718
129 -131.5672607 64.06076813
129 -152.092041 61.17213058
129 -169.5259399 92.71517181
129 -8.71823597 64.16810608
129 -171.3101196 73.25484467
129 -180.8668671 115.4304504
129 -227.1649628 84.25065613
129 26.45465088 65.29254913
129 67.72566986 73.08306885
129 -286.163208 90.33329773
129 53.85926819 30.90064621
129 106.7443619 65.23698425
129 -335.6910706 80.78205109
129 91.70562744 8.117923737
129 185.8351288 60.62555695
129 106.0285492 3.931631327
129 118.5215607 2.70849967
129 193.0376587 55.05649567
129 151.0113831 6.147747993
129 109.3572311 -31.52210999
129 138.0898895 2.002000093
129 91.23141479 8.017724037
129 218.6833191 57.52178192
129 130.2431488 29.78166199
129 198.3220367 -5.543172836
129 250.4532623 3.768827677
129 71.37137604 11.63249302
129 175.8223114 -31.73172379
129 55.45272446 12.50656891
129 202.6165009 64.87559509
129 80.60056305 12.95149899
129 10.94008255 99.40807343
129 237.7013397 -41.73313141
129 160.0295563 -76.32875061
129 15.91516018 13.28377438
129 35.50324631 -6.115429878
129 56.68579102 -31.0816288
129 -29.79306602 125.1584702
129 308.4949646 37.81563187
129 232.8359375 -110.7353363
129 153.181076 -144.1745758
129 161.691452 -50.2741394
129 8.38257122 2.20872736
129 63.23280716 -79.15944672
129 -29.23989105 133.5933533
129 -38.52335739 137.1114044
129 273.5168152 16.48644829
129 300.1789246 3.681440353
129 203.0769501 -114.5628586
129 125.7996597 -134.1705322
129 146.699585 -189.1677399
129 194.780899 -78.51946259
129 182.9596558 -56.08974075
129 320.221405 -51.13424683
129 149.8113861 -155.806427
130 -26.6930542 -57.77460098
130 -56.64122391 -48.26133347
130 -49.60632706 -97.90538025
130 -28.46874619 -49.6355629
130 -24.32448959 -48.1538887
130 -5.889701843 -33.15803528
130 -158.1052246 -146.5336609
130 -57.57123566 -51.38472748
130 86.58818817 29.96859932
130 83.47221375 16.49869728
130 -299.5296021 -181.3238373
130 164.1359253 75.22820282
130 115.7484818 3.33211112
130 19.26850891 46.69386292
130 104.1580811 8.285263062
130 180.2661743 55.71955109
130 121.77948 23.37238312
130 -362.9472961 -148.0811005
130 -376.9897156 -201.5257568
130 208.2003632 90.59851837
130 158.9669647 120.7413101
130 76.90383911 -4.045987606
130 16.88362122 110.9920425
130 -18.76010704 31.42898369
130 113.3182068 -4.909995556
130 260.1478577 92.17332458
130 167.321228 53.50113297
130 109.6996841 34.20693588
130 -371.9371338 -85.4978714
130 -549.9507446 -242.0178528
130 -407.4343872 -212.3937683
130 255.0807953 116.5980606
130 98.79656219 -10.97807693
130 26.43987846 -17.18034744
130 32.97057724 134.7466736
130 -50.12739944 -12.83959389
130 -415.1215515 -48.76629257
130 -334.8014221 -50.16201782
130 -32.62459946 1.041693687
130 109.782196 19.58345795
130 59.73939896 -48.87441635
130 -14.97993469 -41.43276978
130 -462.3247681 -62.40472031
130 -403.9321899 -37.99244308
130 -503.3157043 -20.96622467
130 -367.5044556 -41.92329025
130 -261.7929382 -57.4751091
130 -162.2538605 -45.40160751
130 1.887357831 9.661313057
130 166.9794159 62.48479843
130 39.42703629 -81.59322357
130 103.3549805 -33.74027634
130 -29.05937004 -108.2987366
130 -53.04018784 78.81716919
130 69.42134857 13.97620487
130 220.0107269 60.64942932
130 191.5357361 91.57447052
130 242.1769104 82.06686401
130 196.3786316 49.85715103
130 263.1441345 158.592514
130 154.1139526 87.23194885
130 124.763649 73.45627594
130 269.3397827 136.0728455
130 60.47367477 7.884235859
130 135.0088501 19.8711338
130 413.1997681 253.6219025
130 51.36414719 -12.12100697
130 15.89367294 -22.28891373
130 104.8810196 -28.86994171
130 559.258728 334.3044128
130 -34.22515106 -61.65515137
130 -36.77594376 -29.26722527
130 4.446687698 -97.99871063
131 31.28628349 104.2852478
131 -26.68329048 93.80014801
131 5.613280296 86.01026154
131 76.67710876 89.52014923
131 -18.17393875 111.8000412
131 -60.15060806 87.85895538
131 132.9061279 97.82377625
131 -114.3633728 36.49576569
131 -91.74459839 27.94013214
131 -65.64821625 25.72779655
131 12.12003708 66.42481995
131 -53.45747375 19.49914742
131 79.63897705 71.20175171
131 79.95744324 66.92473602
131 -34.66852951 85.26069641
131 -95.00419617 7.523450375
131 -30.02059174 24.35545349
131 125.8096466 102.5094528
131 -71.04785919 10.82964611
131 -25.73745346 18.19137383
131 112.4836502 114.5260468
131 -55.7565918 -7.452093601
131 1.477210045 32.64442444
131 -3.779448271 41.80043411
131 -51.41867828 -35.50959778
131 31.20674706 42.24443054
131 -45.11600876 39.12812424
131 -13.16919613 -92.6468277
131 71.23032379 4.463336945
131 -39.13814163 23.35084343
131 -47.21516037 69.33428192
131 -101.5768433 -3.214188099
131 -16.88402367 7.172269821
131 -32.8653183 -255.3452911
131 71.34268188 -47.95642471
131 109.6985626 -13.8584795
131 -19.93419647 40.84440994
131 -50.60448456 42.57366943
131 3.671873569 100.6633911
131 -185.8041687 -68.54055786
131 -34.51928711 38.78224564
131 -37.04845428 -283.7581787
131 -43.06561661 -229.3202209
131 69.13354492 -69.59970856
131 165.3931427 -25.87273026
131 -39.06175232 6.614581585
131 -26.15132332 82.28743744
131 -52.2672081 -2.018785954
131 9.415158272 109.6161346
131 2.271021843 126.2453384
131 -10.61504269 94.82384491
131 -258.1161804 -104.1351395
131 22.61598015 76.54464722
131 -74.73982239 43.49053955
131 -49.78544617 -304.9662476
131 -13.49883938 -269.5599365
131 65.2191391 -119.4093094
131 -58.06672287 116.5168839
131 -328.7330627 -142.6237946
131 10.01221275 84.78538513
131 144.4856567 95.32749176
131 -127.5839844 84.12522888
131 -79.525177 -308.5775146
131 -46.31453705 -263.5310669
131 73.56110382 -139.3983307
131 18.17686272 -134.7277374
131 3.705589294 108.5134048
131 272.3939514 99.61348724
131 -163.8982391 110.3922958
131 -83.57819366 -243.8973999
131 -12.6152792 115.7831039
131 319.5412292 188.6600342
131 318.0711975 18.16163063
131 346.6234131 41.85456085
131 -181.8810425 -267.0058899
131 -71.95786285 -197.8574677
131 -14.03593445 109.0157852
131 45.55968094 116.1954956
131 325.7226562 -29.29516792
132 44.76795959 104.9804993
132 118.0890045 88.62835693
132 150.9089355 91.96582794
132 82.31248474 66.01087952
132 136.1588898 88.44254303
132 143.9107361 74.93074799
132 119.4800034 46.69646454
132 118.793251 71.79085541
132 192.9553375 65.9651947
132 128.8458557 76.05019379
132 182.7458496 31.20718956
132 191.5997314 110.8408127
132 222.3737793 73.05271149
132 216.9503174 57.3872757
132 171.923111 34.91378784
132 133.5514832 114.2566757
132 225.123703 62.14104843
132 116.9220581 8.129759789
132 138.3070068 116.3423157
132 19.86159515 4.117698669
132 88.66499329 99.8140564
132 -39.48723602 -7.364670753
132 -35.70973587 40.73426056
132 -24.90342903 -1.063928723
132 -129.8063354 -1.042300105
132 -68.6192627 33.67639542
132 -66.01465607 2.265130997
132 -52.05724335 -33.4969902
132 -62.37664032 -8.448166847
132 -48.82141495 18.2541256
132 -73.55067444 -1.844404936
132 -111.6620026 -1.773851275
132 -53.84626007 14.11828136
132 -30.31413269 -41.98449326
132 -26.67604446 -92.22407532
132 -65.70019531 -9.948579788
132 18.05509377 2.189647436
132 -88.03861237 5.695887566
132 -69.52661133 -20.90497971
132 -85.36363983 -9.929394722
132 -125.9631805 -26.52346039
132 -132.7142487 31.30826759
132 -84.31560516 30.91174126
132 -70.45641327 -56.76441193
132 -5.804176331 -66.24492645
132 -63.40838623 -100.6361618
132 65.57817841 -57.55155945
132 -93.57811737 -37.20967865
132 66.66744995 24.40716553
132 23.05465317 -14.74003792
132 -47.1384201 -43.43634796
132 -0.3647016585 20.11368752
132 -160.0815277 -16.07573318
132 -77.94808197 -41.4524765
132 -231.9835815 -62.9968338
132 -114.0634613 24.49979019
132 -66.00621033 63.44111633
132 -121.6791382 18.86150742
132 -99.27048492 -81.40542603
132 -158.1918335 -88.00808716
132 -16.49398232 -93.61154175
132 -80.34259033 -115.3358078
132 129.0107269 13.95586014
132 54.0209198 38.53137207
132 54.38007736 -20.88452911
132 -151.851532 -72.24260712
132 -39.34796524 -77.45726776
132 89.79750824 -35.04026794
132 108.737381 12.46440887
132 62.46574783 -37.81751633
132 -161.0879974 -44.7426796
132 -158.5522308 -90.2095108
132 -216.0550842 -87.5704422
132 -51.46352386 -77.29217529
132 99.66789246 -55.44734192
132 19.7909565 -75.47289276
132 -74.83687592 -76.89792633
133 -36.3839798 -86.13690948
133 -44.75017929 -72.0019455
133 -7.632069588 -74.27368927
133 -20.81378746 -99.60575867
133 -61.97157288 -51.71524429
133 -38.88219833 -84.79708099
133 35.69902039 -86.25133514
133 27.86327362 -44.50139236
133 -24.27634621 -78.46659851
133 -19.44073296 -117.1659393
133 -70.70492554 -39.54073715
133 -116.1413727 -17.39975357
133 78.13960266 -97.84413147
133 46.88295746 -51.60667419
133 53.60752869 -0.1805838346
133 -0.2173521221 -133.5955353
133 -63.30620575 -31.95602417
133 98.77768707 -126.1755829
133 121.916481 -91.29763031
133 63.10635376 -50.66492844
133 88.75723267 30.95298386
133 -29.67809486 -6.45898962
133 174.7448578 -112.7135086
133 126.5363541 -147.5902863
133 137.5618744 62.51081085
133 -2.440124035 27.98365402
133 110.4777756 -167.1635437
133 167.4035034 87.31721497
133 96.40953064 21.54613495
133 -57.01482391 83.50150299
133 45.96595383 2.086215258
133 187.4514008 114.6333466
133 115.4428635 58.98789597
133 220.4659271 22.26575089
133 129.7025604 -15.68695927
133 -65.91049957 93.85306549
133 -105.9576111 112.0758133
133 80.85723114 -10.59660816
133 174.105484 132.7080536
133 165.9217224 84.17029572
133 212.9900665 3.922996283
133 168.8346405 8.818522453
133 136.1836243 -55.60764313
133 -52.29566956 46.05550003
133 -161.4477081 99.22982025
133 -56.50516129 93.95180511
133 -148.2249298 111.144722
133 140.6001129 0.1476626843
133 192.2377319 162.106842
133 230.8309174 95.81224823
133 177.6216278 8.81295681
133 111.1758041 0.2104446888
133 187.0296021 -19.25738525
133 106.8861237 4.210038185
133 14.18719578 34.39933777
133 -53.92347717 37.04858017
133 -20.69953156 184.6022339
133 -185.9363251 56.19042587
133 -123.9293137 107.3902969
133 -230.6538391 80.83610535
133 190.2010803 1.331592441
133 106.2958374 -5.922392368
133 172.0157013 -18.34908867
133 -95.02785492 -0.7349467874
133 -140.9128723 100.8497543
133 22.9581871 -63.37762833
133 -74.88163757 -7.834699631
133 -73.80796814 -98.16080475
133 -180.8963318 -10.85839272
133 -82.47078705 19.08239555
133 -153.93396 81.62444305
133 -41.34488297 -80.05951691
133 -18.02833366 -94.10707855
133 -9.860857964 34.12852478
133 -91.95077515 -64.895401
133 -79.86442566 -99.80683136
133 -234.5805817 12.45278168
133 -169.9901428 35.31689072
133 -207.3460541 74.8182373
133 -82.22909546 -73.61320496
133 -302.3766785 -26.13542938
133 -258.2619324 -17.14864159
133 -157.1867828 52.10647964
133 -218.3390198 70.35295105
133 -245.4176178 79.70917511
134 -91.85879517 -190.1091766
134 -61.67215347 -145.4448547
134 -96.6476593 -193.2432251
134 -82.96495819 -182.6340942
134 -12.63828182 -107.2731323
134 -73.70347595 -180.6740112
134 4.886532784 -73.77120209
134 -92.73300934 -184.3841248
134 -92.6951828 -115.6060638
134 77.51481628 -74.67247772
134 53.33589554 -9.942059517
134 -26.52167511 -74.01292419
134 -153.2437134 -165.3347321
134 -137.4952698 -67.22937012
134 138.8462982 -100.4746933
134 112.1523438 -42.49159241
134 -57.77801514 -58.39660645
134 -210.2154999 -221.8873596
134 -127.4612427 -107.8498917
134 -150.961441 -211.6094971
134 -109.1493759 -30.8568058
134 -157.5517273 -94.48298645
134 -163.0433197 -69.39044189
134 142.2212677 -108.664711
134 167.2864532 -138.2006378
134 152.7370605 -43.51002121
134 94.36201477 -10.35150909
134 61.3619957 -74.5723877
134 -113.9542389 -41.09798813
134 -95.4401474 16.14809418
134 252.0318451 -17.25323486
134 66.23908997 28.30278015
134 111.0929947 -8.970765114
134 15.25458717 -98.48016357
134 -35.65781403 55.52864456
134 -115.6047897 -0.4085661471
134 -45.00415421 109.9927444
134 53.66068268 63.40639114
134 136.2819214 -17.40297127
134 6.101644039 -95.67790222
134 -26.6608181 74.64052582
134 -128.5657196 -24.02097702
134 0.6890128255 93.30511475
134 64.83057404 80.98035431
134 -44.01446915 130.6209564
134 -35.95340347 82.81364441
134 -53.31553268 103.2905731
134 -4.050693035 105.9306259
134 63.49817657 115.7659683
134 -28.33138275 95.87089539
134 -17.89847183 66.6437912
134 69.41300201 55.35649872
134 -70.11321259 220.1221771
134 49.3552475 114.6485062
134 97.76702881 125.1910248
134 -51.10774994 94.013237
134 -39.63716125 34.76242447
134 123.314621 35.05421829
134 -59.38190842 226.1685181
134 -73.91270447 214.4604645
134 108.6719971 111.6231003
134 121.1756058 133.312088
134 99.2051239 148.3412323
134 -57.73960876 -0.2746884525
134 141.177002 5.697691917
134 -26.71844101 267.597229
134 181.0825653 148.3265228
134 161.0773468 96.65735626
134 151.8660431 163.6885223
134 -57.09361267 -37.60349274
135 -118.0939865 -83.63394928
135 -103.0323563 -73.90815735
135 -177.1323395 -73.02771759
135 36.7889328 8.333205223
135 -275.6860352 -99.6831665
135 -209.7770996 -48.59280014
135 58.4443512 -24.59969139
135 37.16622925 27.18578148
135 -207.0965424 -84.44753265
135 -255.2642212 -84.42237091
135 -311.0769958 -115.7272797
135 -219.5232849 -39.59791946
135 73.65057373 -33.08863449
135 118.103569 -17.96965981
135 55.86834717 63.61446762
135 22.4860878 27.47229958
135 -311.6289062 -112.4987564
135 -169.2221985 -61.83869553
135 -364.7240295 -131.3559875
135 109.5416183 -29.96294403
135 167.4077301 2.086758375
135 59.65986252 54.08448792
135 60.13167953 70.65910339
135 73.35540009 77.74089813
135 20.00228691 7.779541016
135 -93.67352295 -32.63608551
135 -320.980896 -100.9435806
135 -394.2980042 -145.3773499
135 138.9996643 -12.61988831
135 97.08530426 6.073807716
135 139.7377625 15.85769176
135 183.7935638 -3.271821022
135 65.55657196 38.35712433
135 34.92551041 71.19211578
135 61.2494278 83.67578888
135 -429.3008118 -164.4118805
135 -410.3080139 -143.4264984
135 159.7893372 12.34674168
135 109.0055161 8.931369781
135 240.2723083 -4.854333401
135 249.730957 25.86419296
135 153.9610443 16.56450272
135 110.4332809 56.73343658
135 -419.1286011 -169.2470551
135 -436.9737854 -146.9039459
135 185.2361145 36.69281387
135 132.8849182 53.80804443
135 154.8758087 85.01529694
135 -416.9303589 -133.6958771
135 -443.7903442 -155.7715454
135 229.9445801 83.96452332
135 174.2381592 39.36953735
135 110.8002243 73.43244934
135 159.8169403 77.81015778
135 104.634964 96.07549286
135 186.9916534 115.7270508
135 260.320282 105.9758911
135 217.7389221 95.83961487
135 166.7130127 9.028326988
135 163.3199615 43.74595261
135 148.2599487 24.54289627
135 176.036972 72.40196991
135 140.420929 91.90842438
135 99.13749695 100.1349945
135 102.7893524 118.6330872
135 75.06034088 114.9535217
135 253.2280731 103.8888016
135 208.046875 110.0130615
136 14.45640755 121.8017197
136 -46.34701157 94.14713287
136 37.45922852 137.9545746
136 -131.3063202 52.62519455
136 -101.3828583 56.01593781
136 -165.9887848 103.7784348
136 -103.3663712 28.61107063
136 -127.764061 55.55753326
136 -117.6153183 67.4029007
136 -183.0187531 129.9282227
136 -82.74360657 -23.2879982
136 -91.34139252 58.75590515
136 -60.16139984 69.38751221
136 -118.2044067 68.29093933
136 -73.11078644 -65.9281311
136 -29.11547661 97.67700958
136 -122.1064606 45.40374374
136 -75.11359406 -95.27716064
136 -99.26831055 58.58227921
136 -93.55666351 -109.3606796
136 -111.9341812 -128.9751282
136 -175.4689636 34.82696915
136 16.5120697 85.13887024
136 -4.384567261 78.61048126
136 -88.1796875 -136.6534424
136 -114.8221588 -137.3048553
136 -165.3468933 17.82679367
136 -209.2376862 38.81524658
136 117.4417648 94.25870514
136 -11.34501076 -68.09431458
136 -141.9847107 -158.1478271
136 -114.716568 -212.7093353
136 -154.6278687 -177.5352936
136 110.077858 80.53318024
136 109.7891006 74.04863739
136 18.0823822 -77.89442444
136 63.55542374 -8.363167763
136 -153.3682251 -179.2671967
136 105.7351074 59.44692612
136 93.2536087 13.89253902
136 92.86468506 46.81627655
136 67.74671936 -76.65444946
136 65.46783447 9.866191864
136 139.9037933 -26.25882149
136 61.47172546 28.02724075
136 148.8190613 -61.08217621
136 64.21563721 -63.84011459
136 86.42105103 26.68408966
136 72.94480896 0.4574780464
136 101.5374603 27.57619858
136 45.33119202 -2.467472553
136 55.52042389 17.138834
136 43.58094406 -49.08681107
136 146.3670959 43.45625305
136 16.64587975 -34.72636414
136 39.62869263 -24.95622253
136 189.4532928 63.50198364
136 21.27739716 -52.32751083
136 220.8227234 97.955513
136 10.30233479 -84.1877594
136 262.6714172 109.8985214
136 8.287451744 -101.0262604
136 229.5879974 87.2721405
136 329.078125 120.4725571
136 22.76537704 -146.3395233
136 32.60980988 -99.4823761
136 5.242399216 -101.2070923
137 8.619524956 -65.12102509
137 32.02767944 -72.41473389
137 37.30294037 -66.30072021
137 3.571276903 -46.8201561
137 41.4824295 -67.89107513
137 11.29348373 14.1825676
137 -28.08969307 -51.05631256
137 33.93514252 -41.82213211
137 81.05600739 -68.91838074
137 -85.04393768 68.91783142
137 -40.79740524 -49.76133728
137 37.92971039 -80.40486908
137 -16.15041161 -52.99728775
137 -45.56647491 79.30810547
137 -14.39745712 87.37322998
137 -96.95518494 79.20013428
137 -42.89406967 -55.58272552
137 -17.23407745 -55.31438065
137 -0.6229447126 90.23055267
137 78.18783569 92.62388611
137 -144.3713684 111.0787354
137 166.7168427 151.4901276
138 55.72380066 81.21116638
138 70.38379669 110.7447891
138 14.80581856 95.09187317
138 79.11296844 60.72497177
138 105.123764 143.0110321
138 42.50786591 149.3105927
138 34.24035645 119.8789291
138 113.8182907 88.83725739
138 112.1749496 177.1934662
138 50.50624466 180.6462708
138 65.94871521 112.3485413
138 81.21633148 109.7417831
138 22.51142883 39.10728836
138 173.5322876 118.203125
138 67.62888336 -16.09329033
138 153.3312378 204.1864929
138 83.7712326 162.6048126
138 108.0972443 204.3049622
138 -4.238011837 175.5791626
138 31.62338448 66.1544342
138 28.08491898 137.1999054
138 95.92145538 123.522438
138 138.1682281 114.4108734
138 185.5903931 113.6619034
138 80.4307785 40.88711166
138 12.41912174 -82.17739868
138 6.495880604 148.5362091
138 2.825899124 1.588901758
138 35.54219437 60.87294388
138 -15.9186945 158.0603943
138 109.006752 118.8739624
138 74.84354401 42.34287643
138 29.7019577 -115.1063843
138 -27.87633514 -125.7690277
138 -35.414608 -130.6342621
138 61.77368927 117.9213028
138 -66.47618866 -45.29592514
138 0.5274537802 77.73815155
138 26.94046021 11.99525642
138 -25.89525223 174.8883209
138 98.15596008 56.50064468
138 8.03914547 -118.2509995
138 -64.41999054 -131.6045685
138 94.17355347 92.43643951
138 -44.76577759 -96.05953217
138 -3.678226709 193.7602997
138 150.5208435 112.0545044
138 16.76835632 -55.80034637
138 -9.835299492 -120.8334122
138 -72.63137817 -119.8721237
138 -49.85203552 -30.46673393
138 -61.51644897 -106.5917969
138 -103.7650909 -156.2098389
138 -156.345047 -172.6786346
138 -164.2610474 -192.1030121
138 -105.2236481 -170.5141754
138 -153.1559906 -192.6960297
138 -168.7030487 -218.4944916
138 -197.3943481 -204.6483765
138 -102.4070511 -162.540863
138 -178.8069153 -272.7646179
138 -184.003479 -237.1822968
138 -117.9695435 -198.8496246
138 -133.9644012 -316.4767761
138 -224.7232208 -278.0004883
138 -248.7479553 -228.4190369
139 -208.2756348 -132.8681946
139 -119.1842117 -112.6384659
139 -325.4044495 -160.5711975
139 -244.9443817 -144.9656372
139 -130.2065125 -83.28926086
139 -281.9622498 -196.2685699
139 -202.7944794 -115.6679382
139 -51.44758606 -86.1842041
139 -22.0097599 -52.75333786
139 -442.3840942 -209.6919861
139 -296.3609619 -149.3244324
139 -276.1655884 -173.4184265
139 -7.507352352 22.4202919
139 -239.2171783 -155.2956085
139 -47.84784698 -55.66376877
139 -392.8204346 -243.5342102
139 -329.9878845 -243.0043182
139 -10.47405338 -58.70820236
139 8.193058968 -52.16815948
139 21.17301178 -15.50544262
139 -527.3370972 -252.9996796
139 -37.56685257 -11.06458569
139 -9.64334774 39.74876022
139 60.62838364 71.89237213
139 11.3364296 -58.65975571
139 -85.94602966 -267.8425293
139 9.452760696 -33.17818832
139 44.03108597 36.46981049
139 5.583255768 -0.710998714
139 61.10359192 10.25126743
139 -633.9016724 -298.1584778
139 4.816083431 31.51770782
139 92.78765869 38.85347366
139 143.7732086 49.02790833
139 96.29983521 154.243103
139 -87.2035675 -285.1612549
139 48.51309204 0.7100034356
139 93.56687927 36.06892776
139 64.7843399 20.89766312
139 -642.0067139 -315.1443787
139 -606.7952271 -302.6074829
139 148.9225464 46.89545441
139 128.9376831 55.37254333
139 173.1828613 65.91068268
139 147.5524597 76.06144714
139 146.3079681 187.962326
139 100.3955536 108.8907318
139 114.64254 25.74782562
139 141.3318787 59.91135406
139 99.31697845 22.82572365
139 51.5606041 19.26029205
139 49.53288651 30.30200195
139 -649.5125122 -342.5096741
139 156.6555634 61.44272614
139 174.9291077 84.15589905
139 89.36377716 57.83475494
139 264.5756531 79.3110199
139 158.4669189 110.9219742
139 129.0070648 85.2166748
139 148.5421906 83.07665253
139 187.8688507 67.10066223
139 174.252243 55.09890747
139 243.8041382 94.18531036
139 139.6653137 30.97657394
139 189.6882935 23.14028358
139 180.8693848 121.5937271
139 153.8360138 72.49919128
139 64.89672852 80.52911377
139 253.9554443 113.9060516
139 147.8918304 112.698616
139 167.5393219 35.25370026
139 145.3117523 130.627655
139 74.25088501 109.9227753
139 82.2913208 120.178154
139 117.1333618 133.795578
139 127.9850464 164.6971588
139 70.20192719 113.8653336
139 176.1891937 194.0125427
139 186.6608124 214.7316132
139 177.4587555 193.3156586
139 263.1751099 223.2113953
139 191.6659393 227.0839539
139 203.0488129 203.9333801
140 24.01933861 22.69005585
140 60.73677063 25.88323212
140 -5.556414127 14.80595493
140 39.83423615 19.53223991
140 124.925354 33.0218811
140 -30.87859917 0.5528390408
140 17.66543388 17.1539135
140 70.08956909 41.39953995
140 140.8429565 56.37958145
140 240.6278839 19.55771828
140 -41.79646301 -3.088363886
140 -25.39698982 13.01546288
140 31.49386024 37.73420715
140 51.40391541 34.78500366
140 150.7254639 57.92064285
140 157.9854889 70.45339966
140 261.8063049 38.25107574
140 194.8034363 11.61373615
140 -5.042222977 9.544023514
140 -56.26720047 1.901829123
140 -29.09599876 15.65280724
140 -0.01889211126 20.12820244
140 -62.00559998 1.054601669
140 -16.48365021 37.23230362
140 -4.754261494 26.92317581
140 142.2040558 66.60604095
140 245.8439636 -2.321408272
140 155.0269318 12.7280283
140 204.4931183 14.04564571
140 233.1145935 -3.681556463
140 207.7141266 17.24908066
140 21.01877975 0.2138676196
140 -6.423476696 9.361951828
140 -5.307288647 9.375499725
140 94.79663849 23.73599052
140 -101.9088516 22.54644394
140 -108.6796417 -33.5715332
140 -8.678474426 12.86383057
140 -89.23832703 -4.451750278
140 -52.97590637 31.17482567
140 -70.45159912 3.700306892
140 38.32167816 32.55945587
140 187.054657 29.07341194
140 185.7875214 -14.26403809
140 270.2189026 -10.98712063
140 180.9827271 15.351861
140 215.6077881 27.95150185
140 -21.00823593 12.20685005
140 -18.17978668 -1.699028492
140 1.117056727 15.22902298
140 -128.9573059 29.93304253
140 -137.1571503 -15.28749943
140 -139.6001587 -2.48661685
140 -120.1508026 -3.974609613
140 -77.64822388 3.915787697
140 128.8036957 39.50149155
140 -46.1711998 -23.75904846
140 99.1603241 33.17507172
140 -158.8330078 20.31419563
140 -133.4875183 3.748605251
140 -177.8683624 -16.05600929
140 -139.8756256 -19.80383873
140 -113.448967 -7.934665203
140 -115.6931915 49.12587357
140 -74.0337677 -67.34166718
140 -163.9537354 -10.5856657
140 -209.8935547 -30.95265198
140 -174.9790039 -46.54706955
140 -175.8449554 -36.13171005
140 -175.7952423 -8.770489693
140 -113.5342789 3.004189968
140 -146.9219818 63.90280914
140 -132.182663 -45.23438263
140 -74.47483826 -82.21097565
140 -101.6076355 -124.9403152
140 -118.559082 -168.8611145
140 -132.9641571 -193.4707336
140 -134.4423828 -251.3684082
141 -5.325813293 10.88084221
141 -59.85846329 14.78970051
141 -108.1990433 2.028815269
141 -28.9740696 10.76572704
141 -157.9794464 -5.699839592
141 -48.18300247 3.25846529
141 16.95192528 -7.049534798
141 -241.6894684 12.08871841
141 -184.9827271 -18.45315361
141 -27.51823044 11.55588627
141 -14.87923145 28.09760475
141 -20.23810768 10.70318985
141 62.0740242 -10.66557217
141 -19.89206123 25.89993668
141 -261.1439819 31.0928669
141 51.31824112 26.49492073
141 -2.933526754 26.066679
141 -41.66017151 3.939953327
141 7.147164345 -0.03829288483
141 125.9203262 7.233418941
141 44.74397278 -11.64878845
141 -16.90984344 40.18536377
141 1.16776824 20.93028259
141 26.38116074 41.94656372
141 20.21283531 24.39753723
141 54.91036987 13.17522717
141 150.5274658 68.96338654
141 83.0324707 25.82995415
141 12.83751488 -5.726825237
141 23.22914124 -29.17132378
141 27.11595345 0.4426418841
141 3.022134304 27.03674507
141 43.84921265 30.04232788
141 -2.649216413 51.13965225
141 68.1883316 -8.272052765
141 65.5298996 8.920236588
141 164.1703796 84.80873108
141 183.9964752 69.43797302
141 147.0649414 61.38154221
141 54.71577835 9.569041252
141 10.30364513 -6.302221298
141 32.23957062 7.516520977
141 18.56100082 -29.26284599
141 25.27927589 -27.45718193
141 -14.62096024 -23.06015205
141 224.5194244 110.7631454
141 203.6973267 108.0193634
141 197.9498291 62.60643005
141 178.2090912 104.8002167
141 152.8239441 67.54537201
141 -54.93663025 -29.76327705
141 -65.55462646 -39.48513031
141 41.83172989 23.26908112
141 -66.73339844 -51.8543663
141 -28.3895092 -31.97532272
141 236.9013062 120.8829727
141 -33.84742355 -26.26170731
141 -84.49582672 -44.40130615
141 -78.16054535 -48.24298859
141 -99.69446564 -37.36345291
141 -99.35260773 -92.76449585
141 269.0582886 133.8124695
141 243.9321442 133.0461578
141 -85.97697449 -32.97402191
141 -190.6055756 -131.3940582
141 -18.81640434 -75.41358948
141 329.5959167 144.5093842
141 245.2569275 129.8933563
141 -302.8321228 -210.1006165
141 370.5317078 156.16716
141 -192.2711182 -165.4181061
141 -491.4936218 -300.1953735
141 -584.2045288 -317.9195862
141 -483.7961426 -287.6005859
142 -62.89650345 15.11370087
142 -38.53968048 24.04559326
142 -84.78438568 -8.529711723
142 -78.73683929 3.908510447
142 -128.1683197 14.75938606
142 47.67105103 16.82034302
142 -52.20607376 -12.96736813
142 -65.39037323 -2.385587692
142 -56.5164299 -8.575480461
142 -101.3139343 -24.69807816
142 -150.1378937 -24.949049
142 -131.6766968 30.96981812
142 163.7568207 -0.2336132973
142 62.85830307 -1.513273954
142 23.53541374 1.273834944
142 107.2794037 -28.14294052
142 -66.8688736 -11.76563644
142 -48.05344772 -2.664613247
142 -173.9081421 -59.36432648
142 -172.1591644 -28.21035385
142 -155.2313385 -19.31446648
142 -150.2953186 -7.655021667
142 234.4648132 53.26081848
142 1.168649077 -2.062696457
142 23.47992897 -6.493643761
142 133.0784912 12.01924038
142 171.4443817 -2.346892595
142 -111.9207993 -9.612019539
142 -95.31552124 -20.35239601
142 -21.95352554 4.001980782
142 -8.984233856 -26.712883
142 -153.4053192 -53.26486588
142 246.16922 -36.97542191
142 277.3392029 112.7570801
142 -33.19330597 -21.8903656
142 -17.70707512 -21.57427025
142 -117.8419266 -12.85907459
142 6.370354176 16.88372612
142 -13.9753809 -4.693644047
142 -215.2655334 -68.04520416
142 -182.3687286 -48.99052429
142 -66.99074554 -32.63636017
142 402.4067383 176.1847992
142 206.7896423 71.1360321
142 255.20961 66.00315857
142 -23.16893578 -22.85539436
142 -36.11259079 -22.29127312
142 3.765655041 -18.65817261
142 -1.605925918 -3.097241402
142 18.22678947 15.38481712
142 -8.615715981 -14.34271336
142 -15.83058739 -16.42139053
142 -257.3451843 -67.95707703
142 -209.2084503 -50.68874359
142 -200.5885773 -49.22937775
142 -85.54096222 -21.73561859
142 544.7373047 256.8499146
142 207.4565887 37.57546616
142 257.8182678 72.25237274
142 223.5658417 50.05514145
142 -3.716137171 -16.84514809
142 -36.5625 -25.4318161
142 -42.77328873 -47.20822144
142 37.48342896 -14.93956757
142 20.84215546 -22.89888382
142 -0.04361139983 -27.17559814
143 -154.3214264 -77.30008698
143 -139.4490967 -82.8817749
143 -101.9368286 -76.71133423
143 -95.1046524 -78.16829681
143 -117.155365 -90.24688721
143 -41.35980606 -42.95102692
143 -71.62902832 -74.87385559
143 -37.00586319 -37.29858017
143 -265.7077942 -191.7973633
143 -11.57426262 -7.47129488
143 48.92599487 10.33443832
143 -63.99983215 -91.88534546
143 -66.53176117 -63.78379059
143 -7.352674484 -27.95391846
143 3.592506647 -38.87929153
143 -308.3873901 -202.3947296
143 -277.6007385 -194.6462555
143 -305.8877563 -178.7783356
143 49.2400322 45.87955093
143 7.746162415 52.6162796
143 52.56495285 -0.6761599183
143 84.43066406 63.49648666
143 -11.98252201 -74.2542038
143 -14.72526836 -30.67537689
143 46.88983917 -20.77148438
143 -66.83135223 -78.28509521
143 -291.9492798 -206.7161255
143 -263.2838745 -190.828537
143 -512.4987183 -248.7327423
143 -273.9335327 -180.6458893
143 55.45939255 88.96377563
143 76.71302032 6.865285397
143 62.58813095 58.56602478
143 142.0584717 90.58198547
143 84.62232971 121.3332214
143 24.58878517 -123.891571
143 3.888932467 -9.13654232
143 5.001031876 -63.35111237
143 91.28863525 -0.2674652636
143 79.71601868 100.6954346
143 164.9809723 26.15702057
143 42.76266861 -5.329126835
143 31.3548584 69.89550781
143 203.9977417 32.31468201
143 177.1172028 151.3238678
143 72.82974243 58.44991684
143 -2.026151896 0.7621414065
143 102.8906784 1.549203277
143 104.8064194 7.098326683
143 92.20839691 126.4668427
143 36.4336853 39.82716751
143 -13.72696209 135.2041473
143 10.77623463 15.05811119
143 86.82713318 14.98582172
143 101.30513 -20.73066711
143 138.2944336 9.691176414
143 75.47794342 -59.58928299
143 88.03421783 146.0045776
143 7.202394009 63.52483368
143 83.55196381 24.3776207
143 -44.76034164 156.7707672
143 -11.57385731 146.7625275
143 12.51680183 8.335846901
143 77.89105988 -65.64302826
143 119.4041672 13.16651535
143 180.2993469 50.84563065
143 56.18048859 112.5235062
143 148.1421509 186.6095276
143 -49.9175148 87.18419647
143 -27.18739128 -10.80224514
143 113.3945312 -41.47106171
143 39.58718109 111.3690491
143 154.5013733 235.1474609
143 206.839798 219.4442291
143 0.4772579074 99.63786316
144 59.58646393 -176.0710144
144 76.44071198 -172.1489258
144 46.51694107 -153.4159851
144 125.9797058 -156.2342987
144 53.52153015 -129.616806
144 44.03583145 -83.37371826
144 1.09728384 -100.3925552
144 -25.56232834 -81.37734985
144 -38.77165222 -84.78035736
144 20.12397766 -71.9621582
144 -79.30519104 -125.9587173
144 -33.81506348 -57.11530304
144 33.91588211 -37.11487579
144 37.85506821 -68.91880035
144 -75.16753387 -143.1351471
144 -43.10591507 -29.67428207
144 -33.81900406 -55.51633453
144 48.30613708 11.9701786
144 73.37757111 -76.90995026
144 -87.22827148 -5.296776295
144 -29.04139519 -59.97702789
144 -24.0991993 -45.32848358
144 30.58435249 62.79794312
144 -8.180688858 -101.2071381
144 130.9890137 -72.45294189
144 -131.0162048 17.99052048
144 24.26470184 111.3427353
144 149.6312561 -117.2862854
144 -127.5875702 41.3256073
144 27.42102242 167.6330414
144 142.0104675 -134.8228607
144 -156.3527069 69.20835114
144 40.8564415 208.2647552
144 167.3749237 -149.7794189
144 -192.6646881 88.07021332
144 -159.1771698 100.6975555
144 56.43671036 194.5416565
144 46.17374802 233.7215576
144 153.9394073 -150.1607513
144 -230.7167511 89.30725098
144 -184.7182159 79.83104706
144 52.62791824 197.2033997
144 246.6403961 -156.5518951
144 -258.6700134 100.1213608
144 -208.4785767 68.52996826
144 9.376306534 186.8147278
144 196.7578888 -146.7427521
144 235.3867493 -156.6697235
144 -258.8353271 110.3011475
144 -240.882431 34.28231812
144 45.69398117 202.7399445
144 211.7596893 -169.890152
144 219.9759827 -133.7762146
144 -204.2276917 94.9434433
144 -270.5175781 131.8374023
144 106.9799347 225.7214813
144 218.6692963 -130.0821991
144 -176.581543 88.91915894
144 165.3312531 251.9399719
144 277.302887 -132.09935
144 -148.9914551 76.7648468
144 301.4200745 -141.9696503
144 -97.06700897 78.19998932
144 -32.96709824 59.98640823
144 -20.00974655 47.61194992
144 -7.149636269 46.1713562
144 -20.72733116 51.91910553
144 23.1159668 45.323349
144 -71.1513443 42.23606491
144 35.96235657 35.20393753
144 71.24352264 47.39387512
144 -28.29033279 63.69646072
144 -116.3144226 5.601485252
144 74.00164032 26.44618034
144 -133.1744843 4.840289116
144 -128.3193817 6.357755184
145 174.4161835 72.89983368
145 129.9917145 75.79301453
145 210.2726746 64.74217224
145 149.6167145 100.5193329
145 135.312851 110.4020081
145 127.3041153 131.8792419
145 111.2295685 17.71987152
145 120.561348 94.25408936
145 135.9375 128.9460754
145 96.30794525 126.3679504
145 133.6411896 139.5747375
145 165.3861847 171.8050537
145 46.15887451 -82.54153442
145 111.9611053 113.0021667
145 244.407074 175.3178711
145 103.7322617 131.8516693
145 159.9796753 147.1587982
145 218.3121948 196.6240082
145 -2.558320761 -163.5207825
145 340.1904907 208.1124725
145 42.42323685 125.1677399
145 178.4062653 162.7636871
145 -86.75769043 -244.6746979
145 401.2652588 249.057663
145 19.13275909 136.1074829
145 262.2277832 209.094223
145 -102.0679016 -294.1493225
145 -112.9403076 -268.7516785
145 56.14693069 153.7611694
145 30.68624496 131.346344
145 202.4936981 176.1803131
145 281.6902161 212.7260437
145 -98.18203735 -338.0338745
145 -111.1698837 -278.9985046
145 -179.2362061 -284.7545776
145 55.80720139 158.2271729
145 -1.145874381 96.81261444
145 353.5838928 246.071167
145 -104.4472427 -355.1592712
145 -71.68791199 -324.5806274
145 -115.8411636 -313.190033
145 -218.6321259 -293.2758789
145 22.20223808 141.2822266
145 -37.24131012 52.80399323
145 -32.18530655 100.993866
145 -55.13050842 7.384881973
145 -6.579582214 42.48760986
145 -59.96797562 84.840065
145 -78.06039429 -13.42365646
145 -20.30149841 27.95471573
145 -23.25317192 27.00842476
145 -114.1665268 37.23138046
145 -71.92893982 -22.19156647
145 -149.9680176 -64.67288971
145 -54.64865112 -15.00670338
145 -164.7485962 -8.598891258
145 -65.5860672 -53.84391403
145 -201.7310638 -81.96440887
145 -54.60835648 -42.61100006
145 -137.6569214 -37.77952576
145 -197.8520813 9.02753067
145 -64.2639389 -79.14069366
145 -263.6481934 -133.7865906
145 -76.34693909 -89.45135498
145 -121.1216354 -59.21191788
145 -80.57743073 -74.08454895
145 -220.6683655 -2.69370079
145 -282.5155334 -176.4354401
145 -103.1570129 -45.05666351
145 -49.59971237 -78.77270508
145 -89.13916016 -83.21523285
145 -247.7963715 -15.90329075
145 -239.5839233 -193.3986969
145 -252.0857697 -182.4268799
146 -131.2253418 27.08382034
146 -101.4897385 33.46897125
146 -88.91201782 31.2888546
146 -107.9061279 23.64432526
146 -86.21581268 103.6353455
146 -91.9068222 15.60447216
146 -131.8365631 43.92204285
146 -133.0683899 30.13924408
146 -52.52920914 24.13047791
146 -20.29159546 19.79739189
146 -110.3705978 78.85318756
146 -51.64665222 90.05910492
146 -99.1444931 133.0136871
146 -66.66829681 73.26361084
146 -192.113266 59.05593872
146 -104.953598 35.68618011
146 -86.97891998 56.89570618
146 -125.7709885 34.89212418
146 -40.70432281 28.64276314
146 -6.026464939 120.4324646
146 45.12619019 -15.3237114
146 10.88322258 -26.82205963
146 16.03035736 95.21120453
146 -104.8306122 99.22274017
146 -24.00813103 133.8008423
146 6.548141956 12.06836128
146 -84.84850311 148.0050354
146 -98.63766479 77.15552521
146 -23.93800163 81.17779541
146 -251.2663727 47.74966431
146 146.6539307 -23.59551048
146 -3.088154078 -8.535694122
146 211.1741333 178.1852875
146 -144.0529327 69.00365448
146 -40.08896255 24.5763588
146 104.5525055 -0.1700009555
146 -115.4960785 88.31017303
146 -310.8970337 13.52072144
146 -202.9455719 63.48799133
146 172.7530975 46.96216202
146 143.3796692 -59.38512039
146 214.1364136 -79.91951752
146 -3.092010021 1.170214176
146 136.6974487 -38.04824829
146 -199.4720764 41.49237442
146 -136.4436493 98.87325287
146 -353.3694153 -24.24777031
146 -406.9759827 -24.84316444
146 -209.525116 75.59542847
146 -227.0239563 90.26996613
146 -125.8472748 85.13492584
146 137.0621338 -81.5760498
146 141.713974 -134.9304962
146 205.5018005 -119.6564407
146 176.8196259 -86.9589386
146 37.59358215 -36.7085228
146 67.05232239 -174.5090027
146 184.2456055 -132.7524872
146 210.6019897 -136.6042633
146 243.1569519 -108.2485275
146 178.2454834 -77.86237335
146 196.2121887 -152.0483856
146 201.2685242 -154.8056488
146 236.6955719 -145.3204651
146 285.4580383 -120.4373398
146 244.3856049 -97.48487854
146 213.3963165 -73.64755249
146 238.2210541 -171.3652954
146 244.5974731 -171.4806366
146 245.4441223 -157.1954651
147 -74.67591858 -27.59628296
147 -107.706131 -25.71917534
147 -9.386329651 -30.73431206
147 -121.4952927 -44.89757919
147 -107.2552719 -37.99756241
147 -186.1334686 -34.46457672
147 -62.51896286 -29.16376305
147 102.3246841 -13.04934025
147 -135.6076813 -36.50863266
147 -64.23175812 -3.438980579
147 -199.8380737 -35.61693192
147 -148.7737122 -26.96004486
147 -155.0402222 -1.151411891
147 71.63503265 2.386190891
147 203.2675323 -7.546728134
147 -47.25681686 5.198489666
147 -235.4154968 -73.61588287
147 -148.6184235 -0.1516641378
147 -179.1277466 -61.34532928
147 -87.73524475 47.04572678
147 136.0572052 -7.299412727
147 117.7902145 5.605604649
147 -8.745941162 33.44711304
147 227.0534515 -10.6437912
147 146.4208374 -2.902708769
147 -10.13643932 -0.7192046046
147 -260.4231262 -110.9459076
147 -71.35566711 22.08592415
147 -91.63158417 22.04061508
147 -65.91068268 38.41830826
147 169.2391205 -5.003517628
147 164.0485687 49.27278137
147 174.4765167 24.65458488
147 -35.26462173 42.26232147
147 243.876236 -47.4938736
147 239.8498077 10.13536167
147 -60.93126678 11.83386421
147 -156.1456604 -20.02969742
147 -51.89732361 61.26618958
147 12.72618675 18.78009224
147 139.4634247 39.22040558
147 160.4991455 20.92946625
147 200.3272247 47.67379379
147 275.4433899 -77.54191589
147 217.0509644 -56.63262939
147 -91.29530334 5.928713799
147 -101.3001022 17.60567474
147 -159.9699707 -8.653759956
147 -93.5826416 75.01419067
147 31.40453529 74.47083282
147 62.93325806 -0.6149245501
147 133.2212677 26.45399094
147 189.1289673 9.64682579
147 200.421936 16.04493141
147 272.8276978 -102.6141968
147 236.9955597 -68.19358063
147 -94.95946503 6.848280907
147 -118.1611176 2.112506151
147 -114.8924713 16.02702522
147 -128.97789 19.12141418
147 -150.866333 -14.58842754
147 -102.7046127 46.77235413
147 -104.463623 104.78022
147 15.94950104 100.7519379
148 56.60873032 33.43303299
148 81.21456909 26.70340729
148 57.84246826 9.432941437
148 155.1331787 8.839993477
148 62.90278244 1.208855271
148 4.105157375 21.94022751
148 114.4866028 -7.763921261
148 165.8506012 -2.898968697
148 134.1000366 -1.867106438
148 101.4156189 -1.317870617
148 17.41877365 41.88430786
148 -16.3570652 46.87261963
148 -5.598543167 -13.90098763
148 -37.04046631 -4.154691696
148 130.4023285 1.898930669
148 165.5518188 -3.576932192
148 128.7709961 7.045226574
148 144.8251801 -15.37917805
148 82.24769592 9.680018425
148 -3.206246376 44.37438583
148 9.58278656 61.57423401
148 -9.623912811 62.07174683
148 -14.80925846 23.16638565
148 -25.41485596 -26.97133827
148 9.228258133 -46.39074326
148 14.98846245 -6.915735722
148 16.66761589 10.55831909
148 -109.5014267 -3.532946348
148 138.2913361 8.091883659
148 234.2750397 -11.83017254
148 193.7062378 18.54751968
148 1.290419221 73.46374512
148 -18.95110893 44.3073082
148 28.69500542 84.33724976
148 -33.31354523 24.394804
148 4.831499577 49.37458801
148 -5.030238628 -58.2233429
148 21.10286903 -72.05067444
148 31.2087059 -32.88923264
148 -70.57833099 20.92261696
148 -147.1489258 14.12680912
148 208.987381 17.73644066
148 -6.434037209 69.34815216
148 -15.19818687 31.89157867
148 -8.350129128 -73.47318268
148 58.15695572 -68.70008087
148 68.84912109 -48.59866714
148 -152.6107025 40.44061661
148 -99.97712708 -32.88819504
148 -129.1263885 45.40379715
148 243.8798523 11.30993748
148 -47.80332947 67.24427795
148 -39.70053482 -63.07228088
148 95.75824738 -60.01503372
148 83.58045959 -132.3131256
148 96.44298553 -55.97597885
148 -168.5206757 57.19856644
148 -175.9428406 48.11178207
148 -172.0292511 -19.84394455
148 -54.73087311 -58.46879578
148 -84.04252625 -64.7374115
148 -88.79641724 55.74728775
148 -191.7799377 34.62764359
148 -27.8585186 54.20773315
148 -69.47097778 -57.15867233
148 -81.96082306 -71.73609924
148 115.4817429 -159.7095032
148 -208.2307739 60.92770004
148 -200.570755 58.6002655
148 -206.9113464 48.0971489
148 -84.70819855 -75.96996307
148 0.1479467452 63.6380806
148 -114.7045212 -89.66126251
148 123.1980515 -193.8084717
148 -243.0773926 67.06266785
148 -232.1172791 55.94968414
149 -151.6331024 -66.80015564
149 -146.9150391 -22.32408905
149 -140.3014832 -59.84022903
149 -163.6298828 6.782173157
149 -62.49110031 -28.97520828
149 -102.7289429 -22.67345619
149 -151.8278351 -56.05070877
149 -52.05359268 -21.70140266
149 -9.398720741 -36.82078171
149 -72.41112518 -18.73788071
149 -12.33974075 -23.63622856
149 -55.89607239 4.553608894
149 -102.1758423 -23.4936142
149 5.603562355 -43.8775177
149 -66.7518692 -29.28209877
149 -26.50227547 -5.624825478
149 -18.08544731 -29.74725914
149 -6.423847675 -18.60492706
149 -59.47557831 18.349226
149 -99.82956696 -25.83418274
149 31.9861412 -45.97649765
149 -46.85274124 -29.71413803
149 79.91049194 -28.92174339
149 42.51572418 -13.87873363
149 -19.05062866 -15.84615993
149 10.09354973 -15.74289989
149 -10.65548611 -23.56183243
149 -14.59032059 -10.93455505
149 -62.58290482 31.24327087
149 -119.0413132 58.29268646
149 -59.93808746 21.98466492
149 58.21194458 -43.72475433
149 -27.07350922 -40.81570053
149 188.5642853 18.23164749
149 45.78276443 -37.01677704
149 107.3872833 30.55862236
149 -15.56843185 -17.03477669
149 5.190490723 -20.40229797
149 40.5141983 -3.295107841
149 3.639937401 -4.908308029
149 -52.1316185 12.4576149
149 -150.3549042 44.06370163
149 -140.5208435 100.2884521
149 95.27815247 -13.82085705
149 22.83616829 -42.73390961
149 210.2675476 -20.79784775
149 274.7631226 68.20311737
149 151.906311 -29.83563805
149 136.7324829 57.19194412
149 133.2475739 17.75505829
149 31.25798416 9.054109573
149 89.6386795 4.480904579
149 -10.51234913 6.460152626
149 -29.18680573 3.9874928
149 -221.8784485 41.50424957
149 -117.9356613 86.43305969
149 -174.7355499 88.00327301
149 125.2818604 -5.078380585
149 218.0909424 -51.6624794
149 189.5979309 -40.28895569
149 160.7045593 77.37101746
149 162.5827332 31.41770935
149 25.30642128 20.03995705
149 69.97184753 11.71244907
149 184.767746 40.06019211
149 41.43517685 6.247317314
149 -7.013295174 17.69966125
149 76.80347443 -0.2537237704
149 -43.42277527 5.317508698
149 -4.424437523 35.00437164
149 -13.50495243 -0.5535274744
149 -1.544836402 -15.17292786
149 127.0136414 2.648678303
149 -75.55717468 44.73370743
149 29.27567673 -7.39742136
149 -5.081023693 -17.53465271
149 -102.8695221 63.2951355
149 -149.2615814 45.50246429
150 -107.658493 -166.6703949
150 -124.7987518 -153.9979248
150 27.76915932 -117.9662399
150 -107.8805313 -79.76651764
150 23.79666901 -212.9472046
150 -47.1272049 -151.655014
150 11.18575382 -84.61948395
150 -101.4925537 -92.18434143
150 -69.45436096 -23.90936661
150 -83.67842865 -53.73981094
150 28.43973351 -242.9159088
150 15.5406456 -246.0207062
150 -82.79724121 -190.9102325
150 18.78333855 -32.45412064
150 -166.1057434 -114.2468185
150 -51.6826973 -26.64828873
150 -116.7872696 -40.88423538
150 -6.005864143 7.073741913
150 -39.02365875 1.678714752
150 -60.20707703 -16.62666702
150 -11.24383545 -206.8529663
150 6.581956863 -10.79450321
150 -32.40677261 -48.28404236
150 -12.37816715 51.94128036
150 -87.73305511 4.319888115
150 -57.47907639 -32.33698273
150 22.21276093 84.36136627
150 15.08865261 24.83771706
150 7.840897083 -123.5327835
150 -52.67705154 -5.545026302
150 -32.10902405 -46.51246262
150 -123.5536499 13.98726368
150 -75.42436218 -95.82146454
150 -120.8345261 -84.99531555
150 -42.77968979 70.0164566
150 113.8989563 133.6961517
150 153.9853363 162.6853485
150 25.89250183 -0.6238975525
150 80.7736969 104.3664551
150 26.42037201 -38.0392952
150 48.343647 -89.9801712
150 -104.4192886 8.717796326
150 -103.9723206 -59.37244797
150 -26.79164124 -27.11574745
150 -29.32867622 -92.50752258
150 -121.9160004 53.78913116
150 -68.89299011 -113.3925781
150 -114.1885376 -101.7087173
150 -152.8936768 -116.2661591
150 -14.72933292 97.81340027
150 109.8758774 187.3529358
150 139.698288 163.0637054
150 201.5626678 169.8362579
150 203.9400177 209.9108887
150 158.850769 202.7620087
150 233.6308899 162.1651764
150 28.79813576 -43.76591873
150 -10.79045868 -10.70714569
150 -177.8171844 45.86046982
150 -212.6432648 46.64306259
150 -82.28809357 -115.6631317
150 -122.8866806 -137.804306
150 -27.02489853 130.4378815
150 98.00505829 174.3893127
150 126.2597733 170.8117981
150 150.9060669 234.3664551
150 171.5528107 163.3573761
150 171.6232147 234.3209381
150 187.0754395 218.5962219
150 265.0430298 168.0839081
150 310.5249329 148.542984
151 -178.8192596 -30.35734177
151 -140.7497101 -35.1822052
151 -101.1706848 -7.07362175
151 -70.67390442 4.120201111
151 -58.89078522 34.98452377
151 -32.4336853 -22.13140106
151 -21.86255836 -5.766747475
151 9.151795387 47.61296844
151 -75.84284973 30.31117821
151 -25.83004189 -44.67910004
151 -32.75678635 -6.824467659
151 -60.33295822 13.29445934
151 -56.06498337 12.10254669
151 42.38959122 -30.05028534
151 -63.96287537 -54.35263062
151 21.78945541 6.768414974
151 -63.12571335 -18.46497536
151 -38.37740707 -0.160684824
151 15.21903133 -57.37553787
151 71.7341156 -17.01122475
151 69.87355804 -23.79492378
151 57.40194321 -5.180500031
151 -8.14041996 8.755296707
151 -107.9577103 -26.86240578
151 -85.39547729 -17.79837799
151 -26.37372971 -22.21385765
151 -53.21349335 -14.44027615
151 36.50682449 -55.81504059
151 11.61812782 -64.21907806
151 119.4917374 -40.40038681
151 64.85961914 -2.188094378
151 71.84940338 -31.93766022
151 169.0305786 61.67076111
151 -25.95902252 10.83025074
151 -125.0509796 -38.20262527
151 -21.03851128 -6.334899426
151 56.83591843 -59.60481644
151 10.39086151 -65.45327759
151 88.22119141 -52.72912979
151 46.51608276 9.880555153
151 160.6278076 56.34107208
151 4.618120193 20.08083725
151 27.2567215 13.2776165
151 -1.612377405 -3.78959322
151 -25.97152328 21.88143349
151 43.35551453 -55.11423492
151 25.4990139 -19.3545723
151 0.8590397239 52.15915298
151 -4.669908524 15.81307507
151 24.2339859 5.251521111
151 -22.53445816 8.299904823
151 -40.61456299 24.29462051
151 -3.750047684 25.82027245
151 -3.175550938 -15.47644234
151 36.04805374 -24.29271698
151 28.98583221 61.14974976
151 -31.79323769 102.135994
151 22.67134857 64.65944672
151 -6.454289913 -2.72197175
151 37.72933578 37.63768768
151 4.730065823 33.37241364
151 -45.29965973 -0.07033281028
151 2.012566805 31.99389076
151 34.31879807 -57.54042053
151 43.30633163 5.992664814
151 55.13357544 -10.1213913
151 36.66119385 62.36283493
151 17.8016243 15.95319366
151 15.14490509 -2.145261288
151 60.28487778 39.41868591
151 15.74486065 60.36201477
151 -0.003983422183 48.64337921
152 28.02947235 -60.2662735
152 41.95331192 -72.56054688
152 32.3788414 -53.72640991
152 33.27627182 -38.98114395
152 41.03143311 -77.54176331
152 45.79971313 -8.837787628
152 -0.4356291592 -81.31726837
152 0.6614413261 -53.38296509
152 41.13150406 15.46077728
152 33.1966095 -66.00839996
152 93.23952484 10.57636929
152 -17.60526276 -91.82994843
152 -6.212241173 -95.31985474
152 -43.30526352 -94.00236511
152 -27.11557961 -69.3368988
152 72.92766571 41.16572952
152 -7.532574654 24.42876434
152 16.19484138 -49.41412735
152 81.19612885 63.17971039
152 11.85444164 -72.09609222
152 -15.45933628 -80.68370819
152 -14.94244766 -89.53510284
152 48.54948044 30.31182098
152 79.92681122 70.81307983
152 -13.16404724 62.2503624
152 -9.420045853 12.16436672
152 -11.76132393 64.56224823
152 2.246042252 -19.20247841
152 -2.608639479 -70.83831024
152 17.02236748 -24.04692268
152 156.7937622 107.5203323
152 26.28100967 52.00478363
152 13.63883781 -87.88938904
152 -45.48486328 -26.5404644
152 -9.514590263 -24.15211105
152 -99.88393402 -109.8816299
152 -28.60069275 -91.00778198
152 -8.831678391 12.4693079
152 -13.36584091 95.91760254
152 1.80505991 123.4428635
152 -45.47475815 0.06944537163
152 -18.72397232 -4.930375576
152 34.54675293 9.149736404
152 -14.36022472 87.56224823
152 3.835212469 2.240580797
152 -28.46100616 33.27464676
152 -15.91923809 49.3423233
152 42.74230957 8.774263382
152 21.34937668 -32.84095383
152 21.42478943 -100.8838272
152 -9.693288803 -4.265643597
152 -61.77173996 -39.90310669
152 -16.65641594 -21.51548958
152 48.56220627 -12.42805099
152 -140.3607178 -129.3224182
152 -72.36388397 -99.68885803
152 -12.37373924 22.65763283
152 -66.36759949 122.5868454
152 -3.295950413 63.29552078
152 -16.05522537 135.8003998
152 -12.93206215 19.65145111
152 24.39429474 79.82778168
152 -2.994422197 93.44156647
152 37.89255524 -12.55935383
152 -36.33390808 44.07546234
152 -37.25030899 30.04109573
152 8.50297451 64.86963654
152 -11.23096752 37.72634888
152 -4.095807552 -127.2682114
152 28.22438049 16.46990776
152 -57.03905869 -27.51028633
152 60.21868134 -88.37409973
152 9.592289925 9.137478828
152 88.03991699 -16.62723351
152 43.59020233 5.359786034
152 -188.0686951 -141.4382324
152 19.81313896 61.60903549
152 -70.78140259 148.3508453
152 14.9813261 59.4902153
152 -13.3875227 166.7570343
152 -67.16633606 27.79821014
152 7.569002151 135.6597443
152 22.18423462 95.11486053
152 -58.19599152 51.55289078
153 70.4241333 -24.75872993
153 42.86669159 -35.87947464
153 95.13674927 -18.33292961
153 56.92263794 -30.38616371
153 90.2694397 -0.6688786745
153 6.273245811 -19.12244225
153 123.8191986 -26.42951202
153 43.49050522 -5.522655964
153 10.4563446 -32.04626083
153 19.07313538 -7.145762444
153 -83.98736572 10.35339832
153 120.5591049 3.943581581
153 106.0024109 -49.50107574
153 170.3820343 -36.12342834
153 9.165574074 -6.537480354
153 -81.97011566 -5.615732193
153 -103.5050659 0.1704041064
153 64.69451904 17.52965164
153 70.37749481 -58.46635056
153 17.0525322 -7.456873417
153 -102.9458084 -13.27633953
153 -92.37993622 -9.753095627
153 -146.1984406 11.90540886
153 81.32859802 25.3756218
153 107.9294815 41.00470734
153 -80.69032288 -30.63784599
153 -105.2602844 -36.78067398
153 -158.4823761 25.95439529
153 -201.2581177 45.8352623
153 -157.1531525 -36.22061539
153 147.0529022 73.68959045
153 -155.5857239 -67.77922058
153 -93.31547546 35.18378067
153 -257.0247192 7.692603588
153 -218.5236664 94.22505951
153 -223.073761 -84.46731567
153 178.4827118 77.11644745
153 204.7313385 106.510788
153 -165.9294891 -105.5060959
153 -181.3180542 -72.29611206
153 -160.6181183 -90.10185242
153 -24.89742661 59.57790375
153 -254.4654541 -1.517619491
153 -305.4583435 14.32858181
153 -279.6885986 -1.049294233
153 -251.6066895 118.4423981
153 -239.3978119 123.4265137
153 -372.0579834 74.0512619
153 -247.7795868 -126.7335052
153 -292.1795349 -105.8850327
153 314.3609619 154.1965485
153 235.7566681 133.6052094
153 -230.3257599 -73.57719421
153 -243.6221619 -135.4125671
153 48.5151062 65.50975037
153 -263.9708862 -16.97909355
153 -322.7815552 -123.512146
153 333.6494141 142.1887665
153 262.7483521 131.8703156
153 -295.0306091 -112.4867783
153 -267.4045105 -137.5479584
153 151.0121765 85.23846436
153 -330.2550964 -155.0850067
153 392.6753845 163.3813629
153 319.7706604 156.2306213
153 221.7651062 85.8192215
153 160.3390656 86.70740509
153 124.1037979 76.07405853
153 405.9242859 220.0854034
153 247.1755219 66.33638
153 154.0171661 90.0559082
153 82.81318665 29.68338203
153 108.2103195 86.08177948
153 204.0390625 73.29208374
153 51.58395767 -7.004843712
153 90.51002502 109.4266891
153 161.4857788 60.67279816
153 94.50658417 -30.43256187
153 77.05404663 -13.96010017
153 -30.40911484 -37.09784698
153 19.6581974 -43.59947586
153 144.9285431 -27.95048904
153 86.13279724 -28.68662834
153 -37.9689064 -37.91297913
153 -56.83724213 -49.30423355
153 -3.454691648 -41.78169632
153 -16.29360199 -45.4287262
153 161.4941406 -11.70597649
153 173.5413055 -61.19858932
153 -34.00272369 -27.56391335
153 -20.3757 -41.60004807
153 -69.5993576 -46.26615906
153 -47.69483185 -36.98841858
153 -32.38970947 -43.17645264
153 167.9298401 -5.934041977
153 228.066925 -46.16451263
153 227.9722595 -66.12825775
153 169.6622467 -65.50297546
153 -9.19616127 -28.30506516
153 21.84889221 -60.27339935
153 -20.94160843 -28.20162964
153 -17.73204613 -23.31847572
153 -53.25161362 -35.9403038
153 -1.541259289 -13.46118164
153 -42.0738678 -41.01387405
153 15.5579195 -12.14227867
153 -11.39631939 -24.12895966
154 -56.41162491 12.86014462
154 -60.92960358 -12.55996895
154 -44.50188065 66.8323288
154 -62.27492905 -0.8032767773
154 -6.276183605 21.18932724
154 -82.13336182 70.83342743
154 -23.14082718 123.8795776
154 -52.64406967 -2.376842737
154 -48.32658386 -6.51371479
154 -71.80007935 69.83668518
154 12.77168274 181.3905792
154 -85.02159119 -53.79517746
154 -36.29623795 110.4617538
154 29.00373459 169.8538055
154 44.43122864 179.4795532
154 -30.76887894 -35.42338943
154 -75.32471466 -112.1783447
154 3.962547064 144.6193695
154 -8.12416935 159.6118927
154 44.64717865 126.9554901
154 77.34927368 224.8587494
154 9.851006508 161.3431244
154 -28.6225071 -29.57108116
154 -155.3113708 -152.2792969
154 -28.83853149 -138.0021667
154 -55.95573425 159.6492767
154 101.6843185 175.4250488
154 8.394884109 72.89835358
154 122.3416061 259.2407227
154 -20.96465302 8.798463821
154 -267.8975525 -198.7395782
154 7.854442596 -155.7006836
154 106.4822769 171.6920776
154 134.8362274 188.1200714
154 -30.98964882 25.71136475
154 42.34436417 -139.6757202
154 7.923569202 -98.0168457
154 -20.47168541 -250.0639343
154 -97.14385986 25.53395844
154 -93.19095612 -13.64960003
154 -27.38676071 -26.96480179
154 65.40370941 -112.3166351
154 42.22700119 -137.1480408
154 -5.089265823 -285.5731201
154 -146.6153717 57.64047623
154 -71.2624054 -6.919088364
154 -89.79022217 -38.92606354
154 -68.80152893 -34.2936821
154 19.64372063 -129.0605164
154 66.68489075 -188.8932037
154 116.7911148 -153.4813538
154 -69.6159668 -17.56526375
154 244.3085175 -181.2440033
154 336.6541443 -156.2765656
154 376.3304443 -100.7035828
155 -77.86335754 -109.6839981
155 -95.64722443 -142.9114838
155 -56.93554306 -115.8491364
155 -111.2370682 -90.62505341
155 -98.92643738 -166.539093
155 -128.7727356 -150.2773895
155 -84.02055359 -45.00698853
155 -62.90497971 -38.86109543
155 -138.9797516 -198.0640259
155 -170.7206879 -198.1916962
155 -73.73628235 -86.54236603
155 -19.14045525 6.174019337
155 -31.85856247 -10.54285526
155 -212.3512878 -193.5182495
155 -101.7537613 -210.4364014
155 -196.0661163 -204.0166473
155 -100.380043 -194.4152985
155 -202.1878357 -232.2522736
155 -144.3722992 -127.3966522
155 10.12943363 31.90598869
155 -32.32517242 0.2683490515
155 -39.72933197 2.683725119
155 -116.5701294 1.326637864
155 -29.16447449 31.40768623
155 -161.656723 -152.0975342
155 -141.733963 -210.6790619
155 -15.78294182 -177.5120544
155 87.35551453 47.51776123
155 -22.28031921 5.08012104
155 74.29125214 92.72303009
155 37.92956161 42.26286697
155 12.05665874 93.54271698
155 -122.5003815 2.630161047
155 -155.8759003 -187.8486481
155 -216.6488953 -254.1602173
155 -48.7215538 -146.3223572
155 106.3531952 112.3216095
155 91.92376709 93.47409058
155 50.44746017 93.84073639
155 59.47843933 86.49554443
155 34.23350525 115.4690933
155 -108.4127121 -15.34188175
155 -117.3153229 10.95225906
155 -93.37540436 14.94862843
155 -105.9064407 -18.91963196
155 -7.567780495 -159.5193024
155 -18.99035072 -123.6486053
155 153.848114 156.9764252
155 137.9283142 82.98256683
155 104.1079483 134.906311
155 90.91542053 113.9635162
155 156.5711975 119.8477402
155 73.76542664 104.2619934
155 -17.24642181 98.5276413
155 203.2592163 239.9068909
155 134.7513275 161.0643616
155 78.1167984 128.1385193
155 233.989502 133.1832886
155 181.0360413 113.0459366
155 152.7694702 215.1103363
155 231.3751221 250.2285004
155 225.046463 240.9123993
155 128.7495422 177.4517517
155 171.9551849 203.3086243
155 170.536026 121.0786438
155 258.1133118 147.9277954
155 228.6257324 133.3316956
156 -104.3590851 -288.9429932
156 -94.49963379 -282.1556702
156 -97.18438721 -245.9656677
156 -70.53916168 -293.2955933
156 -84.46308136 -197.6109619
156 -0.0771214515 -243.5058746
156 -75.08748627 -334.5661011
156 -102.7801666 -142.0337372
156 -100.2669754 -375.7032471
156 -119.6577606 -108.2785187
156 -73.47266388 -104.2462234
156 -93.92780304 -45.21328354
156 -180.9169769 -163.4609375
156 -70.00431061 -111.491951
156 -44.76556015 52.6073761
156 -193.6020355 -181.2322998
156 -52.14158249 -140.0041504
156 -83.37016296 -74.06100464
156 1.772036195 52.6089325
156 -33.86079025 77.05968475
156 11.92038345 64.657341
156 -101.5832596 -141.6435089
156 -40.4105835 -93.00894165
156 -85.96429443 -24.71392632
156 44.30574417 52.83140945
156 60.98821259 92.02544403
156 -50.85070801 -42.08486938
156 -58.27253723 31.87576675
156 90.90589905 49.98360443
156 127.4182892 108.0639954
156 -96.99067688 25.49769402
156 -46.76689911 53.95692062
156 99.66191864 58.23028183
156 103.5015411 33.40980911
156 192.0115356 113.1157303
156 116.9473267 139.696106
156 196.5699921 114.337059
156 -79.52062988 59.38552856
156 -137.256485 18.4180336
156 -29.92240906 78.80349731
156 -77.38230896 67.2662735
156 77.45708466 70.10332489
156 138.9997559 48.70412827
156 134.1612091 12.92113876
156 290.0323792 137.0332031
156 203.7410736 133.3294983
156 204.5754852 129.8023071
156 -117.7785416 75.32129669
156 -58.73435974 60.61612701
156 -155.8627319 22.59624672
156 -49.05141068 94.74495697
156 48.88001251 68.85945129
156 148.66185 7.117097855
156 150.6636963 6.620306492
156 392.089325 169.2891083
156 256.9238281 163.9082642
156 -197.5963135 60.67923737
156 -15.1562252 94.86261749
156 -156.4673462 24.57841682
156 -23.39118958 95.36006165
156 30.41245461 94.7210083
156 27.35723877 92.78261566
156 -2.459446669 116.1189194
156 2.908980846 88.03295135
156 112.5743713 83.38214874
156 -17.24132347 107.7581711
156 1.017124057 106.6619949
156 7.177061081 123.4847794
157 -13.36005688 158.068573
157 -9.63657093 176.9768066
157 18.7173748 100.3851089
157 58.23160172 126.4871292
157 -15.4026041 157.0690155
157 2.491459846 192.676178
157 42.4237175 85.04868317
157 101.0635986 46.83256149
157 24.24269295 78.30851746
157 25.09238243 167.2850342
157 17.93217278 201.4108429
157 21.61591911 65.89330292
157 58.75098419 84.87834167
157 117.578949 13.15006256
157 -21.55842781 54.77758026
157 29.3829155 181.8254089
157 -5.517669678 157.0413818
157 1.739238501 74.52610779
157 48.81555557 -17.39778519
157 -53.68017197 46.15158081
157 57.09502411 181.2172089
157 -19.02226639 122.1933136
157 26.06339645 173.1534729
157 -22.98434639 52.12106705
157 80.60829163 -9.120353699
157 58.36369705 -5.340272903
157 12.92254257 -0.4838705659
157 65.9787674 -121.5085144
157 -76.66649628 7.51167345
157 2.733551264 126.3437347
157 -59.14466858 31.08267021
157 73.44096375 -36.04009628
157 70.28670502 -3.681204081
157 -17.53890419 9.337563515
157 84.77599335 -159.737381
157 91.70520782 -84.04067993
157 63.1689415 -171.0083923
157 -121.1636124 -23.53166199
157 -54.77919769 43.98249435
157 56.60886383 17.55796432
157 -53.3164711 -7.142080307
157 -41.62731552 13.46708679
157 -39.13972092 2.488822937
157 82.67429352 -182.2749634
157 101.063118 -169.2465668
157 174.543335 -96.15196228
157 -13.57365131 -185.1480408
157 70.69122314 -168.3962402
157 -60.34622192 47.40422821
157 -106.7142868 0.8140969276
157 -38.78514481 -198.822876
157 92.48126221 -164.8161621
157 -48.13096619 21.03612328
157 -78.44562531 -231.5968628
157 -24.562994 17.519907
157 -131.2758026 -234.6114197
157 -79.10393524 -251.8498383
157 -44.24412155 18.27157402
157 2.254086256 -23.04814911
157 -1.902429461 56.79922104
157 -142.3079071 -201.7819366
157 -28.19497681 20.50071144
157 -11.52714252 41.40986252
157 45.30862808 -39.66472626
157 11.8681078 69.85002136
157 -9.147691727 75.25532532
157 -163.2336578 -203.8154449
157 -7.585372925 11.01772118
157 35.5768013 -52.84767914
157 32.00162506 -38.86894989
157 -7.099728107 87.83444977
157 -192.3618011 -170.2760315
157 -175.5427551 -132.208374
157 15.9148035 -73.31685638
157 32.54779434 -65.67137909
157 -20.13116264 106.4843979
158 194.2661133 48.60985947
158 218.8186493 36.1360321
158 163.917099 51.95001602
158 147.9717712 63.55504227
158 126.7226715 46.28825378
158 102.8321915 102.4046936
158 83.01341248 49.02090073
158 148.2518921 48.8144722
158 69.35134125 133.3052979
158 30.0784111 -6.37816
158 95.4690094 64.52451324
158 134.1611176 89.87689972
158 141.53125 55.32000732
158 220.394577 60.62749481
158 9.130530357 147.0128479
158 62.97702026 137.8348541
158 84.25219727 112.7129288
158 127.82901 74.5398407
158 19.43578911 26.0075531
158 132.7222443 94.89705658
158 33.60113525 -12.12798977
158 144.3876038 35.34032822
158 -13.8241539 136.95961
158 42.82251358 130.3687592
158 86.87857056 132.3712311
158 171.7135468 130.8103638
158 128.1020966 113.1585922
158 -3.532455683 8.405545235
158 -28.24270058 -29.98246002
158 -57.57327652 -70.82634735
158 92.06376648 -4.844820976
158 169.5308838 90.69104767
158 31.93541527 137.2087708
158 27.9259243 141.9763336
158 94.76441193 139.4271088
158 86.73651123 91.65934753
158 86.00745392 118.6762772
158 26.30995941 17.46150017
158 -76.94608307 -40.94549179
158 -41.90736389 -43.361866
158 -192.4922028 -162.43573
158 80.77740479 141.868103
158 14.09486294 131.953537
158 101.15448 152.7656555
158 25.85968971 28.55430603
158 -124.8728485 -57.31170273
158 -115.9782257 -58.30243301
158 -104.8079529 -36.34308624
158 -58.06070709 -94.63643646
158 -196.2588043 -156.0685883
158 -223.9992828 -151.5540009
158 -157.6651001 -180.184021
158 9.017150879 25.82346153
158 -124.1700134 -66.32443237
158 -208.5267334 -76.28783417
158 -171.3165588 -75.50396729
158 -172.7294006 -48.56172943
158 -27.37682343 -94.50443268
158 -95.81056976 -105.7856369
158 -41.1281662 -99.56716156
158 -267.4924316 -190.6850891
158 -170.4666748 -205.8047333
158 -176.6794281 -212.0096588
158 22.01795197 -112.6319885
158 -106.9411087 -129.3189545
158 -132.2386627 -105.5424347
158 -41.69496918 -101.5588226
158 -292.4919739 -189.0420074
158 -161.1818542 -208.6024933
158 -202.4207001 -221.8839111
159 4.89048624 44.17549133
159 21.38940811 31.70058441
159 11.67057991 4.429745197
159 -2.023652554 -1.960526824
159 -1.188229322 20.9577961
159 40.78655624 9.493181229
159 0.5637332201 -44.96633911
159 -14.70787334 14.83211136
159 13.16946602 -84.69431305
159 -74.5504837 6.032289028
160 23.23853683 4.166442871
160 93.52878571 27.44504929
160 -59.16133881 -1.128674626
160 47.78292084 7.099711418
160 106.5877762 21.17649841
160 152.7118073 31.70468521
160 -167.6677856 -61.42892456
160 -68.92683411 10.09249878
160 48.33315659 4.290323257
160 23.05247498 -10.46008492
160 151.7086029 17.5065136
160 69.56332397 22.42252541
160 78.95128632 -5.572418213
160 -295.078064 -117.5675735
160 -159.5318604 32.67379761
160 0.420126766 46.96511459
160 39.62025452 2.917760611
160 58.86751175 1.270501137
160 67.30935669 19.72806168
160 83.71630096 12.41731167
160 159.4069061 37.19588852
160 137.2264709 27.24505997
160 24.35708046 43.86400604
160 37.4190712 0.7101693153
160 52.37927628 -1.847617865
160 -295.9687195 -166.9145355
160 -301.1120911 -60.40567017
160 -268.8870544 -203.2926025
160 -241.6724091 -1.433814764
160 16.9465332 -14.67595387
160 71.59514618 -11.0496664
160 57.02804565 17.65534782
160 141.1982269 40.2140274
160 181.4456787 23.89771461
160 94.8279953 22.72005272
160 172.1614838 52.26032257
160 57.81694031 20.73478127
160 28.8712101 -6.332818031
160 41.00661469 -1.655477881
160 49.77941895 2.136595011
160 -280.8282471 -28.44118118
160 -309.7285461 -58.49468231
160 -330.4681396 -3.810823441
160 -0.7373253107 -28.89824867
160 71.1419754 8.569857597
160 23.97316551 11.60434246
160 146.27771 39.93798065
160 148.5461731 24.54579544
160 183.690506 20.04618073
160 197.8776855 39.51284409
160 132.6512146 -8.163982391
160 107.8945465 17.56278992
160 225.0804443 49.06604767
160 68.17046356 2.132888079
160 29.90517807 5.762468338
160 48.51303864 3.550614595
160 34.66520309 15.83831501
160 -267.4283447 -18.33019829
160 -323.8046875 -3.443958521
160 -278.0057373 32.31177521
160 -360.727356 -0.8712273836
160 17.6221981 -49.91244507
160 78.14720917 7.60598135
160 23.9239006 28.59525681
160 -76.98056793 -1.383352041
160 179.7762146 8.361562729
161 -243.5485687 -121.400589
161 -187.1199036 -81.61358643
161 -295.3883362 -130.2546082
161 -160.3923035 -60.09160995
161 -167.187912 -62.71432877
161 -352.2809448 -138.9597168
161 -184.1171417 -40.93016434
161 -164.0427094 -65.05155945
161 -150.08815 -67.98588562
161 -323.7823181 -127.0615387
161 -177.103653 -26.59394836
161 -148.2596893 -58.32958984
161 -308.6647949 -74.31435394
161 -234.0395355 -130.9884033
161 -214.8759613 -20.87205887
161 -112.7479553 -33.03860474
161 -322.1264038 -44.40113449
161 -105.4176102 -96.42856598
161 -249.8959656 -40.86883163
161 -62.91057205 -18.90774155
161 -110.3861923 -44.03292465
161 -339.775238 4.944258213
161 34.41335678 -69.76915741
161 -16.88318253 -10.97527409
161 7.913759708 21.72543716
161 -72.07452393 35.91196823
161 -70.83399963 -25.11354446
161 150.4479828 -44.65462494
161 41.3740921 31.02294922
161 -44.21721649 0.4383544326
161 119.6263885 69.01981354
161 17.27374268 2.039936304
161 -64.49651337 -0.8200803995
161 160.7891388 -23.80856895
161 184.1004944 -51.84801483
161 100.5314178 46.05902481
161 34.42381668 19.92020607
161 -22.897995 -16.97283936
161 77.62128448 34.2709465
161 144.6781616 89.17205811
161 193.300827 18.43431282
161 198.3738098 -50.3859024
161 102.3844757 20.81807518
161 131.6654358 -10.16922092
161 48.74951172 101.7216568
161 172.0035248 133.8920441
161 153.350235 19.94931412
161 194.9064484 36.11624908
161 60.16118622 -8.106379509
161 97.91142273 30.06063271
161 187.5131073 -2.144224644
161 171.9281464 -5.937856674
161 -23.5442028 166.0389709
161 228.3141022 142.2317657
161 197.2351837 164.4627686
161 225.8292847 -8.84168911
161 247.7925568 32.44834137
161 138.5215912 14.32211781
161 213.2672882 73.88156128
161 15.29057693 -14.99947166
161 57.69857025 5.027013779
161 148.6922302 44.56569672
161 68.80290985 31.84792709
161 153.0613861 -3.83842659
161 180.4322052 -1.753824353
161 113.9889984 -25.53881645
161 -19.57061768 181.9047852
161 -62.77901459 190.1318817
161 237.0799408 98.13762665
162 45.51605225 18.77075386
162 54.71494675 15.19170284
162 13.38964176 23.83085632
162 39.07295609 1.187007427
162 -46.19737244 -0.4632790983
162 -32.22275543 -30.18242455
162 79.57591248 16.27195549
162 -40.17149353 17.25451469
162 -69.4956665 -3.973191738
162 -44.18225098 -57.88793945
163 -79.03824615 -27.37475777
163 -10.15253639 -97.06296539
163 -63.01707077 110.2785645
163 -13.91868401 -148.2607727
163 7.195370674 -98.75779724
163 -100.5701294 -130.7755127
163 -117.4778137 128.3030396
163 -16.71375847 -194.9464417
163 4.355717182 -176.9467773
163 80.5610733 -68.08375549
163 -133.4581604 -144.5431519
163 -64.00676727 -170.05336
163 -48.74927139 199.3263092
163 -182.4403687 76.92398834
163 -109.9459686 161.2088623
163 -146.8293762 115.0922623
163 22.06411552 -133.7419586
163 79.24176788 -10.62162018
163 -138.3050842 -151.1793671
163 -171.5869141 -157.9595032
163 -111.4982681 -208.7344208
163 -54.65778351 203.057785
163 -20.69632912 236.5839691
163 -152.8507385 191.7872009
163 -81.13817596 171.8452301
163 -149.1150055 86.49978638
163 85.46550751 -49.09078217
163 -50.74422455 -133.0453796
163 -14.5845871 -176.5018158
163 96.99639893 6.008354187
163 -117.9352341 -145.4855957
163 15.75341702 244.3145752
163 -95.14442444 237.5986328
163 -233.332077 124.2563858
163 -39.93596268 155.1520996
163 -191.1425934 68.30548096
163 79.91744995 42.27135086
163 -100.5839996 -139.4801636
163 -34.86244965 -121.8405151
163 -59.68078995 -199.6716766
163 163.6603088 62.55430603
163 -120.6010971 -133.8224487
163 -85.48830414 -138.3590851
163 61.74639511 217.947464
163 -37.74522018 98.22297668
163 -207.4871826 62.37480545
163 144.5635834 63.69827271
163 70.958992 93.6600647
163 -82.85821533 -97.7840271
163 -103.4829865 -154.5259552
163 -60.34350204 -201.8413849
163 -59.88827515 -44.68183899
163 71.38534546 187.7470703
163 -63.60871124 57.58359528
163 92.21652222 88.70717621
163 108.8944244 92.39957428
163 -107.1862869 -152.9410248
163 -107.6014099 -142.0410614
163 8.776694298 -214.1470184
163 -81.51579285 -256.1878662
163 64.7729187 172.7877502
163 98.95836639 92.79321289
163 -41.98482513 71.85391998
163 130.7661743 115.1316376
163 58.12023163 35.73090744
163 142.1910858 52.74358368
163 51.21155548 -59.85461807
163 106.0713043 56.24502945
163 226.9902191 105.3827438
163 151.5021667 51.21721268
163 89.6170578 1.28115499
163 36.96718216 -137.5661774
163 159.3935699 61.11438751
163 323.7101746 171.4482727
163 175.691452 59.11445999
163 58.08484268 52.12581635
163 1.53963089 -198.2986603
163 201.0831146 80.51056671
163 378.0045471 210.4562073
163 16.77324295 63.63486481
163 -2.868898869 -242.7505035
163 -43.58643723 -285.7579041
163 471.1078491 249.9513245
163 -25.94983101 57.48529434
164 181.9009247 158.7793274
164 213.8990479 164.9019623
164 238.3312225 166.4521179
164 88.92018127 116.9013824
164 212.9430847 158.6316376
164 216.0301666 158.847168
164 245.6430969 158.0594025
164 116.0351944 128.166626
164 -18.97729301 76.93756104
164 265.0655518 168.6008301
164 62.24167252 80.47806549
164 -65.03668976 101.1322784
164 -36.55289841 57.4226532
164 -31.60331345 71.36252594
164 22.54443741 50.08646774
164 -53.52959442 41.32295227
164 9.757627487 45.66138458
164 -126.5689621 54.57569122
164 -24.20618057 78.33699799
164 -0.7570240498 29.56908989
164 -51.90842438 19.52974892
164 73.86480713 67.23448944
164 -52.63145828 43.51892471
164 -30.35882378 27.99593544
164 26.59959412 20.30158043
164 9.386153221 34.61361694
164 10.33834648 59.16352844
164 -99.88246918 -18.02509117
164 -68.28001404 -11.45992851
164 -39.78918839 4.998489857
164 110.0544357 89.9775238
164 -49.93317413 72.1439743
164 -22.64031029 -10.67220306
164 69.55331421 -4.196326733
164 0.5899841189 21.48489952
164 -31.27110672 54.43762589
164 -61.50690842 30.89636421
164 -125.3184586 -68.34051514
164 -109.0925598 -32.6607132
164 -59.80949402 -61.87110901
164 -83.73732758 17.13574028
164 194.3918915 96.77555084
164 -23.30418777 -24.13807487
164 -73.93044281 -1.064499378
164 89.23582458 -2.682857752
164 94.26670837 -15.53617287
164 33.97779465 79.12778473
164 -198.3355103 -110.5451279
164 -132.5963287 -124.1799469
164 -141.0513611 -43.15820694
164 -121.7634354 -72.52758026
164 -84.97667694 -102.4563675
164 225.0582123 128.1115723
164 215.7226562 18.99863625
164 -81.79528046 -9.580324173
164 118.5781174 -30.75749779
164 -237.8998871 -110.2081833
164 -203.26828 -114.9297409
164 -166.2313843 -124.9584885
164 -111.8677521 -119.7619247
164 -131.6286926 -100.9397125
164 -210.0782166 -99.66931152
164 -155.7271729 -141.9740753
164 198.5636597 27.52828407
164 247.8418274 -4.117974758
164 146.5471191 -54.61935425
164 -272.2575378 -142.8232727
164 -197.0610657 -155.3581848
164 170.4900818 13.82702446
164 203.7650909 62.81238174
164 251.238266 -11.9213829
164 245.877243 7.619133949
164 -185.2850494 -162.4827728
164 132.2451935 -13.56114578
164 -202.0913391 -175.7443085
164 -159.1160889 -162.701004
164 90.59700775 -32.22237778
164 -155.5870972 -201.4404755
164 -211.4673615 -177.8748627
164 76.64811707 -34.01010513
164 -208.032135 -179.2879028
165 -15.67760563 -56.05118942
165 18.72139359 -63.00574112
165 -54.36300659 -79.76744843
165 40.85031509 -23.99133873
165 23.2981987 -22.44451141
165 -5.761611462 -81.2676239
165 -58.45876312 -91.13318634
165 49.27641678 -31.53224373
165 -24.2173748 -21.03822517
165 78.6167984 -11.97117615
165 6.476677895 27.15158272
165 87.21087646 56.21054077
165 64.29714966 -17.2322197
165 26.40679932 -25.42656708
165 -31.68039894 -111.3788681
165 -112.3057556 -111.9958725
165 83.45617676 -62.36114502
165 -63.62427521 -39.95708847
165 88.28595734 -23.25044441
165 78.34485626 5.444363117
165 8.467605591 70.34575653
165 44.83109283 7.481573105
165 122.8135452 4.808216095
165 16.17278481 9.279732704
165 -73.82410431 -40.74242783
165 44.22520447 4.939072132
165 59.81269455 -1.533564806
165 -23.36428833 65.04460144
165 -29.05233192 35.94992065
165 22.98906517 76.45206451
165 78.80773163 3.307756662
165 -58.45788956 65.47322083
165 142.2564392 27.64262581
165 135.5447388 4.895189762
165 -44.81812668 -24.03905678
165 72.95467377 35.7847023
165 -103.5779648 -56.83559799
165 -70.28623199 -23.20787621
165 -65.69812775 -95.71272278
165 -55.53116608 73.51309204
165 27.88292122 62.23061371
165 37.09479141 80.27169037
165 -77.78878784 94.85659027
165 -91.05557251 99.57495117
165 -80.62580109 109.6512756
165 114.1226196 21.4254837
165 -81.51987457 -43.79788971
165 -60.61068726 -40.67345428
165 -42.84092712 -53.75639725
165 -92.28768921 -21.32422447
165 -82.02528381 105.9456329
165 -130.496521 62.10938263
165 56.7326088 65.63848114
166 73.43688965 50.37121201
166 20.04676247 8.935163498
166 75.66249084 40.42174149
166 -33.99072266 -32.88279343
166 200.8485718 74.46334076
166 -87.80574036 -83.77990723
166 219.4088135 81.34838104
166 257.1601562 130.8033142
166 -86.58594513 -71.73447418
166 -135.2420654 -112.3465729
166 328.9250183 149.927063
166 270.3736877 152.320343
166 264.4733887 98.50370026
166 -147.033493 -81.90138245
166 -174.7617035 -146.3604126
166 -18.46513939 -56.18180466
166 -169.636734 -135.6629791
166 264.3840027 161.5945435
166 -200.5786591 -73.08479309
166 -210.1684875 -176.2064514
166 -20.35873985 -67.23800659
166 -170.7051697 -129.9291992
166 -146.2109833 -105.2649536
166 285.4290161 159.8951874
166 -193.4679413 -51.44720078
166 -213.5006561 -60.99692535
166 -177.6112823 -134.9975433
166 -223.0506592 -192.1179657
166 -32.75624466 -76.74728394
166 41.4669342 44.60108566
166 -133.9211426 -122.1543045
166 261.1481628 168.5611267
166 100.7466736 86.81285858
166 84.33437347 73.98629761
166 32.38783646 55.55969238
166 152.9789886 138.7822723
166 -31.29256821 -9.553330421
166 42.14938354 83.87041473
166 37.78251648 78.33847046
166 148.8460541 126.9690094
166 144.4861298 147.2254333
166 -68.09817505 -75.30613708
166 119.7064743 117.2256317
166 50.62370682 108.6718903
166 79.9572525 94.53920746
166 59.8913269 103.2606583
166 192.9393616 122.9393463
166 158.8187408 171.8720551
166 -127.5141678 -80.74282074
166 -44.62735367 -74.67459869
166 181.2048492 131.9418793
166 66.00022888 124.489006
166 135.1030884 128.1555176
166 219.4848785 102.4620438
166 -195.6322174 -145.5298615
166 7.414690018 -37.46370316
166 -71.50919342 -87.4125061
166 52.85822296 124.7919998
166 149.8047943 123.5254669
166 -216.0999298 -147.9175873
166 155.817337 128.4835358
166 -208.7616119 -149.9766541
166 -286.1481628 -163.9023743
166 -265.1688538 -177.228775
166 -302.8063049 -196.8827515
166 -254.4932556 -195.2027893
166 -288.0974121 -242.8201904
167 72.61021423 0.4844592512
167 56.35047913 42.55776596
167 34.54831314 44.36676407
167 81.31110382 77.76428223
167 47.02045059 32.46793747
167 -12.37597084 -11.85189629
167 113.9300156 91.48738098
167 -41.65097046 -71.90451813
167 -31.85962105 -13.59755135
167 -27.79364586 -14.18250561
167 -23.85780144 -40.59159851
167 -66.21271515 -12.74032307
167 -7.558302879 -16.6154995
167 -31.76609421 -46.9238205
167 -50.28623581 -46.51608658
167 -112.4091644 -14.20479679
168 -22.44044304 -50.62984467
168 -59.91439056 -70.56752777
168 51.36304855 -41.80328751
168 -59.42935562 -75.7759552
168 -157.4793243 -49.17222977
168 85.88993073 -42.37517166
168 47.8113327 -41.01387787
168 47.95892334 -37.7024498
168 83.28669739 0.4159094691
168 47.76711655 -41.74180222
168 59.68138885 -96.49794006
168 62.19618225 34.54803085
168 80.76198578 -131.7937164
168 85.10743713 43.53341675
168 38.34586334 31.04816628
168 102.5249786 48.67874146
168 89.98085785 68.66505432
168 80.89591217 55.17073441
168 129.661377 81.2062149
168 49.21030045 104.4573212
168 215.1827393 104.0193863
168 6.963027 128.4980011
168 104.8909225 165.3097839
168 252.4233856 122.4027023
168 1.202566385 129.215683
168 51.56619644 135.6066895
168 97.9774704 187.3613129
168 0.5035564303 130.9135284
168 -43.26838303 120.8986359
168 16.07157135 150.8925629
168 18.90292358 83.72284698
168 103.9120178 139.1345978
168 94.43827057 186.5284882
168 -10.14425087 137.3802032
168 -85.90433502 147.5728607
168 -8.068982124 115.7291183
168 24.01895142 63.60438156
168 46.03271484 32.4230423
168 84.63182831 123.1339188
168 123.4290009 202.2687378
168 77.88716125 227.2268982
168 77.90055847 191.6574402
168 -14.4620657 171.9728699
168 -26.37732887 75.76490784
168 -82.12835693 158.1052399
168 35.93613434 98.1945343
168 -3.843152761 13.27165794
168 132.4492035 -24.01468658
168 35.61230469 99.47612
168 21.75197983 7.883978367
168 99.03843689 112.8530502
168 127.8945312 257.3155212
168 99.31404877 231.7621918
168 -63.97576904 199.8932953
168 -43.47953033 -16.84956169
168 -41.69377518 120.3929367
168 -38.39687347 -24.51963043
168 201.2714233 -74.0929718
168 -9.715316772 -20.10863495
168 7.656612873 -27.20977402
168 -114.7554016 -77.39080811
168 275.4834595 -130.3548431
168 -26.96137238 -49.02324677
168 15.55986691 -46.08652115
168 -182.3332977 -138.80159
168 228.4188232 -162.1667328
168 391.2500305 -100.3306503
168 29.70935822 -65.41943359
168 -221.7351074 -183.400116
168 -105.314888 -101.992569
168 504.4368286 -54.18902588
168 33.22977829 -69.22305298
168 -205.9681091 -185.719162
168 -254.75737 -214.28685
168 -60.3274498 -82.06763458
168 25.17567444 -85.01901245
168 -223.5426636 -201.7956085
168 -246.3063965 -231.1178284
168 -16.8008461 -56.60690308
168 143.8768158 -31.7669735
168 -95.63803101 -132.0595093
168 -253.9808655 -229.8577576
168 308.2102051 35.6685257
168 -220.4923248 -157.3578033
168 -307.4699707 -217.7230377
168 -272.0856628 -165.4866791
168 -341.8712463 -212.9510956
168 -266.4914856 -170.885376
168 -325.0306091 -231.6888733
168 -311.5745544 -170.6565247
168 -432.4945984 -254.4842834
169 -169.3740692 -98.9549408
169 -168.9472198 -105.2554474
169 -156.0727692 -106.3297348
169 -153.2504425 -77.76763916
169 -225.4616699 -110.1963882
169 -121.0192032 -44.91704559
169 -235.8099213 -116.5875549
169 -167.7563324 -132.8804626
169 -129.2010345 -67.60242462
169 -171.7999878 -161.5360718
169 -111.6918945 -83.9373703
169 -145.9415588 -93.3693161
169 -132.000473 -63.03002548
169 -110.3033295 -35.35692215
169 -100.8259659 -16.28522682
169 -140.0007172 -25.86569786
169 -153.6939392 -147.1034546
169 -111.0302048 -111.3982391
169 -93.63237762 -46.73046875
169 -175.3916168 -43.79218292
169 -70.86040497 15.15313625
169 -111.7159805 -23.70514679
169 -142.4393463 -21.40440559
169 -191.7207489 -52.68618774
169 -24.0078907 0.04403153062
169 -77.62036133 9.730394363
169 31.38871574 10.10849571
169 -123.9008789 1.858618498
169 -22.69750786 22.52774811
169 112.4567184 28.84586716
169 21.8572197 20.0399437
169 -101.5155487 -2.765447617
169 -45.36812973 11.69106579
169 93.08129883 82.67588806
169 198.9986267 42.08228302
169 88.03713989 34.33291626
169 101.4641571 50.03627396
169 -84.10331726 -1.829962134
169 -55.98468399 -0.4416012466
169 81.7575531 123.8149109
169 166.4608765 52.66250992
169 196.0683899 54.26405334
169 82.06998444 38.64712906
169 137.6852417 62.32462311
169 -103.8030319 -13.53670979
169 -65.39995575 -11.07585144
169 -50.65021133 -13.44536686
169 133.8412018 162.8610382
169 41.48009109 105.3131638
169 207.5054169 96.42349243
169 233.8626251 -12.40600395
169 221.646286 25.3176136
169 218.8777771 41.4592514
169 252.5674286 37.56938553
169 54.55313492 42.46925735
169 180.7790375 99.56225586
169 -112.8088074 -23.71092033
169 -38.48517609 -12.56601238
169 -69.76676941 -21.51024055
169 -58.55324554 -18.39018059
169 -121.2914734 -35.68775177
169 214.9181213 172.1049042
169 147.5000458 151.2430267
169 -23.49963188 110.1720428
169 17.49925613 127.8462372
169 172.9343109 91.4334259
169 292.7387695 108.3436966
169 261.8139954 -34.3373909
169 256.8482666 -49.55539703
169 240.9081421 6.083147526
169 207.7982483 -1.090535164
170 55.21110535 -108.0597305
170 75.60982513 0.3692697585
170 50.47520065 -128.4163055
170 38.3871994 -73.05079651
170 86.44782257 9.155402184
170 60.8739357 24.81315994
170 9.976053238 -5.430465221
170 20.72772408 -142.8478699
170 -2.292675495 -45.1297493
170 86.48696899 27.08108711
170 90.53784943 53.88883591
170 38.75324249 52.91861725
170 -11.20432854 -21.4835186
170 -4.763435841 -154.1190338
170 -133.0095978 -89.10873413
170 84.170784 75.31507111
170 52.77688599 0.5247299671
170 51.85155869 54.93390274
170 91.50882721 55.5967865
170 25.44077682 78.11923218
170 -16.47320366 22.14692116
170 -11.76991177 -7.896533012
170 -171.4439392 -115.3815536
170 -165.9706726 -110.2012024
170 31.59668922 37.76015091
170 37.45807266 -87.95355225
170 15.84671497 65.69218445
170 52.44135284 36.62699509
170 176.2032166 65.04623413
170 13.73052883 115.6194839
170 -6.174584389 61.54883957
170 -13.92526627 24.49225044
170 -12.54510784 9.372027397
170 -4.035049915 14.26943684
170 10.61911106 13.2740221
170 -219.9722748 -125.3405685
170 -54.50235367 -65.27726746
170 -171.998642 -135.5251923
170 -19.26301575 -106.2428665
170 54.95534897 -47.26572418
170 -26.96609688 40.71421432
170 36.38640976 52.01059341
170 12.35827923 24.13884926
170 55.02131271 110.496048
170 -34.82237625 108.6464996
170 -38.36382294 83.63973999
170 -41.72190094 13.29138279
170 -45.82601929 -8.684791565
170 31.76233101 2.243330002
170 -10.54693317 20.27398109
170 50.8332634 58.38685989
170 -167.6470337 -154.0092926
170 -58.5875473 -107.2162933
170 -16.28356552 -107.2109909
170 25.00091743 -59.22528458
170 10.91135216 -52.65372086
170 -65.0001297 10.08124924
170 -51.91195679 34.47179794
170 -19.32796097 8.513480186
170 51.88427353 30.54044533
170 -22.69897652 34.3625145
170 42.93496323 31.85555077
170 -13.81246567 12.69106293
170 121.7965775 112.846199
170 -27.29689789 100.5262909
170 11.83151054 70.97518921
170 -69.68650055 133.1023865
170 -69.72517395 125.1388168
170 -73.81971741 7.809488773
170 -32.85476685 -32.83552933
170 53.86398315 1.527604222
170 33.58282852 -17.56988144
170 -128.1465302 -152.4527893
170 -110.6332092 -66.40517426
170 34.61461258 -25.3319931
170 -31.38974762 -115.7032013
170 -28.75536537 -6.87790966
170 -29.25490189 -15.20588779
170 52.25419998 -24.34770203
170 99.87078857 51.25297928
170 119.9227982 74.33313751
170 -9.583567619 17.95318604
170 154.9645996 138.6596527
170 -67.87322235 105.4139099
171 71.78983307 83.64939117
171 16.58676338 63.33061981
171 34.37931061 68.54660797
171 18.61123466 50.36630249
171 9.226875305 52.34719086
171 28.85286331 44.43722916
171 35.47866821 13.40392876
171 -1.299782276 45.72312927
171 52.46608353 74.05710602
171 -5.826083183 -8.291155815
171 39.41937256 33.23265457
171 55.68884659 29.42273903
171 36.38269043 -42.60109329
171 -23.10478401 10.56072617
171 -18.93535614 75.3119278
171 66.43978119 69.92324066
171 95.77285767 98.56472015
171 130.8725586 113.6020508
171 -46.97104263 -19.2700119
171 46.62165451 -18.35325623
171 39.62242889 42.24560547
171 37.07366562 25.87379074
171 36.47407532 42.21518326
171 120.6677933 41.59970856
171 71.42216492 -78.00115204
171 -30.80034828 -59.04589081
171 -98.76046753 -55.36873245
171 -61.41687775 89.63774109
171 -97.43518829 -32.45343018
171 62.96743774 24.62684631
171 28.9347477 46.08239746
171 99.25167847 22.09599876
171 54.27293777 -86.20144653
171 100.3189926 -104.7870407
171 25.47658348 -57.07400131
171 71.845047 0.2898064256
171 -96.48162842 -82.54948425
171 -60.64262009 -49.30784225
171 2.530773878 -43.4558754
171 -98.26142883 -72.30860138
171 -107.603981 -38.40792084
171 -116.8433456 -48.80590057
171 -148.519104 -61.38648224
171 81.12622833 11.68232059
171 107.6512375 22.76700592
171 64.76833344 17.70819664
171 -157.7534485 -80.25128174
171 -174.2845612 -95.06176758
171 -78.61479187 -92.40894318
171 -106.6893768 -51.707798
171 -87.93528748 -40.18801117
171 -135.7967377 -60.34438705
171 -181.5535126 -69.04761505
171 -190.1225739 -67.67170715
171 55.53471756 29.12377739
171 -194.8311157 -49.67984009
171 -185.0346527 -119.0107651
171 -127.3461914 -67.36312866
171 -173.725235 -46.97554016
171 97.01624298 5.465217113
171 69.14756012 118.85952
171 -165.6304321 -129.3458862
171 -142.0895233 -98.03636169
171 72.46137238 -2.616621733
171 175.1235809 5.651796341
171 65.52378082 131.5586243
171 65.5435257 121.077774
171 -131.4645081 -170.1022034
171 51.13554764 -33.9752388
171 214.3178406 13.36615086
171 60.58188629 154.0781097
171 78.76398468 130.8806915
171 -78.73587036 -169.5983429
171 -134.692688 -186.0599976
171 229.9532928 34.50097275
171 312.9764404 30.51141167
171 62.23870087 171.9075012
171 71.22288513 157.4489288
171 34.66779327 169.3800964
172 24.73735428 -26.62691879
172 66.77214813 -24.45667076
172 7.910161972 -43.46386337
172 88.81155396 27.22545052
172 25.70883751 -35.08855057
172 119.2727585 0.08171068877
172 119.1239014 62.99613953
172 7.636275768 12.20218277
172 16.95425797 -71.65866089
172 85.75884247 10.17207813
172 166.9771576 12.67376328
172 105.7373581 89.5344696
172 -104.5287247 15.67825985
172 14.78558064 -104.9565201
172 0.4376600087 -93.23324585
172 184.2525024 92.00946045
172 138.9655609 63.70981216
172 -134.0070343 54.91375351
172 33.4760437 -160.2648773
172 -35.57233047 -86.96151733
172 88.55808258 43.63969803
172 194.6400146 112.3383331
172 146.1619568 52.79238892
172 -151.023819 82.32769012
172 8.493044853 -218.9180756
172 10.74235916 -210.8081055
172 -75.36446381 -95.96278381
172 89.93247223 35.51930237
172 45.46622086 16.70821571
172 43.45783997 93.07054901
172 79.5806427 62.4884491
172 162.9096222 84.08103943
172 -183.2421417 123.0172348
172 -108.200592 -72.98661804
172 -13.07317638 -104.1052628
172 -75.43229675 -61.70574188
172 57.09259796 31.97906685
172 -35.89167786 -41.16565704
172 61.23592377 5.33261013
172 28.96910858 86.49275208
172 31.40927887 107.1010742
172 81.87141418 78.56876373
172 127.4805222 95.85209656
172 -232.1932983 127.0745621
172 -95.23187256 178.8569031
172 -145.1049805 -50.66534042
172 -124.2444229 -85.73645782
172 -135.9762268 -85.33809662
172 -17.15985489 -113.6768875
172 18.88438606 -100.9564362
172 -21.46130562 -11.96741676
172 80.97201538 47.44280624
172 35.8258934 51.06304169
172 28.25454712 13.66139889
172 -96.929245 -19.24689484
172 -82.88479614 -59.39171982
172 2.183781147 -27.40358925
172 -133.6332855 -57.23020554
172 53.49617386 120.4734116
172 27.28919411 121.0299225
172 -56.15742874 185.6129456
172 -157.0438538 -22.46304512
172 -149.6844177 -100.9605637
172 -136.3018951 -78.61006927
172 -155.0440826 -78.47737885
172 120.6503906 60.49962997
172 37.55957413 -23.84810638
172 125.1799927 128.4318542
172 132.8494263 198.1269226
172 -10.57508373 179.9277191
172 -177.2497711 -18.53777122
172 -171.4441986 -1.779416442
172 -117.4699249 -154.7108765
172 155.674469 139.1181641
172 127.4375 216.432312
172 145.7163849 195.1899872
172 -198.5432434 -27.23333359
172 -120.2515945 -191.2678528
172 185.5958557 226.9665375
172 -66.6300354 -200.1180115
172 -68.08301544 -261.5458984
172 -82.42959595 -266.0482483
172 -74.82489777 -252.8385773
173 5.111123562 -235.7911835
173 47.66662979 -168.3491516
173 -11.27111721 -266.8605652
173 34.13936234 -96.93740082
173 8.610682487 -249.9099121
173 -38.54225159 -298.8571777
173 67.04058838 -97.81491089
173 32.81040955 -9.23022747
173 -37.32664871 -316.77948
173 111.9944382 -102.6592865
173 -22.20867729 30.27735519
173 4.888898849 155.6800537
173 -48.15146255 16.32328033
173 34.56588364 204.3874207
173 -31.42558098 -5.036011696
173 50.59122467 231.2284546
173 -17.94576073 207.5101318
173 -47.76511002 -46.60030365
173 86.54819489 244.068985
173 -11.150033 197.0429993
173 22.69650078 225.5727386
173 -44.68157578 -64.48698425
173 83.29787445 263.7073975
173 -8.532551765 199.0304413
173 -57.51885223 -78.42703247
173 -58.91300964 211.4440613
173 -81.45989227 -71.88760376
173 -73.06937408 -76.64636993
174 -44.78483963 -89.58235931
174 -52.82361221 -76.49859619
174 -54.43014908 -114.8407211
174 -48.9094696 -47.34809494
174 -50.1013031 -42.48959351
174 -30.6644268 -44.71975708
174 -69.18431091 -36.32503891
174 -31.13806534 -41.6710434
174 -0.5864745975 -45.44138718
174 -61.76272202 -24.69673157
174 -29.14460182 -46.67578125
174 7.041152954 -66.81321716
174 -48.7762146 -16.2322731
174 -11.93310261 -41.96422577
174 -0.7575678825 -56.34823227
174 -76.39487457 0.3292229474
174 8.537707329 -42.81223297
174 -0.4796631336 -44.91379547
174 -93.75482178 20.34719086
174 -98.14907837 16.59131622
174 -133.1439514 29.84114456
174 -90.30272675 -3.662665129
174 -135.2126923 61.48308563
174 -116.9329681 11.50860596
174 -79.57657623 -12.7443037
174 -142.5384979 88.8889389
174 -132.9031525 74.84474945
174 -92.71444702 -58.42008591
174 -72.61797333 -12.87077999
174 -102.4211807 -23.06465149
174 -77.33786011 -36.19318008
174 -105.9978409 -85.82617188
174 -19.31128693 -4.0574193
174 -93.41997528 -22.30401039
174 52.85775375 -2.404997349
174 -136.1765289 -73.85115814
174 32.3670311 22.71013641
174 -37.33528519 11.62433243
174 57.83493805 -21.45808601
174 134.3580627 31.3891964
174 99.53423309 31.05003548
174 -188.2304077 -107.9533005
174 60.49631119 -37.9764061
174 192.8383179 13.83854771
174 167.6340637 72.13710785
174 -237.8257294 -153.6473389
174 252.2724152 61.51459885
174 224.0765228 -1.063951969
174 138.1612854 73.79190063
174 167.5084381 91.14172363
174 -306.5231628 -217.2142181
174 265.7208557 135.039856
174 145.5698242 65.85053253
174 208.5437012 128.4787292
174 -381.4015808 -259.4161377
174 270.6260986 157.2198181
174 160.3657379 60.96834564
174 145.5159912 104.1699829
174 244.4418793 216.1979828
174 288.644928 128.2024994
174 -399.1537476 -299.1570435
174 -445.6933289 -318.4844055
174 170.2400818 201.3838959
174 183.6888428 79.44245148
174 152.5221252 71.1824646
174 232.6643372 261.7994995
174 343.0047607 155.2240601
174 -416.5870972 -289.6260681
174 -487.6280518 -360.1274719
174 193.1765747 234.776474
174 169.2290344 192.5260925
174 273.3994751 103.0494843
174 107.7010574 63.29903412
174 328.1622314 278.202179
174 349.3562317 156.9079895
174 -444.7436523 -309.9306946
174 -516.8859863 -400.3087769
174 179.3108673 247.8760834
174 188.9881592 236.3071594
175 -220.5397339 -195.395813
175 -186.6480713 -184.3804169
175 -160.6152039 -187.7455444
175 -132.7488403 -176.3754578
175 -140.377655 -213.8581085
175 -86.01836395 -134.8369141
175 -58.3021698 -84.65100098
175 -48.10746384 -38.94353867
175 -57.01118088 -43.78696442
175 -58.69649124 -80.06161499
175 -110.3151321 -101.1886444
175 -86.9056778 -66.28420258
175 -31.00758743 39.57614136
175 -57.23853302 -27.74441338
175 -158.3553772 -80.98605347
175 -44.56407166 -121.2090378
175 -65.62284851 -113.2789154
175 -67.42115784 -37.15102386
175 20.75587463 -19.81375885
175 -139.1034698 -98.51013947
175 31.4579277 92.1521759
175 -65.8404007 64.86812592
175 -20.40197945 6.512972832
175 -21.47293282 41.18644714
175 -217.0250397 -69.39900208
175 -99.72319794 -147.526947
175 -20.88217926 25.00281525
175 31.6608429 -12.76606655
175 -223.7002411 -132.7009888
175 44.31156158 40.1084938
175 -27.63558197 71.5490799
175 -191.5335388 -71.07191467
175 -164.7519531 -175.4558716
175 -6.829973698 28.19150352
175 141.2821808 27.56255913
175 -301.8022156 -166.6363525
175 -40.42552948 54.7362175
175 162.5522156 100.1590424
175 10.643363 36.30610657
175 -48.2492485 71.15756989
175 -3.345012903 84.53231812
175 -202.4240265 -42.24520111
175 -133.8170776 -156.9937439
175 -225.7421722 -205.6531067
175 -18.33059692 33.18017197
175 153.8621826 107.0438538
175 184.3062592 16.27135086
175 179.1120453 114.4692078
175 234.3954163 129.7892456
175 -7.77949667 69.3795929
175 29.27577782 2.215531826
175 -223.8509216 3.949164867
175 -198.5802765 -215.475174
175 -34.84484863 45.49770355
175 -0.317722708 41.73978043
175 106.6867981 187.3215027
175 192.3282166 77.61841583
175 212.7460022 -28.41842079
175 252.1616058 97.44599915
175 276.5255127 239.7743683
175 15.15560436 68.5223999
175 10.10819054 -13.50131321
175 -261.4866943 13.46696663
175 104.5414047 231.1009369
175 129.1299286 221.9349365
175 254.7886658 50.70415115
175 248.422287 -30.83637619
175 258.0534668 -37.41877747
175 254.2512512 89.64816284
175 239.2935638 67.7433548
175 281.5089417 283.3298035
175 293.4003906 274.9227295
175 317.6749573 261.6298523
176 -64.01926422 -46.01364899
176 -38.24702454 -27.87991333
176 -69.11517334 -64.32488251
176 24.09079552 7.794547081
176 49.6586113 45.5476799
176 97.63202667 84.87620544
177 170.6944733 -26.42978096
177 160.450119 -24.87558174
177 179.7583313 -39.29424286
177 233.8235626 -19.1923027
177 122.8257751 -27.84682274
177 229.0827637 14.56136036
177 54.82958984 -25.67719269
177 212.9382477 2.219798565
177 186.798172 12.99768543
177 142.5490875 23.30044174
177 40.74236679 -42.91068268
177 43.32183838 -43.19924164
177 11.32267952 -34.09671783
177 78.92697144 13.67335224
177 55.85220718 38.14973068
177 58.81681824 -48.38338089
177 44.09223938 -46.12885284
177 51.43603134 -65.49781036
177 53.20800781 -31.54303741
177 -52.12371445 -24.9155407
177 11.14401531 -0.004206661601
177 9.807389259 11.20601845
177 47.08996582 57.51182175
177 36.09428406 43.90976334
177 84.76706696 -76.19160461
177 40.25531769 -66.44701385
177 24.51172066 -58.71963501
177 98.75388336 -14.27442837
177 -93.20422363 -28.5743866
177 -42.08069611 -26.78220749
177 -48.89308548 -25.29679871
177 -41.09316254 -21.8862648
177 30.93579102 37.23779678
177 -11.04641342 -6.116535187
177 69.9552002 52.18205643
177 18.99456024 92.10574341
177 8.146019936 29.45427704
177 23.15839958 39.52736282
177 125.6106567 -6.534615517
177 -155.9549255 -12.87658882
177 -31.44919777 -37.38586426
177 -13.08580303 -0.1172690019
177 -49.99621582 -13.067029
177 -137.1758881 -34.74510956
177 -16.82948685 37.91617584
177 16.68716621 -12.00401783
177 -36.95079422 1.401351929
177 81.56983185 -18.92321205
177 129.0543518 -18.57172585
177 -179.9109039 5.08934164
177 -121.8152313 -41.10494614
177 -51.227005 -39.01901245
177 -82.80930328 6.146682262
177 -171.7437134 -49.75349045
177 -106.3319473 -33.64823532
177 -202.2113037 -48.93673706
177 -64.45994568 12.28945732
177 -105.9171906 60.98724747
177 -37.90483856 30.91600418
177 -50.09678268 9.905407906
177 -67.9978714 -32.2163353
177 155.4632874 -31.11517334
177 -114.7555084 43.93834305
177 -211.9772797 -58.12008667
177 -113.7185211 -47.5152626
177 -113.2944946 -19.54050064
177 -159.7835846 73.94665527
177 -71.86988068 19.11295128
177 -80.58577728 64.34503937
177 -29.72504425 24.9607048
177 -212.2485809 76.51426697
177 -41.38426208 34.86450195
177 -29.27486038 77.79235077
177 -25.15164375 87.1931076
177 -15.99057579 117.3933334
177 17.2557869 69.8398819
177 31.34660912 56.88939667
178 -52.792099 212.0184631
178 -22.65479469 239.3882751
178 56.02996063 295.8558655
178 -156.8363037 138.0657043
178 -15.33990383 230.967453
178 -15.75306797 301.7302856
178 71.68559265 340.8175659
178 -224.0279999 100.9102402
178 -187.1693115 120.6561432
178 -38.4666481 239.4097137
178 -71.46778107 190.1645355
178 75.45494843 347.566925
178 -34.22012329 136.050827
178 -125.1180115 201.2678375
178 -25.09497452 89.74662781
178 -1.534797192 97.80105591
178 -45.97637558 62.53677368
178 119.9684601 145.3524933
178 -31.79433632 77.31494141
178 -78.396698 42.44285965
178 138.9537811 152.5188904
178 124.0024414 142.8724518
178 -75.70663452 28.79251862
178 -27.3699379 94.55906677
178 -63.35718155 40.8858223
178 163.8688202 145.689682
178 119.832695 159.2768707
178 -7.903159142 21.1667614
178 -16.47228622 48.32514191
178 -24.62079239 98.12888336
178 -46.87099838 92.39268494
178 -58.66153336 58.29944229
178 -13.15022659 33.77243805
178 40.76104736 38.6662674
178 -37.31782532 58.73559952
178 19.9473877 7.31784153
178 -26.68273926 90.65092468
178 24.57252884 -61.43943024
178 -126.9578781 2.625499487
178 -45.23248291 154.7954102
178 -88.13401031 133.9573212
178 -46.92842865 82.22121429
178 -24.15528297 56.90171051
178 -8.926258087 61.9204483
178 71.88921356 39.90100861
178 71.02211761 60.62226486
178 33.7390213 -21.40544128
178 -20.10328293 106.052124
178 -21.78293037 96.72288513
178 39.66816711 -33.5585556
178 19.44063377 -144.1966858
178 24.00847054 -194.5658875
178 73.85569763 -132.9620819
178 -19.88772583 -171.7912445
178 -28.2872982 -158.6520996
178 1.822715878 -243.8898773
178 69.19772339 -201.2690735
178 157.7945862 -157.5212402
178 -40.80357742 -181.0007629
178 19.86525345 -160.158371
178 -51.25168228 -189.7049713
178 -59.67162323 -165.0050659
178 -95.48547363 -202.2797852
178 -47.14006042 -331.4769897
178 172.6490021 -168.5698395
178 147.8496704 -252.1012268
178 205.6775055 -187.1692047
178 199.4229584 -102.0472641
178 -42.74018097 -323.6894836
178 -68.2750473 -368.3639526
178 120.5680161 -207.1017456
178 146.4338379 -193.2866058
178 11.18134689 -408.3110657
178 -86.52843475 -370.2726135
178 -94.11573792 -386.0455322
179 -64.73057556 -58.14237213
179 -74.65265656 -44.02711487
179 -68.48374939 -56.17999649
179 7.349722385 -27.9335022
179 -109.5303345 -57.24939346
179 -77.13258362 -48.19044113
179 24.88759613 -42.25382996
179 -26.49256325 -8.484909058
179 -133.2693939 -112.7954483
179 -0.7157303095 14.68236256
179 -61.20178604 -3.729095936
179 -116.1652451 -86.08331299
179 -196.0865479 -125.7334747
179 27.67212296 46.7253685
179 56.24665451 42.72057343
179 -38.37543106 -25.54679871
179 -43.50712967 -12.48418617
179 -109.4343109 -57.45968628
179 -38.7975235 -42.12697983
179 -124.4519882 -95.08415222
179 65.2403717 77.96253204
179 133.6425934 74.31302643
179 -20.17324257 20.1612606
179 -19.90742874 21.08029556
179 -80.93935394 -26.44522667
179 31.13757706 14.17755222
179 -97.51682281 -90.51616669
179 -100.690094 -10.99684811
179 -46.5347023 -25.80691719
179 -106.5111389 -106.6808701
179 68.78367615 88.56305695
179 187.9534607 80.70950317
179 128.7549133 73.8879776
179 2.983814001 17.61089516
179 13.84013653 49.17504501
179 -53.0077858 8.014759064
179 -131.004837 -36.44807053
179 -104.9829483 -60.03953171
179 27.32208252 29.73130035
179 114.5442276 38.00360107
179 -107.1689835 -87.599823
179 -94.0535202 -102.5621109
179 90.8079834 98.7134552
179 152.1599426 65.35074615
179 188.7090302 96.5016098
179 156.1732788 79.77368164
179 156.5767365 76.93751526
179 12.3965435 -33.35274887
179 61.48315811 80.34963989
179 -111.9145355 -17.65082932
179 -177.4064941 -23.22375298
179 -163.0256195 -103.1206284
179 37.14341354 29.75420761
179 147.6726227 61.1244278
179 -125.5401001 -63.71216202
179 -151.2628326 -206.2823029
179 -165.6433258 -148.8511963
179 -108.8575134 -103.9884186
179 -69.36773682 -135.7902679
179 134.0352631 110.105629
179 66.53237915 124.0071869
179 222.1853485 98.59369659
179 190.5209351 99.70908356
179 195.0753326 99.36980438
179 166.8678894 112.4705124
179 36.43353271 81.27462006
179 57.16596603 71.13890839
179 -84.73888397 -22.42702103
179 -136.986557 7.902227402
179 -203.7055359 -49.90275192
179 -258.23172 -41.82326508
179 190.6765594 68.78660583
179 168.0125732 35.6986618
179 176.9776764 66.67964172
179 -131.8868713 -268.8176575
179 -174.4327545 -173.070343
179 -147.2302551 -167.2806549
179 -168.4215088 -183.2940369
179 -53.24462891 -158.990097
179 165.9101715 106.8029633
179 60.99016953 142.593399
179 184.9956055 111.4205856
179 187.8212585 86.40288544
179 219.9727325 68.6714325
179 72.51647186 109.6731491
179 35.27734756 165.2447968
179 59.2103653 126.765625
179 192.7566528 172.8427887
180 236.6145325 117.2922287
180 236.5919342 114.5614166
180 235.0976105 125.1673737
180 125.9056702 102.4643326
180 35.42372894 87.06681061
180 50.35665512 70.69236755
180 4.176834106 50.58095932
180 53.33826828 63.53204727
180 20.80961418 36.73641205
180 -50.98436356 35.12570953
180 86.57621765 68.44597626
180 0.8533756733 7.605659962
180 91.77911377 74.04763031
180 -36.40695572 33.82959366
180 -50.05015182 28.74636841
180 98.33432007 60.94091797
180 162.4414825 84.36393738
180 62.97290421 -23.73018456
180 109.4635391 58.64362717
180 -38.79429626 48.61190796
180 110.1612549 50.95015717
180 237.588028 89.60595703
180 60.25219345 -30.29173851
180 86.45129395 -12.29653645
180 147.1918488 28.64312744
180 157.3760071 76.38075256
180 121.6550446 90.59513092
180 -10.87020683 32.88805389
180 50.38129044 -37.97972107
180 53.67007065 -33.99705887
180 142.6627045 -18.33024406
180 87.69886017 4.031852245
180 32.84983826 94.46593475
180 129.7684021 25.4856472
180 30.22753334 10.4452467
180 64.31024933 -23.25
180 61.01884842 -23.09017372
180 112.8800735 3.375914574
180 17.96321106 121.6340332
180 13.20161915 117.3464279
180 187.0279846 55.17166519
180 84.94963837 42.23270416
180 66.69242096 19.52682877
180 52.63368225 -20.16402817
180 37.9576416 -55.08955002
180 -99.27915192 -78.23280334
180 135.5636444 6.794505119
180 -3.347873211 129.44104
180 -31.60781288 127.5278854
180 -51.33187485 121.6952362
180 147.4751282 71.10610962
180 27.24738503 -7.566597939
180 96.6190033 86.08934784
180 84.78038025 -19.51629639
180 -0.9463100433 -18.77802658
180 -201.4542084 -102.4601517
180 -85.89031219 -43.48997498
180 102.7230835 114.684433
180 15.91147709 -34.38208389
180 125.7143631 103.8330612
180 127.4191895 1.621215463
180 -22.21278191 -32.01753998
180 -263.1124268 -131.7566071
180 -261.5394592 -138.9610748
180 -160.0239563 -50.72066498
180 102.0716476 170.1022034
180 13.70479965 -18.41521263
180 -64.13794708 -71.36044312
180 -50.22156906 -50.0477829
180 24.27698135 -44.41856384
180 -318.9049988 -144.2481995
180 -306.0877686 -151.5215912
180 -301.0959778 -189.8943329
180 -57.81724548 -67.14621735
180 -109.6562729 -128.3923798
180 -357.1956482 -139.5255432
180 -303.7403564 -160.4832458
180 -323.6706238 -168.8964233
180 -392.5108948 -239.8565216
180 -355.9340515 -213.2936401
180 -139.8260803 -166.785202
180 -312.1611938 -173.7433777
181 -80.70349884 -27.98358727
181 -72.25080109 -3.398073435
181 -93.22785187 -51.45916367
181 -67.28028107 14.7091465
181 -49.72302628 3.136696339
181 -110.6919098 -81.25843048
181 -57.15626907 8.042695045
181 -25.64178658 -14.18265057
181 -123.7460175 -79.82727814
181 -98.94373322 -86.6257019
181 0.1291707307 -10.01995754
181 -57.72190857 54.14774323
181 -61.76022339 -2.022218227
181 -102.3640366 24.09035301
181 -88.11001587 -8.456349373
181 -200.2788544 -126.8132172
181 -101.4526901 -69.56780243
181 -93.57594299 -138.2654572
181 69.69743347 -20.00809479
181 91.69654846 12.68554974
181 -40.79616165 -26.798069
181 -145.6886139 63.9957962
181 -101.4022675 1.958482623
181 -139.7220612 -41.56063461
181 -166.9825439 -56.36106873
181 -86.45347595 -127.0183487
181 -114.6284256 -120.9843597
181 114.7281799 -11.33507919
181 129.4433899 27.23447037
181 -8.863798141 13.86734962
181 -133.5622559 -44.63130188
181 -167.3213196 79.6272049
181 -129.9339142 -2.346550465
181 -139.6851959 -37.16827774
181 -174.0551758 -50.45464325
181 -104.2261429 -117.1907578
181 -118.1376953 -117.0689011
181 123.6728516 -4.531715393
181 108.3556213 -9.243592262
181 147.9743347 48.6506691
181 156.4837036 61.80713654
181 127.7352295 6.079725742
181 -8.53699398 39.1067276
181 -61.10333633 15.47756004
181 -193.7514038 -61.86873627
181 -217.6872559 -78.69009399
181 93.21575165 13.46363258
181 103.2908401 11.94548798
181 107.4440308 26.24925995
181 155.6290283 67.33911896
181 237.2631989 43.73048401
181 3.456202507 65.48957062
181 -13.02859783 22.79458237
181 61.21686554 17.52385521
181 154.3801575 80.15467834
181 247.3240051 8.473729134
181 64.49993134 79.33268738
181 21.70489693 30.4475975
181 -37.0581131 82.26985931
181 74.81503296 23.61064911
181 170.6917572 120.5833817
181 306.2690125 -24.23414803
181 115.6327591 75.21507263
181 1.694533706 46.92497253
181 33.12820053 -19.25992775
181 -102.1976547 53.50572205
181 227.3244324 138.0614166
181 256.4450989 178.693161
181 357.5092163 -35.56773758
181 26.59905815 45.77574921
182 -217.4071198 13.53768063
182 -236.0872955 -18.6678772
182 -172.696701 46.1905899
182 -235.4604645 4.291811943
182 -204.2403564 -1.659390092
182 -202.7893219 36.88004303
182 -117.2808762 45.48147964
182 -147.5908661 16.02702141
182 -123.767868 72.31952667
182 -212.1303101 31.96471596
182 -225.0599518 11.12713432
182 -205.3515167 7.620075226
182 -211.687912 -8.082675934
182 -95.87625885 -10.89999008
182 -208.776123 -16.9966011
182 -218.4888458 14.33623219
182 -199.9295044 44.12266922
182 -33.70478058 70.16022491
182 -12.91517639 33.27779388
182 -259.1253052 -2.134720802
182 -226.1158905 38.54878998
182 -252.1828766 41.4447403
182 -245.6653595 -2.2636621
182 -243.2879944 4.301565647
182 -135.6344452 57.42554474
182 -213.1759033 23.53098297
182 -163.2837677 0.5133167505
182 11.50418282 -35.11917114
182 -248.5139923 13.49083519
182 -166.2690887 52.29088211
182 -234.6811676 44.90065765
182 -102.5337143 8.912816048
182 93.83692932 31.05379868
182 -338.0598145 -16.74202347
182 -302.3416748 -25.35883141
182 -72.20386505 88.56815338
182 -62.41706848 -56.34742355
182 54.33330917 -53.9610939
182 8.53984642 -53.93064117
182 -172.5524597 48.32759857
182 118.6342621 58.25734711
182 189.6779633 0.350633353
182 -130.9683075 -64.46549225
182 -100.3750305 -57.48338699
182 142.4748077 -58.55596924
182 -35.11413574 -48.65153122
182 156.0707092 -19.14598465
182 -5.444687366 -77.17818451
182 255.7297974 -18.48794556
182 184.6665649 -38.78556442
182 187.3803864 -111.8255005
182 261.7392273 8.096973419
182 -39.92631531 -89.75011444
182 313.9668579 -14.10098362
182 220.0066223 -32.7290535
182 198.3541565 -62.11323547
182 178.4769897 -142.1984558
182 285.947937 10.56089783
182 250.3967896 34.83728409
182 259.1965942 -44.23379517
182 200.2565308 -86.3744278
182 334.1410522 -19.12498283
182 282.3404541 61.38374329
182 320.0283508 3.011539698
182 290.7467651 26.66844177
182 265.7749634 67.23013306
182 257.7513733 6.33417511
182 300.4607544 -37.22980118
182 270.9266968 -35.6907959
182 266.228241 85.89550018
182 321.6089783 93.48725891
182 249.3381958 -25.3846283
182 300.5774841 28.91334152
183 -29.38018799 -29.72821045
183 13.01416302 7.395348072
183 1.873226047 -6.623105526
183 26.02270317 20.58131981
183 -11.52996063 8.374616623
184 -144.7397156 -135.0062256
184 -115.8277435 -98.96340942
184 -139.0707397 -101.5187759
184 -143.7628784 -174.0420532
184 -133.9858093 -110.4338913
184 -90.23506927 -96.44117737
184 -170.8158569 -86.6230545
184 -136.4996338 -73.16049957
184 -231.7332764 -206.0191803
184 -133.6481628 -102.5065002
184 -234.4327393 -262.9972534
184 -186.1981354 -197.7843628
184 -166.9018707 -142.0070953
184 -72.77050781 -122.9142761
184 -143.4271088 -65.64419556
184 -154.7726898 -36.94499207
184 -151.4992981 -98.09531403
184 -161.6208191 -71.9017868
184 -79.31443787 -267.3274841
184 -140.2859497 -80.07102203
184 -139.9928436 -91.36580658
184 87.85500336 90.62123871
184 -53.55117798 104.8746567
184 -238.3381653 -90.22847748
184 -44.07536697 -270.3588562
184 -127.0915985 -96.26107025
184 -123.9556427 -77.32800293
184 136.1830444 160.0082397
184 -14.96632481 132.9808044
184 88.92571259 184.1061401
184 -27.09268379 -264.0029297
184 -43.67326355 -266.3030701
184 -91.26802826 -118.9783325
184 148.8999634 196.5672455
184 166.0518188 177.1476135
184 208.8129578 157.8839264
184 8.869476318 137.7879639
184 122.9317398 180.202301
184 141.407486 220.1152344
184 -45.71368408 -272.2991943
184 -56.25873947 -272.3544617
184 -46.12442017 -138.3148651
184 183.7943726 202.1317596
184 148.4345398 213.7115173
184 186.3833008 193.5023193
184 166.1554565 151.2850342
184 172.2430267 167.4002686
184 265.3971558 164.8673553
184 246.1601257 171.38974
184 14.32630348 147.9951324
184 186.1921387 176.0792236
184 150.8510742 204.2081909
184 -98.34754181 -269.7659912
184 -31.42312431 -160.372406
184 141.7722931 170.0734863
184 176.0946045 243.0439301
184 169.0656433 187.2302399
184 282.1816711 119.2292175
184 294.7574463 175.4209137
184 -8.821084976 162.2155609
184 17.06989098 149.3199921
184 211.4199219 176.9372101
185 89.73204803 -2.596055269
185 32.91566086 28.40833664
185 125.0175705 -5.594755173
185 3.188869238 66.08869171
185 91.79416656 -33.75522232
185 219.1564178 30.97213936
185 -10.07204151 88.37332916
185 60.64254379 -70.18037415
185 38.22414017 -101.3167725
185 21.80181122 -100.4757843
185 -9.851734161 -98.99737549
185 22.84536171 -107.0483017
185 -52.68152237 -78.73762512
185 -40.10572433 -134.046051
185 28.35534859 -142.8678436
185 42.28557587 -86.80793762
185 -55.11863327 -80.66828156
185 -105.9565506 -82.5022583
185 -61.32484818 -56.80062866
185 9.202684402 -179.1180267
185 58.32828903 -59.70878601
185 -54.56003571 -76.83278656
185 -119.709938 -67.36733246
185 15.27371216 -50.09781647
185 -108.6480713 -24.72302437
185 67.6493454 -29.61124611
185 42.04627609 -49.14468765
185 2.828434467 -60.73868942
185 -97.25495911 -10.10025692
185 -55.49596786 -18.05867767
185 -149.0048828 -16.7478466
185 60.49538422 1.104948401
185 101.4290543 -16.78227234
185 75.83080292 -29.94499779
185 58.95578384 -37.68466187
185 -110.287941 26.57118225
185 -1.289404988 -24.49103546
185 -233.7594147 -8.973186493
185 147.0087433 -2.911449671
185 22.46123695 -16.72645187
185 43.27702332 -37.23435211
185 -104.7673569 52.28865051
185 22.84492111 -11.69634438
185 -258.8215027 3.178968668
185 -257.0423889 -9.916003227
185 150.0666199 -7.147275925
185 61.88127899 -5.83326149
185 -110.6944962 119.2920303
185 -9.546789169 27.13148689
185 103.719902 -2.845910311
185 -25.36506271 -1.018523097
185 -314.3439636 -26.31087303
185 -254.1614685 25.59615707
185 159.2210541 -0.6598061323
185 183.8154602 4.48415947
185 149.0918884 20.55124092
185 -5.204605103 34.08177567
185 -129.4538422 185.2381592
185 73.95053864 50.51050186
185 142.3932953 -7.755549431
185 -22.4216938 -4.599547863
185 -331.0236206 -29.5158844
185 -236.4574127 45.01006699
185 185.3243256 54.26221085
185 214.0857086 35.60086441
185 86.47485352 35.83294296
185 1.520227909 123.8150711
185 -24.18336678 7.464436531
185 -168.4172974 194.5016937
185 -59.21284103 169.6576843
185 -117.4388351 201.961731
185 -30.24321938 -12.5376215
185 -313.8164062 44.65697479
185 272.6880493 92.98670197
185 165.1614685 36.79013824
185 174.9165344 71.57188416
185 88.35765076 30.24772835
185 172.2604828 48.82781601
185 -45.61874008 142.2011566
185 154.6684113 7.551865578
185 40.16757965 12.41634464
186 -238.5381165 -214.7205811
186 -204.3660431 -211.0993652
186 -257.2997742 -216.2962189
186 -195.8731384 -208.6414642
186 -251.1560516 -197.8560638
186 -126.4353027 -144.6261749
186 -180.8443604 -216.1906281
186 -242.9756165 -180.3366852
186 -179.4933777 -171.4678192
186 -259.7492676 -223.4117889
186 -124.6477966 -120.5980911
186 -22.91866112 -67.38369751
186 -125.7303772 -109.1239929
186 -198.6450806 -244.5329437
186 -183.6725616 -133.1956024
186 -102.8540115 -148.5816956
186 -300.0933228 -231.8370972
186 -90.51113129 -86.0996933
186 -20.7116909 -65.98937225
186 40.25078201 -8.483710289
186 26.82882118 -32.08165741
186 -66.3460083 -64.57170868
186 -116.3233719 -114.0360565
186 -153.7152557 -116.4414215
186 -197.6464691 -259.6821594
186 -235.2204742 -161.8392792
186 -60.08896637 -113.3831787
186 -138.9673309 -133.2371216
186 -56.64169693 -1.631419897
186 -3.764935017 -41.84225464
186 -40.49886322 -20.96641922
186 80.46515656 1.595428348
186 77.44098663 -1.22614193
186 0.7765545845 -38.02547836
186 -189.6313324 -111.2403793
186 -79.192276 -82.0921936
186 -201.0841217 -286.4907227
186 -243.3331909 -181.0698547
186 -245.0818939 -167.6643829
186 -169.0206299 -132.3221893
186 12.26701927 55.10458374
186 -3.549006224 24.32243538
186 -108.8802795 -7.677193165
186 24.40395355 -17.47975349
186 -3.659801006 -42.78097916
186 -17.38290977 -50.77856445
186 119.874321 36.69631958
186 31.21480179 -12.6785984
186 -12.00365543 85.84081268
186 33.59735107 52.1631279
186 56.05618668 77.86071777
186 -123.664772 3.005720139
186 43.68417358 -3.094824076
186 8.787305832 -45.5124054
186 22.10063362 8.108888626
186 64.20610809 -35.1034317
186 148.3647614 83.89187622
186 152.2522583 -9.352018356
186 108.7728882 21.12547112
186 73.78009033 11.62310886
186 -6.072335243 107.4222717
186 49.63290024 103.7255936
186 36.81003189 18.79952621
186 66.76847076 89.64287567
186 -163.9698029 7.178138256
186 -37.5882225 128.2157898
186 29.49409485 101.5163651
186 -1.059904933 -12.81611252
186 72.44221497 65.60422516
186 108.4431381 32.88152313
186 -90.52578735 111.9658051
186 -29.62266922 146.7872009
186 75.58094025 102.4197998
186 79.38179779 71.6465683
186 167.0290527 114.4673386
186 111.5537643 103.2410583
186 58.07633972 90.97707367
186 65.44267273 44.99525452
186 217.6218109 131.2501068
186 166.444458 129.4404449
186 121.152977 170.7768402
186 122.4797897 107.0159149
186 71.03167725 41.72279358
186 145.4283142 89.43828583
186 179.5619202 129.1533661
186 127.3779221 189.9473572
186 89.25616455 148.1439667
186 176.8510437 214.9876556
186 192.1446075 131.8596649
186 58.68289185 142.6836395
186 296.4096985 274.4353333
186 234.8687134 147.6895752
186 347.2300415 315.4127197
186 374.5599976 315.5977173
186 364.296936 306.9909973
186 338.5474243 311.3670044
186 431.3258057 296.851532
187 -27.46657944 -26.61155891
187 -72.88929749 -55.0051651
187 -14.20506382 -21.91666985
187 -40.37789917 -33.86992645
187 -104.9321136 -64.96018982
187 -12.09825611 -62.63396835
187 -66.98319244 -67.13240814
187 -12.9981308 -27.78663445
187 38.20755768 -91.86134338
187 -38.68691254 -65.21149445
187 11.63428593 -6.403395653
187 -97.28191376 -94.55800629
187 -99.98488617 -62.03682327
187 -28.62633514 -48.96817398
187 -13.97286701 -17.82024956
187 46.61974716 -119.2499008
187 86.85790253 -76.67926025
187 -46.11190414 -4.224977016
187 -92.44748688 -92.11500549
187 -107.8539886 -33.73838806
187 -13.97745705 -36.35162354
187 119.3138046 -79.75271606
187 8.044279099 -28.72018051
187 -143.3089294 -115.7149429
187 -124.8192749 -31.89678383
187 -105.7501068 -34.74067688
187 -146.7376099 7.937615395
187 4.551493645 -12.34654999
187 22.19199753 -77.27755737
187 41.67007446 -47.59869385
187 58.83193207 -5.256948948
187 -190.4729614 -147.2627411
187 -138.8289795 -56.93056107
187 -169.9441071 -23.03264236
187 -163.748703 -44.3135376
187 -7.87759304 79.01611328
187 19.14364624 -6.470220566
187 -16.71074104 -79.4781189
187 -19.5279808 -48.7772522
187 41.05159378 -58.97994614
187 -210.6769714 -54.06659317
187 -84.46377563 -108.9375458
187 -96.49381256 -6.894974232
187 38.32069778 123.8729477
187 59.11257935 -6.60430336
187 -20.75601768 -92.37030792
187 -130.1576385 -77.08411407
187 -50.41272736 -116.0282135
187 -45.11955643 59.77315521
187 -88.33094025 5.379096508
187 -8.587631226 101.1025543
187 219.9954224 144.8040924
187 80.27610779 115.6458893
187 -20.92089462 124.0855637
187 -50.22791672 100.5923996
187 -58.04696274 68.80077362
187 300.7603455 134.9529724
187 239.9432526 157.6627045
187 49.74593735 123.2069092
187 111.759285 122.3917694
187 -55.20189667 103.5575104
187 -55.49283981 97.29824066
187 320.1474609 96.25096893
187 384.2346802 148.5826416
187 292.4930115 -2.999852896
187 248.6440582 115.3755264
187 242.3491211 189.1375122
187 -1.227809548 118.2636566
187 8.83806324 134.980545
188 169.3214111 148.739212
188 123.530365 119.9739456
188 206.9651947 196.5361938
188 123.8575211 95.49632263
188 128.5692444 120.3424454
188 208.4197693 206.1449585
188 283.9785156 245.0306396
188 100.8162842 74.31327057
188 83.76686096 69.59238434
188 103.4656219 52.27030563
188 140.6589508 66.60028839
188 109.7319946 60.28998184
188 -41.75842667 22.18615532
188 118.1273117 105.1461334
188 73.69249725 53.80602264
188 133.1309967 45.26805115
188 80.7436676 18.20106316
188 167.4985504 106.3573303
188 -62.93875122 20.36237526
188 -76.81093597 11.69021225
188 153.0430756 112.0582962
188 138.1471252 62.60509872
188 -29.45558739 12.54152584
188 165.3634338 28.84909439
188 92.23561096 1.005934358
188 160.0740967 110.6484222
188 232.5945587 129.2888641
188 -96.6003418 -1.910287976
188 208.4335938 51.95916367
188 -44.32936096 9.148039818
188 -19.5910778 16.49610901
188 143.1186676 19.18919754
188 99.76110077 -23.90579987
188 -18.55157852 -8.580945969
188 -214.9545898 -45.81058884
188 219.6253662 16.57730293
188 5.762593269 20.35118294
188 93.50226593 -15.97316265
188 18.30955124 -16.91407585
188 -46.72133255 -27.64361572
188 -264.5042419 -64.24185944
188 196.1822662 -3.698905468
188 18.97198868 10.08711243
188 -49.07658005 47.7337532
188 141.7144775 4.777583599
188 59.87985611 0.183287248
188 156.8330383 -11.66192055
188 123.1092758 -18.73130035
188 -96.85272217 -55.10983658
188 -38.91453171 -33.23754501
188 -285.1730957 -81.44605255
188 -73.07234955 -24.94874573
188 -101.108429 -87.48041534
188 -88.05053711 -77.59507751
188 -139.0195465 -67.00726318
188 -66.5586319 -35.33190155
188 -370.4121704 -127.2943268
188 -147.9696808 -104.7768097
188 -171.8802795 -114.5659256
188 -65.3094635 -71.11650085
188 -127.1555099 -73.91388702
188 -168.1957703 -29.77511978
188 -88.73358154 -32.81772995
188 -109.4821548 -94.32780457
188 -123.6282196 -146.9264832
188 -266.6161499 -148.4984283
188 -91.15213776 -103.8951187
188 -154.4043274 0.4128224254
188 -115.8534393 -17.97286987
188 -95.96096802 -175.8416595
188 -91.73963928 -208.8961182
188 -325.3987122 -163.1369324
188 -277.0365295 -155.6521149
188 -137.9654236 -21.62290955
189 218.6848755 -25.40497017
189 200.503952 -15.1240797
189 94.5096283 -6.074444294
189 225.9587402 -19.317873
189 177.9773102 -0.3584143519
189 105.6689072 5.573224545
189 34.30790329 7.947318077
189 9.783736229 9.044537544
189 223.0233154 -19.40936852
189 181.7875519 24.23493958
189 154.3066864 18.57112503
189 18.27603912 32.99028778
189 122.278595 -51.02013779
189 161.5808716 -27.70040512
189 137.7037201 -15.43292236
189 106.0301895 64.01119995
189 152.2276001 5.598686218
189 221.6673431 70.85076904
189 185.0083313 16.07661438
189 88.95511627 32.04934311
189 12.39017582 61.78293228
189 100.506012 -68.12496185
189 91.46829987 -30.22128868
189 88.30273438 -73.36060333
189 75.75721741 94.7563858
189 53.72728729 90.56594849
189 101.7536926 94.09502411
189 124.8490219 4.738696098
189 294.5495911 96.16645813
189 222.8667145 92.03131104
189 243.9296875 35.44926071
189 46.51595688 35.89459229
189 -12.02959728 79.88215637
189 30.56061363 49.66244125
189 37.93306351 -146.4404144
189 31.58462715 -8.485644341
189 49.37028885 -41.4701004
189 67.50468445 77.15821075
189 65.6095047 114.1255341
189 90.50262451 115.2518005
189 245.9044647 111.7420959
189 10.61396217 73.81027222
189 -32.81889343 94.36012268
189 33.47006607 -9.774925232
189 -18.67960167 11.91735268
189 -22.95619202 -48.09975052
189 77.47949982 93.99017334
189 -34.5501976 120.6985168
189 -23.53924942 -14.54654408
189 33.68225479 10.8280592
189 -99.79224396 -77.86669922
189 -143.0229645 -23.03370857
189 -165.9165497 -86.57079315
189 -202.4959564 -31.79293251
189 -200.1242371 0.5231833458
189 -180.9790497 -112.7074127
189 -217.5551453 -26.80441475
189 -231.6504517 -24.05157661
189 -195.6384888 0.2809474468
189 -257.5863342 4.724485874
189 -204.2275238 -109.8342133
189 -231.3824158 -35.85113144
189 -246.9477539 0.07936584949
189 -237.1844025 -7.291206837
189 -253.4605713 -6.261744976
189 -254.3056488 -154.6794128
189 -223.5089417 -74.45608521
189 -285.1503296 -18.34049988
189 -333.4482117 -168.9773254
189 -283.3551636 -26.6837883
189 -458.7662964 -245.8934479
190 -180.3035583 -92.48732758
190 -254.1349487 -142.0020447
190 -177.8321686 -74.298172
190 -96.03916168 -59.05719757
190 -213.3059845 -59.40682983
190 -155.4511719 -69.86938477
190 -81.9489212 -47.45643997
190 -121.7629852 -108.1451263
190 -52.36999512 -13.24938774
190 -259.8487244 -50.74985504
190 -113.7729492 -50.51475906
190 -66.69010162 -43.05079269
190 -94.66033173 -87.86320496
190 27.75993729 -10.01542568
190 -46.46913528 -31.6108532
190 -105.2706299 -4.051328182
190 -80.10852051 -35.26957321
190 -63.18383026 -76.0196228
190 65.47944641 -12.79819298
190 140.1480865 -2.738049746
190 -29.6106205 -55.41531754
190 -8.980553627 -20.52604294
190 -43.9233284 -64.40364838
190 173.7094727 24.66440201
190 169.7376404 -6.964704037
190 197.5457611 19.03501511
190 -19.73366547 -58.29063416
190 34.12030411 -24.17098999
190 -14.15452576 -53.43183517
190 177.1242523 12.47165871
190 230.9467621 46.61831665
190 202.101532 15.86302376
190 192.2959747 42.96972656
190 -11.63302898 -31.64249229
190 -70.75320435 -81.75214386
190 102.6597137 -6.884025574
190 5.554055214 -33.69062805
190 199.4765625 18.78799248
190 254.4084778 45.07823563
190 -69.78461456 -37.5484314
190 -91.27250671 -59.88332748
190 138.9971313 -15.04599285
190 127.2030792 -5.474256039
190 -4.841503143 -16.60933304
190 215.8579559 36.6162529
190 226.3778381 20.59400558
190 307.4397888 53.94355011
190 -91.20207977 -32.89504242
190 -136.0608368 -77.61612701
190 148.5517273 -22.43409157
190 91.88978577 10.25357342
190 61.14287186 9.841151237
190 14.15199757 27.97518158
190 -27.32305717 41.25348282
190 -60.08573151 24.08366394
190 -24.66645813 79.85649109
190 -4.887197018 56.87102509
190 -89.25032043 -1.906954169
190 -18.88314438 68.17613983
190 23.05100822 84.9378891
190 -30.83556175 62.58366394
190 -48.68238449 92.36606598
190 113.3069077 117.8425446
190 -98.07233429 53.78144073
190 -75.31092834 54.4314003
190 -77.14601898 143.2621307
190 200.9778442 148.9775543
190 -185.6629181 53.2727623
190 -91.67229462 25.91959381
190 -43.53427505 60.87036133
190 -105.6374207 42.55403519
190 -105.2623825 181.4874268
191 203.8862305 111.3200073
191 146.7964783 55.39035797
191 272.6419983 121.9554443
191 92.42218018 15.29652309
191 247.4374847 73.75778961
191 335.603363 129.0885468
191 19.3681736 13.93113899
191 63.17098999 -26.05573273
191 86.07587433 33.64605713
191 152.6816864 50.33217621
191 320.7120667 112.0080185
191 364.2173462 132.2065125
191 -36.84254074 -19.53686905
191 51.15400696 -34.01602554
191 63.79455566 50.83625031
191 172.3284607 52.98130798
191 327.9751587 117.6398621
191 398.1947021 132.2115784
191 -82.61539459 -49.68836975
191 36.31888199 -59.69377518
191 5.108588219 42.30349731
191 52.66526031 51.79496002
191 104.979332 31.41091919
191 254.7477264 65.63831329
191 -159.3444824 -53.52823257
191 -85.99401093 -80.42630005
191 -39.31293488 41.97167206
191 20.81576538 40.98461533
191 178.8964386 8.803325653
191 -185.4435425 -80.04827881
191 -131.7511597 -40.47056198
191 -200.6920929 -51.58983231
191 -42.77935028 -50.46127319
191 -38.66989136 -109.8427277
191 -87.48643494 -10.18279934
191 36.24595261 70.00160217
191 -61.72088623 -2.37760973
191 242.4624939 29.91379738
191 -119.1801453 -45.79609299
191 -30.80039215 7.437395573
191 -27.11312103 -85.34303284
191 -30.53642845 -131.4068909
191 -97.93556976 -4.454039574
191 -87.45897675 -3.536667824
191 -42.16797256 -6.642262459
191 62.68331909 81.40029144
191 -90.82309723 5.489502907
191 -96.76846313 -22.95957375
191 -124.9063263 -46.91599274
191 -25.80886841 -141.7111053
191 11.25904751 -117.4341965
191 -117.8085175 -16.34939194
191 -98.38173676 7.450634956
191 -101.7979584 -7.54155302
191 -54.86249161 49.87773514
191 1.06872189 32.97997665
191 20.69792175 -12.81866455
191 117.8659897 100.1515274
191 24.6129818 2.713234901
191 -109.546463 -29.65917397
191 -151.3551788 -59.06932831
191 -120.8997498 -40.52237701
191 -119.4225235 -24.58491898
191 -134.937027 -41.37810516
191 -134.5527496 -36.89534378
191 -209.9511719 -66.06942749
191 -153.3968201 -33.05199814
191 -104.1509171 -24.15521812
191 -126.9570465 -27.62278175
191 -100.2930756 -17.38980103
191 -153.1646423 -36.56223297
191 -54.71087646 -5.477930069
191 -89.01284027 7.38350153
191 -185.676178 -44.8744278
191 -50.41466141 -60.54975128
191 -191.444809 -21.61748695
192 31.193964 44.60433578
192 69.31195831 88.16455841
192 5.873578548 1.524763942
192 -61.61369324 -47.41957474
192 -44.76580048 -86.87404633
193 -91.3049469 -18.27195549
193 -68.2688446 -7.710377693
193 -115.6474609 -44.25246811
193 -0.2563717663 2.125370502
193 -96.45207214 -51.19318771
193 83.85842896 41.782444
193 -76.30589294 -53.26280975
193 84.63098907 40.84605026
193 33.57704544 28.03365326
193 7.282417774 -30.35151863
193 -94.24247742 -70.31578064
193 110.0863266 42.34656143
193 108.3018799 55.54011154
193 20.84519005 18.11550713
193 94.46941376 12.35179424
193 -15.49760723 -28.8142662
193 -77.57247162 -73.96327209
193 49.12986374 55.22387695
193 -6.000984192 -15.3857832
193 67.27166748 12.50851917
193 -17.12945557 -22.55160713
193 32.0608139 66.23700714
193 -65.41602325 3.526357651
193 -99.52077484 -23.5761795
193 -54.23218918 1.756030202
193 97.85732269 28.94973946
193 -34.42917633 -37.96390152
193 30.33287239 74.76981354
193 -175.6075134 -61.18880844
193 -61.11495972 -12.7035265
193 -116.8236084 -0.02101031318
193 -23.11384201 2.93323946
193 113.3891602 44.71949387
193 -28.90805435 -24.42671585
193 3.973585606 -14.94289684
193 -21.90536308 -70.48123169
193 -230.2007141 -73.53659058
193 -83.42884064 -13.29249001
193 36.87595749 19.5906601
193 -19.27938652 -6.068707466
193 68.51419067 81.70375061
193 117.6434555 22.55134201
193 -14.56982899 14.14180374
193 85.52244568 -16.31196022
193 -278.4188232 -99.72542572
193 -110.8287506 -31.83008194
193 110.8825378 31.3392086
193 -4.338958263 -40.35834122
193 145.1826019 129.336853
193 46.35940552 72.69864655
193 124.7988815 100.1190109
193 -35.91804123 66.67324066
193 184.3890533 -25.71269226
193 -318.4286804 -119.3161163
193 -95.71173859 -60.5350647
193 75.64466095 90.36611938
193 -18.88836288 83.27928162
193 146.9138947 111.0239487
193 -40.96820068 68.96064758
193 -45.94593811 72.91511536
193 199.2486267 -31.84885788
193 154.2466888 -55.13948441
193 245.4682922 1.592057228
193 -324.1074219 -126.4323502
193 -326.740448 -130.5310822
193 81.80478668 120.1028519
193 -63.07239914 71.15696716
193 -58.59337997 73.38540649
193 -60.37098312 85.65441895
193 202.2514954 -41.04145432
193 232.3466339 -15.4794445
193 152.8566284 -95.92395782
193 -371.3432922 -136.8972778
193 -373.9050598 -169.5022125
193 77.97571564 135.6686859
193 -126.1393204 86.43487549
193 -71.66093445 69.77954865
193 227.6571655 -76.68049622
193 286.59198 -65.45861816
193 229.3565826 -27.99013519
193 243.0116119 -19.24985695
194 195.7312164 -61.8419342
194 183.3547516 -44.46180344
194 134.8235168 -38.97695923
194 136.6317291 -0.5392718315
194 92.11697388 -3.949925661
194 165.869873 -8.313559532
194 94.21240997 11.26848698
194 69.51660156 14.4897728
194 79.55493164 -3.390468836
194 168.7750549 -31.22304153
194 159.3556671 8.031209946
194 30.80353355 17.08579826
194 83.75312805 18.51208496
194 86.40263367 29.53682709
194 52.51031113 18.37236595
194 68.29656219 28.42337227
194 64.38534546 4.060218334
194 89.48488617 16.84882927
194 18.01096725 34.71845627
194 79.97710419 30.57531357
194 76.76300049 42.87588501
194 13.00438881 12.23550034
194 81.37760162 23.85042763
194 71.1758728 19.65624046
194 110.0835419 25.41122437
194 29.13800621 -7.4239254
194 72.27749634 11.8600378
194 -24.62926674 7.544569492
194 92.65457153 38.44642258
194 43.65780258 17.75111389
194 -23.00595093 -18.06191063
194 -17.73005486 -20.8921032
194 34.91749191 5.109574318
194 83.67268372 11.39379787
194 121.66465 45.44630051
194 -75.53787231 -35.91407394
194 -83.78952026 4.227220058
194 -35.78222275 3.208311319
194 130.8296051 45.68955231
194 -159.5113373 -7.852734566
194 -40.80778885 -5.535095692
194 -54.70849228 -31.90654755
194 -87.6664505 -37.52827835
194 44.77647781 43.2628479
194 13.08641052 4.690022469
194 34.92119217 -20.91413689
194 67.07248688 66.77323914
194 99.37863922 69.08021545
194 -60.8536377 -46.0770874
194 -87.42697144 -57.29858398
194 -79.90184784 24.80950165
194 -142.1958923 -12.89313793
194 -56.97072601 6.721833706
194 192.0887604 62.0473938
194 -215.2335815 -23.34041023
194 -171.2020569 -7.690478325
194 -205.1280518 -44.42330933
194 -93.72501373 -41.91973114
194 -174.1661987 -72.76219177
194 -79.55200195 -53.85663223
194 30.95465469 67.52102661
194 -10.9768486 -13.17969704
194 16.76411819 -31.05994606
194 -28.61523438 91.95423126
194 78.42602539 91.43773651
194 -139.0895233 -86.72515106
194 -73.74765778 -55.69151306
194 -56.36261368 61.39600754
194 -196.8730927 -33.34640121
194 -140.115036 -21.99753952
194 -178.0653076 -30.28105736
194 244.1498108 70.77480316
194 293.2106323 81.94211578
194 188.3953857 97.31935883
194 -141.1345673 -18.29561615
194 -78.81243134 -33.97701645
194 -230.8755493 -103.7927628
194 -200.5119934 -89.4091568
194 -131.8575897 -81.4237442
194 -8.895225525 66.57400513
194 -24.78754997 -33.75795746
194 -35.55408096 106.5787277
194 -42.52630615 100.2640686
194 -42.81846237 -26.62867165
194 -144.2272034 -84.63891602
194 -214.1048737 -96.66723633
194 -228.5322723 -79.91591644
195 2.178179741 -61.63106918
195 24.61788368 -18.22208595
195 -14.17328358 -99.93469238
195 46.06383896 -85.83924103
195 -47.92599106 -39.53773499
195 129.4939575 35.88082886
195 17.71240616 -19.92886543
195 -65.79389191 14.62039089
195 -34.56968307 -2.486393929
195 -3.633652449 -84.16551971
195 213.2524261 75.85301208
195 134.1057129 22.14089012
195 46.97848892 -1.907980442
195 -25.53270149 -65.74703217
195 -64.04234314 6.091256618
195 -88.85176086 67.11404419
195 -59.87439728 -8.642280579
195 -40.51955795 -3.292864561
195 -37.09506607 -4.103435993
195 -11.29629421 -133.5033112
195 -34.25181961 -62.61351395
195 168.1906586 89.17474365
195 285.7678223 91.78144836
195 277.3441467 54.04679871
195 -88.63476562 -136.3553467
195 -47.78660583 10.20687866
195 -52.52819061 42.67493057
195 -90.79853821 120.8013382
195 -49.9341774 -32
195 -21.57429314 14.77261543
195 -29.65742874 -68.09897614
195 68.05670166 83.7328949
195 171.6771698 71.35546875
195 222.0765839 66.3755722
195 262.4963074 90.68244171
195 212.930542 52.21953201
195 -80.08718872 -115.6548157
195 -75.92739105 -101.5292282
195 -136.6055908 -116.4029388
195 -104.4738922 -81.90906525
195 7.332581997 23.63433838
195 -56.56954193 68.14476776
195 -111.9240952 121.2825089
195 -138.370697 143.1218567
195 -82.4620285 146.118988
195 -46.6142807 -80.2746048
195 26.68294525 59.71046066
195 32.46437454 -44.22958755
195 4.046307087 -54.64972305
195 61.56583023 69.72782135
195 59.72829819 114.5699921
195 -76.48760986 -86.96780396
195 -121.8565063 -149.5499573
195 -141.2368927 -78.10773468
195 51.41759109 29.75888062
195 -109.3053284 43.682724
195 -82.75314331 114.1492844
195 -98.09643555 133.2300415
195 -86.42922211 -105.2382126
195 62.70108795 77.25511169
195 8.841650963 -50.31137848
195 26.85131264 -60.87654877
195 115.392067 72.85311127
195 -171.592041 -57.92424774
195 20.41877365 -88.72203064
195 -131.1187897 -26.40659904
196 -34.52541733 4.555723667
196 -5.618011951 7.690532207
196 -16.75974655 11.19423103
196 -18.13532257 -3.721657276
196 25.87019157 5.142140865
196 49.1683197 -24.86096191
197 -129.1664429 -70.19419098
197 -83.36027527 -56.04681015
197 -133.7053528 -69.80150604
197 -113.7596436 -71.65203094
197 -202.6815491 -87.90242004
197 -67.85877228 -55.03920746
197 -73.81551361 -51.75759125
197 -23.32011414 -44.64585495
197 -72.95000458 -43.60945511
197 -158.8434753 -85.82849884
197 -136.0350342 -119.6364746
197 -116.2197952 -55.71407318
197 -152.6769714 -81.11859894
197 -2.420624733 -22.87081146
197 -131.0320892 -77.09153748
197 -60.23000336 -42.09225464
197 -18.90336418 -26.81232452
197 -121.5894318 -35.98825073
197 -128.272644 -44.5387764
197 24.23395729 -40.79196548
197 49.67066574 -11.74121761
197 -19.38099289 -57.81772995
197 -45.64499664 -45.96390152
197 -113.0775299 -43.97943115
197 44.6857872 10.86056995
197 -133.2974854 -0.9060330391
197 -149.9734955 -38.843647
197 60.78710938 -57.06251144
197 71.85231018 -14.68505192
197 67.0943985 1.623404741
197 -70.27619934 -69.92686462
197 69.06672668 8.851296425
197 139.9835663 29.08395958
197 -173.1109009 -11.33523464
197 -34.04034424 36.05913544
197 -159.2486572 -18.68342018
197 72.97073364 -77.55776215
197 66.44833374 10.66337109
197 89.26822662 16.60558128
197 119.7798843 20.86421776
197 137.2767334 8.029830933
197 -251.9404297 -21.46906662
197 -182.4434204 -6.522553444
197 -23.35822296 63.43684387
197 43.69213486 55.26576233
197 39.151371 -107.9870911
197 126.1030884 29.522892
197 136.635376 44.62821579
197 -203.2648621 15.99814987
197 -24.81826401 79.04343414
197 151.4079895 57.73914337
197 34.77748489 39.61668396
197 162.556778 63.502285
197 -30.6764183 102.2069397
197 197.7292786 83.41442108
197 212.7607727 63.0999794
197 168.1249237 7.795256138
197 22.51630783 31.68299866
197 -81.11780548 126.7536545
197 164.6472473 82.90874481
197 177.1974945 84.61014557
197 191.5301208 77.84107208
197 170.0124969 28.83224869
197 198.5526733 -19.37346268
197 27.71995735 17.14443779
197 -93.19911194 155.8839111
197 -92.3277359 137.6387939
197 219.0909576 100.5088272
197 220.9942627 92.75858307
197 129.71875 2.5128932
198 143.7601471 92.63752747
198 182.2915192 135.8909912
198 155.8574677 109.0753937
198 111.3869476 79.01571655
198 94.94625854 73.89691925
198 156.1673889 87.08216858
198 144.9467621 102.4202194
198 28.27478409 58.91080093
198 13.75826931 36.36901093
198 200.819809 90.87706757
198 147.5524597 121.5514832
198 -34.97463989 51.74501038
198 -48.72021103 -6.34500885
198 6.160049915 42.46606064
198 167.9868469 81.186203
198 48.40514374 47.81061935
198 176.6056519 164.3142395
198 -86.14360809 19.72269058
198 -74.26693726 -15.65168953
198 -1.755609632 -34.40123749
198 -70.79637146 -33.48695755
198 23.08855247 19.94556236
198 120.2171402 76.54695892
198 89.27072906 64.35758209
198 187.4895172 204.0939026
198 197.4277191 179.9990997
198 -100.2507401 33.44253159
198 -131.8004913 12.80179024
198 -38.78719711 27.66298485
198 -117.0914764 -31.6658287
198 1.510134816 -43.08830643
198 -174.3594055 -79.20889282
198 30.65688324 -8.692540169
198 -12.69950485 -5.178850174
198 -28.42162514 -44.11827087
198 70.79167938 38.45467377
198 90.03486633 39.7284584
198 184.3396454 214.591568
198 -2.822792053 -39.86257172
198 -167.8752289 -103.9798889
198 -44.12358856 -60.99126053
198 -119.1743393 -81.89664459
198 89.81125641 9.125324249
198 203.6927948 14.11570072
198 110.4770432 56.88187027
198 -35.93128204 -62.12118912
198 12.40798473 -28.54967499
198 24.41906357 -17.78318787
198 -228.5124512 -143.2639618
198 -56.95056915 -86.68586731
198 67.72015381 -32.80728912
198 -188.7612305 -116.2495117
198 196.460495 17.15819168
198 220.1427612 12.79696369
198 138.3358154 77.74796295
198 -1.067041516 -40.11739731
198 -189.6225433 -179.0497589
198 -326.3817749 -198.2202301
198 -299.229248 -163.6617126
198 -148.2434387 -130.7198486
198 -246.9539642 -151.3402863
198 -276.4318237 -175.1020508
198 -281.4443054 -191.4836273
198 -303.6207886 -188.6996918
199 -206.4164886 44.11599731
199 -122.7595139 57.13372421
199 -258.0642395 36.46497726
199 -58.51091766 70.30397034
199 -189.221756 40.56037521
199 -60.89916229 59.90248871
199 -39.00538254 98.13516998
199 -197.6373749 33.55065536
199 -63.90807724 56.26225281
199 -58.07761383 63.14227295
199 33.59344864 117.9145889
199 -127.237999 49.03851318
199 -58.76971436 38.94251251
199 -69.72868347 54.00695419
199 -100.9279709 93.1623764
199 -116.4654083 71.61705017
199 -122.4376984 87.46105194
199 -22.90209198 -22.61353493
199 -85.27631378 25.29822159
199 -55.07183456 68.59703827
199 -88.88146973 25.5292511
199 -62.24285126 71.55380249
199 -120.5069809 94.88197327
199 -186.7891693 114.8529282
199 -79.06987 45.4435463
199 -143.2022247 98.49664307
199 56.70828247 -110.0372543
199 -117.4833221 21.98344612
199 -21.08176231 -21.08278275
199 -101.437645 17.61005783
199 -80.88207245 70.73130798
199 -98.5353775 98.45441437
199 -71.9961853 26.87074471
199 -131.281662 7.806171894
199 70.6447525 -92.29675293
199 6.465116501 -76.93736267
199 101.0421677 -112.6465454
199 74.26287842 -66.23499298
199 16.40574455 -13.62852955
199 -135.9586792 66.19385529
199 -60.92102814 77.40499115
199 -95.35150909 41.51495743
199 -81.1727066 36.98944092
199 -175.2671967 -64.50640106
199 113.696167 -100.8457413
199 94.31428528 -122.7900085
199 158.4077148 -74.52297974
199 2.684736252 14.15486431
199 -235.8046722 79.67933655
199 -95.87551117 53.41661072
199 -58.57829285 27.42501831
199 -231.5005951 -96.87643433
199 118.3867798 -119.0686035
199 88.69287109 -127.494194
199 155.191925 -140.7877502
199 247.4182739 -40.37398529
199 61.71973419 55.25696182
199 131.7360229 -130.9110107
199 68.477005 -122.2834778
199 184.195282 -149.5244751
199 199.4443665 -161.0047607
199 257.9573059 -60.64497757
199 219.5404205 -72.40223694
199 288.2670593 23.80465889
199 253.5704803 -54.85535431
199 69.90608978 56.03420639
199 134.1339111 -161.625885
199 275.2189941 -145.3676605
199 232.822113 -52.79362106
199 216.9154053 -41.88486481
199 366.558075 68.13366699
199 188.7622681 96.20913696
200 -240.9355164 -78.65724945
200 -257.9900818 -47.35006332
200 -211.5860138 -96.35427856
200 -199.9299469 -83.80928802
200 -150.5362701 -50.03586578
200 -146.358078 -37.52565765
200 -165.1649475 -52.93580246
200 -143.0765686 -52.99881363
200 -98.06256866 -27.37748718
200 -175.7098999 -34.53965378
200 -146.5905457 -52.96090698
200 -140.284729 -19.79296494
200 -157.9401703 -55.56390381
200 -71.86630249 -21.79029846
200 -149.4455261 -25.60434341
200 -144.6696167 -69.67107391
200 -182.9172363 -56.36581421
200 -122.866951 -42.06984329
200 -117.754509 -1.157466292
200 -142.9382935 34.29263306
200 -11.92111206 -7.311285496
200 -136.7415314 -34.08766937
200 -237.589447 -73.60084534
200 -159.2365723 -45.12653732
200 -68.20836639 -23.55350304
200 -97.83283997 -1.636097193
200 -89.45606232 -11.70404053
200 -136.609787 -37.69356918
200 169.0144348 6.731421471
200 -36.20938873 -12.8746233
200 -150.1303558 -42.71073532
200 -189.0097351 -57.67517471
200 -59.42477036 0.7870597243
200 -63.73463821 27.78849983
200 -63.31210327 -9.48516655
200 248.0756683 3.891093016
200 265.4721985 27.57538986
200 -201.3786774 -62.48590469
200 -50.90313721 -12.07256985
200 -60.14261246 6.536675453
200 -51.57633972 37.90107346
200 -44.03269196 62.29745865
200 -71.93875122 -2.76001215
200 -37.68648529 -11.57919788
200 47.26301575 -92.25681305
200 216.5561676 -12.04393196
200 325.8341675 30.69407272
200 230.1342468 -1.072587609
200 387.5745544 124.4176788
200 291.2514343 10.35874462
200 108.9754639 36.41643524
200 297.039032 13.63494015
200 551.9033203 230.4259796
200 301.8917236 -26.64497948
200 169.8345337 78.28111267
200 55.45119858 15.63120365
200 130.6201172 1.859383583
200 206.9785004 112.3232422
200 141.3146362 -12.84161949
200 211.4433136 124.0693741
200 230.1438751 148.7290039
200 310.6965332 184.7139893
200 286.2310486 178.4210815
201 -168.9361725 -151.9104156
201 -147.2635803 -155.444397
201 -177.4829712 -140.6254578
201 -208.0338135 -169.2638702
201 -160.3096771 -169.5281372
201 -219.2642975 -111.818367
201 -239.1374664 -174.0906677
201 -243.0042572 -181.9881439
201 -254.9124603 -174.7449799
201 -102.839447 -159.0054474
201 -127.161171 -53.34358978
201 -260.6268311 -152.6600494
201 -221.364151 -85.53123474
201 -220.2574158 -174.5487366
201 -289.2476196 -185.2353516
201 -279.7859497 -187.4805603
201 -238.0870361 -240.9749146
201 -84.92034149 -188.9369049
201 -22.78915596 -113.3261108
201 -83.35334015 -19.76496696
201 -253.887558 -65.74071503
201 -286.3630981 -184.5030975
201 70.0767746 -29.77974701
201 -56.65890884 34.04076004
201 -20.1559906 -10.85240555
201 -264.5645142 -38.35450363
201 -327.4894409 -193.9360352
201 128.9212189 16.10529327
201 77.94976044 -32.84325409
201 -19.07588959 42.81198883
201 39.54106903 15.54439259
201 109.2275696 55.18120575
201 100.0631638 68.17140961
201 128.716217 9.902881622
201 13.11821938 80.20998383
201 69.32843781 3.199131012
201 31.04711914 34.3932724
201 93.77780151 33.81305313
201 61.82788849 91.21804047
201 136.5789948 118.2532196
201 160.7793121 59.02261353
201 -33.64748383 95.28437042
201 73.3702774 -24.12466812
201 39.7347641 96.12493896
201 128.7037048 120.7214508
201 145.9640198 155.3383331
201 191.5295105 162.7963104
201 211.9927063 73.24441528
201 187.8280792 75.96266174
201 -17.17065811 122.2172852
201 -7.547426701 91.30490112
201 -104.407959 62.69234085
201 66.42620087 -30.69028282
201 324.428894 126.8299713
201 104.9516296 31.1289444
201 231.393158 95.13654327
201 187.302475 82.76161957
201 -22.49327087 146.7594452
201 28.25074005 130.7046509
201 -130.4714661 28.48908234
201 418.4508972 177.9391327
201 105.5903625 34.04684067
201 83.52867126 30.42715073
201 233.5017242 119.7454987
201 214.1145325 102.8430557
201 -32.60314941 168.0828094
201 98.35877228 165.5968628
201 521.9817505 251.1642303
201 83.92573547 22.20333862
201 68.43840027 16.13513947
201 354.593689 153.4987488
202 95.71955109 113.007309
202 118.077301 48.9925499
202 94.90512848 125.9300003
202 42.29649353 95.12901306
202 43.18480301 133.6796112
202 115.7374878 9.533912659
202 143.453476 55.05687714
202 134.0704651 69.97937012
202 75.96616364 124.4393768
202 117.7034607 131.53125
202 161.2340698 149.9932709
202 17.72129631 104.2140961
202 -8.596169472 155.2168884
202 147.7655029 -29.44942474
202 117.6822662 -29.60425568
202 130.266861 33.88816833
202 179.5064392 54.51326752
202 93.34107208 141.9418793
202 162.1601868 151.4079437
202 -18.72978401 58.39896393
202 -14.64199257 182.9383087
202 -31.26104927 148.2425232
202 68.90129852 -66.72529602
202 30.0212059 -57.23931885
202 137.2615204 182.5179749
202 -40.4180069 36.36069107
202 -20.14863014 202.343338
202 -13.18481064 186.1799164
202 -4.979255199 -84.03495789
202 -7.028701782 -88.25300598
202 43.80780411 -65.39981079
202 140.6076202 240.1540985
202 -45.64820862 -8.91304493
202 86.73539734 240.3769073
202 -64.95468903 -63.77014542
202 -55.53260803 -116.8188248
202 -14.05844212 -46.24285889
202 -53.12919235 -20.58590889
202 -73.47022247 -51.93913269
202 -98.41611481 -27.98864174
202 71.49600983 230.4897003
202 -56.85678864 -45.01746368
202 -101.7207718 -103.0305023
202 -79.24989319 -136.3658752
202 -30.08564377 -39.69289017
202 -71.77293396 -59.46036911
202 -65.92274475 7.40669775
202 -93.31752777 -47.56026459
202 109.82444 235.3099823
202 97.38311768 234.5795593
202 -87.05664062 -29.37293053
202 -107.318161 -146.6476746
202 -132.2436523 -134.9086761
202 -87.37239838 -132.6910858
202 -21.20284653 -10.69370556
202 -103.5490799 -83.12216949
202 -78.7023468 13.41741943
202 -159.9707031 -9.096844673
202 -48.48287964 -56.08834457
202 -42.48556137 -63.48167419
202 -120.0159225 -134.8816071
202 -114.0313263 -112.5839691
202 -153.6883087 -142.7882538
202 -41.83660126 -150.517395
202 -72.25273895 -90.73012543
202 -144.6100159 -122.5295334
202 7.817838192 -6.896613121
202 -19.68507004 24.29551888
202 -74.57556152 -89.46796417
202 62.22640991 -34.11867142
202 -85.16165924 -50.40280914
202 -120.5301208 -132.3638153
202 -184.8452606 -160.705658
202 -41.35575104 -151.1285553
202 13.82928848 -160.3729553
202 -87.43354034 -70.71743011
202 39.92763138 -3.965654373
202 93.7077179 -44.8026619
202 94.73638153 -19.80734825
202 -206.0219574 -190.9854889
202 86.46353149 -152.2202148
202 102.3455811 5.083189487
202 119.6664505 -50.36777878
203 9.093371391 -56.54552841
203 10.49153233 -35.86126709
203 16.93201828 -7.043472767
203 -20.91819763 9.086541176
203 52.43977356 -3.173086882
203 -36.83388901 23.99126053
203 127.290123 -18.95725822
203 -52.43436813 26.50217438
203 -106.0603333 62.00063705
204 -36.4288826 -37.0742569
204 -20.30985832 -2.4892416
204 -69.56619263 4.408590317
204 -31.39720535 41.55038452
204 5.289992809 -37.05140305
204 -51.71405411 19.25025749
204 -57.89561844 6.783343792
204 -59.4874649 41.58369446
204 -40.76702118 -0.9559774995
204 6.84559536 -49.60411835
204 -43.13581848 27.16260338
204 -38.90847397 45.15330505
204 -107.7081985 5.378356934
204 -137.5791931 -17.69243431
204 -61.65701294 2.692535639
204 -27.08300781 33.56360626
204 -124.4157028 1.037342906
204 -72.89015961 116.7406006
204 -31.22789192 -0.8435464501
204 -58.608181 6.760465622
204 61.76764679 -0.1316438466
204 27.58124352 -62.73243713
204 -52.88889694 61.70610046
204 -43.79557037 17.52812386
204 -153.2819214 -4.201328278
204 -84.27967072 -30.8366127
204 45.33959579 48.73717499
204 -23.04374886 18.11832428
204 -59.32847595 154.3646698
204 -14.26912022 23.33415985
204 8.589904785 -24.62600899
204 26.57291985 -17.31691933
204 -80.633255 13.59941578
204 108.5222473 3.381776094
204 -45.84583664 60.1652565
204 -97.72054291 78.70121765
204 -98.34740448 -81.82138062
204 113.2654419 60.40010071
204 15.79414272 47.28113556
204 53.0930748 -3.95452714
204 -14.98462391 146.1001892
204 -30.51124382 166.4414825
204 29.6876564 -29.03695679
204 -77.91291046 -136.6817474
204 -136.8714905 -75.47258759
204 172.8230286 103.6030121
204 -12.11781883 46.5843544
204 66.95714569 -19.58242989
204 217.1577454 115.6903229
204 156.0495605 111.4913712
204 62.04098892 -46.30632782
204 225.328186 114.4017258
204 78.28604126 -59.25251389
204 88.8061142 -69.62433624
204 124.7847519 -31.79642105
204 96.26053619 -90.79224396
204 44.86467361 -117.4599686
204 83.01148987 -153.0211334
204 47.35148621 -136.4620056
204 48.85356903 -114.5964127
204 39.19668961 -157.3303986
204 42.49184799 -134.9476013
205 -420.2312927 -395.3612976
205 -345.6361694 -344.8703308
205 -244.5332336 -322.2763367
205 -405.613739 -416.803772
205 -285.0029907 -297.5289917
205 -260.2153931 -260.5480042
205 -207.4313354 -277.1940308
205 -217.4575958 -232.5869141
205 -287.6030884 -249.6902466
205 -168.8632355 -165.8626862
205 -257.1521301 -219.3756561
205 -144.1720581 -113.1151886
205 -232.9846497 -196.0402832
205 -308.8164673 -235.0727844
205 -102.9150009 -81.79241943
205 -185.3702087 -97.41584778
205 -209.4543457 -164.233078
205 -379.7365723 -273.0385132
205 -37.72752762 -28.65512466
205 -176.0688477 -111.5551147
205 -217.8894806 -82.52596283
205 -241.5554047 -107.5922241
205 -267.2998047 -157.9934998
205 -274.0605469 -180.195816
205 -121.7463303 -136.8471069
205 51.10123825 28.50188255
205 -250.5572815 -126.5120773
205 -117.3341522 -0.135179773
205 -276.0357056 -122.1804581
205 -324.3962402 -127.4983139
205 -91.37416077 -101.0958023
205 130.5046539 56.11090469
205 -238.1156158 -113.1110764
205 -28.72945976 90.56731415
205 -353.7879639 -141.5836792
205 -335.9673157 -141.0609436
205 -1.845301867 -79.35263062
205 153.6023254 121.5870438
205 11.70512199 129.0149994
205 -391.4481812 -150.053894
205 -345.3898315 -136.8786469
205 0.2060659528 -146.3111572
205 57.50302505 14.44242382
205 199.8422699 164.1426849
205 288.7557678 165.1763458
205 78.83794403 158.6174927
205 6.040060043 124.9777985
205 152.7388458 101.8586731
205 300.5117798 162.6408997
205 298.8404846 208.6250458
205 143.0256653 177.1577606
205 59.71320724 163.9270782
205 210.2585602 203.3113556
205 10.23690891 142.9532776
205 224.3083801 137.6033325
205 161.7958679 63.87755966
205 316.817749 158.0437469
205 316.4793091 193.5605621
205 300.4475403 129.5603333
205 370.8273315 187.3916168
205 218.2619476 245.9026184
205 342.694519 217.3446045
205 234.2086792 186.0592957
205 253.588028 204.2782745
205 5.85876894 113.5752258
205 -34.78664017 193.8496704
205 220.7647858 157.6529846
205 157.6056671 38.11686707
205 171.6052399 55.22409821
205 273.7857361 179.3914948
205 420.1885986 150.532486
205 387.5274963 192.8021393
205 171.613266 198.6161652
205 288.800415 226.7710724
205 241.6631927 254.4711151
205 286.1474915 206.8101501
205 -44.9058342 240.0635986
205 168.1622162 30.04719543
205 209.0858917 50.32747269
205 448.442749 155.2405701
205 490.1059875 153.2184143
206 112.1006927 85.57527924
206 74.05057526 111.3969727
206 142.5740814 69.92579651
206 28.65604019 122.9036102
206 53.71612549 101.8686218
206 184.0159454 28.26960564
206 -14.70313168 136.942337
206 -10.96528053 30.40119171
206 22.81208801 98.97679901
206 75.44833374 121.1117249
206 177.7918549 -0.7955622077
206 -40.12033463 125.79776
206 -113.7605286 -122.6949844
206 1.629686832 72.84521484
206 -28.4718399 -34.21481705
206 23.32031059 107.0281219
206 72.337677 120.7464066
206 174.9061584 -0.8795618415
206 196.2763672 -18.63560295
206 199.5798798 0.8636059761
206 -93.08605194 137.5123749
206 -19.58568192 -106.5225296
206 -42.92014694 -103.3207474
206 -3.224853516 -137.1140747
206 7.501083374 85.37166595
206 -10.99474525 30.33412552
206 20.9227314 99.95915985
206 21.31419945 107.6698914
206 87.13417053 110.9855499
206 72.6129303 98.4608078
206 100.6220703 99.8456192
206 58.40457535 180.4749451
206 91.91661072 -40.75209045
206 188.7158356 -27.41572571
206 -8.112064362 -139.6833496
206 9.29665184 -90.85754395
206 -83.60480499 -78.24821472
206 -172.3651886 -167.4000244
206 -4.220875263 -81.31827545
206 -14.78509712 -132.8613586
206 3.2017591 -150.3325043
206 30.66294289 101.8219376
206 44.45961761 93.64154816
206 76.45904541 82.32697296
206 -134.2187805 -80.60501099
206 -213.6340027 -173.9399261
206 -92.81528473 -84.61425781
206 -28.02400017 -104.5616913
206 -97.92211914 -154.4406281
206 -9.397926331 -177.5304108
206 18.63509941 136.5249786
206 30.06874275 99.22755432
206 110.1945038 117.7552948
206 118.7115021 117.4287949
206 -101.3321762 -77.07381439
206 -171.6429443 -73.4888916
206 -301.1346741 -214.8739014
206 -180.5916901 -161.4596252
206 -108.1186752 -87.76625061
206 -33.81482697 -66.37851715
206 -103.6405563 -133.4236755
206 -166.240387 -194.2880707
206 -144.6358032 -152.953537
206 -66.25928497 -118.2108612
206 25.84098816 154.9089966
206 23.33014297 83.57271576
206 -34.08969498 112.8454132
206 -30.78855515 103.3345795
207 493.9312744 195.621048
207 369.5483704 145.378891
207 476.4348755 218.9683685
207 249.9812775 72.11301422
207 158.7921448 65.97342682
207 217.9315338 34.86096573
207 160.0747375 102.6429901
207 172.4364014 40.26507187
207 120.0786362 -46.8224144
207 203.5968475 21.80470848
207 185.5790558 117.4921875
207 136.3465729 121.4833984
207 86.34068298 -47.02169418
207 110.7472916 -60.37462616
207 139.4104004 -51.4678421
207 149.6435242 100.8243866
207 116.8274841 132.1236267
207 -5.323337555 -84.78191376
207 125.2113495 38.18198013
207 229.3404083 139.0195923
207 -111.4839172 -139.9111328
207 92.80176544 0.3057372272
207 294.4984436 178.5710144
207 -267.742157 -153.5055542
207 92.43661499 5.780373096
207 358.1499023 206.3832855
207 -288.7738953 -169.992218
207 -297.3433228 -100.3542404
207 96.41125488 32.85184479
207 112.0153427 -18.62070084
207 414.0457458 242.1372681
207 -500.0424805 -176.8771973
207 -284.1319275 -76.74095917
207 -272.1359558 -56.01578903
207 134.1346283 57.49498749
207 34.89146423 8.126913071
207 476.1359253 261.0723267
207 -271.5205078 -33.11110687
207 175.1958008 83.46920776
207 9.72218132 3.257250309
207 -248.9902191 -3.342419386
207 254.2302551 95.53883362
207 14.29387379 17.40857315
207 28.45702171 -12.32435513
207 -67.53102112 12.69659424
207 -12.77214527 0.3398462534
207 -62.28449249 47.21236801
207 -147.9686584 26.07318306
207 -42.50288391 -16.36580658
207 -28.80149269 -2.709034681
207 3.286602974 -52.27944565
207 -10.98040485 91.49011993
207 -178.3595428 29.25968552
207 -210.0310364 40.02469254
207 -80.10683441 -58.99046326
207 -23.6324234 -85.02524567
207 26.50870514 127.5402145
207 -265.096344 40.62542725
207 -238.1720581 39.14393616
207 -151.3861694 -77.81791687
207 -44.74446869 -121.404892
207 59.55524826 147.1993408
207 -218.7059937 -113.9801865
207 -56.56349945 -170.8462982
207 101.7865829 179.8257141
207 34.84570312 157.2898712
207 -275.7356873 -162.0789337
207 -48.92472839 -194.3934174
207 132.8693542 202.0407257
207 -11.72129822 164.7738037
207 -373.6415405 -214.3619537
207 -46.81601334 -190.0292969
207 -53.69226074 191.079422
207 -443.7689209 -241.7387085
207 -408.7807617 -241.7680969
207 -46.05838394 -227.8624573
207 -135.7670288 203.4436798
207 -424.6280518 -272.0913391
207 -50.72725296 -249.2013245
207 -52.33370972 -247.6789703
207 -88.80243683 -267.3219299
208 -516.2768555 -347.2768555
208 -482.711731 -329.1236267
208 -410.3248291 -293.3529968
208 -403.0567932 -271.0174561
208 -288.7279358 -259.3808594
208 -487.9792175 -323.4551697
208 -136.1625671 -165.0693207
208 -13.30678749 -88.85420227
208 59.39296341 -15.8266592
208 105.8149338 6.857792854
208 99.84796143 -9.166400909
208 136.1598969 43.44073486
208 182.5122986 82.21446991
208 149.2020416 56.72106552
208 184.6779022 52.49090958
208 82.25559998 55.10447311
208 54.73760986 49.39637756
208 69.26306915 73.1660614
208 17.60728264 38.93718338
208 112.7591476 92.92499542
208 38.46972275 104.3174973
208 49.92495346 57.47814178
208 -18.45725632 16.24678612
208 143.0525208 82.58332825
208 55.33375931 78.1342926
208 80.73920441 43.29469299
208 52.15623093 68.93013763
208 -54.92890167 -5.511937618
208 -10.79537964 14.37434292
208 61.7331543 69.53868103
208 -4.813508034 52.92959976
208 63.99586105 69.86746979
208 -124.6897049 -26.36701965
208 -36.94711304 15.94770718
208 11.1896286 10.76986885
208 1.743509531 55.00102615
208 32.30897903 80.77937317
208 119.7795868 40.42788696
208 -149.0387268 -61.8847084
208 -17.26245308 -11.93589973
208 -65.82778168 10.29566383
208 -46.09672165 8.412075996
208 -32.646492 14.21991444
208 81.15037537 27.85822678
208 32.49604797 111.3596115
208 13.45528126 90.22258759
208 13.70307446 -36.53442764
208 202.6306763 45.21996689
208 -145.0610809 -73.69352722
208 -148.1167603 -66.93708801
208 -54.34632492 -51.53113174
208 -52.03816986 -14.29417419
208 -76.21070099 3.639129639
208 150.9845886 46.01055527
208 57.53773117 123.9787674
208 61.62912369 153.7157745
208 -46.10758972 -47.12765884
208 248.7580414 64.16630554
208 -72.89237213 -42.06884003
208 -147.8236237 -82.28593445
208 -65.37786102 -62.85451508
208 -34.95262527 -104.0253143
208 -98.02031708 -13.2895956
208 202.0151062 43.67529297
208 96.10868835 175.713974
208 65.01514435 166.2018738
208 -31.79457664 -67.75570679
208 304.2919006 81.04714203
208 246.2423859 57.77757263
208 -115.8244171 -101.5132065
208 92.12388611 164.3373413
208 84.52731323 178.6453857
208 278.9117126 65.73616028
208 328.991272 56.8520546
208 -136.6131744 -128.8262024
209 135.7916718 -37.46289825
209 118.4694595 -31.94791031
209 121.5186996 -26.72633362
209 124.1142349 -16.89129066
209 123.6317368 -36.57624817
209 97.21391296 -6.315378189
209 207.7421417 1.678648472
209 79.2284317 -67.79018402
209 58.25107193 -0.06618631631
209 114.5280228 -19.32617569
209 260.4185791 25.97372627
209 38.66545486 -97.96076202
209 104.0077972 -45.87854004
209 -60.89215088 -47.42169952
209 56.55331802 -3.33827281
209 151.9410095 -16.36752319
209 46.41502762 -21.00363922
209 235.8044891 -14.05722332
209 24.18733978 -28.17841911
209 59.70338821 -20.31079292
209 22.66753578 -9.975045204
209 279.5137634 -16.42192459
209 -62.16601181 23.45084
209 17.60184479 -19.08587837
209 318.0372314 -42.41497803
209 295.6331787 -18.18531036
209 -104.4697037 -5.365989208
209 -16.82798576 41.33665466
209 -68.54618835 23.64569473
209 -105.0998993 31.81851387
209 -35.53056335 46.12506104
209 187.4111328 -6.556695461
209 -119.283287 -9.722971916
209 -97.0969696 -13.05311775
209 11.42443848 58.2300148
209 -113.0866852 1.238166809
209 -116.5207672 7.85521841
209 -112.2042999 19.7098999
209 44.62513351 62.10376358
209 165.9364929 30.44219017
209 94.91746521 -16.58945084
209 -130.020813 -8.927251816
209 -123.3764038 -18.04655266
209 -97.29494476 -34.02746582
209 -122.1300735 16.58377075
209 -168.724884 32.19306946
209 24.32077217 68.16537476
209 128.7429657 39.68525696
209 167.9382324 26.35327911
209 154.0762939 38.75173187
209 60.71605682 11.54881191
209 -156.9707489 -24.65786552
209 -65.07073212 -52.58757019
209 -67.19141388 20.10814285
209 -139.9706573 0.7675235271
209 -130.1437836 16.39608383
209 -144.3645935 21.36080551
209 12.17166233 62.21484756
209 196.6407623 16.29874992
209 5.535154343 15.90036678
209 11.53968143 -15.57208538
209 -212.1287537 -45.01821136
209 -33.49411011 31.21701241
209 -134.5015259 9.328574181
209 -172.9248962 29.7233429
209 -11.39607906 76.48413086
209 -68.59319305 46.28828812
209 -44.63308334 68.24781799
209 -81.43164825 57.30869675
209 -135.2920837 15.09914875
209 -203.280304 -16.64675522
209 -106.4689484 15.24214935
209 -227.7446442 -56.19987488
209 -252.7794952 -73.00157928
209 -315.9830933 -69.19894409
210 76.62724304 25.53095436
210 45.76560593 -16.8823967
210 21.86971283 18.47146988
210 161.7036743 71.37078094
210 -6.599555969 -12.50964928
210 -96.30957794 11.20418549
210 -35.14934921 -5.465637684
210 3.120527506 -5.276520729
210 -27.21843529 -28.53107262
210 -29.21934891 2.765215397
210 -60.15904617 -22.5096817
210 -25.27142143 -22.25066185
210 -29.15995598 -15.9169693
211 127.488533 6.53976965
211 77.99878693 38.12408447
211 103.8069458 -11.01530838
211 144.135788 34.87748337
211 35.186203 80.06285858
211 196.3440094 36.73633575
211 104.2182693 -52.1102829
211 149.3395386 32.59194565
211 60.08133316 110.705925
211 83.30648804 39.49499512
211 -59.4178009 63.77889252
211 153.8246307 -45.98568726
211 59.87408829 -88.31098175
211 108.3011475 29.7052269
211 45.56515503 131.8415375
211 -26.90690613 76.97823334
211 -240.1891327 76.62257385
211 206.1128082 -28.00540161
211 61.08942413 -100.2745819
211 10.39315701 -122.8232117
211 187.9886322 41.20570374
211 103.6649323 -43.62254333
211 156.476181 30.95861053
211 -1.151874781 142.3793945
211 67.11933136 147.9238434
211 -244.5051575 91.18919373
211 -323.822998 28.4910717
211 43.34695053 -124.3413239
211 73.21383667 -97.46703339
211 -31.47010994 -154.8898163
211 120.1690521 -74.60577393
211 212.6793671 52.53852463
211 161.5439606 -25.74557304
211 -19.91219902 144.1579895
211 0.896525085 156.7744446
211 131.1212463 164.009613
211 -287.4025879 115.5209122
211 -427.7624512 -7.195238113
211 -339.5823975 41.75578308
211 30.59838676 -123.2931747
211 79.0980072 -94.08968353
211 113.5907669 -101.5749435
211 111.4593735 -89.81486511
211 101.5710526 -97.77672577
211 -60.5971756 161.1657715
211 -52.73976517 159.8320312
211 189.5729828 173.9785919
211 -400.3887024 -12.12145901
211 -441.4681091 -51.72951889
211 -362.9535217 61.78897476
211 -368.6731873 44.88529968
211 41.91868973 -127.5413361
211 91.79760742 -129.2915955
211 145.037384 -62.44320297
211 113.2324448 -86.07897949
211 109.4507599 -92.52222443
211 88.8506012 -81.04571533
211 103.4430237 -107.327652
211 201.7517242 183.2936859
211 203.6660004 193.3648987
211 -391.70401 -10.29582596
211 -423.6957092 -70.34040833
211 54.43592834 -171.6963196
211 132.85466 -82.10287476
211 154.0783691 -65.70818329
211 120.1097946 -78.70311737
211 -420.6239624 -11.81534863
211 -446.6324158 -89.45134735
211 199.7964325 -80.11670685
212 25.33811951 12.04922771
212 31.64514351 0.5980067253
212 54.58711624 -9.55729866
212 -17.64802551 4.40325737
212 19.50177956 -12.06160069
212 -30.09723282 5.193586349
212 -83.32686615 -0.6251746416
213 -179.7518616 -121.2745361
213 -119.2332153 -90.89015198
213 -91.08110046 -96.90499878
213 -70.56360626 -52.98283005
213 -148.4606628 -73.91135406
213 -30.50187492 -23.71113777
213 -140.3491211 -57.33824539
213 48.06525421 -4.49212265
213 -32.30830002 -13.32606602
213 -121.2515564 -58.96456528
213 46.7221489 1.116940022
213 -31.37142372 -2.244685888
213 95.88749695 -14.60606956
213 -28.20165062 -5.676140785
213 -137.7472382 -78.1608963
213 -9.344470978 1.712520123
213 -18.63319588 19.33883858
213 -81.9500351 -26.09240341
213 128.878479 19.2059803
213 120.7139816 -28.03599358
213 -58.98444748 6.491442204
213 -141.5777893 -64.8677597
213 -143.2725067 -85.10798645
213 7.813360691 -0.7784807682
213 -30.90438843 53.24400711
213 -86.13340759 -42.82229614
213 -127.5261002 -50.27968979
213 131.4966278 60.14520264
213 150.847229 45.3139534
213 -112.0211639 -43.10545731
213 -134.6422882 -96.37991333
213 -92.98834229 102.6090698
213 -70.93689728 -28.73232079
213 -87.72261047 -45.66439819
213 -95.11646271 -47.23970795
213 -169.2386322 -64.30890656
213 185.9349518 71.44715881
213 162.0648499 77.0877533
213 189.510788 68.07176208
213 -169.6871643 -95.76066589
213 -105.901413 119.5378418
213 -72.8486557 18.44642258
213 -50.3789978 -50.18651199
213 -144.8678589 -68.14027405
213 227.6255951 107.652565
213 208.149353 54.03966141
213 153.0863342 56.14839172
213 -184.4447937 -95.36009979
213 -103.5645142 121.8007736
213 -34.97517395 26.84758568
213 -42.72348404 -50.71463394
213 -1.633218527 -5.154132843
213 -33.93390274 -36.93198395
213 -189.4576263 -88.10074615
213 264.3635559 117.5694046
213 235.5041046 124.9968948
213 175.4026337 22.70198059
213 246.2083282 52.56981277
213 181.0433044 64.00834656
213 79.11181641 42.82513046
213 19.9419632 -19.68352699
213 -234.3133698 -115.994194
213 241.7905426 130.2315063
213 179.2218018 119.6365128
213 164.7646179 68.92427063
213 142.8336334 36.27642059
213 -251.2775879 -147.0431061
213 240.7680206 134.4696808
213 184.0712128 146.5010834
214 -59.21250916 -21.50900078
214 -7.068766594 -4.421679974
214 11.04452038 15.38172626
214 52.86510468 9.581593513
214 2.371674776 0.967363596
215 171.3225098 118.097847
215 125.6424255 115.7806396
215 89.40205383 102.2985306
215 31.14675903 71.16068268
215 100.7808914 120.084877
215 35.42167664 52.25477982
215 103.8554535 64.45420837
215 56.79372787 76.93061829
215 60.27412796 34.93106461
215 41.7797699 50.7266655
215 69.21155548 98.77045441
215 17.97795868 -11.52885723
215 75.36524963 52.57960129
215 31.02915573 49.16032028
215 39.28561783 73.49175262
215 -44.37835693 -71.35784149
215 3.894917727 -96.80758667
215 18.01137733 32.37966537
215 25.39827538 38.65853882
215 26.28927994 60.78747559
215 72.43540955 116.8578491
215 111.1676407 91.62863159
215 74.87327576 20.05189896
215 -89.02707672 -46.82078171
215 80.64859009 -46.04377747
215 -291.2189636 -196.9733734
215 17.64824295 -135.7558441
215 13.52936363 36.14803314
215 9.341356277 40.96500015
215 180.0349426 121.0123672
215 80.492836 -49.3611145
215 -139.7004395 -38.41164398
215 -353.1636963 -243.5135803
215 -332.6558228 -215.6636505
215 -341.4093018 -225.0912781
215 24.99532509 -130.8013306
215 228.2254944 133.7055054
215 223.7231445 155.2489624
215 225.4655151 110.8867722
215 32.53372574 -103.062645
215 47.19903183 80.09979248
215 -214.6965485 -79.24937439
215 -378.5376892 -235.0807343
215 -414.848175 -275.8798828
215 -298.6344604 -223.5798645
215 -399.6679993 -267.1213074
215 -6.850426197 -107.8070984
215 243.1909637 147.1109009
215 229.8857117 148.6691895
215 196.725708 170.1868134
215 233.0746765 203.1651764
215 237.3799133 186.170929
215 256.539978 101.9128571
215 42.68906403 -104.150032
215 37.56266403 104.6654968
215 -270.8807373 -85.86174011
215 -296.034668 -229.2715149
215 274.3939514 163.0772705
215 244.4822998 98.62837219
215 -14.91829395 93.70743561
215 -229.2411804 -210.5247345
215 -331.0103149 -261.1361084
215 -95.89100647 57.16360092
215 1.64340198 97.24536133
216 -83.47566223 63.60786057
216 -11.44187164 98.39342499
216 -132.7724152 49.12354279
216 -35.69063187 66.76597595
216 39.71436691 92.98710632
216 40.42586136 139.8097382
216 -182.3388519 44.25392532
216 -145.9990082 36.48296738
216 -42.88973618 32.0068779
216 57.26912689 164.2787933
216 24.12878418 115.8503952
216 -4.429903984 109.9168777
216 -260.289093 34.83355713
216 -125.6573792 30.30354881
216 -16.32188225 -37.34560394
216 -44.23214722 65.86865997
216 -241.6510773 54.82347488
216 -301.5157776 -22.82752228
216 -93.21736145 21.98571014
216 -73.45640564 41.8983345
216 -332.7972412 -29.31961632
216 -331.1437988 -138.2102356
216 -31.14894104 -1.641976833
216 -75.14138031 -5.764815331
216 -374.4880676 -60.43250656
216 -358.5396118 17.3876915
216 -318.6571655 -144.1622009
216 34.47249222 -1.413969636
216 -50.08817291 -9.090806007
216 -83.85048676 -34.59736633
216 -85.7246933 4.133005619
216 -374.9390869 -85.23316193
216 -325.4118958 -182.4607544
216 110.007103 32.61312103
216 106.9542618 -35.63690186
216 -83.31599426 -16.39019585
216 25.77395248 -17.86314583
216 -89.60452271 16.55416489
216 -41.05789948 -47.14267349
216 153.2093964 -32.57508087
216 82.40536499 -33.54953384
216 -102.8977966 19.04370117
216 -114.0516434 15.01094055
216 -88.84508514 -49.09792328
216 -12.0709219 -38.35556412
216 292.7033997 -70.33876801
216 122.3465118 -51.10535812
216 137.4870148 -7.042249203
216 154.7802124 -23.40730858
216 399.8544312 -54.60806274
216 157.1756287 -79.87607574
216 143.214798 48.34971237
216 213.8475189 -2.245647669
216 106.7610245 17.86482048
216 163.9610596 -42.39276123
216 519.7287598 -32.13031387
216 471.8923645 -18.82026291
216 188.9885864 -68.53612518
216 217.6066895 93.76171875
216 78.7773056 11.29551125
216 274.6168213 33.35026169
216 50.72881699 46.80409622
216 93.46837616 -105.5648117
216 201.9142761 -68.81912994
216 68.66034698 -24.47153091
216 336.2793274 53.11053848
217 -32.0134964 -18.28899384
217 -45.03482056 -64.89598083
217 -2.062364101 0.263277173
217 20.32113647 32.93238831
217 58.78953934 49.98928452
218 113.4046249 48.57538605
218 83.59477997 68.71763611
218 120.3439026 52.23716736
218 25.00813675 49.6006813
218 120.301918 74.58587646
218 125.3599014 57.99911499
218 32.66957855 52.60669708
218 49.67910004 59.19017792
218 -50.47097778 61.1344986
218 109.2318115 98.2455368
218 140.6636963 71.514328
218 97.81948853 45.20964432
218 45.22187424 47.08467102
218 95.88050079 56.16326141
218 74.56893921 48.02280807
218 -111.0519791 46.45385742
218 87.93888855 53.72799683
218 102.4519806 47.77069092
218 43.74195099 47.11155701
218 37.78873062 50.57762909
218 40.04640579 49.17550278
218 166.3358612 58.97755051
218 53.01443863 44.6084938
218 108.8513718 56.8049202
218 -145.3836823 30.81381798
218 -106.665535 45.86911774
218 74.63134766 31.21420097
218 3.701140165 24.9591465
218 30.69246483 18.57679939
218 45.02301407 62.96804428
218 24.06845856 35.89571381
218 280.9477234 103.9375076
218 -60.76318359 28.725914
218 16.67299843 -2.862543344
218 -241.6589813 15.74898243
218 -167.5271912 6.486489296
218 -13.72146034 21.5358963
218 -140.6242065 28.3242321
218 60.65165329 23.98016357
218 59.14923096 50.45435333
218 11.9424181 42.24765396
218 -31.85066605 24.98429871
218 16.3111515 -61.26551819
218 43.312603 -6.459459782
218 -97.01498413 2.828457355
218 -124.1569061 12.18998051
218 -187.8485718 38.09605026
218 -175.1485443 7.522954941
218 47.09669876 4.739319801
218 55.20828247 42.12771606
218 -72.05853271 45.44014359
218 20.99353981 -79.17100525
218 94.37644196 11.43089294
218 -59.78284073 -149.27742
218 43.04219818 4.235994339
218 14.08604908 47.70969009
218 -64.19762421 23.75436401
218 6.31505537 -100.2183609
218 -81.43223572 -151.9158783
218 -128.013504 -159.5453491
218 46.01369476 -124.4792175
218 -131.8428345 -174.7174835
218 -37.52930069 -169.1039734
218 -197.0714264 -174.5094604
218 -117.0036163 -163.428833
218 56.20731354 -166.7766571
218 -194.6821747 -205.2782288
218 -166.0129089 -132.5954437
218 -20.8481102 -161.2887726
219 90.13119507 3.919507027
219 89.83912659 -24.4125309
219 88.71488953 -29.34201431
219 69.23332214 -0.6658143997
219 -12.89953995 -7.571250439
219 -55.19481277 3.246826172
219 -96.26111603 15.69342613
219 -173.5630951 39.13187027
220 -95.52606201 -103.4363937
220 -49.69844437 -28.34282684
220 -72.3454895 -23.11811638
220 -11.39283752 -66.06316376
220 27.01344299 9.918055534
220 -64.7509613 -35.72407532
220 3.674938679 -79.76089478
220 0.1504991353 33.45233917
220 24.94283676 6.702261925
220 -13.31067657 23.86371422
220 -86.96976471 -55.50091171
220 -52.66787338 -77.64051056
220 -0.2640132904 13.31078815
220 -21.00007248 15.68331051
220 -9.41397953 1.462234855
220 19.11398506 57.967453
220 104.9926834 40.86804581
220 -13.26311207 62.18932724
220 -36.17589569 23.02854347
220 -32.33295059 -82.56504822
220 -37.04813385 -46.90420914
220 -24.82678032 11.36321545
220 23.71990013 -8.272421837
220 -0.1486492604 84.19789886
220 142.0720062 58.69478989
220 -109.6306305 11.06245422
220 -12.94829178 48.66491699
220 -6.773862839 -62.77012253
220 -65.10801697 -89.68651581
220 39.48491669 -59.36445999
220 -67.50093079 -99.8052597
220 -4.462697983 -93.48841095
220 70.27774048 -7.686887741
220 -18.75547028 104.8622513
220 -59.71100235 63.0795517
220 45.55551529 -55.0487442
220 -132.1030731 -92.33679962
220 65.29930878 -98.84410095
220 69.91307831 -21.31212044
220 -86.96811676 -146.477478
220 81.46219635 7.691747189
220 69.19205475 -14.01942348
220 -20.64152145 149.0794067
220 -121.8970337 82.16940308
220 57.09796143 -93.88989258
220 79.27105713 -114.1243668
220 92.25214386 -43.00119781
220 33.04440689 19.19809914
220 -105.8200989 -139.9445343
220 -58.58044815 -159.0861664
220 24.65801048 147.2811432
220 -29.45919609 186.4768524
220 -59.95061493 157.0137024
220 56.14455414 49.33332825
220 -42.10039139 -175.7378082
220 108.9814758 146.6271362
220 1.805137634 215.8256836
220 41.8901825 2.193493128
220 71.36772156 44.41220856
220 181.0575867 132.0321808
220 44.82539368 248.7414703
220 44.28598022 -84.49383545
221 141.7993011 139.3197479
221 128.7887115 123.2072906
221 143.4591675 146.8077087
221 58.49884415 94.04773712
221 151.8000946 136.836319
221 84.63111877 88.94711304
221 17.9805851 56.7988472
221 147.086319 115.7093964
221 51.89646149 85.93580627
221 -80.40467072 24.56062126
221 98.71308899 103.2372208
221 18.76614189 39.83580399
221 -35.35154724 33.80641937
221 -40.49449921 -7.214291573
221 -97.66481018 9.428909302
221 -46.24627304 19.81293106
221 -117.6408157 6.1483531
221 35.83382797 23.21065712
221 -104.4052887 -20.78241539
221 -94.26017761 20.70184135
221 -159.9546814 -18.8252182
221 80.83342743 32.67346191
221 -134.7795563 -57.09545898
221 -93.61290741 -12.56514645
221 -166.4483185 -3.560864687
221 -164.8396454 -24.20346832
221 122.8556519 47.52971268
221 40.15501022 6.374196053
221 92.88631439 55.79534531
221 -89.05239105 -77.33660126
221 -114.4893951 -57.10455704
221 -105.6002426 -43.83160782
221 -150.4904633 -18.78658485
221 -146.1208344 -7.867720127
221 -213.9569092 -10.72333717
221 124.8219833 61.70991516
221 32.3345108 24.10250092
221 17.06473541 -29.17492867
221 58.0330925 -2.34176755
221 104.3999023 71.14669037
221 -57.32768631 -92.21152496
221 -161.0982208 -112.6005859
221 -111.6935654 -74.05480957
221 -125.4824905 -36.4367485
221 -69.8240509 -73.13816833
221 -114.5590057 -76.02853394
221 -94.59632111 -36.48981857
221 -182.7364044 -33.28090668
221 -29.23203468 -41.11078262
221 64.53508759 -15.11221504
221 137.3536835 76.2723465
221 -48.2609024 -130.6351471
221 2.185122013 -93.54174042
221 -53.02149963 -1.696063638
221 -67.73625183 -48.82289505
221 86.79806519 -116.5036545
221 -126.4167862 -83.13452911
221 -94.11888885 -80.10762024
221 61.8904686 -24.70052528
221 176.2518005 107.8254852
221 166.7977448 77.9748764
221 139.4747467 -97.24028778
221 -137.0212097 -103.8467789
221 -137.7362518 -77.35504913
221 82.16747284 -33.3940239
221 8.691815376 -33.97563553
221 195.1279144 62.47867203
221 219.4356537 -53.01847458
221 -16.31894875 -65.79668427
221 217.054245 53.66745377
221 192.2913055 39.39486313
221 280.301178 40.34902191
222 263.8708496 162.4238892
222 272.5649719 165.5239716
222 238.6844025 145.6557617
222 136.2359924 123.3703384
222 195.598587 110.9655075
222 260.4589844 191.3864594
222 13.0369463 98.91157532
222 108.7124176 84.74552917
222 202.5638123 169.7123413
222 -33.0790329 94.11510468
222 28.96464539 64.16287231
222 119.2418289 17.27551842
222 209.1061249 176.1407928
222 127.3327332 128.6937866
222 -104.5092697 79.33641052
222 45.91921234 84.67056274
222 -66.51555634 9.531151772
222 62.45412445 81.71489716
222 49.52698517 94.24655151
222 -155.5182037 42.56232834
222 -128.5586395 -13.41512585
222 -34.5153656 36.29087448
222 25.4556179 109.9487839
222 9.521206856 64.81035614
222 41.66690826 57.52136612
222 -208.0515747 5.813990593
222 -238.092514 -67.17881012
222 -167.4763794 -36.28588104
222 -73.60462189 31.35695648
222 6.123466969 54.29829407
222 120.8692856 21.60059738
222 120.9480972 64.87366486
222 -239.2773895 -42.43790817
222 -253.091156 -164.9501953
222 -151.5400238 -51.70664597
222 -217.2845612 -39.47883606
222 -121.7485504 3.593846083
222 46.1883316 43.16759109
222 250.9100342 56.07779312
222 210.7901611 72.47618866
222 -236.2194824 -189.9990387
222 -292.6575928 -178.0537872
222 -195.0819855 -154.5378723
222 -110.3072281 -20.68730736
222 -141.8765106 -60.31883621
222 25.43198395 20.49639511
222 391.117981 144.5171356
222 318.3813171 92.49781036
222 -365.0335083 -269.6957703
222 -199.5740814 -232.1255493
222 -200.649765 -166.3698883
222 -364.3771057 -187.3193054
222 -132.6656647 -175.2084503
222 -218.1452179 -165.7511444
222 -61.42334747 -7.959272385
222 -141.3623352 -119.826355
222 -16.45525932 8.407963753
222 453.7084961 192.0037231
222 444.561615 132.0042572
222 433.9895935 139.5053864
222 -137.8462067 -182.7494507
222 -261.9043884 -149.9440918
222 -118.9017334 -137.123703
222 511.6582336 244.145401
222 500.2434692 174.430954
222 -133.1416168 -200.7098236
222 -282.6289978 -149.3318939
222 -274.2942505 -131.1208191
222 585.8650513 299.0158997
222 539.9373779 213.1096802
222 -124.6025467 -272.5384521
222 -193.6974182 -247.1847839
222 -255.3256531 -277.428009
222 -327.6936035 -174.2467804
222 -298.7547607 -108.2214432
222 569.7073975 282.8546143
222 -343.5101013 -198.2488861
222 -320.3554993 -117.8107071
223 -55.84051895 -81.84789276
223 -9.476092339 -43.3826828
223 -64.53696442 -106.1431732
223 15.99276447 -7.587254524
223 -97.16282654 -142.0341949
223 19.75171852 -39.40940094
223 89.14178467 25.44035149
223 -93.50997925 -171.2032166
223 33.88239288 -45.88887405
223 11.94469166 -42.97932816
223 186.995163 76.9484787
223 -56.80923843 -217.0045471
223 1.591747761 -49.60919571
223 81.83620453 -14.82735443
223 33.80531311 -53.09383011
223 233.1503143 80.62536621
223 148.2137756 76.35275269
223 214.9280548 90.51812744
223 -18.37215233 -55.21842957
223 127.2718124 23.05202103
223 268.8156738 81.68875122
223 232.5926666 78.80889893
223 247.3818359 107.568573
223 223.3296204 83.62779236
223 275.8157654 50.32136917
223 -63.00257874 -81.06671143
223 171.1278839 67.82576752
223 255.2573242 53.8340683
223 347.7150879 29.61489487
223 -77.64155579 -103.3116989
223 270.3654785 70.61204529
223 -139.2579651 -110.824028
223 246.873291 45.79602814
223 293.2200623 81.0395813
223 -271.7122803 -156.0072479
223 -153.2781219 -145.0273895
223 245.3930054 51.04728699
223 301.3396912 83.25387573
223 -102.8630447 -127.387886
223 76.49690247 76.40029907
223 -107.8374481 -128.3429108
223 -106.1135788 -93.19988251
223 23.14559555 78.9439621
223 -113.3865051 -39.3621788
223 -182.0676727 -146.7185516
223 -81.13811493 -74.64633179
223 -76.11663055 -33.25703812
223 10.91061783 101.4877243
223 -26.74497414 54.84902954
223 -107.9651413 -9.385469437
223 -65.12978363 -1.289979815
223 -191.7206421 -215.2003632
223 -189.9608154 -152.5069885
223 -38.52179337 -101.4279404
223 -80.45127106 3.590762615
223 -73.27707672 -17.06764221
223 -18.71503067 116.4039764
223 -53.93455124 35.14031982
223 -117.7853241 -11.04787636
223 -78.44262695 51.44517136
223 -205.8215637 -44.92380524
223 -63.36695862 48.61609268
223 -49.12570572 14.37417126
223 32.83478165 130.525528
223 -79.83055878 52.59145737
223 28.56313515 195.3169098
223 -110.5869522 -3.392306805
223 -87.79563904 -82.24389648
223 -6.768671989 76.55337524
223 -260.484436 -64.7824707
223 -112.8774185 50.74715042
223 63.49982071 177.4910126
223 16.26158714 219.3849335
223 -85.30410004 12.36053562
223 -142.969223 -23.0971241
223 -96.1764679 -90.41693878
223 -124.5859451 -117.1099777
223 -192.0783386 19.04299164
223 27.33533287 244.8485107
223 -47.55130386 182.5340118
223 -46.65303802 26.48404312
223 -116.1675568 -2.282465458
223 -115.8641891 18.44818687
224 8.966584206 23.99569511
224 4.659844398 16.96962166
224 44.93601608 27.45290756
224 16.0252037 20.69223785
224 -28.93623543 23.54610443
224 31.19748688 -0.8011475205
224 2.03492713 26.02370262
224 -68.33757019 17.96633911
224 68.623703 41.65449142
224 -37.66020203 -2.182024002
224 53.2195549 -10.88170815
224 -28.13461494 34.01610947
224 64.34975433 -13.93519592
224 24.75814629 18.7520237
224 -28.21365547 34.76852036
224 -92.74755859 19.08338356
224 75.89559174 71.90865326
224 82.27640533 20.57723045
224 -33.90766144 -18.75595474
224 -29.49193001 35.98450089
224 -78.8025589 2.947557211
224 -136.5146637 -3.889768362
224 59.53482437 89.89138794
224 143.1073914 0.8169870377
224 45.18897247 -0.9352740645
224 -43.79521179 26.30448914
224 -44.09777069 15.01549339
224 18.66379738 45.52537537
224 -139.7227936 0.5081688762
224 -84.45277405 -27.57646751
224 -143.5776978 -24.97609711
224 -136.8075409 13.03699207
224 190.0151978 -13.99159622
224 169.7571411 11.19242573
224 83.03728485 36.98270798
224 -64.38010406 33.90025711
224 7.323626995 12.18606186
224 47.13223648 59.66611481
224 -136.3350067 5.853774071
224 -168.5691071 -9.903874397
224 -149.9309387 -56.31467819
224 -58.68458939 -48.1930809
224 -144.9789886 15.62276363
224 -161.4466095 24.42517662
224 161.5578003 -17.07058144
224 127.5718079 -24.47965431
224 64.16959381 57.44124985
224 -30.60169029 55.46849823
224 46.6523819 -17.87331581
224 83.56008911 112.9825592
224 103.701088 53.90589142
224 -116.2724533 27.23511314
224 -160.603775 -23.18750763
224 -138.843689 -88.14494324
224 44.16472626 -6.206947327
224 -75.691185 -43.70475388
224 112.4432526 -39.02231598
224 224.9322357 0.7001721263
224 77.87168121 -50.7411499
224 122.5980682 71.71192932
224 -37.36402893 54.04910278
224 129.8980103 -6.399626255
224 103.5723648 109.1936188
224 65.91533661 6.178124905
224 94.93809509 80.34777069
224 -64.47949982 45.96072388
224 -88.59661865 -67.58113861
224 59.44523621 -63.32384109
224 26.15921211 -74.56374359
224 130.525116 100.5983353
224 86.43762207 112.7091217
224 124.5823059 26.75987053
224 -89.93132782 68.33565521
224 -109.7192459 -82.63045502
224 -104.141983 -76.74310303
224 -41.84614944 -77.44641876
224 -10.97263527 -71.73814392
224 -10.99458313 -62.57754517
224 -16.26834869 -87.03427887
224 124.4533157 128.3758087
224 -115.1440735 -84.37181854
224 -47.00653839 -107.2475739
224 -4.246719837 -70.462883
224 -9.922908783 -67.03399658
224 -16.78375244 -82.98395538
224 -32.6409111 -39.36472321
224 -7.768463612 -74.27015686
224 -29.76716423 -96.91980743
224 43.28044891 -103.7595596
225 135.2119904 93.00430298
225 156.9478302 103.6131363
225 102.3920212 61.24990082
225 128.5739746 115.0737305
225 33.7921524 25.98451805
225 111.0107956 66.69165039
225 213.5585022 142.5964355
225 -125.210556 9.590665817
225 13.74266815 -8.9118433
225 34.21198273 -10.33334351
225 -33.43053436 18.55217552
225 99.04993439 35.06908035
225 173.3507233 131.6760101
225 -175.094986 -3.746129751
225 -87.60829926 16.62241554
225 45.53084564 -0.1373483837
225 43.45142746 -50.33821487
225 52.73125839 -40.07967377
225 -17.80336189 21.99746895
225 -39.26182938 19.64733887
225 125.7507172 37.26970673
225 84.34593964 41.46852493
225 136.6572113 94.61494446
225 -270.9911194 -9.889163017
225 72.21432495 18.8780899
225 56.67685318 -65.61023712
225 65.73985291 -62.39504623
225 -64.01566315 13.75063133
225 139.5919495 26.58790779
225 106.0604095 78.97888947
225 147.998291 99.32012939
225 110.9378433 56.91943359
225 -304.4342041 -55.24634933
225 -320.5358276 -38.82057571
225 22.30995369 -15.04631042
225 59.78343964 -71.84497833
225 103.5886459 -91.16837311
225 -130.0800781 -4.655040264
225 113.87397 100.0008698
225 -328.6471863 -50.27296448
225 -291.2139893 -59.91027069
225 -321.2839355 -28.12049103
225 -27.62779999 -63.86613846
225 60.18416214 -97.73812103
225 43.99155807 -89.55871582
225 -293.6235962 -87.08548737
225 -96.842659 -89.66361237
225 44.42366409 -19.35469627
225 -120.8184357 -107.6090546
225 2.936531305 -27.69548416
225 55.43371964 -12.55399609
225 -33.11880875 -27.6058712
225 -1.57659936 -14.92009163
225 -17.76747131 -24.20781326
225 123.3818817 -8.687087059
225 105.912941 -46.04299927
225 -24.36315727 -46.0428009
226 -129.0161438 -69.44461823
226 -154.7343292 -62.22495651
226 -48.03272247 -66.95909882
226 -187.033844 -53.63523865
226 -80.94773865 -111.10112
226 44.53837204 -29.9595356
226 -220.6403351 -19.07674789
226 61.32420731 -17.80560112
226 8.915971756 -41.68992233
226 3.41884613 -65.27095032
226 -10.84668255 -35.57573318
226 -31.12252045 -85.25332642
226 19.98854446 -59.91745377
226 -71.94315338 -111.8581696
226 16.79204559 -46.96611404
226 -40.14941025 -9.371855736
226 -73.43228912 -85.27933502
226 116.7260818 9.632499695
226 -54.98457718 -133.489563
226 -97.71461487 0.4953603745
226 -88.44421387 -109.3196869
226 -119.861824 -47.51306915
226 294.3676758 93.68612671
226 -168.8221436 -204.4421539
226 -92.70007324 -2.479244471
226 -116.3296814 -10.17994785
226 -86.38468933 6.293683529
226 -109.8162003 -22.55928612
226 -154.8574677 -73.28604126
226 421.3456421 173.7228394
226 -160.8445435 -177.2113495
226 -218.7931061 -227.8390961
226 -106.3778152 -3.962087393
226 -100.5180664 3.552629709
226 -22.87377167 41.39964294
226 -111.6143799 36.00199509
226 -94.48492432 -26.60422897
226 -112.6614838 9.148728371
226 -35.73711014 35.4166069
226 82.97541809 35.43851089
226 10.43371964 52.29946136
226 -77.24654388 2.282646894
226 -158.797226 -40.38834763
226 -124.0351486 5.489849091
226 -110.7174759 30.43097496
226 -108.8675613 9.507644653
226 -63.53432846 23.27527618
226 122.0881653 4.104216576
226 44.40058517 7.11589098
226 67.06909943 33.47021103
226 55.09051132 65.58968353
226 -18.39029884 6.764575481
226 -44.62725449 13.91752338
226 -191.3565979 -42.60349274
226 -166.5692749 -58.52539444
226 -231.3722992 -53.60324478
226 -178.5470123 -50.36681747
226 -89.88515472 21.29047203
226 229.7691803 78.22874451
226 141.8786621 28.76407242
226 120.9662247 -8.571185112
226 101.295372 87.36956024
226 13.52326488 17.14472389
226 -223.3472137 -62.39785004
226 216.9826355 92.97382355
226 299.3726501 137.2925262
226 217.4217682 45.80608368
226 88.84403229 -16.0992527
226 120.7301254 1.623421311
226 136.6167297 91.28796387
226 177.2550354 71.7092514
226 34.74449539 129.2940216
226 69.46565247 1.058018446
226 170.9774933 62.99308395
226 227.9806824 116.5357285
226 165.8066101 155.7231598
226 17.26397514 141.0559235
226 184.4177551 63.75010681
226 257.7430115 33.83974457
226 284.6102295 149.5088043
226 241.8724976 116.5450668
227 -28.23235893 176.2020264
227 -31.08037949 188.9145355
227 -23.91857529 148.7262421
227 47.02807999 116.8245316
227 93.53923035 116.8671417
227 42.98187256 36.99520111
227 9.63931179 85.11353302
227 146.9689636 103.2053452
227 -2.155863047 -16.56937408
227 101.9763184 102.4653549
227 0.3382472694 65.79589081
227 66.45783997 88.00967407
227 225.4219513 117.471138
227 130.1783905 73.90496826
227 149.900238 97.79395294
227 -38.40927505 -3.741178989
227 24.89955139 -46.88235474
227 -18.3248291 -42.82253647
227 103.9190521 124.0020599
227 124.7207565 67.9250946
227 -30.50767708 40.34870911
227 -4.476759434 63.03652191
227 189.2861481 85.31332397
227 -45.31057739 26.45671272
227 -41.19830704 -7.966377735
227 5.836516857 -16.36563301
227 44.11684418 -63.10700607
227 49.1216507 -74.1479187
227 112.5036621 139.909668
227 152.4295654 49.45090866
227 -58.05600357 22.43599892
227 -103.5704041 -5.252980709
227 -73.98234558 91.6344223
227 182.9848785 57.50367355
227 -19.42802238 62.30139542
227 -45.50645447 -11.8069315
227 2.390383959 -14.29114342
227 43.12785721 -23.77819633
227 44.81587219 -85.9712677
227 -71.80921173 -24.01277161
227 -105.7554474 0.7855193019
227 -142.0844116 134.2538147
227 40.71835709 14.42381859
227 -58.77573776 -37.00452805
227 -21.41879082 -130.0856628
227 -17.62752533 -67.7821579
227 -78.08440399 -37.62340164
227 -109.7887878 -4.239039898
227 -192.076355 147.6138458
227 89.99021149 14.43396091
227 -82.47393036 -11.84954929
227 -66.60326385 -42.703125
227 -57.86296844 -36.06019211
227 -34.93465424 -180.4592896
227 33.09420395 -101.7282257
227 -177.0498352 -17.47911453
227 -233.7765961 166.2386932
227 -251.1689453 137.7359619
227 -61.46749496 -234.9999847
227 64.07930756 -133.0391998
227 61.19223022 -123.3401794
227 -67.77552032 -272.2306824
227 108.9077148 -111.3600235
227 -66.71019745 -291.5816345
227 159.6432343 -94.75693512
227 -126.32061 -299.0045166
227 -64.48593903 -300.0510254
228 216.1186981 123.8119049
228 270.0417175 114.6712341
228 196.9873505 75.11869049
228 289.0485229 157.4261475
228 237.5689697 122.1417618
228 284.6571655 109.735878
228 195.201355 90.94994354
228 136.3406067 108.5416718
228 311.6246643 172.5626678
228 243.8075562 132.175354
228 259.0670166 101.0884933
228 285.8065491 136.6440887
228 224.5527344 98.89154816
228 174.6602936 75.90327454
228 139.8224182 121.5882263
228 79.32356262 74.71507263
228 248.4423828 183.0907288
228 315.3797302 137.3850555
228 306.3042297 136.2041931
228 201.396637 72.27192688
228 88.54255676 50.4361763
228 91.69674683 36.78454208
228 90.06619263 57.59878922
228 291.5587158 232.1866913
228 234.8944397 205.3178253
228 327.523468 105.2679901
228 288.8180237 119.8038254
228 209.2017059 63.65086365
228 195.4819336 78.60955811
228 106.1840591 42.74627304
228 77.98291016 6.486907959
228 153.2757568 91.73835754
228 306.0056152 184.5383606
228 335.3653564 269.1061096
228 248.5269623 185.1552734
228 285.1547546 74.79537964
228 246.6880188 84.71366882
228 225.0005341 31.95260811
228 142.9111786 40.86933136
228 34.77323532 -3.212272406
228 22.8090229 -20.59835815
228 188.9076843 116.3560486
228 132.8223419 107.4533539
228 291.7375183 40.13634872
228 214.1506348 30.73119164
228 123.5541153 46.25566101
228 209.0159302 -6.854953289
228 -83.80948639 -22.57928085
228 -77.35760498 -77.99343109
228 -198.8988953 -41.0814743
228 -162.0287018 -111.8450851
228 -271.0794067 -53.50812531
228 -232.9045715 -138.8354187
228 -236.3700256 -161.2307129
228 -244.9953918 -122.8670349
228 -315.71875 -70.99973297
228 -275.5471802 -18.20576286
228 -229.8006287 -139.0388641
228 -250.3141022 -147.5393982
228 -307.989502 -178.5398865
228 -295.9036255 20.65132332
228 -205.2237396 -35.80218124
228 -223.29216 14.47743034
228 -202.1589966 -88.1286087
228 -252.6975708 -174.1441345
228 -271.2216187 -150.2603607
228 -301.2754822 59.19217682
228 -250.716095 49.49978256
228 -167.2207947 -45.96909714
228 -255.0225067 -187.2179718
228 -291.0860596 -200.4026947
228 -332.1975403 -170.1898956
228 -274.6599731 78.14297485
228 -250.1563568 -186.7044067
228 -313.8895264 -211.9825287
228 -303.0518799 -204.9353943
228 -317.3157959 -208.367569
228 -311.0648499 -212.0727081
228 -306.4559631 -205.4836426
228 -224.7845612 -177.0484467
228 -295.4346924 -211.0589294
228 -306.465332 -213.3710938
228 -298.8006592 -235.7992401
228 -306.8345642 -222.9576111
228 -335.0569153 -212.7464142
229 -197.585907 -89.74736023
229 -191.4022827 -150.1345215
229 -161.1965942 -62.93409729
229 -130.5524902 -147.6335602
229 -220.2058105 -195.0245361
229 -207.4385223 -157.1866913
229 -103.656105 -27.21869659
229 -237.579834 -237.9782104
229 -232.7419739 -184.5110931
229 48.81331253 -9.544000626
229 -99.19676208 9.317755699
229 -205.949234 -170.918869
229 -266.2162476 -197.4890137
229 104.6081924 7.823493958
229 -26.73495865 19.36392975
229 -101.3925934 23.48609924
229 -134.0990143 13.49035645
229 -271.2851562 -187.3828125
229 100.2953339 24.67736244
229 121.8291473 17.98515129
229 29.35525894 51.14227676
229 -58.59227753 39.80904007
229 -138.4569397 15.21207047
229 93.22387695 17.01104927
229 117.5713425 43.29416656
229 67.56772614 63.0092392
229 5.694384575 27.38242531
229 60.97995758 49.86950302
229 -100.7121887 77.02494812
229 25.53986168 33.79333878
229 121.3027039 21.56411743
229 172.9742737 75.87006378
229 -98.70569611 15.21032047
229 112.603981 3.701206684
229 18.2858429 26.06331062
229 -130.9820709 88.45154572
229 -117.358017 102.0426483
229 172.8858795 92.88581848
229 -182.0273132 2.471274853
229 185.9723053 38.73150635
229 32.70962906 6.321411133
229 207.0066528 103.8389053
229 -238.8940887 1.220461249
229 246.1431732 51.5322113
229 203.1340027 -19.37590027
229 251.8759155 108.7896805
229 -2.376873255 2.77874136
229 31.02874565 -16.59656715
229 34.77417374 -36.60894394
229 -244.6828156 5.014308929
229 299.8460999 81.21572113
229 283.1079407 148.9098053
229 207.7895508 95.42250824
229 -26.73411942 -15.99832821
229 92.85546875 -37.87757111
229 -42.57730103 -15.93316174
229 -315.1212158 -30.82918739
229 303.3959961 100.5940552
229 260.7133179 141.5948334
229 -39.25404358 -25.36388016
229 -44.55916977 -12.41530895
229 -322.6621094 -41.64950943
229 300.1316528 76.91419983
229 347.9329529 89.95204163
229 -48.26250458 -11.80109692
229 277.2434692 67.36953735
230 15.90745831 -35.24267197
230 29.97925568 5.784212589
230 -8.906229019 -53.50889206
230 10.80759907 -2.883614302
230 29.36052704 29.83903122
230 -11.05431652 -61.46807098
230 36.79090118 24.41352081
230 -72.83609009 12.09245205
230 -12.0270319 -89.40313721
230 61.47603226 38.5944252
230 -142.7563171 35.54846954
230 43.53588104 47.56954575
230 19.72230911 48.66473389
231 -18.54813004 45.59623337
231 -79.45266724 15.22823334
231 -86.57361603 115.8672028
231 29.41063118 -4.764296532
231 -161.1582336 19.60607338
231 -116.1594772 197.4728699
231 -104.6525421 66.69529724
231 156.7554779 -66.24422455
231 -21.480196 33.06033325
231 -207.5631714 24.94089699
231 -109.6600571 242.8480072
231 -153.6212158 199.5198059
231 235.8009949 -93.61559296
231 199.3179169 -108.8200607
231 3.817358732 65.36625671
231 -52.53478241 21.19075775
231 -76.61655426 295.8494873
231 -190.7283173 168.2423096
231 286.5117493 -117.6903
231 263.6536255 -125.6893234
231 29.98236656 110.4451981
231 8.822652817 40.62776947
231 -52.67615509 15.89979935
231 -88.18825531 2.835950375
231 -89.53269958 315.7885437
231 256.2827454 -108.8799362
231 296.8450012 -145.7824249
231 9.201759338 99.56378174
231 28.08241463 118.5015411
231 64.70420837 40.14216232
231 -37.27479553 21.48992348
231 3.10088706 3.924814463
231 -61.17913818 10.55460453
231 -166.7282867 -47.74691391
231 -71.30138397 -30.4905262
231 110.4109802 70.25792694
231 -44.93132019 17.64417839
231 99.91439056 -51.66799545
231 -118.257843 0.6450486779
231 -237.2004242 -63.25448227
231 151.4250488 91.91532135
231 117.7035294 98.65073395
231 113.8136444 53.28261566
231 259.5457153 -85.10015106
231 94.56964111 -77.41249847
231 -335.4564209 -100.6972351
231 106.3986282 35.29437637
231 477.536499 -125.7118301
231 230.1136475 -81.03636169
231 352.2869263 -73.70869446
231 -305.1019897 -92.04629517
231 -433.6958008 -111.3336487
231 95.6102066 11.00786495
231 532.6911621 -113.8561554
231 416.1026001 -25.31579781
231 -439.5649719 -135.8746338
231 -460.5060425 -115.6240234
231 -440.8050537 -115.3534012
231 594.4703979 -48.40734482
231 510.9594727 23.48438454
231 -450.9487 -150.386261
231 -484.7555542 -148.609375
231 -438.9884338 -128.320755
232 40.33846664 6.734314442
232 70.212883 43.10238266
232 -16.07149696 -40.69972229
232 92.58695984 59.85728836
232 -114.1410141 -65.44579315
232 64.87982941 59.42160797
232 -137.8055878 -62.97012329
233 225.4953003 45.66827011
233 237.3357086 52.98145294
233 253.1493988 16.93209648
233 268.1699524 7.161483765
233 159.5271149 43.19842911
233 249.4848175 66.43746948
233 108.3411102 44.28535843
233 176.0246429 34.50126266
233 194.7650299 73.40328217
233 153.7669067 4.577455521
233 38.62976074 88.51532745
233 49.48987198 30.82182312
233 112.6543579 50.12118912
233 130.1125031 72.96022797
233 191.1736908 5.95773077
233 138.8643494 0.5793039799
233 1.017547846 104.8344803
233 -37.59971237 -33.43011475
233 97.19674683 37.29751968
233 19.44909477 14.66183281
233 84.50466156 14.10320759
233 172.4346924 79.00602722
233 163.6766663 68.00952911
233 114.066185 67.72398376
233 124.6321487 112.2041702
233 146.3428802 26.72587013
233 99.98220825 4.218997478
233 -25.96736336 -61.77250671
233 -69.4552536 -52.08804703
233 -86.80453491 -38.7812233
233 109.0318069 77.50284576
233 -18.26527023 -23.86647034
233 40.17207336 19.0064106
233 91.29475403 49.72276306
233 89.44596863 51.40162277
233 152.9693604 136.5899658
233 -14.59394741 -88.19758606
233 -137.3123474 -63.30899429
233 -89.88941193 -60.7881546
233 -94.88025665 -25.50258064
233 -111.3010254 -73.30309296
233 -122.0113831 -65.22949219
233 -6.288020134 -15.34169006
233 94.76805115 82.69848633
233 0.4604247212 14.48842049
233 -41.71710968 -111.5829773
233 -113.8332901 -87.02872467
233 -91.68540192 -15.87611866
233 -92.59941101 -31.6789856
233 -193.8864899 -70.22370911
233 -120.3942947 -21.34391212
233 85.7851944 94.95327759
233 -11.07987499 68.3732605
233 -26.88020325 -3.031353712
233 -165.5327148 -95.62514496
233 -141.7367096 -69.41433716
233 -135.8532867 -8.112678528
233 -90.04946899 -49.97608185
233 -133.2646332 -30.90465355
233 -228.1920471 -69.98249817
233 -209.0515747 -102.5241699
233 -135.242218 -30.19439697
233 81.98368835 126.2844696
233 -8.406198502 89.82608032
233 -47.19496155 69.78270721
233 -60.41332626 -38.23402405
233 -150.3953552 -67.92290497
233 -172.3493652 -107.2045441
233 -121.327774 -64.24038696
233 -155.6056366 1.611259699
233 -94.56476593 -35.38729477
233 -105.4818497 -58.07065964
233 -51.39244843 -34.61194229
233 -260.4522095 -85.37128448
233 -241.2453308 -129.3252106
233 -155.8913574 -32.72071075
233 -86.11024475 3.069182158
234 40.71483994 124.4257507
234 67.89519501 137.056778
234 123.2874451 175.2103119
234 74.3297348 157.5161438
234 15.71272755 82.57287598
234 98.5112915 138.5745087
234 128.0807343 185.4992065
234 -36.18886566 21.63439941
234 190.7094116 207.4144592
234 100.676857 208.7350311
234 -49.64011765 25.13028717
234 -23.0989933 20.33855057
234 -20.93087006 59.91537857
234 212.4402008 195.886795
234 -76.9821701 16.63673019
234 -56.72159958 15.6949234
234 -13.20922184 6.381630421
234 25.19361877 39.96989059
234 -3.033579588 84.30484772
234 230.2019348 211.1678925
234 -121.0375671 11.87555599
234 -94.14488983 -4.929152489
234 -141.1388092 -17.86892128
234 42.13164902 14.57057953
234 -33.10245514 -24.67123795
234 -14.17164803 12.34960556
234 88.60508728 37.63408279
234 13.89264488 116.9425964
234 -148.2193604 8.888100624
234 -85.68240356 -29.97029495
234 -176.5449371 -36.31267548
234 95.73872375 1.716617823
234 -74.24163818 -45.23419571
234 -25.95739365 -19.86418343
234 144.1779633 31.27258682
234 -62.26306534 -39.59504318
234 -96.3963623 -31.6448307
234 -218.4148407 -13.44605541
234 97.49823761 -92.68315887
234 102.3028488 26.61654663
234 -85.15615845 -72.16090393
234 -71.57440948 -57.95080185
234 -41.8729248 -43.74900818
234 -25.87667084 -28.33205414
234 135.4489899 16.40953445
234 -94.48926544 -39.5631752
234 -3.108242989 -38.14603043
234 -179.251358 -36.93376923
234 -213.5222473 -13.59658146
234 23.74212646 -163.5745087
234 153.9202118 -75.90055084
234 125.7084579 38.07624054
234 -48.11290741 -122.7298508
234 -128.7084656 -78.18875122
234 -51.02758026 -46.53652573
234 -7.809889793 -26.31351471
234 184.769989 58.6010704
234 142.8290253 -34.99248123
234 -127.0454102 -82.97622681
234 -144.1949768 -30.7862339
234 -137.1042175 -46.37291336
234 46.37054825 -41.18715668
234 -179.1400299 -23.47649765
234 -149.4126892 -37.32782745
234 -202.4974213 -5.203882217
234 52.95769882 -66.11984253
234 52.78617096 -158.5567322
234 32.08031464 -192.113678
234 229.4173279 -64.89989471
234 83.45025635 106.5129166
234 24.92896271 -16.14774704
234 -52.73877335 -59.45442581
234 -34.86256409 -75.07935333
234 -21.23877716 -7.694956779
234 93.70579529 -53.13189316
234 -135.4411469 10.81440639
234 -143.0548859 -37.67118073
234 -155.5944366 -41.49898911
234 126.1345749 -2.183048248
234 -120.9426193 -67.37137604
234 225.5254059 -39.89551544
234 254.2740479 -113.6408768
234 220.4545593 -74.93035889
234 48.4806633 126.5846634
234 62.81679916 -14.82963181
234 -31.33732605 -81.81562042
234 -13.17831707 0.1605147272
234 -42.4882431 -63.83789825
235 -163.5931244 -136.49617
235 -80.73487854 -117.1930084
235 -233.3124237 -152.5516052
235 -46.51683426 -76.53761292
235 -241.103241 -162.427536
235 -67.17456818 -86.85600281
235 -143.3046265 -134.3725128
235 -93.841362 -91.23646545
235 -88.08597565 -128.7507782
235 -121.8347549 -91.31456757
235 -115.2879791 -85.46542358
235 -79.54647827 -59.41296768
235 -37.77897263 22.5481472
235 -139.6126404 -163.7067261
235 -78.42980194 -74.50455475
235 -108.0191269 -90.73361206
235 -71.52886963 -58.67459106
235 -34.41344833 57.73332977
235 5.645159721 41.55895996
235 -166.1821289 -165.462616
235 -71.63771057 7.033118725
235 -161.6661072 -34.39191055
235 -37.13211441 -46.12218094
235 37.01338196 57.87359619
235 -4.939034939 27.77857208
235 -136.1439819 -168.1432495
235 -161.2236328 -144.1424408
235 -95.44288635 10.77444172
235 -17.20362473 30.23719597
235 -173.0283813 -45.83988571
235 -204.8616486 -46.01706696
235 -180.5256958 6.797136784
235 61.97202301 65.44795227
235 -44.19671249 -1.048479438
235 -74.22559357 -15.96837997
235 -178.8505249 -152.0457306
235 -85.82030487 56.14891434
235 -248.0554962 -41.57108307
235 -233.5336761 25.02074814
235 112.155426 91.43236542
235 89.16503906 91.23133087
235 -71.90520477 -101.9944077
235 -79.45280457 119.2853622
235 229.5778656 124.7492065
235 52.20182419 55.86130142
235 133.9539032 95.40369415
235 147.3462067 128.2486877
235 -84.74213409 -172.5153809
235 16.11752892 194.3530731
235 242.0374451 154.9719391
235 171.6630859 125.8557053
235 343.4363708 110.4497986
235 267.1538086 118.4258347
235 6.957364559 40.65393066
235 163.6003876 151.8747864
235 -114.3551559 -229.460556
235 -29.84552956 -155.6732788
235 -113.6936646 -177.5238647
235 41.47483063 281.6184998
235 134.9080963 176.5557556
235 213.2376099 187.3484802
235 324.4485779 182.96698
235 375.2525024 114.1560135
235 338.7931519 113.938942
235 302.6748962 122.1289902
235 -36.43165207 21.45942116
235 138.0909882 166.8849792
235 -130.1910553 -236.1673431
235 -236.4152679 -373.1827393
235 -209.9054871 -224.2305603
235 57.37112045 291.0144653
235 221.7563324 171.0409698
235 322.1306458 172.1218414
235 351.9428711 99.41416931
235 423.6467896 129.3367767
236 -111.0664368 115.0053635
236 -94.42290497 93.68278503
236 -102.5468597 108.3727264
236 -51.57755661 64.44665527
236 -113.1569519 98.2011795
236 -52.57223129 29.21045876
236 -49.67978668 -8.138266563
236 -67.36871338 9.504709244
236 -55.34133911 25.92609406
236 -6.931424618 -8.572610855
236 -57.34268951 -29.67276382
236 -29.46261406 21.30362129
236 -61.67913437 12.89004421
236 -66.97328949 8.032431602
236 24.19598961 -15.0166378
236 -31.90053368 -26.44568253
236 -116.4859924 -89.49047089
236 -2.65743351 32.89490891
236 -69.15122223 23.29024506
236 -104.0041885 -0.6931439042
236 -13.83105469 -38.64989853
236 -28.9374485 25.71877098
236 -5.379981518 -20.89325905
236 106.749733 28.56537247
236 45.62544632 41.83044052
236 -88.46218109 -63.50385284
236 -82.5838089 42.81518555
236 -119.3074646 1.253732681
236 -36.08332062 -100.852417
236 68.90279388 -29.69731903
236 46.55762482 -23.20623016
236 -55.09350586 -45.47090912
236 117.4078293 44.82450104
236 75.85367584 -13.13280487
236 47.71303177 22.14646912
236 6.899276733 68.76852417
236 55.45430756 -22.49803352
236 90.59536743 -43.44918823
236 23.3334198 -40.17113876
236 120.1608276 -14.31969643
236 -61.59870529 -76.83551025
236 81.14835358 -61.60425949
236 79.06735229 10.10400105
236 24.23873138 10.98670578
236 -13.93650246 135.9464111
236 38.99346161 44.62688828
236 112.1241226 -36.55223846
236 -5.789190292 -32.51982498
236 87.90175629 -88.14972687
236 135.1804352 -21.8792038
236 83.34628296 -66.26101685
236 20.07932854 -73.07736969
236 0.6363627911 6.755983829
236 -39.60058212 175.2716827
236 18.71424675 94.74273682
236 27.82763672 155.5111237
236 129.1227112 -83.11586761
236 58.62708282 -104.1875381
236 27.01953125 -37.35655975
236 27.7927494 -133.3811035
236 20.17796135 -148.3996582
236 8.751181602 14.32262325
236 -3.488979578 -118.1832809
236 78.69560242 -10.17974949
236 -1.749663115 67.7148056
236 -61.59350967 -171.9560394
236 -27.36375046 -131.8432617
236 2.702159166 137.9558105
236 1.713347793 125.0796738
236 -4.1890378 131.6534729
237 -92.30841827 -148.1053314
237 -123.6461563 -154.637558
237 -100.2155991 -144.8652039
237 -113.1414871 -143.3226624
237 -126.8727036 -175.7081146
237 -98.96153259 -129.0171356
237 -127.1030197 -162.419342
237 -98.3239975 -123.5251465
237 -35.20963287 -77.98048401
237 -109.6889114 -129.249527
237 -1.437096119 -30.10056877
237 3.80262661 -76.061203
237 -127.2842407 -137.3719482
237 -147.5675964 -147.4291687
237 -57.02161789 -16.88921738
237 66.73796082 -17.54567719
237 -78.24578857 -8.177471161
237 -127.167572 -117.9580383
237 -203.9658661 -163.5036926
237 -65.61808014 -5.742088318
237 128.0869751 -16.19974327
237 53.1008873 -23.43678284
237 -107.0782623 -90.12930298
237 -28.17910385 8.702143669
237 218.7491302 14.37484837
237 103.8495941 -10.7632103
237 -161.4026337 -112.3729782
237 31.23386002 28.02082062
237 50.01233673 62.47017288
237 -143.9928741 -71.02554321
237 -199.6481018 -150.8405304
237 21.64358902 50.23100281
237 62.0860405 49.75336838
237 121.9936829 121.959549
237 -154.0903931 -74.65579224
237 -99.44352722 -21.23059273
237 70.79111481 92.00558472
237 -62.82299805 141.8566742
237 107.348381 51.60990524
237 97.7389679 44.37662125
237 56.69035721 53.15226746
237 118.0684891 182.5976715
237 -162.8557739 -65.11173248
237 -182.5887146 -79.42261505
237 -100.936882 -27.52387428
237 119.6458817 83.04988098
237 -98.55738068 137.7706604
237 207.944809 63.76520538
237 76.78258514 79.95411682
237 83.82230377 250.3448334
237 -189.4291077 -71.99768066
237 -215.5009766 -86.80849457
237 -129.7931671 -42.82079697
237 203.5730896 79.90309143
237 -142.8428345 144.9708557
237 249.0737305 49.90818405
237 184.4051361 39.6797142
237 78.44970703 103.3773956
237 68.99829865 296.5225525
237 51.91321182 274.6794434
237 -210.5205231 -80.55051422
237 -234.9959717 -110.5013046
237 252.61763 100.3791962
237 265.0273132 42.31020737
237 205.510376 12.51638985
237 224.5912933 6.909901619
237 85.33026886 137.151001
237 -7.291598797 229.5537872
237 -228.2911377 -104.6706238
237 297.0909119 100.2908249
237 292.3965149 26.14535332
237 309.1462402 25.01495934
237 125.7876434 164.3638611
238 69.39499664 80.99057007
238 42.89330673 82.61772156
238 80.1543808 64.29025269
238 52.52039337 73.60948944
238 119.8452225 80.49272919
238 88.34272003 58.8720932
238 137.1743164 82.89359283
238 113.8482208 67.68299866
238 84.77219391 65.74149323
238 40.29529953 54.94861221
238 147.3288116 81.07746124
238 105.1751938 74.26060486
238 167.4712677 88.13954926
238 82.3260498 87.31356812
238 81.22196198 65.12830353
238 27.65498924 56.24197006
238 77.57112885 64.14781952
238 42.22758102 78.24198914
238 173.1369934 88.02933502
238 163.9237976 59.14233017
238 3.766933203 44.27576828
238 146.2281647 58.21829224
238 13.45053291 53.18815613
238 -11.46532536 44.97051239
238 94.98431396 48.22444916
238 148.8469696 64.787117
238 -25.33633995 -4.25024128
238 -43.18076324 7.361754894
238 199.8334656 71.29358673
238 11.11008835 42.00128174
238 -22.0134449 40.39919281
238 -57.92331696 40.65608978
238 109.9147034 23.58409691
238 100.7816391 38.89122391
238 -21.10129738 38.29079437
238 2.803638458 -48.57118225
238 -80.87696075 -45.4510994
238 252.0196228 96.69306183
238 37.27740097 33.60363388
238 -60.92231369 33.9353447
238 -44.3416214 49.21862411
238 -29.20591736 -107.5980835
238 -6.524624348 -54.30705643
238 -86.73690033 -24.81660652
238 -112.7390137 -55.61355591
238 -161.9125671 -103.1763
238 250.1643219 94.23713684
238 127.4593353 42.03952408
238 13.28679848 -8.154850006
238 -83.56903076 18.06375313
238 -38.30701065 64.30374908
238 -10.85281944 1.119981527
238 -50.87768555 55.00035858
238 -123.3365707 -140.0166626
238 -63.83034897 -76.12081909
238 -86.06044006 -7.452051163
238 -158.4623718 -59.14487457
238 -23.15457153 -104.0911636
238 -223.3152466 -117.6959457
238 189.807373 41.56350327
238 13.25274372 -54.63000107
238 28.71095657 -33.33134842
238 -101.133316 20.85291672
238 -93.52574158 -1.005741477
238 -40.75460815 81.57228851
238 -182.0266571 -148.5467987
238 -61.90019989 -63.05024719
238 -115.4472122 -90.90081024
238 9.107295036 -108.3108978
238 -267.6161194 -138.460907
238 -19.79923439 -47.92784119
238 -246.3621368 -171.6845703
238 -178.0112457 -118.6922836
238 -107.7699738 -104.6948395
238 54.68570709 -108.7198105
238 -302.992218 -165.0997009
238 -195.3579865 -165.3858948
238 -107.2035446 -105.9932404
238 -58.82365417 -119.3132095
239 154.6194305 174.7950897
239 184.5970612 193.4711304
239 179.641449 153.7008667
239 169.7960663 169.1606598
239 190.7507324 226.0293274
239 148.0377655 128.2562714
239 293.2610779 139.626358
239 140.6462402 116.8665161
239 279.1188965 143.361908
239 403.9501343 91.80200958
239 405.645874 174.3891449
239 107.6615906 57.5262146
239 95.62002563 127.5138702
239 424.36026 63.71966934
239 444.6767578 184.7762604
239 50.49885941 -18.59730339
239 100.9898071 85.91934204
239 105.0399704 138.8328552
239 40.50935745 95.96917725
239 443.2105408 50.39118195
239 414.5710449 31.22962189
239 467.8466187 174.4925385
239 443.0388489 170.4520721
239 -6.913973331 -29.47852898
239 -30.45669365 -4.036146641
239 197.1417542 130.3484344
239 129.0566864 74.72215271
239 -99.35270691 25.32436371
239 -72.04685211 -9.171154976
239 -16.07213211 -45.92895889
239 -49.75373459 10.833848
239 -205.711441 -17.02933311
239 -169.4133453 3.07266736
239 -174.7359467 -16.21145058
239 -33.57448196 5.099736691
239 -43.39377594 -76.18750763
239 4.600421906 74.94681549
239 -121.4729614 -24.83230019
239 -115.1392212 18.40094948
239 -288.2468262 -73.80577087
239 -253.3165283 -27.86909866
239 -225.9819794 -15.86477947
239 -158.5147858 -23.66761398
239 -197.9316101 -17.91835785
239 -9.790763855 22.36233521
239 -48.23566055 -103.7292938
239 -110.3696289 -38.27766037
239 -140.0458984 -20.0916729
239 -162.4551239 24.44588089
239 -344.2170715 -95.66034698
239 -66.60918427 -144.8038177
239 -122.231041 -87.34841156
239 -207.4342499 -45.81056213
239 -46.81476593 -168.7431335
239 -77.19464874 -96.50933075
239 -216.8742218 -17.10193062
239 -233.9218292 -62.33832932
239 23.03888893 -197.2030029
239 -58.29698563 -162.5435638
239 -70.59951782 -98.88241577
239 -221.5402222 12.19758129
239 58.25449753 -211.3656769
239 -76.21190643 -165.7510681
239 -45.66249847 -101.0961533
239 -55.76136398 -89.25514221
239 -116.5673752 -123.5778885
239 -265.6664734 -2.282331705
239 -176.3784943 66.05602264
239 -92.95819855 -161.0191193
239 -117.5931168 -119.072052
239 -14.01169586 -91.16646576
239 -79.89448547 -109.52285
239 -36.46450806 -68.5777359
239 -168.387207 -129.8458252
239 -101.2347183 129.8833008
239 -79.43147278 -171.5068207
239 -157.6215057 -88.4940567
239 -117.6775284 -117.801384
240 109.5650406 75.19944763
240 114.9170074 75.77310944
240 120.2471313 95.46660614
240 68.10629272 32.59487534
240 160.4306488 94.59265137
240 136.6929474 89.98473358
240 127.8721466 76.33945465
240 86.16848755 23.57144165
240 49.53307343 33.19299698
240 196.4588623 108.3787613
240 100.7112961 73.92532349
240 170.3268585 141.3231506
240 112.4704056 57.27691269
240 139.4029388 100.2400513
240 14.05156326 -1.706873536
240 141.3686981 18.26590157
240 34.31790924 18.60325623
240 193.8408051 131.9140472
240 101.3674011 70.9732132
240 62.95574951 64.15177917
240 6.419719696 19.08429909
240 202.9578705 163.4526825
240 151.0547638 147.1286163
240 76.21567535 27.15682602
240 2.394076824 -38.39110184
240 251.4509888 156.8725281
240 -83.6187439 -29.74121857
240 -41.76551819 3.389589787
240 264.3766785 184.5593567
240 143.3778076 143.6580353
240 45.97914505 -0.84911412
240 -22.14780807 -41.10070038
240 -17.70571709 -78.76977539
240 326.0779114 180.1245422
240 -118.2527084 -39.30907059
240 -107.9888306 -34.85971832
240 -114.209053 -47.44670486
240 -98.47889709 -24.38845634
240 2.72558856 -27.98231888
240 -6.739659786 -22.31890106
240 -14.64851093 -68.4744873
240 -139.6509247 -18.95466232
240 -123.2358627 -74.19464111
240 -56.72845078 -19.76695251
240 -164.0913239 -59.6795311
240 -14.02630138 -29.29693794
240 -61.99824524 -69.01550293
240 7.835434437 -27.00095177
240 -23.01124763 -94.94314575
240 -182.8624878 -21.38485527
240 -142.4998016 -39.38178253
240 -142.7156067 -54.51079941
240 -225.0371094 -89.62834167
240 -242.5655518 -44.66013336
240 -9.850751877 -46.63805771
240 -99.54696655 -68.49481964
240 -68.17528534 -107.1128769
240 -69.41558075 -75.6831131
240 2.545667171 -41.23708725
240 2.662023544 -28.20340919
240 -65.85614014 -120.4986115
240 -222.725708 -11.56485462
240 -102.3121338 -45.93261337
240 -214.0187378 -94.82830048
240 -265.6064453 -109.0839386
240 -264.450531 -17.48588562
240 -58.70820618 -124.969986
240 -64.48786163 -137.3369293
240 -48.14228439 -150.820343
240 -29.60391808 -129.546875
241 -7.520286083 59.02923203
241 -12.23732185 40.88394547
241 9.712944031 66.03007507
241 -23.20073891 34.51151657
241 -13.53266144 47.39883041
241 -54.13610458 0.5958588719
241 -22.56896591 59.44644547
241 -8.109514236 21.91053391
241 -26.05717468 48.03832245
241 -7.689606667 19.30851173
241 -74.753479 -37.15886307
241 -38.80945206 -2.534508944
241 -16.49676514 79.31098938
241 83.25016785 61.89914322
241 -44.00763321 21.72922516
241 18.72397804 5.683253765
241 -145.0168762 -116.3895798
241 -88.93177795 -47.70423126
241 -11.67595387 37.76988983
241 60.07174301 80.52176666
241 116.3109589 78.45212555
241 -41.99452972 -6.443595886
241 30.20156479 -12.41289139
241 -120.154892 -189.3190765
241 -252.7193298 -156.8574371
241 -69.52497101 11.96989632
241 38.64313126 40.43478775
241 101.7080765 30.08225441
241 -14.47948742 -63.28271103
241 -33.69779587 -89.94920349
241 -94.85640717 -205.5749207
241 -152.9268036 -176.6481781
241 -73.05979919 34.1075325
241 -79.22438049 -0.5824823976
241 -113.314537 -8.000701904
241 155.546463 16.56359482
241 -25.37067604 -76.90610504
241 -3.140352011 -126.7663879
241 -22.78346443 -145.7010193
241 -179.7657318 -205.5190582
241 -117.6105957 -165.0637054
241 -50.60053635 23.55975151
241 -40.95621109 15.05063915
241 6.020970345 22.94310188
241 -35.59480286 31.42560959
241 -2.92788744 38.24479294
241 89.28419495 54.1628685
241 45.08244324 26.37532616
241 -25.95525742 56.37447739
241 -69.05590057 4.808908463
241 7.431978226 33.50798416
241 -9.838499069 44.87166977
241 126.0672531 79.88961792
241 10.14723778 -12.43558884
241 72.27843475 15.42656803
241 -101.8638458 -24.99718094
241 29.28111076 38.36981964
241 10.63762188 65.15663147
241 177.6115112 90.64226532
241 -4.322149754 -36.13139343
241 120.5676651 5.602505207
241 -112.2634659 -31.75727844
241 60.01740265 16.71620941
241 13.31461716 44.51261139
241 -12.27922249 71.67988586
241 196.00354 59.14861298
241 251.7286682 146.5527954
241 202.7365875 22.78473091
241 -8.71782589 67.20720673
241 199.9766083 -44.46564102
241 231.3862762 11.90944099
242 -94.60762787 54.89880371
242 -49.99642563 86.7975769
242 -78.70789337 24.16622353
242 -102.8366623 49.35113907
242 -145.9523315 68.01097107
242 17.57283211 97.6520462
242 -36.55075073 49.10946655
242 -46.31193924 17.26013184
242 -73.03973389 6.820569515
242 114.923111 108.4122849
242 -87.22515106 66.18204498
242 -6.373715401 73.64900208
242 -73.03959656 48.9812851
242 -64.22859955 -12.75301933
242 -104.4486084 60.32995224
242 -12.40959454 65.89928436
242 14.57078266 85.14835358
242 62.80567551 89.38591766
242 -83.02973175 -70.68946075
242 -73.35810852 49.48930359
242 -52.84873962 100.9265137
242 19.21162987 97.22718811
242 -22.11195183 46.68096542
242 101.5315933 69.77136993
242 -21.79031754 -87.53817749
242 -50.84528351 12.94463444
242 -62.69748688 87.6444931
242 -116.2797394 135.6007996
242 -66.36433411 110.8755951
242 48.27495575 99.64899445
242 136.7445831 92.507164
242 5.252053738 -78.39073944
242 70.29899597 -73.92783356
242 -48.53839874 -22.26136971
242 92.7318573 124.1872406
242 181.8627625 127.9083405
242 -30.79639435 -63.83737564
242 -45.21065903 -112.9805756
242 74.55190277 -82.58319092
242 142.0057068 -86.62769318
242 -41.80386353 -30.86907959
242 157.3252106 152.3498383
242 186.526001 120.5218124
242 186.1372375 117.23423
242 -52.60161209 -88.34912872
242 -36.08391571 -154.6004028
242 -87.56488037 -103.6970139
242 190.6055145 -99.49249268
242 -100.8315964 -55.26343536
242 -35.87496567 -11.28645992
242 142.3129425 125.9838028
242 184.4958649 215.0168304
242 149.4021912 148.5485992
242 109.7006226 78.67637634
242 147.8904114 259.165802
242 128.9734192 126.3466873
242 79.10669708 -8.853507042
242 150.9671478 289.7496338
242 108.7511368 96.00058746
242 27.43087196 -91.22843933
242 158.8765869 299.3180847
242 114.5215759 48.51202011
242 47.51997375 85.37914276
242 -24.63764381 -165.2662506
242 40.86620712 -170.57164
242 -70.77282715 -217.8733521
242 -47.41371155 -192.6406403
242 -13.99305153 -187.3410492
242 -71.51160431 -200.471405
242 -22.19242096 -201.529007
242 -166.2669678 -263.7250366
242 -4.418551445 -176.5846252
242 -265.0992432 -228.0708771
242 -213.7422791 -290.5031128
242 -272.3491821 -310.4634094
242 26.84534454 -143.5704956
242 -243.8352966 -286.4306641
243 -42.07599258 -10.88276577
243 -85.60172272 -37.1905899
243 -27.00608444 16.92420387
243 -125.7938004 -65.35159302
243 -26.60337257 13.94063377
243 -93.75270081 -71.91372681
243 -143.8413544 -66.87814331
243 49.52295685 17.78607941
243 -58.03045273 7.834257603
243 -87.12943268 -53.34849167
243 -49.4907608 -64.01208496
243 -62.04647446 -51.37153625
243 -142.5941315 -7.197822571
243 -88.59583282 20.86287117
243 -57.9520607 -64.25669098
243 -20.24142265 -76.41121674
243 -5.380320549 -55.48739243
243 -127.2045822 -59.94730377
243 -181.9921112 -43.3610878
243 -118.8715591 24.1540947
243 -21.54906654 -87.46283722
243 -11.44774055 -97.13941193
243 9.831315994 -68.67987823
243 -5.204975605 -66.49830627
243 -5.504406452 -32.32239914
243 -177.0346375 12.53134346
243 11.11294079 -110.2317734
243 -78.11116028 -84.46775818
243 -16.76783371 -61.94785309
243 52.79082108 -35.58764648
243 -22.79847145 -94.00657654
243 -9.950303078 -19.08248901
243 83.33278656 -88.49706268
243 -9.65958786 1.279283881
243 85.36792755 -37.3443222
243 30.59493256 -75.99190521
243 32.16773987 0.3336933851
243 99.47436523 -85.63963318
243 -6.621986389 4.511871815
243 16.49355888 24.97551727
243 -45.21400833 31.27583313
243 84.15897369 35.71405411
243 130.5797272 -51.41635513
243 -91.92306519 75.56925201
243 -42.26799011 27.3312664
243 146.6943665 -30.7666893
243 -123.4532394 96.35959625
243 -18.29507256 25.69480324
243 -175.3333588 115.9682312
243 24.34459686 46.65449905
243 102.3070297 76.19145203
243 37.5087204 51.81880569
243 156.1244507 101.9334641
243 152.837738 139.6885681
243 80.72107697 72.47106934
243 117.4240417 43.39119339
243 173.9212799 141.5238647
243 154.0908813 158.9467621
243 164.6180725 123.394455
243 78.96600342 24.47920036
243 163.6065826 145.7956696
243 166.7475739 175.3575134
244 1.116832495 0.783616066
244 -82.95104218 -6.858817101
244 61.85402679 13.82886314
244 32.56496811 -27.58852959
244 -160.2450409 -15.92737293
244 70.69530487 -53.65539169
244 -171.4519806 -12.73186398
244 -221.5389404 -11.98528862
244 159.5443878 -17.59401321
244 -225.1285095 -16.27349663
244 196.3513031 27.07317543
244 108.5287247 -48.18219757
244 106.7833252 -42.78703308
244 -230.6639557 0.06265342236
244 -253.1047668 -31.91170311
244 118.8783722 -12.69665241
244 55.1292305 -47.55554581
244 51.8329277 -26.47054482
244 -195.0700531 -28.31560135
244 -262.2750244 -15.45771694
244 72.98297882 28.64810371
244 5.467016697 -9.869708061
244 33.67959213 27.88689804
244 -13.25545597 -50.15054321
244 -131.3703308 -48.33964157
244 -193.5899658 -31.56620026
244 24.34552383 38.71436691
244 -33.43224335 -31.4065609
244 -90.51987457 -6.255311966
244 22.29297256 23.49979591
244 5.476346016 55.04956436
244 -64.35321808 -80.46086884
244 -94.04725647 -3.097146034
244 -221.5469971 -32.5835495
244 -18.30600739 46.03616333
244 17.92148209 72.95000458
244 -25.42287636 -10.7173996
244 -94.90420532 11.44148064
244 -16.92529106 31.99528885
244 -41.68012619 -117.0667648
244 -56.0381813 -6.966903687
244 42.3884201 82.97171021
244 27.04473877 14.48170757
244 -150.2121735 21.2976532
244 -52.32785034 46.23793411
244 29.6014328 18.94241905
244 -79.66888428 -117.5746765
244 13.43343735 -119.1094971
244 -33.1153183 23.74877739
244 -88.09536743 -20.61827278
244 -31.70338821 25.54218292
244 83.28322601 74.92247772
244 -58.70602417 55.61485672
244 34.15897751 7.800704479
244 -131.8679352 -137.553833
244 139.3738251 -127.8633804
244 -12.50127506 46.14431763
244 31.7657547 59.67701721
244 -47.84872818 26.20830154
244 79.87729645 70.18878174
244 159.1206207 83.57504272
244 -92.23638916 62.83564758
244 21.69843292 42.25960922
244 89.78964233 -3.393860579
244 34.62749481 -6.629943371
244 -160.5620575 -141.8190765
244 174.4812622 -109.4529648
244 110.3207779 -121.6235428
244 66.639328 77.02124786
244 82.96234131 80.30198669
244 111.3465271 81.75246429
244 169.3766785 100.8951797
244 209.5628357 124.2789154
244 38.96670151 -32.17921066
244 -201.9051666 -133.9987793
244 226.6444702 -102.7596817
244 95.42613983 96.88056946
244 110.10392 75.3948822
244 172.8442841 129.8709717
244 178.31073 116.29422
244 225.8462067 150.5690308
244 -215.8331146 -135.4787445
244 245.6153107 -80.04063416
244 136.2161865 109.2593155
244 176.8821869 79.61916351
244 -208.7491913 -127.9890823
245 164.7308807 219.6427917
245 205.4880981 226.1159515
245 118.5567627 214.0603485
245 209.8343201 266.8444519
245 109.7000046 149.2902985
245 46.80002594 170.9638977
245 59.81384277 117.6563568
245 156.3206787 177.0200348
245 71.40345764 136.1060791
245 -29.04612923 107.4875259
245 88.18365479 152.2526398
245 54.73020172 118.5935364
245 191.1988525 178.9069366
245 5.622585773 94.18903351
245 -9.761660576 82.57081604
245 -23.56551552 132.90625
245 150.0161133 175.6090546
245 108.9489059 162.4228973
245 14.76487827 103.6848373
245 193.6574097 165.349884
245 -16.35119247 87.10084534
245 -6.264728546 53.54573059
245 -44.51956177 52.37387466
245 -1.200886011 156.7622528
245 117.9986725 144.0009003
245 187.7770386 189.734024
245 -10.50370979 -0.9884818196
245 -60.47940445 74.74992371
245 10.82017422 -38.29760361
245 100.3139114 123.1433487
245 -90.35830688 -31.38886261
245 -1.116562843 -46.82884216
245 -65.47042084 100.8842773
245 -93.39687347 98.08604431
245 -55.9811821 -89.59606934
245 -14.75635719 -76.05510712
245 106.6538773 102.7159805
245 -125.1522369 -49.30791092
245 -139.0659027 -56.52006912
245 125.3077393 -22.28772354
245 37.85738373 -66.18938446
245 -80.98004913 -96.80026245
245 27.67486191 -128.9960785
245 108.9637222 80.83213806
245 -151.9986267 -83.09275055
245 -146.4916382 -34.11513901
245 -163.9954071 -58.47014618
245 166.3567963 35.02987289
245 32.30356216 -75.23680878
245 64.13247681 -43.98335266
245 -127.7001724 -107.3627396
245 -128.6468353 -142.4776764
245 107.2593155 -85.4364624
245 -39.24485397 -165.1222534
245 69.45999908 -116.6416321
245 -160.400177 -130.0390778
245 -155.0802002 -73.3817215
245 -160.2969818 -61.74364853
245 291.9533081 88.99593353
245 -151.0540924 -98.90470886
245 -211.5916748 -160.1722412
245 -69.15473175 -142.1471863
245 47.25392532 -163.9728546
245 -105.5541229 -201.7609711
245 -69.75911713 -159.8564453
245 -161.0825806 -143.4169769
245 -196.1698608 -121.9257889
245 -129.9293671 -99.83201599
245 -64.62709808 -154.4944763
245 68.7479248 -162.5648956
245 -115.2671585 -249.1408539
245 -55.92430115 -264.1289673
245 -87.63755035 -293.4430237
245 -101.0281677 -243.5075378
246 -164.1425934 -138.7800903
246 -132.5405273 -107.4221191
246 -69.67178345 -60.63632965
246 -96.32925415 -159.958847
246 -65.03143311 -51.02575302
246 -92.70304871 -60.96463394
246 -5.094258785 -28.25718498
246 -3.901860476 -23.80527687
246 30.17148972 -23.17521286
246 -12.10713387 -29.85761833
246 43.76447296 -25.73005676
246 50.02015686 -0.4079442024
246 -8.034490585 -30.86380577
246 32.89360428 -0.1302786171
246 53.2837944 -8.749687195
246 50.74429703 -16.9746685
246 120.6003647 22.16592026
246 84.13031006 7.135672092
246 -14.14213848 -23.98030853
246 94.72828674 13.7536335
246 66.35525513 -7.089938164
246 66.65101624 2.15740633
246 61.93032074 -14.44130039
246 53.43893814 -16.60489655
246 91.7146759 58.91413879
246 -94.45004272 -47.32501984
246 144.9668732 -14.72016811
246 100.6743622 81.74692535
246 131.5995636 -12.67321587
246 146.9029541 -28.90750885
246 32.15127563 -25.12482262
246 120.394577 0.3287129402
246 159.9558411 -3.739163637
246 93.84797668 63.08586884
246 -108.7720566 -7.589411736
246 -131.241333 -73.93412781
246 86.55825043 152.6952972
246 160.0616302 -36.95336151
246 134.3132019 -48.96405029
246 168.7102814 7.873900414
246 213.74823 -11.54295731
246 91.43519592 62.27426529
246 -152.6383514 15.78276825
246 -120.5177994 -51.84234619
246 -173.1864166 -7.568049431
246 -180.1820221 -50.93404007
246 -156.8527069 -81.05065918
246 1.968165636 144.5584869
246 66.0959549 210.5068665
246 97.73307037 187.9674683
246 221.1356354 -0.4202716947
246 63.3868866 -63.90061188
246 162.7484741 -38.19570923
246 216.5346832 11.08395386
246 168.8189697 18.33020973
246 -68.76216888 -80.85866547
246 -234.4432373 -21.06552124
246 -152.2955933 -13.44098473
246 -217.69104 -33.10160446
246 -175.9183502 -47.35327911
246 -74.71425629 132.1620331
246 70.87519073 221.9833374
246 91.48388672 202.5070953
246 97.02095032 186.5475769
246 291.3903198 33.30925369
246 219.9836121 -26.07557487
246 246.6330566 14.82083702
246 172.8369141 47.98654556
246 -63.844841 -58.59756851
246 -286.0488586 -67.72183228
246 -297.8492432 -22.50954437
246 -328.885376 39.39131927
246 -226.7162323 -126.5469284
246 -336.3671265 -16.50843811
246 -254.34935 -28.22471809
246 -374.9679871 37.17645264
247 88.81615448 -35.67411804
247 69.22698212 -23.378582
247 22.46073341 -31.84770584
247 -24.41453171 -26.52916908
247 19.97021675 -47.64768219
247 -42.40999603 -25.85064507
247 -40.98126221 -30.09335899
247 -32.34845734 -42.68051147
247 -64.62872314 -0.592500329
247 16.85902214 -7.501651287
247 -68.13540649 -16.90023041
247 -67.48433685 -69.60904694
247 -18.5849514 -34.38685989
247 -91.04860687 -18.14745331
247 94.87696075 25.68081474
247 -56.10921478 -22.560812
247 -67.54464722 -34.12435913
247 -93.46221161 -33.65946579
247 -68.27602386 -102.6298523
247 -94.85570526 -69.0738678
247 31.37734604 -35.45669556
247 -91.96620941 -22.03494644
247 -82.22153473 16.80015182
247 147.4155579 97.485672
247 95.99246216 -17.66719818
247 -83.0001297 -29.23030853
247 -73.03277588 -6.678635597
247 -96.630867 -41.26700592
247 -74.7585144 -124.7707138
247 -111.011261 -60.05153275
247 -88.06508636 -61.68711472
247 77.43812561 -24.76340294
247 -86.46707153 -43.41720963
247 -44.49054337 48.51562881
247 -97.76017761 28.79289436
247 153.9457245 92.88819122
247 153.2915497 77.30648804
247 -85.62229156 -22.75972748
247 -35.97761536 -37.02785873
247 -136.4406586 -27.28581238
247 -82.26034546 -3.753510475
247 -66.92832947 -134.8389893
247 -35.87898254 -61.89864731
247 -161.9552765 -73.37685394
247 93.08786011 -18.96692467
247 2.5879004 73.1765976
247 161.0789642 110.5167847
247 219.7654724 98.47605133
247 99.32901764 84.73265839
247 -72.7848587 -19.37255859
247 -40.22313309 -63.50387573
247 -30.32400131 -21.96093941
247 -149.6950378 -29.39334869
247 -85.48138428 -167.8837128
247 -155.7747345 -60.03527832
247 153.5134125 1.105582833
247 16.81050873 75.57214355
247 -17.6113739 85.09830475
247 36.55807877 79.1598587
247 148.4851837 135.1974335
247 166.5210266 138.3498383
247 242.7751617 128.4379272
247 110.2937088 80.43416595
247 -62.81567383 -78.96858215
247 -19.57162094 -85.15022278
247 46.74662018 0.228251785
247 -179.9583588 -29.47900581
247 188.0158081 140.9392242
247 164.3828888 142.0773315
247 177.9176331 146.2522278
247 179.4519348 168.3440552
248 66.41072845 206.9188232
248 103.2534332 194.8651123
248 146.1885681 202.9940948
248 150.8971252 194.2830963
248 86.26759338 197.825592
248 195.8421021 197.9809723
248 118.7572327 155.4803772
248 202.901535 201.2339172
248 52.01712036 189.5345306
248 267.4356689 234.6071472
248 207.4028625 213.2636719
248 52.09182739 148.5231323
248 215.5932922 202.7372284
248 41.58091736 156.7904968
248 46.04409027 144.042923
248 92.33686829 107.8780289
248 -45.53475952 97.91705322
248 100.6517715 236.9615173
248 255.2980804 211.8704071
248 34.53863144 92.54568481
248 98.59391022 97.33744812
248 109.32798 80.81678009
248 83.7744751 107.2594604
248 -158.1511688 -33.24328995
248 318.594696 215.7498322
248 30.30664635 44.51312256
248 115.1688843 68.0066452
248 204.0414886 69.07379913
248 -152.7265015 -74.56005096
248 -172.9780731 -43.0159874
248 -154.7085724 -9.852010727
248 29.33441353 3.669593811
248 156.0046997 29.88029099
248 269.1034241 104.5076599
248 -175.3959808 -115.4097443
248 -175.7266846 -90.17905426
248 -165.176178 -6.972687721
248 21.38917732 -35.57531738
248 131.0482788 4.577310562
248 327.6832275 119.4530106
248 -169.542923 -116.8184891
248 -177.0135193 -106.0146255
248 -218.1281281 -144.2516785
248 -165.2881927 -21.86512947
248 -163.9277496 7.690254688
248 -5.55001545 -54.94923782
248 22.14888382 -62.11668396
248 41.64183426 -37.75244141
248 89.11244965 -38.27328873
248 -162.068222 -130.5086517
248 -220.471405 -141.170105
248 -126.7716293 -118.9743652
248 -153.1878204 -52.53126907
248 -86.7179184 -91.87249756
248 46.66188812 -64.35738373
248 -33.84645462 -78.71118927
248 58.00194931 -72.48087311
248 195.9329071 -19.26853943
248 -168.2240448 -158.6054688
248 -183.4873505 -119.9177933
248 -234.2016144 -162.4962616
248 -177.2771606 -133.6531982
248 -84.5891037 -116.7726669
248 -177.8457947 -88.31084442
248 -129.7950134 -63.66679001
248 -47.65837479 -54.64364624
248 -135.3054657 -156.8068237
248 46.31909943 -39.98918915
248 38.09930038 -90.1594162
248 -12.1922493 -61.58162308
248 27.76391029 -89.90065765
248 15.1290741 -74.16133881
248 79.66516876 -130.6406555
248 36.70694351 -72.01621246
248 257.3496094 -23.33005142
248 -313.5106201 -235.5123444
248 -215.8214111 -196.0222626
248 -287.3890686 -194.4328613
248 -236.0570984 -180.8894043
248 1.0469203 -157.7679749
248 0.8052526116 -178.7869568
249 136.8926849 117.4233704
249 209.2485504 149.7146912
249 193.8270111 137.8102417
249 36.08142471 86.93934631
249 235.8023834 151.3749542
249 218.5979309 136.3069
249 233.8886414 163.0541687
249 192.8448029 149.4181824
249 243.9228821 127.909996
249 -63.72876358 52.62765884
249 213.1238556 150.3411865
249 200.7668304 151.7990417
249 -97.48030853 60.62683487
249 -114.9470825 22.97003746
249 -3.322148323 62.46293259
249 -119.3219147 -9.181035995
249 -77.18856049 73.35900116
249 -81.77891541 66.67392731
249 -119.84021 12.93901348
249 -146.6834259 -24.7071209
249 6.201824188 77.99256897
249 8.095778465 43.26628113
249 -117.8191376 -72.05178833
249 -93.66312408 26.74358368
249 -80.76257324 86.79801941
249 -159.098877 -73.76213837
249 58.66187286 33.67712402
249 -140.8538971 -77.30245972
249 -128.6788483 -109.5059967
249 -136.1614532 -89.37095642
249 -168.5252686 -132.4424744
249 147.5242157 50.69072342
249 -193.230545 -86.16178131
249 -203.2030029 -139.5263367
249 -199.235672 -132.6526031
249 -145.0454712 -137.1451569
249 -220.4287872 -148.6495667
249 -135.2999268 -150.6926727
249 213.3286591 22.87631798
249 -198.996582 -164.8835907
249 -266.7375183 -141.6434021
249 -212.096344 -146.5422058
249 -195.016037 -123.060112
249 -109.6948547 -150.7230377
249 -217.0028687 -158.7791595
249 273.0924072 59.77106476
249 214.9812927 -11.55899429
249 -194.2188416 -166.5045013
249 -245.7820892 -192.1665955
249 268.1842346 94.37110901
249 165.984436 -37.53578568
249 -274.8991699 -266.1020813
249 315.8401489 105.3429947
249 315.7393799 132.1575012
249 342.3402405 156.6372986
249 415.7705078 178.5753479
250 -46.84877777 -0.6635462642
250 -41.98423767 34.9184494
250 -23.98730469 38.96047974
250 20.76812935 70.02826691
250 53.15617752 91.34712219
250 84.61022186 129.4459839
250 40.68800735 56.41146088
250 65.33690643 123.0142517
250 95.91239166 159.5262451
250 63.86198807 66.56828308
250 56.98159027 34.01530457
250 59.58081436 47.36753845
250 38.69956589 9.276875496
250 -4.967397213 -10.02880001
250 112.2164841 27.32773209
250 53.37763977 13.48938656
250 102.2525177 64.32100677
250 27.71414375 -22.76729774
250 32.23413849 22.25668335
250 66.60960388 15.68295383
250 -77.96276855 -46.28974915
250 10.26541996 -35.11864853
250 -23.62433243 31.95042229
250 37.84869003 24.03429222
250 68.60256958 26.42529488
250 -164.4526367 -75.1961441
250 6.665229321 -40.22091293
250 -57.48731613 26.34953499
250 -15.41788673 32.47131348
250 54.73517227 26.06746864
250 21.75960159 21.75915909
250 11.0369215 -23.34719276
250 83.20420074 35.76190567
250 19.89907455 25.04616737
250 -237.4915924 -99.67030334
250 14.82095337 -55.55922699
250 -15.77520084 -74.2778244
250 47.5718956 -57.02703476
250 -18.53583717 -25.41177177
250 -65.59225464 23.3080883
250 46.45486832 -11.2371788
250 103.7936859 46.29824066
250 118.0273209 53.78452682
250 -308.6679688 -116.3224869
250 35.65700912 -34.65207672
250 34.90581131 -44.86352921
250 7.51244688 -47.12678146
250 -70.18173981 -24.39920044
250 -317.1420288 -108.1919327
250 35.17002869 -36.82215881
250 31.23931885 -51.13628006
250 36.69745255 -46.94882584
250 -5.340813637 -32.28879166
250 -110.9534149 20.58596802
250 -80.94303894 -5.219875336
250 -120.9612808 -17.99036026
250 27.24361992 -50.51006317
250 47.80064774 -63.82208633
250 29.76914215 -65.55522156
250 99.26302338 -7.087545872
250 54.70331955 -103.6269455
250 -130.1597137 26.12898254
250 -120.171196 9.450223923
251 -238.7819366 -221.7725677
251 -244.0227661 -195.4025421
251 -159.394455 -115.6754608
251 -235.1340485 -216.6151733
251 -217.8834534 -174.5680084
251 -135.7864075 -76.55487823
251 -231.2994843 -222.2977448
251 -309.5089722 -209.5914764
251 -195.3807678 -182.1800995
251 -149.7193146 -132.8215027
251 -259.2772217 -174.1468811
251 -104.2659607 -23.62561417
251 -242.4970703 -229.7674103
251 -219.0182648 -208.8650513
251 -190.3958893 -123.9364471
251 -246.0613098 -135.9918976
251 -66.662323 -80.92404938
251 -93.98156738 24.94649506
251 -102.3941879 -89.47814941
251 -240.524765 -118.0916901
251 -20.36621094 -9.388566017
251 -49.03134537 -109.8094254
251 -75.87701416 70.61878204
251 -14.06621265 53.38977814
251 -248.4684296 -116.4008484
251 15.99129963 -8.434151649
251 1.282629013 -3.328727484
251 14.93811798 -34.47729492
251 -95.49947357 105.6056747
251 -236.6746674 -102.973587
251 52.10057068 -9.183654785
251 10.56930161 -0.9490901828
251 97.07749176 -9.500089645
251 30.80444527 3.498970032
251 -115.8691559 135.3083344
251 -98.71214294 133.6905975
251 88.73577881 3.805520058
251 117.4223938 -12.69453335
251 74.78405762 -51.83035278
251 12.73388863 44.66658401
251 -84.63173676 155.3936615
251 -105.2479706 152.5958862
251 102.1939392 43.04981613
251 190.7744446 8.38405323
251 2.294525385 66.32893372
251 -111.9083786 159.0002441
251 -145.6802673 192.2601776
251 124.5660019 99.88376617
251 117.0764694 61.61185837
251 159.005661 35.93009186
251 150.9640198 48.48950958
251 236.820343 13.03726959
251 -0.7827187777 79.42873383
251 -148.9551392 202.9460449
251 -135.1234436 248.1819153
251 182.6753693 145.2944794
251 192.4043274 37.47889709
251 151.9611664 47.89453506
251 99.20020294 -10.48142719
251 194.9421844 103.9733734
251 314.2288513 66.86532593
251 240.4954529 168.0996552
251 185.8142853 42.90273285
251 168.6606903 27.1864357
251 117.5929947 -44.42531967
251 103.3765717 25.22751617
251 227.1729889 161.8213348
251 215.869873 155.6809082
251 191.0334167 69.10857391
251 279.8343506 63.09436798
251 254.0151367 17.47752953
251 243.052002 174.6555939
251 175.4623108 16.2585907
251 160.1574097 26.88648224
251 188.8657684 0.6758860946
251 81.93362427 -36.45170975
252 302.0573425 183.8794861
252 301.7036438 177.1521454
252 312.292511 172.8851776
252 325.8108826 198.2881012
252 316.9511108 155.3715363
252 346.4529114 218.5042419
252 365.7559204 173.810318
252 231.9381561 106.3299561
252 377.5880432 157.7889099
252 409.7247314 213.7428436
252 199.5844574 81.33364868
252 414.2087097 154.0103607
252 430.5613098 158.6179352
252 445.9873962 223.6786194
252 179.6520081 55.60271072
252 36.36888885 -27.59671593
252 299.0708008 63.59676361
252 -36.54966736 -44.90404892
252 5.641056538 -44.39172363
252 358.0916443 113.660202
252 -37.35091782 -38.03981781
252 -50.83580399 -39.4511261
252 -38.72171783 -25.1543045
252 -54.06005859 -50.19540787
252 -76.03801727 -35.29805756
252 -36.67718124 1.885201693
252 -54.04867935 -7.341476917
252 -151.4612122 -55.47018433
252 -43.79150391 6.607133389
252 -40.0649147 -17.51604652
252 -34.41354752 11.38926983
252 -158.5101471 -37.16056824
252 -203.3384552 -91.13722229
252 -26.1631012 -1.79982543
252 -38.97825241 -10.40358925
252 -49.60580444 24.68689537
252 -3.732744694 -35.45957184
252 15.08073616 6.386618614
252 -68.17285919 -10.8847723
252 -249.5929565 -121.2752075
252 -52.33408737 -16.43708038
252 12.87788677 -33.11362076
252 -58.43595123 -16.52965927
252 -267.9332886 -103.9194565
252 -268.3522644 -129.9620209
252 -68.2636261 -26.43611336
252 -69.87756348 -25.19322777
252 -286.1874084 -113.7182465
252 -67.31225586 -48.05247879
252 -95.75424194 21.57674789
252 -92.25475311 -48.06813431
252 -307.0741272 -117.3016205
252 -63.3213768 -50.49830246
252 -23.5061512 -36.4682045
252 -116.3565979 -59.01949692
252 -167.9471741 -51.92736435
252 -260.9633484 -140.4107056
252 -232.6828461 -76.84041595
252 21.28068733 -35.90961456
252 -123.7955933 -48.09228516
252 -280.8426208 -186.3424988
252 -232.3112793 -77.09442139
252 -131.8695221 -47.26056671
252 -365.7048645 -206.0175018
252 -139.4642792 -41.63560486
252 -484.0281067 -251.0565338
253 67.80210876 56.73884964
253 82.61316681 60.5843544
253 153.7350311 35.55361176
253 63.41040421 83.61685944
253 212.9153595 17.37552261
253 160.8388672 19.00335884
253 143.5856171 50.19392395
253 51.17156219 113.0856171
253 73.21595764 133.0778046
253 221.9114838 36.66793442
253 97.96754456 -21.47390556
253 112.6354904 3.025871992
253 184.8601532 2.622750282
253 134.848114 22.77537537
253 132.1441803 19.67309189
253 13.81268883 142.9141693
253 77.16358948 150.4912262
253 217.5604095 52.16933441
253 219.5066223 63.17295837
253 43.20840073 -46.92084885
253 26.80672073 -51.81583786
253 81.4537735 33.32833862
253 160.4006805 68.11273956
253 190.3904266 -37.84264755
253 82.39755249 -78.14787292
253 167.5907135 87.37472534
253 164.3806152 62.4227066
253 249.6605225 146.2942505
253 30.95105934 -69.75801086
253 16.59151268 -57.73931503
253 0.4015015066 -87.02440643
253 99.20682526 53.60844421
253 130.6710968 107.3065338
253 28.64720154 -111.3784714
253 197.8372192 99.10449982
253 142.9470673 38.96697998
253 49.59179688 -98.99033356
253 50.29978943 -29.79505539
253 -34.72146225 -119.1849213
253 40.0106163 105.5956039
253 165.6284943 116.4981918
253 73.61607361 95.62774658
253 230.5181732 107.7095261
253 31.72267914 -111.0672989
253 2.996803522 -30.22464943
253 -149.4875183 -153.4329224
253 10.41619492 140.2867279
253 -18.40663338 105.8437347
253 -19.80900574 -19.98615265
253 -260.3957825 -175.8626862
253 16.13925362 101.4775085
253 -32.22219849 140.598465
253 -5.421895027 86.44454956
253 -59.6611824 -24.57595253
253 -340.9595947 -204.0126801
253 -26.82719231 142.205719
253 -30.70899963 53.13461685
253 -36.29506683 97.37477875
253 -95.07836914 -90.72631073
253 -105.9503098 -41.26033401
253 -0.102987431 19.24407959
253 -369.9916992 -220.4334869
253 -40.04914093 160.9462585
253 25.42576981 84.54785919
253 -55.26339722 110.8805237
253 -21.70827675 103.5003586
253 -72.8489151 124.3267136
253 -223.7523193 -146.5297089
253 53.37255096 53.29776382
253 90.14430237 5.778092384
253 32.8318367 33.24253845
253 -365.5545959 -242.5737457
253 -415.728363 -210.1167755
253 -382.734375 -249.9155579
253 34.17278671 92.56436157
253 -355.4231873 -196.6663208
253 -480.1446533 -245.3823853
253 -402.7124634 -265.4463196
253 -446.3865051 -288.8514099
253 57.16981888 104.902977
253 -350.9523621 -218.1544037
254 101.1724091 63.25262451
254 98.28292084 50.69249344
254 76.7377243 60.71587753
254 136.8694611 39.22021484
254 42.36098099 42.63903427
254 9.994231224 -1.460128427
254 47.23411179 43.55471802
254 41.53404617 32.80984879
254 -8.387306213 2.384708643
254 -15.60243416 -13.77535343
254 55.50661087 39.84828568
254 86.76795959 4.699826717
254 8.165582657 33.11751938
254 39.29753876 45.55737686
254 40.35868454 42.92170334
254 -48.15259933 -27.18323135
254 -18.00546646 -24.57346344
254 57.53255463 39.02114105
254 139.3213043 2.629123449
254 -5.817955494 40.58682632
254 7.291881561 38.62768173
254 137.5154724 67.97328949
254 -58.17371368 -63.36730194
254 -41.36037064 -36.42630386
254 -33.56840134 -18.1448288
254 188.049942 -8.091572762
254 -21.78335953 42.06187439
254 -1.002667904 41.60274124
254 -44.48547363 24.07183266
254 198.4211121 121.8537521
254 -44.59526443 -61.28986359
254 -62.86117172 -67.27404022
254 -36.5932312 -37.22529984
254 -69.43432617 -27.45956993
254 -71.09468079 -34.4432373
254 -41.59287643 -9.08343792
254 -66.57685852 20.90621567
254 215.4998932 144.0980988
254 189.113678 114.7794037
254 218.430191 154.8973236
254 -55.5721283 -67.81325531
254 -41.08582687 -71.69120026
254 -68.46816254 -81.70150757
254 -108.4945831 -75.7181778
254 -29.67036057 -36.00628281
254 -76.79471588 -58.80036926
254 -65.7465744 -25.20678329
254 -132.8258667 -14.60184765
254 -75.29147339 -19.30193138
254 -85.77371216 38.47832108
254 247.2399445 160.2613068
254 195.3799438 123.773674
254 -51.40859985 -63.71510315
254 -136.344574 -104.5464783
254 -43.63267517 -75.80987549
254 -57.07070923 -74.58573914
254 -168.1000061 -106.2143784
254 -50.37935638 -27.73196983
254 -126.8764343 -48.23921585
254 -45.92896652 -69.86920166
254 189.5841827 105.8442993
254 195.6643219 134.5482635
254 -38.47124863 -39.69287872
254 -107.7968216 -63.14632034
254 -126.3703156 -79.54920197
254 -39.39115143 -81.77261353
254 -148.5403137 -45.73506927
254 -179.1526947 -85.65530396
254 -215.0515747 -70.52695465
255 -114.1004944 173.8537903
255 -123.192749 127.5533142
255 -139.5603638 192.8475494
255 -115.6066132 144.0618744
255 -102.4384079 97.94861603
255 -148.575943 136.6713867
255 -27.90103531 138.5269318
255 -139.660553 156.6099243
255 -113.9034348 109.3076477
255 -218.4068604 89.79502869
255 -30.5799675 36.16629028
255 -21.58171463 91.8427124
255 -17.40058708 133.723053
255 20.40570831 16.66175652
255 -51.6862793 15.53378391
255 -11.50529194 99.76318359
255 15.16146564 24.16517258
255 -42.03067398 -5.457108498
255 -47.59576035 30.12342834
255 22.07713509 32.25093842
255 59.62395096 21.40122223
255 46.21339035 0.9911147356
255 27.03831673 -24.72045708
255 -117.357666 11.48935604
255 -40.72688675 -26.67398453
255 31.88696671 58.7281723
255 -69.01270294 5.483376503
255 -91.15455627 38.56140518
255 -37.17686844 8.706746101
255 47.55660248 41.56228638
255 81.85642242 -14.25694275
255 66.1080246 10.39271736
255 3.40206933 0.2459241301
255 111.6585312 -38.9475441
255 60.8445282 -13.50110435
255 58.10226059 -10.28961468
255 72.44216156 -52.67766953
255 29.58052063 -48.40123749
255 -37.46251297 -44.81875992
255 -49.46593475 -34.13201141
255 41.50112534 39.73498917
255 89.27220154 91.16716766
255 -24.86494637 5.249336243
255 128.7194061 -50.86850357
255 37.03012848 -38.44934464
255 84.71868896 -94.48548889
255 29.04417419 -56.59745407
255 -57.91798401 -59.71650314
255 -99.38007355 -61.20780182
255 43.82987213 44.03501129
255 41.05720139 61.48464203
255 122.5420685 -60.74741745
255 10.90737629 -76.72396088
255 71.46929932 -88.79696655
255 91.9045105 -75.48291779
255 39.23119354 -11.66988564
255 51.88346863 -75.32769012
255 -15.40616322 -59.45822525
255 -60.63919067 -59.36545944
255 77.97824097 9.467245102
255 -28.80804443 -133.7192383
255 208.5552368 -70.95521545
255 77.53522491 -69.35582733
255 -45.11233139 -54.8492775
255 -52.11383438 -148.5748596
255 -42.12056351 -149.8673401
255 225.9810028 -63.11100006
255 -79.48126984 -34.17695999
255 -65.43015289 -178.1221008
255 -30.57988167 -167.8714752
255 282.8200989 -42.72990799
256 55.06454849 64.32796478
256 25.54624748 85.74042511
256 45.65237045 99.9380722
256 21.40037537 33.24297333
256 31.94809914 44.57282257
256 55.0000267 97.21606445
256 -21.77453995 21.05475235
256 18.18118477 20.18252945
256 45.23157883 77.53826904
256 57.38269043 65.8968811
256 75.49143219 144.4683228
256 -67.06322479 -27.30157471
256 -23.78923988 -25.61102867
256 -60.15211868 -9.866901398
256 27.65412903 -86.88832092
256 -14.80167961 8.512290001
256 70.58009338 98.53410339
256 9.140431404 93.44664001
256 74.58624268 71.69694519
256 -140.5542908 -96.65458679
256 -83.07203674 -42.58189774
256 -93.09971619 -7.668908596
256 -64.65709686 6.143922806
256 14.53963757 -105.0568314
256 -59.84450912 5.350311279
256 88.85396576 114.8575439
256 50.5202446 48.72014999
256 74.80963898 78.64173126
256 -250.7296295 -145.2509918
256 -64.0672226 23.81102753
256 -1.326287389 -77.46308136
256 -50.17068481 -3.893664122
256 -46.21764374 -3.339713573
256 -51.63686371 -20.36283112
256 137.7402344 119.8563538
256 89.83238983 126.9290543
256 11.15968037 45.13370514
256 -261.5608521 -175.3124237
256 -4.463820934 -57.40043259
256 -56.43792725 -26.84523964
256 15.12368202 34.83633041
256 -47.08128738 -16.95914841
256 -3.70854187 -7.288736343
256 -84.05483246 6.425674438
256 -14.508111 30.13671112
256 -52.97651291 -34.41235733
256 40.95886612 94.88916016
256 40.66142654 58.97067261
256 27.61220551 -16.63241196
256 12.62327385 -27.42763901
256 -50.05197906 -35.05908585
256 -39.79878616 -0.9919835329
256 -69.92701721 0.2457624227
256 14.45346165 -20.91737366
256 12.06891918 -15.35134602
256 43.95846939 92.25779724
256 20.45798492 -55.91703796
256 -39.54496384 -4.756929874
256 118.3335648 -20.96570206
256 40.25249863 -39.1008873
256 -17.94480705 -32.9215126
256 40.63537979 6.148620605
256 92.05909729 116.5828476
256 6.728741169 74.01556396
256 -27.08375549 -69.07529449
256 -10.62111664 -10.03503036
256 36.95147324 -113.3985901
256 -42.73571777 -19.1308651
256 19.39816093 13.42606735
256 -17.1565609 -35.1427002
256 -50.58866501 -16.37098312
256 122.7625122 -161.787735
256 -22.0172596 -4.029246807
256 76.96298981 36.0490799
256 -33.82121277 -2.366363525
256 -42.67438889 -67.52996063
256 -57.11436081 -15.30666447
256 127.988884 -202.3749542
256 148.5214996 -203.048172
257 -191.9150085 -88.99931335
257 -150.7694702 -62.05575943
257 -193.3417206 -73.27229309
257 -102.4241638 -71.25268555
257 -229.7583313 -68.85723877
257 -218.7917786 -138.9924469
257 -179.4509277 -60.30889511
257 -162.1434631 -31.0370121
257 -177.4597321 -54.63545227
257 -72.32143402 -64.05432129
257 -278.9400635 -145.1125488
257 -411.5286255 -182.4369659
257 -90.47709656 -59.51824951
257 -294.1671448 -142.7463074
257 -33.10229874 -43.35926819
257 -306.4471436 -154.8316498
257 -109.0078735 -85.36304474
257 -50.09258652 -72.95307922
257 -22.69536781 -29.14175987
257 -361.0189514 -175.3969269
257 19.00971603 -31.92492485
257 -353.9450073 -217.3426208
257 -115.0016708 -104.4758072
257 7.912615299 -74.28055573
257 113.9176102 38.95145798
257 -66.97874451 -19.84425163
257 32.77352905 57.07288742
257 -401.3321838 -222.3041382
257 77.50079346 -55.91831589
257 76.26438904 -10.50209332
257 175.3822632 29.30148315
257 105.4057388 59.60786819
257 -96.88749695 -26.7355938
257 43.19502258 80.37242889
257 47.55311966 88.39685822
257 101.4256744 -69.34622192
257 51.00506592 -23.86696815
257 160.7560883 46.50240326
257 135.0249786 88.61673737
257 -125.8750992 -51.08431244
257 58.27800751 84.64987946
257 76.21676636 97.85870361
257 124.1136322 139.9503937
257 138.7279816 -88.3841095
257 203.3764801 92.42690277
257 155.8360748 96.93721008
257 151.1791687 126.7603531
257 77.1683197 90.03549194
257 78.00010681 124.2309647
257 173.4019928 140.9131012
257 139.1141968 169.7013855
257 167.5073853 -105.3171844
257 204.2048645 110.5632706
257 179.1410675 134.1255188
257 203.9382324 108.1079483
257 191.9324341 132.7641907
257 102.3112946 83.59830475
257 80.35787201 129.9440613
257 198.6023407 146.2447968
257 124.9983749 167.2335968
257 141.1727448 146.4411926
257 183.7520294 -135.7580872
257 238.0558472 118.9903259
257 257.359314 111.1105881
258 -121.0334702 -170.0523987
258 -120.0402145 -169.9465485
258 -128.4879608 -165.1852417
258 -133.9526825 -175.5705109
258 -122.2864761 -112.3335648
258 -95.70529938 -184.9061584
258 -119.2549057 -99.50373077
258 -114.9363098 -237.9628448
258 7.235417843 -120.0172119
258 -120.6621857 -213.7522888
258 -163.886261 -130.1758881
258 -117.6716995 -74.85167694
258 -73.08985901 -63.53194046
258 -102.5410233 -218.7524872
258 71.96603394 -32.68755341
258 -171.768692 -139.9774475
258 -53.37440109 -23.42154884
258 -76.21938324 -162.3785095
258 39.90151215 3.156855583
258 -223.6434479 -131.1924438
258 -144.3045807 -147.3056183
258 -22.4204998 17.59184074
258 -42.36248016 -107.8186646
258 -22.75467873 21.5184803
258 103.7372894 5.559390068
258 -234.1165314 -107.6858444
258 -142.582016 -162.9029846
258 -6.863993168 48.39504623
258 31.2463665 -67.9783783
258 -15.54408455 45.89852905
258 -64.05574799 22.37127495
258 124.8860016 -3.818291187
258 139.9492493 61.98766708
258 78.84224701 88.59199524
258 -19.93182945 91.48763275
258 115.5066071 -34.26078796
258 -33.78588104 96.65388489
258 -44.81599426 61.16359329
258 74.76701355 80.86816406
258 178.6179657 86.18720245
258 141.2511902 110.4240494
258 63.85084915 57.91167831
258 -57.88269806 127.3345718
258 125.6850967 -30.20761108
258 90.08976746 -17.97989464
258 -41.08615112 122.2066193
258 15.94553852 78.27431488
258 74.67315674 89.53156281
258 -76.73832703 80.0643692
258 164.2923431 128.4250183
258 218.2473602 114.0312729
258 135.4001923 119.008461
258 -100.2064514 135.0159607
258 86.08709717 -36.27981567
258 112.2958832 1.70985496
258 -13.37752914 109.2573471
258 55.05464554 85.77287292
258 -92.41259003 101.4738159
258 152.5049133 119.5210648
258 224.3262177 117.878624
258 131.5029144 125.543663
258 -161.2442169 161.8297119
258 77.2522049 -70.03437042
258 85.46606445 -37.91201401
258 74.2935257 -38.20045853
258 137.2156067 -0.6359887123
258 89.70483398 157.2812805
258 -64.82243347 114.7305603
258 -101.6984787 92.68447113
258 -105.3374329 101.6800156
258 208.9576111 146.4044037
258 236.1464386 159.7939453
259 100.8160553 111.8169556
259 57.37828064 66.01563263
259 143.4365845 54.15039444
259 172.7132111 148.3746338
259 -6.349978447 89.89266968
259 162.5660706 17.42629623
259 186.9558105 155.6414948
259 101.1735535 15.92580795
259 28.18050766 49.09521484
259 80.77619171 22.36662292
259 121.8281555 -7.447490215
259 -112.687027 48.07679367
259 269.7550049 13.50372505
259 174.1652069 -7.810216427
259 145.4042969 3.37791729
259 20.20811653 22.05714607
259 51.06087112 -7.48652935
259 -72.87001038 73.28327942
259 84.8730545 -11.22244167
259 159.0622864 3.215196609
259 -180.2168274 -11.15776539
259 261.4628601 32.30873871
259 288.1231689 -16.57637787
259 195.2580414 -20.53270912
259 105.7335815 52.13478088
259 63.99872208 75.39007568
259 -11.72802544 -50.89767075
259 26.71909142 -58.87647247
259 -117.1523056 122.414772
259 156.4194489 -0.3479486108
259 191.8302612 -22.40003204
259 -103.8635559 37.71234894
259 -275.2539368 -41.84243393
259 245.3895416 29.72933769
259 255.1285858 27.591856
259 294.7753296 -37.93212891
259 289.8255615 -18.40979004
259 35.40525055 86.64607239
259 -6.672902584 134.4254761
259 164.0487061 68.45448303
259 70.71685791 55.96405792
259 -53.44390106 -91.2851944
259 -7.953495979 -75.95201874
259 1.656350851 -198.3637848
259 -155.5328064 141.7459412
259 -177.4130859 95.31853485
259 -93.56856537 145.7411499
259 176.0468292 2.84190464
259 186.1615143 -71.04204559
259 -369.7475281 -95.36749268
259 10.42918587 120.2082214
259 -25.19491386 165.7684326
259 -94.18937683 140.9202271
259 69.57992554 40.52285767
259 -66.04508972 -114.3665619
259 -36.9577713 -108.3526306
259 -16.75637054 -87.01062775
259 -28.91335869 -238.0918121
259 43.43236542 -146.4779053
259 -72.00616455 166.1357117
259 -422.12146 -102.0511398
259 -456.328949 -114.839035
259 -5.137102604 171.2448578
259 -149.4668121 187.9522858
259 66.9118042 31.66724968
259 -130.7000427 -126.5190125
259 -95.71211243 -142.0009003
259 -41.57733154 -167.8541565
259 -15.21078205 -78.27861786
259 -63.0340004 -289.5378113
259 -54.44615936 -322.3296204
259 -27.71250534 -292.0418701
259 -467.2684021 -119.4073029
259 -509.3029175 -116.722702
259 -475.1239319 -134.1900177
259 37.44671631 199.6652679
259 -170.2277069 217.8296204
259 -131.8932343 169.3639221
259 2.927244186 -68.89550018
260 -68.84555054 -28.41874695
260 -121.0022812 -61.21743393
260 -56.84762192 -5.624425411
260 -125.0489426 -19.4732914
260 -50.3955574 -36.33418274
260 -132.0016632 6.787439346
260 -91.93740845 -26.54159355
260 -20.41762352 1.196666598
260 -62.56637192 1.915759206
260 -197.2353058 -46.1425705
260 -165.113266 -45.07427216
260 -24.3149128 -33.36473846
260 -18.68517876 -58.03421783
260 -133.7332764 114.3301849
260 -85.00570679 -9.90885067
260 -107.9929047 -30.25210953
260 -10.39631367 -2.854072571
260 47.92412567 33.59553528
260 -92.8953476 -57.24373627
260 29.09700775 -22.93935585
260 4.834391594 -61.40052795
260 -41.21666336 -60.18630981
260 -44.78169632 170.547821
260 -121.8783264 -49.5046196
260 -114.8443298 -32.34836578
260 -114.8502197 -46.56941986
260 41.23286438 -2.840200424
260 24.02243996 25.79891396
260 94.13579559 21.36745071
260 -23.91814995 84.92929077
260 50.37376785 -29.74522591
260 59.62298203 -16.86193275
260 61.44080353 -63.0052948
260 -69.33152771 -49.87812042
260 -61.5454216 -83.03155518
260 -71.26390839 182.6691589
260 -78.06157684 186.5446472
260 37.00323105 194.9883728
260 -127.2250595 -96.06674194
260 51.23970413 1.243516803
260 138.829361 -2.515312672
260 40.93618011 157.4897308
260 -85.00131226 60.47922897
260 -95.01108551 80.10603333
260 72.24990845 -30.59992409
260 57.20529556 -42.62150574
260 40.15960312 213.7446136
260 61.55234909 186.9736176
260 -104.4531784 -109.5291519
260 69.39011383 -1.026783943
260 105.9125061 -57.64979553
260 147.8050537 -38.90311432
260 57.17987061 -52.11394882
260 64.23781586 -37.12535095
260 26.6783886 -14.95944309
260 52.92325974 6.443686008
260 34.78292465 62.53578568
260 -105.1810532 -59.79803467
260 -9.334512711 55.05302429
260 92.98146057 93.77214813
260 -68.40496063 -96.68637085
260 -145.8905182 -71.43695831
260 -158.719162 -67.27198029
260 -13.89893055 67.1104126
260 149.2437134 114.6575317
260 -71.75382233 -125.6202087
260 30.84590149 -116.004425
260 -158.0870514 -81.98671722
260 -208.9135742 -61.7204628
260 6.642933369 74.81661987
260 -66.80836487 78.48706818
260 210.0462646 86.958992
260 66.88227844 -124.5843658
260 -99.19538879 96.06723022
260 291.2982178 19.74937057
260 105.6605301 -124.5215454
260 267.9095154 -30.67535782
260 327.1810913 -7.962469578
260 224.1695251 -34.05265808
260 369.6248779 -6.462497711
260 210.7495728 -9.669586182
261 230.5355682 87.00309753
261 240.5138092 58.43488312
261 284.512207 105.1115341
261 213.961792 25.05693436
261 221.4288788 -16.31415367
261 189.6241455 0.7946996093
261 158.6054535 -21.38560867
261 206.5230713 13.27689743
261 246.5856781 13.19417095
261 122.8251419 1.448111892
261 209.2312164 7.682260036
261 184.3293915 -13.48923302
261 139.7904205 24.28035355
261 142.4554901 16.21648979
261 74.65829468 -0.1450152397
261 114.2636185 40.16005707
261 234.828598 10.24691582
261 150.5665741 -37.11474991
261 275.8677673 5.302610397
261 183.2754059 -21.05725288
261 79.20986938 36.58815765
261 -67.75702667 -3.732533455
261 -24.70131111 -20.16771126
261 155.4993896 56.00267792
261 165.0365753 4.830014229
261 257.4484863 -28.54613686
261 236.9465179 3.477059841
261 366.1548767 25.10306549
261 189.1194611 -4.439348221
261 227.4478149 -81.21324158
261 2.49272418 65.19433594
261 -138.2242432 -9.38673687
261 -92.63803864 -40.38630676
261 -89.87631989 -20.44955635
261 236.5613403 -117.0681992
261 231.6289978 -103.9836349
261 -68.03440857 71.41594696
261 -111.2487717 -9.343219757
261 -145.1182556 -59.76905823
261 -85.19786072 -30.59657669
261 -89.6762619 -42.20289993
261 226.7127533 -164.3044586
261 221.0393982 -138.3120575
261 -108.7517014 89.40002441
261 -140.6995239 83.15744019
261 -111.734169 70.54631042
261 -127.8247681 10.42618084
261 -125.8344803 -9.090694427
261 -175.8834839 -33.46683502
261 -125.9973679 -30.31262589
261 -144.2355957 66.32370758
261 -129.9966736 49.83934402
261 -99.49027252 68.73530579
261 -100.2173996 54.30740356
261 -168.0032043 -6.139284611
261 -120.8358917 9.202235222
261 -195.2397308 -30.38183784
261 -172.566803 -15.99507713
261 -148.0840607 -39.34304047
261 -149.5519867 48.45377731
261 -45.44656372 68.6472702
261 -102.4603271 56.44036102
261 -329.9274902 -48.89159393
261 -160.305542 -6.500029564
261 -160.8708954 -30.63848114
261 -220.3735352 26.58953857
261 61.01340485 79.16057587
261 -392.835083 -58.70623779
261 -401.9654846 -77.97263336
261 -304.7683105 -12.34643078
261 -138.5219116 -39.16490173
261 -202.1763153 29.69452667
261 111.7642517 107.8406296
261 -441.6281738 -65.67476654
261 -433.7589722 -101.5528183
262 96.6593399 51.79006577
262 76.00072479 47.52885056
262 45.80077744 80.67623901
262 105.9748077 24.55281639
262 -9.756752014 90.28728485
262 154.3202362 5.694579601
262 -4.669901371 67.19395447
262 105.7033615 -23.79497719
262 206.387619 45.3049469
262 12.7709341 52.34111786
262 -0.7135974765 59.61804962
262 56.35086823 -40.71418762
262 77.93775177 -41.22833633
262 219.4640656 53.02444458
262 5.114492416 34.37491226
262 -37.54407501 45.19759369
262 62.05315781 -59.07255554
262 23.36795425 -53.48637009
262 115.5552444 -78.78247833
262 141.4411774 68.70243073
262 4.633770466 0.7933390737
262 -2.917978764 64.1656723
262 81.79310608 -45.26898193
262 18.7836628 -62.99313736
262 40.7315979 -61.48997498
262 108.353035 79.19561768
262 68.16680145 54.26250458
262 151.7185669 100.2577438
262 -3.564779997 47.11429214
262 35.56246567 52.38443375
262 -69.28465271 -50.62820435
262 67.96414185 77.50145721
262 93.70166016 -60.07739258
262 95.43347168 -25.86544228
262 39.35227966 -62.75298691
262 -9.920740128 -88.01023102
262 52.89756775 -63.26464844
262 45.32043839 31.11558914
262 133.4514618 205.7468262
262 92.43343353 103.7044144
262 91.73403168 85.98665619
262 -54.71024323 29.16648102
262 -174.3557739 -100.3135376
262 -36.35902405 -54.98946381
262 99.7120285 -57.75572968
262 43.79741287 23.03075027
262 109.1554184 211.539917
262 156.0946808 223.9553223
262 -105.7727203 16.57482338
262 -228.8306885 -137.3395691
262 -238.071106 -124.8793411
262 -36.32796097 -108.1831436
262 -25.72395134 39.8510437
262 -246.752243 -147.3749847
262 -187.102829 -108.1200867
262 -232.8037872 -144.1646118
262 -79.25439453 -112.6717224
262 -127.5432205 49.82559967
262 8.590696335 54.11328888
262 -256.050415 -160.494339
262 -194.2206421 -93.6505127
262 -183.4924927 -132.9089813
262 -91.62011719 -106.0965805
262 -147.8006439 81.26113892
262 10.20754337 70.73275757
262 -204.4228516 -63.26561737
262 -153.2119293 -144.6460266
262 -173.8522491 113.868248
262 73.96930695 70.64139557
262 -136.0848541 -134.8587646
262 102.3794479 69.60862732
262 121.8960571 66.45766449
263 366.0662842 190.5593872
263 330.7533875 195.6090088
263 261.7711182 189.0324249
263 171.2810211 166.013443
263 133.4755859 170.8932953
263 82.78070068 199.1021271
263 112.8925781 160.6656342
263 95.87791443 106.3819351
263 13.66401482 176.2279816
263 168.347168 104.2662125
263 26.85188103 105.7746048
263 141.9334869 96.36017609
263 11.32005596 107.5778122
263 22.72626114 183.9135742
263 -5.471149921 180.3519135
263 57.16448212 77.83518982
263 -34.99637222 41.0729866
263 18.37954903 47.07552338
263 16.84359741 145.2145233
263 25.67432976 89.49934387
263 66.78766632 58.02852249
263 -81.40403748 0.3647915423
263 16.89052773 7.677943707
263 13.14702415 92.23366547
263 -26.48598099 116.4972458
263 94.44178772 115.3919907
263 147.2489166 46.08758926
263 -137.1866913 -16.50829697
263 54.95024872 43.10292435
263 56.95741272 -39.16968918
263 -23.26768875 102.1008301
263 105.7858353 114.5104065
263 191.8404388 10.78765774
263 185.0080109 35.83898544
263 -182.4407196 -84.75399017
263 -142.1817169 15.31365108
263 9.285079956 -115.9517822
263 63.98334122 -43.84145737
263 -13.75218868 25.91707993
263 -75.66745758 112.311676
263 81.08141327 126.9992905
263 188.6177063 -11.24184322
263 -196.8091583 -129.9059143
263 1.056489825 -154.4692383
263 65.14798737 -48.89657593
263 53.83600998 -54.56138611
263 -14.48675442 27.71450996
263 -4.638456345 -71.2206955
263 -92.64117432 110.1455383
263 103.4656525 -52.87582016
263 -206.4643707 -152.4645996
263 -191.2147369 -117.4325104
263 -68.73083496 -211.5279846
263 84.30740356 -67.08743286
263 -13.97633457 50.17030334
263 57.19112015 -55.43501663
263 16.44900513 -79.99546051
263 -53.19936371 -105.9742661
263 -138.9666595 96.7253952
263 5.611588955 -82.01118469
263 -160.54953 -72.25662231
263 -110.207016 -268.3427429
263 -21.6230011 59.28540421
263 134.654953 -45.26146317
263 89.1682663 -35.22217941
263 78.23023224 -26.58092117
263 -67.62072754 -136.4596863
263 -201.4178467 108.7945175
263 -39.818573 -69.99936676
263 -132.2853088 -103.0116653
263 -207.232132 -38.67178726
263 -138.9738464 -312.1739502
263 -172.9901428 -242.8107758
263 -37.22306824 68.12145996
263 94.40034485 -39.83056641
263 -97.24217224 -149.0045319
263 -254.4153442 91.99648285
263 -49.35764313 -64.3633728
263 -210.3538513 -96.89424896
263 -222.3958282 -33.59063721
263 -122.4581223 -356.5572205
263 -163.9574738 -352.0076904
263 -115.4987411 -202.2195282
263 112.2541199 -28.96067429
264 -4.872657299 -16.91516685
264 -14.63984013 -33.59711075
264 95.86613464 21.20448685
264 -87.68436432 -35.03274918
264 -27.31186485 -52.491436
264 10.21351624 -39.86903381
264 156.9408569 55.49533844
264 -90.64394379 3.089305162
264 -3.985782862 -46.89771271
264 84.7851181 -14.84462547
264 154.4317932 44.06386185
264 184.5108185 73.91575623
264 -153.6949005 15.49654007
264 -68.19837189 20.60735893
264 -22.7196846 11.98919487
264 166.3091431 52.63160706
264 196.2629852 42.23481369
264 176.2258148 88.64044952
264 151.2270508 77.27362061
264 -1.966081023 47.38038635
264 -71.39866638 31.85795784
264 -35.77304459 15.36306095
264 -74.32012177 -1.308105707
264 14.91356754 -1.049982548
264 229.2946014 78.71361542
264 63.54334641 8.214776993
264 94.44488525 57.60835648
264 192.6763763 85.35848999
264 13.8383131 72.05225372
264 -133.0239716 27.72521973
264 -11.62506771 24.37906075
264 -5.953452587 21.79487991
264 -13.07306099 10.28713512
264 -53.57917404 -7.426562786
264 39.18622208 12.46529484
264 32.83469772 -18.34180832
264 118.403511 34.05472565
264 72.28065491 40.08803177
264 -43.40507507 -8.526983261
264 14.21415138 -15.54150105
264 70.08065796 70.56919861
264 -8.271809578 -30.89227104
264 -1.319431543 -29.89024734
264 149.4962006 42.60123825
264 96.31062317 43.98257446
264 156.3660126 31.96477509
264 -63.93201065 -28.4387188
264 -37.7424469 -34.09677887
264 -82.46603394 -85.6276474
264 -58.01533127 -24.63082314
264 -129.1856995 -30.42422295
264 -48.75520706 -33.01917267
264 -41.66873932 -43.85468674
264 -117.2936249 -61.17046356
264 -106.9588089 -85.19200134
264 -107.1222 -26.15110779
264 -154.243576 -36.65084076
264 -129.9817505 -40.08896255
264 -40.31046295 -39.40810776
264 -58.42547226 -38.98904037
264 -158.5073853 -90.21855927
264 -108.6464691 -46.75738907
264 -125.568779 -127.894516
264 -141.7572327 -32.79789734
264 -96.61544037 -5.066965103
265 98.76213074 113.0785217
265 79.09111023 114.9148483
265 128.4918823 100.1398163
265 47.53692245 85.00172424
265 94.63600922 75.62154388
265 182.0421753 87.10222626
265 141.5386505 103.6377335
265 5.391013145 61.17651367
265 -22.45183563 15.11873817
265 183.4060822 122.818779
265 68.5893631 74.69174194
265 -40.35926819 32.09321976
265 -14.89986134 -4.907952309
265 -36.65403366 0.2486898452
265 155.6291504 83.30950165
265 24.72648811 25.70963478
265 -34.43511581 -27.75272369
265 -83.78791809 -18.1450367
265 205.1026306 84.53942871
265 4.761627674 26.01494789
265 -99.0398407 -35.35085678
265 -75.75872803 -40.22260666
265 232.4021606 96.81189728
265 231.3554688 80.06663513
265 -74.44918823 -29.37006569
265 11.55804062 37.82058334
265 -193.8964996 -48.61924362
265 -49.71630478 -46.70737076
265 -113.8585587 -67.00849915
265 247.7253418 97.78569031
265 -89.15182495 -60.21133423
265 -104.2660065 -17.14163589
265 0.1643978953 -50.65057373
265 -59.21515274 -40.82289505
265 -22.5229969 -77.44663239
265 -166.6816101 -83.41875458
265 -81.67875671 -72.37290955
265 20.8530674 -60.06833267
265 -80.28161621 -78.71903229
265 -41.30876541 -52.52456665
265 16.07487297 -101.8508911
265 -26.52801704 -61.12349701
265 -41.36599731 -135.2063904
265 -118.101181 -107.7618484
265 -85.61165619 -67.10788727
265 -67.84391785 -11.17767715
265 -62.60286331 -61.66451263
265 -64.10816956 -96.72076416
265 -38.55810928 -99.33644104
265 -68.5979538 55.23303986
265 -61.55946732 -84.36300659
265 -80.95178223 69.24807739
265 20.40480423 95.59048462
266 23.12221909 34.57099915
266 127.1920242 3.826190233
266 -9.811499596 51.29283905
266 150.9591217 17.66313934
266 169.063858 -11.00321293
266 148.850769 2.230523348
266 129.2714081 -2.078817844
266 95.58306122 4.280664444
266 -87.77068329 53.81590271
266 177.5222778 -31.38771057
266 187.1018372 -13.33201027
266 151.0149689 8.612948418
266 110.1618118 -3.608400106
266 121.3244247 -21.88536453
266 89.2026062 -8.668050766
266 -113.9179535 88.62691498
266 -4.33429718 62.61508179
266 -7.531027794 -15.46590233
266 -152.1513367 84.60485077
266 172.5256805 16.6629982
266 128.1453094 17.23690796
266 103.6338348 -38.03993988
266 5.437158585 -76.29794312
266 -253.4319458 122.4778595
266 164.6729584 40.23715591
266 65.39622498 8.029309273
266 115.3984299 -81.60411072
266 -11.11835098 -55.21173477
266 39.10561752 -79.3289032
266 81.10964203 70.30335999
266 76.688591 -7.240312576
266 28.84246635 -2.208068132
266 36.57769394 41.78433609
266 4.591014862 -61.99018478
266 50.77595901 129.1763611
266 54.99285889 85.0197525
266 104.9095612 -26.95963287
266 -18.09986877 -21.22970963
266 -34.25167847 37.93016815
266 -35.34119415 -58.21097946
266 80.74302673 137.7632904
266 21.63732529 171.1802368
266 117.7613297 -27.15664864
266 86.0311203 -5.462455273
266 -58.6584816 -27.39481544
266 -89.50762939 30.8938961
266 34.25984192 8.197339058
266 -101.0565643 -34.6706543
266 -9.352091789 47.17352295
266 -136.4641876 -7.809515953
266 -3.031570196 14.37125015
266 42.85261536 11.0990057
266 -142.2345734 -57.23861313
266 38.88905716 49.60904694
266 -171.9516602 -37.35677719
266 -119.6127701 -26.95672226
266 -136.0433502 -23.48906517
266 -34.09723663 16.02183151
266 -190.6635895 -80.88619232
266 70.75746918 69.40233612
266 -204.8929596 -64.34729004
266 -237.7278442 -81.23435211
266 -170.6337128 -30.65617371
266 -40.47188568 0.6154614091
266 -187.2361298 -107.7116241
266 126.8456955 82.17818451
266 -264.987854 -68.91933441
266 -202.1834106 -145.2176819
266 110.4146805 81.66249084
266 -239.5062561 -161.9036102
266 131.3641052 93.6894989
266 -306.655304 -190.6932678
267 -98.68050385 37.83182907
267 -55.07978058 32.99890518
267 -44.52715683 35.64412308
267 40.30958176 18.71353722
267 -71.68193817 60.54676819
267 -13.32289505 13.24397659
267 80.06092834 4.997117519
267 4.781780243 20.49559784
267 51.82790375 0.4415181875
267 -98.48849487 75.31277466
267 -47.78398514 80.92706299
267 -64.58421326 70.27496338
267 43.05502701 -8.901460648
267 121.7166672 22.08331871
267 146.8083191 27.33637047
267 82.83331299 -77.46001434
267 -22.21433449 40.6304512
267 88.44015503 -5.457942009
267 76.80915833 8.710892677
267 60.99098969 -13.85259342
267 -144.2968903 77.80509186
267 -64.68979645 86.22595215
267 -40.46002197 81.37206268
267 -57.36843109 87.48928833
267 -5.020887852 -63.18778992
267 179.2963104 20.95118523
267 66.5440979 -2.715536356
267 180.106781 32.26107407
267 188.465744 24.57258034
267 131.0362396 14.63098145
267 38.37849426 -16.31031036
267 -10.7690382 -58.25576401
267 196.3800507 -74.54772186
267 99.43903351 -2.65767622
267 -31.98070526 138.6785889
267 -90.97687531 -66.97840881
267 222.9276276 71.41213989
267 43.0899353 -7.194591522
267 221.5542755 36.34942627
267 29.53598785 -18.579916
267 -6.451005936 -56.12404633
267 -9.07130909 -33.06265259
267 -95.19516754 -93.79663849
267 277.8275757 -22.45192528
267 342.0869446 -47.12628555
267 111.1417999 -19.73361015
267 10.55228996 185.2261963
267 -40.1085434 162.3011475
267 0.4590440094 173.3447113
267 -89.65222931 -59.3511734
267 -197.7739258 -106.7869797
267 264.8266296 126.5006714
267 42.18302536 7.763402939
267 15.01306057 -9.88594532
267 46.10466385 -2.405751944
267 -7.551911354 -39.96582031
267 -176.4170227 -129.9255981
267 -258.8158264 -98.66642761
267 288.1256104 154.8670502
267 77.95823669 -12.91064358
267 -198.9192963 -91.19824982
267 -206.1639404 -128.470993
267 -274.3325806 -103.2647171
267 -204.0178223 -77.88800049
267 -178.6606445 -64.00212097
267 -287.1881714 -137.4624023
267 -174.0602875 -123.5929489
267 -302.7549438 -89.8557663
267 -201.6069336 -67.91222382
268 -90.06117249 -50.83892059
268 -124.7673798 -67.37841797
268 -55.60639191 -36.28012085
268 -99.95188904 -20.7615757
268 -182.025528 -99.10330963
268 -12.54053783 -2.003625393
268 -157.8131866 -16.33702087
268 -57.69681549 -7.104753494
268 -106.6025314 -18.84950447
268 -190.6535492 -114.3841705
268 56.08069611 15.99235725
268 -222.1652222 -13.22677231
268 -170.0906982 -13.92698193
268 38.25065231 44.42789459
268 -5.942196846 24.11926651
268 -66.84679413 -40.46232986
268 -90.10769653 -2.849617243
268 -276.1455994 -146.8670502
268 -94.61993408 -74.59008789
268 70.65403748 13.10135365
268 -206.4629822 -23.69986153
268 135.9201813 79.56531525
268 36.41609955 78.45589447
268 -28.26113319 46.77494431
268 105.6443558 49.10851669
268 -34.77633667 10.11460781
268 -361.3433533 -188.4657288
268 -53.42984009 -83.02352142
268 -16.74791336 -50.57621384
268 102.819725 18.70446014
268 105.3107452 -10.30652428
268 210.0402679 82.43064117
268 115.7960663 35.6538353
268 176.0389099 86.76137543
268 25.91926193 123.5249481
268 -12.08204842 64.08889008
268 125.9575195 60.29645157
268 19.39290619 21.47943115
268 -432.9299622 -197.7000275
268 -420.4321594 -188.9458618
268 -434.8246155 -209.8645782
268 -17.84495544 -71.11732483
268 56.37045288 -10.26865005
268 157.876358 0.9495544434
268 107.1823578 9.289153099
268 118.3638763 26.39810562
268 95.87606049 69.9178009
268 113.3114166 23.79926491
268 40.9008255 157.9338684
268 -55.1901741 57.78353119
268 -8.480512619 130.5196075
268 167.9286194 57.04679489
268 -497.2596436 -226.7365723
268 14.79506969 -87.85079956
268 108.020256 17.76839828
268 77.72071075 -18.39699745
268 158.6481323 31.38379288
268 182.8819885 46.55508041
268 131.3239441 90.93466949
268 62.83621979 -46.37508392
268 59.56007767 95.79266357
268 -26.07996178 148.5413361
268 13.52126312 129.7685394
268 16.24664307 109.0167923
268 203.5733795 99.62580109
268 217.2110138 59.94072723
268 17.87911224 -120.0910187
268 90.68871307 50.80121994
268 132.900589 -1.51522696
268 74.49703217 -39.46546173
268 220.2607422 82.99182129
268 155.4856567 38.51293182
268 215.6746368 40.77061844
268 202.7288971 33.88311386
268 63.72619247 -63.87349319
268 7.551155567 -101.287529
269 17.45568848 -7.487727642
269 -2.370919704 11.09700871
269 -2.43943882 -12.79166889
269 -36.81132507 27.05477142
269 10.72498322 -10.58255959
269 -7.570005417 4.125710011
269 48.05717087 -8.484891891
269 -27.0461483 -2.930631399
270 18.17804337 23.04755783
270 25.17614365 -17.94706917
270 17.41321564 18.88658333
270 55.01783752 51.25505447
270 37.57245255 -60.41328812
270 59.9360733 -24.941185
270 -107.8619995 104.5366211
270 -48.70195007 -33.13256454
270 25.46696472 67.04289246
270 96.29188538 -1.373875141
270 -25.10959435 -98.41978455
270 85.71942139 -39.21231079
270 60.15501404 -66.99442291
270 -38.75691223 88.55732727
270 -191.1534882 98.25798798
270 -132.1484375 26.51457405
270 -28.26290512 -79.24942017
270 42.52906799 115.825119
270 149.0485077 -24.31540108
270 113.7956161 8.367956161
270 -29.00349426 -95.2282486
270 -46.27082062 -120.3007202
270 -62.92027664 -111.3504181
270 188.2923279 -0.9642621875
270 53.35590363 -90.19602203
270 -171.2120667 80.99027252
270 -198.4766388 103.8673935
270 -221.1026764 99.10312653
270 -174.5740662 -15.68506241
270 -112.6586685 18.59050179
270 -16.46193314 -76.86556244
270 -26.22785187 -86.75156403
270 139.3567047 -14.48848057
270 -14.80860138 -78.82865906
270 -108.0041199 -141.652359
270 -24.6797924 -93.63465881
270 247.2090302 75.31324768
270 -208.36763 31.59687805
270 -136.8019562 -134.8206024
270 235.1348877 99.18617249
270 193.6586456 99.57044983
270 245.2787933 67.07649994
270 -238.1019745 -45.45888138
270 -102.509407 -134.8508453
270 -158.459259 -153.5257263
270 237.324295 123.5958862
270 281.8447266 74.85161591
270 270.5066528 92.7201004
270 -107.8727341 -156.7073212
270 -169.1841125 -166.4863586
270 -126.3200302 -71.93032837
270 -155.7222748 -152.7402496
270 259.5846252 141.8108215
270 269.8506775 100.4312439
270 272.137085 85.55273438
270 -141.8354645 -196.7205811
270 -57.11912155 17.61089706
270 -188.3442993 -214.6934204
270 -124.0391617 -215.1978607
270 -27.15402603 53.86384964
270 -76.34858704 101.3671112
270 -74.33811188 108.8749771
270 4.94639349 124.0670471
270 -105.7627029 122.557106
270 62.55337143 150.6633453
270 63.81829834 135.5874329
270 76.13924408 149.8522034
270 89.38462067 154.0849609
271 -19.96044922 22.98443794
271 9.901208878 8.722780228
271 34.09834671 23.18685341
271 2.008304596 18.78384781
271 -34.75724411 -23.3878746
271 110.4941788 34.31059265
271 107.1014786 45.92202759
271 -35.7789917 27.86544609
271 20.82726288 12.08726692
271 -75.44570923 15.35484219
271 -120.6222534 -98.62804413
271 155.6699371 45.19602966
271 192.7641296 71.10048676
271 93.09996033 18.52227592
271 17.61774826 46.24038315
271 68.09909058 2.734912872
271 -115.5710678 17.70585632
271 -86.79125214 34.08840942
271 -192.3714905 -112.9943085
271 -155.1173248 -110.7961884
271 -166.1082153 -114.2069244
271 -193.5650787 -161.3669739
271 216.1202393 67.50668335
271 164.1878204 32.4091568
271 158.4295654 36.84530258
271 107.2464981 54.94298553
271 65.99284363 -0.8709578514
271 48.33766174 51.36103439
271 -2.255781651 68.00872803
271 94.62592316 12.09057999
271 84.48900604 33.885849
271 77.76886749 18.70875168
271 -84.82926941 14.03296185
271 -90.64111328 42.26329041
271 -240.9752045 -102.5642242
271 -196.1808319 -128.447876
271 -183.8122711 -202.7891846
271 -262.6710205 -178.7812347
271 107.5104904 26.05488396
271 180.5665894 29.09101105
271 170.2089081 43.10845947
271 52.63252258 -0.5892536044
271 10.01031971 44.32914734
271 54.01057816 116.5545349
271 154.7636414 29.95554543
271 120.7797623 24.13338852
271 66.58803558 69.0721817
271 99.70597839 41.16785431
271 78.82873535 10.07822227
271 -93.88892365 20.86366653
271 -133.9586639 63.71750641
271 -276.7919312 -135.9208679
271 -167.7280579 -126.3524094
271 -220.6431427 -220.1415253
271 46.2877121 25.74468231
271 162.9225159 71.13513947
271 267.355072 43.28551483
271 164.1130066 1.331102133
271 161.2300873 49.4665184
271 10.02900982 39.89299011
271 95.40213013 133.4116364
271 228.4137573 33.99359512
271 217.5292511 68.65399933
271 128.9968567 45.69852448
271 -148.740036 22.63815117
271 -142.6719971 -153.2979736
271 -252.4463806 -243.0723724
271 152.9675903 143.2022705
271 199.852478 23.33711815
271 328.2269592 129.3669281
271 -224.8722382 6.58329916
271 -153.7086334 -146.8225555
271 401.8167419 190.6560211
271 -268.6804504 0.8210132718
271 -204.7680969 -145.4727325
271 -298.9093018 -5.1691432
271 -281.2505188 17.48579788
271 -363.1161194 -30.01976204
272 192.1343842 192.4185028
272 175.0454407 226.8610229
272 183.8317261 146.0856476
272 146.1913452 219.2475128
272 195.6293488 106.82267
272 180.7528687 256.0302429
272 76.0752182 128.1906281
272 177.9892426 98.83457184
272 156.7576904 66.47746277
272 237.8383179 256.1743774
272 67.89670563 131.7427673
272 67.88991547 44.21798706
272 77.52211761 142.052948
272 153.443222 96.11956787
272 99.60601807 38.8026123
272 315.3390808 273.5108948
272 58.30243683 122.1489868
272 61.85554504 -1.072896004
272 53.95086288 127.2124863
272 67.06916046 -11.3984108
272 26.25465393 115.5716858
272 21.02519608 -13.25900745
272 -9.377840996 97.37056732
272 46.93981171 -51.14761734
272 -30.79328728 -31.49580193
272 24.66129494 95.8050766
272 -34.72881317 69.20322418
272 -29.45188522 -122.6769409
272 -45.35649109 -80.84781647
272 -53.82326889 -46.92299271
272 -23.67519569 2.123326302
272 27.11166 74.59723663
272 -0.1050602347 57.83275986
272 -4.069803715 -153.0429535
272 -34.51865768 -114.4694443
272 -75.71302795 -96.25592041
272 -94.74336243 -50.34614182
272 6.95797205 19.96149254
272 -16.7061367 29.49086571
272 20.37189674 62.14998245
272 -31.82661819 7.079592705
272 -8.07490921 -216.0204468
272 -58.14489746 -96.36058044
272 -111.9023819 -134.9871674
272 -59.28637695 42.90597153
272 37.46060944 74.60507202
272 -22.04415321 -44.94779587
272 55.23735046 15.53684807
272 -112.5554428 6.677722931
272 -115.2215881 -29.54925537
272 28.86548233 -139.589859
272 -28.95394516 -223.3694916
272 -78.66833496 -81.58164215
272 -154.350174 -141.5235291
272 -80.58772278 58.33895874
272 -24.5583744 -17.81279945
272 -87.00749969 -65.93468475
272 25.28422546 -94.62558746
272 25.17381668 -42.25041199
272 -140.6671448 9.608785629
272 -31.72241974 -252.5962067
272 -51.80005264 -283.4857483
272 -156.6399689 -167.0555115
272 -128.2037048 57.2229805
272 -135.565033 -107.2271194
272 -17.1998806 -99.70793915
272 67.87602234 -142.9509277
272 -187.4999847 12.33905029
272 -190.0821228 16.89118767
272 -164.8729858 46.42111588
272 -140.0831451 61.28222275
272 -138.947403 -107.0169067
272 -168.2557831 -113.8658524
272 22.47940826 -174.7136841
272 112.6468735 -133.4186554
272 -215.6823883 -22.43936157
273 41.75730896 4.855564594
273 56.53133392 5.566393375
273 23.1420002 -54.20657349
273 83.17245483 24.21626091
273 50.51185989 -7.147263527
273 20.06225014 -66.53608704
273 48.10069275 -63.83855438
273 63.23596573 34.94421387
273 122.0298996 10.12138557
273 -8.680204391 -4.57616806
273 113.5201797 21.41287041
273 55.26980209 11.64509392
273 80.75138092 -52.24861908
273 60.4585762 -96.33573914
273 -15.78165627 -90.80866241
273 71.0645752 -108.0990143
273 34.30427933 -39.80604553
273 170.0961304 -4.158487797
273 54.18990707 4.104150295
273 7.832281113 -7.816051006
273 -79.01322937 -4.745616436
273 -31.37895584 -21.08955193
273 10.04089928 -4.636555195
273 148.1889038 24.34117699
273 136.8375854 40.51081085
273 27.21282768 -38.65167236
273 59.65184021 -132.0447693
273 44.17494202 -15.40446091
273 169.8729858 -33.30009842
273 -102.1049881 -16.49972725
273 -85.71183777 -1.245182633
273 -143.1278839 -0.1117251441
273 -70.5221405 -22.55959129
273 184.1013336 64.87012482
273 121.4225769 29.67468262
273 136.3055267 33.20479202
273 139.5524139 57.4287529
273 74.05130005 -178.1081696
273 54.40821075 -36.80696487
273 46.84671021 24.51458359
273 89.35812378 -50.93653488
273 98.07225037 18.45930862
273 -131.8574219 13.72183228
273 -112.3877029 -14.31757927
273 -23.75611687 32.96546555
273 44.48947144 37.64074326
273 -92.46585083 29.84346581
273 -171.2416077 25.16827393
273 -134.9182281 -23.41817856
273 -184.853653 -36.1270256
273 -57.13536453 5.988895893
273 -85.90978241 31.08898926
273 -14.935215 35.48907471
273 -44.19973755 53.78811646
273 -60.67378998 29.77321243
273 -79.4370575 -9.963447571
273 -67.73475647 -7.591375351
273 -49.68435287 70.8252182
273 -112.4134903 22.15482712
273 -28.70957375 44.8675499
273 -76.68877411 24.29768372
273 -26.2704525 34.2298317
273 -61.73314667 33.05672836
273 -73.78234863 -14.0340004
273 -99.37260437 74.70670319
273 -18.09114075 36.76015091
273 -94.4033432 25.91828156
273 -66.99514008 25.33471489
273 -94.99014282 94.36055756
273 -139.6573181 65.31896973
274 -103.1281738 -56.35329056
274 -75.78716278 5.512076855
274 -81.47317505 -83.95324707
274 -218.7258301 -68.74347687
274 -103.8063736 -19.95214653
274 -37.48214722 0.3474892676
274 -110.8062439 30.4645443
274 -148.8142853 -3.033136129
274 -124.8842163 -85.32554626
274 -117.9428101 -62.30416489
274 -87.66667175 -46.38299561
274 -114.9848022 -16.89178848
274 -123.3614273 28.58148003
274 -181.1421661 -21.61007118
274 -123.9582825 -100.0501175
274 -116.2163925 -115.0024567
274 -136.9411469 -11.22538185
274 -126.0069656 -51.95272446
274 -103.1619797 -11.88220024
274 -121.955368 45.39571381
274 -203.9851837 -14.85974979
274 -144.3220673 -125.6053238
274 -177.1219788 70.07266235
274 -143.995697 -23.16170692
274 -80.32711792 18.09662819
274 -96.82080841 35.98322678
274 -252.7427979 -36.26918411
274 -174.7711029 113.4258194
274 -122.6819992 96.00654602
274 -21.44891357 18.76880455
274 -122.987999 38.0958786
274 -207.5281677 125.8353958
274 -94.82125854 96.31731415
274 5.550107479 -25.3464756
274 -66.71784973 98.12794495
274 86.38101959 -23.56247711
274 -47.81956863 87.76470184
274 146.7644501 -13.1639986
274 -54.83944702 101.1126556
274 1.688481212 69.04026794
274 182.2360992 -5.102128029
274 55.32027817 29.15281677
274 -60.00284195 79.50615692
274 104.2146606 -8.258654594
274 202.8764038 -14.66220474
274 236.1931305 -14.36498833
274 116.5494614 -19.75973701
274 60.91302109 -30.08337784
274 241.2350769 -15.13174438
274 167.0435333 -6.941381454
274 317.5089111 -20.29798126
274 188.1788788 -41.24269104
274 209.4774323 -26.87598228
274 130.0041962 39.57048798
274 290.7069702 -23.93678474
274 198.7714691 -56.52579117
274 249.3572388 -34.61257172
274 167.5883026 -50.83639908
274 173.2196808 38.57367325
274 65.96769714 36.73273849
274 312.45755 -30.14710999
274 198.2813873 -71.27122498
274 260.8493958 -44.48164749
274 165.371048 -63.41900253
274 164.5655212 76.97251892
274 -25.98821831 49.9258728
274 -82.95123291 78.18733215
274 -159.151947 87.01229858
275 -8.16130352 -10.65421772
275 29.56587219 2.300420761
275 -12.83051205 -16.10894394
275 -53.40916824 -19.92947769
275 -30.82095718 -7.647375584
275 64.07876587 8.279993057
275 -47.0449028 -9.759161949
275 -43.77939606 -10.50956917
275 75.18395996 -15.78984261
275 -45.83592224 -19.08228874
275 -42.81083298 -40.04588318
275 -87.65962982 -13.96954155
275 -32.98912048 34.62189484
275 -65.35641479 -45.23799896
275 102.058403 20.92581749
275 -55.62737656 -18.29953003
275 -71.53022003 -2.489422083
275 -61.14703751 -33.43273926
275 126.7301559 -14.02601624
275 -73.47020721 60.48046494
275 -39.29714203 -46.77957153
275 -62.43809891 -37.37617493
275 -82.70503235 -24.21183968
275 -64.15616608 -20.54878044
275 -34.21792221 5.087786674
275 -69.45832062 -48.75382996
275 -84.93878174 -45.3290596
275 -75.08937836 -55.58431244
275 165.4145203 47.07128906
275 -63.67374802 21.03448296
275 -85.01831818 -34.61821747
275 176.9684448 17.97041702
275 147.3241272 52.58091736
275 -54.11149216 -82.73530579
275 31.14805794 -58.76212311
275 -57.17050934 -68.61472321
275 -97.99311066 -52.9247551
275 -40.30053711 -39.79993439
275 -92.21227264 -40.91796875
275 -15.56547642 -24.32705498
275 0.6964071393 43.71020126
275 -53.93986511 -44.29783249
275 -67.1815033 -11.01986694
275 -68.41777802 -60.22588348
275 222.8734131 48.31220627
275 -134.2821808 6.394055367
275 -74.3197403 46.49304962
275 -28.55836678 -6.716252327
275 158.7563477 39.54366684
275 173.1671143 39.03474045
275 120.1066437 106.7281494
275 -91.50461578 -114.622345
275 118.9074783 -82.46587372
275 -93.54951477 -64.6563797
275 -101.0902481 -68.28765106
275 18.52666283 -37.72555161
275 -142.4955902 -67.93171692
275 -140.3487091 -62.22424316
275 -147.4148102 -74.29042053
275 -149.4258423 -15.03769016
275 -7.670735836 -43.61249924
275 -152.9533386 -33.14061737
275 -63.52840424 43.57702255
275 -79.6984787 -61.18522644
275 218.5840149 18.78780365
275 -40.18163681 23.316679
275 -32.51159286 63.23176956
275 -14.20668793 34.71855927
275 111.8309631 -8.029735565
275 180.4994812 45.84803009
275 140.0398102 62.55905151
275 208.1788025 39.19454956
275 168.7875977 52.43787003
275 87.16783905 116.9699249
275 90.49077606 111.9479446
275 -11.22523308 83.8829422
275 16.65535736 68.79994965
275 91.24171448 80.82199097
275 183.7850952 60.92876816
275 68.40953827 129.4492035
275 85.50780487 68.56938934
275 62.63777161 108.1244659
276 183.4189606 27.484869
276 162.7318115 32.116745
276 167.1529236 44.15371323
276 115.617836 23.67416
276 188.1103973 49.53225327
276 152.9693909 16.50532722
276 49.06217194 25.84273148
276 80.73079681 17.01935005
276 169.5608673 6.073393822
276 -11.7968626 -51.76151657
276 40.27610397 79.21956635
276 19.63130379 20.65742493
276 53.9285202 -9.687735558
276 91.93669128 21.04829216
276 187.0581665 -22.53984261
276 -56.21789169 -100.4568634
276 101.4691162 68.66262817
276 23.78983307 80.14073181
276 41.85495377 -32.77493286
276 53.83768463 27.54715919
276 130.10849 -20.6278019
276 220.3127136 -6.536528111
276 189.469986 -19.46057701
276 -106.0172348 -145.283371
276 84.56300354 51.80206299
276 71.36326599 67.47418213
276 148.0220795 65.66615295
276 -57.34366226 43.2070961
276 191.3762207 -22.95786285
276 -116.1864166 -154.9816437
276 17.45350647 -2.289264679
276 91.7086792 93.26515961
276 189.7597961 69.01984406
276 123.4119797 66.04759216
276 -89.10206604 30.09749603
276 -54.33127594 41.61484146
276 -86.61613464 -102.9761658
276 -162.0450287 -197.5995026
276 -5.843471527 -61.27502441
276 76.40446472 63.4517746
276 -115.7061996 35.44442368
276 -34.6720047 -84.68460083
276 -167.9341888 -215.6972504
276 -32.84513474 -68.82974243
276 -62.39213562 4.948086739
276 -35.32750702 -30.90586281
276 28.42171097 43.63859177
276 -153.9654388 -9.878742218
276 -42.88945389 82.26856232
276 -76.94304657 47.76986694
276 -166.0326233 -243.0454254
276 -14.05433846 -43.88164902
276 -49.51713181 12.69706917
276 -40.45078278 30.86459351
276 -112.5766068 -3.524223089
276 -92.65933228 9.890480042
276 -46.13540649 25.12619972
276 -183.5848541 -22.25852776
276 12.67610073 108.0304108
276 -37.34576416 119.7845993
276 -232.6143646 -280.990509
276 -22.64408875 -2.581754923
276 -47.61613464 70.91645813
276 -42.27301788 57.52760696
276 -62.80155563 6.455745697
276 -49.67354965 -6.101801395
276 -245.6718903 -50.8245163
276 -9.532718658 116.6800919
276 33.75854111 119.258255
276 -92.64170074 153.4512024
276 -329.1000977 -341.4244385
276 -15.42155933 23.48096275
276 -82.61580658 73.84612274
276 -48.80860519 82.43375397
277 192.3441772 14.49409485
277 256.2728271 27.13149643
277 101.0716324 -23.94358444
277 250.1727142 41.59358978
277 247.1100464 -34.25621033
277 38.22462845 -7.288362026
277 109.6670303 -2.271577835
277 226.5207367 -88.44767761
277 -1.54110384 1.373576641
277 79.43325043 -11.34106255
277 135.5738373 -0.8980510235
277 70.8427124 -0.1335025132
277 217.3431702 -123.8009949
277 11.81557751 -1.450620532
277 -73.57797241 -33.81924057
277 -31.62572861 8.261276245
277 59.91036606 -23.74110413
277 225.5753021 -3.365003109
277 51.65929413 -7.093605518
277 80.35134888 -6.392813683
277 24.52625465 -4.127237797
277 214.4101562 -140.7985077
277 -41.85985565 1.544876456
277 -159.9090576 -46.54237747
277 -100.6837692 -13.16020679
277 64.4994278 -13.76149368
277 242.8507233 23.12860489
277 24.68447495 -24.78106499
277 56.32033539 -20.24271393
277 63.04927826 -26.62268257
277 -15.9162159 -22.42477608
277 205.8697205 -166.3613892
277 -50.19750595 16.9891777
277 -52.4490242 22.9381485
277 -151.3295593 -35.06504822
277 -175.7605743 -43.69654846
277 -160.1158752 -13.86496067
277 -143.0541229 -56.51062012
277 -49.15254211 73.00003052
277 35.17871094 -17.83399391
277 220.6754456 29.59783745
277 333.433136 10.6665163
277 -124.4259949 28.30634308
277 -141.1169281 -78.40088654
277 44.97233963 135.6727753
277 -95.32549286 119.4443436
277 -146.819519 49.62431335
277 -152.9756012 -136.7331543
277 -131.5484924 -87.94570923
277 71.47934723 168.0850983
277 76.30365753 150.1965637
277 42.45765305 147.363205
277 -123.5574493 20.52705383
277 -39.24379349 136.7424164
277 -121.5828247 127.1063919
277 -98.99620819 164.0871582
277 -158.3066559 90.48730469
277 -154.0978546 -171.2588196
277 -114.1633377 -113.5096741
277 -109.3432465 -100.4299393
277 -163.5413208 -56.98305511
277 47.60391998 140.0961609
277 101.2182693 141.232605
277 -28.82812119 123.523674
277 52.2016983 176.9830933
277 42.39191437 162.8011169
277 -107.8261642 -207.2051544
277 -235.5881653 -247.797821
277 -88.98457336 -125.8025436
277 -188.4991913 -65.19816589
277 48.28712082 155.5531921
277 142.3079834 134.9166565
277 -222.7903595 -64.83666229
277 -265.4946289 -78.72145844
277 -288.3808594 -94.60879517
278 -169.1449585 48.72013092
278 -175.0028381 35.2554512
278 -194.7038879 41.43804932
278 -110.9088364 41.25909042
278 -38.68857956 6.925050735
278 52.33428192 -1.193637609
278 105.5849686 -5.896097183
278 84.30368805 -10.54788303
278 116.7815475 -31.45700264
278 164.6907654 -48.90203094
278 164.7538757 -75.60114288
279 -15.87893295 -31.51612282
279 -33.89084625 23.97059822
279 -17.0501442 -48.30238342
279 -33.65695572 -1.618275523
279 -42.11821365 65.4812088
279 -19.57353401 -41.86514282
279 -24.16843224 -46.90028763
279 -1.950658441 -8.586009979
279 -1.758575797 -12.49045372
279 -90.88204193 70.29169464
279 -70.60939026 62.85037613
279 29.86386299 58.52466583
279 -35.93412018 -87.22895813
279 -88.83994293 -9.632014275
279 -54.27307892 -77.09444427
279 14.45641422 -50.01433945
279 -24.93765259 18.22418022
279 70.4114151 20.62000656
279 -168.2245026 33.29772186
279 33.20920181 90.25658417
279 -108.8186569 79.02387238
279 6.210630894 71.18235016
279 56.47997665 68.55212402
279 90.76934814 59.27663422
279 -34.31717682 -143.2856598
279 -84.94226837 -98.14736938
279 -53.06964874 -95.65748596
279 -47.00552368 15.30799961
279 -89.86110687 -56.8610611
279 -171.9328156 -70.62995911
279 125.4259644 73.14125061
279 -54.33907318 -131.424057
279 -84.28012848 -64.67707825
279 -46.72302628 -134.3466949
279 -122.0989838 -90.85162354
279 -99.10887146 -0.3469410241
279 -58.57358932 -33.83300018
279 -38.10889816 -136.3744965
279 -62.54925919 -163.3641663
279 0.6822823882 -130.9400635
279 -143.4487152 -23.00414276
279 -87.31909943 49.63357925
279 12.13859653 -2.356918812
279 -68.22478485 -119.8500519
279 0.868573904 -126.2617798
279 -65.40376282 -137.1003265
279 -7.792237282 68.05072021
279 42.04897308 6.039362907
279 -74.42437744 -21.2803669
279 -38.68597794 -96.58228302
279 10.4576931 -125.0236206
279 -116.277832 -103.8499527
279 72.02501678 89.53005219
279 92.76194 39.38527298
279 -120.6817322 -26.04161453
279 -86.51774597 -46.11357117
279 -61.79313278 -90.32115936
279 59.67286682 -128.4524536
279 -105.6197662 -51.49982452
279 120.9992599 111.5028152
279 140.1924286 86.70692444
279 -44.12127304 -70.26026917
279 -100.8267822 -29.19171524
279 -99.71253204 -62.22436142
279 163.9880829 128.8404999
279 171.2918701 143.6201172
279 -123.3191986 -0.5326208472
279 -138.5097046 -55.80194092
279 139.0665588 130.7435455
279 216.8830566 144.1705627
279 240.6942596 158.9457245
279 211.0532532 261.7011719
279 -156.5933533 17.57634926
279 309.5339966 175.0395203
279 193.7420807 165.8594208
279 337.7488708 167.3369904
279 175.4232635 155.9547272
279 380.6496582 171.0981598
280 130.4647522 -10.47546005
280 97.75008392 19.32875633
280 131.8442535 -15.56259823
280 100.2983475 67.47114563
280 109.7527237 14.45779037
280 83.0209198 21.58364868
280 109.5527344 53.55142593
280 8.915335655 -38.28868484
280 151.1835785 26.06143188
280 118.2047043 67.54515839
280 -32.28670502 36.38945389
280 15.8841629 1.048908591
280 157.3345642 13.34017467
280 73.60731506 65.1834259
280 -27.17844772 -64.85536957
280 175.5508881 50.31829071
280 10.04127789 30.1971283
280 -102.2058945 53.05879593
280 -88.65164185 35.69425201
280 41.26547623 10.51388168
280 79.17014313 1.29003942
280 185.3977966 -6.658935547
280 86.82499695 25.37209129
280 166.3686523 14.68826103
280 73.15322876 108.0112228
280 60.17066574 48.5528183
280 -83.42497253 -101.589119
280 39.12715912 18.09543991
280 -122.2604065 38.84341812
280 -146.1145782 72.38867188
280 -143.278244 53.46230316
280 136.0448303 -24.25852966
280 151.2974243 -26.7525444
280 100.8101578 40.24412537
280 154.3744354 18.39873123
280 132.0610962 29.52984047
280 134.1822815 16.81241798
280 97.65449524 129.9153442
280 26.3717804 32.46711731
280 -157.8995667 -123.6276016
280 -188.3022308 47.27200699
280 200.2650299 -15.58909416
280 177.276123 -20.78944778
280 119.1953278 -4.529928207
280 140.3024139 -22.65050507
280 192.6446686 -20.55964851
280 99.67209625 23.25102425
280 190.2266998 30.50823975
280 53.48789978 -7.391421318
280 -7.164560795 -1.788144827
280 43.72505188 51.31664276
280 -153.9164734 -138.2980957
280 226.1156921 -21.03032494
280 172.7375336 -35.86700058
280 162.2405548 -26.89120293
280 -10.637784 -10.45524216
280 63.73475266 30.08856392
280 111.995842 -40.11782455
280 -87.27577972 -34.66422272
280 -36.24927902 -5.747910023
280 -264.7446594 -60.66737366
280 -297.1632996 -60.33862305
280 -325.6636963 -44.62621307
280 -266.4897461 -49.53544235
280 -378.1810913 -74.03375244
280 -343.195343 -33.31361008
280 -274.6632385 -77.7850647
280 -403.2201233 -74.08752441
280 -452.4368286 -65.96923065
280 -292.5985718 3.120150805
280 -406.0967712 -40.57670212
281 376.2814941 39.16444016
281 438.5290833 79.94379425
281 316.0727234 36.68880844
281 435.7272949 113.0591431
281 462.3804626 71.67028809
281 120.5932999 35.62397766
281 470.2315674 6.596420765
281 99.63891602 44.14339828
281 163.5227814 83.33953094
281 61.80518341 48.94310379
281 34.82537079 45.13720703
281 -20.29259682 49.6855011
281 -20.28061867 39.72649384
281 59.50997925 41.74970627
281 -68.93992615 10.95199108
281 -15.9840641 44.79291153
281 -42.33429337 24.89288139
281 58.88182068 28.58704758
281 77.96044922 35.10511398
281 -84.37380219 -4.29481411
281 -71.6756134 -1.314346075
281 -40.89438629 35.84012604
281 -45.18574524 49.74708176
281 -41.05766678 29.60562325
281 54.67196274 14.17720413
281 78.80659485 58.86162949
281 42.76809311 -12.87737656
281 -110.7209549 -9.902141571
281 -118.789978 -5.966575146
281 -140.7574921 19.75399399
281 -28.73203087 -29.96593666
281 -64.69348145 62.75168991
281 21.85846901 -24.37261581
281 -137.4237061 -14.98690796
281 -157.5991516 -27.68839455
281 0.9353134036 -64.64392853
281 2.149308681 -37.80574799
281 -131.7701569 -7.369706154
281 15.41672897 -93.77204132
281 -21.7347641 -36.25671768
281 -125.2879639 1.551716089
281 61.72715759 -95.1013031
281 -5.980594635 -94.09060669
281 -49.91654968 -105.3276291
281 -114.4037552 -0.2597320378
281 -138.2599487 12.40391827
281 -115.882225 38.17892838
281 293.7382812 -125.9871674
281 -1.728108644 -90.50635529
281 -55.1751442 -87.38067627
281 -135.0950623 -15.21208668
281 -142.0349121 15.39133739
281 -113.8385696 102.4216537
281 318.7108459 -124.0747375
281 10.19565105 -111.3740768
281 -51.88709641 -89.49740601
281 -145.0782471 -6.25383997
281 -145.2987366 -10.99254799
281 -145.2631989 12.62727261
281 -150.5851593 -17.03749275
281 -82.76615143 119.6601486
281 422.2589111 -27.31129265
281 -134.7156525 0.1344872117
281 -140.2145691 -4.002810001
281 -155.7030792 5.284685135
281 -159.9120331 -12.85053253
281 -167.1658783 -38.16436005
281 -126.3813019 -19.89144325
281 -211.721405 32.96247101
281 -165.4511871 -28.45640373
281 -156.2093353 -16.16571808
282 126.9291916 -54.67137527
282 163.6351471 -45.02400208
282 118.0498123 -45.17932129
282 101.5999985 -99.80422211
282 106.9435959 -25.66002655
282 84.9695816 -36.52520752
282 127.2872391 -30.31969452
282 80.29935455 -15.9253788
282 48.87295151 -61.70252991
282 72.83131409 -29.32204056
282 132.7086639 -40.01668549
282 122.0912704 -14.86284924
282 47.11708069 -5.460807323
282 9.041152 -84.48699188
282 102.6273041 -14.12546158
282 54.51074219 -27.8019619
282 43.91913223 -37.50630951
282 83.93341827 -18.02510262
282 39.82762909 -13.00562763
282 20.49854088 -52.39800262
282 38.70048523 12.55547619
282 96.4677887 -17.95357704
282 25.23793602 0.8728817105
282 -45.27748871 -78.15386963
282 17.96815109 29.66970444
282 -6.734881878 6.927234173
282 29.75089264 28.31001091
282 -69.60179901 -94.90645599
282 -1.115528226 41.91576385
282 9.518046379 6.452858925
282 -28.16744041 -3.079639673
282 60.36701202 38.44958878
282 -90.85390472 -98.78803253
282 -71.26615906 57.56613922
282 57.34460449 15.78645897
282 -59.5016861 -33.80272293
282 74.22662354 47.88089371
282 18.64748573 64.81671906
282 -123.1313095 -101.6077499
282 45.03926468 20.89958763
282 -76.93183136 -41.54007339
282 97.48468018 54.52951431
282 9.410904884 99.90979004
282 -125.2298126 -94.7954483
282 37.36690903 28.93746567
282 -95.07213593 -63.20169067
282 45.28010941 32.42170715
282 100.4227142 41.44015503
282 -28.29210472 119.5632401
282 -121.2401886 -87.14279938
282 -77.24913025 -63.6320076
282 11.34449291 27.6130619
282 -25.02737808 114.1892471
282 158.4803925 20.70954895
282 -92.89103699 154.4472809
282 -134.0371552 -96.46443939
282 -58.25960159 -55.70230103
282 -37.21931076 25.85885048
282 -88.19715118 136.1100464
282 -120.6145706 154.4771271
282 -147.9568176 -110.7204208
282 -78.3015213 -73.83651733
282 -64.20140839 19.4008007
282 -130.8688965 160.4327545
282 -151.9218445 140.7489624
282 -193.4764252 140.3993683
282 -143.526062 178.1538239
282 -134.5868073 -154.2947083
283 -155.4834595 -87.69776917
283 -186.4694214 -91.3849411
283 -109.3128128 -54.00396729
283 -189.9521942 -111.4196701
283 -218.6872101 -103.6575699
283 -11.3146925 -9.731389046
283 -150.4179993 -78.64365387
283 -130.0487061 -101.5401917
283 -174.333725 -34.6193924
283 -228.3322754 -169.2505341
283 -214.015213 -86.85414124
283 75.63647461 48.337677
283 -164.5748444 -133.451416
283 -91.94309235 -115.6329041
283 -152.4064331 49.00775528
283 -201.5001831 -204.1430817
283 -272.5977173 -178.8624115
283 -214.1785889 -79.26378632
283 151.9440002 60.60420227
283 117.7547226 49.99462891
283 123.6129379 44.70746231
283 -159.9263 -171.5244904
283 -110.9498825 105.1517334
283 -252.7348938 -240.9907532
283 -287.1118164 -201.956543
283 143.3643646 131.0016937
283 175.6340332 37.14336014
283 139.6741333 -35.47455597
283 -147.7796936 -206.9658203
283 -188.0322113 126.3555908
283 11.21679211 143.3637695
283 87.55155182 144.8172302
283 217.4525604 152.688385
283 165.7428589 -1.214092255
283 154.8942871 77.17453003
283 175.2015076 -58.95716858
283 -133.5995178 -231.5294495
283 -214.9924927 140.2865753
283 -200.8843689 136.0260468
283 55.87587738 149.9900818
283 14.89457893 121.3742905
283 115.0890198 78.46350861
283 164.7241364 71.6009903
283 164.4202271 -83.55500793
283 -245.0828094 157.8321075
283 49.11515045 164.5366974
283 71.46720123 127.0450745
283 115.624588 99.11720276
283 55.55564499 61.25699997
283 169.7564087 74.45407104
283 126.9703903 155.3153076
283 198.8059235 33.30282974
283 32.03957748 65.22812653
283 186.3384857 9.889097214
283 185.4151611 7.454696655
283 201.1033325 -3.482885838
283 178.4168701 1.829717517
283 0.6366629601 72.14496613
283 178.0919952 -14.27146435
283 244.7535248 11.78852081
283 130.3900757 -14.01079082
283 218.8105927 0.7486279607
283 208.6864777 -5.943695068
284 97.37773895 -41.87966537
284 108.3805618 -46.46239853
284 123.9294128 -33.42956543
284 43.00312805 -37.76968002
284 160.421936 -59.43636703
284 100.5256805 -25.53791618
284 13.96572685 -21.15620422
284 130.4642639 -49.96064377
284 -1.670077085 1.08973074
284 111.4921341 -33.42087555
284 -13.78870106 -6.947162151
284 123.145546 -55.76219559
284 -65.42759705 -41.44922638
284 -34.27342987 41.22476196
284 -4.538096428 -4.17164278
284 149.7369995 -52.27845001
284 -45.61790085 6.8664217
284 177.3251495 -58.49886322
284 -107.3091431 -26.80377388
284 -5.290988445 99.2808075
284 -10.70066738 -7.431505203
284 131.9174957 -47.99358368
284 -50.43243027 32.54591751
284 -90.97177124 -5.457867146
284 166.7519226 -50.87250519
284 -182.3561707 -88.10926056
284 -30.77546883 153.9086761
284 18.13105011 106.0787125
284 -139.3414001 -11.29459953
284 141.6575012 -73.38259125
284 205.5156097 -29.46893883
284 -218.1556396 -110.5982666
284 -13.16182327 145.915451
284 -60.23384476 171.5675659
284 -29.783638 192.8249054
284 87.80497742 93.35319519
284 53.98064041 -75.60892487
284 218.7868195 -33.96026611
284 -253.2467499 -119.4429092
284 -222.0421906 -141.0118866
284 61.94676971 165.2818146
284 -102.3900528 -99.55523682
284 67.80818939 -69.93332672
284 269.5293884 -18.38638306
284 -284.0412903 -64.68813324
284 -226.9908142 -157.3700256
284 59.70175171 201.3355408
284 -146.195694 -127.2663956
284 -135.095047 -86.03598785
284 -207.2930603 -82.31681824
284 91.29762268 -58.74999237
284 222.9404602 -24.92627716
284 314.3959961 -9.363587379
284 -272.690979 12.02377605
284 -302.1985474 -48.78002167
284 -168.1252747 -180.7003632
284 59.56437302 207.8859863
284 86.51494598 184.8417664
284 8.310199738 196.3896484
284 -253.1775055 -46.12563705
284 -245.7650909 -62.32224274
284 132.5527954 -52.99035263
284 203.006958 -30.36083221
284 447.5212097 41.4573288
284 -300.8375549 -24.06319237
284 77.59049988 235.50737
284 84.41242981 146.4566345
284 -37.49909973 213.340332
284 -289.990387 -15.64357948
285 172.4862518 71.67150116
285 138.6274872 71.54458618
285 134.9619751 62.17231369
285 120.8217697 96.13626099
285 150.5132294 59.39410782
285 31.84654236 104.2406693
285 110.2389755 133.4816895
285 139.5717163 82.36225891
285 -14.23177433 99.99147034
285 -12.2175827 122.4923477
285 107.0333481 39.84700775
285 54.53437424 134.8406219
285 179.1232758 52.62330246
285 -21.26017189 144.116806
285 -62.19893646 177.4642334
285 110.2091599 -8.100383759
285 150.4996643 31.19749451
285 108.1319733 -5.796444893
285 219.8797302 49.35376358
285 -40.99115372 149.1007538
285 -57.58065033 129.5942993
285 -52.32495117 132.7734375
285 44.73394012 184.9683838
285 -136.1710815 200.7243805
285 -111.3577118 194.2552795
285 -28.41201973 210.5964813
285 141.5039368 -41.1467247
285 109.5098724 1.744867921
285 164.747879 31.75581932
285 47.65162277 -69.39501953
285 95.42875671 -33.1143074
285 275.5396423 58.2449913
285 -114.1014023 153.9102478
285 -92.37904358 83.16447449
285 -59.71337509 96.82339478
285 76.31971741 207.9321594
285 101.0028381 201.871048
285 -15.68884945 259.0061646
285 -21.60666656 190.2167511
285 157.5694122 -63.00109863
285 126.1530609 -2.172843695
285 85.37636566 21.62185097
285 107.704483 -15.96783447
285 46.27180099 -87.50614166
285 59.95757675 -100.5806503
285 27.88970184 -61.218853
285 96.25639343 -80.38633728
285 -67.46928406 -169.8617554
285 -15.53874588 -118.4194336
285 28.39525414 -62.14506149
285 -77.56047058 -86.73855591
285 126.8860397 -72.05069733
285 -216.0010376 -222.8653107
285 -8.708983421 -111.3296356
285 -54.80770111 -179.440918
285 -152.5627747 -15.70674706
285 -46.31763077 -96.03127289
285 184.9120941 -50.23918915
285 -317.7912292 -279.0020447
285 -171.8523407 -203.6993103
285 39.84896851 -106.3329315
285 -71.23661041 -219.671814
285 -85.76978302 -187.6356659
285 -219.7476959 -40.19284058
285 -173.1159058 29.96156693
285 -108.5598373 -226.0548248
285 -84.89291382 -256.5390015
285 -236.5840759 -28.70549583
285 -229.9864807 -31.49843025
285 -206.7604828 21.84411621
285 -101.210083 48.80727386
285 -133.5240784 -236.3414001
285 -96.19217682 -263.1270752
285 -101.5161819 -278.6484375
285 -254.196579 -31.18337059
286 -56.84350967 -10.94557285
286 -55.39557266 2.260098219
286 -115.5941467 -45.67671585
286 -36.2013092 -3.80997324
286 -13.25215054 -6.860575199
286 -45.79776764 -18.1191082
286 -14.10848618 -15.53785229
286 -84.35736084 -0.3654177785
286 15.99766922 -3.531296015
286 -34.81554413 8.46511364
286 -46.62811279 -66.49424744
286 -36.47648621 -0.3047712147
286 -49.66824722 -37.89770126
286 51.41379166 4.525782108
286 -23.93053627 16.86368752
286 -27.9084053 33.94201279
286 -0.2271758914 -31.5621624
286 -62.63073349 42.57338715
286 -11.98474979 22.23878288
286 -172.2879181 -123.5397873
286 25.93799973 -17.61856079
286 108.9925156 35.38046646
286 -10.382864 44.18976593
286 -5.224531651 -33.97476196
286 28.10038567 -42.33748627
286 -204.6399841 -130.7198944
286 -184.9899597 -155.0850983
286 103.6945267 9.779571533
286 167.5237579 66.48403168
286 160.7879944 30.53223801
286 -17.71007919 77.64274597
286 24.67424774 88.66260529
286 -35.17089462 -60.23849869
286 -15.48664284 -85.72891998
286 -197.9380188 -131.3552704
286 -170.7141266 -177.8521423
286 -269.9004517 -153.0410461
286 115.0807877 34.57302856
286 171.8432159 3.582173586
286 143.2484589 2.888154745
286 217.7434387 80.96960449
286 172.9492188 15.84576988
286 172.0327454 5.920354366
286 -2.527937651 101.7470398
286 31.9817009 108.8645477
286 -96.90719604 -54.60395813
286 -201.4022522 -171.7805939
286 -256.5144958 -179.2630157
286 141.0248566 54.54101562
286 162.8048096 25.91034317
286 233.4602509 -13.88570786
286 75.43286896 141.8592987
286 70.56406403 145.2279205
286 18.71315575 130.0839233
286 -29.62055969 -54.80464935
286 -147.6652832 -98.90575409
286 -151.9338226 -128.2197266
286 -304.1158752 -157.2607727
286 -395.2735291 -232.8690338
286 -339.2229614 -173.5433807
286 -326.907959 -228.3980255
286 160.9981842 72.35930634
286 213.8463593 26.92903137
286 146.9180298 27.3155098
286 139.1375275 193.4791107
286 46.44802475 131.4420776
286 215.776001 92.02753448
286 188.1814575 187.5041656
286 93.38891602 145.7598114
286 132.7111969 203.6688538
286 -8.059552193 136.1642761
286 252.4880829 80.56525421
286 256.5207214 213.3630219
287 68.37594604 -6.215033054
287 68.61588287 27.54553986
287 74.52243805 -61.08029556
287 48.60154343 52.17012024
287 22.25589752 -83.31435394
287 154.1934814 -78.19173431
287 45.7697525 37.54837418
287 79.96562195 111.0911789
287 43.44001389 -80.16194153
287 -48.95945358 -102.0441132
287 211.9145203 -74.29990387
287 87.29460907 21.81702232
287 34.6366272 143.4538879
287 38.5295105 -75.73368835
287 -113.1150208 -100.910614
287 -6.23647213 -88.338974
287 214.2492065 -58.92780304
287 119.8811188 64.91405487
287 27.33099556 188.0990753
287 40.28399658 -76.34201813
287 -145.510788 -100.3053131
287 49.9484787 -66.25273895
287 110.5907822 58.55296326
287 94.52675629 3.918408155
287 172.8586426 155.8137054
287 131.3972321 243.3248596
287 1.660447121 169.0932312
287 66.23960114 234.1636505
287 43.97039413 214.6193237
287 70.986763 -37.37345123
287 -192.8559723 -86.81339264
287 -105.3255234 -112.5546875
287 58.09414673 48.80854797
287 104.3275986 55.75264359
287 -10.15852737 179.6223297
287 -56.42477036 -128.7416382
287 91.30574799 -32.8157959
287 -2.361643314 -76.74246979
287 -208.5596619 -79.55751801
287 -30.15360451 -117.399498
287 131.4787903 9.524089813
287 45.96648407 83.73141479
287 -51.75783539 189.1137848
287 -127.3546448 -148.1695862
287 -95.5166626 -111.7566071
287 -25.06193733 -104.4047928
287 -15.03713226 -74.16223907
287 140.8526611 -2.510732889
287 -2.643181562 -116.6923752
287 -251.6577454 -52.97640991
287 16.82526398 -58.02126312
287 -70.18139648 -119.0178909
287 -30.45787621 75.94010925
287 81.80599976 105.4133224
287 -100.9126129 -112.4305267
287 -71.86820221 -125.1802902
287 -12.69136906 -120.1008224
287 -69.33196259 -138.143692
287 -27.78597641 62.36610031
287 -77.57032776 62.06412506
287 -106.6862793 -112.4914932
287 -105.2845917 -119.5097961
287 -86.21263885 -137.8489227
287 22.34043312 -121.348114
287 -77.37429047 60.17224121
287 0.5029119849 57.48071671
287 -113.6190033 70.35198975
287 -88.8502655 70.36102295
287 -143.5363159 -96.62276459
287 51.87162399 54.84200668
287 -156.6624908 56.78833771
287 -104.9880753 66.53338623
287 -100.9126053 82.89750671
287 74.05101013 48.95677185
287 -120.1296844 82.66316223
287 -55.06973648 70.04828644
287 116.4290695 50.64574432
287 -160.160141 78.62866974
287 -5.633281231 59.52511215
287 149.0410767 34.97931671
287 167.6764374 52.16976929
288 122.7065887 69.48612976
288 109.8769302 64.28048706
288 101.3256836 70.1571579
288 114.1004028 92.01113892
288 151.8661957 80.7078476
288 67.91590881 52.78106689
288 113.903801 53.02882004
288 52.81792068 41.84695435
288 93.25350189 23.57715034
288 9.918720245 58.20534134
288 143.8867188 -2.151165962
288 27.74650383 23.95891762
288 -39.63404846 110.8207626
288 66.75040436 -10.76850891
288 -14.57760429 -11.48602867
288 -78.58251953 128.1199799
288 81.29561615 -64.17745972
288 -87.50863647 -19.02359772
288 -105.6712189 -24.21059036
288 -122.6208801 144.6321564
288 39.95754623 -64.63586426
288 -160.0264435 -13.42095375
288 -88.46816254 -10.83578014
288 -172.1603088 -33.01192856
288 -113.511795 -29.03547287
288 -110.2420197 -52.70714951
288 28.57880592 -72.13988495
288 -169.3175507 -30.65843391
288 -52.53490067 11.76572895
288 -124.4636002 -20.05485153
288 -6.340974331 -87.34455109
288 2.366236925 -67.97327423
288 -246.1583252 -49.25938797
288 5.575991154 24.02737617
288 1.927436948 -98.15336609
288 -18.59012604 -82.19986725
288 62.11645126 -92.33582306
288 -28.97294235 -65.19744873
288 98.1888504 83.0280304
288 -35.72459412 3.71001482
288 -96.13375854 -119.8965225
288 -32.30422592 -69.03833008
288 153.0353851 115.5065842
288 87.00657654 84.97651672
288 -203.848526 -146.2805023
288 -75.25048828 -50.72530365
288 -13.92487144 -76.66845703
288 235.0524902 142.0658112
288 55.06303787 24.19384384
288 163.3677063 112.8645401
288 69.44259644 80.21743774
288 -279.8223877 -166.3161621
288 -93.60299683 -48.00317764
288 261.7165833 186.9330139
288 230.7547607 169.0904083
288 45.9863205 -20.92913437
288 208.8248444 142.7609863
288 -244.1131592 -167.8935547
288 -62.38079453 -33.22390366
288 207.315979 192.0994873
288 247.7549286 191.3957672
288 32.94482803 -60.59496307
288 37.73296738 -46.7733078
288 223.1543732 168.4425049
288 -284.7059937 -194.7526093
288 -73.41700745 -7.61035347
288 190.3887939 216.7819672
288 266.5177002 211.6967468
288 234.9895782 179.4236603
288 -8.487189293 -83.80757904
288 19.1193943 -84.27203369
288 93.06158447 -56.12379456
288 -331.353363 -208.2786255
288 -108.561203 13.93548775
288 -52.70934296 -116.3252411
288 -50.88303757 -125.0186386
288 -374.0328674 -235.543335
288 -398.6686707 -249.67276
289 -66.45938873 -94.29386902
289 -34.91064072 -67.72549438
289 -68.14215851 -88.90074158
289 -75.47383118 -84.35214996
289 -67.97998047 -92.23524475
289 -42.57929993 -76.31971741
289 -62.36726379 -94.40579224
289 -96.9731369 -67.20128632
289 -72.57083893 -106.434082
289 -10.97160912 -39.09511566
289 -64.00299835 -91.68073273
289 -49.32847214 -65.79983521
289 -178.736145 -65.63647461
289 -89.51771545 -62.28599548
289 6.26344347 -36.56467819
289 0.2838863432 -10.79991722
289 -17.65760231 -42.01158905
289 -72.18538666 -46.2466507
289 -89.28381348 -105.6159439
289 -111.5036926 -69.23406982
289 -73.80078125 -25.79450417
289 30.72308731 -34.16695786
289 -23.64616966 -30.99122047
289 16.50301552 5.346088409
289 -36.92677307 -39.19698715
289 -30.31452751 -40.90819168
289 5.696732998 -17.28970528
289 -17.83308029 -14.36071968
289 -133.634964 -116.2784348
289 -122.4901276 -119.4849167
289 -145.4036102 -77.64972687
289 -74.64929962 -41.08786774
289 -109.0547791 -24.42388916
289 20.80268097 7.059950829
289 -39.0746994 -3.810278177
289 24.78547287 5.967806816
289 4.571391582 -15.23331451
289 12.93597889 8.642107964
289 -71.37932587 -22.66387939
289 -156.8126678 -126.9623795
289 -137.4342194 -135.9948425
289 -209.4908142 -74.03580475
289 -128.916687 -45.05363083
289 40.18017578 39.85293198
289 93.79090881 33.16648483
289 -72.2348938 44.54823685
289 -11.72312355 0.3153840303
289 46.17017746 9.307314873
289 53.27955246 22.23710823
289 15.67011261 23.49802971
289 27.15174866 65.18327332
289 97.0442276 20.59165001
289 120.925087 43.91751862
289 -55.21897507 68.47976685
289 110.0940094 17.56497574
289 55.49645996 4.650694847
289 35.63777542 59.58737564
289 20.64933586 101.1276321
289 152.4912567 71.73283386
289 181.8103027 21.08036995
289 -117.2359543 81.47271729
289 176.0405884 19.09209824
289 -17.32212448 135.313385
289 45.77483368 144.9790344
289 27.85662842 99.76499939
289 142.0860748 112.6787415
289 192.4819946 76.76072693
289 235.9845581 -1.178362012
289 -147.9980927 107.82341
289 221.1318207 4.463574409
289 231.6068115 21.04914474
289 134.6134644 46.06249619
289 12.67973042 179.4664001
289 -34.70490646 153.6114197
289 22.94992828 106.2135315
289 161.6995544 167.3998871
289 111.3047104 114.8909988
289 -168.3363953 116.6894684
289 236.4835968 16.98065948
289 280.6293335 34.83465958
290 -20.37505722 64.16673279
290 -59.85289764 61.06555176
290 -6.28508234 107.2520599
290 -19.36420441 64.55312347
290 -131.7276611 45.70677567
290 -50.15943909 36.45628357
290 -6.953670979 123.4587326
290 39.72563171 115.2750702
290 50.90776062 92.41437531
290 -17.4027977 105.0581741
290 -13.60536194 28.32713318
290 -34.13492203 1.407177687
290 -42.10573959 28.24077034
290 66.84384918 96.18885803
290 103.5693207 103.2979965
290 -21.73973656 125.6352234
290 57.9017868 -2.077536583
290 -102.0576096 19.3321228
290 -66.01865387 -42.44955063
290 21.85700607 15.74572182
290 153.8808136 131.5799255
290 -32.87038803 157.6510468
290 91.62354279 -11.05606842
290 83.5603714 -26.46967506
290 -128.598175 -16.1849575
290 -103.9337158 5.917414665
290 -98.25389862 -42.23526382
290 -49.35947037 -33.18930817
290 -98.24900818 -13.20121384
290 63.7929306 17.58329582
290 9.918311119 -24.18939209
290 114.2893295 -23.42086792
290 148.4353943 -53.72083664
290 -126.6129913 8.014072418
290 -67.58079529 -12.01276302
290 -149.4796906 -88.85678864
290 -106.2973022 -44.33138657
290 -12.71151161 -34.52059174
290 123.0891037 -48.71022797
290 151.2142487 -56.50193024
290 157.5434723 -58.82530975
290 114.8571014 -53.60193253
290 -149.813797 10.60653496
290 -75.48503113 -36.54734421
290 -130.2479248 -69.92008209
290 -17.63187218 -49.974617
290 151.062912 -73.5949173
290 148.5186462 -38.96827316
290 152.8964233 -73.23545074
290 -179.2166595 9.098186493
290 -152.6445618 -97.5398407
290 -15.79773712 65.72512054
290 -18.63723183 -61.35704803
290 -24.87540627 -32.16878128
290 196.7588501 -110.9605713
290 178.5656433 -3.032286644
290 -169.501236 -104.7795486
290 -32.75898743 102.0815659
290 -33.26225281 82.469841
290 -52.44705963 -81.48656464
290 -83.41676331 98.48877716
290 59.59211349 85.68463898
290 -30.87251282 105.3425598
290 -58.40091705 65.03852081
290 -57.95570374 -134.7351227
290 107.4904175 97.46923065
290 38.07733536 139.649704
290 -27.93949127 141.972168
290 -75.82519531 -179.1522827
290 -87.70838928 -181.1993866
290 177.352356 123.298439
290 -58.05206299 -227.9354248
290 -146.5045624 -209.2543488
290 215.9303131 110.8828278
290 29.76589966 -309.8301086
290 -175.0408173 -232.2367401
290 214.3048553 124.020752
290 196.4404449 77.30783844
291 152.1919861 -21.28421974
291 141.9763184 -27.17024994
291 172.1997528 -7.475710869
291 141.6875305 -41.55925751
291 258.4070129 7.416163445
291 105.6426163 -19.53647041
291 103.6348343 -15.92148113
291 0.5210508704 -43.55312347
291 99.6646347 -19.44083595
291 146.2151337 -6.079376221
291 -106.3122482 -67.10325623
291 27.05478668 -19.68944168
291 -55.17787933 -47.46600723
291 11.51801395 -58.65874481
291 -44.01137543 -34.97488022
291 121.2711334 31.05198097
291 -124.3144989 -78.3732605
291 -153.9053497 -78.36950684
291 -94.79264069 -30.23045731
291 -81.7570343 -52.75932693
291 -12.89935303 -46.84997177
291 13.26818752 -11.70020485
291 173.2367706 73.02150726
291 -139.3607178 -89.62036896
291 -99.53421783 -20.10076523
291 -122.7752686 -82.90833282
291 -183.9490662 -20.44226265
291 -81.70619202 -48.55128479
291 38.54663849 -34.31181335
291 18.79428482 -25.65704536
291 79.44937134 31.70191956
291 187.9938049 81.92868042
291 165.4530792 101.0763016
291 -175.0347137 -48.57009506
291 -177.572403 -28.87016106
291 -206.3603973 -16.94946671
291 -157.9654694 -29.27300835
291 -233.5430145 -40.30389023
291 -109.0646286 -41.60198975
291 88.05719757 -40.54271317
291 30.73571396 -47.14393234
291 115.3228455 -8.101308823
291 45.84547424 -27.16169548
291 84.53991699 40.32758713
291 41.75562286 44.86403656
291 155.3579865 119.8441925
291 -222.2323456 -78.44076538
291 -218.5727844 -21.96891594
291 -227.0272522 -34.56843185
291 -236.0899353 -26.96319771
291 -207.9767456 -27.06002235
291 120.45047 -1.709950328
291 89.87360382 -7.519029617
291 110.3116226 -8.343218803
291 62.04443359 49.25245667
291 119.462883 60.87856674
291 39.00765991 49.1280365
291 154.3329773 141.9395599
291 -235.3739777 -79.66556549
291 -288.0271301 -18.69571114
291 -250.9672394 -43.13114166
291 -239.9543304 -38.93689346
291 138.8687286 -39.59498978
291 195.490097 25.58183289
291 154.9886169 15.48505211
291 143.4169312 20.65520096
291 74.70359039 80.73325348
291 2.38984108 55.08549118
291 166.5923004 171.0634308
291 68.67528534 122.7850571
291 -3.410048485 72.49806213
291 163.7703552 159.884903
291 8.920977592 85.18865967
291 -20.9304142 81.96064758
291 -23.04343605 81.55112457
292 250.7194824 104.639595
292 276.2622681 101.676178
292 209.8856659 -9.215557098
292 333.862793 134.0751953
292 282.5791931 148.4303741
292 286.6156006 120.2454376
292 120.0124893 -30.97081375
292 106.0405884 -92.75749969
292 290.2522888 121.8019257
292 287.3435364 187.2474213
292 292.9513245 124.4383316
292 280.946106 133.5924988
292 83.11273956 -78.430336
292 47.35710144 -112.6818085
292 45.9681015 -115.0362244
292 275.8465576 136.8028107
292 250.9183655 248.1720276
292 -19.1919384 -151.7993622
292 254.523819 123.5159607
292 243.1197968 278.9023132
292 192.9840546 259.9757385
292 -19.27257729 -166.6017456
292 242.4162445 109.8470078
292 251.4447632 300.1109314
292 145.4940033 275.9580688
292 -50.39572144 -201.458313
292 195.594223 122.0314255
292 164.3663483 294.111145
292 -84.12162018 -237.4615631
292 150.5114441 129.890213
292 122.7162933 283.2781677
292 -143.8084106 -279.984436
292 62.0611496 146.3548889
292 95.76519775 273.633667
292 148.5874481 245.0076294
292 -205.3413391 -331.7852478
292 61.88008499 133.8722534
292 83.10919952 173.8352661
292 -59.27067566 57.91578293
292 65.51623535 211.2585144
292 -34.89684296 -12.86924171
292 32.2555542 203.4551086
292 -71.36195374 -63.31118011
292 -66.12367249 152.1357422
292 -143.4772186 -110.0781326
292 -164.7563171 -111.1116714
292 -200.3632965 -120.1476669
292 -152.5090637 -127.3482971
292 -133.4900665 -92.69837189
292 -271.1480713 -152.5107727
292 -79.1040802 -54.16996002
292 -333.6362915 -176.3967133
292 -79.42224884 -55.12818146
292 -35.1553688 -44.12195587
292 -357.2615356 -171.3364716
292 -381.9856567 -223.9720917
292 -87.19875336 -39.7047081
292 -34.26717377 -37.16625977
292 33.62294388 -16.9615078
292 -368.1447754 -232.0635376
292 -394.2576294 -251.7005005
292 74.93058014 2.844147921
292 -462.4044189 -257.8311768
292 -419.165863 -278.1749878
292 -513.9227905 -281.7280884
292 -415.5097656 -317.2338257
292 -560.6085205 -303.1078186
293 -133.5333862 65.58004761
293 -149.1473389 61.51433563
293 -141.424469 66.03457642
293 -111.0749054 60.9732666
293 -126.0876236 44.59632492
293 -44.78563309 65.24410248
293 -48.79705048 69.34856415
293 -112.0920563 -44.35494614
293 -5.552437782 62.56493378
293 -136.6007996 -73.70740509
293 54.5605278 68.21047211
293 -167.5091095 -76.93577576
293 -182.1587524 -116.1884003
293 52.65114212 65.67180634
293 -201.9232025 -85.90969849
293 -109.1753464 -114.1761932
293 -194.188446 -184.7981415
293 34.91970825 66.32292175
293 -123.1551514 -69.10136414
293 -225.6402283 -96.70085907
293 -45.51018906 -159.6052551
293 -218.5154266 -216.4990692
293 53.37559891 92.61543274
293 -6.369590759 32.11036301
293 -58.54029846 -30.25448227
293 -130.6995392 -83.80744171
293 45.74742508 -157.8672943
293 -53.62985229 -176.2557983
293 82.57345581 146.7157135
293 85.89789581 101.5248642
293 -36.35335159 -11.1817112
293 1.91081202 33.71587753
293 -30.19529343 26.3735714
293 -127.4669724 -123.4596329
293 -117.3978119 -79.84072876
293 -98.97557068 -65.62557983
293 10.57884121 -188.21521
293 78.0128479 86.88047791
293 102.5814896 101.8503952
293 -99.85930634 -50.96025467
293 -21.53582382 43.23675919
293 -22.33989716 29.2750473
293 -17.57178688 19.60753632
293 -114.1742477 -76.18598938
293 -57.96046448 -56.64574814
293 -62.02857971 -76.75640869
293 114.5134811 -188.6322021
293 35.15726089 0.2212856859
293 125.9187317 98.87612152
293 121.1647186 143.8067169
293 150.7987823 111.7328949
293 -119.1243973 -51.37160492
293 -36.22407532 41.40233994
293 42.14126587 29.49047852
293 -26.69608116 29.28091049
293 -24.87403488 -20.25272179
293 -83.82804871 -50.03572083
293 -143.6932526 -83.47129822
293 12.96765709 -65.6414566
293 -34.00097275 -103.4494858
293 148.7185211 -176.349411
293 121.1092529 -172.8510742
293 202.8998566 114.7899551
293 159.0233612 166.5919189
293 157.0721283 158.2295685
293 193.3156281 117.9837189
293 -92.1307373 -49.51874542
293 -74.88851166 50.89159012
293 96.68635559 53.67635345
293 54.29250336 24.46348763
293 -62.23823166 35.71892548
293 16.14369583 -7.872915745
293 -119.5356369 -56.77171707
293 -154.8233337 -81.08486938
293 -143.5587006 -69.47954559
293 70.69866943 -88.80474854
293 18.76177216 -62.46374512
293 239.8134766 -181.4956818
293 201.6977539 117.0582581
293 200.098999 177.7525635
293 137.8925629 172.02771
293 209.9639282 177.8374023
293 197.1411743 108.9711533
293 163.4704437 83.76183319
293 200.4344635 123.461647
293 252.7045288 144.8814087
293 202.733429 97.50949097
293 197.4419403 134.1951904
294 -136.156189 -109.2990417
294 -140.5398254 -94.85329437
294 -149.4906769 -102.0184479
294 -103.76017 -80.78059387
294 -153.5361328 -70.86251831
294 -128.4788513 -105.9346924
294 -188.4410553 -113.9454651
294 -102.3922729 -82.40733337
294 -178.2432251 -95.82394409
294 -202.0496216 -56.17000961
294 -137.292099 -102.1984558
294 -174.2180176 -78.66351318
294 -236.1398163 -90.81568146
294 -202.6851501 -41.36227417
294 -99.73197937 -76.48744965
294 -214.0954437 -71.25281525
294 -272.18396 -92.88122559
294 -263.9404297 -90.53081512
294 -234.517334 -49.88335419
294 -204.674118 -28.04291153
294 -58.01762772 -50.45330811
294 -207.6632843 -65.79600525
294 -205.3022919 -55.89928055
294 -153.3831329 14.68052769
294 -80.82441711 -80.15338898
294 -24.51150894 10.5463028
294 -38.0903244 -54.34292984
294 -215.4865417 -57.39005661
294 -250.0753784 -47.17908859
294 -87.19994354 53.99771881
294 -175.1699066 66.23018646
294 -30.82625389 10.48750114
294 63.61193085 -5.707798004
294 -274.5526123 -61.37755585
294 -270.9019775 0.9961402416
294 -54.77963638 72.58009338
294 -65.82279968 58.56122208
294 -61.69301605 38.03081512
294 50.94268417 9.979121208
294 -25.32051849 -46.10757065
294 236.6390991 33.05142975
294 51.81634903 99.80342865
294 -85.09680939 107.213768
294 -35.84350967 53.47816467
294 20.2518692 21.73331833
294 -54.35027313 -60.63038254
294 272.1930237 71.50149536
294 405.7478943 87.13742828
294 15.68425846 146.0510254
294 -5.348045349 39.14373779
294 23.84782982 19.61548615
294 58.54093552 31.08553123
294 24.94268227 18.87581444
294 -90.24420929 -103.9039917
294 -51.29196548 -70.10527039
294 314.4585266 90.61613464
294 539.0129395 139.8747559
294 29.61554146 173.5024872
294 60.19625092 58.80725098
294 22.08327866 -13.11292744
294 -68.42866516 -141.9267578
294 -37.79476166 -78.38140106
294 32.48377228 -55.5056572
294 313.3471069 102.6919022
294 634.5545044 176.8373718
294 566.7885132 146.0456085
294 104.3978577 78.29369354
294 33.80612183 0.9960303903
294 34.67937851 -24.82993317
294 -83.50504303 -147.5756836
294 38.3236618 -71.52143097
294 324.075531 111.8546371
294 668.1096191 229.2772522
294 703.4240112 275.4629517
294 670.5154419 277.0740662
295 61.51158524 25.28162575
295 12.04036522 34.86807632
295 84.62423706 16.89631271
295 -9.947353363 32.60902023
295 22.24124336 44.86872864
295 -19.55447769 32.70889664
295 126.9273682 18.52068329
295 -6.058473587 52.62441635
295 113.7757721 48.1436615
295 -26.29265022 51.30302048
295 -78.94283295 42.98136139
295 -18.06612396 42.45110321
295 198.6676788 47.41604996
295 199.0085144 38.53900909
295 5.997920513 38.63370895
295 10.82722092 39.56475067
295 94.64668274 59.11867142
295 163.6559448 66.46368408
295 225.8556366 41.60850906
295 18.86614609 51.03740311
295 31.34586906 41.05049896
295 -11.30469036 26.07305145
295 -29.25423241 36.90805817
295 169.9199524 86.05574036
295 170.5366364 35.61433029
295 179.7985382 76.93936157
295 141.3191986 19.08348656
295 274.4009705 42.01472092
295 104.380722 70.43656158
295 -27.33801842 36.16422272
295 -19.49137115 22.1417675
295 -28.10667038 -42.11204147
295 -16.94489288 0.02883464284
295 -52.32957077 26.82398796
295 163.1835327 120.5934296
295 195.2802887 5.640565872
295 176.705658 27.93564606
295 96.68807983 47.70866776
295 280.7222595 23.48132515
295 166.2068024 80.56816101
295 -95.77329254 8.637353897
295 -46.36400986 7.897633076
295 -81.00983429 -101.6777496
295 -16.61269951 -3.069231987
295 -11.32239532 -13.40713692
295 -46.69791412 13.84996891
295 232.7575836 161.3846741
295 188.6093903 70.01600647
295 -78.59088898 11.0969944
295 -45.93509674 -90.5352478
295 -153.2798767 -189.3519287
295 3.445766211 -31.40219879
295 -114.0709229 -3.824647665
295 -95.27857208 6.024091244
295 43.38799667 -55.5559082
295 -160.1190948 -234.0013885
295 -227.3643188 -197.4892273
295 20.3503933 -49.04403687
295 -137.5135498 -5.302407265
295 -113.076683 -5.745235443
295 -264.8607178 -197.4170074
295 -225.3807831 -142.2600708
295 -213.0023499 -85.03833008
295 -290.5263977 -79.92904663
295 -191.9342041 -81.24887085
295 -167.2412109 -98.38744354
295 -207.31073 -101.4345016
295 -362.9604797 -65.3476944
295 -287.8284607 -56.22600555
296 68.36782837 19.00167465
296 14.88829327 -10.18634415
296 25.74376869 26.96665764
296 -4.566169262 -12.5884304
296 -41.32739639 -13.5072813
296 -63.1062851 -9.686266899
297 95.65362549 92.87744904
297 102.7357559 94.74131775
297 59.68085861 92.63779449
297 145.9165955 93.91147614
297 50.74486542 76.60012054
297 27.43712616 90.98216248
297 21.49451637 68.7820282
297 182.0810089 99.01909637
297 52.17086029 42.27132797
297 28.70286369 94.34922791
297 -1.670340657 35.82946014
297 37.35506821 70.04347229
297 64.11872864 47.85116577
297 55.38798523 61.70045853
297 36.58209229 56.34973145
297 -33.62864304 9.496068001
297 24.27721786 44.11840057
297 150.2928772 93.12490845
297 -6.364465237 27.90533066
297 58.53932953 76.00595856
297 -85.70487213 0.1621608883
297 6.000845432 25.46110725
297 52.19098663 78.89277649
297 72.42732239 73.59223175
297 -48.60108948 35.12203217
297 -121.7200012 -5.519417763
297 -102.0351791 -14.44283867
297 51.22816849 1.779225707
297 140.1429138 66.47401428
297 -28.84863472 25.43188286
297 -165.5526581 -18.74848747
297 -170.9546661 -77.06317139
297 -119.6248779 -43.53496933
297 135.7255249 5.171618462
297 91.70149231 31.74657249
297 231.8861847 90.88075256
297 -141.7788696 -43.3887291
297 -176.67836 -29.43665504
297 -260.223053 -159.3374329
297 -125.9396057 -50.6894722
297 -218.1898041 -142.6381683
297 -166.0204163 -80.4810257
297 -62.66172791 -6.188088894
297 226.1484528 -13.60950184
297 57.0417366 -2.957276583
297 279.4507141 104.6444016
297 304.2852783 147.6749268
297 270.9083862 99.24389648
297 -147.1121521 -56.74500656
297 -186.6014862 -43.67871857
297 -234.388504 -129.5894928
297 -280.1817932 -169.6590729
297 -269.103241 -162.6939087
297 -232.380661 -159.5899353
297 -218.666748 -119.6145554
297 -207.4660797 -109.6221771
297 246.4882202 22.49085236
297 293.4849243 -8.972772598
297 218.6440887 -33.37883759
297 268.3918457 -13.34000492
297 293.9708252 90.75743866
297 318.9838867 120.3938446
297 294.3833008 110.5513153
297 -178.8114777 -47.92512512
297 -202.8244476 -159.9759369
297 -319.0869446 -230.5105438
297 -272.1026306 -170.4823761
297 -261.7331543 -195.2539368
298 139.5972137 11.81523895
298 95.91824341 -8.91339016
298 8.239321709 -47.13658905
298 86.43449402 -8.314239502
298 82.33444214 -11.48661041
298 28.67691612 -19.13985062
298 15.66752815 3.505150318
298 4.755818844 -62.00654984
298 124.5623322 9.102373123
298 95.90233612 -4.032697678
298 74.54060364 10.29550266
298 72.56629181 4.855633259
298 4.193218708 -51.64669418
298 -60.73801422 -28.08933449
298 2.709913492 -14.85680294
298 163.0516968 38.12346649
298 35.44002151 -26.51154518
298 167.1806488 16.5952816
298 0.7464723587 -0.9643782973
298 242.02742 66.09388733
298 -109.4271545 -40.61013794
298 -27.30743408 -20.28989029
298 190.1327209 99.31183624
298 214.7003784 49.39194489
298 -53.55058289 -42.79409409
298 168.3845825 20.51070404
298 -32.94642258 -6.530054092
298 -89.09584045 -28.09547615
298 312.9799805 86.72337341
298 308.1877441 105.9679794
298 -137.7731323 -24.03491402
298 -35.68643951 -23.67839432
298 181.93396 141.9170532
298 317.4743958 66.2409668
298 -179.342865 -42.87160873
298 192.6958008 40.19040298
298 -73.20129395 -12.66814041
298 -153.6682739 -24.50784683
298 351.0286255 83.22207642
298 356.5426636 65.60601044
298 383.5720825 162.3678131
298 -145.1640167 -34.55107498
298 -164.1309814 -14.91977596
298 -131.9882355 -17.06365204
298 -33.83356476 -31.72575378
298 -92.5565567 -41.19667816
298 226.9732513 173.6260986
298 226.097702 148.3431854
298 235.306488 174.5011444
298 358.8754578 65.15859985
298 -217.1365814 -39.07849121
298 -194.3454895 -41.08982086
298 -214.1800995 -54.12501907
298 402.880249 186.6294708
298 -168.5591278 -35.62498856
298 -168.2050781 -10.29036522
298 -89.59147644 -6.200358391
298 -124.7799911 -21.01834679
298 -2.342062712 -49.08111191
298 -49.47976303 -14.35395813
298 -211.5566559 -48.6263504
298 -279.3028259 -20.55291557
298 -229.865448 -48.32387161
298 -284.8092651 -86.03269958
298 -218.876358 -39.60667038
298 -64.04764557 16.12933159
298 -286.8993225 -128.9175873
298 -254.9772644 -60.90122986
298 -12.47197628 34.5633049
298 -316.4617615 -121.6815338
298 -328.0408936 -140.0137634
298 -311.1351624 -135.3074799
298 12.95553112 35.38586044
298 -337.7914429 -126.7105637
299 0.1460215747 4.070484638
299 6.417925835 -9.637429237
299 -6.80918169 3.74750638
299 -32.06058884 1.825326324
299 32.30587769 -0.00592952827
300 -348.6281433 -111.3253403
300 -358.6304321 -98.80013275
300 -335.5222778 -89.18822479
300 -303.1299438 -77.62483978
300 -233.8621826 -89.68863678
300 -317.5451965 -56.81891251
300 -105.8963165 -98.57821655
300 -55.77314377 -115.3391266
300 -51.74941635 -101.6447906
300 -17.83967972 -73.46125031
300 -115.5408249 -152.227066
300 -110.5950012 -152.4445496
300 27.49565697 -107.9064407
300 -137.4925537 -148.7884979
300 -5.045380116 -118.6316528
300 -84.10321045 -213.3848724
300 16.36252022 -135.0950317
300 23.45693398 -99.64576721
300 40.31935883 -81.92137909
300 69.78898621 -47.66925049
300 86.65358734 -56.32687378
300 120.4858704 13.92828369
300 47.81023026 -58.91365433
300 86.69817352 -90.54553223
300 152.1945496 47.1516571
300 124.6202164 41.08338928
300 125.9251862 -10.65877628
300 92.96596527 -124.495636
300 82.24478912 -85.70652771
300 198.6729431 95.51095581
300 120.4596405 15.23742199
300 70.28348541 51.76077652
300 115.2010727 -83.38348389
300 234.8296814 127.2224884
300 34.41298294 93.33590698
300 28.16987419 21.46064758
300 22.49012947 72.67945099
300 58.63440704 37.57544327
300 50.77438354 68.34524536
300 14.1108923 86.3609848
300 48.8770752 114.8414612
300 35.35857391 67.0118103
300 56.38571548 103.5669937
300 91.07946014 158.3508453
300 -31.15037537 90.30023956
300 15.88027 43.15592194
300 101.3691025 129.26091
300 151.643692 189.2913818
300 104.7526169 174.000351
300 -70.17016602 54.78729248
300 -20.71792412 125.7194519
300 62.38768768 42.936306
300 57.46860504 32.46273804
300 -38.64654541 53.22797775
300 16.0267086 34.01602936
300 106.5351639 101.6301041
300 -94.17346191 25.2252388
300 -80.22067261 21.89141083
300 -59.23287964 36.30456924
300 108.9353943 41.68358612
300 26.36242104 4.999132633
300 -44.09520721 90.43302155
300 -26.90567017 10.67492294
300 119.6132507 92.99915314
300 -130.8598785 18.41887474
300 -102.7719574 -9.525176048
300 -72.41841125 -2.076545715
300 204.9795227 62.97356415
301 -44.4689827 -18.44571877
301 -5.160264015 -29.53777885
301 -19.8669796 -6.090613365
301 2.954257965 -4.864628792
301 -31.06365585 27.46134567
301 -41.12680817 1.475934863
301 25.91446304 -5.801354408
301 -28.44495201 34.06897354
301 -17.55253029 2.055070877
301 -44.91286087 -2.884812593
301 79.99118042 -27.95160484
301 -10.13926125 -0.462926656
301 72.79718781 24.77061653
301 -42.68397903 46.62810135
301 5.389494419 4.071981907
301 15.91671371 16.6580925
301 -100.3626328 -31.03601265
301 98.04542542 -61.67938614
301 -26.69099617 19.09291077
301 -26.48344612 -26.91745377
301 -40.30913925 54.23825455
301 12.45244884 0.006883125752
301 4.234982491 24.37475014
301 75.43812561 28.30427933
301 101.4019547 -89.52201843
301 -33.5412674 -45.69301987
301 -79.49408722 72.05094147
301 40.45022964 -18.71699142
301 -27.39967728 20.22750664
301 27.73323441 50.76277542
301 40.32058716 37.23196411
301 108.0366974 -92.79116058
301 54.93388367 -18.8785553
301 37.46624756 -28.39805794
301 52.50445175 -8.969682693
301 35.53300476 -23.35616684
301 -36.15312576 67.28596497
301 28.66998482 55.42857742
301 3.125820875 63.86546707
301 69.42321014 28.22924805
301 1.123148084 23.72485352
301 79.99372101 -161.2777557
301 51.93077469 -27.62912369
301 38.32457733 -17.21562195
301 -55.91302109 99.40153503
301 72.72114563 -63.98378372
301 75.95149994 -18.39465141
301 -86.12796021 132.4088593
301 79.7841568 -65.75390625
301 -121.807312 137.0940399
301 -93.59223938 156.319046
301 -70.55922699 141.0035706
301 103.9740601 -57.83493423
301 77.01765442 -120.2476883
301 -178.0601959 123.5839462
301 -92.6598053 159.3464966
301 73.28207397 -60.81599045
301 171.1863251 -45.99995804
301 79.76139069 -183.9316559
301 97.68118286 -124.607338
301 -228.367218 124.7961121
301 -131.2417145 176.9694061
301 97.50185394 -85.23427582
301 64.93676758 -214.9044189
301 140.6520996 -125.2795563
301 -229.5349731 128.1965332
301 80.40140533 -187.2505798
301 -6.896553993 -263.8222961
301 -231.8338928 172.1291962
301 -196.5087891 112.917984
302 -128.1601257 -68.07099152
302 -100.0181427 -44.89951324
302 -70.05170441 -49.45882034
302 -11.41115761 -25.02245903
302 -140.3542786 -81.20354462
302 26.38173485 5.341798782
302 52.49403 27.54759216
302 29.30029106 0.7324857116
302 18.89434433 -11.99487495
302 107.8293686 5.534166813
302 71.35227966 45.4773941
302 51.95241547 12.34587574
302 105.8398819 74.09115601
302 35.5238533 23.30828285
302 104.2487869 10.00496674
302 94.89021301 35.26293182
302 52.42137146 51.74197769
302 113.8808441 -19.65712357
302 87.43759155 6.905045986
302 195.9789886 72.51961517
302 98.8236084 41.69859314
302 65.05955505 33.59399033
302 82.51377869 55.97184372
302 38.09883499 55.18125534
302 82.05760956 -27.03933525
302 127.646431 33.2056694
302 63.90738297 30.24589157
302 -39.54118729 43.33322525
302 45.54318619 59.13985062
302 9.912350655 13.36071682
302 19.42438316 72.3953476
302 60.65544128 8.393897057
302 121.2250595 38.68942261
302 34.14170837 17.19571877
302 42.42663956 20.72033882
302 -56.95256805 44.67588425
302 -62.25124359 45.07654572
302 69.40594482 -15.41018105
302 -117.2408752 4.427995205
302 23.40309715 -37.77061844
302 28.64725494 -34.76700211
302 -6.108812332 21.00542259
302 -72.25244904 40.48612213
302 -64.73146057 27.95711517
302 117.0617142 3.900885105
302 113.5965958 -56.531353
302 -205.7844543 -17.86336136
302 -57.0531311 -62.68183517
302 6.199228764 -46.12841797
302 -6.998351097 -41.37713623
302 30.63650894 -24.29135704
302 -67.85412598 29.10342216
302 -69.89177704 24.99907303
302 -96.69632721 -7.38188839
302 56.71467209 -12.51872635
302 141.2712097 17.1267128
302 -230.2319336 -38.71950912
302 -242.6298981 -20.01369667
302 -50.86076736 -63.24879074
302 -57.91515732 -91.56043243
302 -55.70088577 -82.22200012
302 -4.495608807 -67.83033752
302 -13.78260326 -37.06364822
302 79.66362762 4.053592205
302 -25.84483147 -31.16603088
302 -100.9696655 44.70050049
302 -105.9629135 -16.0554657
302 -173.1492767 -31.4463253
302 193.9252014 25.10267639
302 -219.8912048 -27.04615211
302 -245.5999451 -36.11412811
303 -46.21055222 -23.49200821
303 10.09482765 -17.54635239
303 -47.08041 -35.7133522
303 -66.36096954 -15.61315441
303 8.192420006 -33.83469009
303 80.67726898 -7.744401455
303 -1.472563505 -10.13173103
303 -96.43067169 -64.18035889
303 120.6234283 -10.24270725
303 21.43935966 4.292792797
303 -18.66302299 -27.81563568
303 -11.21305752 32.02600098
303 -155.3722382 -101.4942856
303 -107.6349716 -71.12301636
303 -157.8444214 -86.82000732
303 49.05991364 -6.103075504
303 169.9974976 9.141178131
303 -33.97610474 47.23947525
303 76.92064667 1.995720148
303 -70.909935 -13.5079689
303 -40.73028564 -20.3254528
303 6.703896046 -46.66605759
303 11.62146091 49.94839096
303 -82.7194519 4.915682793
303 33.92276764 39.06629944
303 -154.6708679 -104.1422348
303 -132.1198883 -74.71893311
303 -176.5567932 -65.66358185
303 5.433825016 -7.589123726
303 -59.37635803 67.71836853
303 -55.9584198 28.03633881
303 -45.95232391 -15.29127026
303 -16.03149414 20.47516823
303 27.0026226 -37.01987839
303 19.92956352 37.45239639
303 48.67334747 65.48262024
303 127.9112015 65.61292267
303 66.37902069 65.65873718
303 -200.5180359 -122.3160934
303 -168.9313354 -84.83617401
303 -145.8520355 -109.9296646
303 -126.7697372 -108.93573
303 -5.050224781 -7.959438324
303 -94.17802429 27.58382225
303 13.63573742 37.52088165
303 -65.29695129 15.38214493
303 196.4260101 75.06994629
303 179.8121643 79.84880066
303 87.77884674 83.35560608
303 -181.8599548 -121.6420364
303 -134.349472 -111.8940048
303 -47.29250717 -4.334033489
303 241.9867706 96.39230347
303 258.2123108 106.2608032
303 118.3474197 101.6254883
303 137.7793274 96.44984436
303 73.40103149 53.85786438
303 -232.5764618 -151.1562042
303 -121.3385391 -102.7438431
303 -55.95805359 -2.041518211
303 279.3827515 103.1771927
303 226.6443939 117.7178116
303 142.496933 115.3871384
303 58.78382492 79.49119568
303 66.51337433 51.28309631
303 93.37917328 63.93163681
303 -110.1711273 -107.7460861
303 -87.80612183 -7.658133984
303 296.0678711 96.57456207
304 44.45923615 6.571582317
304 31.13405991 16.34070396
304 63.04021072 13.88158989
304 19.68668747 33.92661285
304 20.17404747 -49.59149933
304 43.6181488 -25.43653297
304 75.30826569 12.22882175
304 60.17781067 -2.672862768
304 -7.547977448 -44.35042572
304 18.51770782 71.48110199
304 39.55554199 -32.67927933
304 -21.01616669 -99.87180328
304 30.41383934 -33.6133728
304 78.9477005 18.13955307
304 103.6544647 -23.40960121
304 -120.7666245 -108.1276245
304 7.522256374 94.17539978
304 72.65670776 -32.42795563
304 -38.18210602 -129.1083374
304 57.5625 -28.35327721
304 48.04156113 18.98024178
304 33.27322006 -49.7274437
304 -129.5839844 -125.2832184
304 -150.6530151 -147.7506561
304 -123.6842346 -73.37987518
304 -21.36798668 125.5583649
304 74.66369629 -29.9373951
304 72.96152496 5.846908569
304 -118.6950302 -158.954483
304 54.84922791 -56.8271637
304 51.61805725 -13.76326847
304 -25.22603798 62.23221588
304 -7.940702438 64.33063507
304 23.87763214 -67.14431
304 -196.871048 -132.232193
304 -179.5772552 -177.2940979
304 -153.1186676 -50.60728073
304 -12.97557354 141.966095
304 -69.84883881 135.4468994
304 -2.562190294 101.2487564
304 -22.51195145 108.155098
304 -65.33205414 51.51777649
304 70.5880127 -104.2172775
304 -14.03233242 -80.19670868
304 -17.52592278 -71.78185272
304 -102.8315048 140.8501892
304 37.70557785 107.9378967
304 95.50228119 107.6407394
304 -26.16047668 113.3634338
304 74.24007416 113.6587677
304 -35.99772644 128.6509399
304 -103.4438171 56.52174377
304 -36.67377853 69.35581207
304 30.20932579 -147.1545868
304 36.75294113 -102.4620972
304 -45.67076111 -66.30683136
304 -7.466647148 -53.13347244
304 -43.62334824 -77.90900421
304 92.79178619 119.9225159
304 22.05916786 79.69728851
304 129.9789734 97.67862701
304 158.6956482 144.0960999
304 176.1292267 141.8268585
304 -76.26881409 132.2704468
304 -12.80510235 112.3262405
304 -42.41172409 58.1268425
304 -44.575737 -169.4012451
304 56.407341 -148.0664673
304 72.41078186 -123.9031677
304 -55.09543991 -108.6069412
304 -62.1739502 -67.70801544
304 43.36746216 128.2967072
304 -28.33265305 79.14211273
305 260.600647 4.700349331
305 226.3124847 -32.57182693
305 290.1395569 42.28003311
305 309.5682678 -39.73046494
305 197.8215332 12.1899395
305 199.7027588 -61.96316528
305 329.055481 -39.56342697
305 121.3222961 0.8189296722
305 185.4765167 20.14032745
305 161.6282806 -55.11093903
305 237.3239288 -97.95009613
305 287.7702637 -59.44367599
305 16.14983177 -41.95285034
305 114.9673386 -44.80128098
305 180.4549866 -67.98898315
305 287.3011475 -23.58794975
305 -14.06844902 -62.14490509
305 14.19565678 -49.14754105
305 81.56484985 -26.71595764
305 129.4570923 -62.81745148
305 211.0626526 -35.02925873
305 255.9990387 -30.27909088
305 -35.53172302 -53.44414139
305 -43.81048584 -56.61759949
305 -4.39150238 -58.26196671
305 -32.36650085 -55.54190063
305 2.127754211 -61.69009399
305 123.425766 -71.81482697
305 -51.40312576 -44.86965942
305 -64.89186859 -58.17297363
305 -27.90176392 -60.0650444
305 -0.009477955289 -66.81255341
305 33.29301834 -92.92099762
305 -77.42324829 -2.965327024
305 -49.6476593 -28.85577774
305 -87.71946716 -91.80200958
305 -107.3073883 29.04281235
305 -53.73009491 -5.374475002
305 -92.3353653 -135.6744995
305 -107.5851135 -114.8699875
305 -99.01971436 -60.30069733
305 -83.24808502 -37.55039978
305 -70.06185913 33.26711273
305 -75.32506561 -170.9598389
305 -110.6913757 -121.1377716
305 -125.0844803 -58.34430695
305 -52.1227684 49.30929947
305 -39.2650528 -233.0460815
305 19.55197906 81.02174377
305 -0.285150975 50.87762451
305 22.640028 91.75865936
305 -9.011458397 48.48067856
305 59.94411087 116.20578
305 -103.2609558 67.35889435
305 -128.0826874 95.90531921
305 -131.2639313 56.96201324
305 -165.7490234 47.51820374
305 -174.8149261 53.31464386
305 -130.4468384 88.32481384
305 -140.2882996 157.9542389
305 -129.9647522 64.94988251
305 -151.2185669 119.7445602
305 -146.6476593 148.672699
305 -132.786911 58.55334091
305 -143.0205383 176.1874237
305 -102.5169525 58.0464592
305 -160.2491913 84.71103668
305 -133.2183685 154.1893921
305 -140.0412445 123.3298798
305 -181.0344238 179.622467
305 -51.14352798 12.28014183
305 -206.0420685 84.50585938
305 -192.8275909 159.6672974
306 122.9514847 69.44680023
306 57.69549561 57.07808685
306 46.08804321 39.74937057
306 -7.76128006 33.71716309
306 92.509758 40.10321808
306 8.085600853 19.70626068
306 -75.01747131 38.94847488
306 88.87314606 19.20648384
306 82.31790924 27.28640938
306 -108.0503998 14.31927299
306 -130.9234161 39.98760986
306 -93.2973938 50.42034531
306 171.5277557 37.39470291
306 123.4896927 32.59266663
306 154.480011 14.82691956
306 106.1374054 30.64980888
306 -179.2255249 21.37004852
306 -177.1589355 27.20597458
306 129.4281006 25.69473648
306 253.2888947 38.2609024
306 136.5120239 15.46338081
306 186.4059143 -3.476574898
306 91.53607178 38.55197525
306 -237.855835 -4.434571743
306 -130.3574066 37.24417114
306 -177.6110535 14.73413754
306 178.1547699 30.47310257
306 28.48802185 48.59517288
306 138.7142639 40.76800156
306 -277.7050476 16.99320412
306 -53.81573868 34.91759109
306 -195.6712952 5.099477768
306 162.4221649 19.10178566
306 13.57445621 54.375
306 176.0189362 64.31451416
306 -343.958374 22.98517227
306 105.4583893 11.96502876
306 -32.31309891 89.60913849
306 230.6468353 84.17015839
306 -365.3656311 15.71542931
306 -355.1757812 8.707678795
306 83.44184113 -15.21899509
306 51.44203949 -10.15453815
306 -401.0346375 13.16853905
306 48.18032074 6.13945055
306 111.7745819 -60.65873718
306 59.41255951 -20.47108841
306 31.74365044 0.8344064355
306 48.93375778 -7.638672352
306 -439.0099792 -1.442381382
306 1.428968668 14.95293999
306 130.663681 -81.91916656
306 63.03524399 -31.09035683
306 24.13643646 -21.02729797
306 22.04533195 -24.51134491
306 46.80125427 -1.534873009
306 40.19097137 2.771290064
306 -467.3917236 0.3318766952
306 -7.029894352 29.16994286
306 -71.39717102 17.34712219
306 144.2602234 -108.4160995
306 58.35973358 -46.4335556
306 38.97967911 -12.00910568
306 3.355804682 -22.89962959
306 -2.901023865 -50.86548996
306 51.966259 -5.360449791
306 -12.58155632 -9.850725174
306 18.48527718 -3.196553946
306 8.583246231 -11.79118252
306 50.20346069 8.19524765
306 -527.7009888 -14.83262539
306 158.9742279 -119.4429779
306 65.93635559 -50.42636108
306 -25.53992653 -29.25297356
306 -63.63635254 -41.41242218
306 78.53884125 -17.58403778
306 -21.44379616 -34.79396057
306 14.30112362 -15.43420601
306 178.0186005 -146.6280975
306 71.51990509 -21.38178253
306 86.36601257 -13.36018944
306 -43.66082764 -50.01262283
306 203.4581299 -157.1131134
306 145.2488251 -158.5830078
307 160.0305634 79.09525299
307 102.223465 68.15088654
307 178.9391632 64.2718277
307 61.41479492 29.49712181
307 151.8301392 86.89785004
307 237.2635803 68.91537476
307 51.73253632 36.69821167
307 13.65061092 1.110902786
307 100.9448318 119.9558258
307 126.6543808 104.119751
307 158.7055359 62.06153488
307 55.67763901 37.67214966
307 44.2369194 46.06019211
307 -28.71763039 -74.39064789
307 -26.55606842 31.24978065
307 68.07491302 84.60674286
307 115.031601 142.6843109
307 121.8817215 169.2502747
307 128.0280762 72.82364655
307 179.6348877 65.11354065
307 10.90960121 44.87117386
307 -32.61847305 -133.9932556
307 -79.82460022 -113.697998
307 10.08857059 51.54851532
307 -51.50621414 36.22938919
307 7.101324081 55.56934357
307 100.0436096 136.4387512
307 104.3203278 21.89955521
307 191.5372772 63.95114517
307 -3.90364027 29.82343483
307 -88.91867828 -202.5983124
307 -137.78508 -146.6022034
307 14.99353313 64.09643555
307 -55.4873085 44.60682678
307 -131.3605042 72.70915222
307 -9.690612793 38.70735931
307 -40.23923874 45.94167709
307 14.62711239 -55.04588318
307 -74.92586517 -13.91469955
307 76.90059662 124.2589645
307 150.8762512 26.48419189
307 137.0043182 66.95056915
307 -20.8657589 33.30846786
307 -112.8848724 -239.0895844
307 -144.9872894 -246.4910736
307 -160.3889923 -177.8282166
307 50.46081543 74.09893799
307 -59.17761612 70.79567719
307 42.4068222 26.9678669
307 -15.70376492 -81.84643555
307 -33.63642502 -43.28988647
307 -169.6364441 -94.69005585
307 28.26696968 56.80923462
307 68.09951019 118.8255234
307 69.15746307 63.70000076
307 -99.12321472 -292.3972778
307 -106.6275711 -283.7342224
307 -104.4211731 -257.1669312
307 53.79869843 85.6957016
307 -261.4202271 -193.5611267
307 -179.8159332 -106.8349304
307 59.57133484 57.19334793
307 -16.58416939 67.01560211
307 15.54158783 87.69213867
307 102.4321823 115.4500198
307 -290.2262878 -203.319046
307 -432.9385986 -247.9319611
307 -332.8072815 -215.8493347
307 -203.4503937 -81.76173401
307 -170.3772583 -119.243515
307 95.73931122 83.40811157
307 -2.735437393 65.55590057
307 161.5218048 120.0433884
307 174.914444 137.5144653
307 -236.7040253 -98.59413147
307 115.1207199 95.71617126
307 4.657443523 69.76045227
308 -128.5319672 -22.44398499
308 -141.8942719 27.59675407
308 -87.60410309 -9.85655117
308 -129.4078217 73.81939697
308 -108.3872223 37.06680298
308 -63.8527298 -2.60653758
308 -151.3948517 71.96082306
308 -149.947403 76.46995544
308 -61.18132782 35.21132278
308 -100.7848511 -38.90387726
308 -37.92638397 -25.75670624
308 -123.6892624 -4.880912304
308 -174.8339386 90.01243591
308 -23.17419815 21.70922852
308 -56.7195816 51.21451569
308 -142.4848328 -52.38778305
308 -100.4197388 -67.81387329
308 -27.25131035 -56.35221863
308 5.340135574 -3.259128809
308 22.58077431 -60.59756851
308 7.017599583 35.37680817
308 -66.36884308 57.74072266
308 -109.8733063 -47.94855118
308 -36.23690796 -69.59695435
308 -118.3526993 -72.51426697
308 -47.61837387 -48.0173645
308 -56.24637222 -68.03157806
308 1.987530708 -75.53426361
308 29.34032822 13.08678246
308 103.9037552 -70.85460663
308 -34.24423599 57.6009903
308 -25.3308239 93.67723083
308 -92.49210358 47.78131104
308 -103.9241486 -72.84249115
308 -62.09365845 -75.52516937
308 -8.621522903 -46.5564003
308 189.6695862 -46.25654984
308 85.98004913 -62.07845306
308 -38.51541519 49.70463562
308 -102.6503754 40.41210175
308 10.83697891 -49.65326309
308 219.2624207 -36.83174515
308 194.5423737 -49.97077942
308 63.41238403 -42.76605988
308 -17.42676735 72.15207672
308 -26.29807281 20.19261932
308 24.31088829 -38.51289749
308 232.2612457 -28.23574829
308 195.904129 -4.802274227
308 199.5158844 -17.99057961
308 94.7134552 -41.47787857
308 -23.25172806 79.38819885
308 -21.354702 95.1961441
308 46.43462372 24.16237068
308 -47.51113892 17.06686211
308 -78.15576172 17.21865654
308 -20.05032921 -57.3103981
308 62.46611404 -3.646066666
308 68.55304718 -29.81072235
308 251.1591949 -28.75989723
308 229.6324921 59.36566544
308 178.6178436 -12.31308079
308 134.8164368 14.94540119
308 143.8365784 -50.10838318
308 271.5951538 -13.60997009
308 -60.39322281 98.65200043
308 27.00766182 91.14231873
308 -57.43867493 97.3977356
308 109.1597137 34.72003555
308 33.95714569 27.88584709
308 -44.82435608 24.23414803
308 -99.64022064 9.504165649
308 -29.4156208 -57.25086212
309 -248.6913147 1.885500193
309 -321.7469788 -3.034559011
309 -138.8805084 50.84833145
309 -304.0025024 -16.02770996
309 -327.0518494 18.13065529
309 -98.59127808 63.9847374
309 -79.0293045 65.79299927
309 -388.3355103 -48.25189209
309 -60.95683289 81.24980164
309 -2.425956726 42.40488052
309 -104.4469681 82.70644379
309 -60.32098007 80.09490967
309 -452.9668579 -80.2532196
309 -13.7717371 101.3385086
309 86.1068573 6.889301777
309 -91.83180237 94.31541443
309 -538.7758789 -94.02535248
309 34.25630951 117.039093
309 123.4653854 -18.30529404
309 144.6387787 2.230156422
309 78.47093201 -19.48773956
309 -548.8040161 -95.67114258
309 -607.2720337 -131.8448639
309 109.0022278 133.426178
309 140.3808899 -77.56345367
309 119.4745636 -46.71013641
309 176.1483307 -13.95385075
309 206.2827454 15.88824272
309 143.7971802 151.5777283
309 189.397049 160.5084076
309 171.1366119 -106.1403351
309 122.7603607 -90.00357056
309 218.2906189 10.05832291
309 191.3611145 179.5340729
309 103.5957184 149.2929688
309 249.1949158 194.0042877
309 142.7980194 -113.8993454
309 144.9902191 -134.3261261
309 246.2388306 -10.62659168
309 217.9379578 196.4762115
309 140.6731567 162.6494598
309 138.0617371 -139.5844879
309 253.9404755 25.50027084
309 279.6706848 73.155159
309 175.9159546 117.216217
309 303.3583679 49.1738205
309 195.3563385 137.1366882
309 150.3600922 77.62094879
309 333.3754578 -2.40328908
309 204.5273895 174.385849
309 171.0798645 48.6190567
309 79.27567291 67.20529938
309 131.6723633 176.9551544
309 194.7559357 178.446701
309 147.3615417 29.07131195
309 76.79698944 69.58875275
309 111.7757034 150.4467316
309 58.75710678 70.87606812
309 46.67258835 74.60331726
309 -29.10229874 -16.64278412
309 -125.6166763 -115.1479034
309 -209.0343933 -215.1710815
309 -247.3115997 -230.0673676
309 -202.3786926 -235.4635162
309 -216.7519989 -234.3386841
309 -272.7874756 -225.4081116
309 -210.4103241 -294.0547485
309 -162.2507935 -262.0857544
309 -320.0922241 -330.1151733
309 -169.4748535 -281.7201538
310 -235.4854279 -128.0796509
310 -266.8760071 -140.5700226
310 -281.9896545 -132.226181
310 -172.6275024 -88.18375397
310 -236.6776428 -127.5929871
310 -331.4174194 -131.2560425
310 -217.1842194 -110.1546783
310 -256.8714905 -75.60580444
310 -61.85629272 -43.2400589
310 -215.8603668 -49.18415833
310 -181.0356445 -71.14670563
310 -196.1012268 -120.8700867
310 -339.5467834 -141.3571625
310 -230.9379272 -86.2611084
310 -155.6279602 -106.3716507
310 -171.9948883 -51.83548355
310 -289.1082764 -104.5126114
310 -2.891085386 -36.14061356
310 -197.2761841 -64.07189178
310 -85.49317932 -77.84610748
310 -287.0333252 -148.9537201
310 -365.8563232 -155.4957123
310 -355.3631897 -131.4047394
310 -93.74739838 -74.72473907
310 -94.70689392 -50.35811234
310 -323.0994568 -121.0222626
310 75.00214386 -23.67797089
310 -61.37903214 -31.41605568
310 -344.4571533 -117.2347412
310 -97.51506805 -74.82792664
310 -67.30818176 13.3555584
310 120.2522583 -52.79027176
310 93.46496582 30.0235157
310 141.7670898 -13.09352875
310 74.98462677 -21.24984932
310 -20.97706985 43.18225098
310 20.13515854 28.71440697
310 -100.1841125 87.81652069
310 70.90435791 -8.516023636
310 109.4286041 -10.84382153
310 -95.48604584 80.27214813
310 103.9341888 75.70580292
310 52.92717361 44.39343262
310 44.68213272 13.07666969
310 83.90905762 48.00364304
310 -140.0995026 102.8482437
310 -127.4066238 88.82214355
310 -97.42285919 110.5971069
310 95.46568298 8.248292923
310 37.52567291 -39.86064529
310 128.0851898 18.51178169
310 178.702179 60.38454056
310 66.04439545 98.99599457
310 109.6363068 103.4065475
310 94.16188049 53.93888092
310 33.94667435 27.46267128
310 218.8611145 54.2538147
310 -168.438858 113.6617966
310 105.3734741 5.476779461
310 159.5510101 26.53451157
310 216.0384979 26.60990524
310 163.0011139 41.42615509
310 79.02907562 134.2464142
310 114.1973953 51.32061005
310 3.544372797 56.82920837
310 225.2663574 54.34035873
310 167.6826782 38.89867783
310 50.85421753 5.731033802
310 250.098053 26.02143288
310 165.7567139 30.65528488
310 209.8210297 11.85185814
310 78.75401306 175.7173309
310 175.0116577 54.43235016
310 -49.43702316 61.51276398
310 286.9816284 85.76725769
310 229.3536987 37.35451508
310 227.7687225 49.48383331
310 229.9447327 -3.246738911
310 268.6269226 52.71640015
310 260.7287903 53.27309799
310 81.68144226 170.0237885
310 87.49066925 209.8281097
310 184.1711121 44.7817688
310 188.7747955 27.11153984
310 337.2867737 71.83853912
310 198.8905792 -28.60764313
310 317.2764893 84.37192535
311 38.89221573 152.391037
311 33.9811058 152.008194
311 47.37311935 141.4612885
311 40.14370346 166.2028961
311 26.57013702 92.43652344
311 62.10652542 193.782196
311 3.372216702 108.5774384
311 55.67183304 153.0165253
311 47.70162582 141.8156586
311 83.43132782 72.79454803
311 -49.75600815 -24.83288574
311 68.81196594 164.2520905
311 140.9480438 57.28570938
311 -64.83696747 -83.20565033
311 -120.1225052 -62.59056091
311 -76.3140564 -45.83952332
311 36.22994232 141.711792
311 162.9634705 65.00305939
311 153.6437531 53.59654236
311 82.68753052 64.92393494
311 -43.67750168 -108.0800629
311 -35.84828568 -132.6202698
311 -112.6542358 -67.22467804
311 40.91170883 84.4264679
311 138.1830292 80.1167984
311 170.1560059 2.943122625
311 127.0751114 78.09107971
311 102.8169861 72.81161499
311 -64.66522217 -106.1988297
311 -82.35234833 -145.1073151
311 -46.76393127 -176.5703125
311 15.77633762 50.79284286
311 107.8244858 62.67166901
311 131.5542908 72.94189453
311 79.29441833 69.62507629
311 -35.86545944 -78.95887756
311 -98.34030914 -128.2874908
311 -62.90731049 -103.5805435
311 -155.5061188 -249.8296356
311 -46.82784653 -226.0682983
311 -51.39876175 -25.89284897
311 143.106781 42.70590973
311 69.49131012 54.09054184
311 -70.48301697 -17.55600739
311 -77.02394867 -64.67948151
311 69.55723572 -20.4836483
311 91.48956299 64.68045044
311 131.9770355 76.27483368
311 59.54023361 49.41329575
311 18.37169266 61.28080368
311 -103.8308945 -90.56085205
311 7.577342987 -46.35707092
311 42.42320251 54.88418579
311 8.32864666 82.78855133
311 -156.4912415 -109.554039
311 11.67001438 -89.80364227
311 40.69916153 83.56263733
311 13.62196541 81.35095978
311 -235.3069916 -134.2058411
311 49.10569 -95.87577057
311 -45.90603638 -129.2967987
311 82.33778381 -101.541481
311 -22.08028412 -159.9328766
311 -89.97922516 -99.42345428
311 -201.7944641 -114.0536804
311 -135.4405823 -57.44752884
311 -150.4483185 -51.88105774
311 -138.9970856 -31.4520092
311 -121.2159653 44.40446854
311 -140.5830994 -12.12357807
312 250.8560181 170.7162323
312 228.1234283 152.7162781
312 220.6061249 151.6838837
312 191.9695129 127.6996155
312 236.0673676 163.3155365
312 230.1966248 168.5984955
312 220.6113739 102.8533859
312 157.4060822 134.6458435
312 242.826767 176.18927
312 77.83506775 76.32467651
312 208.677887 111.2532959
312 113.304863 128.9071045
312 84.28769684 60.16306305
312 13.51118469 31.59800339
312 94.13398743 59.64684296
312 191.0789337 127.0196686
312 110.9717789 126.1529694
312 61.41405487 73.62356567
312 -48.95982361 -20.16586494
312 49.30335236 24.23998451
312 111.0701141 58.39421082
312 131.0206146 69.66416168
312 14.13956738 82.02854156
312 -16.84773636 -28.37079811
312 57.76168442 -8.553686142
312 185.7656097 91.68925476
312 51.72289658 0.05679027736
312 -26.48879242 -56.44220352
312 -31.54461098 -51.38006973
312 54.0667038 -27.93516922
312 192.6043854 95.11069489
312 44.94615936 -14.38366413
312 99.19003296 27.05281639
312 70.60224152 -34.08073044
312 -17.85585022 -10.20697117
312 -55.02474213 -55.61174393
312 8.697775841 -62.05913925
312 -27.57569313 -47.96380997
312 24.52426338 -43.43637466
312 98.97112274 -48.70846939
312 248.7135162 104.7086945
312 91.51605988 -42.57834244
312 -109.6258011 -67.69184875
312 -21.57781029 -38.33234406
312 -8.624807358 -11.536273
312 -76.35890198 -43.33086395
312 23.99353981 -38.51536942
312 -6.586406231 -45.43272781
312 -75.86091614 51.74351501
312 -65.56396484 -36.22622299
312 -83.09884644 106.0726395
312 -57.49457169 -58.14896774
312 -110.5855789 -53.32984161
312 -35.27877426 -32.35175323
312 -80.54935455 -59.87738037
312 -148.8078156 -65.85636139
312 -122.4406662 -73.28052521
312 -104.7505798 -60.89314651
312 -162.9700928 -85.5524826
312 -195.0153656 -99.68444061
312 -169.12883 -80.19577789
312 -189.540329 -104.0164642
312 -219.3953705 -115.7740631
312 -217.4075012 -103.6657333
312 -175.0256653 -111.4565887
312 -208.493866 -111.8200684
312 -223.205719 -132.2284698
312 -241.9009247 -96.45180511
312 -215.5869904 -102.7559967
312 -207.6355438 -120.8263016
312 -242.7069855 -114.7600479
312 -212.9259949 -118.2380066
312 -280.0484619 -119.7621613
313 144.8632965 -17.84360695
313 115.0268326 7.478918552
313 77.80962372 -20.27083778
313 179.5391846 -18.1403923
313 149.5526123 -14.29119682
313 175.7304382 7.004514217
313 106.5534286 -4.109884739
313 57.33529282 -23.08815002
313 85.85326385 -28.03743744
313 222.3474121 -14.23553467
313 183.6976776 -24.63902855
313 112.4773636 6.583013058
313 82.98532867 -21.55494308
313 123.9666748 23.76252747
313 2.739469528 -35.56807327
313 81.38399506 -37.48330307
313 86.87831879 -24.81481552
313 217.3301849 -54.01448822
313 60.60517883 -33.89876175
313 63.79458618 -32.92599106
313 163.3219604 48.70432281
313 89.36122131 52.41125107
313 -4.90951395 -35.48070145
313 21.78982162 -20.87673187
313 -12.2167635 -33.73195267
313 88.82191467 -55.61972046
313 79.99304962 -45.73298645
313 204.4660034 65.9808197
313 35.84506607 86.02309418
313 -113.5548706 -67.91235352
313 -76.78881836 -30.96351242
313 215.5102844 76.78471375
313 -8.301293373 89.67837524
313 -11.88733101 76.20252991
313 -51.04508972 -49.58642578
313 -155.4342346 -75.72518921
313 -110.8155746 -68.9618454
313 -147.828476 -52.55307388
313 -7.676202297 77.58913422
313 -28.58349609 67.46231079
313 -44.83705902 49.23070526
313 -46.86174774 -26.41205597
313 -179.7944489 -74.06176758
313 -141.9606171 -47.15836716
313 -161.728775 -24.64123344
313 -62.75640106 -54.334198
313 -137.7672577 -89.49976349
313 -12.56709957 67.92958069
313 -8.215457916 63.88074493
313 10.01981163 84.97930908
313 -106.2260437 89.42046356
313 -62.9294281 72.0666275
313 -29.42682838 -51.06085205
313 -55.39429092 -42.62535858
313 -201.1003876 -95.30516815
313 -106.0044556 -65.02709198
313 -212.9989471 -23.11046982
313 -95.6526947 11.63677692
313 -165.1698151 -17.77062416
313 -41.25956726 -20.2862339
313 -135.1172028 -72.02519226
313 -31.78922272 23.80962372
313 60.4919548 84.65201569
313 68.67306519 114.6122055
313 -127.5125732 87.14640045
313 -106.3884735 88.87407684
313 -44.16820908 -58.17378998
313 -48.42963791 -61.19129944
313 -15.95824432 31.87327385
313 64.96128082 103.3338165
313 -171.0009155 76.83498383
313 -118.4838257 113.4642181
313 -33.18483353 -84.66603851
314 -202.3954163 -131.5391083
314 -148.1392059 -95.98674774
314 -249.682785 -148.0640564
314 -213.0301819 -154.4702148
314 -171.0705414 -119.1534576
314 -127.9337692 -62.26278687
314 -272.3922424 -142.7840118
314 -161.7898712 -120.9150009
314 -231.9044037 -160.388443
314 -78.28039551 -21.93336868
314 -159.7715454 -69.70471954
314 -328.7984314 -175.0025482
314 -170.2777863 -107.0575256
314 -118.1325836 -103.6668777
314 -104.612587 -79.96940613
314 -131.5722046 28.03263664
314 -11.47268486 -41.85057831
314 -216.3202362 -77.06781006
314 -345.8731995 -152.0565948
314 -317.1658325 -168.2720184
314 -332.5194092 -186.8075256
314 -105.2937622 -93.22722626
314 -58.67089844 -88.0855484
314 -39.28419495 -53.71914291
314 -181.157074 77.90496826
314 -24.88823509 -49.16327667
314 10.93756485 6.956454277
314 -267.5924377 -102.8683624
314 -334.2156677 -140.5844727
314 -26.55393219 -32.34747696
314 -209.0983887 98.8525238
314 27.16558456 -15.92593861
314 30.36520004 30.79198456
314 117.8725586 65.36325073
314 103.1762619 -16.23009682
314 -19.71368408 -51.90294647
314 -31.84805679 -44.77372742
314 -187.9429932 118.7723083
314 -268.8812256 106.1457825
314 86.83076477 32.12935638
314 15.45448017 35.94863892
314 100.3359985 71.30749512
314 121.352211 71.84934235
314 163.0376434 71.7245636
314 118.7091827 -37.54240036
314 147.8461304 -28.06987572
314 141.0789337 29.99919891
314 -20.47188568 -61.51740646
314 -43.3633194 -53.97964096
314 102.9751358 60.87326813
314 -28.67469597 66.30076599
314 125.1610641 66.79039001
314 143.0102234 62.36587906
314 142.3177643 70.1084671
314 233.9478455 112.495903
314 206.5820007 62.9042778
314 156.5989685 70.78975677
314 134.8141937 71.04261017
314 215.8854065 96.32906342
314 230.6110535 103.7432709
314 201.2536163 79.26707458
314 257.4067688 162.2399445
314 190.4881134 60.83774948
314 223.2204437 87.46945953
314 194.5588379 83.16591644
314 134.177597 73.26959991
314 272.0693054 187.3305511
314 232.6901398 41.9675293
314 274.998291 80.2977829
314 188.1515961 59.25498581
314 119.4906082 61.99748993
314 95.76016998 62.92039871
314 138.495575 80.98223114
314 251.5598907 187.5924835
314 290.3989563 190.7754517
315 -5.79073 16.87480545
315 11.76732731 9.67377758
315 21.78124809 4.412578583
315 2.963855743 -7.400091648
315 -22.28639221 0.4418001473
315 15.98700237 3.213347435
315 1.580094814 -14.19942284
315 -17.69173431 -18.49543571
315 -8.310559273 5.478657722
316 104.3973236 18.15977669
316 90.75217438 2.938036919
316 51.97820663 29.619133
316 145.6310577 14.19530582
316 70.73029327 5.664474487
316 47.60690308 31.16525078
316 59.30487442 18.62877846
316 7.859223843 24.23094368
316 36.80439758 38.39336395
316 54.1218605 27.7338028
316 55.56485748 46.2834549
316 46.86426163 37.86763763
316 4.862386703 17.82675934
316 -33.38248825 -5.304762363
316 62.54063797 65.44178772
316 18.37819099 12.56184101
316 19.13005066 27.71072388
316 92.88471985 46.09760666
316 -63.58880615 25.05589485
316 -25.86798859 -5.70746088
316 55.84122086 60.39799881
316 26.50488091 -9.388631821
316 6.937603951 13.14517403
316 98.62164307 51.89295959
316 -88.0642395 29.3997097
316 -76.21575165 25.89466476
316 29.14128876 30.56744003
316 -37.6220932 11.51430511
316 -76.20411682 21.06928635
316 -42.86130905 -43.76542282
316 39.68396378 -35.93691635
316 142.9209442 57.12066269
316 -45.1186142 37.28050613
316 -80.9152298 18.19238853
316 -47.3978157 43.23526001
316 -54.88824844 23.68454361
316 -101.8165665 11.93754578
316 -86.59347534 -16.4384613
316 -132.8514099 -168.21521
316 16.5778904 -56.41930771
316 -11.42563534 7.057048321
316 -44.0729599 35.42954254
316 -64.29114532 17.7605896
316 14.91033459 62.19877625
316 -41.06908798 50.60941315
316 -116.8471756 10.13071728
316 -112.8351669 -40.86827087
316 -156.8685303 -226.1521606
316 -44.85003281 -3.10137558
316 65.55306244 -1.512896657
316 -40.93423843 30.13532448
316 -163.6544952 51.11318207
316 -34.09682083 18.58313751
316 80.18306732 83.0486908
316 -49.43962097 22.35879898
316 -151.2388611 -14.96289158
316 -102.3656921 43.51179504
316 -145.2407684 -37.09895325
316 -140.8092957 -225.5403595
316 -153.6753235 -267.7139587
316 -38.03774261 -5.460894108
316 28.38565063 -61.83203506
316 125.306427 1.897782087
316 -40.31215668 30.80297279
316 -32.09111786 -18.59238052
316 125.5806732 98.34355927
316 -32.91775513 -19.67204285
316 78.68438721 -46.32743835
316 34.21120453 -81.52479553
316 57.75579834 -83.31521606
316 154.3829498 -5.782396317
316 118.9193573 -18.36065865
316 126.2389679 117.831337
316 144.818924 -43.15668488
316 169.890564 -63.56837845
317 88.6628418 70.39640045
317 60.7659874 34.48021698
317 110.5169601 102.7305679
317 137.9035797 95.55300903
317 44.95569229 26.09791756
317 151.8674927 106.9544983
317 36.04141617 72.39333344
317 160.4518433 97.2192688
317 24.25661469 -11.13048077
317 58.95315552 49.91716385
317 59.41823196 68.98549652
317 17.10370445 65.75089264
317 4.683725834 91.3447113
317 192.6449127 76.88744354
317 157.4666748 84.03488922
317 19.15996361 -4.555238724
317 -44.11196136 -52.68828201
317 53.51414108 57.90392685
317 32.67867279 66.16096497
317 131.5203094 72.74253845
317 11.65073109 53.18364334
317 12.79946613 98.30294037
317 -37.87001419 111.4348602
317 163.2828674 54.70626831
317 179.90802 108.4007111
317 56.46743011 17.30677223
317 9.135442734 -83.6916275
317 -54.27944565 -43.93000793
317 -71.17776489 -66.30628204
317 9.587385178 96.3115387
317 -2.246904135 28.13859749
317 105.6592255 67.74837494
317 -2.625462055 31.38942146
317 16.18716621 93.56093597
317 147.7726288 10.33948803
317 -78.51509094 -62.44762039
317 -45.18697739 52.72877502
317 -75.83429718 -4.664054871
317 117.5100021 65.83228302
317 -30.04496002 1.836260676
317 139.1262054 -19.31867981
317 -79.48516083 -55.93523407
317 -68.55509949 -27.71669006
317 -89.22773743 -25.30278969
317 -96.83469391 -27.56027603
317 -98.2301712 -49.93484116
317 19.56039238 -14.07831669
317 -73.77182007 -31.88221741
317 -100.886879 -33.12575912
317 -1.245094657 -26.37232018
317 -24.74411201 -24.12834167
317 -52.15359879 -17.6056366
317 -95.71492767 -21.68717194
317 -86.70437622 -80.88796997
317 -119.0964737 -54.32489395
317 62.95103836 -25.66295433
317 82.96730804 -24.29375458
317 68.37698364 -19.88356781
317 -125.0449753 17.9713726
317 -137.5185699 -88.02540588
317 -87.78090668 -68.02009583
317 -178.2336578 -59.08747864
317 49.43935013 -13.08755016
317 62.73344803 -29.31272316
317 120.3535461 -29.41779137
317 47.14390564 -4.798757553
317 -52.02015686 -62.90246582
317 -124.4287643 -107.088295
317 5.083838463 -22.13539886
317 -168.7735443 -122.3552933
317 -163.6623383 -127.3538055
317 -185.0961304 -175.9528503
317 -109.4179001 -124.1054077
317 -269.7420959 -205.9870453
318 115.4482498 81.6601944
318 104.4051514 64.78984833
318 92.01963806 57.56574631
318 146.8861084 87.68425751
318 91.10587311 47.10317612
318 143.6596985 51.29377365
318 21.71112633 68.81364441
318 96.99729156 48.11568832
318 18.32235527 83.34275818
318 226.6005859 98.36026001
318 155.3827362 117.1251144
318 189.6683655 67.33494568
318 126.2267227 76.10610199
318 29.90012741 14.96092606
318 197.7707214 69.12560272
318 145.1638794 35.32991791
318 7.258794308 98.8838501
318 -30.27505684 6.490107059
318 -22.9522686 84.91270447
318 -16.23268127 93.47827148
318 213.7895203 46.37461853
318 98.89213562 69.33174133
318 106.0935059 69.26081085
318 53.35800552 -15.48706532
318 -14.89898586 6.613361359
318 227.2640686 37.85425949
318 55.09664536 124.2807541
318 42.22525024 92.93241882
318 -59.21585846 -51.8752861
318 -123.2175827 -67.6076355
318 -42.5141983 108.8843689
318 -88.76557159 98.17772675
318 248.1179352 30.36988449
318 88.30134583 80.82344818
318 68.36872101 45.50128174
318 125.6663208 78.08351898
318 -55.56357574 -32.36057663
318 65.22947693 81.4783783
318 -90.75920105 -19.85702705
318 -1.814036727 -64.35238647
318 -139.80336 -73.58419037
318 -154.825592 -55.93820572
318 -123.6662292 -111.2549515
318 -61.05501556 116.5764847
318 237.9369659 5.251483917
318 128.5699005 118.7669067
318 105.0118484 65.55587769
318 13.50848675 25.53351974
318 119.1459198 76.41936493
318 -127.7075882 -106.6255112
318 -90.44550323 -22.31546783
318 -62.09899139 -16.09678268
318 -6.685293674 -66.94517517
318 -32.07361221 -61.855896
318 -15.34380245 -65.08402252
318 -135.8943481 -102.9305115
318 -143.555542 -126.6079788
318 -182.4203796 -118.7993088
318 -68.06455994 -91.73479462
318 -75.07980347 -17.27894211
318 -153.1021729 -126.622879
318 -183.9958191 -134.2182159
318 -242.6591339 -182.6360321
318 -43.87741089 -58.91832352
318 -101.8024445 -135.7183533
318 -48.40137482 -21.96546745
318 -197.7187653 -153.9294739
318 -226.8019714 -117.2713318
318 -64.26971436 -66.60636902
318 -40.17528152 -49.62326813
318 -5.559189796 -16.31290054
318 -265.4945068 -184.0227814
318 -288.3276978 -90.72234344
318 -77.98933411 -103.3878021
319 111.3363266 -29.13896179
319 110.7369003 -11.02823734
319 149.5104828 -16.86936378
319 103.0242081 -7.983701706
319 94.46527863 -18.10783768
319 119.006073 -14.86932945
319 130.7302246 -1.123134851
319 74.77832794 20.7733345
319 86.77567291 -54.01914597
319 50.74964523 -37.98470306
319 118.4046707 -65.34130096
319 90.03671265 -26.34429359
319 98.59759521 -19.45723915
319 121.6612701 61.25011826
319 103.6283264 23.25996017
319 17.78964615 50.40280914
319 62.93169022 -20.7751255
319 110.2595062 -87.33677673
319 -8.922020912 -56.86196136
319 -26.43852234 -50.56165314
319 18.90801811 3.930972099
319 98.60115814 -63.95922852
319 84.35827637 43.92702866
319 14.1473217 59.02188492
319 14.87377262 65.04367065
319 63.89123917 -12.45832825
319 35.53745651 -9.784588814
319 109.4423904 -126.8921967
319 28.13400269 -91.5692749
319 -4.295906067 -40.50677872
319 -87.71269989 -56.06975174
319 -40.60319519 -70.3699646
319 22.77775002 3.882060051
319 1.546802759 61.29293442
319 12.64177704 -116.4589844
319 -121.1509323 -29.25335503
319 -77.88573456 -35.49382019
319 80.80701447 -56.29538727
319 -5.823555946 4.356584549
319 -5.113023758 2.815433502
319 1.389311671 102.086853
319 -17.20445824 82.06494141
319 -5.194128036 -141.9142456
319 -190.3166046 3.245275259
319 -71.34272003 -25.44322777
319 -78.82977295 -22.82687569
319 52.21565247 -73.95944977
319 -32.79345322 -7.371978283
319 -52.24287796 6.125601292
319 23.66837311 6.788368225
319 17.69075966 -1.032857537
319 -9.162550926 143.334671
319 -43.10837936 66.18698883
319 -52.3906517 111.9460068
319 -236.6303406 16.4496727
319 -70.65982819 -17.73385811
319 -78.09881592 30.8311348
319 47.09217834 -101.9003601
319 67.93017578 -45.21904755
319 -28.46401405 51.25696945
319 -93.0067749 -19.219944
319 -24.46246719 28.64834785
319 31.72543526 -23.00288582
319 -45.77072906 119.4031296
319 -236.1691132 31.4023304
319 -298.5057678 49.11904907
319 -43.97506714 -27.03009033
319 -105.3593369 31.80335426
319 -8.404135704 59.27064133
319 -16.01810455 60.29761887
319 -11.59465218 47.5852356
319 4.507254601 55.84729767
319 -203.8042755 20.11179543
319 -32.82757568 -34.72836304
319 -135.2627258 15.32659626
319 -31.95775986 80.6499176
319 136.2279663 43.99739456
319 77.91203308 93.60165405
319 -168.9472504 10.96021843
320 17.06771851 -9.997851372
320 -18.5608902 -8.974795341
320 47.33983231 -25.50493622
320 -39.05215836 -26.68161774
320 57.11153793 -53.44210434
320 23.01149368 -19.09790421
320 107.4534836 3.957978249
320 19.21053505 -2.617961168
320 -63.33285904 26.64099312
320 -39.36991119 -102.1445389
320 103.9814072 -63.93738174
320 74.93376923 -68.16377258
320 1.444090962 -56.2309227
320 2.776893139 -18.52339172
320 141.9378967 -3.496225119
320 170.8527222 26.5245285
320 55.84287262 4.784676075
320 -108.9302826 5.743095875
320 -66.33838654 23.9762249
320 -37.9200325 66.54912567
320 2.678369522 -165.6186676
320 145.4389801 -67.34664154
320 91.77623749 -79.48413086
320 -22.88690376 -37.8062706
320 -28.78949356 -21.56224632
320 161.5982056 -30.00522995
320 203.2251892 10.55008411
320 117.4620056 -2.45962739
320 -155.8828735 -0.4568064213
320 -85.86486816 -11.52757359
320 -70.88544464 1.529611111
320 -64.53536987 53.88658905
320 -55.24155426 26.0491581
320 11.43092823 94.6791153
320 1.149646163 -245.3680878
320 -29.51294327 -19.65298653
320 -72.69767761 -11.33904171
320 -47.66220093 51.65485001
320 -81.6223526 -9.5991745
320 -68.09262085 68.10051727
320 -54.56819153 39.58897781
320 -74.87718201 21.63411713
320 -101.2120056 31.77437019
320 -4.421492577 105.3196487
320 55.03741837 90.68591309
320 79.34976196 111.3921509
320 -71.70548248 -269.5189209
320 45.60123062 -281.7002563
320 -57.88877106 -32.84007645
320 -79.77990723 -6.759176731
320 -93.56995392 -31.28439713
320 0.8701876998 141.5516052
320 -125.2438354 28.62222481
320 79.2850647 106.4431839
320 136.9220581 134.1847687
320 119.2240143 118.5799255
320 -74.39362335 -277.9375305
320 61.6785965 -312.5818787
320 26.09503555 -346.6380615
320 -63.56703568 -20.71630287
320 -126.1310577 -22.66973114
320 -46.961483 -6.14609766
320 -98.64321899 -50.75070572
320 -142.1295624 -45.34903336
320 28.98795128 168.6230927
320 65.53948975 193.7718048
320 -20.34597778 153.5321198
320 -61.52110291 128.4810333
320 84.70186615 180.3716431
320 159.3969879 109.5694733
320 -64.69684601 -260.1680603
320 -74.63005829 -273.3330078
320 -98.82014465 -37.03577805
320 -52.0120697 -40.74154663
320 -101.2217255 -61.22354889
320 36.64140701 163.8720093
320 19.77714348 186.1316986
320 65.89997864 207.276413
320 -10.50394821 167.6867371
320 226.3379822 112.0713501
320 -64.94613647 -261.4229126
320 -92.57745361 -280.1925049
320 -18.23698807 -56.89284515
320 26.14673233 181.152771
320 104.6954575 180.9125519
320 -24.3842411 175.6247864
320 5.030891418 241.6277618
320 71.22520447 191.8334045
321 -49.47195816 54.67408371
321 -35.58050156 51.13879776
321 -35.47707367 43.89413452
321 -111.2921982 67.05247498
321 -23.32038498 49.99255371
321 -17.64239693 8.81240654
321 0.5070399642 34.54994202
321 17.52135658 14.59952641
321 14.78914738 33.42388535
321 6.847421169 40.51503754
321 22.35798073 11.22107792
321 49.82946777 -19.54117584
321 22.07020187 39.67337799
321 -22.71586037 -20.70942497
321 73.33738708 70.86022949
321 60.90130997 5.696203232
321 34.92895126 3.221764803
321 20.38934898 16.41156197
321 -21.41998291 -22.03722191
321 -14.58543682 -13.77136803
321 175.3161163 94.01383972
321 48.2185936 -15.28888416
321 100.5020828 49.13879013
321 24.03627777 7.660395622
321 41.751091 -6.314660549
321 22.74720192 12.47114468
321 -34.19730377 -40.6603775
321 13.28154755 4.808431625
321 11.33122158 18.09004211
321 -71.02983093 -5.914831161
321 8.331510544 3.940127611
321 18.77479553 -48.10698318
321 -100.3910904 -40.20487595
321 24.46048737 -4.638139248
321 17.02829742 -5.172916412
321 20.70754433 -2.456675053
321 -16.56857109 40.26052094
321 -1.666955471 -12.31405926
321 18.82518005 -42.91196442
321 -172.4087677 -27.30932617
321 90.21290588 -35.22702408
321 5.224612713 -74.5994339
321 31.84449768 -63.30858994
321 -160.2899933 -46.89686584
321 89.83642578 29.37511444
321 65.24062347 -8.983697891
321 61.29924774 2.685976028
321 20.76522255 -19.33823776
321 50.5723877 12.64523983
321 -23.77242088 -20.67093658
321 35.37114716 -19.1642189
321 44.17019653 -58.31039429
321 31.23469543 -14.94754505
321 62.18629456 -44.11350632
321 -191.7615051 -22.2579155
321 -193.1224518 -43.34099197
321 -193.9608917 -12.72214031
321 -213.644043 -44.59495544
321 165.7396698 58.77310181
321 174.8403931 32.24552155
321 92.60017395 8.276252747
321 127.5798035 30.83851814
321 79.05097961 31.72190857
321 69.14157104 19.94659042
321 70.70155334 -22.36591339
321 -222.5813293 -56.32503891
321 -225.0534058 -49.19383621
321 -257.9491882 -78.72929382
321 173.4998474 59.81529617
322 -106.249176 -21.23593903
322 -53.70920944 -3.264676809
322 -128.5393372 -38.55884933
322 -122.1750336 -43.29130554
322 -114.244278 -31.71670341
322 -130.6864166 -34.07922363
322 40.2504921 20.1643734
322 -23.39250565 -2.076970577
322 -88.4661026 -37.15597534
322 -103.7491913 -58.46715927
322 -80.89485931 -36.44176865
322 -94.04463196 -25.87412834
322 46.93025589 2.016881704
322 -52.43648148 -26.53925896
322 -59.72857285 -23.35057831
322 -93.03725433 -30.13851166
322 125.8499985 27.70581436
322 -100.5780106 -45.49884796
322 10.61432648 -3.65114212
322 -62.81145859 -32.927948
322 -105.1533356 -46.4875679
322 130.2266083 64.43557739
322 302.1148987 107.2106247
322 -181.7990265 -104.8203583
322 98.00435638 -3.558528185
322 -12.92848873 -48.23228836
322 -13.70705318 -16.87096214
322 88.59525299 77.92791748
322 178.7765503 73.61230469
322 331.7633057 125.3063049
322 378.7976685 146.5720367
322 287.2909546 74.10380554
322 -216.385498 -131.7178802
322 -236.5887756 -122.3610077
322 126.362854 -17.21003723
322 16.14815521 -46.65904236
322 -114.2585831 -22.72921944
322 23.71040916 -0.6644771695
322 59.47579575 81.31452942
322 214.2979584 66.36862183
322 275.0005798 123.059166
322 311.099762 117.9223633
322 283.8090515 77.65179443
322 -257.2745667 -148.6064606
322 -276.9621277 -130.5355225
322 -151.5222015 -40.26599884
322 -145.3184814 -40.25094223
322 -139.531662 -17.00788879
322 97.02868652 33.33291626
322 149.1260681 45.38151169
322 415.3031006 239.2397156
322 258.3614807 129.6446533
322 319.4065857 79.49710846
322 -290.215332 -164.8293762
322 -284.7004395 -143.0531006
322 -280.1311951 -87.97588348
322 -133.9363251 -45.29124069
322 -191.0461426 -66.54730988
322 516.65625 313.8905945
322 -336.6498718 -147.9032898
322 -460.5487366 -234.3486176
322 -324.3858948 -173.322876
322 -308.3547058 -91.55804443
322 -144.6182251 -40.4947052
322 -100.3852386 -66.39446259
322 566.5765381 354.36203
322 469.5664978 313.2453613
323 -116.9876404 -72.99277496
323 -89.387146 -61.27188873
323 -28.80542374 -8.882818222
323 -20.20298958 25.76018143
323 3.212988138 83.63664246
323 -39.26613998 26.76668739
323 -38.39803314 38.12531281
323 17.35176468 77.5959549
323 43.62214661 118.3214798
323 -36.76197433 97.6735611
323 -74.4426651 42.28087616
323 22.52333641 28.80605507
323 42.96643066 157.37323
323 2.908359528 73.72787476
323 -227.3987885 -4.731476784
323 14.11439705 17.45916557
323 72.32671356 204.8948212
323 92.28960419 156.4620361
323 38.11386871 74.28547668
323 -284.8766174 -19.16399956
323 24.1999588 5.262227535
323 116.7141418 224.0283508
323 74.43889618 248.4994812
323 63.9889183 73.68238831
323 -323.4958801 -47.69893265
323 26.72659683 -20.73343658
323 107.5415421 242.2671661
323 101.5067596 270.1338501
323 106.2513351 86.08079529
323 60.98964691 56.90226746
323 -313.7987671 -67.10154724
323 127.8007584 86.23479462
323 100.5202637 46.75428391
323 -269.327179 -66.27632141
323 192.3148804 78.39870453
323 93.24816895 48.76792908
323 106.5859375 23.54260445
323 -258.2799072 -73.02064514
323 176.3306274 51.08000565
323 102.5680695 59.6039772
323 127.8199921 30.57401085
323 109.0892334 3.936449528
323 -205.5125122 -77.62447357
323 118.9136124 57.75609589
323 206.4599457 11.36226559
323 113.9859924 60.42512512
323 156.8418884 39.46055603
323 119.9941711 -30.08688927
323 -185.3076935 -69.50934601
323 -163.4383087 -70.81517792
323 112.2998581 56.19547653
323 145.4404755 53.17301941
323 234.9125824 -2.365829706
323 227.1224976 16.57722282
323 217.4827728 -0.6741778851
323 142.4814758 62.14776993
323 170.8018036 47.45909882
323 127.9062729 -65.10926819
323 -123.6530914 -64.80753326
323 97.57640076 -126.0592575
323 -104.6087265 -61.50735855
323 -114.3160553 -66.46350098
323 221.1351624 -113.3646011
323 34.6967659 -195.753479
323 -142.5123138 -83.46856689
323 -71.29117584 -44.84095764
323 -129.4085999 -135.0763092
323 -115.3293076 -46.32948685
323 -25.37145233 -235.365387
323 -169.8437805 -100.9884033
323 -110.1843109 -70.74469757
323 -96.93796539 -196.497879
323 -85.42461395 -25.05542374
323 -24.15834808 -254.7781982
323 -40.45281601 -266.522644
323 -188.8414001 -64.31764221
323 -188.841568 -126.9970474
323 -209.2534943 -226.4781036
324 -5.251266003 15.81166363
324 -31.61831665 -10.00510311
324 -79.15284729 5.996471405
324 -10.89470673 -35.97936249
324 -7.906732559 -32.4548378
324 -78.58255005 23.03014946
324 -0.1866431087 -2.602337122
324 -114.1015015 -22.03358078
324 25.58211136 -29.15351868
324 -57.24523544 67.88330078
324 20.19896317 -38.60900879
324 70.24459076 17.27606964
324 -154.869751 -20.50751495
324 91.04764557 -8.706982613
324 -81.0435791 126.6173553
324 28.52688408 -54.07639694
324 -178.2702942 -37.86218643
324 55.50132751 168.0979614
324 -34.98612213 178.2162933
324 -209.5792542 -41.05282593
324 107.8634644 161.8257294
324 -58.6011467 209.6642456
324 -34.67631912 180.9323425
324 -240.5664673 -52.64369965
324 111.8371277 165.364212
324 -20.77516937 244.6465607
324 -55.57560349 235.1873169
324 -19.13183403 171.1800995
324 -280.8548584 -57.77570343
324 0.1788969636 138.8762665
324 56.89234161 158.2301483
324 -30.89272118 102.2266235
324 81.62224579 159.5171509
324 -106.3686295 55.86983109
324 -166.6340027 106.8449707
324 114.116806 175.4438019
324 -151.2580566 -96.85844421
324 -80.40370941 95.57954407
324 -66.28569031 156.4277496
324 -242.7480927 86.26055908
324 102.1692352 136.4832001
324 192.9390717 223.8811798
324 -82.66925049 -91.27288818
324 -181.968689 -122.4663162
324 44.966465 84.14068604
324 277.5559692 238.8305206
324 -56.12636185 -105.2890167
324 -29.08241081 -104.4685287
324 -217.743988 -177.6071167
324 46.63756561 -27.84845734
324 360.1100464 253.1490784
324 -37.84737778 -136.3900604
324 -86.46780396 -148.0519562
324 -8.566945076 -110.5301514
324 -243.3145752 -249.1550751
324 -227.5909882 -166.8446503
324 442.5148926 246.1070557
324 -30.6731205 -201.0086823
324 -12.76670361 -178.9693909
324 -293.2073364 -263.9568176
324 449.661499 223.2262115
324 -15.57349586 -228.5377655
324 -37.23612213 -191.4669037
324 -72.59390259 -218.5530701
324 2.668801546 -184.5614624
324 -17.53084183 -217.4051666
324 459.8445435 196.5323639
324 23.92288971 -249.2485809
324 -9.947648048 -245.8456421
324 -36.44570541 -166.7779846
324 -111.119606 -256.6762085
324 13.20848274 -157.3287506
324 456.5805969 199.9907074
324 471.499176 148.4671478
324 -86.88921356 -272.9844055
324 455.4601135 164.780365
324 -69.52816772 -309.0283508
325 57.9176445 -44.03915787
325 121.2638168 -39.58300018
325 14.55502605 -11.34172249
325 103.5939636 -27.85381699
325 146.7176819 -43.97921753
325 13.64120293 -15.59706974
325 96.44980621 3.598877668
325 -75.13494873 -19.53956413
325 -33.35653687 -3.906265259
325 -101.9683151 -36.53996658
325 -28.48161316 -17.02674675
325 21.10549164 37.3915863
325 -91.19519806 -65.38015747
325 -110.1834869 5.637766838
325 58.24459839 12.16660309
325 22.22744942 35.13500977
325 -159.1687622 22.48271179
325 62.91992188 -13.33085155
325 69.18946075 -1.823188901
325 2.067731142 30.0941391
325 10.48400021 36.36892319
325 -170.993988 21.6901207
325 86.34960938 -31.7970047
325 84.89398956 -12.59169388
325 -19.69144821 23.70064545
325 6.307335854 50.20077515
325 -13.35079098 44.90193176
325 -165.7516937 62.72896194
325 -185.9604492 16.20853806
325 106.4028778 -38.3923111
325 111.0008087 -15.29218292
325 -40.09522247 35.70728683
326 70.36214447 7.030749321
326 67.35592651 30.79607964
326 42.17555618 79.59120178
326 74.39797211 21.1326561
326 13.29107189 80.13723755
326 -35.09616852 169.5042877
326 110.5304108 120.1033859
326 40.49933624 1.998214245
326 43.8058548 47.53956985
326 58.01886368 79.09173584
326 -44.3273735 183.1510468
326 -7.53321743 -12.9838047
326 34.14273071 43.24752426
326 75.02413177 30.66026306
326 101.6056976 106.2212677
326 46.66631699 88.86571503
326 -50.86191559 -15.56468773
326 49.15940857 61.01729965
326 35.1108284 41.38951874
326 116.0128479 -1.032032371
326 34.44092941 74.3320694
326 60.88352585 110.8688202
326 21.24015427 61.60641479
326 -80.09375 -15.73408413
326 39.46841812 42.70497131
326 20.37572861 36.05482864
326 158.4849701 -29.64364243
326 10.95413685 64.15390778
326 14.58529568 56.7220459
326 -79.26981354 -60.6301384
326 -134.7472839 -8.473468781
326 57.39549637 46.48695755
326 37.34200668 31.89881134
326 -16.49894714 38.13165665
326 128.6500092 -44.81252289
326 34.47571564 73.73322296
326 56.64187241 25.34578896
326 -56.60392761 -92.29985809
326 -107.7299118 2.535083055
326 132.7623596 -68.72969055
326 55.00388336 -8.577383995
326 -30.04006958 -172.669693
326 -216.1903381 -46.84802628
326 145.6859741 -81.89376068
326 88.15856171 -14.55600071
326 63.93280411 -14.43200779
326 -283.6184692 -70.59563446
326 -305.2156372 -67.66864777
326 147.6905975 -125.6875916
326 54.13306427 -27.32626915
326 131.1342621 -0.956748724
326 64.81956482 -26.13381767
326 123.1816177 -3.133108616
326 46.0878067 -15.29855347
326 -295.4989929 -80.03095245
326 -367.1962585 -95.76605988
326 -301.3674927 -54.7830162
326 30.94083405 -29.71009064
326 195.6475677 3.61056447
326 137.011795 -49.50536346
326 163.7728729 -34.7066803
326 144.5406036 12.609478
326 73.23400879 -14.16023827
326 41.14474487 -22.7670536
326 -316.1208496 -73.37487793
326 -296.6031189 -81.32416534
326 -449.2029724 -125.8937225
326 -289.755127 -24.10732841
326 -24.22166252 -22.63256645
326 165.3120117 -74.62363434
326 130.5009155 -63.20524216
327 -80.64235687 10.50610733
327 -130.2061768 -54.94354248
327 -37.07518387 41.06824875
327 -86.22561646 -45.20930862
327 -149.2161102 -80.48982239
327 -117.7379608 -63.06583023
327 -32.19854355 37.19727325
327 -24.35427666 74.47927856
327 -126.224884 -128.1333466
327 -84.92056274 -4.075232506
327 -118.5618591 -52.56465912
327 -79.79354858 -16.24416924
327 -165.0961761 -39.54876328
327 45.71149826 85.13234711
327 -44.64471436 42.32675552
327 3.673918247 97.62011719
327 4.761821747 82.82398987
327 -86.33670044 52.67626953
327 -43.95606995 85.25823975
327 -170.3779907 -179.9275513
327 -132.0123596 -149.5103912
327 -109.962471 40.7001152
327 -101.9250565 -72.99160767
327 34.92424393 102.9631042
327 61.05659866 89.34156036
327 68.82246399 64.23265839
327 -72.902565 29.22510719
327 -37.8848877 50.10658264
327 -83.6758728 122.6301346
327 -46.19170761 90.93263245
327 70.0641861 70.49700165
327 -22.68597794 94.54985809
327 -107.34021 55.46308517
327 -31.20990753 90.34457397
327 -216.9825439 -178.2557526
327 -205.0623474 -191.9643707
327 -113.2236557 50.1697731
327 -53.67313766 -70.9174881
327 -3.876298189 94.65947723
327 101.250412 111.1569824
327 115.7670822 4.700763702
327 -60.69725037 26.85269356
327 102.8271561 81.09660339
327 12.95822334 94.08720398
327 -29.74246407 127.3437958
327 -233.4019623 -164.6999512
327 -247.8178711 -205.5764923
327 -206.9393616 -210.8108215
327 -255.061615 -181.9161224
327 -119.9400711 64.93838501
327 -43.47085571 -88.42277527
327 103.2219162 111.0431824
327 170.4043274 123.668869
327 129.1618042 -13.26889706
327 144.7537231 -8.358922005
327 72.44464874 73.24700928
327 -48.16693115 142.2786255
327 173.3021851 -10.2536602
327 104.4405899 41.75227737
327 -58.49729538 181.2130432
327 155.2171173 -17.17660713
327 106.7147446 2.722630978
327 106.0833359 -46.59902954
327 109.0411911 -17.72972298
327 100.7867661 -82.395401
327 145.8057251 33.65209961
327 126.7427139 -10.69596672
327 134.5602722 -63.69945526
327 156.0845032 63.78261948
327 142.742157 -3.869935751
327 88.19488525 -95.4426651
327 149.7552185 -47.16305161
327 79.38204956 -115.6563721
327 146.8193817 46.42877197
327 118.6548309 74.7699585
327 181.289856 9.146626472
327 160.7236633 -47.5937233
327 187.7893372 -36.00140762
327 87.97801971 -138.1903229
327 78.23007202 -152.0353851
327 137.7708588 16.61184692
328 335.9933472 196.4634857
328 325.53125 190.2472992
328 272.1654968 163.2240295
328 355.6146851 218.5578308
328 375.908783 204.4827271
328 178.2628021 121.1261902
328 332.6425781 231.4013062
328 165.3077087 107.5673294
328 178.7565002 111.6297302
328 49.8355751 71.1392746
328 192.8716278 120.9202881
328 178.7388153 97.61346436
328 -12.23465252 32.8969841
328 239.6742859 141.6444092
328 177.6102753 82.45474243
328 -70.12374878 -25.82196045
328 230.6496735 131.6064758
328 280.5800476 155.859375
328 157.635788 39.77937698
328 228.2565918 108.6106873
328 193.9793701 65.94111633
328 20.01507378 -42.02064896
328 -209.9129028 -21.95883179
328 176.6906128 79.20014191
328 258.9031677 154.4647369
328 272.0697021 172.6533661
328 171.703949 39.24045944
328 112.9389267 15.87408543
328 242.1697388 113.6658401
328 320.1045532 156.6838379
328 -107.7165222 -141.6444855
328 24.79903221 -93.28730011
328 -309.4894409 -82.7276001
328 -175.9149017 16.11011124
328 154.3441315 72.66239929
328 303.9237671 174.7789612
328 171.3538818 34.31158829
328 175.522522 55.77399826
328 153.6146088 54.35335159
328 339.0176697 180.9086761
328 -174.7381744 -209.9641266
328 145.0139313 -152.141449
328 -360.7895508 -96.38919067
328 -406.9874573 -119.5163193
328 -129.8137054 47.57607269
328 -155.7768402 43.78990173
328 -187.8460388 25.29187202
328 109.0741653 69.28213501
328 315.0202332 189.2888794
328 407.9330139 226.7722473
328 -208.3535919 -200.0628052
328 -207.6774902 -250.9622498
328 196.9667053 -146.4597778
328 -397.4082947 -103.9458008
328 -437.4325867 -150.5026245
328 -411.9796143 -121.4132385
328 93.73210144 49.79507065
328 348.595459 190.8155823
328 417.9649963 238.4423828
328 -230.3336945 -200.7695007
328 -216.4672241 -200.4057007
328 -205.8699951 -210.4439392
328 -234.5476837 -266.9477234
328 -240.4760895 -281.3017273
328 239.3107452 -167.7730255
328 -379.8450012 -98.19019318
328 -430.6453552 -99.56351471
328 -503.4033508 -156.8330383
328 -462.618927 -149.1352997
328 -402.5628052 -133.8800659
328 429.4698181 241.0106812
328 -239.3160858 -202.132431
328 -213.0836792 -201.4867554
328 -243.5619354 -307.6908569
328 -481.3319092 -86.64009857
328 -529.9320679 -190.2285461
328 -565.2105103 -148.8590698
328 -506.8657227 -174.8128204
329 -16.92717361 -3.382864237
329 -3.485788345 21.71004105
329 4.206363678 -18.69102859
329 1.673626304 28.0798893
329 24.66900444 35.16981888
329 3.635646105 -37.83449554
329 8.912162781 -6.228156567
329 -24.01476288 -15.63257408
329 27.83802605 22.16228485
329 -26.50709915 -25.35292053
330 -286.6271362 -64.977211
330 -294.7765808 -64.22065735
330 -244.7929077 -46.73937988
330 -362.914917 -89.07002258
330 -234.0800629 -33.57555389
330 -270.3595886 -23.76158905
330 -285.8334961 -18.03019524
330 -169.273941 -21.6350956
330 -341.0589294 -1.120423079
330 -299.2774963 -2.723883152
330 -21.26660347 3.939273357
330 -154.3317566 10.25752068
330 -401.8117676 -3.470251322
330 -253.1671753 6.809419632
330 -328.4879456 38.58924484
330 77.98362732 42.36445999
330 -198.2205811 -27.03141212
330 -93.60606384 3.245963573
330 87.12431335 35.31729889
330 95.21219635 59.89982986
330 -174.3395233 -38.6677475
330 -279.0826721 6.438495636
330 -45.78852463 3.880861759
330 129.0196381 26.8267746
330 -150.934845 -60.45253754
330 -27.52274895 -3.799010038
330 181.7432098 31.41676521
330 141.5082092 4.613293648
330 96.57248688 48.17974472
330 -145.9794312 -70.14792633
330 -8.544607162 13.48880959
330 26.27052879 -35.57739258
330 233.6966858 43.01951218
330 156.4196167 -3.115278721
330 113.7686081 -22.57262421
330 142.8599091 12.98121357
330 78.68161011 48.39222717
330 38.77370071 45.87306595
330 -33.46723938 3.010509253
330 -25.31788254 6.526604176
330 45.49881363 -70.10074615
330 73.1023407 -18.89487076
330 158.3812256 -8.937514305
330 98.23244476 -46.58700562
330 161.0781708 -0.3070352077
330 66.78414154 66.88013458
330 16.64768028 -101.4088821
330 26.70826721 -88.99420929
330 80.26332092 -46.80442429
330 127.0526657 2.445807219
330 153.5110321 -15.57789421
330 190.9597931 -5.212200165
330 111.8393021 -14.02370739
330 158.5966492 116.5950928
330 62.05053711 76.87787628
330 -22.43016624 -102.0666809
330 117.1066055 -35.96509933
330 153.5604553 1.706890225
330 104.0632858 -45.0214386
330 124.3190155 -13.00320625
330 166.5105896 96.28972626
330 155.9217529 117.6189575
330 170.5344543 113.1650238
330 164.4338226 122.9443436
330 130.2024384 -21.49957085
330 73.51514435 -132.105545
330 169.1782074 -3.020100117
330 152.5533295 -26.31557083
330 186.8168945 123.5979767
330 154.2378845 93.34155273
331 148.0331573 -22.80615044
331 95.9342804 19.71016693
331 37.53669739 6.88548708
331 21.8756237 -21.69072914
331 36.21957779 57.77457047
331 20.22319603 -4.646996021
331 -44.30265427 -65.48558044
331 35.53067017 -37.65316391
331 -16.74529648 -33.84565735
331 35.62530518 -46.24791718
331 -52.53761673 -75.12264252
331 13.3024416 -51.16301727
331 6.336023331 -81.69342041
331 -78.26225281 -89.57126617
331 24.84672546 -57.43293381
331 16.31577682 -73.16477966
331 -59.64674759 -117.3913651
331 44.86480713 -48.24586105
331 -55.74678421 -71.55796814
331 -76.48371124 -145.496994
331 -59.42228317 -124.8084717
331 45.8919754 -42.27774429
331 41.53738022 -52.55529404
331 -87.06625366 -67.5981369
331 -61.33195877 -81.4755249
331 30.55927467 -16.45905304
331 34.09721756 -41.08975983
331 19.57446671 -23.95868492
331 -61.99465179 -47.36569595
331 -103.9376526 -76.23551178
331 -109.6814499 -70.70007324
331 18.89351845 -22.24484825
331 43.1206665 9.108843803
331 -12.59805393 -25.91529655
331 149.2737122 35.34721756
331 -6.457221031 -4.813842773
331 -20.78791809 -34.04194641
331 -129.631073 -48.43600464
331 30.60287666 -6.904818058
331 59.25763321 23.89061546
331 -2.598187208 -6.307093143
331 222.0668945 80.1075058
331 -106.8516922 -22.92182922
331 34.04753876 35.59054184
331 81.97942352 -4.929587841
331 -154.7026825 -95.80974579
331 -108.0634613 -11.43432808
331 88.82197571 36.62962723
331 14.53121853 34.5175705
331 -89.44519806 11.98804188
331 17.55087471 -34.68014908
331 424.0517883 270.2051392
331 253.158783 118.1595459
331 192.3075104 52.54411316
331 -173.430191 -101.1097565
331 -80.5228653 39.74188614
331 -26.60082245 22.38883209
331 50.30866241 11.00212288
331 -3.641894341 31.68257523
331 -108.8503113 19.67617798
331 -48.80833435 -69.96497345
331 6.791208267 -74.0666275
331 45.78835678 -6.374324322
331 442.1531372 276.8579712
331 548.1342163 325.216217
331 341.4075623 146.803894
331 57.9649353 12.05674934
331 144.1418152 78.4991684
331 -32.50119781 35.68753815
331 -149.8764496 14.05733109
331 -59.82265854 42.64080048
331 -181.0951843 26.8499279
331 -175.7296448 26.9520607
331 -142.8040619 11.45179272
331 -93.53282166 38.28831482
331 -164.4437866 27.03130341
331 -186.4276276 34.70133972
331 -186.5845032 28.28517342
331 -134.8004608 39.72908783
331 -109.6466064 48.03537369
331 -172.3438568 32.59589005
331 -89.21544647 60.68272781
331 -155.6857147 34.32192612
332 0.8733904362 33.46875763
332 -22.28916168 45.25385666
332 21.05947304 22.32891655
332 7.743436337 37.93275452
332 -47.0485878 5.007421494
332 -55.25617218 65.61386108
332 9.73491478 29.88221169
332 3.531702995 34.28517914
332 -58.35315323 9.573180199
332 -6.972785473 3.025834799
332 -41.85725784 8.876275063
332 -96.62150574 72.3650589
332 50.71656418 52.29871368
332 7.288053513 3.983993292
332 102.1885681 20.88712692
332 28.61865234 57.04843903
332 -52.01904297 22.15412331
332 39.11603165 -13.42762852
332 -36.78430557 -4.487663269
332 -144.2102051 48.52766418
332 -67.48758698 -16.05201721
332 30.32182312 -0.3415049911
332 41.17953873 25.16989326
332 120.3756943 16.03815269
332 100.271347 6.620746136
332 -92.99909973 5.35573101
332 93.70329285 -19.92067146
332 -37.56663895 -6.467653751
332 -166.1486206 39.97686768
332 -66.52945709 -7.349616051
332 -55.73259354 -28.33480835
332 79.7408905 -6.274829388
332 -9.078124046 9.313530922
332 -6.484513283 -40.14840698
332 17.38826942 27.19863319
332 57.07590485 33.26130676
332 43.40826035 13.96910858
332 104.056366 15.60493374
332 -152.1268158 -35.11144257
332 67.42575073 -14.31406879
332 -36.30423355 -9.065860748
332 -22.38121223 -21.56652451
332 -53.33554077 -22.10839272
332 -216.9851685 10.45799065
332 -59.8951683 3.531714916
332 -25.65628624 -21.57256699
332 -19.15627861 -72.47579956
332 21.51101303 -11.29173851
332 130.3434906 4.101670742
332 12.30592442 8.275842667
332 -21.96217728 -11.74879742
332 -39.66399002 -56.89875793
332 149.8730469 28.61310768
332 184.3624115 -2.728444338
332 -21.79127121 -42.77674103
332 -42.71992111 -26.46470642
332 -56.87414932 -0.7506557107
332 44.14505768 -58.27352524
332 -197.6936035 20.51469231
332 -151.8578033 3.148968935
332 -40.77714157 -70.92419434
332 -25.73032761 -90.42034149
332 -19.25266075 -72.89598083
332 138.857193 0.4852305055
332 144.4478455 29.5344944
332 32.23703766 -4.709517002
332 -25.38103676 -20.84326172
332 -53.80492783 -77.0865097
332 -62.14593506 -76.51618195
332 182.7704926 26.32850266
332 166.7571716 34.49212646
332 175.5057373 28.84197235
333 -39.86069489 -75.91973114
333 11.0773325 -30.91377258
333 -76.71434021 -42.16276932
333 -3.132972002 -83.7980957
333 76.99323273 -3.33006835
333 8.567799568 -19.7877121
333 -102.3311539 -67.39517212
333 -55.77558899 -32.99052048
333 132.9093475 18.72520065
333 75.44647217 -20.79918861
333 53.96443939 -8.336899757
333 -16.98515701 36.04335785
333 -45.74514008 -76.46829224
333 -160.5415955 -112.2891541
333 -6.160191059 -12.45798874
333 -62.41148758 -61.44642258
333 107.924263 -38.59675217
333 51.66871262 -11.34700871
333 82.74240112 -5.972556591
333 -20.31338882 63.35430527
333 -2.034969091 -93.25896454
333 -23.67632675 -94.51589203
333 26.24653816 5.057780743
333 -19.447258 3.287288666
333 18.89109612 -27.08870888
333 -108.0846481 -81.10928345
333 36.95730591 -13.699646
333 -22.44682121 68.88074493
333 5.364105225 -97.37151337
333 -21.18800926 -66.81471252
333 -3.68499589 -121.6639938
333 -23.18799019 -0.03720184043
333 8.929916382 10.78766441
333 4.140025139 -106.2374878
333 -177.0696564 -136.0947113
333 17.49124718 -25.31495476
333 -1.806077361 -41.27977371
333 -19.87814903 -47.61445999
333 -21.77177048 -28.59584427
333 -38.74631882 -8.623921394
333 37.79323578 32.46897507
333 10.96194744 -95.27125549
333 -2.710457802 -29.02036476
333 -19.69819832 -26.71421051
333 -6.256592751 29.51904678
333 13.89311886 -5.285011292
333 41.10736084 41.70713806
333 66.62165833 28.90895653
333 -41.00334549 -96.05833435
333 48.91500473 -104.137291
333 -52.11809158 -53.00620651
333 25.77873993 -16.21263885
333 -52.90761185 -58.70753098
333 -11.33090019 42.05446625
333 -6.384534836 -32.51364136
333 61.61949921 55.29344559
333 94.98318481 25.11120987
333 -46.30662918 43.7845726
333 -22.10707855 142.7874908
333 -20.74186325 -47.90235901
333 101.4186096 46.90787506
333 -70.92702484 64.41841888
333 -42.88264465 185.0471649
333 101.9825897 178.8436737
333 -19.46728706 143.100647
333 110.4821854 52.94112396
333 -88.43481445 55.7633667
333 -105.3252945 164.5523834
333 96.51140594 222.8108673
333 107.1992188 187.4434967
333 63.00061798 170.9801788
333 -19.98480415 137.5812225
334 -45.62595749 -2.59251833
334 45.03299713 -82.04118347
334 14.80727291 67.24946594
334 -12.44737816 -57.61928558
334 -1.766937733 75.00350952
335 -61.9768486 -204.0579987
335 -0.9164449573 -164.638382
335 -93.56673431 -216.4675903
335 42.2496376 -157.9104919
335 -115.4463348 -231.451004
335 12.42723846 -185.8066559
335 83.48839569 -178.1113586
335 56.77235794 -70.38711548
335 -145.4119873 -226.3592224
335 3.847712755 -181.9913177
335 94.57817841 -200.6874237
335 112.104744 -46.24349213
335 22.26652908 -38.21010208
335 101.2535782 -237.020874
335 83.71547699 -53.87130356
335 197.2088623 2.222920895
335 -9.706894875 15.66475487
335 -25.22691727 -57.17785263
335 72.4419632 -41.85557938
335 243.5015717 62.60004425
335 199.1072693 -31.05914688
335 34.12374115 -25.74280739
335 -115.5256042 56.09397507
335 -87.25067902 -70.05391693
335 29.10383034 -24.97976112
335 118.6411896 -24.5033474
335 298.7128906 97.35673523
335 51.19537735 -34.15758514
335 81.31210327 -27.96335983
335 -108.1983566 75.42201996
335 -146.286438 51.55893707
335 -94.10705566 -77.1619339
335 -140.9110565 -64.6786499
335 13.47159481 -9.354494095
335 154.1319427 -10.89933109
335 143.5282898 -14.85255337
335 313.8157043 139.7017822
335 65.0655365 -38.92168808
335 58.57830429 -32.11426926
335 -127.9116669 122.2527084
335 -205.5231323 99.78144836
335 -82.0313797 -80.7361908
335 -45.36642075 9.094189644
335 142.3806 0.8275108337
335 179.6092072 2.257788658
335 311.9029541 146.9464874
335 -158.8835144 146.0544586
335 -229.3728333 93.42202759
335 -204.4033203 125.331459
335 238.5676117 27.53085136
335 291.4527588 146.5123901
335 -113.3917313 136.983429
335 -167.8059387 153.9194794
335 -152.9707336 125.5333099
335 -124.1622467 152.8801575
335 -53.61869431 159.7164001
335 -201.361496 164.021286
335 -250.9533386 148.8755341
335 -140.3951263 193.9380951
335 -173.5617371 123.150177
335 -153.7815247 136.0422668
335 -120.5309143 143.7340088
336 106.0154572 10.59241581
336 117.0037155 13.0144434
336 16.1105938 -8.442568779
336 -39.3205986 -8.6300354
336 -25.92892265 -14.45987606
336 -60.2041893 -3.119358778
336 -113.6760025 11.04497623
337 -245.7705688 79.96633911
337 -175.3660278 100.706665
337 -148.587616 98.26332092
337 -57.65662384 87.76399994
337 -122.3418884 76.76177216
337 -123.4721832 107.6561661
337 -37.61265182 89.10488892
337 -44.14953613 75.27968597
337 -104.8472366 100.2512207
337 -53.46751785 83.06142426
337 3.814943314 60.0235939
337 -4.976493359 89.02976227
337 54.54037094 47.05698776
337 16.24874115 21.94018173
337 74.69159698 59.10583115
337 87.90801239 15.20358276
337 -22.72406197 -25.16090775
337 89.28896332 24.62212944
337 121.856575 46.55693054
337 118.8861542 30.16004944
337 6.599838734 15.28873825
337 -51.53474045 -13.43022633
337 17.6185894 -49.96140671
337 157.4850311 37.27910233
337 110.8749695 36.07475281
337 35.73033524 -0.1723219454
337 -87.64457703 -43.40697479
337 0.9835918546 -35.78644943
337 -14.01336288 -9.339696884
337 -5.740389347 -31.84045601
337 38.63815308 -27.94778824
337 31.57510567 -66.27442932
337 202.5100403 65.90960693
337 100.8520203 45.39033127
337 32.73880386 -11.37138653
337 -142.8998413 -58.66981506
337 -2.323001385 -11.13644218
337 -29.07044601 -13.64470291
337 113.9383926 64.09230804
337 114.614296 42.98456573
337 -165.7076874 -88.26104736
337 14.42276859 -33.88426208
337 -4.22008419 -34.20394897
337 136.0232086 80.03209686
337 105.3985748 65.14229584
337 110.4075851 51.99962997
337 123.0880737 44.36720276
337 -195.3602905 -114.3815002
337 -143.336792 -108.8129807
337 11.92904186 -30.75737572
337 6.852333069 -85.44960785
337 84.55224609 18.88208771
337 7.764778614 -9.313138962
337 -19.40417862 -35.1847496
337 -22.23901749 -72.72091675
337 131.8119965 99.55366516
337 99.86666107 46.26617432
337 147.885025 52.64179611
337 163.7865906 44.43485641
337 -212.7937164 -122.7206421
337 -141.3356018 -122.9372482
337 -76.10650635 -114.411171
337 -53.89959335 -89.42165375
337 196.3173676 13.56635094
337 -48.82638931 -35.31892395
337 -205.0351257 -137.5065002
337 -124.3642426 -122.2177658
337 -70.8883667 -65.19412994
337 -53.21243668 -67.87529755
337 251.7575531 30.16871452
337 -96.07280731 -96.95710754
337 -109.2350693 -64.58706665
337 -48.84830856 -76.76254272
337 267.9181519 36.34170532
337 -126.0918198 -55.90782928
338 -97.45896912 21.65576363
338 -119.9237442 24.47138023
338 -81.44747162 18.54761314
338 -19.93260002 -38.05434418
338 -7.362971306 -14.50792789
338 -41.86564636 -105.1973343
338 12.65145302 -4.897491932
338 -30.30339813 -83.90704346
338 -79.14083099 -133.410141
338 22.1912632 21.68778419
338 -9.72471714 -50.97654724
338 -113.0074081 -154.335968
338 -20.42627335 75.89212799
338 56.52788925 -7.164741039
338 28.57912445 -53.96432877
338 38.14703369 -24.33156204
338 -21.1007309 -71.58610535
338 -134.019043 -183.645752
338 -82.25291443 102.7209244
338 96.59332275 -22.83832359
338 -60.89516449 -41.26605606
338 -192.9866943 -184.7115631
338 -108.7439346 95.16728973
338 134.9907684 -82.10646057
338 173.3600769 20.90578079
338 -82.08325958 37.76763916
338 -214.922821 -235.9551239
338 -282.838623 -174.90979
338 -195.9758911 -154.1074829
338 -176.4541321 86.07322693
338 96.92420959 -98.41120148
338 285.1257629 -98.51441193
338 306.644165 82.64237976
338 -36.52651596 50.49005127
338 -149.3496399 32.29818344
338 -218.0567627 -258.165802
338 -204.1404724 -128.5402985
338 477.4602051 -160.283432
338 290.3192749 69.01417542
338 321.4406128 70.42264557
338 -1.242287397 68.96681213
338 -67.43161011 99.46498108
338 -64.44345093 32.64291
338 -161.1038971 52.23965836
338 -217.1503448 42.63353348
338 -133.3309479 56.7709465
338 -104.594986 58.86426926
338 -170.7190552 -116.462326
338 527.4245605 -151.6183319
338 298.7340393 95.93795013
338 362.9481506 91.83589935
338 27.78502274 89.22344208
338 -17.63372421 102.0555191
338 -58.69962692 89.88826752
338 -69.50569153 99.25653839
338 -31.41529846 71.7436676
338 -125.9338608 -54.07685471
338 -197.5883636 51.07875824
338 -10.66137218 142.998703
338 -113.928688 46.57848358
338 -79.87940216 57.91385651
338 -66.99891663 92.38835144
338 631.6870728 -83.04680634
338 303.2655945 108.05896
338 -62.79240417 47.80134964
338 -18.4820137 127.1567764
338 -80.44153595 104.7627258
338 -84.88493347 111.5346756
338 299.3502502 109.3742294
338 -72.34724426 110.0654678
339 186.6101837 32.01985168
339 301.4475098 82.39218903
339 204.5995941 55.25990677
339 329.6375427 126.7674255
339 342.7836914 146.5153809
339 233.2167969 95.36414337
339 77.03517914 -0.551595211
339 392.8591919 172.3696899
339 273.6306458 114.1707916
339 246.0128937 92.83874512
339 191.246933 82.10417175
339 122.7703476 -1.943302274
339 157.3167114 28.23173904
339 40.52012634 -3.48989749
339 372.2835083 148.7073059
339 210.322876 81.56018066
339 199.2078705 48.48563766
339 225.7295685 103.8363571
339 119.9149475 -7.116094112
339 300.9260559 58.60607529
339 209.9728546 28.24759865
339 1.894286036 -29.38983536
339 -17.67858124 -2.223704576
339 264.6107178 139.5079956
339 101.6569214 -50.07658386
339 343.5733032 68.87918091
339 255.1117859 15.79394341
339 -8.012864113 -48.24142838
339 10.40484238 -53.26882553
339 -18.31496239 -18.86919594
339 -32.80093765 5.54226923
339 38.02389145 -74.89167786
339 7.716477394 -85.41661835
339 -11.44198132 -10.01866245
339 -81.35293579 4.923347473
339 20.3215313 -95.98867035
339 8.605866432 -97.03322601
339 16.96046257 -52.14317703
339 2.332095623 -102.1814728
339 -75.61685944 -11.56088257
339 -88.80574036 -6.88049078
339 -149.0372925 13.20397472
339 -9.542079926 -117.6876221
339 -11.37713432 -45.95512009
339 -63.77044678 1.096120477
339 -54.97252655 -144.896225
339 -24.68238068 -144.8786011
339 -22.65247536 -35.98741531
339 -43.01456833 20.66879272
339 -48.85509872 -172.1382599
339 -50.81487274 -24.39347267
339 -46.09005356 14.10909176
339 -96.00859833 8.980463982
339 -19.41312981 23.88541985
339 -170.8728333 -18.5246315
339 -166.5814514 -30.65182114
339 -228.8779297 -29.70634651
339 -247.4271698 -31.28001404
339 -255.3265839 -25.405756
339 -316.321106 -40.5309639
339 -310.8264771 -24.63771057
339 -352.7449646 -20.38190079
339 -341.6604614 -19.33006096
339 -370.6391907 -23.75518799
339 -327.7611389 -7.47192955
339 -341.2168274 -20.2894268
339 -385.5190735 -24.77620316
339 -343.3053894 -8.162643433
339 -367.8121643 -28.19146729
339 -308.1089783 -23.74987221
340 -354.7379761 -247.788269
340 -316.6650696 -234.3278656
340 -340.1459656 -201.1752167
340 -255.2612152 -178.6567841
340 -282.3451538 -151.9893036
340 -361.7414246 -227.9360199
340 -240.2288055 -113.787468
340 -387.1773682 -242.4490051
340 -220.716095 -84.97480011
340 -185.0053558 -44.79250336
340 -157.2785187 -17.51878357
340 -143.6517029 -24.60671425
340 -98.84295654 23.44600105
340 -100.125267 -23.95052528
340 -14.38862228 11.24312878
340 -107.875 75.19380188
340 -99.34589386 -42.29293442
340 41.21936798 -0.05919119343
340 -112.8167648 80.87733459
340 -102.2582321 86.31404877
340 -154.5176392 -59.2792778
340 -56.08396149 -27.14057732
340 56.31727219 -4.038034439
340 105.5806351 15.26820374
340 148.0444183 39.06582642
340 133.669754 19.25413895
340 127.5893936 -4.884540558
340 134.4324036 94.16292572
340 165.27388 44.62979889
340 166.6166382 32.93915558
340 172.256012 -4.213302612
340 201.3524628 21.31072426
340 166.5176239 121.1345673
340 145.5248871 123.7622299
340 107.3399887 51.97386551
340 259.3020325 99.33263397
340 126.0765457 36.03544998
340 238.8019714 8.643937111
340 149.7723541 126.0074539
340 175.9649506 159.151062
340 201.5503235 158.8386993
340 322.8919067 57.97262573
340 242.9461823 -34.59864807
340 207.1111908 152.2851562
340 104.1744461 168.024231
340 190.8826141 163.5926514
341 114.5786819 -38.38617706
341 194.3906403 -2.796349287
341 132.9830627 -58.27567291
341 32.51071548 -90.88877106
341 177.4554749 -4.606967926
341 283.8900146 19.66751862
341 145.7959442 -101.5318375
341 8.528547287 -95.02615356
341 15.91096783 -96.31344604
341 -28.77643967 -102.3747787
341 206.0611725 29.68547249
341 183.7118378 -4.728099346
341 166.3434143 13.35495281
341 280.2718506 42.74291992
341 295.4477844 57.40563583
341 -98.42155457 -161.3802185
341 -65.56054688 -91.7013855
341 -181.2124481 -143.7845306
341 76.62662506 87.62200928
341 225.3116608 -10.6562748
341 302.3486633 88.84030151
341 279.9847107 82.96176147
341 -97.31225586 -154.4603882
341 -155.614563 -82.70756531
341 -276.5838318 -193.3339691
341 81.76937103 100.3246841
341 -33.64640427 92.41903687
341 94.82886505 137.1932526
341 301.993866 85.83503723
341 203.1928406 120.9547577
341 289.0565186 97.54115295
341 266.717041 98.34004211
341 -134.3532867 -164.5310059
341 -131.687439 -77.70664978
341 -195.5974579 -76.74610901
341 -287.1435547 -231.8626099
341 -269.7601318 -155.6583557
341 -215.1353912 -134.4803314
341 104.4118423 102.9697647
341 -54.82492065 92.13375854
341 -148.6995087 67.74198151
341 18.38970947 147.9137878
341 269.7788391 71.32753754
341 114.9704437 117.7644806
341 -122.877739 -195.8125153
341 -153.0398407 -138.1995697
341 -128.6672516 -55.31279755
341 -88.21723175 -77.95779419
341 -240.4259796 -55.90339279
341 -325.3522644 -239.5722504
341 -295.2301941 -177.6797638
341 -196.3374176 -105.3221207
341 -198.0375977 -96.27684021
341 -212.4677582 -133.3218689
341 111.554985 129.9219666
341 -51.30031204 37.47802353
341 -72.62902832 23.09189606
341 47.53630829 146.2327118
341 67.54380798 161.2980804
341 -244.0597229 -166.553009
341 -127.5121307 -28.63772583
341 -314.8595886 -255.5900116
341 -324.5243835 -200.1195068
341 -176.3299713 -67.36167145
341 -167.7753906 -162.5914001
341 134.575592 168.7908325
341 -62.49990845 15.90947056
341 74.75820923 145.9858551
341 105.6180801 205.1593628
341 11.07642841 121.5353165
341 57.18497849 250.1240234
341 -104.5790482 -7.90750885
341 -80.27524567 12.40290451
341 103.6175766 163.3745728
341 129.3096313 222.4967499
341 149.531189 220.1322327
341 56.68374634 231.2609253
341 121.1585312 181.9120636
341 23.91908836 246.210434
342 -65.65029907 21.8755455
342 -56.36569214 0.295194149
342 -58.41869736 15.64972401
342 -24.60647011 12.92027187
342 -63.1622467 25.33424187
342 -73.60457611 30.20158577
342 -57.96495438 21.00171471
342 -26.93832779 48.40610123
342 8.523321152 10.40875244
342 -18.87825584 43.04650116
342 6.229091644 75.89756775
342 -58.6307106 42.83860016
342 22.07135773 -66.53842163
342 58.44602966 -3.974957228
342 -35.78768921 60.50494766
342 43.26248932 70.20166016
342 19.19117737 134.8256989
342 70.99293518 55.34453583
342 -149.4385071 24.08669472
342 -13.30702591 -72.12493134
342 140.3778229 19.75156403
342 -93.62269592 75.21632385
342 15.18874073 52.1150589
342 61.81508255 57.74505997
342 -0.8957928419 162.8111877
342 80.45870209 147.1658478
342 93.73795319 50.1893158
342 9.288261414 21.76360321
342 9.677597046 -82.33655548
342 119.934082 36.15499115
342 17.29956055 -15.92229748
342 -0.04438024759 77.47184753
342 48.84038544 17.25156784
342 93.62149811 59.78836823
342 106.7720413 140.0255432
342 -3.878646612 22.65779877
342 -4.523794651 2.385481834
342 -13.99604607 -93.2966156
342 -23.50736618 -75.67072296
342 106.5708466 48.7650032
342 37.13307571 -27.97652626
342 -20.79004288 -54.3661232
342 -26.51438713 -26.46253777
342 -12.28755665 111.0682602
342 26.79058266 5.986787319
342 176.1286926 82.89480591
342 -30.5623188 -5.87070179
342 -18.2648735 -11.76511192
342 24.62789726 -58.18222046
342 -59.03781509 -100.867981
342 -32.11867142 -75.47447205
342 -50.70830154 -92.75858307
342 -39.57677078 124.215126
342 -45.58194351 118.5556641
342 63.54990005 158.3585968
342 -32.83920288 3.913521528
342 -53.50285721 -17.68406868
342 22.64321327 -57.12910461
342 6.182042122 -45.5258522
342 -43.2183342 -78.49717712
342 -37.97827148 -74.38851166
342 6.261931896 -65.72234344
342 44.19415665 -29.84378624
342 -45.39312363 -68.47193146
342 -41.37395096 -76.29704285
342 -78.50611877 -57.33520889
342 -31.25816154 -54.60495377
342 98.40792847 -69.78913879
342 -17.83839226 -18.69336319
342 44.56462097 -71.7318573
342 -95.96511841 -90.81754303
342 -101.8296967 -39.20799637
342 -29.80288696 -34.07057953
342 -17.90881729 -29.11140442
342 172.7805176 -63.5391922
342 -92.47460938 21.97538567
342 122.6467972 -86.42510986
342 58.28784561 -79.94854736
342 -117.7225418 -74.54431152
342 174.8065338 -82.05896759
342 -88.12460327 38.1065712
342 -109.9798508 62.49277496
342 142.4680328 -105.1850128
342 -139.3913116 -77.45378876
343 -203.4160461 -110.8679276
343 -289.0754089 -160.8561859
343 -60.03596878 -53.53580475
343 -314.4137268 -170.2887421
343 -375.1254272 -208.1829529
343 -35.19074631 -63.23661804
343 -31.15858841 -37.88382721
343 -332.4803467 -182.3841553
343 -376.9446716 -196.4328613
343 15.41683483 -56.15743256
343 0.3595324159 4.874091148
343 21.40763092 -29.61133766
343 -349.6627808 -201.116806
343 46.8096962 -86.55186462
343 14.3986311 -68.91971588
343 47.15398026 16.28229523
343 2.424911022 73.99859619
343 64.30864716 26.13818741
343 28.5525589 22.24958038
343 5.7529459 92.19012451
343 22.05349922 103.6754761
343 91.06227875 12.31315994
343 0.9155272841 48.69147873
343 53.10838699 48.76325607
343 -42.65692139 72.06899261
343 40.76300049 90.75524139
343 27.23159218 104.6054535
343 160.7227631 35.03900909
343 -60.91469193 78.80767059
343 69.75579071 11.16362858
343 -47.15583038 82.26257324
343 -45.4024353 59.58090591
343 71.95903778 95.50276184
343 -102.9993668 79.06599426
343 -105.775322 104.1565704
343 87.74974823 -1.868259192
343 86.89452362 -10.99184704
343 -33.55378723 55.74159622
343 80.42753601 139.8070068
343 117.9720459 118.4430084
343 -171.8566132 97.63857269
343 -107.118988 75.84775543
343 -127.539566 125.7438507
343 39.51628494 -104.8104401
343 108.5014038 2.249139071
343 152.2236176 142.3369904
343 90.67913055 152.7064514
343 173.7524567 71.34061432
343 -269.9874573 100.7427139
343 -105.863266 103.8218307
343 -154.198349 141.3169861
343 -147.953064 121.5476685
343 28.46205711 -109.4699478
343 -0.789552927 -203.900589
343 161.3807831 10.07893181
343 118.5020828 22.33145332
343 98.67373657 -8.037556648
343 206.269928 161.0916443
343 82.22392273 179.9016113
343 154.611145 64.79311371
343 212.7923126 20.49397659
343 75.4106369 -105.0011139
343 -63.50619888 -248.4592743
343 -50.84566879 -229.1259766
343 195.8919373 -5.928394318
343 190.5632477 11.48989105
343 159.4871979 38.46026993
343 105.5916214 -19.59921455
343 44.47475815 189.7047119
343 35.90458679 184.6875153
343 156.7619324 51.45299149
343 194.8260193 14.16110897
343 295.9994507 26.01841545
343 -54.39390945 -270.5470581
343 -73.76721954 -262.1607971
343 -59.01244736 -237.4324341
343 -46.90706635 -242.7752991
344 17.52233505 52.34526443
344 67.94797516 63.21644211
344 106.1464233 112.0859146
344 133.5949097 35.44729996
344 82.4504776 43.2137146
344 81.80391693 107.745163
344 113.4389343 94.03166199
344 154.218277 23.27515221
344 161.5813141 61.72423553
344 32.75953674 97.64707184
344 32.07413483 5.025010586
344 68.28073883 2.126392603
344 58.95837784 195.6057281
344 49.1256485 145.4954529
344 112.1375809 182.4651642
344 36.06045532 79.86758423
344 135.3678741 75.9761734
344 159.2458649 5.452158928
344 169.8786926 75.12046051
344 21.81407547 114.8035889
344 -44.80751038 81.81246948
344 14.60528946 85.88422394
344 9.693161964 -101.0709229
344 24.74445534 13.66144276
344 30.33820152 116.4151306
344 -2.11829114 78.89606476
344 -51.68112946 63.33354187
344 -38.95483017 -155.2913361
344 30.82455826 -118.3621902
344 -24.79204178 22.01668358
344 4.720143318 63.01197433
344 -63.15628815 64.87610626
344 -78.70084381 25.02451134
344 -119.932869 -195.0201721
344 19.05279541 -58.50236893
344 -65.11050415 -193.0079041
344 -45.3070755 19.16269302
344 22.40789413 34.15474701
344 -98.375 21.69127083
344 -158.5500641 -248.9143066
344 44.78307343 4.647464752
344 -155.4473572 -231.548584
344 -150.9347839 -217.140152
344 3.19712615 20.06946754
344 -27.8475666 34.31289673
344 0.5957964659 29.14333916
344 4.765723705 25.73163605
344 -276.3164062 -288.3276672
344 56.46070862 32.84792328
344 -150.7799683 -252.8911743
344 -214.8765106 -274.8748474
344 -129.8399811 -193.8614349
344 -166.1145477 -271.5977478
344 -9.647101402 35.06315994
344 64.44075012 50.46845245
344 11.27106762 61.01650238
344 -74.42570496 33.22704697
344 -20.47441101 30.74246216
344 20.15952873 48.68477249
344 65.30146027 62.7648468
344 -137.3626862 -198.337616
344 83.92465973 81.86338043
344 46.46516418 54.13521194
344 -60.57981491 42.73130417
344 -63.06224442 45.8354187
344 47.97789764 51.76821899
344 36.0755806 58.85673904
344 106.0887375 75.05070496
344 58.53665543 60.24051666
344 -171.6425018 -203.0635834
345 126.2566071 65.11075592
345 143.6093903 48.01408386
345 80.77191925 72.79921722
345 193.274353 68.52739716
345 179.4751129 39.62649155
345 128.9959259 34.27418137
345 147.0305176 106.6363907
345 69.24649048 49.13750458
345 133.638382 110.3181992
345 -51.19295502 -6.235259533
345 226.2602539 66.09522247
345 25.30462456 7.790599823
345 82.03936005 72.01522064
345 159.8557587 142.8324738
345 -92.32576752 -34.81443787
345 -114.2320099 -51.65061951
345 252.8298645 65.71149445
345 205.9821777 67.30123138
345 -6.645320415 21.06705475
345 32.1318512 -1.903147697
345 24.90958786 41.19667053
345 116.8703079 107.8121719
345 149.3904114 137.039917
345 205.6083832 155.7888336
345 -92.6725769 -66.88812256
345 -65.23510742 -37.15016937
345 -142.1578217 -64.87185669
345 -79.4289856 -18.79025841
345 10.09543228 14.44781399
345 -14.46757317 -4.851211071
345 21.33086205 1.940963745
345 -30.02930641 -5.974602699
345 42.14233017 54.76395416
345 -29.99101448 25.34096336
345 87.82215118 103.3026428
345 133.7124329 134.464447
345 143.206131 120.6175308
345 -170.0502777 -158.3981323
345 -113.1858597 -47.87678528
345 -171.0922546 -78.24005127
345 -148.0784607 -82.65374756
345 76.29010773 99.58628082
345 157.9178772 139.3782196
345 96.78469849 118.7206268
345 185.7584229 171.5814362
345 -239.6504517 -214.1582947
345 -176.4533691 -59.79529572
345 -76.26564026 -46.65230942
345 -172.6284637 -65.28250122
345 -208.3899078 -66.64730072
345 -139.3265991 -148.1930695
345 -139.7616882 -63.78696442
345 86.58927155 115.5628815
345 181.4547119 206.2307281
345 200.7069702 158.7687531
345 220.4255371 206.4838562
345 -238.7355652 -266.0310974
345 -334.1346436 -262.9098816
345 -188.946579 -68.50856018
345 -30.81371117 -40.44371033
345 -169.6605682 -32.23789978
345 -153.0595398 -179.9264984
345 -148.3848267 -159.8774261
345 -102.5096664 -187.8544922
345 -215.0061188 -284.6757812
345 -117.0168915 -168.9837799
345 -156.1889954 -174.023056
346 -14.56393147 -283.7829285
346 -85.33168793 -254.1118927
346 -85.21816254 -293.3718567
346 -87.55260468 -209.0303802
346 -31.33419418 -242.7916412
346 -60.08996964 -162.3901978
346 -98.97167206 -199.6903381
346 -45.88343811 -216.4589081
346 -129.869812 -181.1675568
346 24.18015671 -163.5952759
346 -109.4933243 -196.6774902
346 -196.7154694 -172.9967499
346 -98.02511597 -189.6856079
346 63.15216064 -122.8750458
346 -176.1829529 -216.9938354
346 -150.2099152 -164.7934723
346 70.03502655 -66.83861542
346 31.60656166 -106.3919678
346 -204.4746552 -238.9675446
346 -223.4763947 -206.9972076
346 76.19790649 -4.647552013
346 -349.18396 -238.480011
346 68.58555603 66.02367401
346 125.0694809 31.17011833
346 -452.1440125 -257.5926819
346 54.13008499 82.37831879
346 80.84296417 103.2925644
346 156.5025482 48.40205383
346 -465.0310364 -297.1191711
346 -482.8863831 -264.8175964
346 -515.506897 -227.764328
346 -15.37517357 79.25200653
346 100.6557388 110.0088196
346 168.4786072 93.4223175
346 52.85406113 112.4355774
346 23.03667831 106.7431946
346 194.7410889 40.81962204
346 -27.69412994 81.86101532
346 -44.29657745 65.11590576
346 139.1752014 134.0041962
346 194.4805298 110.8176346
346 94.13848114 108.3615341
346 23.50247192 131.6157532
346 -78.57483673 63.82117462
346 199.2580719 135.3795624
346 131.4631348 156.9032135
346 266.5433044 135.4762726
346 120.469017 93.14676666
346 -21.81360817 155.3112335
346 -109.6738281 52.06988907
346 231.438736 143.069931
346 261.4532776 172.8623657
346 285.1759949 143.3258972
346 158.0652008 104.825264
346 0.8067427874 181.7738953
346 249.5004425 129.3767395
346 128.330246 162.8192902
346 270.5971985 144.7084351
346 288.2567139 142.9692535
346 42.0353508 185.6043854
346 193.453598 194.2268372
346 -25.3674984 192.3956146
346 234.2365265 198.6812592
346 -66.31581116 176.9855957
346 -95.76329041 201.6378021
346 -135.471344 199.5710602
346 -119.9571609 207.3656006
347 -133.612915 -1.012154102
347 -115.5791245 2.700078249
347 -67.8844223 8.769776344
347 -146.5769043 -26.0104599
347 -120.6956329 30.40609169
347 -13.02828789 6.316099644
347 -129.5785675 -15.25336075
347 -71.11101532 50.99761963
347 -74.3482132 23.21352768
347 -36.54423523 -23.41282654
347 41.16200638 47.38167953
347 -154.958374 -45.25640106
347 -76.68621826 -16.17106438
347 -76.07831573 72.34072876
347 -72.84223175 20.91531944
347 -62.3026123 70.24320221
347 -56.80254364 -5.509675503
347 -85.07888031 -92.56743622
347 43.51440811 23.37334633
347 26.90813255 67.8480072
347 -242.4193878 -96.80931091
347 -88.04921722 -25.86516571
347 -172.3832245 -51.23036957
347 -118.5352097 -67.48783875
347 -1.023056984 10.14747238
347 -107.6797028 -17.32411194
347 -66.76089478 52.70560837
347 -63.72456741 4.329337597
347 -92.23921967 -121.8489075
347 157.9320374 2.94754076
347 50.34132004 0.5559571981
347 17.00654221 81.2456131
347 -2.496262789 59.40718079
347 -255.6995392 -127.853569
347 -103.7526932 -69.88262177
347 -225.0478516 -51.70831299
347 -105.1843948 -109.6115341
347 57.26688766 44.0933075
347 22.57338333 33.72260284
347 -112.4943466 -73.67398834
347 -95.34745789 19.19527245
347 -62.43743515 72.69766998
347 69.88454437 -45.05499649
347 -0.3993638456 111.4629593
347 30.15283394 36.85144424
347 -283.5518799 -137.1688995
347 -126.6540985 -84.14394379
347 -78.81432343 -121.6648865
347 -66.67765808 -158.1407318
347 185.2521057 89.05864716
347 45.55505753 57.95550537
347 -65.50624084 -66.42605591
347 -122.1752625 -84.76239777
347 -107.8110504 2.449223757
347 -87.36955261 46.54585648
347 -51.06904602 83.48480225
347 -93.72293854 72.81964874
347 -68.865448 -174.7236176
347 -56.46275711 -135.9325409
347 -101.455246 -175.3394318
347 -86.88130188 -191.670517
347 374.9562988 114.5651321
347 -84.65249634 -157.7811279
347 -132.9710999 -40.65002823
347 -124.1843796 -211.0059204
347 483.3756104 187.6062622
347 438.6669922 125.947113
347 -104.6391068 -13.91984749
347 458.8187561 190.4311829
347 520.7840576 166.7686768
347 481.5575256 133.026001
347 -153.9424591 0.9192602038
347 -111.1520691 -41.97501373
347 537.963562 158.6376801
347 -76.5515213 -85.02762604
347 513.6379395 189.2272491
347 511.5133362 202.0847015
347 525.6691895 188.4824371
348 150.5581818 1.655482054
348 80.96354675 -11.44988918
348 210.5932007 10.49556637
348 63.97174454 -10.10203171
348 93.94785309 -13.97878838
348 90.9095459 11.1478672
348 95.07082367 0.9202967882
348 50.3512001 19.21591377
348 61.6409111 -5.736171246
348 3.836633682 21.21914291
348 25.56865692 24.614748
348 63.76383591 -19.78490257
348 54.39271927 -25.09870338
348 -40.83459854 16.91884422
348 22.34391975 35.61030197
348 -7.896483898 21.05515862
348 36.2934761 35.32211304
348 63.95033646 -28.56683731
348 80.87328339 -22.12047195
348 3.026499987 -28.48778725
348 13.95494938 -13.97498989
348 -53.58123016 -46.51377487
348 -62.8631897 20.79650116
348 -24.41821861 10.50231743
348 36.85361481 44.9666481
348 14.59378147 35.47340393
348 0.2073177546 26.19626999
348 49.03714371 -44.24798203
348 89.65877533 -18.83648491
348 -16.07641411 -15.34125042
348 6.553388596 -32.95802689
348 -11.09620667 8.1466465
348 -102.7067108 -114.9065475
348 -53.37170792 40.2924614
348 -25.90265656 41.63148117
348 -14.28120708 19.21940804
348 64.87398529 15.96329784
348 19.95325661 -29.59293556
348 72.37321472 17.41957092
348 -23.11845589 18.63471985
348 -1.657860041 20.11869621
348 -113.3969803 -148.6074219
348 -115.6248932 -155.6463928
348 -31.10094833 54.37251282
348 -78.26329803 42.5796814
348 93.41363525 43.17824554
348 62.11499405 18.40472603
348 -13.50015736 22.45057487
348 64.7036438 47.72224426
348 -5.722843647 7.316701412
348 -98.46479034 -145.0874786
348 -134.5934753 -162.5502319
348 -98.25293732 -161.7763672
348 -143.8576508 -214.447113
348 24.84720612 72.69391632
348 -73.04034424 60.24744797
348 -120.3490677 57.49139023
348 -59.84395981 25.0092392
348 57.85609436 49.81502914
348 1.729537487 42.91373825
348 105.4750443 55.10581589
348 104.3610535 58.7303772
348 60.30807877 59.92486954
348 -18.43834496 -2.232399702
348 -190.7011108 -184.2845154
348 90.67470551 69.45129395
348 -103.8069611 68.21024323
348 -148.8922272 68.66362762
348 -180.6235046 46.64340591
348 -131.0429535 66.57753754
348 -54.34519577 20.11489296
348 66.06667328 81.17513275
349 -105.5701599 -19.6013298
349 -25.68907738 -13.20535851
349 -96.97703552 19.42432022
349 -89.15825653 -52.59707642
349 -118.3540878 -40.28584671
349 -135.7237549 4.046944141
349 10.6675024 -1.789442658
349 -15.32388687 -5.75430727
349 -147.2099609 -67.53051758
349 -81.72380066 -65.06256104
349 -149.9959259 -37.08348083
349 -115.9561539 -47.16809464
349 -157.176651 -3.224191427
349 57.69060898 38.52579498
349 -62.98752213 -37.3333168
349 -62.75370407 -63.79047012
349 -84.91308594 -74.58249664
349 -163.0783691 -40.7197876
349 -145.1854095 -40.97999954
349 -124.8996124 -19.54534721
349 -113.9093933 -57.62385178
349 -150.5192871 -40.65069199
349 107.7205276 93.97341919
349 99.64309692 48.09272766
349 -82.49217224 -51.40982437
349 -38.59518433 -68.55509949
349 -114.3656464 -25.53668594
349 -93.31208038 -105.7235641
349 -174.3999329 -43.27757263
349 -228.9839935 -31.88965988
349 -65.3657074 -39.93058014
349 -163.6816101 -51.86884689
349 -164.938385 24.30825424
349 -136.4279938 -64.32554626
349 166.8028717 139.0835724
349 166.1351929 80.17141724
349 12.92350292 -71.42498016
349 -118.1658325 -130.9217529
349 -78.22331238 -134.2685852
349 -321.9144592 -44.84896088
349 -189.0997009 90.08493042
349 217.098938 154.7241058
349 182.3140717 176.7644348
349 235.4194794 85.80599213
349 33.2220459 -89.729599
349 -106.9155579 -108.7830887
349 212.4604797 252.4943542
349 370.0644226 96.63088226
349 83.58238983 -90.89199829
349 55.7634697 -79.32925415
349 -9.354887962 -118.4014206
349 22.57777977 -106.5095825
349 -94.47863007 -129.6118927
349 -135.5213318 -122.3765564
349 221.9196472 269.4447632
349 156.4190216 -72.36774445
349 40.36722946 -77.12586975
349 89.30329895 -82.15184784
349 159.5517273 26.91741753
349 0.4801146388 -136.7319489
349 -114.4075699 -147.0322266
349 80.87284088 -101.7120438
349 157.1245728 69.85649109
349 157.8743896 23.228405
349 85.2586441 -126.041748
349 183.9931488 169.8127594
349 188.5792236 11.47780132
349 146.0755463 161.3036652
349 210.9306183 212.2131348
349 113.4229736 182.5017853
349 205.3733215 247.2106628
349 154.8514557 256.5915833
349 191.2656708 246.6169586
350 -111.3675919 137.3940735
350 -96.19351196 108.2274246
350 -88.35620117 104.2891006
350 -14.10830212 108.4808044
350 -92.277771 110.2523727
350 -52.66884232 118.1484451
350 31.38903999 126.8129501
350 29.23450661 132.0397034
350 -15.82482815 89.57521057
350 -161.8100586 161.1725769
350 7.97168541 129.0115204
350 42.54944229 118.2646713
350 72.85487366 142.7620544
350 38.1042366 33.3273735
350 -237.4327698 185.073822
350 16.40543365 138.6441498
350 54.40521622 93.3401947
350 36.74611282 -8.577064514
350 42.68465805 17.1996994
350 -262.4468384 208.0418701
350 -280.795166 191.5561676
350 35.45373917 -45.37383652
350 30.7200222 -27.90916252
350 -15.69228172 -25.70005226
350 -283.2437439 226.9019775
350 51.9889946 -71.57670593
350 45.80794144 -50.81502914
350 47.94183731 -40.20225143
350 -46.78682327 -59.02204132
350 6.396428108 -49.32479477
350 -8.598210335 -13.99816895
350 -20.13278198 -91.55944824
350 86.73938751 -86.17319489
350 -77.06502533 -82.72080994
350 -53.28982544 -77.99214935
350 -17.04654312 -9.5244627
350 -20.30105019 -92.0991745
350 -53.49988556 -105.4061737
350 -72.77797699 -91.17160797
350 150.6108398 -67.08859253
350 114.613945 -68.58746338
350 -62.64426422 11.0789566
350 -6.289503574 -74.63959503
350 -20.25716591 -101.8554153
350 -80.66918945 -106.7908707
350 -118.8053284 -85.44782257
350 206.8461914 -73.79154205
350 215.94841 -87.80168915
350 135.3413696 -86.27178192
350 131.1739655 -76.09624481
350 -33.59856033 -3.152385712
350 -18.82016182 6.626066208
350 -117.9787674 14.53185558
350 0.3155258298 -82.82014465
350 22.38395882 -72.29089355
350 -16.71481514 -80.06201172
350 184.3692322 -79.68595886
350 257.2367554 -118.2882233
350 126.1727905 -113.6318817
350 157.9117126 -77.37334442
350 111.3949966 -48.24584579
350 27.12406158 -41.41873169
350 -167.8147125 11.72751808
350 27.67166328 -55.81697083
350 178.7994385 -94.17641449
351 65.7559967 -224.4928894
351 25.29394341 -192.0150146
351 24.17081261 -188.1582489
351 -84.45620728 -195.4425354
351 -66.38928986 -208.1134949
351 -86.88271332 -200.2575684
351 -45.07138824 -147.913208
351 -120.2987823 -223.3770294
351 -59.06859207 -91.11555481
351 -10.6559906 -158.5079498
351 -124.9467926 -253.4161377
351 -39.93291473 -30.5716362
351 -105.3209686 -31.78422737
351 -1.793647647 -161.5001526
351 1.539274216 2.120324373
351 -57.19988632 1.638282299
351 -151.7669067 -41.78089905
351 -107.4437485 -21.36309433
351 -14.02347565 -155.1845551
351 9.811379433 -171.0966949
351 15.07129383 -172.7673492
351 31.07331276 3.487795115
351 46.48301315 1.323941112
351 15.23281002 12.02431965
351 -49.58800888 26.11103058
351 -187.0716248 -18.98453903
351 -157.7218018 9.242795944
351 43.75072861 -5.603437901
351 61.77047729 27.93371391
351 -3.836929083 31.92016983
351 -106.1780853 39.46639633
351 -175.4847107 8.647686958
351 -125.5775375 82.09124756
351 -24.56121445 82.26315308
351 -192.480835 -0.5848997831
351 -162.7765961 90.12102509
351 38.42398071 113.9269485
351 -110.4153748 119.6037292
351 -155.1952667 77.15224457
351 -145.6659393 110.2141876
351 -124.8542328 83.79748535
351 122.7579041 164.3285065
351 -93.58274078 94.12014771
351 225.4720917 178.8864441
351 220.9116974 194.901413
351 -132.3381042 91.67416382
351 -157.2525177 78.13020325
351 282.6821899 164.2108002
351 258.2504272 200.5772858
351 303.3826599 223.9227448
351 309.1135559 169.1175385
351 255.8664398 190.3546906
351 290.8319702 184.0414734
351 248.2823486 177.7663574
351 361.996521 202.6909027
351 155.7967834 149.0746002
351 279.9894409 179.7137451
351 60.23015594 104.5821915
351 27.73579025 77.23272705
351 -19.34811592 41.90316772
351 -11.19983006 -4.198221684
351 44.8309021 -59.94095993
351 -83.14376068 -11.35363293
351 21.05975533 -88.40275574
351 72.42504883 -71.97602081
351 -92.36625671 25.94324303
351 63.26870346 -85.90660095
351 7.475581169 -100.3783264
351 102.150238 -86.23731995
351 -151.7146454 14.35625744
351 -100.6197968 30.4891758
351 -107.980011 24.81715775
351 79.26052094 -90.66390228
351 -3.993501902 -80.99076843
351 -68.93183136 10.6794672
351 -102.8871994 38.56856537
351 -126.7361908 9.691561699
351 87.1304245 -105.5676422
351 -29.66629982 -69.66577911
351 -96.8470459 -26.1313591
351 -56.11120605 -71.56725311
351 -27.89934731 -97.84913635
352 -159.7520142 4.010914326
352 -102.4301529 20.72410774
352 -284.6217957 -46.22026825
352 -65.06451416 77.25144196
352 -126.5130997 -50.38160324
352 -82.01342773 10.86938667
352 -3.768755913 85.83612061
352 -113.8615494 -103.0728455
352 -98.43402863 -79.9371109
352 115.680748 140.7937164
352 -71.32442474 -104.3095856
352 147.9095001 161.8637238
352 176.788208 152.1897278
352 -95.29801941 -153.9976501
352 164.9563446 166.8557892
352 -119.0237274 -195.1678619
352 202.919632 190.6199493
352 -130.4427185 -229.6748657
352 229.6928253 241.3955688
352 224.4691772 172.8145294
352 -208.3442535 -244.5802765
352 240.176712 221.3212891
352 -225.3815613 -241.3507385
352 176.5159912 149.8804779
352 94.28139496 94.56343842
352 226.4464417 101.3329697
352 72.85899353 105.6002655
352 29.24751472 47.68490219
352 171.0033417 44.48157501
352 269.9127808 127.8203125
352 -7.228122234 -4.964184284
352 92.54016113 44.85152435
352 207.3864594 33.29447556
352 241.5946045 147.4330444
352 307.0836182 111.0996094
352 -25.03567886 -54.57664108
352 -2.371110439 -8.867826462
352 90.36323547 49.96821594
352 258.485199 -25.1402092
352 235.3867798 174.6930542
352 -101.0778732 -62.09659195
352 -61.02909851 -45.49963379
352 -16.85094261 -7.548442364
352 108.0104828 68.71263885
352 256.7091675 172.9369354
352 186.0542603 174.9880066
352 -130.7463531 -89.56745911
352 -40.07426071 -53.68076706
352 -116.2856979 -79.03439331
352 -51.75063705 0.7650709152
352 112.7845688 82.23980713
352 204.5344391 184.7806702
352 -228.5944366 -142.9044189
352 -2.853584051 -31.8880825
352 2.235144854 -63.51040268
352 -167.2481079 -117.4101639
352 -146.8769684 -154.342926
352 101.228569 73.64044952
352 147.8600769 182.6794434
352 -272.3029175 -169.0565796
352 -258.6591797 -149.3157043
352 -251.2124481 -155.2425842
352 16.49795151 -35.14466095
352 22.60021591 -59.83127975
352 -236.2422333 -150.4848785
352 -163.7341156 -90.53339386
352 22.97432518 -43.41429138
352 -239.187973 -140.0540771
352 -239.4504089 -159.6882935
352 -174.9376221 -25.7484951
352 -178.5728607 -162.4467926
352 -172.9360962 -28.33837891
352 14.34406567 -60.96863937
353 -123.8446655 -31.64052963
353 -89.42217255 -26.28558731
353 -170.1369781 -48.70016861
353 -125.2362366 -29.76299095
353 -146.5767822 -53.58193207
353 -117.0381622 -41.37195969
353 -78.21588898 -5.07818985
353 -99.63970184 -25.17334175
353 -62.19106293 -29.00400162
353 -250.5973663 -81.36740875
353 -161.558548 -51.0208931
353 -191.2979584 -54.23631287
353 -165.7871704 -53.99884415
353 -102.1592331 -39.08240891
353 -197.9076996 -21.63176537
353 -143.1448822 -67.1890564
353 -71.00926971 10.82556915
353 -72.12767792 -20.13163185
353 -55.41044235 8.049087524
353 -94.78949738 -23.2699852
353 -70.44231415 -27.02668953
353 -96.46298218 -38.21230316
353 -72.49159241 -38.35555649
353 -196.2980957 -85.49932098
353 -188.4058838 -75.577034
353 -74.86995697 -23.98970032
353 -133.2394714 -58.74975204
353 -60.52989197 -29.1626873
353 -33.20596695 28.55287552
353 -75.3790741 16.93336868
353 -54.99158478 -10.0819416
353 -62.18254471 -17.43074036
353 -88.33123016 -54.60516739
353 -117.2885818 -57.03694534
353 -64.30380249 -6.511183739
353 -94.08900452 0.3761280477
353 39.1510849 14.36272812
353 -92.2352829 -44.93143082
353 -141.1083984 -77.95113373
353 -16.29807091 -24.29117584
353 18.82440948 59.51532745
353 -83.17326355 -7.945860863
353 -96.2970047 -19.77025795
353 -117.3831863 -23.30045509
353 190.6329041 52.65933609
353 -71.73681641 -39.9568634
353 -158.5863953 -66.21491241
353 -4.317382812 -29.82985687
353 127.7472534 86.93802643
353 -119.9373627 -22.29888535
353 232.7049866 82.61152649
353 185.7589264 63.38063049
353 -177.4472198 -102.9303207
353 -170.4157104 -61.85944366
353 172.4499817 86.08078766
353 202.1260376 132.3095398
353 -170.5962524 -44.80780029
353 358.0539246 111.6322174
353 -195.1147003 -106.4579849
353 -162.9917908 -87.03054047
353 -232.2888184 -184.396637
353 169.9751892 98.00865936
353 231.5128632 102.9151535
353 213.625 124.5056076
353 205.6819763 137.0837555
353 400.7780151 125.175499
353 357.7690735 149.7639771
353 -221.6801605 -99.735466
353 -235.6580505 -210.9428558
353 366.3292847 137.325943
353 230.1069946 163.6472626
353 469.483429 171.402832
353 419.0822144 143.4112244
353 340.2249146 120.7232666
353 394.3565369 178.743103
353 385.4124146 179.8617859
353 -198.0618591 -95.22689056
353 -362.0417175 -256.4455261
353 -256.9520264 -192.7188721
353 -345.2239075 -263.0496521
353 381.3153076 115.3436508
353 487.0388489 194.706604
353 518.9338989 186.4781647
353 531.0726929 203.5349731
354 144.9271851 154.9878082
354 115.5363235 146.4036713
354 92.59452057 103.7246552
354 78.33208466 114.0799179
354 79.45011902 195.25
354 95.93202209 79.78083801
354 113.0791779 74.43017578
354 116.3895264 134.2600555
354 65.84234619 71.29109955
354 102.908844 220.9779053
354 37.48664474 80.75208282
354 24.56483078 150.5509186
354 -34.70803452 48.72742081
354 68.40409088 46.88080978
354 70.88859558 87.9445343
354 19.65932846 76.41840363
354 -101.3355255 52.68881989
354 -21.0061245 61.48505783
354 -20.64070129 11.92859554
354 45.68088913 65.47909546
354 93.44868469 -15.40544605
354 77.15470123 63.28793716
354 20.55471039 66.41915131
354 -37.53231049 0.20753178
354 -139.3366547 57.57849884
354 -124.5279388 94.81079102
354 23.42812538 74.38020325
354 -54.80264664 -37.20921707
354 -10.99922276 60.51386642
354 26.00317001 70.4004364
354 97.01581573 -19.99609184
354 54.83852386 -12.32026291
354 12.51598263 51.02829742
354 101.4945679 105.2104874
354 32.13402176 73.88366699
354 -19.89571953 29.94476509
354 -33.07381439 -61.86672592
354 50.13711548 78.3502655
354 -106.070343 -90.56110382
354 61.14268112 -31.1044178
354 38.57675171 -12.71239185
354 2.749936104 41.58857727
354 8.10563755 6.172168732
354 -37.63002396 -64.31568909
354 -115.995224 -126.7951508
354 -97.53102112 -74.48187256
354 -148.8436584 -131.2752991
354 112.2955093 -37.16413498
354 51.10103226 -18.43148804
354 -1.186692357 29.4612751
354 -141.1545105 -158.9742737
354 -76.9227066 -159.0237427
354 -87.72851562 -34.04795837
354 -56.21424866 -98.73146057
354 -144.5295868 -27.09925652
354 -158.5187073 -125.2086563
354 -195.8108215 -162.0548248
354 121.6769257 -58.61152267
354 126.4391174 -20.45689964
354 135.5527039 -57.86364746
354 103.8261948 -1.627700567
354 72.51412201 -17.56531143
354 -17.76117134 25.7587719
354 -201.8242188 -215.9051971
354 -88.64759064 -222.0079346
354 -110.9483871 -8.636371613
354 -141.3343506 -149.1675262
354 146.4051666 -72.15099335
354 160.3448029 13.87548828
354 -193.0360413 -216.9630127
354 -56.08877563 -239.3877869
354 -61.7514801 13.15044594
354 -163.7459717 -154.9410248
355 372.9359741 -156.60849
355 335.0296936 -128.3300629
355 272.3388367 -74.29862213
355 300.9292908 -75.89248657
355 294.0402222 -94.93479156
355 244.672226 -89.20452881
355 221.6661987 -89.41707611
355 294.2696838 -92.6102066
355 263.9152527 -120.2174835
355 258.1447754 -64.17158508
355 382.2160339 -104.7728577
355 233.7599182 -113.8094025
355 256.2111816 -129.7757263
355 271.2436218 -138.9379425
355 262.8012695 -83.6550827
355 186.5387573 -24.28103256
355 472.4970093 -101.7315216
355 166.6365967 -151.3188171
355 164.6708527 -135.5960999
355 193.9100189 -3.115448713
355 197.9372559 -36.87480164
355 512.7564087 -108.9492798
355 110.4385147 -140.7294769
355 184.7457428 -11.96704388
355 -4.903189659 -178.3975983
355 -103.4041748 -183.8487396
355 -216.7738037 -213.8755951
355 -223.7711792 -250.5459595
355 -279.9549866 -186.6829071
355 -239.1360474 -112.5792999
355 -311.921936 -192.4887238
355 -210.8195496 -48.5538559
355 -203.782959 12.96519947
355 -198.5454102 -60.90007019
355 -236.3582458 -45.59561539
355 -174.1162262 48.69778824
355 -255.2693024 -34.20563889
355 -128.0019531 55.27656937
355 -272.0565796 19.82264709
355 -186.7740784 87.71839905
355 -99.17359924 73.69722748
355 -299.397583 9.920539856
355 -114.3367538 146.5317688
355 -315.9734497 27.95436287
355 -7.677946568 120.6507797
355 -321.4814148 25.38311195
355 -84.95635223 212.600296
355 -78.64830017 154.8960266
355 -344.7559509 -3.878145695
355 75.5092926 121.0125885
355 21.99477959 149.9161835
355 -335.6878052 15.83870888
355 -72.48511505 251.9279938
355 -44.6107254 134.6641693
355 -80.33695984 152.3484344
355 -18.69576836 187.958374
355 -379.3626404 -63.02891159
355 103.844223 131.4151917
355 45.09188461 173.7541656
355 -357.515564 17.71818352
355 -38.945755 256.9122314
355 -60.83808899 211.6767883
355 -90.30278778 257.2988281
355 -60.72732162 174.0486603
355 -114.5157089 161.6687622
355 -20.31134605 198.5458527
355 -375.9256592 -68.19681549
355 135.7097168 118.1904984
355 125.7965393 202.9671631
356 -8.263075829 -18.79742241
356 8.077038765 -4.063968658
356 3.034062862 -7.464401245
356 4.985907555 -5.830518723
356 2.375813484 15.05005741
356 -10.20976448 21.10625839
357 -69.61494446 86.45926666
357 -54.15699005 74.89437866
357 -9.405116081 70.98813629
357 -77.31244659 67.18814087
357 21.31225014 28.83013344
357 -5.874193192 115.6557083
357 -103.362175 36.88414001
357 -91.84761047 79.7481842
357 52.50225067 9.183895111
357 52.88037109 42.2634964
357 4.048369408 136.4992065
357 -94.62728119 18.86639023
357 6.865186691 -3.527842045
357 77.35385895 52.61255646
357 86.44882965 157.9239655
357 -142.2809906 -30.60293007
357 -137.120224 37.14966202
357 -46.63141251 -5.909896851
357 77.23867798 -42.14842606
357 123.8154297 66.60844421
357 -157.7164459 -39.97050476
357 -167.0345306 -34.09280777
357 -148.4989014 55.00976181
357 -106.9428864 52.71365356
357 -42.87743378 16.48904037
357 38.24081421 -97.70166016
357 115.4403 78.14530945
357 -137.9913788 -22.68101883
357 -169.5240936 -21.5331707
357 -93.07273865 50.15130615
357 -36.87940598 37.60053635
357 128.1082458 -135.8726044
357 -67.36112976 -156.8387604
357 -16.26685524 -105.093956
357 207.2246246 94.94013977
357 65.38349152 66.7106781
357 -306.2367249 -75.34031677
357 -35.91758347 53.0615387
357 -64.17780304 94.63710022
357 130.3006439 -143.4576111
357 147.552002 -127.2862091
357 -144.4991913 -168.9837036
357 -33.98569489 -95.9766922
357 376.2221985 156.3712006
357 -340.247345 -85.40830231
357 -195.5965729 -161.1338654
357 -223.2647095 -255.8527985
357 -58.25278854 -106.0012589
357 -74.44882202 -83.52832031
357 14.18934345 -64.35164642
357 411.018158 151.7778168
357 412.3292236 169.3438873
357 430.0928955 174.2068787
357 382.4553833 181.385788
357 -368.6344604 -100.5819473
357 -197.3391266 -137.883255
357 -291.8135376 -261.5692749
357 425.4341125 148.6197357
357 440.6211243 200.9470062
357 445.6361694 190.7579498
357 424.9642944 185.9757233
357 378.6010742 189.8918304
357 -471.7362671 -133.6133575
357 -211.206955 -133.9639587
357 -251.545639 -223.0876617
357 -227.4599609 -219.4483032
357 -490.6255188 -353.0956421
357 487.1088867 196.0456848
358 -201.4088135 -23.03368187
358 -220.3358002 -61.48189163
358 -161.2253265 -5.439104557
358 -181.1168976 -49.28246689
358 -179.0820618 25.39824486
358 -229.302124 -74.71912384
358 -99.11200714 -2.885621309
358 -154.4840851 -53.47973633
358 -231.1704865 3.536058187
358 -114.5262222 72.36512756
358 -139.011322 18.76436806
358 -259.9089355 -84.07036591
358 8.540511131 39.8615303
358 -94.07865906 -55.96082306
358 -84.40774536 -61.50253296
358 -128.6178436 56.41663742
358 -12.34266472 78.90869141
358 -73.93952942 40.14590454
358 58.793293 46.43855667
358 -58.73581314 -82.08560181
358 19.83504295 -69.094841
358 -113.2156525 -59.90509796
358 72.05638885 67.93824005
358 -5.545954704 55.07289124
358 -32.25170898 48.25
358 140.9489899 59.56890106
358 -50.42000198 -67.31336975
358 -80.91292572 -117.1436615
358 60.17901993 -85.77935791
358 42.6167984 -53.97604752
358 -134.7789001 -80.62548828
358 109.5989609 82.55626678
358 101.5917435 52.48399734
358 151.0937653 101.0714111
358 -2.373087883 46.3625946
358 153.7524719 85.08374786
358 -47.57649994 -75.40829468
358 -113.7350769 -141.2475586
358 83.60012817 -81.45728302
358 79.27631378 -90.30717468
358 64.89394379 -42.73025894
358 46.41246414 -59.53834915
358 -174.876358 -106.9797134
358 131.8138885 112.6687698
358 105.5522995 74.68838501
358 118.5058594 7.581264019
358 202.0820465 113.1580963
358 27.235672 49.26516724
358 160.1931915 115.2821732
358 168.4029694 112.5933685
358 -140.9983215 -160.8217468
358 97.53287506 -79.70276642
358 104.1194 -87.22857666
358 72.04087067 -77.43241119
358 71.02295685 -60.75807953
358 44.12677383 -29.25977707
358 169.0420685 134.6575012
358 77.47374725 -1.025120139
358 202.7491608 121.5300369
358 205.9243164 67.17991638
358 12.25997066 50.43580627
358 52.17406464 46.7032814
358 35.1036911 45.88484192
358 181.4821777 177.671463
358 185.8672791 112.0042648
358 -98.40459442 -139.8518524
359 39.5459671 18.67898369
359 47.1137352 8.436490059
359 43.39269638 18.16180801
359 29.60471535 2.02685833
359 20.82749939 -3.825431347
359 42.53209305 7.67017746
359 -1.490614891 -18.06739235
359 60.25505066 -12.98458004
359 16.22676277 6.883003235
359 46.64281082 1.689864635
359 35.28266907 -8.826704025
359 -33.09522629 -48.81174088
359 47.81323242 -33.95695114
359 6.852325916 26.18697357
359 24.90752792 34.02233505
359 -20.31391144 -54.82897186
359 -8.976944923 -67.91333008
359 -70.52228546 -54.0895462
359 -4.907352924 44.53901672
359 -3.003101826 -60.98171616
359 76.98857117 -70.86128235
359 -93.36501312 -51.66740417
359 -9.429904938 78.80435944
359 -6.082236767 44.85508347
359 -41.54072952 55.85915756
359 137.4220276 -73.29708099
359 -231.6665039 -98.96889496
359 -168.0478973 -34.38450241
359 -34.01393127 115.4837646
359 10.16713238 39.69295883
359 -93.00384521 59.90820312
359 -28.07865524 53.0545578
359 150.5085144 -91.06826019
359 187.15271 -46.42405319
359 218.9810638 -69.79669952
359 -316.5899353 -131.6587524
359 -329.8555908 -138.8481445
359 -250.2051239 -34.68398666
359 -23.48360825 140.4539795
359 -91.78903961 67.55066681
359 -45.01782227 72.91464233
359 7.767935753 65.75414276
359 219.7087402 -1.102087259
359 -272.8665161 -159.3367767
359 -303.7218323 -83.21852112
359 -359.5409851 -148.2527466
359 -371.5964966 -141.2408295
359 -330.8976135 -117.3942566
359 -191.640564 7.366915226
359 -49.84816742 151.831604
359 -138.7826538 74.16855621
359 55.73950958 75.99458313
359 22.59950638 65.66246796
359 264.0794373 41.31103516
359 43.53066635 69.68796539
359 70.85342407 80.60041809
359 73.54151154 62.27098846
359 164.6706085 47.63508606
359 206.3703308 11.20624542
359 3.865976095 46.4409256
359 87.21889496 64.21182251
359 101.4741669 94.34697723
359 141.7936554 16.69373131
359 114.2578735 29.2578907
359 223.5470276 7.879691124
359 277.2441406 -7.294364452
359 288.527771 -43.8613472
359 314.3658142 -1.547727108
360 252.5051727 7.842143536
360 268.4589844 12.19047832
360 250.5046234 10.43097115
360 267.2158508 6.694093704
360 277.2705078 37.56637955
360 255.2064209 12.00160313
360 294.9729919 30.51813698
360 256.9847717 -4.669590473
360 228.3215332 15.88692379
360 200.6975861 -24.95289993
360 212.5399017 32.83745956
360 125.8254547 -34.18158722
360 194.5491486 58.97480774
360 14.30074501 -32.02880096
360 192.4350281 66.03001404
360 -17.24238205 -52.29469299
360 -12.20826054 4.024960518
360 219.3235474 99.20452881
360 -21.37290192 -34.62983704
360 -12.99342728 -54.75518799
360 78.97076416 -26.71621513
360 -105.0196304 0.1242702603
360 -17.31542206 0.7353861928
360 -127.7528152 -22.95538902
360 -52.20240402 -24.99551201
360 -49.05797577 -58.80229568
360 -66.50585938 -25.60818481
360 9.918875694 -23.46797371
360 131.93573 -13.97929192
360 -148.3869171 15.23131275
360 -189.5386658 4.831171036
360 -29.22803688 4.518326759
360 -141.6169281 -43.5049057
360 -70.4631958 -4.796514511
360 -53.44662476 -67.80970764
360 -99.88968658 -16.16415596
360 -6.765380859 -25.45231819
360 15.77682495 -31.82520485
360 138.3778839 -3.958226919
360 -192.2953949 4.397222042
360 -172.932312 56.45522308
360 -55.90254211 -17.72671509
360 -59.9990921 63.51155472
360 -178.5165405 -47.08744812
360 -140.4614105 -31.7033596
360 -3.548465967 -13.77837753
360 -88.24263 -44.54850388
360 11.56412888 -41.91495132
360 216.1675415 10.44338512
360 -254.68013 -24.49295807
360 -195.1686249 81.51804352
360 -107.496666 -37.26733398
360 -81.33200836 85.70362091
360 -37.69972992 104.864418
360 -148.248703 -35.47450638
360 -202.930603 -39.82316208
360 -147.8939667 -31.13453674
360 -66.48911285 -42.21743774
360 23.87441254 21.00728607
360 -142.0532074 -44.33623505
360 -141.188858 -34.43126297
360 32.31079483 -49.24209976
360 37.45291519 -46.19008255
360 31.38187981 -43.20684814
360 -245.9067841 4.291370392
360 -289.1791382 10.63054943
360 -34.689785 106.4255905
360 -35.91587067 133.3644867
360 4.933187008 149.8686523
361 258.3083801 175.6908569
361 210.2312775 162.0114899
361 208.0187988 160.0092163
361 230.6894073 173.8517914
361 146.0480499 127.0387878
361 204.2296143 162.1952515
361 154.4091187 131.9278259
361 117.3813095 56.31698608
361 151.5749817 158.3069
361 148.8065491 149.4152679
361 139.9798126 38.56335831
361 83.26251221 27.19181633
361 210.015152 174.6149445
361 142.9427185 22.21337318
361 51.91429901 -26.05878639
361 2.464991093 13.81602192
361 190.473938 201.815979
361 229.7578583 182.5171509
361 -9.609870911 -109.0987167
361 -11.57708073 26.27601433
361 -103.0144196 -184.1634216
361 -71.6653595 -132.8192596
361 -13.95474911 18.13684273
361 -38.31501389 57.71229935
361 -112.8181229 -190.3950958
361 -167.2242432 -244.7552643
361 -85.25167847 -151.3222961
361 3.97310853 11.33861828
361 -31.45365143 86.88011169
361 -103.3540344 -181.5469971
361 -220.7766876 -279.005249
361 -104.5157471 -137.6346588
361 -25.58839798 24.45875168
361 -18.25398636 -3.140899897
361 -50.59036255 92.8106308
361 -255.8421783 -297.8651123
361 -123.8823242 -113.3686371
361 -38.75283813 17.07661819
361 -41.23342896 33.37718582
361 -27.53329468 0.8262419701
361 -46.30409241 122.0828171
361 -292.8138428 -330.8592224
361 -131.0892029 -87.62963104
361 -103.7132263 -105.0220184
361 0.05860330164 -8.742384911
361 2.565475225 47.05645752
361 -56.38025665 47.7987175
361 -4.732703686 -5.590903282
361 -54.16345215 26.36947441
361 -34.94981766 -4.646088123
361 38.57953262 -15.4493866
361 -123.7415237 -83.58409882
361 90.12574768 28.67502403
361 -6.344443321 -54.01488495
361 -74.6962738 33.51916122
361 -41.66003418 100.7689896
361 -89.20530701 -46.61016846
361 -34.96850586 39.22441101
361 -73.97659302 -9.409410477
361 -69.72863007 -15.78082371
361 83.98853302 -29.26068115
361 142.2075958 25.1305027
361 -23.29166412 -81.73859406
361 -154.6277313 37.84747696
361 -115.5531921 16.43061256
361 -73.95030212 116.6439133
361 -38.02300644 120.0418625
361 -127.3389664 -26.86387825
361 -118.6716537 -4.096479416
361 95.15689087 -41.51063919
361 104.8065491 -65.81851959
361 -116.5613174 -11.82707119
361 -112.8473511 -12.98996258
361 83.40665436 -55.15874481
361 121.7723389 -12.52526474
361 127.3907852 -87.67670441
362 264.0826416 160.2453156
362 301.7272949 166.1965027
362 227.9594879 158.3810577
362 354.8998108 179.7002869
362 192.6328888 141.0408325
362 148.9206085 120.9540253
362 110.6924057 100.9100647
362 45.60084152 142.2745056
362 100.3297653 74.62899017
362 -29.00062752 137.6902313
362 160.4101868 75.45470428
362 73.39260864 13.95938778
362 140.8181152 92.76165009
362 -53.04551315 126.2352219
362 73.34606171 -7.458807945
362 37.29299545 -33.62535095
362 161.9828339 98.02577972
362 -67.08376312 131.1150818
362 -43.560112 91.20066833
362 -52.00618362 162.8310089
362 53.90592957 -2.521801949
362 -25.83292389 -24.55275726
362 170.4143066 -19.43693352
362 129.6623535 -72.11403656
362 1.643260717 10.77534485
362 171.1471558 112.7339249
362 -90.2545166 149.4713593
362 -90.16422272 72.60573578
362 -31.93319702 60.92404556
362 31.25108337 -6.493641853
362 -45.26417923 -34.2447319
362 178.068985 -47.62314224
362 114.3199844 -76.55667114
362 183.8022614 -59.4272728
362 156.6077118 -78.29627228
362 -88.57446289 -17.5341835
362 -102.1444244 177.6463013
362 -17.66743851 51.22814178
362 -37.41756058 0.6177771688
362 -15.80393124 -34.14764786
362 -93.88171387 -77.11631012
362 -101.6929092 -67.9151535
362 -81.94930267 -77.77210236
362 225.0086823 -59.27360153
362 84.05762482 -89.72053528
362 214.2468872 -16.04631233
362 217.5858612 -74.43527985
362 -124.8819046 -21.03237915
362 -175.6306915 -42.94942474
362 -83.06243134 -22.04238892
362 -56.37232971 -98.05640411
362 -46.70237732 -29.25108147
362 -140.6990662 -102.3956985
362 -143.3728943 -83.68203735
362 -95.98593903 -108.8472061
362 293.5766296 -62.24126053
362 -214.567215 -43.9916153
362 -42.31306458 -126.9599152
362 -70.60386658 -27.26509094
362 -185.3769379 -104.1150436
362 -170.5089264 -138.2951355
362 -311.6942139 -73.84119415
362 -39.47247314 -155.2889557
362 -42.95733643 -11.37775517
362 -163.2704468 -111.1427917
362 -341.8427429 -84.23164368
362 -284.5524292 -71.61175537
362 -348.6470337 -83.99082184
362 -100.1286774 -73.86497498
362 -303.3816833 -85.5401001
362 -66.08546448 -71.28083038
363 -22.81145668 1.943401814
363 -47.43779755 -10.2095871
363 -17.5263195 30.61844444
363 17.12744904 -12.44028282
363 -30.951437 7.00987339
363 -74.97863007 60.31929016
363 -7.826814651 22.48570251
363 73.41384888 -38.46628952
363 -33.47771454 11.14968777
363 -52.95036697 86.59893799
363 -90.91698456 44.42637253
363 9.917421341 11.60750961
363 37.0066452 -40.37928391
363 93.9666214 -40.32936096
363 118.2367783 -12.92903805
363 38.01880264 88.35930634
363 -50.78736496 107.4418411
363 -120.5780563 80.92034149
363 -121.9281158 29.45532227
363 -66.4033432 3.465569973
363 17.2998848 -12.68671703
363 10.77386189 11.15772343
363 96.01422882 2.410562038
363 95.40076447 -59.94194031
363 109.9895706 8.870420456
363 185.5153351 34.98417664
363 214.8810272 3.712410688
363 54.95277786 88.39585114
363 45.48468018 61.2834053
363 107.5823441 112.9863129
363 -39.97128296 125.2821426
363 -92.4124527 99.2280426
363 -156.5556183 93.85915375
363 -40.71556473 -2.395460367
363 -32.16031647 -14.61548138
363 40.17281342 35.27374268
363 123.6822891 -87.34412384
363 65.20669556 -55.94273376
363 97.09213257 76.02259064
363 112.0355148 164.1250305
363 81.62471008 69.52710724
363 28.46938133 39.48723984
363 158.5687561 112.308403
363 112.45327 109.2752609
363 -5.803625584 145.710022
363 -213.384613 129.0689697
363 -71.90968323 -27.47192192
363 -30.51126099 -64.28208923
363 92.77124023 38.63994598
363 139.4611053 -99.61610413
363 99.06668091 -28.52637482
363 108.4404678 70.37786102
363 99.62539673 42.42734146
363 34.47996902 39.58650589
363 48.73175049 15.46570301
363 -57.95900345 -107.6163254
363 -92.66598511 -125.3481293
363 -56.0638237 -86.51366425
363 92.29177856 42.59663391
363 91.51979065 46.96968079
363 -72.63311768 -105.2289963
363 -80.32996368 -105.9024963
363 -151.7125244 -114.0632401
363 -128.892395 -104.6228561
363 -42.72604752 -92.38817596
363 -88.47374725 -123.0454178
363 -114.1830139 -110.3597946
363 -28.12559509 -81.07752991
363 -178.9342957 -138.7853241
363 -157.1516724 -127.4341965
363 -169.6180573 -115.4942932
363 5.168244362 -90.27761078
363 -129.9013062 -126.245079
363 14.92520142 -42.85380936
364 115.9199524 -13.9352417
364 55.02407837 -16.37570381
364 26.84511375 -28.04986
364 31.62454987 -14.4419632
364 101.8257217 -0.4322384596
364 70.15653229 -42.17279434
364 -30.05831528 -48.73392487
364 42.00870895 -4.440812111
364 -53.98997498 -59.99186325
364 118.2835083 8.081273079
364 -42.63687515 -29.1900177
364 -23.64658356 -45.00378418
364 -37.53842926 -61.60713577
364 30.14864349 -11.64583588
364 -75.86833191 -64.40251923
364 144.5143585 9.310721397
364 140.9550018 17.32205963
364 148.140976 0.6910498142
364 -92.74252319 -39.24645615
364 -53.98291397 -58.64063644
364 -27.82736778 -41.38911438
364 23.98829651 -24.13705063
364 -67.56565094 -69.09342957
364 -51.06393814 -63.16353607
364 239.1572723 32.03931046
364 166.2726898 15.65829086
364 179.3670349 8.696383476
364 93.87693024 -3.787051439
364 -148.6858063 -30.84975815
364 -123.3088684 -53.47958374
364 -25.99840546 -52.77172852
364 33.33105469 -12.87162113
364 -55.74119949 -64.66036987
364 -98.82540894 -48.96030807
364 -18.29405785 6.950342655
364 111.495697 -41.16544342
364 -209.1745605 -42.29809189
364 -182.2457123 -48.74616623
364 72.5679245 -8.44861412
364 10.19112968 12.07996941
364 21.53336525 3.476686716
364 -57.08641815 -58.09635162
364 -0.7204073668 -64.04473877
364 -101.8719482 -1.190009475
364 22.01698112 29.72901535
364 -197.1175385 -50.78771591
364 -251.1394196 -45.32097244
364 -235.7292023 -34.78897095
364 5.206106663 49.81032181
364 -2.687800884 5.977671146
364 49.39720154 43.38433838
364 -65.36582184 -4.497647762
364 -198.9200287 -36.1268959
364 -173.5794525 -31.7082634
364 69.77523804 31.80993462
364 -259.388916 -45.70773315
364 -231.8698425 -44.10124207
364 13.09680939 41.46405411
364 11.21830082 58.68845749
364 42.97351837 -4.675130367
364 39.48788834 41.95013046
364 -52.82358932 -8.407315254
364 -215.7796173 -31.80811119
364 29.62116051 89.30387115
364 38.97242737 92.88199615
364 129.7457886 109.1765594
364 80.48038483 103.3913879
364 50.57908249 103.7205353
364 130.332489 86.96611023
364 150.597641 120.3423004
364 210.1908112 154.0912018
364 117.2304611 69.61669922
364 179.0928802 128.8968048
364 116.0310287 129.8861847
365 141.95755 -66.64608765
365 68.82317352 3.816562176
365 -46.25694275 -31.40819359
365 115.9519882 45.88179016
365 -42.46512985 -32.38506699
365 -128.6684265 -100.9176865
365 137.2391968 138.4908142
365 -138.473999 -91.92101288
365 45.70160675 0.1035212278
365 -82.99906921 -85.96343994
365 -108.3758621 -125.8247757
365 112.9305038 152.7103119
365 85.68399048 144.6544189
365 170.2888641 157.8665771
365 -197.26474 -94.3932724
365 -207.8750153 -118.9396133
365 -202.3707886 -150.3059998
365 -111.5600586 -88.01226807
365 -185.9827271 -145.0553741
365 33.43982315 140.3368378
365 170.4963379 183.8274994
365 187.2561493 152.5958099
365 -199.3919067 -103.0853577
365 -212.1090698 -154.5343781
365 -367.0909424 -192.2602844
365 -49.96579742 137.3327942
365 91.08365631 120.2156677
365 194.43013 155.3071747
365 87.95222473 157.7627258
365 45.84588623 55.96666336
365 227.7275391 148.7053986
365 97.56337738 201.2130737
365 3.89508009 14.38812923
365 44.24238586 228.3161163
365 84.71971893 32.48229218
365 -28.28154945 -22.19782066
365 57.74899292 244.4085388
365 107.7207794 26.0517292
365 60.66172028 -24.02624702
365 80.9592514 33.02225494
365 -152.9164429 -102.9717102
365 41.12690735 230.5046082
365 112.0317688 6.301512241
365 77.69545746 -7.045856953
365 32.10944748 -47.16455841
365 87.73161316 58.78631592
365 -220.1772003 -155.2956543
365 -170.4971161 -102.8955841
365 78.72721863 223.4539032
365 129.562561 -0.7485161424
365 158.1170502 29.58693123
365 62.11633682 -18.38886261
365 99.44547272 -1.671765208
365 -58.40096664 -110.0291214
365 120.4744415 46.05934906
365 -195.8681641 -142.4622498
365 -184.2763367 -180.4141083
365 -195.3482971 -124.0132904
365 163.3369904 28.524086
365 192.5688019 54.66203308
365 -162.2630157 -106.8571243
365 132.1211853 34.84638214
365 -207.7889099 -129.9816284
365 168.2335358 38.77994919
365 176.4775085 77.71813202
365 234.6493835 51.04729462
365 -208.0787201 -133.9360352
365 -176.5781555 -111.4002991
365 143.9093018 29.30041695
365 -214.0644836 -144.2474976
365 165.5852661 44.91050339
365 -233.8500519 -130.7949677
365 -171.4067383 -101.4081497
365 194.3252563 35.56476593
365 -216.4339905 -118.9018478
365 -170.2254333 -101.8709869
365 222.6407776 34.87391281
366 116.2393112 -0.1499599367
366 128.306076 23.930933
366 140.1023254 40.94594193
366 142.1051178 37.53869629
366 154.9525604 34.47620392
366 225.4520874 47.8913765
366 112.104744 23.22013664
366 334.6291199 65.25462341
366 274.2472839 89.32709503
366 -71.90397644 -16.96081352
366 379.6213074 114.0263748
366 363.8439941 62.50806427
366 298.4558105 106.7466431
366 -124.3824234 -11.71885777
366 -106.1618423 -34.22571182
366 317.3287048 107.9941254
366 366.3717957 35.97967911
366 -176.9854126 -36.87613678
366 -177.2583313 -12.73297691
366 -116.527504 -17.77168465
366 -169.1146851 -74.5687027
366 325.1594238 121.1407318
366 245.4615784 38.95582962
366 409.311554 -6.563895702
366 -182.7492828 -45.62582779
366 -51.30514145 13.77673149
366 -197.8830872 -51.74317169
366 -185.427597 -72.19189453
366 -177.5410919 -82.50006866
366 -175.2951965 -68.76888275
366 179.4112701 58.39294434
366 416.4292603 -62.15596771
366 -200.8171997 -69.05544281
366 31.32394028 56.92531204
366 -198.66716 -56.60752487
366 -209.1457825 -98.30640411
366 -170.6251831 -90.2984314
366 -186.3949738 -87.02461243
366 93.31355286 28.97419548
366 -213.7773743 -80.27162933
366 91.53395844 84.50335693
366 -12.58467102 43.63698196
366 -227.6585999 -57.31173325
366 -177.101532 -136.6059265
366 -157.7451477 -70.69117737
366 136.5159607 45.74119949
366 -25.98910141 57.18170929
366 -250.6261749 -87.6544342
366 -9.616281509 42.5016098
366 -244.3162537 -66.07738495
366 -129.2949677 -136.7662048
366 -233.8707123 -143.9024658
366 -144.0740662 -87.46954346
366 -174.0353546 -69.54450226
366 135.3829803 43.01821518
366 -142.9821167 -28.85006523
366 -34.77319336 82.01655579
366 -270.346344 -102.2435226
366 -285.0783386 -74.96268463
366 -251.0715942 -151.4039459
366 -180.977417 -105.1653442
366 -188.1507568 -77.79405975
366 173.0837097 94.12368774
366 -109.3640671 18.01891899
366 -192.6427002 -104.9801941
366 -190.6190338 -70.09306335
366 -130.6231079 43.07802582
366 -121.4107971 -13.37902546
366 -19.73497963 11.54654217
366 -207.5868988 28.45818138
366 -136.328186 -26.80228806
366 61.53792572 34.62587738
366 15.48403358 -44.35203552
366 -222.4412231 5.185268879
366 147.3580475 57.77574158
366 32.64459229 16.7901516
366 183.3763123 133.9524384
366 209.4351654 62.99487686
366 138.1213531 90.2335968
366 3.37543726 7.043476582
366 229.396286 122.5514145
366 258.8864746 167.0238037
366 231.6244812 93.85469818
366 170.9151917 103.0962982
366 -18.1581192 -13.95318127
366 308.3215637 149.1631317
367 -159.0549622 83.25283813
367 -91.27945709 102.2073059
367 -24.19703484 113.5357742
367 -38.27872086 124.2464371
367 -0.4394075572 166.7006226
367 -51.27106094 164.3014526
367 20.15252304 104.5597763
367 8.798739433 83.39756775
367 -37.46504974 115.1594238
367 -20.67164993 71.30209351
367 0.2213348299 72.80835724
367 -5.313934326 51.47919083
367 -52.74765015 84.51888275
367 -31.05344963 68.60330963
367 -97.39598846 99.58470917
367 -51.38599396 58.03229904
367 45.40275574 -17.23436928
367 57.52331543 84.23092651
367 -84.30402374 28.71181107
367 29.43003464 157.9949646
367 -107.7650909 78.31589508
367 -29.76631737 0.1922084242
367 -28.66580009 83.84501648
367 -88.93813324 124.2647171
367 -39.59848022 84.88263702
367 -75.09428406 52.93247604
367 27.93370056 -124.3496704
367 133.8185883 8.444214821
367 3.332116604 66.71649933
367 19.39006805 48.54448318
367 -112.758194 4.081066608
367 -15.33596325 -48.00247955
367 -29.27163887 35.13690186
367 -26.02123451 82.43632507
367 -55.0687294 94.19438171
367 -48.55274963 50.26641464
367 90.82440186 -146.1116333
367 101.9183044 -110.7918701
367 18.1892643 -103.6208496
367 190.3788605 16.17442131
367 91.27307129 -77.21616364
367 223.2399902 35.32836151
367 -127.5934906 -48.65814972
367 -75.83325958 18.42400169
367 5.168887138 -67.31053162
367 -37.4401741 -51.02215195
367 -45.45956802 51.96931076
367 -84.67630005 81.65000916
367 -107.9679794 103.6948471
367 -96.15484619 52.4244957
367 142.1066895 -166.9836884
367 60.174366 -153.788559
367 35.04010773 -91.99259186
367 245.5384674 1.276418209
367 236.9720459 25.6969223
367 125.1355591 -132.7182922
367 65.6837616 -81.5453949
367 7.181213856 -98.14661407
367 -39.24801636 -63.66008377
367 -143.0607605 26.01955032
367 -154.1399384 64.83233643
367 -92.66278076 138.4257812
367 -134.2299042 124.9238129
367 81.25999451 -47.74867249
367 295.427063 -59.65341949
367 279.3233337 22.10720634
367 129.5613861 -154.6376953
367 160.0298462 -150.6097107
367 61.05753708 -138.9538116
367 66.35379028 -123.762825
367 41.87766647 -63.86957932
367 -51.34318161 -139.4515991
367 -44.59780121 -106.0697479
367 -77.12186432 -144.3904724
367 -89.53614807 -169.2612
367 -115.7256393 -162.5552063
367 -80.38635254 -162.7155762
367 -100.8459625 -204.9958801
368 -38.37499237 -75.69639587
368 -40.31373215 -84.73898315
368 -26.95389366 -76.64144897
368 -61.11857605 -79.90052795
368 -7.593120575 -77.65242767
368 -95.13685608 -114.1983643
368 55.67638397 -49.40397263
368 81.31713867 -55.37432861
368 123.0543442 -9.617910385
368 227.4086456 16.13929558
368 46.52197647 -12.74243355
368 66.39164734 -17.52100182
368 338.4369812 35.67988586
368 -8.079450607 -4.833627701
368 35.1852684 -12.8243351
368 158.5679169 -14.20296001
368 -42.60377884 0.8000797033
368 -123.4641571 -68.04472351
368 117.5073395 2.752873421
368 194.5585632 -5.706285477
368 -81.92441559 13.1131258
368 -44.50447845 1.759260297
368 -120.758812 -97.8642807
368 -172.3890076 -58.50666428
368 -167.0857239 -55.81557465
368 -99.41592407 7.110501766
368 -6.074566841 97.14725494
368 -80.59196472 -89.79042053
368 -192.2248077 -99.70132446
368 -210.8809662 -56.59497452
368 23.38477707 155.1477814
368 68.97814178 -27.30345154
368 -54.95100021 -94.05251312
368 -252.7895508 -106.7445679
368 -210.9500732 -38.72246933
368 54.04360199 138.8136902
368 -1.28374362 214.5239868
368 9.78885746 138.2305756
368 127.6460342 18.2577343
368 -98.63471222 -107.0756226
368 -62.433918 -107.314827
368 -275.3542175 -95.56868744
368 49.56955338 131.2837219
368 97.11152649 159.342453
368 -49.95427704 236.7782288
368 85.24848938 127.1170197
368 182.8221436 67.01454163
368 149.411026 24.16337395
368 -21.3142128 -118.3070221
368 -290.4854431 -80.03723907
368 31.24393654 127.2279663
368 130.700119 159.2281952
368 -11.20219517 237.2402649
368 134.4612579 123.6729431
368 191.6133575 85.18024445
368 167.4741211 92.49320984
368 -84.57868195 -174.6934204
368 48.7753334 -114.0047379
368 32.03294754 -94.66960907
368 -9.599444389 -128.4736023
368 -331.4797363 -64.71179962
368 65.51177979 124.5799637
368 39.5440712 154.4424591
368 226.3061676 94.34835815
368 208.7530823 42.70852661
368 -156.4697571 -209.4932098
368 -93.66229248 -172.2769928
368 55.58592224 124.5253448
369 161.2482147 -34.40347672
369 102.2835388 -41.09337616
369 6.983622551 -43.93586349
369 11.08279896 -58.08792496
369 52.70514679 -10.34975815
369 17.03686714 -66.13587189
369 14.02750111 -55.77742004
369 27.9568367 4.646889687
369 3.196349144 5.549730778
369 -41.16199493 -12.28790855
369 7.728336811 14.56424236
369 -72.74948883 -21.8806591
369 -60.59506989 -13.16077137
369 -12.55143547 33.73241806
369 -77.07514191 -19.88250351
369 -131.6682281 -27.27507973
369 -48.50994873 -2.582718134
369 39.60298538 97.44528198
369 -163.9215393 -26.67012787
369 -81.10956573 -22.37728882
369 88.48273468 94.44418335
369 43.69620132 101.7398605
369 113.3113174 103.7781525
370 217.8873444 87.84359741
370 198.6266479 81.90328217
370 160.6629791 56.29507065
370 142.3924561 29.29111481
370 146.4521179 43.25300598
370 136.8579559 10.49527454
370 112.6165085 -3.880625486
370 147.0539703 73.3454895
370 134.8259125 0.5584533811
370 107.8044128 -0.09322143346
370 110.2414703 1.293203115
370 15.21310616 -13.582201
370 136.8441925 -16.76933479
370 135.7450409 82.00659943
370 185.3960114 -3.83301115
370 40.64023209 -28.21805
370 70.51704407 1.87318933
370 -21.12226486 -45.21225739
370 2.598440886 -22.93194389
370 30.45653152 -14.02031898
370 160.7435303 2.966952562
370 113.5138016 110.0357742
370 164.4997559 33.28453827
370 220.0771332 -16.93868637
370 215.636673 -27.85599136
370 -53.574646 -36.37537384
370 -30.94945717 -38.02356339
370 -33.19734192 -55.63352203
370 85.70674896 45.7522049
370 -40.26834106 -51.67924118
370 -30.62518692 -50.02838135
370 -45.48955917 -43.0887413
370 91.87416077 113.9822235
370 -134.1773529 -80.29882812
370 -55.96492386 -44.24134064
370 -113.4620361 -73.74753571
370 -57.06610489 -73.11764526
370 68.56897736 66.46240997
370 85.0158844 76.74106598
370 -34.73386383 -54.83029175
370 -75.61518097 -40.54814529
370 -70.46162415 -39.14422607
370 -36.9448967 -22.50039673
370 -60.87693787 -66.13917542
370 -50.88682938 -48.30952072
370 54.56772232 136.6804504
370 -123.9074326 -61.83274841
370 -175.9395905 -106.3777695
370 -152.9671326 -33.22201157
370 -90.64876556 -62.28089523
370 -161.5067749 -91.80139923
370 -99.33480072 -73.14117432
370 -96.38017273 -65.37405396
370 90.9566803 86.23392487
370 69.82763672 86.23467255
370 37.65639877 68.5819397
370 76.05825806 89.55657196
370 121.2698746 97.36912537
370 -66.15184784 -63.36358261
370 -99.0140686 -8.465532303
370 -122.9477158 -44.92716217
370 -55.02390289 -66.89427185
370 -84.06971741 -60.65819931
370 55.80054855 153.1940002
370 -155.8138123 -79.8455658
370 -245.934021 -107.3180313
370 25.90573692 84.42447662
370 42.08008575 122.4634399
370 184.6393127 108.5292358
370 135.9861755 112.7740479
370 -28.09854317 -45.35832214
370 -170.1756744 -79.98704529
370 -295.2694092 -107.4071274
370 -31.9413681 100.5778732
370 -0.5364941359 134.5981445
370 -176.8542633 -54.47335815
370 -148.0280457 -114.3461151
370 -330.8855591 -80.65441132
370 -302.1689148 -98.16879272
370 -94.38443756 89.57099152
370 -79.81799316 128.7671204
371 44.8874588 -52.53610229
371 85.23120117 -43.64859772
371 32.59109497 -70.35514069
371 38.17363358 -43.82292557
371 58.19528198 -61.07429123
371 79.78308868 -93.1283493
371 89.56599426 -55.60495377
371 97.62015533 -36.72786713
371 55.09150314 -29.94247627
371 75.14107513 -47.93818665
371 15.57932091 -75.3432312
371 48.92475128 -108.7765884
371 64.10584259 -105.9359589
371 95.4537735 -56.09497833
371 83.57661438 -47.30434418
371 40.10970688 0.1434767991
371 60.4938736 -26.80058861
371 75.96649933 -55.64570618
371 43.7409935 -86.64655304
371 -40.20272446 -76.14775848
371 101.2379227 -130.5436707
371 18.10195541 -174.7563782
371 106.8814697 -91.7802124
371 48.93990707 -130.5856323
371 92.99253845 -93.5098114
371 150.155777 -49.65028763
371 61.75672531 46.43476868
371 -16.24736214 45.00577927
371 60.54689026 -64.2312851
371 -78.79637146 -45.76132584
371 33.07274246 -158.8540955
371 57.98202515 -117.6315002
371 129.29216 -73.06583405
371 153.9532776 -15.74189186
371 -68.91228485 103.7491226
371 12.09438515 -144.4892883
371 175.9859009 -135.5731049
371 -117.5547562 78.96348572
371 -44.66925049 119.0168839
371 -52.57035446 96.7531662
371 -132.1294403 107.7000427
371 -36.64151001 48.36756134
371 -167.228302 78.96278381
371 -171.3607483 103.6769943
371 -53.62144852 150.1906128
371 -26.4159317 89.78527832
371 -38.61605453 77.31677246
371 -128.9476776 107.7123947
371 -38.44474792 64.05208588
371 22.79031181 65.72053528
371 -199.3723602 81.08178711
371 -201.6005554 104.9285355
371 -60.68362045 161.7020264
371 24.43041611 115.6089401
371 -135.6696777 105.1814575
371 -24.52638054 68.74480438
371 -191.0809631 54.83266449
371 -194.368454 110.9062042
371 -241.3977051 108.1239243
371 -81.4197464 186.2531281
371 108.0320358 118.7338104
372 -173.5588684 -193.4138947
372 -128.3768616 -177.0068359
372 -120.6809692 -198.8369751
372 -196.3389893 -220.9904633
372 -201.764389 -161.1696625
372 -116.470108 -123.9160767
372 -147.3388672 -186.5557251
372 -50.84101868 -159.4347992
372 -48.06075668 -5.500534534
372 -119.5819778 -151.9603577
372 -132.085144 -184.3173676
372 -2.407707691 -121.9049301
372 -15.005126 64.80736542
372 -4.570230007 19.5230751
372 -96.73197174 -20.7996769
372 -206.2489777 -200.4803314
372 -52.71054077 -148.6724854
372 58.24808502 -74.4141922
372 -11.95246792 70.17572784
372 22.15838051 128.7621918
372 41.58942413 33.53799057
372 5.147388935 43.42327499
372 147.3887634 -28.37871552
372 66.01435852 170.1266327
372 126.6596756 143.6974792
372 -35.70638275 106.3765564
372 94.1791687 63.81137848
372 191.0273132 205.880661
372 101.9753342 121.9707031
372 253.598053 211.0295868
372 196.5400391 176.2373657
372 -78.96826935 82.90463257
372 223.5268707 112.6288605
372 127.9571915 87.54898071
372 372.9584656 291.3259277
372 219.2520905 165.4664764
372 245.0818939 155.0212097
372 194.8070984 190.9277802
372 149.7246246 85.67172241
372 -63.11911774 67.70072937
372 -93.12094116 99.99401093
372 227.9601898 110.9652176
372 263.8305969 110.90522
372 122.9580002 89.58117676
372 277.8302307 147.2511597
372 40.16545486 25.46296883
372 176.9180603 105.1937485
372 -83.8576889 21.5742321
372 -79.44612122 98.63175201
372 -111.4098282 94.00950623
372 221.28508 52.17393875
372 231.3662567 80.58204651
372 134.9256592 97.36515045
372 116.8503799 92.25753021
372 337.3383179 164.0421448
372 -2.607170582 -12.43254089
372 238.7771759 119.033905
372 -57.36052704 -5.771147251
372 -106.4432831 12.77491283
372 280.9903259 43.60809326
372 344.5154419 171.0306091
372 -76.46976471 -69.94124603
372 307.9554138 38.15503693
372 358.1765747 178.2397766
372 335.7848206 198.166626
372 -186.2417145 -111.1897583
372 -43.14218521 -79.33812714
372 333.1723938 198.4621735
372 -232.3347778 -145.0533447
372 -245.1927185 -128.0945587
372 -23.33713722 -101.1846542
372 -243.1795502 -146.3506927
372 -184.2734528 -111.5298157
372 -283.0755615 -176.3734131
372 -288.4470825 -151.6694946
372 -243.60849 -142.1897736
372 -92.49951935 -70.34990692
372 -207.4147339 -145.3981476
372 -351.6960754 -148.5514526
372 -272.6786804 -178.300415
372 -314.2942505 -132.976532
372 -244.8691254 -137.250946
372 -190.109726 -176.3246155
372 -395.9240417 -185.4470673
372 -332.5632324 -100.9751129
372 -200.5184631 -133.5714111
373 -5.383117199 -107.2693024
373 12.67635441 -104.4324036
373 -38.93213272 -111.2953491
373 3.626857996 -98.5977478
373 -87.45188141 -122.5639496
373 55.29347992 -79.37837982
373 86.31092834 -63.49500656
373 91.21378326 -70.68490601
373 160.7683105 -64.06523132
373 152.3077087 -28.99757004
373 95.04893494 -61.21901321
373 168.7451172 0.587205112
373 46.13545227 -76.03073883
373 173.7367401 24.1123085
373 184.7431335 11.92031288
373 165.3509064 35.06908417
373 237.554306 -8.957026482
373 141.7933502 43.86172485
373 252.7305145 -38.89695358
373 133.0140076 73.98548126
373 278.3551331 -50.27259064
373 115.8905792 80.80464172
373 151.2314606 91.84716034
373 316.5019226 -58.89305115
373 203.338562 -40.28846741
373 218.6019592 113.3834152
373 80.22123718 79.11509705
373 133.1782074 -38.82955933
373 54.82712555 78.37232971
373 141.0320587 114.7304535
373 63.58882904 45.20943832
373 74.05734253 -30.09072113
373 189.5259552 -19.13717842
373 224.0076752 150.1211243
373 1.977297306 2.270963192
373 1.555164576 -48.194767
373 127.7393417 2.785862446
373 211.2882843 -18.21890259
373 -128.1300201 -41.89894485
373 14.46791172 -18.56113625
373 -9.869552612 -38.13991928
373 -40.83261871 -27.79306793
373 148.2224884 74.74091339
373 -177.3856506 -67.12926483
373 -170.3033752 -66.13826752
373 -81.91567993 -44.60483932
373 -60.4009552 -33.73250961
373 -46.57187653 -28.49302483
373 -92.05257416 -42.24821472
373 124.9527359 127.2792206
373 -220.1032257 -88.41001129
373 -219.073761 -85.01885986
373 -167.4008179 -40.35094833
373 -90.94717407 -37.14102936
373 -92.16079712 -41.91180801
373 179.9093323 143.3799896
373 55.12563705 150.6798859
373 -210.2992554 -101.981163
373 -262.2934265 -40.67683411
373 -100.8432617 -21.68012619
373 54.84754944 178.6968079
373 -273.03125 -125.2910233
373 -276.2370605 13.5672245
373 -296.6905823 -70.03324127
373 -113.6871643 -9.752145767
373 12.69271088 164.0382233
373 -240.2324677 69.65304565
373 -308.8548279 -88.31706238
373 -3.216406822 41.15982056
373 -186.4629517 -35.63393784
373 -49.20284271 162.7586212
373 -195.4099731 118.7863998
373 51.26193619 66.17697144
373 -162.6743317 -22.85366631
373 -283.6875916 -88.25894928
373 67.11309814 115.8568344
373 -145.9269409 -22.20052338
373 -339.2095642 -128.2737579
373 119.8853836 113.156517
373 110.543251 175.8565369
373 121.1306458 121.9332962
373 -138.7643585 5.587342739
373 -96.18884277 -1.940931559
373 -338.5651245 -161.6448669
373 297.7669067 185.1700592
373 255.7739563 168.2175903
373 -153.0983887 11.15964031
373 -94.16176605 -23.04789543
373 -364.0083008 -173.0648041
374 353.7544556 199.6361084
374 240.0548706 128.0982971
374 225.0400696 117.3613129
374 234.425415 94.70770264
374 177.7038727 91.53762054
374 125.2643585 89.25431061
374 98.71112823 96.80505371
374 40.35412598 59.62542343
374 149.1834412 110.9443283
374 150.9788971 135.5629883
374 60.46577835 114.5811234
374 -9.170022964 45.06978989
374 42.83095169 24.80797768
374 69.46238708 143.2992096
374 -8.164172173 84.17882538
374 137.4185486 138.5647888
374 -47.900177 29.6819191
374 22.2339592 17.15413857
374 -23.78580856 54.94661713
374 194.0787811 168.2295227
374 -74.13663483 4.47349453
374 -23.35044861 -19.77303886
374 -89.19457245 98.91881561
374 -64.83349609 16.59864044
374 -79.33406067 -24.43539429
374 -75.69808197 6.938450336
374 17.02996635 -43.34843445
374 -111.6893387 127.3732834
374 -71.63380432 -20.02331352
374 -109.2554855 -53.22865677
374 -96.2542572 27.47571182
374 26.98849678 -82.29736328
374 -136.0708313 142.7567444
374 -60.56134796 -69.6115036
374 -114.4832764 -78.86207581
374 18.49374771 -107.9053421
374 -56.06377029 -57.41625595
374 95.61538696 -46.31803513
374 -129.9909515 -106.7119064
374 -106.8658981 -85.84697723
374 -84.71325684 10.25094604
374 -58.08709717 -61.59531403
374 112.79496 -46.07434464
374 186.3233795 -64.91749573
374 -139.7092438 -182.6039276
374 -109.4485397 49.06347656
374 -64.72062683 -68.7723999
374 101.2159576 -18.18552589
374 99.51029968 -44.00895309
374 -147.9998016 -202.0174561
374 -213.8775177 -220.907074
374 -96.70201874 34.83773804
374 -124.3016739 75.8563385
374 -46.18843842 -76.41431427
374 81.4461441 5.529075146
374 92.85384369 -37.15426636
374 100.5764694 -61.80871582
374 94.48148346 -67.91812897
374 -180.8301086 -267.9011841
374 -283.1539917 -247.4260406
374 -125.0271759 54.41437149
374 -126.5390472 50.33350372
374 -114.838768 55.42454147
374 -40.88316345 -110.4965363
374 -2.006968737 -39.20730209
374 98.17259216 -91.10469055
375 -267.255249 -78.70194244
375 -284.9367065 -92.83905029
375 -196.1542206 -59.44916153
375 -248.538147 -101.3801422
375 -110.5880508 -21.75994682
375 -320.5115662 -113.9791031
375 -131.1588135 -9.933919907
375 -25.14905548 -10.22353172
375 -74.54576874 -42.78809738
375 -340.6558838 -118.1699066
375 -355.6334839 -106.8071671
375 84.68569946 6.769953728
375 -33.84570312 -21.36039925
375 -363.1678162 -150.6947327
375 -363.0258179 -110.1068878
375 156.9924622 31.73903656
375 179.1726379 24.8288002
375 72.240448 -34.10494232
375 -50.89391327 -63.51253128
375 3.349949121 27.03013802
375 173.341568 73.27565765
375 20.74744797 -76.25998688
375 115.8454361 14.83591366
375 -1.069213986 -76.4243927
375 -95.57220459 -74.65863037
375 -17.55245399 27.89446068
375 -9.483510017 38.62407303
375 13.42809963 49.58933258
375 182.4677429 143.9915924
375 -62.90158844 -157.131424
375 188.7049713 77.58089447
375 -123.6273422 -97.11215973
375 -113.4146805 -88.88497162
375 -20.2745285 10.55287075
375 -5.691539288 65.05536652
375 74.46411133 75.84272003
375 252.0426941 196.8526917
375 213.463623 138.0897675
375 152.4810791 111.6905518
375 -165.9813843 -244.1929626
375 280.5481567 139.1363831
375 -182.4992523 -126.0987091
375 118.2024231 101.8916016
375 94.01833344 111.6207428
375 304.5697632 228.1663818
375 255.8418121 228.3400421
375 169.7489777 110.8263245
375 97.17597198 93.05846405
375 -278.488678 -242.4945984
375 -162.9671478 -292.6690979
375 318.5195923 204.4224854
375 278.1425476 130.5555573
375 -211.4600372 -154.1882324
375 -227.469635 -125.3742523
375 49.52032471 123.9485474
375 135.9110565 118.696579
375 334.9880371 243.8834076
375 282.2352295 250.5046844
375 95.13884735 72.83026886
375 -293.7548523 -232.5804443
375 -286.2167664 -244.2902985
375 -158.1286163 -321.5394287
375 -154.3796082 -340.739624
375 377.5110168 254.9131317
375 329.5049744 209.8538055
375 220.2039795 82.68032074
375 -227.0758972 -155.1200562
375 -244.287384 -183.4202576
375 137.9583435 162.4608765
375 163.992157 120.1530075
375 281.1972351 266.8046265
376 -97.70856476 112.0628357
376 -83.2265625 100.8423538
376 -79.50752258 123.1876602
376 -128.4381256 93.22737885
376 -14.41857052 120.3817749
376 -112.3384781 70.70276642
376 -141.9975891 92.47647858
376 52.98377609 116.0793533
376 -102.5398331 42.4672966
376 -162.5612946 107.7007599
376 11.70303822 108.1226273
376 119.5597382 133.4326019
376 1.288481951 24.62062263
376 164.30896 150.921814
376 13.23779964 -65.07072449
376 51.5580368 3.388229609
376 99.5719223 116.7605362
376 164.1108398 148.9021301
376 -66.92724609 -97.30337524
376 43.30382538 -30.01572418
376 101.9378281 22.87698174
376 74.37620544 58.62461853
376 199.7917175 123.4439774
376 220.2798004 192.9993439
376 -127.2521973 -122.8293991
376 -163.0021973 -148.6291962
376 -52.1517334 -133.7601776
376 63.91904449 -69.30828857
376 86.17879486 24.92547798
376 159.2774353 57.12660599
376 187.0910034 131.4024658
376 254.2361908 126.0032883
376 -105.760788 -126.1741257
376 -177.2843781 -166.7106628
376 -234.9678345 -201.4994202
376 -102.7414322 -173.3835754
376 -118.0109787 -128.3177338
376 73.64631653 -99.24340057
376 224.7992249 97.60514069
376 185.2874603 71.39927673
376 135.672348 140.0579681
376 326.3347778 148.8651886
376 -146.5996399 -101.6426773
376 -193.772644 -192.6945953
376 -144.7898102 -243.5453796
376 -139.2956238 -198.3605042
376 43.34810257 -110.1580276
376 270.1250305 98.09759521
376 277.0621643 114.7687225
376 109.8775635 178.3197327
376 377.1469421 170.3273468
376 -209.7080078 -102.1623306
376 -214.7288818 -212.5085907
376 -163.5852356 -244.7111511
376 -153.5481873 -214.6229858
376 36.6876564 -101.6604767
376 30.63438988 -93.9053421
376 286.7149963 117.3004227
376 258.7283936 82.12769318
376 296.0569153 89.12602234
376 321.7616272 143.7336578
376 122.6418686 211.181076
376 115.6230621 203.1463623
376 99.44927979 160.6027527
376 -277.1810608 -120.7048569
376 -251.6533356 -224.6898956
376 -255.3656006 -243.1804657
376 -184.7891388 -223.026413
376 -168.514679 -285.8075867
376 178.5271454 228.7071838
376 78.13223267 143.5686188
376 -279.5193481 -142.094986
376 -283.8648071 -85.64955139
376 -268.9751282 -52.14812088
376 -260.428009 -7.491057396
376 -249.8174744 -38.60393524
377 105.3076782 -34.42618942
377 137.250946 -8.395862579
377 102.0363693 -14.39319229
377 94.62579346 9.094749451
377 125.0861206 -25.77630615
377 97.88019562 -6.525464058
377 122.5535507 35.39865875
377 130.9507446 -8.698477745
377 38.9426384 19.77061653
377 128.0073242 -34.99583435
377 80.44706726 14.35625744
377 145.7702789 -2.259459734
377 117.4430542 76.6388092
377 40.0542984 50.18899155
377 -19.94162941 6.91236496
377 123.1072998 -52.77140427
377 -7.520003319 -14.98310089
377 179.9697876 123.3451233
377 21.61096001 42.4573288
377 51.69215393 61.9319458
377 -29.53925133 -30.38556099
377 -57.44021606 -41.81753922
377 156.2174988 140.0470276
377 220.7396851 178.0119019
377 -49.21861649 6.42436409
377 23.68445969 30.35809708
377 115.389183 102.4226456
377 -102.2947083 -98.80470276
377 -121.0771866 -62.26922226
377 89.60904694 137.7182312
377 254.2395172 189.8584442
377 -124.5048828 -34.96554565
377 16.07371521 30.45660782
377 190.7783661 150.8842316
377 63.42322922 115.17556
377 -83.85621643 -132.1744385
377 -215.0498047 -144.1920624
377 -153.5146332 -96.54875183
377 94.05529785 127.5148849
377 153.9658813 186.520401
377 269.2360229 195.2536163
377 -163.2205505 -69.32530212
377 -143.2447968 -43.46598434
377 -156.2397308 -46.74537659
377 77.18856812 54.95879745
377 -67.87377167 35.10641098
377 155.5528412 119.3863373
377 226.2362976 169.5422821
377 211.9691162 155.9227753
377 -66.39033508 -166.4138947
377 -265.8740234 -150.9867401
377 -285.6712952 -184.9815674
377 -230.4044495 -143.3541718
377 151.4425812 175.5914917
377 230.0904541 235.4737396
377 368.5552063 220.506485
377 -117.2319183 -67.91358185
377 -134.1002045 -119.3602829
377 -218.5842438 -73.27267456
377 -135.6079102 -66.73810577
377 -150.8757172 -26.29020691
377 -161.7707367 -53.28907013
377 -160.1341705 -48.68068314
377 117.9944458 56.70811081
377 137.1240234 89.71657562
377 -93.95610046 77.50791168
377 203.9648743 102.4787445
377 232.666153 158.4346161
377 -24.13583565 -191.9933624
377 -301.0857239 -145.1027527
377 -310.0110168 -187.0647583
377 -226.9144745 -136.0654755
377 226.2067719 279.8841553
377 -101.9230423 -91.56503296
377 -84.01474762 -103.571579
377 -185.6328583 -146.5112457
377 -146.1160583 -136.8108826
377 -203.4468231 -45.19600677
377 -127.3920135 -15.67425919
377 -161.3215942 -50.58981323
377 167.3191223 99.89095306
377 -127.3903656 102.3083725
377 -108.1394348 96.29806519
377 223.6850739 38.07086182
377 12.57318783 -209.2396545
377 -50.19330215 -169.4716492
377 18.22819519 -194.055603
377 -355.8016968 -213.7312775
377 -222.2893524 -156.6834869
378 18.74547005 103.3225708
378 32.47437286 131.4549255
378 14.46938038 75.61761475
378 49.328228 124.1522446
378 -18.21131325 31.54860306
378 -21.21754265 79.60066986
378 29.43749237 49.82275772
378 24.07383919 118.3198624
378 37.39541245 81.84175873
378 72.82180786 46.3908844
378 64.88601685 156.1535034
378 12.86434174 125.6974945
378 49.21281433 54.66340637
378 82.55392456 -20.07006264
378 91.32171631 76.48429871
378 105.7410126 36.68149185
378 14.44495869 50.59225082
378 24.00144958 -28.22382164
378 97.78437805 -3.195087194
378 49.33024597 -10.82870007
378 19.24213791 46.35086441
378 207.6436768 -9.288208008
378 -53.23490906 38.87268448
378 -16.63385963 -33.40955353
378 -97.43912506 -48.1701889
378 47.29217148 -49.64154816
378 133.0914612 -36.95335388
378 112.319603 39.98065186
378 -31.39389992 -30.51248169
378 -79.52087402 -3.73489809
378 272.5678406 -41.3183403
378 -94.50061035 71.20002747
378 -15.45113659 6.23313427
378 -83.84570312 -57.64490891
378 -109.3411865 -69.92904663
378 -146.8180542 -61.62949753
378 57.0018425 -61.27619553
378 -12.79570866 -45.91583252
378 199.0644684 -59.3817749
378 48.23029327 44.4386673
378 186.3332977 68.28575134
378 -54.39186859 -35.58014297
378 -173.7531891 -63.42008209
378 -134.6285553 111.6535187
378 -54.6868248 -59.31352234
378 -29.46957016 -34.87084961
378 -145.4950256 -98.60320282
378 -36.91719055 -45.60160446
378 -24.52420807 -61.9756279
378 205.2897034 -57.66819
378 15.25748634 52.70445251
378 216.1356659 63.99610138
378 -57.73240662 0.1342207938
378 -44.55464935 -34.30101395
378 -228.9273834 -90.15505981
378 -153.0273285 -102.6723175
378 -53.69845581 -46.8160553
378 -76.44300079 -40.40479279
378 -250.0936432 -142.9563446
378 -14.54706669 -41.23644257
378 12.73388481 -14.89053535
378 159.4153748 -60.46792221
378 5.197998047 75.96857452
378 -48.64845657 16.55935669
378 244.1950684 79.84413147
378 -75.03388214 -40.29334641
378 7.64839077 -25.97990608
378 -60.2308197 -45.38711929
378 -297.8103333 -130.3549957
378 -223.9385376 -113.4891357
378 -17.45507431 -23.52685738
378 -86.28713989 -58.81432724
378 -38.25223541 0.3391258121
378 -138.0074768 -46.6294899
378 -65.25830841 17.24778748
378 108.5661316 -72.7116394
378 -13.99563599 109.9289246
378 -77.38819885 10.57224178
378 -62.17419052 21.2018528
378 305.2704468 89.49095917
378 293.6782227 83.52571869
378 -92.90335083 -34.89519501
378 -83.43733215 -1.77548039
378 103.4012604 -13.04504013
378 -136.3481293 -81.91329956
379 81.20574188 184.1786346
379 85.2620163 209.2984619
379 115.2353439 180.0523682
379 118.1196518 164.0282288
379 141.188385 174.0703735
379 67.28974152 109.6141891
379 139.8592987 198.7159882
379 76.68743134 78.9174881
379 81.40312195 173.2660675
379 83.9582901 38.54611206
379 77.32324219 55.6847229
379 175.3572083 235.6480865
379 31.88205147 23.55160332
379 92.80444336 74.02625275
379 74.837677 84.44752502
379 47.6116066 66.62391663
379 37.71986008 -15.92440033
379 13.39083862 33.34023285
379 3.644210339 6.231612682
379 10.56882668 -9.754045486
379 1.252495646 19.60119629
379 68.3409729 64.7828598
379 68.41622162 54.1101265
379 -1.506282806 14.84502697
379 27.17715645 103.0164108
379 -19.45159912 -79.73569489
379 -13.45549488 -53.7393074
379 -69.63868713 40.0414505
379 37.12234497 30.66560364
379 -50.05772781 -12.91177177
379 29.58397293 -32.027771
379 -35.89168167 -59.16813278
379 73.44084167 44.62461853
379 -40.70100021 -4.782876968
379 -29.46813011 -5.298069954
379 10.95057297 114.5650787
379 -48.57367325 -98.04047394
379 0.5626103282 -62.0550499
379 -38.95402908 -59.89570999
379 -106.3520966 40.04226685
379 28.14507675 13.65071964
379 66.3562088 6.959553719
379 -64.12169647 0.4168092608
379 -82.00392151 -37.25848389
379 -63.76309967 -62.32304001
379 -63.31305695 -75.61764526
379 -8.100664139 -34.0752182
379 -29.67186546 -14.2672596
379 3.785955667 -66.32332611
379 -68.33934021 -83.19687653
379 -118.3080444 -41.96721268
379 -96.51847839 -64.71965027
379 -51.09654999 -58.17357254
379 -76.39122009 -79.1725235
379 99.44308472 17.52390099
379 -64.76148224 -46.38115311
379 -50.62388992 -53.34646988
379 -5.331925869 -90.21944427
379 46.50836563 -83.00158691
379 -122.208046 -69.7014389
379 -146.2936401 -60.96299744
379 171.0998077 41.81111908
379 -121.0727081 -66.16569519
379 -55.84790421 -66.80858612
379 -22.05113792 -98.31300354
379 73.60303497 -93.91395569
379 -99.85153961 -43.6855545
379 -171.8886719 -127.03936
379 159.0784454 89.11147308
379 162.5886688 56.77340317
379 -117.3375549 -70.56586456
379 -189.8382263 -167.8096466
379 268.0993042 192.5714874
379 156.2438507 57.31442261
379 164.786087 70.74666595
379 -123.4361649 -68.4935379
379 -155.0844879 -193.7723083
379 -207.0561981 -204.7264099
379 -213.8052368 -218.4507294
379 -229.7673492 -229.6298676
380 -61.07522964 138.5653687
380 -74.57874298 125.1605301
380 -4.776910782 164.3461151
380 -182.7411652 115.4860992
380 13.34527588 184.5119629
380 -128.6143036 135.335144
380 -89.652565 51.88312149
380 -20.68273735 83.40067291
380 34.69190598 143.4717712
380 -187.3688354 126.9534988
380 -102.3337631 63.06140518
380 -66.77228546 5.750061989
380 -113.1433334 45.58685303
380 -53.95001984 27.53064919
380 -38.4667778 45.00433731
380 -40.61550522 114.9539871
380 96.18230438 145.2337799
380 -117.7724152 77.42255402
380 -40.46507645 -58.20944595
380 -58.45399857 17.9529705
380 -47.22126389 -25.50797081
380 -215.6546936 8.977077484
380 -65.56829834 54.01762772
380 -40.94214249 -43.35951614
380 -32.91918945 14.5302887
380 -143.1734009 60.22726822
380 27.18358231 140.4794464
380 -141.852829 76.57294464
380 -89.20462799 -82.23539734
380 0.3179199696 -81.01611328
380 -80.96795654 45.19875336
380 -16.80198669 -70.50572205
380 -268.9121399 -3.427973747
380 -223.1240692 -3.059458733
380 -31.00895691 -81.12058258
380 -89.55358124 -10.21263409
380 -4.153344631 47.29487228
380 -190.8525391 49.20877457
380 -206.4636993 47.65864182
380 -43.89098358 135.3957214
380 80.26899719 147.9599304
380 88.11788177 174.6267395
380 21.23298264 -101.9765778
380 -0.5304840207 -104.8797073
380 8.62021637 -88.93264771
380 -6.625432968 -101.3361053
380 18.95640945 -94.07878113
380 7.469232082 -97.37032318
380 125.4325867 -101.0582504
380 52.42887497 -97.85939026
380 136.6874237 -126.4047852
380 181.9954529 -103.6611252
380 161.3408508 -126.6256104
380 88.6134491 -73.43270111
380 203.5471497 -117.0656433
380 130.981369 -55.4221344
380 67.19901276 -70.05112457
380 168.125412 -134.1026459
380 192.0672455 -121.1032181
380 218.6875458 -73.40550995
380 47.44933701 -57.9067421
380 212.962326 -95.57671356
380 219.9886169 -83.67933655
380 253.2705841 -61.8895607
380 20.25385284 -58.42284012
380 186.4041138 -81.49456024
380 271.0421448 -77.99516296
380 -13.97956181 -49.37306213
381 41.82049179 19.85828781
381 13.58861732 26.76310539
381 8.786026955 7.376820564
381 116.1246185 41.7146759
381 13.7719841 49.51013947
381 -31.35169411 -24.16286087
381 -53.49014664 -50.89356613
381 -42.02979279 -46.99688721
381 -18.48544693 -32.31125641
381 -49.4826088 -29.65869522
381 -29.74757385 -2.282304764
381 30.49570656 41.08254242
382 267.7076111 89.98934937
382 312.0957336 96.30750275
382 256.6551514 87.91057587
382 168.438324 74.10884094
382 210.8737335 105.2146149
382 322.0260315 71.25926971
382 220.1838837 47.81829453
382 54.60900879 89.07115173
382 211.0588226 101.0980682
382 240.6602783 123.2610321
382 51.44393158 92.39426422
382 -30.63076782 110.4430771
382 37.69207764 31.25345421
382 22.9954834 103.1749878
382 -1.217992783 81.59538269
382 -49.22864532 124.4981461
382 10.5329361 2.951566935
382 34.72113037 70.98525238
382 -74.36972809 141.7615204
382 1.858253837 -23.3301506
382 82.68902588 106.7406845
382 86.86477661 127.2762604
382 -13.84282017 2.075824022
382 2.700033188 -40.0965271
382 12.93132114 -56.78949738
382 83.00623322 120.6434555
382 152.6622314 133.9824829
382 117.263031 203.9335632
382 -63.04217148 -68.01441956
382 38.66918564 -60.3688736
382 17.1615181 -80.88375854
382 51.82511902 93.27384949
382 82.26755524 171.1364288
382 205.7469635 141.8155975
382 181.9676819 146.2823334
382 -184.4380035 -125.3990784
382 -18.53969955 -80.62271118
382 -22.71646309 -78.5269928
382 93.04254913 -63.99941635
382 83.61286163 59.98620224
382 16.35863876 103.0839005
382 -28.2743187 165.8099365
382 228.6901398 153.7441406
382 232.6607513 155.5520935
382 -333.1094666 -219.8944397
382 -5.082415104 -62.15792465
382 74.29237366 21.04431534
382 67.63681793 -11.82848454
382 139.2750702 63.82901382
382 -35.86156464 115.5201874
382 -93.14676666 155.9158478
382 164.6481934 259.5229187
382 -393.1491394 -277.6038513
382 -387.5497437 -208.0870514
382 69.97934723 -21.2483654
382 95.11299133 -40.26911926
382 -483.3454285 -336.5368042
382 -355.641449 -256.4230652
382 -426.333374 -255.1333618
382 111.8435135 -14.05220604
382 53.88208008 -62.70256805
382 92.68619537 -79.02539825
382 -511.1813965 -316.9584351
382 -459.811615 -272.6177063
382 -451.1740723 -260.3288574
382 187.1517334 13.67029381
382 35.05842972 -90.45668793
382 94.68214417 -73.90979004
382 27.9926281 -91.4335556
382 -520.9989014 -260.0539246
382 -465.2263489 -271.1826782
383 -61.52359772 -33.97527695
383 0.9910594821 -24.55228043
383 -100.7156296 -20.58916473
383 6.458119392 -38.62578964
383 39.79903793 -0.6557840705
383 19.41905212 -45.13066101
383 -125.3122406 -0.9120039344
383 -109.2992325 -37.44410706
383 9.854325294 -59.56953812
383 36.75695419 -10.81318378
383 47.48082733 -42.88524628
383 -22.73063087 25.65129852
383 -124.3522797 5.63692522
383 -108.171402 -43.1645813
383 -25.69736481 -108.7568283
383 22.63583755 -31.97013474
383 16.96736336 -33.55955887
383 48.49507904 -66.92462921
383 -31.00294304 48.52532959
383 -59.61626816 35.04206848
383 -82.16996002 22.28114319
383 -103.5810623 7.117259502
383 -76.9221344 -40.65540695
383 -88.99376678 -117.2100449
383 -4.380747795 -136.5387573
383 25.98040581 -8.768383026
383 -8.955477715 57.39749908
383 -63.11545944 57.16732788
383 -67.15381622 -2.455128431
383 -91.10633087 51.00680542
383 -4.810827255 -20.9231472
383 -131.535141 -104.6863708
383 -85.18415833 -124.9518738
383 -60.48888779 -100.4348907
383 0.03456217796 -137.6242065
383 58.87050629 13.84369946
383 37.88336563 0.4384953976
383 24.96384239 89.89422607
383 -28.30754089 53.98396301
383 -100.7268219 87.58052826
383 -97.26541901 0.2605280578
383 -89.02102661 4.379771709
383 29.62725258 -30.82663155
383 43.32308197 -33.84238434
383 -54.22389984 -139.733551
383 1.876138449 -159.5877991
383 31.81500816 10.46600628
383 96.84103394 17.05520248
383 61.1101799 19.51588631
383 58.66582489 4.762057304
383 -45.32723236 112.079628
383 67.12804413 100.4112625
383 -1.42342782 18.03706932
383 -25.11686897 75.65541077
383 -105.6941223 127.6974564
383 -119.4846649 110.213356
383 -112.6392441 1.635081291
383 69.01922607 -45.15813065
383 58.38357925 -62.11571503
383 127.9624557 50.22826004
383 93.12792969 15.03421497
383 98.70682526 8.124512672
383 89.22652435 20.09816933
383 29.75178337 4.036554337
383 60.9736557 -6.119431496
383 -100.1571655 141.3446198
383 144.9458618 132.3495483
383 33.21259689 1.952789426
383 -25.5663681 109.58918
383 -70.68080902 159.0453186
383 -88.35340118 178.5488892
383 -99.10482025 142.1526947
383 -128.3651276 12.73693466
383 85.07489014 -20.72271347
383 59.06824112 -69.70502472
383 160.7592773 12.82145691
383 141.7007141 32.87503052
383 139.5343018 -7.318131924
383 86.84004211 -63.4096756
383 -6.333450794 -69.13983154
383 164.9655151 -27.74571609
383 175.7633514 19.70747948
383 81.38063049 101.4684525
383 163.2128754 -24.29134941
383 110.7405014 -64.05276489
383 -26.716856 -82.30323029
384 -399.5971069 -125.1514053
384 -459.2653503 -171.031662
384 -385.0675964 -105.4710846
384 -404.2149353 -155.8474426
384 -462.7623901 -186.4947968
384 -484.1073914 -174.5828094
384 -455.683136 -158.3078766
384 -367.4646301 -161.2698059
384 -342.2355652 -173.5094147
384 -236.3769989 -194.1219635
384 -418.2192383 -202.3912506
384 -255.4023285 -246.1943817
384 -99.99297333 -165.2134247
384 -264.5953979 -242.6751099
384 -280.1215515 -270.3843079
384 29.66863823 -99.33586884
384 -265.494751 -231.8381958
384 27.62229347 -85.44522858
384 81.41652679 -46.69585419
384 100.3190918 -67.88492584
384 -58.24951935 -34.19881439
384 134.0786438 -64.34603119
384 163.8427429 0.7150869966
384 140.9786377 -44.64494324
384 -65.88093567 -18.40781212
384 196.7320404 43.91141129
384 150.755249 -56.10255814
384 160.6589661 -19.02949524
384 -77.37138367 -23.9740181
384 105.5366364 73.93599701
384 191.9867706 48.34895325
384 170.3194122 -69.02883911
384 165.7322235 -61.97919464
384 205.5761414 47.61510468
384 -72.60324097 4.882243156
384 -100.2827301 -41.2838974
384 143.019577 112.3780899
384 224.4187469 31.73394203
384 205.6368561 79.98298645
384 195.4972229 61.91573715
384 -171.3250275 -83.65903473
384 -4.620605946 0.5992009044
384 71.48780823 69.57411957
384 198.2842865 171.677887
384 217.3794861 22.71377945
384 257.9732056 61.75030899
384 129.6345825 66.12691498
384 -212.5529938 -135.1255646
384 83.15034485 88.16230011
384 62.96615982 63.90829468
384 180.9018555 76.39537811
384 37.71720505 94.83454895
384 -315.1568604 -206.4021454
384 -238.9963074 -129.7072906
384 -159.3215332 -136.8411102
384 48.01739883 117.6942368
384 75.78731537 129.2192535
384 64.55873108 67.36054993
384 46.48212051 58.58419418
384 194.2024841 91.63928986
384 173.1061096 86.83329773
384 -35.07452393 129.4588318
384 50.9504776 99.26789856
384 8.455842018 62.30049133
384 278.6550598 144.2203369
384 196.7358551 129.5920563
384 162.6880188 60.99363327
384 151.0925293 94.55671692
384 154.1528473 82.54637146
384 -55.85263062 125.1708908
384 -43.34465027 205.3270111
384 74.85171509 98.55371094
384 412.1116943 208.7187195
384 182.0587311 143.8197784
384 165.3705444 54.70837402
384 134.4311218 91.6317749
384 112.5827179 87.00961304
384 -37.56848526 241.54422
384 195.8481903 78.76232147
384 81.84947968 91.93351746
384 -18.01853561 270.2144165
384 249.5407715 115.7531662
385 48.68209839 240.3875885
385 -20.40051842 220.9427032
385 20.70274544 278.506134
385 -43.32208633 202.0471802
385 -18.867239 174.0158997
385 -89.29518127 145.4178772
385 -133.7754059 126.4923706
385 -103.4867706 129.6284332
385 1.806479454 130.0537872
385 -181.8159027 91.96601105
385 61.64850235 115.3247833
385 -208.7537842 46.42163849
385 -165.870575 95.84049225
385 -221.158371 67.80488586
385 -214.6394653 10.84958935
385 -185.0882111 109.9424744
385 -198.3517456 121.3029938
385 -159.5096741 40.89036179
385 -236.3068237 70.12604523
385 -265.1488342 91.64317322
385 -178.7656555 12.78855515
385 -237.5391693 115.3320694
385 -145.0158844 6.02341938
385 -137.0252838 30.00452042
385 -297.3225708 98.84908295
385 -142.1141815 23.96712685
385 -156.0286255 -20.06529617
385 -110.5411682 23.06058884
385 -116.8402634 50.71278
385 -113.9066391 35.73851395
385 -191.0128021 -33.11891174
385 -116.8003235 61.71492004
385 -78.85293579 22.45759773
385 -195.7445374 -58.19689941
385 -23.18085098 21.20983505
385 9.574846268 9.981733322
385 54.76544952 0.8982458115
385 83.19907379 -35.33695221
385 99.60110474 -71.78923798
385 114.6172943 -30.70539665
385 113.1918945 -78.48064423
385 39.76823425 -102.5377121
385 185.7534485 -32.82758713
385 147.361557 -31.70594597
385 56.52457428 -79.25248718
385 107.7089462 -86.04181671
385 159.8052521 -94.97156525
385 73.30661011 -108.3532486
385 232.1607513 -43.43320465
385 222.024704 -26.98360634
385 179.3896942 -31.49993896
385 183.5001984 -25.35770988
385 47.41015244 -98.64956665
385 71.06506348 -82.87747955
385 94.72135925 -90.39219666
385 121.1763687 -108.1651993
385 138.3734741 -92.98922729
385 170.7559967 -92.69859314
385 147.8401489 -72.39057922
385 181.3644409 -61.50531769
385 214.8707275 17.89930344
385 50.51808167 -123.3882217
385 16.1610508 -50.32049942
385 54.94889069 -88.70735931
385 79.98461914 -77.48238373
385 93.71505737 -89.23373413
385 121.6813736 -151.0452881
385 96.30397797 -145.201416
385 183.5699768 -103.10849
385 145.0505066 -78.00164032
385 137.4940796 -77.39517212
385 212.8626862 21.99065208
385 34.61724091 -126.4787674
385 70.37411499 -122.6389542
385 6.528720379 -138.9052582
386 -36.41748428 -90.85361481
386 -31.50150299 -75.4275589
386 -61.84871292 -117.3236389
386 -6.608553886 -17.16976547
386 -17.06511688 -61.53096008
386 -57.15028 -12.50036526
386 16.28079796 13.80619049
386 20.83904266 -47.92930222
386 -32.39344025 -50.08250809
386 -17.4168663 55.57320786
386 30.7403183 28.4221096
386 5.796393871 13.04753399
386 40.42259216 -66.13288879
386 -83.47504425 -57.55960846
386 -6.704686642 -69.15195465
386 35.89229965 71.33406067
386 -27.88799095 79.41677856
386 57.12485504 41.9909668
386 23.38815308 28.43262672
386 -20.87823868 45.99687958
386 -89.8788147 -50.37673569
386 -259.0350647 -118.9662399
386 -6.266635418 -29.54147148
386 -37.38240433 -102.55513
386 99.33267975 98.54407501
386 110.3290482 64.72821808
386 102.8827667 42.56562042
386 -28.42519951 91.58508301
386 -77.99316406 21.0302639
386 -83.83528137 -99.23157501
386 -106.4286575 -87.96572876
386 -21.75485039 25.8418541
386 -44.49915314 -115.4105835
386 -112.9506302 -112.6781998
386 178.9082642 122.5396347
386 102.6605835 68.35328674
386 111.243782 94.05084991
386 128.6999969 51.00293732
386 -67.59542084 103.652916
386 -47.78688812 55.39126968
386 -80.29911804 41.6363945
386 -88.67657471 48.38866043
386 -71.89390564 -101.8486404
386 -147.2508698 -111.0007019
386 85.06759644 19.39431572
386 -71.6105957 -167.6978302
386 24.59789658 -101.609848
386 -173.8644104 -117.6422577
386 118.6259155 45.83267212
386 111.1881027 93.43120575
386 126.6743393 54.54594803
386 -92.79272461 130.8444519
386 -36.8890686 90.38205719
386 -26.52396393 87.62036133
386 -48.51199722 -135.4919586
386 96.76766968 39.11254501
386 108.7687378 -26.19848251
386 -261.0276794 -240.9830627
386 -41.01769638 -169.3937988
386 -36.88632965 -161.922821
386 -162.0248871 -144.6808167
386 -223.9697571 -60.83483124
386 145.1701355 29.16705322
386 137.4121552 86.68830109
386 93.4016571 87.26911926
386 -116.3628616 105.4412079
386 -49.60471725 153.3192444
386 -26.58512306 75.25021362
386 -4.283701897 93.26741791
386 89.97033691 59.42577744
386 166.6522064 85.26551819
386 130.7985077 -40.10067368
386 164.6038361 -18.64458275
386 -147.2522888 -153.1681061
386 151.4982758 12.05438805
386 157.068985 115.5992432
386 18.79284477 91.599823
386 -146.2390594 74.34918976
386 -41.99069214 70.67778778
386 233.187912 75.82236481
386 137.3312988 89.24832916
386 116.6183548 -39.33368683
387 -194.7238922 -65.86210632
387 -167.5108032 -60.18586731
387 -130.5225677 -39.9274025
387 -174.8361359 -60.76760483
387 -99.08995819 -70.50132751
387 -81.69615936 -18.91790962
387 -163.4235535 -39.39121246
387 -142.3735962 -39.00935364
387 -244.0664673 -52.51947021
387 -105.3326797 -83.96889496
387 -105.040535 -65.8118515
387 -61.94768524 -2.412415504
387 -158.6135864 -57.22383118
387 -156.598999 -58.55299759
387 -87.33895874 -38.60290527
387 -260.76297 -51.83951187
387 -296.4685974 -70.07496643
387 -175.3645172 -114.1703491
387 -117.7706604 -111.3309174
387 -90.04917145 -57.58735275
387 -116.206459 -70.75765991
387 -68.48149109 -0.8449593782
387 -209.9142303 -50.53261566
387 -144.9548492 -46.78712463
387 -80.03283691 -9.583206177
387 -100.5651321 -56.80377579
387 -155.6042633 -82.15447235
387 -91.24279022 -16.15251541
387 -46.81272125 26.10956383
387 -85.81088257 -27.37824059
387 -39.97792435 29.50369072
387 -91.93798065 -15.04530239
387 -13.17287731 -20.22167397
387 15.72796249 68.96786499
387 -156.4467163 -77.81851959
387 38.88471603 -8.118616104
387 83.00269318 70.4697113
387 44.99281311 85.00974274
387 71.55056 16.43099785
387 182.5018921 84.95507812
387 101.9023132 13.03247166
387 12.74008179 109.5890808
387 150.9521484 27.48180008
387 267.3857727 127.0714264
387 173.3639832 66.2552948
387 114.0643539 -7.173116684
387 32.50506973 134.1906433
387 121.26091 65.55249786
387 186.2766571 2.145622015
387 363.6128235 184.5757446
387 117.7718201 14.63098526
387 215.3067474 49.62668228
387 63.58452606 146.8426971
387 129.7865906 61.55033875
387 156.5714111 85.32854462
387 148.227005 -23.20003128
387 211.2061157 -10.86404037
387 194.4579926 -17.98814201
387 92.5306015 -15.89570618
387 110.2120514 57.64448929
387 104.3358765 68.97592926
387 190.9264221 111.6330948
387 80.76958466 -29.85131645
387 232.7726593 -29.58103943
387 197.027771 -43.52449799
387 208.4807281 111.3604889
388 304.719635 -18.66034508
388 239.9377747 21.02179337
388 198.4620667 39.8409729
388 215.1018677 58.7011795
388 321.3430786 85.35360718
388 154.3132324 14.35720348
388 132.1166534 30.34563828
388 214.5702667 95.96176147
388 308.8998108 61.08108902
388 390.0299377 96.13996887
388 290.5575256 131.3923492
388 278.6304016 78.4930954
388 123.5066452 55.50735474
388 208.8876648 1.217687249
388 102.2571945 3.66120553
388 70.88299561 -4.356961727
388 202.7159424 83.32724762
388 207.9101562 101.0046005
388 186.3597717 76.47719574
388 319.8110046 20.93917465
388 90.18780518 89.00610352
388 285.2841187 27.84533119
388 251.8795776 -2.426903248
388 -21.88363838 -24.48712921
388 187.0556641 111.094368
388 198.5776978 65.68170929
388 246.4474487 -10.03753662
388 243.9462128 -22.01729012
388 -84.4807663 -39.42951965
388 -80.25228119 -57.66539383
388 297.8225403 -8.475711823
388 -170.6994324 -37.44465256
388 -99.71935272 -114.6013184
388 -123.342659 -42.59839249
388 -174.4756317 -53.97367477
388 -153.7668304 30.65170479
388 -81.64139557 -116.3075867
388 -123.7434616 -153.3024597
388 -163.1147156 109.8377228
388 -151.916626 -199.6309662
388 -100.3031158 68.91916656
388 -120.9899216 130.3123169
388 -125.2037964 113.5618286
388 -260.5069885 152.1034393
388 -95.06748962 16.11108589
388 -176.2758026 -271.8448792
388 -165.1648102 -170.9862061
388 -73.59273529 59.13571548
388 -39.08383179 132.9094391
388 -80.63551331 134.3254089
388 -151.2926788 135.3997955
388 -353.0808716 179.1085052
388 -36.333004 -36.8184433
388 -187.4506073 -291.5565796
388 -107.1861038 -90.75930023
388 -258.2714233 -187.6051178
388 -35.98440552 34.09018707
388 -12.52327061 133.4259186
388 -35.88924789 145.2123413
388 -219.2268066 -320.1392212
388 -375.4225769 -256.3865662
388 -32.24007034 87.57675171
388 -59.53149033 146.7216797
388 -0.7615368962 159.8224182
388 -31.88554001 156.1972809
388 -267.4703369 -196.8656921
388 -457.2547302 -306.1678772
388 -474.0244446 -354.9821167
388 9.549654961 51.00333023
388 -74.41396332 40.54116058
388 -433.3554688 -395.9176636
388 122.4624405 76.06630707
388 -1.290057421 56.60474396
388 -67.5629425 -3.434110641
388 -38.956707 49.19755173
388 -26.95755196 41.59336853
389 38.6186409 -11.01315212
389 10.09216785 -15.58057308
389 -51.18090057 -10.04754257
389 84.52764893 12.96728325
389 -78.4467392 -1.092865467
389 130.8712311 13.50129128
389 -134.4820404 11.2655468
390 234.9296417 120.9222946
390 194.7412872 107.9776001
390 178.2098694 95.39637756
390 172.0959167 95.32066345
390 133.4922943 62.45141602
390 242.143158 100.3702087
390 124.4608154 59.8454361
390 17.05338669 24.08889771
390 289.809967 123.5069427
390 286.5473022 87.59657288
390 62.41078186 128.4907227
390 -42.11834335 2.623146296
390 310.0504456 149.2909698
390 255.5659485 120.5122528
390 -23.87143517 143.1452942
390 -43.54767609 -19.12982178
390 -7.372385502 148.5367279
390 -94.95961761 152.6661682
390 -64.71250916 -21.06360245
390 -85.20419312 -38.52853012
390 3.473582983 144.4049683
390 -157.7971344 109.723526
390 -114.0040283 160.172348
390 -64.84737396 -28.45685768
390 -80.96250153 -46.10008621
390 -187.1064606 99.83166504
390 -56.99176788 -21.77830887
390 -61.88456345 -44.64741516
390 -86.29654694 -65.64330292
390 -66.98612976 15.25381374
390 -11.44819546 -61.33883667
390 -62.19817352 -82.08580017
390 -78.59892273 64.34345245
390 -83.79393768 -21.06879044
390 -54.39374542 -77.80075073
390 -39.41745377 -97.93523407
390 -40.01032639 -74.32243347
390 -104.2923431 84.40665436
390 -58.86172485 52.66281128
390 -101.1017456 19.83003235
390 -68.64871216 -60.25147629
390 -7.461061001 -87.64116669
390 -78.09329224 -77.48859406
390 -44.83865356 -95.43658447
390 -17.37337875 -101.9889984
390 -30.71419907 -101.6065063
390 -21.24054146 -68.41816711
390 -94.84444427 132.1036377
390 -9.024993896 34.32023239
390 30.71899986 98.2604599
390 -44.11544418 -80.05528259
390 -71.35463715 -93.64729309
390 43.20461655 -110.7196579
390 -29.00794792 -92.21231079
390 25.55194092 -123.1710815
390 -41.53078842 -89.24765015
390 25.29857254 -51.80892563
390 -107.2860489 125.8231888
390 -100.6157684 149.6854401
390 -25.64411354 -84.74885559
390 -119.0518112 -98.75275421
390 75.22830963 -106.8364868
390 -28.51009941 -79.43390656
390 38.91537094 -108.6946564
390 1.825788021 -153.801239
390 -28.95131493 -82.86904144
390 -12.85089779 -79.34465027
390 32.49291229 -57.85794067
390 -93.87593842 68.62805176
390 17.13519096 -62.43524933
390 35.24044037 -87.69367218
390 43.67476273 -56.4137001
390 73.54201508 -89.71656036
391 78.60782623 54.84331131
391 53.57511139 100.9047165
391 84.79901886 7.431306362
391 40.5879631 84.90288544
391 64.56072235 104.2357788
391 3.685108423 56.0604248
391 57.18576813 -6.507231712
391 104.1078873 -7.170255661
391 172.9656525 99.08898926
391 -48.74945068 59.324543
391 38.99582672 27.31421089
391 -36.88673019 60.06171417
391 45.39032745 -15.92272949
391 48.79870224 -36.46926117
391 -12.16492176 -47.73336029
391 164.5456848 -14.47318649
391 289.3621216 158.9350586
391 140.5731964 58.97273254
391 -94.52979279 37.88060379
391 -63.23301315 78.91256714
391 -100.5999374 34.81022644
391 89.1247406 -23.51963043
391 -16.02859879 -35.57307434
391 29.84687042 -39.17491531
391 -88.6798172 -118.6855316
391 189.3934631 -10.83760262
391 455.1469116 272.5885315
391 -144.3108063 8.841971397
391 -139.7771149 3.955249786
391 35.46019363 -18.24766922
391 -83.11769867 -49.01041412
391 61.47863007 -36.27863312
391 -14.41093254 -53.01222229
391 89.25064087 -37.56263351
391 16.73911095 -59.83128357
391 50.2288208 -17.75122261
391 -111.3923798 -116.4099884
391 -80.17314148 -98.11804199
391 190.9766998 -23.33593178
391 515.1531372 287.9876404
391 422.1910706 261.765686
391 -160.5858459 -21.93108368
391 -158.5588837 -22.64666557
391 -13.14252186 -49.81520462
391 18.55331612 86.65837097
391 -160.5051575 -55.6415863
391 111.1327362 -42.46755981
391 -16.56884956 -55.33117294
391 83.76985931 -35.48179245
391 68.50923157 -19.43571854
391 117.7446671 -2.597203732
391 -96.02633667 -73.93408966
391 -190.4646301 -30.90447426
391 -129.4684296 -65.01821136
391 -189.664032 8.235725403
391 -146.8079681 -23.58115959
391 -158.5222015 -30.78769302
391 -50.42803955 -60.68704605
391 -87.08183289 -81.62415314
391 18.3381176 129.6130219
391 -160.9912872 -23.80249023
391 -170.4197998 -79.77418518
391 180.8641052 -27.95859146
391 116.2571716 -22.0628109
391 -39.82368088 -64.59612274
391 54.25225449 -23.99963188
391 126.053978 -5.03613615
391 44.27997208 8.672201157
391 163.8080902 18.78788376
391 -172.7466583 -90.71281433
391 -62.3314476 -84.5080719
391 -127.0922852 -21.81131744
391 -69.07419586 -85.72502899
391 -105.7729721 -71.75192261
391 -134.7017975 -99.90033722
391 -9.701432228 125.3393173
391 23.32570648 114.1706543
391 41.36977005 145.3005676
391 -207.7418671 -11.86933231
391 45.36486053 -9.514813423
391 1.193821311 -13.85159016
391 57.25437164 90.65075684
391 -217.3800964 -111.1257706
391 -24.26550674 -99.11997223
391 -94.45580292 -131.2872162
391 -59.99041748 -111.393013
391 -112.3535156 -15.89053535
391 -138.0975647 -90.81375122
391 -163.617157 -122.1024704
391 -53.20992661 127.3111267
391 -84.52972412 119.4160614
391 -4.62745285 123.143692
392 -34.51880646 -4.318519592
392 -0.6841756105 -7.048402786
392 -20.28968811 25.44269753
392 -2.311517954 -17.35616302
392 26.30494499 20.21926308
392 31.49927139 -16.93882561
393 -10.28603458 31.96262169
393 -79.07385254 -52.72455978
393 78.94532013 35.86720657
393 21.79413033 67.35414124
393 -147.153656 -89.99895477
393 133.2512817 40.65640259
393 -202.9772797 -101.5299759
393 211.9184418 79.61836243
393 -196.6291809 -68.36885834
393 190.2108002 57.16357803
394 11.41074753 54.21254349
394 5.336392403 54.67411423
394 103.3238907 61.4940033
394 -1.662131906 48.66228104
394 -127.8551407 44.58062744
394 151.8106689 72.00550079
394 97.91655731 66.15394592
394 -23.93020439 21.18863106
394 -6.784294128 21.14441109
394 -1.953059673 48.84958267
394 -186.5227966 62.37854004
394 -186.2523041 34.14369965
394 -192.8683014 29.78339005
394 38.14329147 66.76190948
394 -15.05284691 -18.17432976
394 4.929641724 50.09252167
394 -9.512535095 44.79314423
394 -24.77059937 24.22704887
394 10.45204353 -26.38207245
394 7.088357925 37.14039612
394 -177.3095856 30.14743996
394 -40.2351265 67.12663269
394 99.82650757 40.50423431
394 -58.75461578 -90.24555969
394 56.89730453 56.4060173
394 -44.39260864 40.926548
394 3.439733028 -74.42419434
394 -83.50495911 19.53599167
394 85.92059326 32.09667969
394 -146.7346039 42.54189301
394 -14.1922102 55.46101379
394 -90.26176453 63.48271179
394 -57.01308823 62.73961639
394 74.91368103 48.61619949
394 160.8531494 45.42951202
394 -112.0417557 -130.2313232
394 3.810988426 -122.5542068
394 55.18610382 34.9139328
394 80.5680542 68.16589355
394 -77.28765869 39.20406342
394 -76.75453949 38.47320938
394 -59.48949814 -150.6100311
394 162.09375 48.82570648
394 -29.89978218 66.22592163
394 -14.56130505 -112.8299103
394 75.99269104 -122.4561768
394 57.3380127 -6.937467098
394 -106.1699219 54.0265007
394 -82.24703217 -170.9527893
394 -100.4431534 -145.9961243
394 -78.57267761 -190.600296
394 242.6549835 57.64206314
394 8.019688606 -129.4098816
394 -12.27829075 -156.4823608
394 144.0556183 -116.5647659
394 46.67671204 -136.8944397
394 12.33096218 -40.02908325
394 91.17473602 17.53140259
394 242.7507477 60.43834686
394 -37.48220825 -41.80490494
394 141.8748627 50.83203125
395 66.61553955 74.94858551
395 98.13804626 60.6855278
395 89.17337036 85.89615631
395 67.01293945 42.64342499
395 70.03974915 55.57266235
395 66.47615051 105.2679367
395 37.83737564 40.36871719
395 59.43628311 97.61045074
395 44.69881439 95.97168732
395 74.01893616 109.6973648
395 46.71397781 33.51400375
395 21.42045975 93.1495285
395 31.76759911 83.77726746
395 89.50344849 107.1764908
395 68.45133209 132.9600067
395 34.48006058 -13.49606228
395 91.12639618 41.53380966
395 13.60887909 106.7070007
395 63.05924988 90.2075882
395 59.70825577 124.6672745
395 -7.537871361 71.29653931
395 87.39959717 97.84732056
395 68.80499268 149.3097687
395 76.85276794 123.1473694
395 -8.820463181 -77.81756592
395 96.43875122 77.73691559
395 43.23669434 -24.78943443
395 117.1210632 69.37176514
395 60.86384583 65.34320068
395 43.71431732 81.8494339
395 31.26894569 95.9189682
395 -22.40934181 -3.735747099
395 -19.69610023 37.48539734
395 47.08795929 95.21640778
395 106.5313644 100.6970978
395 39.9569664 74.85298157
395 106.8191528 136.2214508
395 -45.56394958 -108.7674332
395 98.14263916 84.1217804
395 78.39522552 62.12478256
395 97.65656281 76.55197906
395 123.3052139 67.90656281
395 71.2658844 69.50532532
395 64.93359375 24.97950935
395 44.32919693 94.15583038
395 -66.72934723 -47.71040344
395 92.12503815 88.07426453
395 72.87052917 98.39081573
395 -152.894577 -170.2130432
395 -30.08045959 -114.9902725
395 -3.688520193 -94.1532135
395 60.73359299 89.35655212
395 -24.25370598 81.09886169
395 -42.18452454 -63.02329636
395 -98.40203857 -78.77164459
395 -225.7303619 -200.3791656
395 -235.3865662 -187.544754
395 -215.7327881 -226.7575073
395 -32.84005356 -106.6205673
395 -55.81617355 -75.46652222
395 -132.3798676 -86.47920227
395 -165.9490662 -108.4157104
395 -259.3569031 -216.9635925
395 -246.4900208 -234.9037628
395 -57.24004364 -134.7952118
395 -79.26305389 -122.8142014
395 -47.08878708 -91.98932648
395 -98.65245819 -89.40297699
395 -129.2651215 -129.4149933
395 -47.51557922 -106.1219254
395 -50.10428619 -84.91131592
395 -26.50602722 -85.76441956
395 -111.6509857 -76.00349426
395 -79.39969635 -78.44979095
395 2.444862366 -91.20328522
395 -63.9187851 -118.6169739
395 -51.20864868 -115.5982819
395 -50.57988358 -85.53659058
395 58.75032043 -43.29454803
396 -125.8075867 150.2970428
396 -58.32943344 136.9185181
396 -55.66640091 136.2640381
396 10.97068214 134.0970154
396 -4.055463791 158.4374237
396 72.68585205 105.724144
396 -16.28408051 185.7922363
396 -6.864120007 111.5495224
396 118.8711777 76.94797516
396 103.4361038 96.61548615
396 -14.9217968 70.54176331
396 77.62692261 69.67620087
396 203.1716309 86.00397491
396 134.296814 87.53221893
396 30.80902863 88.77215576
396 113.5281754 77.73577118
396 95.18795776 61.12334824
396 266.7304993 87.65840149
396 128.8720703 50.15122986
396 156.7516022 99.66499329
396 58.05729675 64.90552521
396 67.44515228 139.840271
396 126.3204575 73.12906647
396 94.76964569 70.18257904
396 74.90737915 71.14646149
396 205.8872375 105.6734772
396 239.7039185 73.04541779
396 136.6642456 36.14739227
396 85.93351746 12.82306576
396 107.2842941 70.33979034
396 82.72437286 42.07301712
396 31.15974236 23.05854034
396 105.3205566 74.42183685
396 136.0645294 158.67659
396 19.27684593 144.323822
396 219.0405579 60.55017853
396 116.633461 34.79726028
396 8.383537292 -22.50108147
396 124.3169556 42.68967819
396 -3.326756716 -29.02943611
396 133.8053741 56.97548294
396 -57.24870682 -75.397789
396 142.2359161 102.2531433
396 173.7271271 49.68289948
396 92.76514435 5.429227352
396 -92.22044373 -101.6454697
396 -37.82030487 -69.69223785
396 161.1088715 24.14531326
396 -107.9054794 -109.4925079
396 -57.58320999 -60.63026047
396 -27.05980301 -59.52705383
396 157.4481964 47.42303085
396 67.76261139 68.27073669
396 173.0587006 106.2524948
396 -229.4456787 -163.1283569
396 197.5896301 117.1461792
396 142.4883728 10.35626888
396 -165.4867249 -136.1479034
396 -89.47821045 -80.44651031
396 -164.3442993 -112.2090225
396 -103.3313675 -95.09130096
396 -52.79549789 -75.42435455
396 261.4607544 142.5006714
396 -280.2104492 -197.3111267
396 -346.5202332 -214.2688141
396 100.2499771 -25.74886513
396 144.299408 6.36178112
396 -251.2902985 -175.138382
396 -228.3773346 -156.3658295
396 -250.5511475 -179.2014465
396 -103.703598 -134.7229309
396 10.33497238 -71.41091156
396 -344.9353943 -250.3381653
396 -414.5475464 -264.5140991
396 -255.7428741 -192.8572388
396 -330.7814941 -211.2004395
396 -288.7371521 -216.2739258
396 -489.8257751 -334.2071533
396 -455.9689026 -292.2021179
397 0.1848364323 -9.675658226
397 -3.801779509 -3.190087557
397 -5.215195179 8.370244026
397 -18.42036057 -16.1609726
397 27.25247192 20.65646172
398 212.302475 53.70207596
398 194.5361633 81.68006134
398 233.0724945 114.0096817
398 195.1233673 84.489151
398 227.4928436 47.32046127
398 100.2317276 76.92975616
398 268.2460327 106.6322479
398 222.3771362 46.53278351
398 194.1071777 -6.365359783
398 63.55311966 64.32704926
398 197.2719727 -46.29072189
398 120.7607498 106.3897934
398 24.74544334 54.06021118
398 229.1833191 -55.28635788
398 170.9577026 119.7807159
398 221.7696228 -69.62011719
398 194.9716187 -50.53295517
398 234.3473053 169.9420929
398 210.5127563 -124.5637131
398 166.8264618 -63.52983856
398 171.1955109 -60.29007721
398 143.5621796 -69.40473938
398 104.88591 -57.98506165
398 206.8862152 -73.02902985
398 176.070282 -88.58982849
398 57.11753082 -77.40470123
398 78.02271271 -67.95874786
398 121.8106995 -92.25908661
398 212.6605682 -36.89839172
398 246.2165375 -75.88524628
398 108.8166809 -125.1483307
398 19.10878754 -53.50715637
398 61.29198837 -70.77630615
398 20.6602726 -60.63822556
398 70.62703705 -166.7645111
398 -20.85902786 -31.05577469
398 62.22252655 -178.2865601
398 -93.8841095 3.52319169
398 56.4411087 -196.4542847
398 -114.4788132 55.39964294
398 -109.8732452 -9.380811691
398 -149.9766388 64.19208527
398 -141.7986603 61.82216263
398 -53.31551361 97.52696228
398 -126.033638 3.1192801
398 -179.4445953 -23.32567787
398 -36.79589462 -19.68824005
398 -34.2788887 90.92025757
398 -146.9403229 40.78324127
398 -93.49684906 73.12702179
398 -159.3527985 46.70806122
398 -38.35250092 97.48016357
398 -158.5986786 12.49736118
398 -221.7098846 -34.89606094
398 -173.0377197 -13.52295589
398 -144.6607208 -4.681843281
398 -33.93159103 -23.46667099
398 -17.91491127 0.514940083
398 -39.18283844 78.30539703
398 -251.4512329 0.3793540299
398 -111.7988739 64.70936584
398 -13.95065594 124.3181534
398 -22.01648903 110.5934219
398 -228.1182251 -54.5286293
398 -178.6204529 12.65286541
398 -151.1852722 -35.2363205
398 -184.1397247 -2.477618933
398 48.28140259 18.92411423
398 33.55879593 99.96860504
398 -294.7550659 -13.13466644
398 -167.5293732 49.57430649
398 -154.2981873 49.34381866
398 -229.8246918 -63.30253601
398 -209.957428 -3.231206179
398 -222.0773468 3.038326025
398 -341.6912537 -27.6587429
398 -255.6653595 4.099462509
398 -376.8282166 -62.260746
399 92.59770203 34.73847961
399 99.31005859 17.58719444
399 89.33208466 47.19723129
399 75.34745026 10.33286572
399 113.8644867 20.5636425
399 71.80371094 36.59427643
399 66.3614502 37.32919693
399 41.00989151 -21.60233116
399 152.3634644 18.20151901
399 90.36663055 27.63712502
399 52.56304932 13.53777599
399 50.72711563 56.24789047
399 47.27790833 29.73462677
399 -12.14185238 -23.75017166
399 53.83689499 -39.44891739
399 166.3353729 46.80593872
399 167.7517242 -20.44555664
399 59.20926666 45.45072937
399 -83.36103058 -42.05672073
399 140.9243164 89.3054657
399 9.142197609 36.39125061
399 10.90700245 54.88998413
399 -42.96007538 -13.17984009
399 -15.58864117 16.41957092
399 -6.573898315 -40.57603455
399 186.7913361 110.8534317
399 36.81278229 17.99151802
399 23.19796181 41.69768143
399 -92.88192749 -18.94317055
399 -77.57904053 -21.01176071
399 -151.4281006 -103.6954727
399 178.7078552 131.7653656
399 -17.89931107 32.47991562
399 20.67216492 50.86738968
399 -47.60102081 -26.75701141
399 0.5685074329 46.51974106
399 29.92361832 -62.87697601
399 -21.37624168 -44.58845901
399 -5.766442299 -32.26707458
399 -1.006919384 36.99435425
399 -155.5747986 -57.13589478
399 -67.48188019 64.60081482
399 -59.18934631 0.6040979028
399 -87.05633545 -35.30296707
399 -182.6468201 -143.8439789
399 -112.3335342 -99.19583893
399 -186.042984 -149.8598175
399 216.903656 171.9886169
399 69.53067017 51.94475174
399 -58.67318344 -47.60065079
399 -22.71259308 -32.52587509
399 -51.23023987 -36.70068359
399 -20.15216827 58.73454285
399 -21.0334053 -87.03972626
399 -32.16302109 -16.99843407
399 -18.35432625 -68.82658386
399 -33.6354866 45.75660706
399 -192.3406525 -102.20401
399 -47.49930954 69.30039215
399 -24.33260536 105.8273087
399 -62.25251389 85.74730682
399 -99.380867 87.9782486
399 -69.45024109 -38.60170746
399 -192.9934998 -151.4058533
399 -210.885498 -150.5062103
399 -231.5151825 -158.0789337
399 290.596283 202.4144135
399 227.5942383 72.86190796
399 -25.71654892 -46.54826355
399 -35.63146973 -44.76089478
399 15.84562683 -135.1614838
399 -71.73322296 -12.3959341
400 195.5511169 140.2588348
400 120.2470627 114.3327332
400 234.7805023 128.2966614
400 162.8809204 175.6141052
400 55.19976044 111.2332077
400 156.8494415 112.1777802
400 120.196701 138.8264771
400 234.115799 182.858902
400 200.8895874 139.7131805
400 174.2026367 124.476738
400 152.8351288 23.93966103
400 86.23634338 57.39625168
400 207.1743927 39.95870209
400 187.052948 148.7991028
400 228.880249 45.90708542
400 178.7886658 31.98771095
400 133.6859283 1.247770071
400 102.9832153 11.66338825
400 58.52480698 36.91136551
400 86.80644226 31.68623734
400 235.6328125 22.03480911
400 137.2322235 -55.62245178
400 49.52008438 19.91055298
400 130.178833 20.429039
400 82.20440674 -10.66093254
400 39.30752563 12.08383369
400 91.38622284 16.52758217
400 162.5796814 -21.23294067
400 149.7607727 26.48433304
400 -2.443930626 -47.76938248
400 44.99376297 -17.41676712
400 23.13688087 18.64656258
400 92.40879822 -11.10853767
400 9.792487144 -24.85256767
400 -117.9974213 -113.6555252
400 46.95801163 19.32863998
400 23.43080139 14.76553535
400 29.67185783 17.92332268
400 100.2175064 -5.881978512
400 -133.9342346 -134.1168365
400 -229.2323151 -182.1095123
400 63.95756912 24.65188599
400 48.98222351 63.38195801
400 -175.9338379 -157.9624634
400 -207.3381348 -178.7583771
400 83.75395966 29.79013062
400 -153.7720947 -156.9504852
400 -185.0009308 -178.5361176
400 -232.1003571 -182.3003082
400 -266.124115 -172.5320282
400 -269.1650085 -142.7324066
400 -210.0399475 -84.99498749
400 -327.8718872 -187.7875671
400 -101.0329132 -73.43386078
400 -155.4772034 -18.56826401
400 -204.2945709 -98.53803253
400 -349.9190674 -185.0879822
400 -360.0022888 -222.618515
400 -67.14591217 36.59609222
400 -246.6569824 -125.8724442
400 -382.1439209 -208.0147858
400 -405.4969788 -251.1728668
400 -69.27323914 -30.31178665
400 -59.54880905 108.2210312
400 -433.2789001 -241.8392944
400 -94.60048676 -25.78409386
400 -53.97907257 118.2637024
400 -17.31128311 117.2402649
400 -487.9087524 -252.6746979
400 -112.1342621 -21.41572571
400 54.15938568 163.5185547
400 -95.66621399 93.72341156
400 -536.2674561 -274.6843872
400 168.1472778 178.8477936
400 181.3327484 210.0854034
400 210.8801422 181.1827393
400 281.3676147 182.5115356
400 361.7337646 195.9509277
400 372.4317322 203.4917908
400 390.0524292 204.121521
401 -95.9567337 -21.81098557
401 -69.24368286 59.58866501
401 -95.24121857 -76.72116089
401 -50.36442566 69.68313599
401 -69.14252472 81.3899765
401 -96.27690125 -114.5924225
401 -21.39624977 78.70839691
401 -51.62612152 53.73679352
401 15.36474609 50.03791046
401 -116.4376755 101.4200974
401 -123.7170029 73.53043365
401 -33.33794785 -64.38418579
401 -188.0453339 -174.5298157
401 -180.7370758 -151.8492737
401 8.414574623 103.0696106
401 -18.64630699 87.1383667
401 96.11299896 67.93611145
401 -153.2095947 97.82832336
401 -158.8565369 101.7020569
401 15.4822216 -2.08703208
401 -184.4493408 -135.5934296
401 -210.6760864 -188.5903625
401 -204.803772 -158.9351959
401 -223.3959808 -165.6152954
401 -18.03906822 76.18496704
401 -3.037982941 83.99578094
401 102.0775986 52.531147
401 113.3256454 75.62608337
401 58.40373611 86.45463562
401 100.0233536 23.5091114
401 -236.3290863 -163.5591583
401 -205.1314392 -212.8297729
401 -229.6623688 -213.9036255
401 -255.6412048 -174.9646912
401 -298.9876099 -223.6801453
401 -199.6353912 -190.9385986
401 -4.480827332 69.34407806
401 50.49124146 53.7060585
401 176.9839783 36.00247192
401 121.991806 66.37041473
401 137.1242676 80.805336
401 103.3921738 67.09554291
401 117.9350891 12.7749958
401 197.3985291 14.39279842
401 180.2647552 32.55826187
401 151.3895111 65.38098145
401 98.65811157 77.83921814
401 79.07222748 -25.76414871
401 202.7802124 25.78482056
401 220.2660217 60.8819809
401 214.3617554 16.93663216
401 120.7638855 45.54426956
401 123.9125366 64.62807465
401 278.9799194 92.45549011
401 257.5925903 39.31161118
401 96.99642944 24.70025253
401 356.9456787 89.7642746
402 7.60973835 15.77412224
402 -25.1060524 -7.401548862
402 50.54264832 4.881436825
402 -1.66489327 4.767296314
402 -33.55885696 -17.83712769
402 2.177409887 -0.1841767728
403 -85.4495697 2.812343359
403 -7.479995251 14.69296932
403 -118.4813766 1.01920104
403 -93.1982193 -31.25933456
403 -108.7052612 -8.809333801
403 -109.0611801 -15.28950024
403 -95.50818634 -18.99025536
403 -105.2589035 -50.32544327
403 -54.313591 29.02327347
403 -111.3292465 -73.03588104
403 -55.87751389 38.04094315
403 -89.03816986 -102.7125549
403 -84.61830139 28.41747856
403 -43.45475388 33.13151932
403 -96.21829224 66.77851868
403 -45.55287552 72.96801758
403 42.60052872 45.02770615
403 -83.29944611 -136.1825104
403 -50.3531189 31.60526085
403 -75.58407593 27.18464279
403 -103.9248505 83.75939941
403 -96.8943634 64.05649567
403 -69.36315918 115.7274094
403 -20.50709534 101.1738739
403 -32.94454575 46.92179489
403 136.3795471 26.2705822
403 3.830014467 -111.0152359
403 23.92117882 32.94054794
403 -60.88355637 -13.07354736
403 -31.1071949 56.85217667
403 -151.6581421 20.69296646
403 -63.80913162 -16.92985916
403 -75.19524384 142.2816162
403 -37.51255035 93.03897858
403 -3.631053448 -15.50645256
403 245.1516724 15.16127396
403 28.82882881 -127.1011124
403 -66.74310303 -50.11194992
403 23.14897728 91.55267334
403 -20.04363441 112.6722565
403 -58.97507477 -83.52344513
403 12.35539818 -2.877622604
403 234.4947968 10.05144215
403 52.47032166 -123.5813904
403 -57.70248795 19.8125782
403 41.7478447 113.0133133
403 18.73164177 124.7204514
403 -4.173387527 131.0300751
403 -95.96735382 -76.84999847
403 -166.7792358 -118.5033646
403 -74.02235413 -85.20441437
403 69.03344727 -97.07918549
403 264.1896973 -4.310474396
403 105.5276031 -115.6574173
403 77.48692322 147.4102478
403 30.53853226 100.8890152
403 90.85456848 152.3286133
403 55.98993301 142.1944733
403 -110.4654083 -64.38632202
403 -86.56311035 -66.06178284
403 -162.8214722 -116.9131393
403 97.34764099 -111.375267
403 73.29069519 -49.75342941
403 111.1250763 -137.0650482
403 257.2036438 -9.540912628
403 147.7934875 -116.9597092
403 25.98264503 138.6640625
403 89.11713409 163.6582794
403 31.67447472 47.89815903
403 203.4413757 -91.06304169
403 141.8261566 -158.62677
403 -26.42774582 -170.1998444
403 248.0484314 -14.16175365
403 206.7664642 -101.4372787
404 83.11691284 25.9208374
404 89.65556335 23.6811142
404 115.9857559 46.10757828
404 137.6757507 16.52892494
404 55.756073 20.28690529
404 21.46573067 6.153100967
404 159.7889404 33.41926575
404 13.32424355 9.687050819
404 98.58381653 22.26141357
404 17.78035927 30.04628754
404 -90.54519653 -7.134691238
404 -37.4004097 -12.52924156
404 -9.238016129 21.21301651
404 37.03225327 -1.362337589
404 57.75868988 26.53678513
404 108.5248566 -22.52455521
404 -25.44504166 57.66483307
404 20.17779922 41.64294052
404 -40.25905228 31.05582619
404 -143.6126099 -18.17500305
404 -110.4686356 -17.54804611
404 -46.24604034 -6.479471207
404 -84.6521759 -34.91793442
404 -73.24519348 4.833953381
404 86.35288239 -28.66015816
404 61.5098877 17.44454002
404 45.80330658 10.59095669
404 118.5518341 -38.91650009
404 -74.59200287 72.71234894
404 50.29076004 46.87534332
404 -140.60495 50.97148895
404 -155.0507355 -14.68497658
404 -161.3282623 5.113194466
404 -147.8156281 -24.18777847
404 -118.4651871 -4.69439888
404 20.79584122 31.00987434
404 -123.5395966 -22.79973221
404 -150.3879242 -11.23004723
404 164.8909454 -86.08644104
404 107.9869385 -104.1725159
404 -136.4286957 64.744133
404 81.16559601 63.0522995
404 -184.1611938 62.8319664
404 -146.2796326 53.5586853
404 -155.1770935 -10.55084324
404 -137.5176544 -32.21887589
404 -152.5190125 -20.11940002
404 64.78195953 40.99168396
404 -196.2184601 -20.87548828
404 155.0699463 -55.79278183
404 176.802002 -73.47759247
404 190.2312927 -101.3754272
404 120.0323944 -131.5409546
404 69.49604034 62.2878685
404 95.01304626 79.15052032
404 87.627388 73.35469818
404 -251.2101898 76.08901215
404 -125.995163 24.31995964
404 60.09400177 51.20462418
404 105.0550385 48.91153336
404 -246.800766 -43.68970108
404 -220.1740417 -46.19754791
404 113.5893021 -49.00512695
404 169.28302 -67.7780304
404 233.4810944 -113.8253326
404 163.5226898 -151.8326874
404 124.1565094 -179.106781
404 137.5271301 -144.4560394
404 57.31456757 53.07368469
404 136.6550293 96.04530334
404 197.1193085 87.90818787
404 152.8533936 101.8374863
404 108.7507629 56.67296982
404 -278.0038757 81.9332962
404 -275.1792603 88.03990936
404 90.27076721 86.50502777
404 36.62402344 30.82773972
404 -214.3179932 -53.89725494
404 -269.2830811 -50.66027451
404 -239.2485352 -45.67404556
404 130.434494 -70.04187775
404 231.6513977 -116.8780899
405 -46.26397705 45.2467308
405 -4.474520683 -7.555514336
405 59.54069901 -30.79879761
405 -31.70287132 -16.99129105
405 -38.36583328 -9.239631653
405 51.04922867 26.358078
405 17.92838097 3.418988466
405 -72.69366455 -5.653283119
405 23.61910629 -19.18725586
405 63.92169189 -0.8493380547
405 37.52054596 46.65778351
405 -130.1862183 6.821233273
405 70.10747528 -38.22772217
406 45.64031219 94.47885132
406 9.742284775 79.60430145
406 -10.79722786 76.1486969
406 24.72816849 94.95335388
406 -49.15559769 53.59354019
406 31.09001541 108.6282883
406 57.2977562 131.935379
406 -69.34681702 56.02210617
406 -37.36889648 36.96671677
406 -110.8180313 24.78567314
406 -1.742625475 72.91217804
406 -106.3761902 -16.47391319
406 -125.6461105 12.56053925
406 -114.6067886 -4.827973843
406 -131.5982361 -13.17722988
406 37.13645554 102.4830551
406 13.70258999 62.09378052
406 -127.7110062 -65.03542328
406 -177.0975189 -8.753240585
406 -85.29490662 -14.85039711
406 -170.8579407 -28.13949203
406 81.66595459 121.3154602
406 38.97128296 61.760849
406 -125.1603012 -107.6735306
406 -81.48603821 -31.36047554
406 -3.495540619 -18.26737785
406 -209.2363892 -59.15651321
406 70.83233643 154.5570374
406 141.7248077 136.5409851
406 59.03044128 89.9996109
406 36.25258255 14.56569099
406 -107.635498 -118.2622223
406 134.3084106 -9.489175797
406 -37.97651672 -17.9731102
406 -243.6706696 -105.771553
406 79.03257751 181.2441101
406 75.60166168 -6.307433128
406 49.01195145 14.04736328
406 13.45629597 17.87077522
406 -175.9963074 -117.6173782
406 -65.35086823 -152.1577759
406 103.2355576 -24.939785
406 160.7444458 -20.87220383
406 186.5436554 -6.65792799
406 102.7488785 -27.64457512
406 116.7897415 -24.07490349
406 -293.5254517 -144.7236023
406 91.47316742 221.2180023
406 96.46276093 -18.7039299
406 -25.3980751 23.73435211
406 94.63267517 -42.78832626
406 88.86652374 -22.50719833
406 203.7662048 31.67452812
406 235.4033661 21.73793602
406 220.2869873 12.73246098
406 176.2461243 -21.04114723
406 69.96598816 -26.32624817
406 92.83554077 -38.56712723
406 132.8987885 -12.17508125
406 -410.7284241 -152.5309296
406 -302.6360474 -140.3289795
406 -332.1592102 -203.4341583
406 92.0644455 211.0550842
406 100.6619034 -41.03150177
406 73.801651 -36.45051575
406 267.1943359 73.60774231
406 146.2361908 1.399772048
406 281.6349182 20.88415337
406 235.0589294 62.60324097
406 -311.3363953 -224.7847748
406 152.0646362 236.6100464
406 94.72859955 -26.53620911
406 105.8515778 -18.42976379
406 -380.8962708 -300.5982666
406 -296.3173218 -245.8842773
407 3.836766005 -26.80311966
407 -61.21294403 -38.75953293
407 3.131866217 -23.39801216
407 66.1021347 -2.844633102
407 75.26108551 -10.1265831
407 -67.54839325 -59.69025803
407 -66.13720703 -35.41912842
407 -54.10987091 -38.07198334
407 -71.3289566 -19.65396881
407 57.52645111 21.83292007
407 99.85997009 12.17409039
407 207.8801727 46.3850441
407 181.9423523 21.48702049
407 -147.0908966 -74.00692749
407 -31.17939758 -21.59581947
407 -105.0249557 -22.31972694
407 -52.91523361 -3.613674402
407 103.5056992 64.42873383
407 95.28754425 23.62650108
407 66.99095154 1.128355265
407 306.6494141 90.4954834
407 179.4278717 5.100846291
407 -28.66807175 -13.13248539
407 -218.1277771 -58.03953934
407 -31.47750854 3.766190529
407 134.697113 66.60671997
407 18.4799118 23.00633621
407 115.0829926 67.85643768
407 139.2695923 22.35483932
407 274.527771 82.81391907
407 473.662323 195.5992737
407 218.757843 21.7169323
407 -30.33716583 -27.96998596
407 -240.9503479 -34.65559387
407 -224.7593536 -52.08667374
407 -293.8316956 -116.7974701
407 -42.16309738 22.38534546
407 -38.16731262 -3.383556604
407 127.5906906 99.74191284
407 189.9357758 119.7110138
407 126.3351593 79.21846771
407 45.77528381 31.21712875
407 183.0108643 100.3276749
407 230.8584595 83.13014984
407 698.6502686 294.9336548
407 238.8825378 68.53871918
407 225.1487427 -4.992004871
407 -281.0894775 13.18003082
407 -296.3747253 -50.2808609
407 -181.7100983 -39.23509979
407 -206.6373749 -0.3287420869
407 -85.10454559 -44.96471024
407 -311.203949 -131.0102997
407 -30.89433861 11.85185051
407 128.7721252 88.73107147
407 214.1573639 133.809494
407 166.9490967 138.3790894
407 224.1441956 55.90792084
407 19.33173752 15.91689301
407 192.5165558 102.3777695
407 186.9958496 45.82740021
407 -283.7372131 51.3246994
407 -216.0163269 -83.04969788
407 -165.694809 -36.56824493
407 -197.4766693 11.44937134
407 -218.8572388 37.47722244
407 -41.17513275 -55.76742172
407 -412.4878845 -180.8864288
407 -36.89093018 17.51622009
407 256.0618591 12.44758701
407 9.474747658 -6.154950142
407 -290.8861389 -119.288826
407 -24.60647392 -68.10448456
407 -417.6056213 -148.1871643
407 -435.0205078 -149.5858002
407 -408.7244568 -178.2725983
407 -40.41650009 23.78521729
407 323.8947754 -13.21643543
407 -39.64128113 -27.7271347
407 1.469635606 -52.08870697
407 -411.2539978 -193.1167908
407 300.2501526 -69.83184052
407 -36.77971268 -47.47636414
407 -36.77007294 -47.06227875
408 -112.9966507 -113.7923431
408 -123.2740402 -105.9781647
408 -143.0029144 -99.09660339
408 -151.0872192 -133.7076874
408 -127.0509872 -55.95526505
408 -152.1359253 -159.0456085
408 -190.6421051 -164.9091949
408 -161.9769287 -181.0146179
408 -155.7766266 -128.2299347
408 -78.43195343 -73.86669159
408 16.81760216 -30.04866028
408 -86.66265106 -43.91537094
408 -108.7537918 -5.488976479
408 -172.4309082 -21.30628777
408 -79.35441589 4.995873451
408 -201.4813995 -40.82967758
408 -60.77183533 22.04086304
408 -1.913300276 41.22187424
408 -8.496801376 50.91225815
408 22.82771683 32.32361221
408 52.35732651 85.03118896
408 -32.18787384 79.13080597
408 33.01207733 20.9803772
408 -17.75923347 28.77291679
408 143.3753967 112.0694885
408 -40.14066696 153.5735016
408 13.71468258 76.7465744
408 112.0235977 17.24200439
408 6.551205158 20.64393234
408 -10.68789864 13.3886137
408 268.997467 154.6552277
408 -63.18557358 169.3738251
408 -3.296840429 42.91592789
408 177.0821533 8.6882658
408 -30.0924263 9.134714127
408 49.30413055 4.670390606
408 -58.90649796 18.46730804
408 341.7749634 192.1780548
408 -78.41388702 179.0794678
408 143.0509491 -12.95976734
408 189.9091492 28.50565338
408 150.8609924 -28.81224632
408 -69.44276428 -28.29535294
408 96.8657608 7.276890755
408 -81.08161163 22.6407814
408 350.9810486 185.7879639
408 342.6366577 206.2757721
408 138.2078247 -24.00151825
408 152.151062 -33.22255707
408 -188.921814 -100.7542038
408 104.1790237 4.839352131
408 383.3572083 175.7156067
408 365.7839661 222.7893982
408 -190.6748352 -92.80299377
408 -214.7608032 -127.7967148
408 155.6883545 15.31399345
408 407.5742798 173.8297882
408 -238.1038208 -126.9919968
408 -238.8116608 -145.5401764
408 -238.4165039 -134.5967407
408 207.4237976 17.51733208
408 458.4520264 206.9904633
408 -290.5155334 -168.7762604
408 -266.5692444 -141.397934
408 -240.2464294 -129.6431427
408 -211.6879272 -120.8761749
408 490.9852905 215.3481293
408 -229.4250488 -135.523468
408 -226.3763885 -111.891861
409 169.3895416 113.7882919
409 126.1141586 99.24875641
409 121.3428421 105.9296188
409 201.3712158 123.4365463
409 169.578598 113.1283722
409 87.49770355 93.55397034
409 103.0075989 119.7835846
409 97.04100037 104.8784637
409 209.8892365 142.9482269
409 172.9288635 119.3370667
409 182.3272705 125.3358231
409 39.64512634 19.55664635
409 -24.31671524 78.4595108
409 68.10953522 154.2887878
409 96.25970459 89.27307892
409 234.7350922 152.8454132
409 202.15242 120.0116119
409 170.4410553 111.8716354
409 -40.97467041 -115.2044678
409 -114.100769 35.80475235
409 40.34848404 175.9294128
409 56.17173767 84.80545807
409 137.8571472 105.0071869
409 268.151886 155.8655243
409 229.1247406 128.9937286
409 219.9604187 140.5899811
409 -64.7891922 -188.0878906
409 -32.36602402 -140.0235748
409 -166.6751709 9.471794128
409 35.08562469 197.7822571
409 94.50415039 77.98669434
409 97.23262787 96.84828949
409 196.7314453 117.8250275
409 -94.51612854 -229.3869171
409 -16.42854118 -164.5748749
409 -150.4081573 -135.9291077
409 3.745407104 -182.6389313
409 -231.9967651 -24.40109444
409 69.10691071 211.169754
409 90.44064331 27.8167572
409 149.7964783 81.2040863
409 124.5560989 98.04364777
409 99.84449005 70.22898102
409 243.5748749 166.5706024
409 249.6818848 136.6183014
409 -172.3727875 -286.2017517
409 -78.33673859 -231.2942963
409 14.52997589 -179.9848633
409 -236.3099823 -123.5483322
409 13.33374977 -235.4959564
409 -269.4289856 -77.33545685
409 -322.8108215 -124.8595581
409 -267.5155945 -129.3143463
409 -4.430981159 -250.2314453
409 -302.389679 -101.0994034
409 -353.7867126 -144.3050079
409 -375.7712402 -149.371582
409 -332.0177917 -138.0429077
409 -37.50684357 -296.4960938
409 -371.0453491 -145.4698334
409 -426.4017334 -152.2802734
409 -398.9126282 -160.6596069
410 -128.1730042 -52.66376495
410 -164.8880463 -64.74814606
410 -139.9823303 -76.27077484
410 -146.7014923 -56.10787201
410 -227.848465 -43.98410034
410 -100.7194138 -91.83172607
410 -102.197319 -33.1653862
410 -216.35849 -36.12576294
410 -260.3917236 -34.01530838
410 -111.2340775 -97.80400085
410 -53.97805405 -36.92242813
410 -122.347908 -53.92438126
410 -191.5670013 -35.10789871
410 -99.71517181 -118.6316376
410 -152.8856964 -112.5892181
410 25.69422531 0.1511892676
410 -132.0373993 -80.4861145
410 -206.0110626 -113.2414322
410 -200.9569244 -30.66029167
410 70.42921448 19.76412773
410 -142.8542023 -97.98136902
410 -202.4969025 -126.3906326
410 68.1348114 41.56397247
410 143.7660828 68.5670166
410 -110.5581284 -108.7916336
410 -121.3785782 -146.5640259
410 -22.26347542 53.04410553
410 69.60639191 53.96451187
410 100.7511292 37.25237656
410 -54.2314949 -133.230896
410 -57.35048676 -182.1567688
410 11.32377434 80.56471252
410 11.79365635 51.04376221
410 -49.22464752 59.94112396
410 86.51712036 69.20646667
410 95.02199554 77.49586487
410 52.34389114 32.57505798
410 118.1686325 4.905977726
410 10.37597466 -88.21406555
410 28.31734276 43.89915085
410 87.11280823 50.0389061
410 -63.23083115 49.31654358
410 28.06723595 68.70871735
410 80.97718048 71.37121582
410 163.355545 92.98405457
410 149.3722382 121.2007751
410 107.6072998 -21.80085945
410 -3.465359449 -72.86457062
410 83.87242889 -77.80229187
410 35.96282196 42.07304382
410 63.04656601 -0.4373635352
410 93.43077087 63.41043472
410 -160.5847626 63.56960678
410 -106.0621643 69.91597748
410 31.14500809 58.02449799
410 -9.918265343 92.34332275
410 225.4165955 108.3940659
410 132.6121063 41.19758606
410 106.6203079 28.99001884
410 207.0405273 182.5964661
410 181.6139984 41.58013153
410 -32.65170288 -102.1670151
410 128.8917236 -113.9255829
410 58.64585876 38.43581772
410 54.48370743 56.20655823
410 155.8106537 73.93608856
410 -8.340779305 61.4173317
410 -81.34793854 131.2121124
410 280.2935791 135.4749298
410 123.6515503 25.87968636
410 124.3627472 19.60486221
410 90.60636902 2.444190025
410 143.5966797 -150.8574982
410 54.24840546 53.2133255
410 99.86397552 53.98548889
411 200.2678986 19.63666534
411 200.3228302 44.06864548
411 170.7092438 22.50522614
411 174.8322144 41.01828766
411 204.5786591 7.099329948
411 142.5884552 58.41485214
411 88.25662994 36.58361816
411 108.2770081 39.24843597
411 169.8908081 68.59449768
411 98.57529449 21.00858498
411 158.6572418 89.68260956
411 29.26669693 29.82615089
411 16.6569252 -19.64328766
411 78.40110016 56.56589508
411 155.9177399 28.89138603
411 56.78466034 64.3171463
411 5.796958923 -22.07125282
411 25.76590157 86.62702942
411 -6.848773479 -6.186065674
411 10.50697422 -0.3317482769
411 48.8250618 -66.53557587
411 1.67782402 19.72845459
411 -14.53846455 18.40020943
411 50.93020248 119.0869446
411 86.15113831 111.4506226
411 12.56739616 90.1185379
411 -28.41872978 -63.55514908
411 -46.1759758 -13.52179337
411 -23.86121941 45.86777496
411 -23.95420265 20.44863319
411 1.438465834 9.837656021
411 18.0123806 -4.838850021
411 -24.91954613 -105.9698029
411 -10.87897873 70.83197021
411 -14.35731506 6.541314125
411 -31.89682579 95.89910889
411 -1.169460177 133.2625275
411 96.48292542 150.7137451
411 -14.96871948 -62.64444733
411 -57.92238235 -3.020516872
411 -68.57524872 1.071822047
411 -76.37367249 25.36263466
411 -50.41659546 43.88856506
411 -62.56312943 0.690697372
411 -56.68883896 -144.5045166
411 -55.44721603 -138.2632294
411 4.478270531 71.24716187
411 -0.7329908013 38.46133804
411 -4.294535637 120.9969025
411 -5.815066814 148.0887299
411 -36.13182449 149.389389
411 -39.44979095 5.131519794
411 -130.8452911 9.661781311
411 -49.00991058 -15.99652863
411 -101.278801 17.76504707
411 -27.49338913 84.9006424
411 -73.64411926 76.06941986
411 -36.78588867 -27.25997543
411 -119.2980423 24.49272919
411 -78.50052643 -173.6911621
411 -54.49933243 -178.5920563
411 -106.2167358 -175.3094177
411 -19.14686775 -137.606369
411 -59.93598175 -20.77695084
411 -20.8275032 7.812766552
411 -111.3739395 106.6169205
411 -7.593402863 -59.02936935
411 -132.5803223 -6.53260231
411 -43.91589737 -187.1955719
411 -110.6100159 -190.1767578
411 -141.8305817 -176.446228
411 -154.9775696 -190.9802246
411 -5.549252987 -148.5740356
411 -59.33559418 -150.2918091
411 -14.96807003 -48.37883377
412 -248.9132385 -258.5839844
412 -252.2560883 -237.7014923
412 -228.1825562 -260.8793335
412 -288.7589722 -212.0010529
412 -324.5085144 -220.7327271
412 -301.4191589 -245.7264709
412 -166.8383636 -151.5750732
412 -335.0394897 -239.3660278
412 -295.1829834 -280.3437195
412 -81.02732086 -118.5841141
412 -22.53053474 -89.69160461
412 -55.31876755 -98.61229706
412 41.43382645 -34.54877853
412 56.90729141 -5.752491951
412 89.11756897 31.80706215
412 33.81562042 47.44870758
412 93.15553284 9.683231354
412 35.92684555 94.00682831
412 55.1224823 66.61312866
412 -21.1201725 138.2140656
412 131.9126892 81.26176453
412 31.86772919 57.56283569
412 -5.904593468 139.3276215
412 5.838642597 164.9668427
412 137.1197662 96.42987823
412 10.81789112 92.36325073
412 24.80797768 5.524501324
412 -50.35487747 149.1891785
412 7.929182053 170.7733612
412 159.8779755 113.9159088
412 172.5553589 108.2928848
412 24.60405731 144.0565033
412 45.07785797 90.79685974
412 -45.15942764 -44.21246338
412 45.92704391 262.7054749
412 168.8539276 128.8029785
412 -87.37831879 -71.2817688
412 -16.37042236 -58.87310791
412 31.29587746 313.5593262
412 95.67787933 295.9885864
412 212.7858582 153.9878693
412 -172.7283783 -167.6725464
412 142.0916595 98.38061523
412 244.5650482 208.4454193
412 -244.2637329 -241.9813232
412 88.67453766 16.31120491
412 297.5722656 238.4593048
412 -241.8464203 -236.8013611
412 74.35979462 -10.1458559
412 94.61586761 6.766835213
412 104.2444305 21.57728577
412 88.8635788 -32.9565506
412 151.6356201 56.87668991
412 156.4740448 -32.50193787
412 224.7710114 62.75500107
412 133.5886078 -68.86909485
412 204.8127747 41.39917374
412 138.1068268 -51.53756332
412 207.2415314 44.99968719
412 120.9479599 35.46904373
412 143.8807678 -59.35663986
412 119.797493 -19.71050644
412 216.108078 29.83166122
412 119.6672668 66.27545929
412 172.8064423 -69.9199295
412 138.4351196 -5.629888535
412 48.54343414 -37.4596405
412 136.9777985 -43.58097839
412 -22.48407555 42.85585022
412 166.1987915 71.99699402
412 13.56374359 -31.80789948
412 61.56785583 -55.33935547
412 -102.5029984 32.12198257
412 -43.01121521 37.22885513
412 -8.621876717 -70.97422028
412 75.77591705 -40.25854492
412 -141.4132996 29.57451248
412 -104.7048111 14.48122215
412 -51.4897728 60.30245972
412 -75.38356018 -98.15715027
412 -144.963089 30.31879425
412 -135.1816864 24.06187439
412 -105.2560196 -17.86118889
412 -179.2290497 -154.0429077
412 -172.4714203 36.84835434
412 -120.5338364 41.35916901
412 -143.7962799 -27.26342964
412 -245.7909851 -177.3502502
412 -187.9438019 41.80004883
412 -128.4371185 31.86935425
413 63.81293106 -38.36207581
413 4.173839569 -19.8439312
413 40.74335861 -3.545448065
413 -28.22498131 -22.61566925
413 -14.29771519 -35.0881424
413 -68.0840683 -6.360081196
413 -69.45995331 -44.22436142
413 -41.14661026 6.728103161
413 -54.24934387 -45.88422394
413 -26.55542564 -37.40828705
413 -43.11352158 -9.258187294
413 -14.14323235 -44.74783707
413 -37.1801796 38.62445831
413 -55.25398254 -49.40619659
413 -114.1253357 -72.90167999
413 -5.008458138 -32.59779358
413 -42.46684647 -48.3221283
413 -12.11032581 -42.27800751
413 1.836339235 71.03353882
413 -37.3305397 -44.99893188
413 -60.43479156 -50.66748428
413 40.91584396 97.59794617
413 -54.35485458 57.44600296
413 -2.767493725 -34.53156662
413 -82.57595062 -52.87336731
413 112.5265656 123.0975113
413 -86.58063507 78.12733459
413 44.09608459 -18.19063568
413 -121.9573441 95.30698395
413 86.04955292 -4.117045879
413 97.55230713 6.594192028
413 129.6375427 -32.02809143
413 150.5109711 2.009538412
413 89.49935913 22.99244118
413 77.94244385 -30.37334251
413 42.56206131 72.33277893
413 89.2685318 -77.48910522
413 7.437197208 98.93101501
413 -7.143281937 127.2917862
414 1.421501994 34.26446533
414 40.85438919 55.66777039
414 67.93490601 76.68302155
414 5.359620571 29.00190926
414 37.12256622 36.38386536
414 126.0294266 127.4177017
414 -13.79768467 37.51239395
414 13.80908298 12.8480444
414 26.14367485 20.03591537
414 170.7550049 149.6834259
414 -40.39796448 52.48283386
414 223.835144 153.6776123
414 101.2176285 146.8790588
414 250.3081512 150.816864
414 72.73956299 143.2277374
414 56.76621628 135.664444
414 -27.94288063 159.6222229
414 69.58843231 110.1962738
414 -68.2589035 178.1728973
414 77.71709442 86.54927063
414 134.3984375 58.36690903
414 41.500103 64.79189301
414 78.68587494 101.1196213
414 116.3210831 6.707511425
414 191.7737122 58.17457581
414 -1.641276717 46.26462555
414 47.81642151 72.49246216
414 58.51131058 104.7120743
414 86.25759888 -44.93112564
414 -23.33943558 37.99424744
414 15.43571949 46.71820068
414 47.92698669 100.8321533
414 62.66952515 -93.95845795
414 -12.86448956 12.99274445
414 -44.26576233 44.24188995
414 -14.45189381 26.20676041
414 73.24551392 -104.3610458
414 69.19957733 -130.0184174
414 65.59253693 38.33643341
414 -38.52302933 -45.80367279
414 -77.71608734 70.94868469
414 -52.92421341 -52.21431732
414 -2.266346931 51.07783508
414 118.0746155 -136.8743286
414 -22.5151577 -76.04407501
414 -0.1199477389 -57.23442459
414 -52.04631805 -55.47078323
414 20.630476 65.63236237
414 5.169028282 69.87419891
414 112.4013214 -167.2479095
414 -119.8105164 -117.1364746
414 19.78936768 -50.52178955
414 -112.8625946 -78.90628052
414 48.55924225 85.96569824
414 125.1190567 -153.8617554
414 -103.1414566 -114.2307816
414 -136.6830597 -108.7654266
414 -126.4916763 -161.0263214
414 19.59694481 -56.49270248
414 -226.0428467 -125.7703476
414 -120.0427856 -113.8289871
414 -103.5184402 -156.1829224
414 -227.485321 -140.9299774
414 -257.3473511 -131.9932861
414 -236.3964386 -131.4061127
414 -132.35495 -183.9547882
414 -249.1572266 -136.2639923
414 -255.8708801 -134.8081665
415 -11.59194756 135.3600006
415 12.43655682 126.9091492
415 35.42857361 125.5063248
415 3.193759203 92.8237381
415 68.32500458 142.7120667
415 80.2800293 121.4163208
415 -65.20986938 76.74640656
415 16.46273613 48.02851868
415 99.33898926 152.6007385
415 90.17478943 172.9224396
415 -102.8125381 48.48148346
415 -96.83868408 79.60523987
415 -85.21825409 75.31241608
415 45.76148987 22.36113358
415 15.3453474 28.97656822
415 66.15614319 154.7598114
415 112.8195038 194.9023743
415 -128.3476868 21.70591736
415 1.972789764 17.99696922
415 51.36412811 156.2094879
415 -90.81761169 22.62729645
415 -175.0854645 -10.71160316
415 6.545013428 18.4183445
415 -17.48120308 10.40370083
415 -160.3398438 -38.09378052
415 5.767907619 -2.999181032
415 59.89963913 -17.38955879
415 -11.18975353 26.9375515
415 -119.531723 -25.84187889
415 -181.6980286 -62.32139587
415 -41.5630455 -6.712445736
415 73.95327759 -27.61213303
415 99.64984894 -32.99518204
415 -169.8650208 -72.00317383
415 -217.9857483 -91.89042664
415 -85.80503082 -83.61167145
415 76.90689087 -31.1261673
415 84.78806305 -31.73011971
415 95.68331146 -75.39359283
415 74.14617157 -21.16739273
415 -238.7386932 -83.73931885
415 26.30363274 -67.04296112
415 38.50605011 -68.11214447
415 68.12503052 -62.00563431
415 90.73165131 -34.48101044
415 72.47160339 -93.2110672
415 90.02759552 -24.76271439
415 74.58203125 -38.98832703
415 -260.8388672 -101.0884476
415 21.27260399 -74.17237091
415 110.1786957 -33.96979523
415 52.98928833 -79.65921021
415 -11.8500967 -82.43229675
415 42.28750992 -87.80440521
415 103.485466 -20.78635406
415 67.97090912 -63.94441605
415 101.0297623 -91.74126434
415 42.9081192 -99.57016754
415 107.1511536 -104.46875
415 -299.7337952 -102.7271729
415 186.121994 -27.41621971
416 60.20868683 142.4662323
416 87.26795197 104.0260773
416 103.6109848 149.8612976
416 10.64504433 119.4919052
416 75.06717682 53.52950287
416 94.97806549 70.9415741
416 48.4230423 45.83405685
416 79.89157867 47.29624939
416 -1.802842855 46.52943039
416 90.26476288 89.93699646
416 129.0516357 86.98178101
416 -22.19586754 6.366686821
416 41.38346863 38.31975555
416 104.2762604 28.43493462
416 -50.64288712 8.332197189
416 -25.16836739 -19.30932045
416 65.72607422 15.22186279
416 96.43256378 26.18823814
416 18.5481472 49.24445343
416 136.2697906 7.488015652
416 -16.54014206 25.10802269
416 -22.62362099 -7.208908081
416 -31.69293594 -53.62043381
416 45.57815933 6.060478687
416 8.432583809 33.26977158
416 -13.51566219 60.31681061
416 180.8692169 -20.25703812
416 -17.07131767 30.62745857
416 -34.80337906 -63.39923477
416 -41.92576218 -24.95983124
416 85.4557724 3.781153202
416 -15.61604309 15.70705318
416 0.0421339348 37.97463226
416 -39.10837936 -6.364070415
416 39.07131577 61.74285507
416 -20.98410416 105.3136139
416 201.728363 23.11947441
416 1.945064664 9.241819382
416 -97.11949158 -76.06277466
416 -61.33022308 -46.38204956
416 -106.6747589 -32.1427269
416 -71.97639465 -92.7557373
416 128.7951202 -2.209789991
416 44.75625229 8.635863304
416 44.36314392 -4.600178242
416 -11.57342243 72.01907349
416 2.189324141 22.18741798
416 -37.08721161 -21.44435692
416 -29.79219437 21.9876194
416 230.0038605 123.4349136
416 251.4011993 28.01100159
416 233.4343109 19.54375648
416 6.198017597 -56.51934433
416 -29.45650482 70.900383
416 -94.21931458 -53.16658401
416 -66.01410675 -30.32875633
416 -51.85612106 -35.22247314
416 -198.9512482 -82.86772156
416 -174.3187866 -130.9084778
416 -1.91057241 -103.532547
416 116.1267853 -25.02319717
416 26.16992569 -0.9832012653
416 -66.63845062 6.55168438
416 2.952810049 10.41423321
416 -2.090691328 -55.40102768
416 -73.70402527 -56.82149124
416 -1.655210733 -116.0877457
416 -52.12358856 88.29160309
416 -47.70677567 67.60884857
416 37.89187241 116.4628983
416 -49.4673996 83.89766693
416 -71.64421082 -8.013407707
416 -240.2386322 -106.8554001
416 -222.3357239 -121.4443741
416 -222.8724518 -145.7613373
416 121.1990433 -147.9743195
416 104.7650757 19.90831184
416 13.87496853 -8.910857201
416 82.73806763 28.27362442
416 -162.2996674 0.2314694673
416 -70.88848114 18.97574234
416 -88.66104889 97.33731079
416 -96.38111115 29.07640457
416 -78.17990875 14.66863346
416 -327.4230652 -139.0918274
416 -344.1262207 -204.1775208
416 153.8510284 -180.9169312
416 198.5291443 -216.4479218
417 191.3226013 -7.323081017
417 246.1502991 -15.84781456
417 157.9011078 -6.888901711
417 96.06804657 -13.2749052
417 236.8370361 21.80165291
417 148.6784973 54.53404236
417 66.82357788 -14.42599297
417 191.6583099 -14.49972439
417 229.410202 12.60658073
417 293.1688232 12.6292305
417 191.9657898 24.46118736
417 35.28735733 -36.34328842
417 55.83607101 -37.40901566
417 211.3798828 42.24911118
417 192.1750336 33.26853943
417 -57.96987534 -16.76281738
417 249.7354431 70.92935944
417 203.2732544 0.5292983651
417 258.2476196 67.69561768
417 193.4381104 32.73578644
417 -62.05582428 -51.64208603
417 -97.91036987 -47.84561157
417 -135.5261536 -10.13992023
417 274.9693909 95.06674194
417 171.873764 -2.917024612
417 323.5823059 102.1884232
417 352.2691345 134.198822
417 -177.6672516 -17.92492676
417 -164.2140503 -4.176089764
417 -157.8796539 -36.30596161
417 279.1812744 93.08216858
417 157.5633087 11.28706932
417 370.041748 141.619873
417 277.4004211 88.19976044
417 436.7432251 198.2360535
417 -251.7265015 -44.53073883
417 -191.3740845 -59.06213379
417 -158.8053589 31.18345833
417 270.6859436 81.39870453
417 177.5648956 20.44129372
417 392.4910889 170.6372833
417 522.7111206 253.4401703
417 -196.7934875 -27.03306198
417 -263.9640808 -68.08796692
417 -338.8094177 -49.1578598
417 -324.4155273 -58.09771347
417 -205.29953 -77.42630005
417 -150.9549255 77.81762695
417 282.4141541 78.86129761
417 296.3983459 99.65856934
417 222.7302094 53.55176544
417 -116.3147278 2.469978094
417 -318.58078 -72.992836
417 -402.0442505 -57.4055481
417 -360.1930847 -50.13155365
417 -186.2951355 -87.43801117
417 -203.6769867 -74.37819672
417 -343.941803 -61.83017349
417 -382.0001221 -64.51119232
417 -429.1774597 -79.92275238
417 -143.694809 -67.11012268
417 -263.6268005 -145.0132751
417 -272.366394 -88.55818176
417 -365.0413818 -58.33205414
417 -414.2713623 -59.42899323
417 -454.1611938 -39.24489212
417 -132.9540558 -67.08229065
417 -293.2635193 -147.5024872
417 -241.0073853 -168.77388
418 56.5995369 83.66147614
418 38.77820587 67.04000854
418 56.48925781 111.6526871
418 62.56837845 44.23075867
418 61.58709717 66.31915283
418 76.71816254 81.73143005
418 -27.97973251 49.10495758
418 2.367719889 43.71403503
418 11.68630791 115.4471207
418 63.32014847 101.2493744
418 1.261284709 41.58410645
418 34.31681442 20.43278122
418 40.68696976 76.54277039
418 55.60474396 79.22023773
418 48.32213974 70.56083679
418 28.04801178 78.15151978
418 74.21756744 81.98983002
418 154.3607178 117.3503723
418 11.94830799 63.82462692
418 -64.90661621 29.82514763
418 -13.07895279 15.55915642
418 -0.3904934824 158.1202698
418 -48.04713821 48.03975677
418 -25.58884811 -19.08169556
418 -21.49768066 52.32337952
418 17.17191505 91.65102386
418 -3.239839792 51.3456459
418 173.2679749 131.0665283
418 189.4119873 117.274292
418 66.65193939 43.31804657
418 -53.49401474 12.20918846
418 7.376983166 34.4756279
418 -27.44146538 25.86036491
418 -34.41181183 22.53219414
418 23.41819572 176.6109161
418 -41.55606079 42.01184464
418 -49.99877167 28.87360191
418 -43.53009415 -12.59468174
418 -4.04575634 -15.16989613
418 -51.47595215 12.70351028
418 34.40939713 33.45648956
418 12.02460957 52.77710724
418 -93.65254211 20.74338913
418 -111.710434 58.34654999
418 -35.15159607 20.24466133
418 -39.18510437 -16.00801468
418 -52.12933731 -5.21621418
418 -26.50037575 23.733078
418 -50.78614044 -37.47114182
418 110.8812408 79.9941864
418 20.62782097 22.74373436
418 -48.68820572 39.10357666
418 -60.76525879 -3.700132847
418 -18.93813133 -25.70432472
418 18.71890068 -5.541709423
418 11.27889252 -29.63144875
418 -59.50020218 -44.65431595
418 -58.95731735 -71.69532776
418 -81.41786957 -63.55393219
418 -22.80536461 13.50340939
418 -19.4969635 -33.14092255
418 -22.06192207 -51.61600494
418 84.26867676 -59.97726059
418 66.21050262 3.388694048
418 -74.96268463 -92.37451935
418 -91.5054245 -115.9660645
418 -68.90010834 -25.90982819
418 -7.666583061 -84.22127533
418 -42.75499725 -64.61901855
418 71.32286835 -98.85124207
418 115.4123688 -83.28662109
418 106.9287186 -58.15016937
418 -101.8455276 -134.7170563
418 -67.1842041 -101.8158493
418 -82.2937851 -93.08901978
418 -17.31350136 -196.8968353
418 152.7561035 -85.66126251
418 185.5912933 -72.7000885
418 -60.77584076 -140.0921783
418 -148.9889679 -174.9989777
418 -107.5114517 -173.7749786
418 271.7389526 -69.70986176
418 -194.019989 -237.5596008
418 -240.1973267 -256.4919739
419 -131.0172729 84.05839539
419 -110.4307632 112.3711243
419 -111.4964218 57.6615715
419 -97.11644745 128.573761
419 -134.1507874 48.44955063
419 -86.66938019 139.8461304
419 -121.3853149 113.0880356
419 -39.94607162 5.604949474
419 -159.6756134 -15.14327145
419 -76.09922028 137.869339
419 -114.3821945 162.9307404
419 -26.35623932 148.0761414
419 -137.6411133 53.17456818
419 -102.046196 134.6600952
419 17.70830154 -0.8089429736
419 67.56468201 -0.7450330853
419 -110.8225403 -34.48118591
419 -159.0995178 34.3985405
419 -183.0733948 -6.749963284
419 -145.5439758 -12.95626354
419 -78.49063873 129.9229736
419 -78.93105316 162.7881165
419 -132.9087372 169.7531433
419 -158.8960266 38.87224197
419 -134.6119537 150.7416534
419 -36.55958939 88.16791534
419 95.70909119 -6.466948986
419 31.59670258 -16.29269981
419 126.9833984 -0.8295178413
419 -15.41147804 -49.06376266
419 -89.25037384 -46.17325974
419 11.03080082 47.8886528
419 155.0163727 -9.700675964
419 139.7227936 -12.16394043
419 211.7910156 58.42824936
419 20.53237152 -21.04029465
419 -7.166613579 -72.53314209
419 25.10095596 -56.35203934
419 -11.13112736 -44.87986374
419 -70.15663147 -68.42404175
419 -112.9177094 -56.73723984
419 91.28260803 42.97670364
419 29.76270103 38.6023941
419 151.2931976 -22.15890884
419 211.5068665 -7.064740181
419 28.12710953 -36.79981232
419 81.52134705 -59.79772949
419 108.0697403 6.285869598
419 34.35889435 -65.33327484
419 -21.70710373 -93.78865814
419 23.86796761 -80.49597931
419 50.0819397 -25.9469223
419 -24.52083778 -62.10643005
419 -70.41801453 -75.58487701
419 -20.10171127 -87.9045639
419 92.43766785 12.01752949
419 119.1744003 62.93943787
419 47.23268509 -7.599832058
419 103.4623413 -21.91745567
419 9.476813316 -52.39553452
419 -35.00069427 -55.15348053
419 52.1841011 -82.04411316
419 103.0692215 -79.1100235
419 150.4900818 19.22930717
419 -43.43206787 -104.1543045
419 21.45605659 -105.7118301
419 78.84875488 -16.87900925
419 -75.69139099 -82.48911285
419 130.2186127 23.42859459
419 149.9792023 80.01264191
419 28.87401009 -36.17690277
419 95.36395264 13.72296238
419 38.8305397 -37.03190994
419 34.28470612 -49.78626251
419 5.321249485 -64.94360352
419 -86.19306183 -77.26355743
419 47.09551239 -112.4268723
419 142.2830048 -7.575844765
419 186.4379425 5.661404133
419 7.06498003 -51.6048317
419 44.97816467 -45.69933319
419 21.39957428 -42.65715408
419 55.97721481 -39.32170868
419 6.75660944 -102.9965897
419 -134.8769226 -88.73913574
420 -22.647789 -81.5951004
420 -88.14107513 -125.5260315
420 -10.86259365 -40.28276062
420 -54.93601227 -142.5267181
420 -127.4066467 -97.33887482
420 50.21408844 -11.81477833
420 26.54644966 30.91753387
420 -18.78359222 -62.2700882
420 -34.43032837 -89.22280121
420 -113.4029312 -174.0949554
420 -12.73970413 63.52520752
420 44.11540985 33.64302444
420 47.71613693 57.24969101
420 -9.639954567 -40.00617218
420 -51.15311813 -92.44097137
420 -36.64107895 -126.4807358
420 -184.5613251 -205.9906921
420 -70.09510803 -158.5886841
420 2.63741827 79.8021698
420 85.07783508 6.312494278
420 72.29405212 63.37625504
420 24.53977203 -16.01414108
420 -7.098273277 -0.108488813
420 -65.13446045 -84.89933014
420 31.05830956 101.1102142
420 -25.12397385 76.89124298
420 51.35264587 68.84623718
420 87.76992035 2.690433502
420 37.95468521 105.4799423
420 70.94230652 10.82190132
420 -4.284945011 26.66378212
420 -23.07910347 -73.0783844
420 11.00762653 94.85477448
420 57.71932602 110.6648254
420 56.71807861 33.63447571
420 115.5183716 17.94896317
420 125.1275024 -100.8536911
420 83.94689178 -42.87255096
420 -11.00008392 54.17842102
420 -1.178810716 -70.16360474
420 -56.67982864 -87.76677704
420 66.36914825 119.4331131
420 32.38679886 64.58230591
420 32.19632721 137.0677032
420 87.36699677 106.5321426
420 6.755281925 29.97451019
420 70.75945282 -66.14563751
420 -32.99276733 -72.88877869
420 -93.47596741 -90.22753143
420 15.41246319 78.52419281
420 51.89495087 134.8753052
420 -21.70840645 52.60576248
420 56.82354736 74.33333588
420 -56.35617447 6.700418949
420 65.9003067 149.1622009
420 37.36190796 115.1697159
420 -33.58606339 47.2600174
420 -9.512760162 54.9755249
420 -0.3597579896 -42.91168594
420 -96.25072479 -21.68341446
420 9.758023262 102.0554428
420 -41.66862106 27.71933365
420 -28.70253944 -88.01035309
420 -39.10785675 -62.65512466
420 50.98863602 -29.79309654
420 -31.35663795 84.77545929
420 -40.28153992 27.34231758
420 -22.24876404 -118.0822525
420 -89.60081482 64.63387299
421 -3.752226353 -48.48465729
421 -23.98264885 -40.74339294
421 66.91083527 -2.445554256
421 -84.52909088 -75.65202332
421 115.5547714 30.7345047
421 108.8175812 -12.37500858
421 -137.7246399 -69.86640167
421 111.4245758 50.49242401
421 109.3300705 68.53708649
421 155.2421417 44.65367889
421 69.36940002 99.40410614
421 186.3403473 17.40965271
421 102.7851105 112.5232849
421 78.98686981 111.0207443
421 182.5924072 -23.92212105
421 107.186058 85.93115997
421 80.64606476 133.2468567
421 126.6593475 134.6646576
421 58.22833633 101.2312469
421 174.4629669 -40.1995163
421 157.9596405 36.97357941
421 140.9954224 121.1537247
421 90.9495163 144.1265259
421 50.32616425 99.47755432
421 167.2634735 -77.29120636
421 130.2228699 -64.85769653
421 147.0890503 1.42447269
421 155.3710785 145.2557526
421 79.55300903 144.9003601
421 103.1610947 -114.6228409
421 92.4360733 -14.87849331
421 151.7405396 190.2063904
421 95.01577759 131.8739929
421 86.83191681 163.7839661
421 82.35520172 -104.526268
421 107.4143829 -109.6832581
421 71.79165649 -6.825562
421 147.705368 174.6705322
421 86.4785614 105.9562302
421 83.26828766 -86.44426727
421 87.60426331 -68.63389587
421 33.10162354 -36.35664749
421 108.361496 -11.91238117
421 215.3031921 198.5888824
421 12.30323124 45.99537277
421 61.58405685 -71.64778137
421 -65.10487366 -41.9433136
421 66.43444824 -26.82502937
421 -33.21610641 -36.8156662
421 263.7286682 217.1624603
421 -20.06313324 -7.93573904
421 50.73414612 -46.39814377
421 41.88546753 -84.83456421
421 -174.447464 -62.37670135
421 118.8856049 -34.8083992
421 -138.8016205 -74.55812836
421 258.7363892 209.0262909
421 -22.2121067 -35.87910461
421 74.91681671 -51.98882294
421 -11.07620621 -52.11795425
421 21.38728523 -108.3596191
421 -168.0384827 -68.53071594
421 -269.2607422 -77.16296387
421 -238.0431061 -81.79632568
421 288.9082336 198.7000732
421 -70.53482056 -34.04426575
421 -306.7993469 -82.97438812
421 -337.4356995 -72.40054321
421 -226.4595947 -64.47184753
421 -258.4700012 -78.51333618
421 -238.6590576 -98.34791565
421 -222.1662292 -91.37496185
421 -231.3468628 -86.07290649
421 294.7683411 196.419693
421 -337.7786255 -77.59439087
421 -357.7089233 -80.20471954
421 -329.8113098 -63.68335342
421 -382.3542786 -71.74176025
421 -247.5352325 -54.55307388
421 -252.0397339 -47.07559204
421 -229.1950684 -60.25732422
421 -207.6212463 -167.7368927
421 -231.4020996 -103.5716019
421 -203.5388489 -207.2259827
422 149.0388031 148.1635132
422 93.11505127 147.5759125
422 8.437108994 126.5575104
422 199.6963959 186.3609314
422 -52.32691574 114.3285294
422 240.8036499 193.2966003
422 194.6909943 196.2196045
422 -57.7706337 56.79610825
422 -27.22092056 133.0541534
422 218.4688721 199.3994751
422 264.6459045 201.7169342
422 180.0835876 196.1607971
422 -103.0718536 26.68589783
422 -22.2022171 171.2870026
422 296.2903748 225.6319122
422 117.7161102 175.9738617
422 -156.8544312 -20.9144516
422 103.8919983 188.0315857
422 -237.6891327 -33.64958191
422 -99.94779205 -43.69428253
422 -249.0097198 -66.12078094
422 -274.8523865 -35.04488373
422 -48.70448303 -63.92716217
422 -235.3578644 -72.06452179
422 -302.2359009 -38.22851944
422 -11.49178791 -64.5651474
422 -156.6252594 -117.220314
422 -308.5930481 -28.19521523
422 16.21974373 -63.77632141
422 1.669901848 -31.84666443
422 -168.1476135 -167.5241852
422 -192.4008942 -152.8753967
422 -203.8003235 -93.94372559
422 42.48847198 -57.75806427
422 6.944943905 -26.15101242
422 -188.8392029 -198.7224274
422 -189.1502686 -124.0327148
422 -235.2996674 -89.8292923
422 123.9556046 -26.03375053
422 66.4141922 25.13110924
422 -7.608306408 -26.1241684
422 -4.801589966 -20.23971939
422 -153.9025879 -118.3282852
422 -239.762146 -73.56918335
422 210.2690125 51.87084198
422 93.91886902 44.87496567
422 47.87089539 13.06408501
422 8.319364548 -19.6822319
422 57.46110916 3.752225161
422 13.34943295 -9.043050766
422 45.61604691 -8.706488609
422 -16.15404892 -35.51759338
422 -244.9911652 -205.2361755
422 -190.1094513 -116.6741333
422 255.1560516 47.25828934
422 82.48720551 39.21180725
422 213.0811462 10.73801613
422 69.81531525 -0.1788423061
422 -45.49131012 -27.83666801
422 149.4552307 10.42615032
422 91.94515228 10.98321056
422 97.96446991 -5.50270319
422 18.93409348 1.780457258
422 27.68374252 18.01418495
422 47.49399185 -42.73563004
422 120.6473999 13.21931744
422 -6.62416172 -42.60736084
422 -317.5872803 -205.8495636
422 -265.0748291 -268.7322388
422 -291.3847961 -224.8128357
422 -230.6002045 -137.6782074
422 51.01307678 47.96019363
422 23.30678177 10.5886097
422 -70.73245239 -12.56132317
422 191.7473907 72.36112213
422 144.9794312 16.0274868
422 164.5337219 22.02586937
422 -243.5972443 -246.287735
422 -250.5854492 -137.8960266
422 43.31737518 77.16696167
422 200.8070679 71.19577789
422 195.2345276 30.77560234
422 171.3579865 -12.51041222
422 112.6581726 27.14069748
422 22.71867943 99.49682617
422 78.19132996 60.87807465
422 274.635498 45.77545929
422 173.2180786 13.28196239
422 180.5293732 -14.46859264
422 96.31018066 56.65797806
423 168.3306274 176.6132812
423 224.3970032 213.5615997
423 145.7138824 151.7094879
423 107.2383652 85.80025482
423 98.46674347 180.2729034
423 106.504776 137.215683
423 63.95446396 -15.17839241
423 63.01088715 83.70253754
423 52.5254631 137.5970612
423 140.0072327 210.6030121
423 22.10303879 -30.73809624
423 34.26999283 31.53542519
423 71.68595123 165.2941132
423 30.90911674 63.48288727
423 -6.289368629 -0.1045330614
423 12.07548904 -62.1342659
423 132.1256409 50.2457962
423 102.9184418 147.6838074
423 113.3222656 232.5733795
423 78.17126465 71.95327759
423 -36.3082428 33.07486343
423 -82.46710205 14.23493385
423 -3.708403349 -56.80151367
423 -16.56060791 -77.74364471
423 145.362854 22.18633461
423 202.6510162 99.81110382
423 103.2714691 28.88279152
423 2.052137375 22.69210243
423 49.94291306 5.41595459
423 -89.14616394 -104.5312119
423 49.26805878 -23.75037384
423 144.5506744 -37.00952911
423 143.5413208 53.28375626
423 281.1104126 105.6445236
423 102.1348343 33.33752441
423 93.76048279 -1.268751264
423 -60.18857574 -4.690260887
423 17.80178642 -4.241162777
423 -207.2851105 -147.6154175
423 67.97067261 -4.644060612
423 169.8419647 48.05163956
423 106.8184738 28.1583252
423 292.8896484 141.9243622
423 112.4479294 81.59955597
423 29.18248367 -22.42222786
423 -96.22625732 -22.14029884
423 -24.31790352 0.8327810168
423 -307.614563 -166.7781677
423 -268.7937012 -154.4994202
423 130.0737915 26.68684769
423 35.41122055 -10.26887417
423 373.6783142 171.028717
423 153.3024597 84.21848297
423 146.7955627 116.6625671
423 -20.11416054 -84.10847473
423 -11.85494518 -16.27732086
423 -80.82299042 2.067290545
423 -261.9681396 -130.3649902
423 -343.2048035 -176.0090179
423 -322.3419189 -144.678772
423 -300.938385 -173.8751678
423 170.3160858 70.53278351
423 217.9273071 90.2298584
423 -3.364445925 -19.37683868
423 406.989624 209.7772827
423 -64.88378906 -60.18876648
423 -5.66662693 -99.71629333
423 -139.4962006 -125.4268188
423 -18.54533195 -77.70735168
423 -276.8832703 -110.8497009
423 -267.0466919 -135.3314362
423 -371.5436096 -201.4062958
423 -309.2391663 -147.184082
423 -314.3422241 -170.1567535
423 -267.131958 -205.626297
423 -325.0042114 -179.5341644
423 268.4589539 125.9096603
423 -15.45773506 -17.48366737
423 -64.9744873 -53.82600021
423 -140.609436 -147.0051422
423 -461.2127686 -237.1475525
423 -39.57734299 8.919249535
423 -41.74412918 -44.69603729
423 -118.4080887 -60.47039413
424 -189.0000153 -161.1835938
424 -182.020401 -188.4155884
424 -183.8269958 -117.6536865
424 -183.2642822 -236.7188568
424 -200.3773651 -130.0156555
424 -158.4039612 -76.15782166
424 -144.6934357 -60.06068039
424 -188.9465637 -89.2705307
424 -181.2348633 -33.71872711
424 -101.055603 -48.11362457
424 -212.501709 -94.94314575
424 -283.1752014 -120.1861115
424 -124.4835129 -3.860423565
424 -271.361084 -73.01277161
424 -135.2337952 -7.440113544
424 -231.2941132 -55.27891541
424 -94.45034027 -51.31588364
424 -67.58931732 1.434996486
424 -110.0384979 44.49225616
424 -108.3823242 39.15299225
424 -94.94129944 -17.88242722
424 -62.09722519 7.235869884
424 -124.2807388 72.15958405
424 -87.99910736 61.34931564
424 -136.5992889 -45.99829102
424 -74.90732574 25.95599556
424 -85.81034851 94.22290802
424 -57.1394043 86.73921204
424 -155.5499115 -51.88191986
424 -125.285675 28.68681145
424 -15.78011608 51.58572769
424 -64.71862793 89.31335449
424 -3.208398104 111.8307037
424 11.34068871 35.65288162
424 -76.12792969 90.10826111
424 80.89212799 135.7259827
424 87.62017822 51.25322723
424 53.30865479 146.6254883
424 78.02790833 112.029068
424 105.5211945 119.4822083
424 109.370079 11.45254707
424 91.18659973 56.07587051
424 121.0321121 51.19852829
424 66.52271271 42.4813652
424 65.50380707 152.100708
424 24.17214775 169.3822327
424 105.8028946 111.0607681
424 103.7968674 83.42408752
424 168.0934906 178.614624
424 96.45983887 126.1287384
424 166.3315887 152.5397949
424 124.1937485 -36.32702637
424 105.106369 100.7184601
424 101.2289734 72.39274597
424 74.56570435 -103.1826477
424 194.3193359 -36.66034698
424 243.527359 -14.55499268
424 254.3166656 -43.24398422
424 176.0626831 -56.85691071
424 272.7591553 42.59281158
424 295.9006042 -35.65877914
424 157.4673615 -80.53100586
424 264.5318604 76.60340118
424 161.6027679 -109.413681
424 112.6787567 -95.65532684
424 343.6397095 27.9116993
424 224.9765015 109.7742233
424 75.89444733 -89.29701996
424 107.3601151 -64.05319214
424 6.899756908 -107.9372482
424 -73.14283752 -121.0627136
424 -73.69470215 -136.3362732
424 -169.3981476 -175.6100159
425 251.8683624 281.6777344
425 198.897049 226.0304108
425 309.0586243 302.145813
425 248.1647491 275.49646
425 177.4804382 173.4841766
425 253.3283081 258.5118713
425 261.6824341 328.4270935
425 144.9016113 114.8416367
425 243.4250641 244.7839355
425 61.99678421 36.20014191
425 138.11409 88.85675049
425 23.96533966 -36.6316452
425 182.4616241 125.9444656
425 157.5335236 49.01850128
425 -31.08621216 -94.31761932
425 183.0487518 131.3070679
425 198.5526428 106.9578705
425 186.895462 36.90911865
425 -34.11042404 -137.7091827
425 -108.5334167 -92.46637726
425 -40.82033157 -128.1873779
425 60.63090515 -84.40437317
425 246.4070892 127.5199203
425 98.01696014 -93.54217529
425 237.4924927 67.54705048
425 -43.21912384 -120.7299652
425 -222.1218109 -116.1330032
425 45.60586929 -86.03633118
425 74.96017456 -43.20319366
425 105.2446289 -46.77285385
425 -114.8863068 -138.3561859
425 -108.5196762 -140.6735077
425 -299.4805908 -139.3717041
425 20.26729965 -64.54651642
425 43.46413803 -153.1078644
425 69.37055206 -4.159775257
425 120.3661575 -15.56948948
425 -160.0617218 -129.0267944
425 -316.6654053 -134.4803925
425 -327.6327515 -151.1937866
425 53.32765198 31.30056763
425 111.229805 23.03503799
425 -165.5475922 -92.31931305
425 -295.988739 -137.6091461
425 -382.2401733 -135.6995544
425 -359.6349487 -164.8700562
425 44.77542114 84.82070923
425 143.423172 33.21953201
425 -238.7110443 -94.26360321
425 -130.7047272 -70.64574432
425 -286.3426514 -111.1765518
425 -381.1503296 -179.9156342
425 59.61691666 107.7468948
425 32.83643341 121.463768
425 152.8894806 35.9915657
425 142.9751892 -0.7271866202
425 -213.2866058 -80.20127869
425 -110.7524185 -58.02199936
425 -158.2813568 -70.26535797
425 -299.8972168 -105.6492996
425 -453.3355103 -228.7401123
425 55.30345535 136.6466827
425 10.32093716 154.5916748
425 133.1113586 -23.75126839
426 -237.0832977 -96.83398438
426 -193.9776306 -88.63186646
426 -292.9880371 -115.4603119
426 -173.9301453 -86.48734283
426 -312.8475342 -128.6703186
426 -149.6126099 -66.73535919
426 -374.488678 -143.582962
426 -164.1169128 -66.98258209
426 -424.0723572 -135.0914001
426 -180.360611 -73.05452728
426 -92.31157684 -27.03488731
426 -67.36029816 1.931613326
426 -40.80856323 21.69620132
426 11.52038383 25.38941002
426 -1.463438869 20.12295723
426 69.80927277 13.69594765
426 -35.48706055 38.50255585
426 -25.28636551 28.02988625
426 -7.032819271 21.75564575
426 74.75539398 22.01455498
426 117.6338272 24.24293137
426 -119.4843216 10.58562183
426 -30.4867363 33.90370178
426 -49.32900238 33.06297684
426 101.4409409 71.15333557
426 65.26544189 12.78561115
426 137.8330231 31.78645515
426 -22.04631424 28.53731728
426 -49.81893539 18.81589317
426 97.28696442 103.8625183
426 85.83363342 -6.004868031
426 173.8164978 29.61294556
426 173.4441223 54.06887436
426 -29.33080864 26.22440147
426 45.91853714 17.56294823
426 -68.77192688 -0.5158441663
426 65.6283493 110.589325
426 143.9092255 -30.82538414
426 20.15060043 13.36181355
426 196.7798767 33.63365555
426 152.1994781 26.98789978
426 203.7672272 61.66962814
426 116.612709 42.0551796
426 98.55792236 36.70983124
426 -76.86467743 -17.05449677
426 52.57608795 120.7230606
426 178.449707 -37.4978447
426 147.5144348 -35.14328766
426 131.6366272 -15.97465515
426 5.545142651 47.01763153
426 139.4908447 16.4792099
426 210.0526428 71.74204254
426 168.3407745 41.54650879
426 172.2488861 44.71422958
426 -94.94641113 -46.51913071
426 -72.43823242 -18.17478371
426 67.20093536 158.6870422
426 9.24350071 79.08805847
426 99.69522095 151.8098602
426 129.0411682 -17.11467934
426 151.0818939 -8.065707207
426 -74.96091461 -59.60437775
426 -29.89023399 33.25166702
426 141.1209412 169.1317596
426 151.0748444 -30.43285179
426 164.7597809 -10.83779716
426 104.7706604 -39.31833649
426 -134.4261169 -74.44934845
426 -103.9905548 -51.68032455
426 -6.480314732 -69.49484253
426 12.18638039 35.34573746
426 160.5623322 174.9344788
426 136.2009735 -56.53691101
426 -83.45741272 -39.29956818
426 -139.2945862 -72.40550995
426 -135.7827454 -81.88521576
426 -141.6772919 -65.69410706
426 -123.5152512 -102.3255997
426 -164.6206818 -101.7656555
426 -160.1152802 -41.63622665
427 -106.30056 -108.2204361
427 -80.07977295 -70.2724762
427 -115.6863174 -115.0494614
427 -63.4356041 -41.57513046
427 -39.5739975 -33.76133728
427 -66.97006989 -44.01811981
427 -35.43401718 -52.62400818
427 -50.46383286 -36.13028336
427 -10.86587429 -21.68575668
427 -65.07322693 -36.98876572
427 -42.49564362 -69.4375
427 -63.22584915 -59.34070206
427 -82.61447906 -81.13175964
427 -86.877388 -30.58786011
427 -39.92869186 -18.33756256
427 8.974599838 -1.977684975
427 -101.1620865 -12.9240036
427 -61.24620819 -23.08260155
427 -19.73310471 -100.534668
427 17.09572601 -67.03897095
427 -84.86553955 -31.95850754
427 -93.92814636 -35.41537094
427 -67.52191162 -3.294863224
427 -12.30179787 4.821207047
427 16.88378334 2.223173857
427 58.5506897 2.347804785
427 -56.26931 14.04507351
427 -90.7702179 -83.28897095
427 -73.09819794 -10.89231491
427 -95.86653137 -23.97113609
427 -98.16459656 -34.88587189
427 -121.4910736 -61.59116745
427 -33.41189957 9.698777199
427 -61.9595108 16.26992226
427 -65.55125427 -12.91260529
427 23.70051193 13.71415901
427 50.15174103 19.97876167
427 45.36302185 21.07719231
427 103.9212265 0.9753207564
427 38.17309189 -15.59969711
427 -12.80394745 23.7724781
427 -42.99337006 -0.7801373005
427 -1.558844566 -10.53777409
427 -89.60407257 -40.32176971
427 -172.7139435 -85.98124695
427 8.017947197 18.55014801
427 -97.21849823 51.11320877
427 75.75564575 29.38174248
427 12.05012608 23.00904655
427 91.64583588 22.53233147
427 42.61319351 38.75556946
427 102.7348328 9.663702011
427 40.79885483 18.44984436
427 17.30849075 -61.25796127
427 42.26423264 11.25666332
427 11.45560455 21.3872776
427 21.83135605 10.72545815
427 62.11735916 6.920852661
427 -2.053762197 23.12051773
427 -117.2645416 69.74578857
427 99.99771881 39.49821091
427 175.1384277 -1.740140915
427 7.830010414 47.41796494
427 154.2428436 61.10980988
427 27.00670815 57.71891785
427 207.5069122 11.57638073
427 25.74061203 -108.184082
427 70.13061523 0.09808102995
427 -8.866266251 18.88260651
427 27.7195034 7.567298889
427 114.8789444 26.31020546
427 -18.11850357 50.31733704
427 -147.7196198 73.88492584
427 191.2555542 -0.4396648407
427 -0.2694901526 62.6363678
427 188.625 67.51959229
427 -4.05810833 94.7912674
427 39.59215164 -149.6145172
427 123.0597229 -21.01869965
427 154.7135925 24.72562218
427 -19.98102188 102.1292953
427 248.2893829 14.8557024
427 225.7263794 64.56143188
427 -57.06441116 93.457901
427 18.68507195 100.8425522
427 -42.92720413 97.34923553
427 -75.5958786 93.47920227
427 5.631278992 124.1396408
428 298.686676 102.5014191
428 237.8239746 81.87393188
428 293.1848755 106.3064117
428 198.5045319 67.19924927
428 329.1982422 102.5697021
428 196.7739563 67.86539459
428 173.2512054 46.80106354
428 120.362999 26.49001694
428 13.14548779 -0.0621310547
428 107.6987915 47.70222092
428 -11.47772694 -13.85491562
428 -70.57069397 30.36205101
428 105.3986588 36.30689621
428 14.31485558 -19.24672508
428 -72.9495163 14.91701221
428 -101.8203049 65.01541901
428 -120.0886383 29.43090439
428 54.99081421 56.75081635
428 -95.38136292 33.31918335
428 -55.79415512 -20.74193764
428 -53.51468658 16.2921524
428 -84.43320465 90.35425568
428 -177.7893982 55.75226974
428 -145.1491547 36.64501953
428 -65.70314026 17.16947937
428 16.87604332 88.71798706
428 17.86774254 38.85482025
428 -84.58921051 -71.32359314
428 -72.14305878 -8.224078178
428 -5.70293045 5.996042252
428 -43.07688141 -6.640213966
428 -78.27894592 16.93323898
428 15.14537048 109.2100372
428 -204.5786285 86.36425781
428 -168.6838226 82.38349152
428 -36.90808868 28.80819893
428 28.01232529 32.92246246
428 -210.1262207 -105.9201813
428 -18.48871613 -1.354272723
428 -64.76140594 5.400606155
428 -103.2509766 9.879066467
428 77.12437439 136.6404419
428 24.46130371 46.91611481
428 -190.0323181 -109.9388275
428 -194.6770782 -52.06232071
428 -229.224762 -150.3605347
428 -259.1835327 -171.2937927
428 -18.05705643 5.899209499
428 136.9759521 158.4959717
428 -212.1154633 -75.43959808
428 -177.5660095 -107.8630447
428 -186.4098511 -130.9129181
428 114.3812408 -0.01608428359
428 154.2425537 160.2961578
428 -163.3054504 -123.1735764
428 -168.1035919 -139.7714691
428 151.1862335 -56.68251419
428 173.4167938 12.81961441
428 230.1988373 167.9590454
428 -177.0230255 -158.1194611
428 151.0625153 -119.6552811
428 248.7227783 169.9231262
428 -182.3877258 -163.2184753
428 83.15084076 -142.3920746
428 147.6864777 -124.6638107
428 68.46974945 -159.953064
428 191.825943 -70.52287292
428 129.2044373 -192.6370544
429 -71.85878754 23.71604538
429 -46.1677475 25.72973061
429 -53.40612411 70.5078125
429 -37.69820023 39.9314537
429 -4.239618778 12.47934723
429 45.75818634 21.64420319
429 10.38271904 10.27257252
429 76.53701782 -21.53549194
429 77.98532867 38.37548447
429 50.15373611 26.8595295
429 16.63137436 -25.2246666
429 -36.11708832 -85.52492523
429 -27.96088982 -137.2310944
430 -6.970140457 62.16444397
430 -0.7365290523 39.5124855
430 -16.47515297 76.39993286
430 -16.88446808 15.86850166
430 -0.558239162 40.85685349
430 -15.73788357 47.50024796
430 -2.580163956 73.64855957
430 -12.38107681 -14.14134693
430 -16.67469406 26.48619461
430 -40.09856796 5.027810097
430 -27.39012527 30.97624588
430 10.28561878 38.51503372
430 32.7109642 18.24418259
430 -30.95851707 -16.93186951
430 -18.33410072 -0.3217842579
430 -79.74434662 1.025103569
430 5.478184223 13.05216408
430 4.581430912 -0.8618977666
430 23.53526115 38.54341125
430 28.16345215 13.76225853
430 -36.72611237 -30.00085831
430 -52.72267151 -68.95030212
430 35.8948822 45.82909012
430 18.9738884 8.200588226
430 16.60773659 12.32832718
430 -13.29464531 45.28065109
430 81.69882202 15.35139275
430 -13.71811962 -18.64892197
430 -9.302682877 -42.1826973
430 -14.44016361 -42.98267365
430 -41.15896606 -37.82552719
430 -103.2151184 -93.09958649
430 -121.3375931 -112.9176407
430 -72.65679169 -43.19755936
430 106.7102356 58.23408127
430 26.11906242 -10.76128578
430 36.89397049 57.85904694
430 53.22364044 43.0871315
430 -10.2717762 -96.54772949
430 21.28782082 -48.16308212
430 -14.77516747 -76.93050385
430 -139.6358185 -91.66306305
430 -182.8310699 -110.7586594
430 -155.313324 -83.59062958
430 -33.99646759 -18.95806694
430 53.71362686 68.16074371
430 31.64210701 106.3857574
430 2.78661108 48.20562363
430 83.45561981 63.71313477
430 -5.465302467 -139.4900818
430 28.24878693 -61.09732819
430 44.14521408 59.5621109
430 27.6350956 150.7331238
430 -75.52975464 49.38304138
430 261.519165 103.272316
430 131.6253204 96.90606689
430 -50.16539383 -185.4308319
430 24.04445267 -150.3975372
430 46.09680557 -80.36414337
430 -10.27926922 -70.79080963
430 151.7957153 60.52168655
430 53.48643112 112.4092865
431 -93.66249084 -73.63058472
431 -94.22983551 -69.00032806
431 -73.70877838 -44.65006256
431 -135.060791 -58.6079216
431 -41.12858582 0.5222503543
431 -66.40351105 -58.16579819
431 -52.47008133 -39.05809021
431 -165.4319763 -67.99433136
431 21.00841141 31.09468269
431 -43.26732635 30.23215866
431 -66.83396912 -1.415943384
431 -3.792321205 -14.1776247
431 -219.3441925 -67.1164856
431 -211.0706482 -33.18385696
431 -149.7399292 -102.7184067
431 77.32898712 84.23155975
431 73.59250641 13.27561855
431 -79.62024689 -2.282837629
431 25.96602821 -13.88317394
431 -183.8173981 -17.92607689
431 -272.098175 -11.55020142
431 -149.8973541 -125.4062424
431 87.21258545 87.42073822
431 78.95652008 95.06121826
431 95.8549118 12.89375496
431 -122.3945312 -8.038281441
431 -12.16935825 -8.229899406
431 30.02425003 -13.62663078
431 96.19324493 -28.61994934
431 -333.9369202 -16.59253311
431 -325.0558472 -10.34054565
431 -145.914978 -142.9083862
431 115.7609634 72.05064392
431 77.95204163 96.60001373
431 78.69983673 99.48310089
431 133.6843719 29.29221535
431 115.2284775 -2.330198765
431 65.39871216 -11.87685394
431 34.20673752 -19.88595581
431 58.830513 -40.74557114
431 104.3032227 -27.90631294
431 88.74365234 -21.93902397
431 -401.6415405 -45.88424301
431 -342.7520752 14.73088646
431 141.2134399 72.5357666
431 82.95661926 119.9443893
431 84.8367691 95.61099243
431 120.0681152 32.35602951
431 199.1819 46.57131195
431 145.6136169 29.26342201
431 115.2668533 -21.01012039
431 72.00336456 -7.095162868
431 60.44185257 -28.97345352
431 35.33116913 -40.96768951
431 49.68334961 -77.87507629
431 134.2866364 141.4634247
431 33.88257599 107.8613663
431 164.6295319 -11.72244644
431 105.3691788 -7.195466518
431 200.9564667 61.31298828
431 211.6013031 29.56044769
431 249.8878174 18.01821136
431 119.2863617 -26.85601616
432 -251.4736023 -69.51248932
432 -303.7121582 -77.90593719
432 -224.2254944 -71.17523193
432 -218.7218628 -63.41546631
432 -357.3780823 -77.46921539
432 -222.3487396 -62.78634262
432 -184.4604645 -78.29885864
432 -187.7910614 -50.652668
432 -165.5406036 -67.03533936
432 -167.5225677 -53.92677689
432 -163.8852386 -89.42381287
432 -227.8921661 -104.0487747
432 -195.5835571 -70.79517365
432 -202.9447327 -77.32357788
432 -125.8726425 -27.51646423
432 -142.5828552 -70.31385803
432 -168.877182 -87.74530792
432 -148.2609711 -78.98300171
432 -210.3749847 -73.30715942
432 -128.9690704 -43.93455124
432 -232.015976 -80.53289032
432 -216.9715576 -85.5526886
432 -194.0915222 -90.34267426
432 -96.62715912 -28.30439758
432 -157.8148651 -74.95490265
432 -146.590744 -43.72397614
432 -163.362381 -65.25863647
432 -199.7498779 -88.50296021
432 -240.483078 -87.38059998
432 -82.04355621 -22.09245682
432 -223.747406 -83.18754578
432 -247.9002991 -134.0703125
432 -187.993866 -86.99980164
432 -76.53321838 -15.75227547
432 -145.0296173 -82.33472443
432 -177.1059875 -97.56308746
432 -183.3966217 -71.12896729
432 -73.65594482 -28.51513863
432 -70.36730194 -23.62846565
432 -212.5507507 -69.92681122
432 -121.9315491 -11.16695786
432 17.99829483 -1.268958688
432 76.24671936 19.1286869
432 -116.5417557 -24.12273598
432 -25.74627495 -0.05431906879
432 18.35406113 -5.024455547
432 106.2612686 13.35909557
432 67.78162384 7.591290474
432 180.1612854 85.07283783
432 -173.0905457 -25.69569016
432 -19.71950722 26.05945969
432 114.7116928 11.32875824
432 142.8036499 19.76689148
432 131.6352234 -0.3394441605
432 217.6750336 99.95814514
432 205.708786 93.8471756
432 -144.3812103 -32.56591797
432 222.3074493 55.08552551
432 193.2341766 22.45597839
432 157.7275848 16.24091911
432 279.3197937 109.3352661
432 271.2236328 134.1552429
432 272.1253967 41.14235687
432 326.9833679 135.0458221
432 241.8560333 31.22070885
432 311.5956421 143.3077545
432 338.2998352 36.42413712
432 344.9342957 169.0859985
432 262.3954773 110.5433044
432 314.5259399 145.0970459
432 241.9951324 56.02375031
432 381.5087585 218.7193909
432 317.7355652 168.0163727
432 239.6428528 100.4432144
432 315.9819031 138.2740326
432 283.1863098 49.3631897
432 220.1049957 48.15311813
432 308.3890381 107.2913895
432 388.8668213 221.4875488
432 414.5820923 222.53685
433 150.1873779 63.21543884
433 161.1510925 69.97242737
433 243.9136658 136.9519653
433 159.3773651 14.13125038
433 138.5112457 90.75296783
433 128.0655518 -83.98059082
433 97.96982574 92.06349945
433 -4.067149162 -129.5505524
433 206.4186401 15.65926075
433 59.95585632 128.2964478
433 -87.53876495 -148.4886475
433 -35.04953003 -194.2587128
433 322.2983093 83.18006134
433 -174.7840881 -115.6037903
433 446.7566223 158.8781586
433 -259.5367737 -129.7106934
433 -127.7459564 -90.31645966
433 -181.5784149 -94.33438873
433 -286.1581726 -126.0662537
433 -294.1026917 -98.71840668
433 -246.0903473 -101.7105179
433 -25.8608036 -55.36783218
433 -127.3248367 -85.44665527
433 -301.7314148 -112.3098907
433 -46.00152588 -69.94395447
433 93.27399445 -27.46604347
433 -29.28277969 -6.533632755
433 -344.2710571 -126.5658493
433 -99.07532501 -118.2462006
433 133.4983826 11.13373661
433 106.3433304 43.5657959
433 -34.54847336 2.563438892
433 8.914248466 14.78593159
433 227.2411652 26.06578827
433 82.21948242 32.22214127
433 141.9841309 66.28596497
433 86.97084808 57.20008469
433 -38.23777771 6.53807354
433 -65.49697113 34.72502899
433 -12.65033722 -20.34287834
433 145.2380829 -13.89487934
433 77.17466736 103.7058945
433 3.348179817 12.64737892
433 -84.55792999 19.93715668
433 -121.4382019 27.05747986
433 21.94324493 -39.09057999
433 151.9126434 -0.4988684356
433 150.8348541 -44.61694717
433 99.75704956 143.7176819
433 -125.9269638 22.19342422
433 -186.9533691 34.28001404
433 -152.3009644 40.81493378
433 23.21668816 -75.07730865
433 135.9334106 -13.57743263
433 39.91769409 92.73937225
433 177.7149506 149.1413574
433 -203.0174866 45.27856064
433 -165.4191589 43.98744583
433 158.4633636 -18.70057106
433 89.37978363 -19.85036659
433 -30.59641457 34.43914795
433 8.922017097 97.03234863
433 37.28605652 -34.94914627
433 -78.96062469 -6.417970657
433 1.110601783 112.0042725
433 -25.32014847 -50.42625427
433 -70.99150848 -20.93892097
433 -22.79546547 126.5307465
433 -77.29307556 -48.11381531
433 -44.9004097 149.8400726
433 -105.5993958 -82.41983032
434 -62.82158661 9.251894951
434 -65.28663635 47.67041779
434 -58.09778595 -20.38118935
434 -22.86384201 -49.53913498
434 -116.1747208 58.0867691
434 -37.59391022 -50.64376068
434 38.85914993 -61.06987762
434 -98.37020111 -82.30767059
434 -176.0684052 78.787323
434 -131.155365 72.02908325
434 13.55648327 -70.69592285
434 -73.64590454 -33.19150925
434 -24.42450142 -19.13017082
434 37.14208603 -64.01898193
434 65.31999207 -66.43323517
434 59.81169891 -86.75740814
434 68.30079651 -64.57436371
434 -155.3716278 41.00941849
434 34.15331268 -69.57840729
434 -41.3940506 29.56189156
434 -121.140419 -60.58288193
434 -9.979682922 -17.02397537
434 46.33859253 -75.13853455
434 153.6203766 -4.805220127
434 47.28442764 -113.477066
434 70.89741516 -85.64781189
434 -191.1292877 17.68849182
434 -100.0344925 77.02587128
434 -51.44198227 54.02114487
434 42.7401123 -8.765642166
434 147.0033112 45.1218071
434 58.71440125 -157.4889374
434 35.45629501 -137.776123
434 44.78098297 -116.1761856
434 -193.6976471 51.61776352
434 -157.6498108 29.17062569
434 -0.9274181724 120.9470367
434 57.39638901 11.83164406
434 52.07930756 -15.55714512
434 117.8915253 98.47267151
434 -17.08990669 -146.6858063
434 -265.2631836 39.50389099
434 107.5685806 137.8944092
434 47.6499939 146.927063
434 -67.46298218 115.0570984
434 43.32880402 4.881304264
434 75.36891174 21.19229126
434 17.84874535 -22.95595551
434 -85.21083832 -224.2986755
434 -4.022888184 -147.2485352
434 165.7918701 156.3197479
434 171.743576 185.5747375
434 84.12971497 29.48683739
434 -11.09384441 -48.95112228
434 199.4717255 176.7276459
434 147.0793152 223.9692688
434 92.16573334 35.9401741
434 -55.86409378 -62.52535248
434 18.03822899 -46.53191757
434 210.7094269 161.1962891
434 176.9602661 241.4274292
434 -87.87021637 -64.94800568
434 25.80759811 -38.29645538
434 -120.5301743 -88.28246307
434 -171.3305969 -96.9068222
435 111.273201 75.15607452
435 129.1242218 89.54529572
435 150.4192657 97.79772949
435 208.5999908 109.5654755
435 72.55280304 20.49167252
435 139.7900696 112.9313278
435 170.8692017 125.5548248
435 257.5077515 143.1152039
435 218.0458374 111.850174
435 40.0698204 -12.98343182
435 56.14108276 5.593204498
435 66.95696259 12.87698269
435 190.8995819 128.1683197
435 0.2838687003 -26.87124634
435 73.3649292 -10.36275864
435 231.2660828 187.1250458
435 20.2257309 -48.06458664
435 -55.71712494 -26.21091652
435 -36.35348511 -47.84217834
435 95.3275528 56.8236084
435 291.6959839 215.3424988
435 251.3988037 238.8795319
435 -34.69343948 -29.78582954
435 -68.47839355 -18.79683495
435 -117.9241409 -98.8891449
435 95.64187622 19.7736454
435 115.8019104 139.2945251
435 -53.06420517 0.6259043217
435 -127.7954636 -28.32081795
435 -123.3290863 -18.96065521
435 -275.3022461 -176.6492157
435 118.8814316 -8.602972031
435 135.1673279 125.2123032
435 95.64504242 141.8866577
435 -357.1987305 -253.2984772
435 155.0568695 124.0950012
435 -380.0099182 -316.1770325
435 -344.2426758 -245.412384
435 173.4476929 136.1139984
435 -322.1974182 -219.5155334
435 -352.7392578 -281.4306946
435 171.8388824 173.0657043
435 -364.6084595 -217.6146851
435 -374.5258484 -237.7265167
435 -449.1138306 -267.3688965
436 23.66774559 41.35516739
436 17.44485855 51.73468399
436 67.93209839 48.39661407
436 24.63910675 45.47834015
436 -32.71623993 70.34850311
436 64.76208496 17.1817646
436 152.4608307 58.53003693
436 54.8021431 43.57012177
436 30.80029869 49.28811264
436 21.12373161 41.32164383
436 30.13683891 33.91017914
436 104.8264618 17.61859131
436 48.49705505 -4.486344814
436 264.2212524 89.93985748
436 51.57265091 82.98503113
436 7.845097542 33.55467606
436 22.80848503 22.4645443
436 80.15545654 26.29491043
436 56.83457947 -6.85540247
436 29.12336159 1.392536521
436 356.4286194 89.55142212
436 21.30804825 82.14576721
436 -2.579740286 14.42716694
436 20.19002724 38.98022461
436 79.40461731 4.855570793
436 80.99375916 26.83082199
436 -24.10249138 -33.39155197
436 33.68347549 -16.63518524
436 79.08249664 41.68219376
436 303.1358948 89.39483643
436 -3.272146702 105.7048721
436 -41.7256012 -23.25868797
436 -79.28398132 -17.54836655
436 30.45797157 50.1881218
436 100.6379547 -12.43081665
436 141.8005066 44.10657883
436 -90.2124176 -48.02284622
436 2.889909029 -49.31010056
436 87.96398926 56.13988495
436 320.6637878 62.89756775
436 -57.16514587 -34.96779633
436 -107.2123489 -31.97933388
436 -137.5243378 -29.33970261
436 63.45571899 68.87368011
436 84.69745636 -64.193573
436 182.297348 32.19896698
436 198.693573 44.13365555
436 -86.73716736 -46.02035904
436 -74.14847565 -81.27968597
436 -60.83469009 -44.49262619
436 44.9721489 -58.96282196
436 -16.37734985 -51.61563873
436 308.71875 54.99910355
436 390.1491394 90.26013947
436 -69.2572937 -42.40368271
436 -116.9670258 -43.30088425
436 -152.3171082 -47.10389328
436 -172.7541199 -11.23004913
436 98.00010681 87.65149689
436 195.1240997 12.23122978
436 264.5962219 53.75161362
436 -154.0136719 -96.87677765
436 -84.33599854 -47.70198441
436 -144.8440704 -63.72013092
436 -48.08995056 -80.35934448
436 67.62628174 -70.38480377
436 -62.32170868 -52.27046967
436 407.6148682 98.13549042
436 -92.17528534 -54.63093567
436 -131.000412 -62.73752975
436 -117.4888535 -14.40444374
436 -110.1393433 -74.66894531
436 -172.9846954 7.367781162
436 -77.57913971 -46.50201416
436 -214.2212372 -99.5868454
436 -188.5734558 -40.74423218
436 -139.9624023 -69.93346405
436 -157.9502716 2.451682806
436 -157.577179 -40.85565567
436 -120.39814 -96.67139435
436 -211.3363647 2.902478695
436 -215.4910889 -2.832973242
436 -242.0485992 -18.67391396
436 -164.3644867 -73.75165558
436 -180.6793213 -55.98619843
436 -133.0270844 -88.19099426
436 -221.7813416 29.82095337
436 -250.6692047 -16.73468781
437 86.60668945 191.488266
437 95.89183807 218.3238068
437 79.73014069 170.0188904
437 48.36407089 116.9502487
437 84.0279541 87.26832581
437 97.82126617 104.0271606
437 60.82920456 87.52095795
437 72.52468109 65.30921936
437 82.03962708 80.69642639
437 112.4990311 105.8293076
437 97.02768707 98.43019104
437 96.4666214 58.49115372
437 67.60253906 42.38024521
437 130.9415588 105.988533
437 107.3141708 69.61946106
437 138.2001648 120.8240433
437 107.7429123 96.78269196
437 114.4619675 99.99381256
437 137.0135651 45.45175552
437 88.85098267 60.70012665
437 123.401474 48.32710648
437 26.26766968 18.4626236
437 64.53594971 137.2412109
437 237.9483795 116.3661041
437 95.79826355 53.73716736
437 152.6010132 98.11631775
437 131.9567719 88.54512024
437 147.8051605 65.74364471
437 75.5634079 71.41388702
437 177.9218597 29.65703964
437 -15.67883873 -4.453355312
437 -21.32644463 157.6932373
437 184.0669861 71.67236328
437 279.2001648 172.0960999
437 97.0812149 23.24923325
437 103.3774872 101.1735153
437 19.94690132 69.82569885
437 163.1064758 -7.922972202
437 -90.58977509 -21.36343002
437 13.99019814 -2.071843386
437 139.0868073 43.29959869
437 6.233152866 14.42627716
437 161.7883301 -20.10549164
437 98.90031433 -46.66915894
437 -86.57848358 -25.2550354
437 -180.4600525 -63.48989487
437 -38.84464645 -23.38748932
437 -136.5774078 -50.5770874
437 106.7137375 47.2199173
437 -4.497819424 -0.1519108564
437 430.3310547 -98.43606567
437 -45.41492844 -102.5544586
437 -72.22972107 -2.178408384
437 -181.0105591 -54.1737442
437 -193.7931061 -118.1827087
437 -17.84743118 -22.07791901
437 -204.6728516 -87.37467194
437 433.0812683 -63.01986313
437 -108.3697205 -138.3275452
437 -117.2584839 -0.6080745459
437 -177.0162354 -49.07510376
437 -178.7654724 -142.3771362
437 -216.1734924 -127.9109116
437 -245.2854156 -124.4312744
437 -231.5902863 -90.20743561
437 537.1671143 30.85901642
437 -144.16716 -126.1213837
437 -95.56852722 -23.9626236
437 -151.6027374 -43.2977829
437 -83.51689911 -74.10738373
437 -218.3179932 -175.6373291
437 -293.4481506 -157.7717438
437 -157.4459534 -118.0583038
437 -89.23696899 -19.87107468
437 -75.19285583 -27.99096298
437 -136.9076538 -48.91598511
437 -61.28565979 -48.4032135
437 -262.5220947 -168.113205
437 -234.667572 -198.6207886
437 -272.2415161 -153.7060242
437 -395.9165955 -183.9035034
437 -208.4212341 -120.1777344
437 -87.07382202 -32.35442352
437 -103.3372879 -43.36330414
437 -18.74864769 -8.256598473
437 -260.2264099 -226.2036743
438 -350.7145081 -207.7689362
438 -299.1457825 -209.2904358
438 -293.7998047 -234.9536285
438 -267.7973633 -200.254303
438 -248.9879303 -190.3603821
438 -290.606781 -213.2345428
438 -169.5974121 -156.6345215
438 -330.1886597 -229.7949677
438 -113.1824188 -103.9188766
438 -64.91654205 -169.5106354
438 -185.048645 -137.8129272
438 -96.68292999 -238.7545013
438 -150.9113922 -115.7919235
438 -215.9105377 -139.0494385
438 -107.9493179 -245.3451233
438 -109.9927216 -73.86392975
438 -101.994278 -301.9831543
438 -47.61943436 -78.66736603
438 -95.82017517 -42.57300949
438 -2.614497662 -71.91695404
438 -126.105545 -55.28991318
438 -106.652298 -48.2111969
438 -107.6279984 -9.177675247
438 -142.3653564 -61.64080048
438 -65.28539276 -30.1702919
438 -147.9906006 20.69939232
438 -20.82519722 -48.31561661
438 -101.0807037 -24.69827843
438 -124.4886169 26.40755463
438 -148.7769928 -25.43753815
438 -130.2725372 71.55303955
438 -48.409729 -55.99239349
438 137.2713013 6.69707489
438 -127.0323257 -35.4258461
438 -99.80696869 -9.037266731
438 -105.932724 3.992269516
438 -120.8523026 -33.72965622
438 -153.0535583 -31.97839546
438 -94.78617096 106.8869934
438 -98.79671478 -110.7813873
438 180.513504 4.000487804
438 204.7415924 54.19596863
438 -47.1255188 -32.35177612
438 -119.4978256 -33.50428772
438 -73.80133057 139.6206818
438 -133.784668 -149.6475525
438 262.730957 41.24993896
438 219.22966 -20.13964272
438 135.1600952 5.842781544
438 225.5438843 14.12452888
438 251.4827271 74.24095154
438 168.5332794 32.66593552
438 -57.03312302 188.2761536
438 -63.54994202 180.5997162
438 -169.4426575 -167.0641327
438 143.3733978 28.42161751
438 107.0626373 77.57132721
438 178.6787415 -6.376157284
438 -24.19760704 214.9103851
438 133.4229126 181.7458344
438 -75.29981995 191.3772736
438 106.1324692 87.28635406
438 93.29187775 114.2978821
438 227.2274475 -0.3764101267
438 204.2803345 -12.10727406
438 20.50377083 233.9790955
438 329.7131958 194.5203705
438 48.11775208 124.4246063
438 355.7559509 197.0619659
438 446.585083 248.8260956
438 49.82954407 129.8815155
438 493.0976868 284.8621216
438 458.6821899 242.3656006
438 58.63508606 154.3644104
438 522.4876709 324.7800293
438 615.2703247 361.2025452
439 45.08898926 8.825501442
439 54.64023972 11.72327137
439 35.7767067 -7.864747047
439 15.65900326 22.84723473
439 89.96359253 13.82469177
439 80.28521729 -22.96779442
439 26.85175896 1.422598481
439 2.735323906 -50.49588394
439 43.17256546 2.307011604
439 10.74188042 24.47690201
439 9.606329918 20.28093529
439 20.44564629 20.93593025
439 180.428009 -19.07370949
439 102.0704651 -21.18606377
439 7.309078217 26.27307701
439 29.40662575 -26.29440689
439 -70.53569794 -119.9526978
439 -26.83766365 -65.69767761
439 80.53166199 24.83555412
439 1.259554505 2.64802742
439 23.6397438 25.6388855
439 5.181652069 26.64703369
439 17.37667274 35.12537384
439 266.5284119 21.81495857
439 192.9888306 -28.68931961
439 123.791008 -30.42618561
439 28.34069443 48.84608841
439 14.49582195 -36.46134186
439 -146.5435791 -146.2848053
439 -2.522785664 -184.4085388
439 142.9373779 49.38101578
439 13.61107922 38.37759781
439 152.5291748 12.24077415
439 27.98722458 -35.24812317
439 -12.67119598 38.08901596
439 8.704827309 39.52049637
439 309.0566101 31.12380409
439 193.0346069 -15.12268448
439 24.95334244 28.86916161
439 0.8314893246 4.669047356
439 63.57151794 63.75409317
439 -145.3079529 -198.1432037
439 -98.41005707 -118.1092834
439 107.6464005 -135.6260376
439 -3.930067778 -218.2191162
439 1.074311733 40.5464592
439 6.908048153 48.76916122
439 -41.70835114 -4.447844505
439 83.86103058 57.60296249
439 87.37846375 55.11396027
439 60.86820984 63.11473083
439 -153.0930023 -226.9866486
439 -4.756747723 -261.160614
439 -9.803639412 -327.0298462
439 -8.358110428 69.54581451
439 9.091044426 40.58527374
439 -19.30143166 34.6099968
439 -54.53937912 -11.78355789
439 -88.25885773 -21.34661674
439 78.54299927 58.15288544
439 -65.5197525 104.0179901
439 -129.7195435 -2.661101103
439 -99.25147247 111.0082397
439 -129.723938 -3.773583651
439 -101.7238998 25.10333252
439 -148.55336 122.5739288
439 -177.4100037 138.8896332
439 -174.2002411 121.1925354
439 -192.8389435 150.3994293
439 -181.6728058 84.83692932
439 -194.6142273 128.2959747
439 -189.7176514 167.0314026
439 -209.3790436 73.57246399
440 50.21499252 -55.30968094
440 51.35255814 -66.42787933
440 58.13731766 -23.22116852
440 27.90697479 -86.31786346
440 36.15768814 -7.788455486
440 49.68729019 27.23144531
440 87.93327332 -92.85011292
440 20.59506607 -64.47200012
440 3.44853282 -38.62470245
440 44.08533859 -23.76030159
440 58.09375763 50.93648529
440 37.9377327 -45.07088852
440 -68.75344849 -22.58392906
440 3.259260893 1.622876048
440 30.42259598 -12.23793983
440 2.500407934 49.70098495
440 97.86854553 59.76124954
440 -21.77321243 34.64120865
440 -6.460412979 20.61938858
440 34.50944138 61.66916656
440 39.14550018 67.72131348
440 27.65967941 67.18224335
440 27.04263878 41.29087067
440 -3.548395395 43.35828018
440 -48.99702835 0.9804406166
440 45.04290009 53.12812424
440 -100.677681 -0.2655552626
440 -51.77805328 -51.16371155
440 -10.30812645 -24.10313416
440 141.0358582 91.67808533
440 -21.57799339 41.57863617
440 -162.7861023 -2.509012699
440 -42.04162598 -105.594696
440 2.707448721 -60.81774139
440 -66.58521271 -30.83582878
440 266.5282288 108.3913879
440 24.61244392 104.8732224
440 -150.9981689 -4.437773228
440 -172.3933411 -6.17471838
440 -189.4525604 -0.7819513679
440 -61.34362793 -164.4421692
440 44.50543976 -77.13189697
440 -87.20279694 -6.69606781
440 377.1031799 119.2233505
440 198.4390106 211.7559357
440 -27.29059982 81.36659241
440 -187.3766937 4.410885811
440 -173.5675354 6.687292099
440 -170.2566681 11.41710663
440 -85.05780792 -171.9506226
440 -33.25653076 -202.8925781
440 -94.82228851 -202.5168457
440 -120.2319489 -0.4229280353
440 343.3987427 145.0162354
440 -213.8827209 -6.352194309
440 -202.9564819 18.11721992
440 344.0458069 133.3943481
441 105.756691 71.6077652
441 127.6740875 70.52965546
441 137.1383362 88.24367523
441 146.3141174 70.36636353
441 111.6104813 48.85778809
441 125.6689606 135.893219
441 182.1078186 74.25627136
441 99.02091217 130.2009277
441 163.2633972 160.9768372
441 181.7321014 93.63678741
441 179.9604645 90.070755
441 90.63134003 151.2305756
441 154.9884796 177.8330231
441 14.45700741 89.01532745
441 223.1842957 126.7755814
441 120.9593887 50.3446579
441 229.3230896 215.3519897
441 -7.758662701 127.4286575
441 14.37275982 -3.528422594
441 52.04306793 18.34757614
441 257.1118469 223.5953979
441 -12.98489571 152.3277435
441 -13.55502796 7.478327274
441 -17.57072639 -14.32956028
441 -29.46657562 -52.26173401
441 84.48949432 -1.531991243
441 24.01320839 0.9581086636
441 313.5061646 245.5305023
441 -6.046508312 -7.622107029
441 -17.6947422 -11.06048012
441 -44.54892731 0.04126167297
441 -51.79658508 -54.94012451
441 -40.45140457 -92.87200928
441 -72.57501984 -76.04238129
441 115.5542145 -30.76749039
441 -11.15230656 11.97884941
441 352.6335754 237.337677
441 -25.85415268 -13.82782269
441 -27.13028336 12.72143745
441 -120.3158188 -80.1595459
441 -55.00892258 -58.69130707
441 -171.3021088 -142.3698883
441 -17.18406105 -99.96560669
441 -98.20127106 -82.54893494
441 -26.86682701 -54.55940247
441 -51.75952148 -73.32870483
441 -184.5911713 -127.4335938
441 -247.3102722 -193.3416443
441 -132.2230072 -99.9063797
441 -153.2723541 -117.4850693
441 -188.4716949 -108.6889267
441 -263.151886 -221.1294098
441 -198.4177551 -159.1042938
441 -154.6881409 -142.0969086
441 -177.661026 -151.3052063
441 -183.7913361 -97.04762268
441 -146.4014435 -125.299614
441 -224.1916962 -107.2603607
441 -139.3698883 -135.0271606
441 -214.8220673 -199.5003052
441 -57.74433899 -67.04746246
441 -132.2598114 -171.3913879
441 31.77654648 51.02134323
441 -199.0644684 -202.5347443
441 59.61621094 69.88008881
441 -223.5858917 -216.0834656
441 112.4280624 100.6316223
441 81.4797821 96.23784637
441 73.35732269 80.6300354
441 51.73952866 103.3698502
441 124.2651062 98.37021637
441 -1.935792208 109.0132141
442 -97.97841644 -91.66120911
442 -125.9715729 -90.2145462
442 -146.7216644 -111.7139435
442 -74.67224121 -116.5765991
442 -183.6812439 -183.7406311
442 -68.74742889 -129.1906128
442 -155.6785736 -173.2168732
442 -87.81905365 -112.4858704
442 -6.891606808 -106.3852386
442 -62.53971863 -226.0469055
442 -209.2755127 -225.2897491
442 -100.214325 -128.4092712
442 -97.8754425 -119.9842224
442 -54.61924362 -55.54265594
442 -60.6672821 -98.03958893
442 18.174963 -268.1768188
442 -241.8094788 -271.1237793
442 -244.0681915 -225.5400696
442 -224.2371063 -286.0648499
442 -41.08473969 -85.29457092
442 -98.59425354 -88.08867645
442 -217.8678284 -251.7363892
442 -153.9779053 -246.4123688
442 -19.76775742 102.6198883
442 -250.6129303 -253.9621277
442 -40.4955368 -202.8407898
442 1.908622742 76.21704865
442 -44.57917786 112.9060516
442 -15.94690895 144.6955109
442 -18.7820034 -175.566803
442 28.68043327 109.5714417
442 -48.57791138 126.4770355
442 34.27962494 155.6465302
442 -35.6710968 171.8816986
442 29.91028404 -208.7754364
442 67.97342682 149.4348602
442 71.70696259 114.2197113
442 28.89274979 82.19914246
442 -63.25546265 148.1977997
442 24.34122849 175.282547
442 79.04533386 164.2355652
442 -27.29183578 197.2566223
442 122.8561401 171.655777
442 84.9081955 157.0142822
442 37.59659958 59.6829567
442 97.70084381 119.7230148
442 8.989840508 53.92511749
442 127.6824799 210.0888519
442 154.2338715 184.3480377
442 33.2743721 32.48449707
442 89.51273346 105.4787216
442 180.8852997 108.1840973
442 73.111763 114.4914093
442 -5.425152779 40.66358185
442 148.7796631 265.963501
442 213.7352905 173.7759857
442 173.2035522 180.3222656
442 4.493772507 27.18288422
442 81.9061203 -1.672876477
442 234.5695496 95.35502625
442 169.341217 112.482811
442 -23.74968338 5.959173679
442 29.87047386 37.03486252
442 246.536377 190.8295593
442 -25.1254921 -10.86428452
442 262.7709656 86.59771729
442 184.5634003 106.315712
442 -20.89687538 -51.50981522
442 62.18773651 25.07690239
442 247.6920471 37.80501556
442 -44.31440735 -70.26618195
442 -15.83094406 -66.88930511
443 193.4199219 40.06502533
443 287.4550476 77.62296295
443 225.6843109 104.0271149
443 222.2762146 73.90847015
443 154.3772583 16.06954002
443 223.2964325 122.7915268
443 192.6213226 35.80675507
443 202.8850403 36.75484085
443 100.2190781 -21.95275307
443 233.0501099 140.5341644
443 205.2303619 137.8636627
443 215.4290009 148.0863953
443 232.8246765 146.4708862
443 258.2481384 18.51925659
443 142.1583405 17.1731205
443 204.7526855 34.36598587
443 194.7694855 30.12648582
443 -35.17326736 -74.90188599
443 18.85077477 -57.98308945
443 64.8215332 -38.73716354
443 127.872345 -23.51918983
443 31.57970428 -22.96644211
443 178.1930542 -10.3215313
443 238.5368195 50.23740768
443 205.3115387 31.34660149
443 194.0998535 7.257545948
443 192.5581512 24.36642075
443 -53.50809479 -62.33725357
443 -80.27093506 -59.96538544
443 -90.03491974 -73.78736877
443 274.3348694 45.06843948
443 199.3063049 101.6946335
443 217.0696564 -0.4928062558
443 250.4308319 13.23131084
443 -39.73665237 -75.37919617
443 -138.9179382 -9.043697357
443 -102.9607086 -46.09897614
443 -41.28633881 -87.24573517
443 -133.4579163 -119.4843063
443 170.3659668 111.2061081
443 177.0645599 8.62176609
443 -176.5242004 7.15473938
443 -155.6681366 -9.059571266
443 -109.9161072 -35.67157745
443 -124.2251587 -76.61540985
443 -136.6929169 -142.3947906
443 -152.7279968 -104.2458801
443 162.9064941 121.1889572
443 155.4989166 11.36279774
443 -191.9192505 15.18344498
443 -180.9565125 -1.099184752
443 -213.5406036 -36.68064117
443 -208.6769714 -44.8187561
443 -67.96599579 22.92376709
443 -146.3453674 -101.7249908
443 -143.4750214 -89.50127411
443 -176.4618225 -116.2693634
443 -157.5131989 -100.3301926
443 138.7168579 22.12775421
443 -240.2518463 61.95941925
443 -203.4978943 -14.9884491
443 -246.837265 -36.24861526
443 -236.9164429 -43.08781815
443 -203.7462463 -6.881762505
443 -21.31469345 25.00817299
443 29.72935295 28.18465805
443 -164.4677277 -118.2659073
443 -310.2444458 78.21898651
443 -259.2774963 -46.33867264
443 -295.464325 -35.10009384
443 -164.9685516 -13.53853321
443 -232.5853882 -19.23363495
443 3.171016455 29.46684837
443 -329.2397156 92.69919586
443 -308.3623657 -53.86262512
443 -243.9856262 -58.52075577
444 290.2138977 -53.52470016
444 281.2044373 -67.48733521
444 289.0987549 -110.0928955
444 298.6043396 -23.04693413
444 299.9157715 -24.45841599
444 214.868103 -14.940732
444 375.5226746 -37.90958405
444 183.7525787 36.91955185
444 274.2832031 -28.21873856
444 129.8259735 24.21349907
444 94.34493256 2.018724918
444 106.2508774 93.27366638
444 166.577774 66.95995331
444 40.77729034 39.29291153
444 12.79606247 6.845243454
444 92.67321777 112.2759857
444 205.6087341 98.99320984
444 29.98619652 53.11402512
444 8.853543282 32.72665024
444 11.00572014 32.39349365
444 -40.06270599 -40.15466309
444 92.33700562 63.8868866
444 -1.833126307 -9.476002693
444 70.60229492 33.85164642
444 33.12348938 22.81210518
444 -68.70085144 13.5187397
444 -11.63528919 84.54678345
444 -119.9821091 -61.15486526
444 127.7565918 84.07155609
444 -34.69477081 -27.97541046
444 48.84000397 33.04523849
444 97.25804138 11.52887249
444 131.0800171 31.67725754
444 -69.57497406 -14.63683987
444 -0.9998641014 129.7165375
444 1.309125304 71.51416016
444 -110.9572601 -29.30163956
444 -225.6820679 -94.52352905
444 149.7587738 109.77388
444 74.54634094 155.2388306
444 -19.05802155 150.3275146
444 13.28148842 63.24110031
444 -250.4877319 -101.3729477
444 -245.2262268 -95.93675232
444 175.7928925 139.1518402
444 21.7890873 184.7444763
444 54.81023026 31.17286873
444 -268.182312 -90.5612793
444 -301.7677002 -100.3841553
444 239.6837769 161.5136108
444 178.9253998 152.721283
444 40.01754761 224.2882843
444 61.03173828 -40.17031097
444 -245.5220337 -79.46067047
444 8.575553894 -66.41039276
444 -202.1079865 -79.05686188
444 -7.765583515 -58.94293594
444 -148.5919952 -65.75850677
444 -120.3847504 -45.15477753
444 -188.2381439 -74.72551727
444 -162.8437653 -64.2183609
444 -132.0696564 -70.42713165
444 -173.6573944 -77.50856018
444 -195.1125793 -87.79998016
444 -138.7785492 -16.78619766
444 -199.5782318 -66.41383362
444 -213.329422 -106.0277557
444 -206.0565033 -89.06995392
444 -166.5518188 -71.0779953
444 -256.525177 -99.25962067
444 -276.2801514 -160.4195099
444 -224.4450836 -107.5242615
445 -89.19379425 -108.5898209
445 -102.3326645 -108.4337845
445 -176.1863403 -92.29532623
445 -173.9716339 -132.8518219
445 -75.25624847 -147.4593964
445 -207.944458 -78.60618591
445 -206.912674 -80.34739685
445 -181.3719025 -142.4704895
445 -135.2589417 -191.7438507
445 -69.06497192 -144.1721649
445 -275.7481689 -205.8199615
445 -194.3427582 -195.9765015
445 -92.73803711 -184.4092865
445 -29.74753189 -101.942482
445 -137.9711761 -181.0841522
445 8.971662521 -71.34394073
445 13.22117519 -103.0440292
445 76.3611908 -21.65107536
445 10.06929779 2.088587046
445 83.23895264 0.4236685932
445 121.5435181 31.51917839
445 -2.276220083 1.821819425
445 107.868866 48.85931778
445 -72.07419586 -22.06807518
445 74.11534882 37.48685455
445 128.2561188 -33.72144699
445 64.42528534 -4.944112778
445 64.20826721 -20.92817307
445 161.51297 45.78419876
445 17.6313858 -6.731349945
445 176.2230835 38.23380661
445 -180.0279694 -56.99894333
445 -194.7111359 -26.32717705
445 111.7295914 78.89347076
445 192.2482452 -17.12579536
445 159.8298187 124.1255264
445 258.8482971 78.17281342
445 212.9917297 39.96176147
445 -197.3610077 -50.7351799
445 -278.5887756 23.75840569
445 155.311615 124.1961975
445 135.2303162 121.6705551
445 187.8302155 -31.23062897
445 255.3776703 8.485706329
445 167.2491608 163.6678925
445 173.0283356 130.3717346
445 321.6918335 60.6983223
445 178.1562195 12.54195499
445 250.5358734 38.07592392
445 -217.2897491 -112.5407791
445 -289.1238098 -102.7328873
445 -263.515564 17.20471191
445 -243.2054596 11.73897934
445 -319.0375366 12.06025505
445 114.8017731 142.3143311
445 124.5148849 127.8857956
445 200.8710785 141.7714539
445 152.6954651 164.6964264
445 190.8124695 195.5254211
445 390.4468079 61.18929672
445 307.8366394 43.78305054
445 -242.3250275 -135.1939087
445 -272.6584167 37.93153381
445 -259.0909119 43.94674301
445 -401.4377747 -5.653469563
445 -336.6853027 29.55655861
445 94.14569855 145.2187195
445 99.54286957 120.6591949
445 172.2389832 205.5071106
445 201.8372345 207.3464508
446 -157.3260651 29.22882843
446 -155.9754486 12.89191628
446 -193.3907471 9.343271255
446 -116.9753876 43.7936821
446 -106.7547836 30.19348526
446 -115.14431 9.281163216
446 -73.86026764 27.46632957
446 -169.4456177 65.90278625
446 -58.13679123 39.39325333
446 -9.411902428 8.141426086
446 -132.7855072 -1.390193701
446 -170.9512329 26.10195923
446 40.51019287 40.79949951
446 -91.34539795 10.89796066
446 -196.3207855 72.22086334
446 46.98168564 47.30089188
446 38.44391632 12.35912132
446 -178.780899 -19.18344498
446 -188.7636871 55.44659042
446 56.25688553 44.64546967
446 112.5894012 47.76446915
446 71.81773376 43.1138649
446 -83.13519287 15.54572582
446 45.08943939 45.43803406
446 78.24786377 61.6121521
446 62.77371597 34.49069214
446 7.474712372 2.398848057
446 58.93477249 12.8209219
446 75.82791138 39.26789474
446 37.26638412 16.1560173
446 91.2539444 69.82183838
446 119.8969498 42.62152863
446 139.8451385 42.944561
446 192.9729614 69.43928528
446 -108.2003937 14.89187813
446 -118.5838089 -58.91340637
446 16.53862953 13.57209015
446 8.57929039 5.74778986
446 84.05004883 33.51284409
446 102.7771988 35.95606995
446 91.3523941 47.67768478
446 74.57009888 85.8391037
446 129.4868622 33.88306046
446 199.9351196 23.62679291
446 -105.7060471 9.237488747
446 -171.2103119 -84.55813599
446 -168.0653992 -47.14506149
446 121.4189758 45.010849
446 136.4832916 16.71271133
446 71.53620148 53.90124512
446 113.914444 30.43178749
446 135.8170776 36.70503235
446 238.199234 0.1305604875
446 -136.4656219 -14.47779751
446 -134.6882782 -110.8711624
446 -257.9068298 -135.2277679
446 174.523056 -10.76930523
446 37.36582184 68.74150848
446 80.59393311 22.73762703
446 264.0758972 -19.1561203
446 251.3371429 -8.2520504
446 -112.6816864 -175.8352203
446 -140.2426453 -101.4059372
446 -136.3112946 -130.5610657
446 -271.3701477 -111.2598877
446 216.5913391 -4.029907227
446 197.1273041 -24.18644333
446 22.73365402 81.68327332
446 -99.72354126 -211.4676361
446 -147.9705048 -81.87519836
446 -175.1794891 -113.1050949
446 -130.4662628 -138.8998871
446 -288.1331482 -117.8953705
446 224.9291077 19.54747772
446 233.1468964 -14.51642609
446 193.0175323 -30.67051697
446 205.1250153 -42.73817825
447 461.6343689 214.8622284
447 346.9916382 151.3386536
447 449.2709351 205.8892365
447 324.7499695 137.5451813
447 287.3217163 88.0783844
447 386.4815063 199.1384125
447 435.3046265 204.8728485
447 240.7561035 78.58010864
447 282.5368042 85.53522491
447 184.0618744 56.45423126
447 169.3385315 41.83235931
447 385.3986816 213.2149811
447 386.690033 199.7468567
447 209.433197 51.80175018
447 220.6761932 67.65220642
447 277.1131897 81.99641418
447 229.0864563 36.81182098
447 120.7075424 44.56238556
447 2.663714886 -26.7775898
447 384.0746155 180.4742889
447 163.5222321 72.06456757
447 276.9599915 99.3994751
447 163.4016876 31.64111328
447 308.3413391 113.6546478
447 229.640625 39.56884003
447 214.7390442 17.12358284
447 179.6756287 68.65612793
447 193.6886902 40.782341
447 -65.16020203 -25.7125206
447 -30.3719368 -13.70071602
447 -39.41292953 -45.30830383
447 179.0496368 6.032539845
447 274.916687 84.05827332
447 179.7974854 -15.95255089
447 239.7879944 75.05402374
447 196.134964 35.93876648
447 228.7848358 19.21337128
447 -189.5085449 -56.41659927
447 -137.5207367 -51.38205719
447 -61.8670845 -6.080566406
447 -49.86390686 -3.717344999
447 -96.74317932 -24.98005295
447 -2.613946915 -67.90370941
447 -191.2278748 -40.30355453
447 -211.1190948 -55.92608643
447 -213.9750214 -22.30308723
447 -175.5394745 -46.01145554
447 -85.55072784 2.732321262
447 -185.0420227 -13.89118099
447 5.448162079 -103.0288849
447 37.72135544 -80.37206268
447 -36.41969681 -88.110672
447 -218.1898956 -44.76050186
447 -214.0830688 -67.22254181
447 -194.7822266 -44.92121887
447 -236.7066498 -52.04016113
447 -207.5278473 -33.58843231
447 -258.1128235 -8.952943802
447 -179.0782928 -70.63925934
447 -181.0882416 -57.2142601
447 -235.0553741 -30.06448746
447 -269.0012512 -45.74997711
447 -4.034315109 -117.0816193
447 -4.359965324 -118.484993
447 -281.5477905 -74.17287445
447 -240.5363007 -59.715168
447 -184.2776184 -43.82451248
447 -234.3161469 -51.86178207
447 -239.7230835 -46.0140419
447 -259.0895691 -34.15457535
447 -134.1522675 -80.49435425
447 -187.1132507 -106.4175415
447 -181.6776886 -48.97602081
447 -270.9737549 -32.32180405
447 -312.1571655 -34.09015656
447 -278.7047729 -73.14267731
447 -229.0439911 -57.44750214
447 -187.9021912 -66.37765503
447 -108.3599014 -93.30169678
447 -207.8394775 -104.6181335
447 -180.1196136 -112.6107407
447 -160.9821472 -112.711647
447 -352.7354431 -73.53009033
447 -250.5587158 -70.7959137
447 -221.1549988 -57.79315948
447 -123.3252411 -50.93050385
447 -55.65431976 -82.40571594
448 -188.2745972 -139.5783691
448 -177.9396973 -134.2450256
448 -179.8531036 -112.1529846
448 -194.4957428 -193.1194153
448 -208.7764435 -137.2582703
448 -259.1292114 -136.9085693
448 -129.0756989 -53.78146362
448 -191.4025879 -216.2238312
448 -265.7527466 -176.8852692
448 -192.6834412 -81.07540894
448 -45.43899918 -3.077539444
448 -94.2827301 -13.27219296
448 -267.1081238 -265.9978943
448 -161.1717377 -216.8155518
448 -160.5616913 -157.4102936
448 -126.7591248 -108.1170425
448 -215.2210083 -72.3459549
448 -146.8092804 -60.66373444
448 9.418647766 30.07113266
448 -106.6822128 -2.699628353
448 -143.0079498 50.02383804
448 -144.4030151 -216.1064911
448 -50.20862198 -123.905365
448 -82.71709442 -26.66283035
448 -89.75885773 -121.6587296
448 -148.0068665 -48.23568344
448 9.842672348 90.30716705
448 125.5130539 20.82934189
448 -57.29477692 36.65278625
448 -132.1246185 -17.90379333
448 -135.2958221 58.77595139
448 -117.1981888 122.4043884
448 -167.9689789 -242.8236847
448 -49.65539932 -122.5163574
448 -92.36764526 -109.6903534
448 -15.76756001 -3.518539429
448 -54.49520493 -118.385788
448 57.64970398 89.12473297
448 -80.62928772 113.4687347
448 153.1955719 40.39870071
448 70.81854248 -17.96845436
448 161.8503571 12.85785103
448 156.8846436 88.00754547
448 130.7174988 129.4337158
448 -112.0709839 109.7858047
448 75.7297287 -8.445436478
448 175.0653839 73.45087433
448 186.8582764 27.98252487
448 122.2893295 124.3050842
448 124.1138382 156.068222
448 -155.6009979 116.0330887
448 21.91445923 -49.01859665
448 133.503479 128.1459045
448 248.6944733 97.84112549
448 229.3209381 94.35203552
448 136.7100983 -11.46068287
448 53.32680511 148.9580231
448 134.9088745 227.456665
448 13.94259739 -113.5811157
448 176.6275482 173.6976013
448 340.0306702 117.043457
448 140.8485413 -47.992939
448 71.0993576 146.7568207
448 25.31527901 142.0688477
448 119.8295898 233.2577209
448 -20.80091858 -134.1249237
448 -4.253008842 -181.2851257
448 188.6068573 200.9576874
448 391.7773132 126.6391602
448 113.5440598 203.9192352
448 20.1867466 144.3615723
448 41.79057312 164.7694244
448 -43.2437439 -173.1908875
448 0.6130710244 -298.2729187
448 32.18810654 -146.5276489
448 166.0038605 212.0776367
448 159.5784149 217.530899
448 233.8899231 193.0893707
448 454.0897217 152.0002441
449 -4.517594337 -103.3281097
449 -10.50615501 -93.62068939
449 -13.49405193 -126.4863052
449 -11.86416626 -70.97545624
449 -52.55308151 -64.38397217
449 -125.0672379 -76.34425354
449 -14.97523117 -9.335046768
449 21.93455887 25.30480576
449 -35.02707291 -34.88049698
449 -14.11186886 -20.11825943
449 -55.4017334 -27.31722069
449 -51.31422424 -14.49903965
449 26.27539635 64.47853088
449 -14.45159721 -49.99327469
449 -96.96144104 -62.63678741
449 -16.11004257 -80.04106903
449 21.75815392 -16.83448029
449 -55.18885803 -48.33618164
449 -73.83573914 24.1710434
449 -82.28527069 -12.15661716
449 11.99744797 48.44753647
449 60.51638031 66.17160797
449 -52.97514343 55.4286232
449 -134.6294403 -57.85118866
449 -5.228097916 -105.3152542
449 12.12351131 -39.58945084
449 61.02853012 15.33238888
449 -78.97657013 -70.45253754
449 -57.23712158 -39.44816208
449 -148.0446167 -70.82688141
449 -49.8787117 -14.88045502
449 -45.80069351 24.22734451
449 -16.5289402 62.4898262
449 25.36063385 81.85068512
449 -132.6842651 23.07018661
449 -69.6714325 71.92822266
449 -16.48735809 -132.3853149
449 25.16198921 52.74036789
449 35.14408875 19.64360046
449 88.33109283 16.68018723
449 -41.7219429 -52.52175522
449 -104.2438278 -76.71809387
449 -107.4861679 -80.7699585
449 -116.2276154 -28.58398628
449 -42.85424042 28.32761765
449 -90.84497833 -80.67936707
449 -38.57502747 35.75273132
449 -67.54483795 50.18711853
449 -34.35252762 57.99364853
449 -2.207559824 38.74826813
449 0.872387588 -36.73153305
449 57.97740555 57.78216934
449 100.8484573 -27.08696175
449 120.5048752 51.90233612
449 -44.40820312 -81.79647827
449 -78.55175781 8.408553123
449 -154.1313171 -61.82588959
449 -49.77202606 37.27870941
449 -88.51597595 -108.706192
449 -24.12450409 59.09093094
449 -45.35810852 34.3736763
449 -10.2025156 43.12503433
449 -109.2258301 39.41717148
449 -20.03590775 61.30195236
449 44.79220581 67.50349426
449 -29.4288063 27.46389961
449 105.0997925 82.2088089
449 102.5773773 58.48445892
449 41.63909912 50.35549545
449 71.65797424 -48.97239304
449 141.2762146 -27.60006142
449 142.051651 77.85245514
449 -4.322347641 -116.4476013
449 -64.75662231 -84.78824615
449 111.8063278 100.5311508
449 170.4464264 97.650383
449 84.43028259 39.8861084
449 120.2381592 77.3772049
449 30.32487488 81.43933868
449 9.888522148 -49.48347473
449 141.2189331 -40.42376709
449 169.5428467 79.3561554
449 110.282402 85.73433685
449 -45.24862671 -63.84831619
449 218.6911926 104.3981552
449 88.46614075 31.13868523
449 160.1022949 99.01398468
449 0.07248805463 111.9329071
449 -33.46747208 -27.6079483
449 23.14606857 -54.07264328
449 248.606369 90.55104828
449 31.21578598 81.48664093
449 -88.68608093 -55.56600952
449 34.69408035 -53.75244141
450 -316.0574036 -98.8959198
450 -350.8757629 -132.8482971
450 -270.8132324 -21.59959793
450 -352.5946045 -119.5409546
450 -368.4503479 -167.9344482
450 -199.3128357 43.62305069
450 -335.3887939 -145.3436432
450 -396.6070251 -179.1542969
450 -209.4344635 71.92110443
450 -163.9623718 60.54997635
450 -469.1474915 -229.1315765
450 -279.90271 82.27206421
450 -162.3379822 102.9241257
450 -514.7033691 -275.3562317
450 -273.6439209 113.8966522
450 -147.8920441 152.8873291
450 -541.119751 -303.0294495
450 -164.5723724 112.458786
450 -171.5445099 136.0606384
450 -58.11632919 167.7545319
450 -567.2594604 -335.9299927
450 107.988884 161.4186707
450 114.6097565 188.5977478
450 245.3161163 153.4836273
450 137.26651 216.1430511
450 108.2946777 157.272049
450 33.55426407 180.4623718
450 266.132782 139.5798645
450 241.979538 132.0296783
450 91.68191528 153.0821228
450 291.7380066 131.6290436
450 168.8335114 107.2314835
450 73.93774414 152.8202515
450 331.8660889 114.8785248
450 129.2924957 75.60847473
450 114.9171219 47.71778488
450 125.6773682 16.05827141
450 103.2821045 19.17578888
450 133.2568665 58.67815399
450 146.8682556 -68.16941071
450 103.0135193 -8.742501259
450 207.3233948 -61.52239227
450 111.1701355 -118.0104294
450 69.0294342 -70.00652313
450 304.8796082 -4.05748558
450 120.3333054 -30.3552475
450 114.6202698 -138.7911682
450 -11.83561325 -152.5702667
450 340.0671997 2.335991383
450 330.9449463 6.168869972
450 33.29890823 -2.793979645
450 118.5392456 -153.1883698
450 329.8247375 10.48977566
450 -43.03792572 42.1679039
450 128.2164612 -164.7265167
450 292.7233276 -13.98488808
450 312.7096252 26.17029953
450 -41.37368774 58.22565842
450 -82.63991547 61.09514999
450 142.1612701 -204.9354858
450 165.0805359 -175.1379852
450 294.5520325 -41.08452606
450 308.5830994 52.47705841
450 -127.177475 60.55015564
450 144.1406555 -230.4096985
450 278.2915955 50.13518524
450 -180.3569183 48.42995071
450 122.2332993 -237.3235168
450 223.2263489 16.66238022
450 -226.9411011 50.61355591
450 -144.6918488 57.50879669
450 -186.6818695 59.67162323
450 159.4030762 -12.0180378
450 -273.2614441 46.91310501
450 -256.3531189 53.17074966
450 104.5341873 -26.41152382
450 62.69398117 -29.99715996
451 155.8863525 -204.9073792
451 124.7274323 -191.8578949
451 209.1897125 -197.7963867
451 95.29388428 -192.2171326
451 63.67422867 -168.6819305
451 39.53481293 -118.8314743
451 8.496618271 -73.27680969
451 37.79181671 -126.2350616
451 11.08149242 -41.30924225
451 -7.127949715 -8.300605774
451 24.90486908 -16.90615273
451 -31.07631874 -10.67482376
451 -1.876517653 7.265442371
451 59.80589294 6.408211708
451 26.07915306 -15.29758358
451 -6.567542553 -11.25827599
451 -20.02739143 -1.04262042
451 -25.67845535 -34.19533539
451 -37.94561386 -3.517695665
451 -31.52458191 -9.082865715
451 8.46912384 11.00173473
451 21.10010338 -0.04174068943
451 13.66736221 10.62846375
451 48.23688889 11.53609085
451 6.375346661 -28.04519653
451 -68.4125061 -37.83151245
451 59.13544846 14.80863571
451 -55.43936157 -25.46913147
451 -34.00151443 -28.49091911
451 -26.14522171 -4.78063345
451 -47.5031929 -22.4568882
451 -119.1696777 -39.73815155
451 30.59032822 38.6584053
451 38.48943329 2.192371607
451 114.0860443 59.39740753
451 43.40919495 9.286972046
451 125.5702744 -4.822861195
451 -102.6235886 -68.55454254
451 97.96562195 97.47286987
451 -54.08811569 -37.45925903
451 -124.1105347 -10.07335854
451 -118.5692368 -56.86958313
451 -197.4576874 -27.28781891
451 46.95287704 73.99159241
451 92.71308899 2.15631175
451 143.4210815 131.6765137
451 36.43728638 -6.979624748
451 -127.1511459 -107.4848328
451 160.5720825 109.2355728
451 148.558075 134.8812256
451 -167.7887878 -2.079879284
451 -224.4479065 -32.6626091
451 -225.0643616 15.00193691
451 43.92313766 114.5393372
451 165.3237457 161.3806
451 -151.6716156 -99.98806
451 -160.6555023 -139.8405914
451 226.8614655 116.3658447
451 162.2390289 169.5032196
451 -186.6867371 27.7187252
451 -245.6523132 -40.51944351
451 -266.4589539 41.80259705
451 44.64399719 142.6616211
451 131.6074219 131.3145294
451 -50.48250198 88.3927536
451 217.2498169 178.3633728
451 -174.9855804 -125.2533417
451 -218.2075348 -139.1681366
451 -106.1656265 -126.9104233
451 167.194931 151.9886932
451 167.6679993 182.2850494
451 -298.1192322 -50.07039261
451 150.5540924 179.602066
451 189.3913116 154.7957001
451 -184.946167 -172.348465
451 -210.9533539 -136.0747375
451 -196.449707 -89.9945755
451 202.184906 194.505127
451 159.4213409 204.0294952
451 161.5895081 190.2664185
451 204.5801849 152.9757996
451 -181.4167328 -231.4046783
452 -47.7398262 -27.98862076
452 -68.24656677 -23.62743378
452 -36.22314453 -9.746687889
452 -122.1574326 -3.513362885
452 -44.83794785 -61.43789673
452 -36.74053192 -33.87458801
452 -84.29142761 3.102586269
452 -85.03871155 -42.60353851
452 -38.23143005 -39.95366287
452 -76.38850403 -61.09114075
452 4.008805752 -65.13858795
452 -41.15597534 -17.04670906
452 -5.785136223 -27.79723167
452 -39.06180954 16.35423851
452 -11.07839203 -66.46300507
452 -102.5463562 -35.34994888
452 -81.70439148 -67.77622223
452 -37.65392303 -27.2581234
452 3.475638151 -32.47486496
452 -43.10652161 0.8943573833
452 -46.85851288 21.79971886
452 -27.58083534 70.27241516
452 -10.29483509 77.14007568
452 -24.93025208 -60.80760574
452 -13.1317091 -39.31931305
452 112.7136307 -66.37825012
452 -150.5487518 -54.5188942
452 -5.773723602 -31.73168182
452 20.98691368 -75.2754364
452 -77.45412445 -2.216745615
452 -57.90225601 14.70169449
452 -33.44514084 17.78283119
452 -62.00007629 35.98617554
452 22.82930565 83.14442444
452 26.3885498 122.6472473
452 -28.36944771 -46.59988785
452 -23.85391617 -103.5779419
452 193.109848 -31.64755821
452 44.33859634 -54.29506683
452 -211.5486908 -61.20874786
452 21.26371765 -55.28229523
452 -73.13866425 10.0222826
452 -17.71474266 2.185258389
452 -56.24276352 16.69695282
452 72.22142792 89.1832962
452 15.61560535 156.3887177
452 -46.28160095 -11.4453125
452 4.25419569 -65.69481659
452 -60.31852341 -58.69739914
452 176.5945892 -51.17823029
452 231.3805084 23.10757637
452 4.340441227 -77.54634857
452 32.29946136 -65.43675232
452 22.03033829 -10.53050709
452 -58.85572052 23.37107277
452 114.5448074 223.2459412
452 49.20375824 154.3704376
452 -56.34687805 -17.14470673
452 -65.30964661 -99.68730927
452 -78.18742371 -61.30686188
452 245.6946869 -60.74173355
452 139.7668457 -37.096138
452 280.2113037 22.94425774
452 220.4749146 68.56153107
452 -14.99331093 -22.50820923
452 81.93733978 -15.87962818
452 -37.0534935 2.17798233
452 57.56016159 208.472168
452 58.46473694 252.7097473
452 84.41395569 263.6319885
453 88.96282196 53.81057358
453 95.79356384 36.65513229
453 64.17809296 38.02759552
453 100.5644531 49.5878334
453 120.7704926 21.79742622
453 29.47556305 33.05857849
453 98.61474609 43.64241791
453 13.59054565 36.1139679
453 164.6381073 105.2335052
453 65.47731018 15.28022194
453 124.1444473 79.98819733
453 258.4587402 160.4041748
453 74.46535492 -12.1924181
453 -74.66490936 -20.16083527
453 86.79586792 67.12979889
453 404.1737976 224.7114105
453 -184.719635 -84.75006104
453 -46.57316208 -13.15961552
453 -31.21483994 5.112957954
453 53.70459366 53.95625305
453 440.4041443 240.5292816
453 486.121521 293.1381836
453 -219.1421814 -106.3122559
453 -188.9574738 -91.70586395
453 -230.2876434 -143.6898956
453 -190.9182434 -102.4788055
453 -56.07704163 -22.19392586
453 30.32636452 21.25391388
453 -94.15496063 34.53849792
453 -77.15050507 18.83129692
453 -196.874054 -98.9377594
453 -244.6316833 -165.7873077
453 -102.2119522 -12.42588234
453 2.10021019 -3.786549807
453 114.6354218 9.515622139
453 -226.0359192 -218.9341278
453 -268.4195557 -164.9719086
453 -85.4521637 -33.03677368
453 -17.25566101 0.3815972805
453 25.63249588 -10.08423042
453 198.1114807 4.359258652
453 -45.81750488 -29.27753258
453 -154.7113647 -35.73522568
453 -100.0892029 -6.939548969
453 29.8452816 29.54752159
453 -27.59395599 1.842202544
453 48.41424942 6.655813217
453 63.10165024 -8.923175812
453 282.6251221 12.24577141
453 65.88790131 -41.60445786
453 -22.57366753 -11.59561348
453 -36.2915535 -13.78039074
453 -147.4588013 -34.98524094
453 -112.2920837 4.397792339
453 80.51764679 4.921999931
453 20.89110947 -38.90575027
453 420.345459 52.39298248
453 -53.52009201 -25.86879349
453 76.99533844 -4.498261452
453 12.84649754 -3.931001186
453 -72.6061554 -18.77495384
453 -189.9225922 -44.65310669
453 -154.9355011 5.498419762
453 116.620636 5.688022137
453 -81.72923279 -16.54834747
453 27.11921883 -55.18019104
453 36.616745 22.80058289
453 62.74545288 -5.29170084
453 -203.7757416 -49.95200729
453 -205.1839294 25.48828316
453 -139.8191071 -32.18909073
453 79.06286621 40.08116531
453 -141.7059021 -38.67217636
453 -140.007309 -36.70346451
454 270.1274414 6.086678505
454 268.8303833 22.44573593
454 273.1793518 46.04013062
454 223.106308 37.10426712
454 253.5228271 51.12333298
454 192.4407349 38.11372375
454 279.8454285 109.988266
454 120.498436 49.47581482
454 138.8106537 17.72411346
454 393.5346375 204.024826
454 354.8892822 170.601593
454 321.3074951 112.6920929
454 -43.71906281 24.36246109
454 154.5200653 -2.476424932
454 113.9295578 10.64922333
454 5.339034081 15.06365967
454 501.4908447 284.4769897
454 342.5851746 140.8695984
454 303.8574524 108.2169876
454 3.106106043 71.96296692
454 -115.9275894 51.43421936
454 163.3821106 -11.28158379
454 -6.974745274 24.26686478
454 -24.89078712 -18.53305244
454 -57.07152939 -10.12787628
454 -49.3639679 71.33505249
454 -4.302530289 34.67811584
454 -168.3443756 59.83243942
454 -124.8941345 46.67955017
454 -126.6316757 9.534256935
454 -104.6060791 -63.42507553
454 -76.07601929 -11.40616035
454 -43.60430145 -28.64720345
454 -82.57382965 65.4706192
454 -121.3409653 52.34392929
454 -133.8454285 -14.09592628
454 -179.1304932 -50.47674179
454 -69.16968536 -86.99280548
454 -178.5347443 -152.1847687
454 -209.0297089 -39.41092682
454 -15.09323597 -1.833731294
454 2.613526106 29.33621597
454 -160.5378723 -12.24725151
454 -188.2165527 -48.61568069
454 -97.56497192 -96.04723358
454 -63.10514832 -79.15718079
454 -169.5540161 -126.8470078
454 -138.5366211 -160.9006042
454 -230.1950989 -179.2437744
454 -263.1020813 -91.56673431
454 -239.5462646 -38.80263138
454 -228.0085907 -23.43368912
454 36.07108688 35.82676697
454 64.76876831 55.30112076
454 -119.5104218 -100.9525452
454 -56.59220505 -81.55493164
454 -180.4571991 -138.6574097
454 -182.2233124 -129.8115692
454 -130.3052979 -127.1123657
454 -282.6140442 -179.8450165
454 -277.3594971 -84.75456238
454 58.64742279 56.38790894
454 102.1502151 76.9928894
455 133.3637085 -32.90907288
455 201.0829468 -33.39569092
455 97.63625336 -62.01351929
455 59.21986008 -25.13218307
455 53.7457962 -17.93160439
455 19.35070419 3.038970947
455 13.85074806 7.323974133
455 124.7509384 -31.81296539
455 -23.99655914 4.634971619
455 40.00181961 32.00019836
455 91.31375122 15.98809814
455 -95.74234772 2.49704957
455 154.7926636 -12.20953846
455 96.88777161 -14.0719595
455 88.03189087 -43.39505005
455 -29.26241302 4.992630959
455 -83.39420319 -11.18523121
455 30.57600594 28.98432541
455 65.56327057 18.60878372
455 96.23982239 38.97335434
455 128.8496094 4.791260719
455 -99.38402557 9.47840786
455 -93.57078552 0.980760932
455 160.9598083 -1.597269416
455 8.590424538 -5.035729885
455 5.837982178 -48.63671875
455 -26.34718513 4.643040657
455 -84.90648651 3.899840117
455 -86.76119232 4.868435383
455 -58.39144897 2.733590126
455 -77.00509644 -22.28312874
455 -56.26293564 35.43021774
455 8.508748055 37.14284897
455 81.22001648 4.69388485
455 109.3230362 51.5305481
455 63.97668839 52.78606033
455 228.4092865 43.42817307
455 -165.6958008 18.30026436
455 1.236555815 -18.21725655
455 -27.03796196 -63.40683365
455 -45.58372116 0.3480148613
455 -73.55820465 16.12568283
455 -88.06773376 7.505984306
455 -50.52016068 -12.37683296
455 -48.92575073 5.825129986
455 -78.17284393 -55.00022125
455 -77.90714264 -20.30484009
455 -87.84020233 19.63455963
455 21.29360008 63.96274185
455 117.0485458 -56.48373413
455 47.64754486 10.38949108
455 -42.94765854 -5.559746742
455 -118.1329117 15.14772892
455 -90.84407043 -12.53834724
455 -32.25574875 6.083564281
455 -59.75254822 -63.23317719
455 -123.2658615 28.09309196
455 -79.94670105 26.70969009
455 95.0771637 -3.796849728
455 12.05916119 -14.96765995
455 -141.8345184 20.55039024
455 -100.7119904 12.62727737
455 -189.92659 38.94284821
455 -85.04878998 15.96831512
455 115.3216858 15.74737358
455 148.7167969 20.23752975
455 -97.4832077 -68.15383911
456 -202.8527832 -73.34503174
456 -206.225235 -53.47643661
456 -192.178833 -49.44382477
456 -161.1946106 -80.95553589
456 -136.6486816 -6.490108967
456 -144.8635864 -92.29733276
456 -198.4591827 -112.2932281
456 -96.05850983 74.42206573
456 -25.81642532 33.7158432
456 -230.016449 -47.5820694
456 -158.6505432 -105.7678528
456 38.30781555 122.2346878
456 77.99843597 65.37134552
456 -263.1364136 -113.0181351
456 -259.7176514 -46.82646942
456 -275.9045715 -42.7623291
456 -110.5328369 -106.0565414
456 -156.8005371 -130.627121
456 116.9941254 133.0710754
456 148.9219208 101.7742767
456 -273.7008667 -129.4529419
456 -111.5325012 -79.12931824
456 -43.10146332 -173.1276703
456 -20.62291908 -26.31316376
456 -199.5143585 -121.8045044
456 -150.9985962 -160.787384
456 174.5708618 147.7158356
456 163.7567749 126.1261292
456 -347.3794861 -153.881546
456 -76.9357605 -55.51810074
456 -63.65627289 -195.3444977
456 -44.01671982 -164.4674683
456 -84.02101898 -169.4423676
456 23.21171951 -0.9456506371
456 -20.32711792 -29.40106201
456 18.48329926 8.013379097
456 -125.7800369 -165.7966309
456 169.9681549 142.0492706
456 210.6794739 152.9624023
456 -37.30582047 -52.62579346
456 -92.61611176 -199.6456757
456 -89.19667053 -191.8482361
456 -58.79362488 -121.5193405
456 -97.77300262 -156.7409515
456 74.10881042 35.93530273
456 13.34781742 -34.27306366
456 60.06351471 -6.71694088
456 24.30329704 64.09869385
456 -77.90338898 -147.9421997
456 214.6345825 135.5527496
456 83.74352264 97.01134491
456 227.1603851 152.9075775
456 195.6798248 151.9392395
456 18.06232452 -41.7192955
456 -86.44076538 -128.1764221
456 122.1041565 37.11382294
456 61.33933258 37.26118088
456 -87.00411224 -135.0285034
456 269.04599 132.627182
456 92.99134827 98.49184418
456 174.0165863 145.2507172
456 231.5479889 129.1790466
456 240.2718811 163.5719147
456 187.3148346 136.3592529
456 39.92751694 -38.47552872
456 -75.07671356 -117.0375366
456 141.6565552 22.94486237
456 140.0795135 57.07883835
456 97.9847641 71.98782349
456 172.726181 164.1972351
456 70.47509003 149.8845062
456 202.3967743 141.2176514
456 47.714077 162.9216003
456 41.29156113 80.88519287
456 215.5200195 168.3821411
456 233.0568237 140.3513794
456 154.559906 134.7353058
456 92.73566437 138.7610321
457 -285.6496582 -208.0523987
457 -233.0486145 -212.7793427
457 -188.8961487 -196.2250671
457 -111.0522995 -149.2530518
457 -194.3714447 -174.526535
457 -57.41064453 -136.0031738
457 -25.33813286 -64.30350494
457 -231.5037842 -155.5300903
457 -136.81633 -181.820755
457 -2.951701641 -106.924675
457 -15.17068195 2.373247623
457 -73.32220459 -158.0183563
457 27.68242645 -101.2288437
457 -18.40862846 -0.7909098864
457 -15.79837227 16.02639198
457 17.90953064 12.04206657
457 6.851068974 -124.1946259
457 130.1960144 -71.37825775
457 -56.83772278 17.20194244
457 25.57036591 6.872234821
457 33.1125946 26.51607895
457 22.49630737 -93.24560547
457 92.96081543 -96.33499146
457 -48.8282814 10.60774612
457 -17.31616974 -109.8182755
457 122.8733063 -102.8689575
457 -47.48871613 22.46024323
457 -52.15187454 -105.4190521
457 159.3179932 -165.137558
457 8.010684013 56.1133461
457 -45.10761261 -49.69897079
457 49.90658569 97.02571106
457 -24.1299572 45.93254471
457 -28.08896637 11.41386032
457 63.47732162 65.41670227
457 110.4288712 139.2480621
457 7.939438343 43.5393486
457 -37.20965958 55.21614075
457 8.886871338 74.51740265
457 84.7277298 68.11081696
457 107.3972855 159.5211487
457 138.4947815 146.642746
457 -53.85569382 91.27404022
457 99.00524139 35.79480743
457 -21.17714691 41.79196548
457 144.990448 154.032608
457 -103.733139 105.6147156
457 -120.1372147 119.2260284
457 142.3264923 28.84036064
457 44.63504028 4.323943138
457 -71.24825287 28.80923653
457 149.2204285 179.4328308
457 -31.3447876 -30.61995888
457 51.58812332 38.17654419
457 22.08382225 -15.82850838
457 164.1892853 172.3252563
457 165.2033386 196.2358246
457 -69.07707214 -27.65764046
457 -31.5017643 -12.8924284
457 -36.7579689 -51.85623932
457 32.6060524 58.01658249
457 179.5989838 205.6582947
457 -142.296936 -56.07701874
457 -73.42528534 -15.00730419
457 71.76961517 85.01009369
457 188.1750336 193.1111755
457 -175.287735 -84.2621994
457 55.01324081 109.2651901
457 148.0955658 134.0174866
458 -7.181143284 7.064234257
458 -75.59589386 7.223855972
458 31.75927925 -10.20333767
458 -129.895874 -33.53752518
458 -54.59640884 -10.26443386
458 -46.37489319 40.94096375
458 130.4079437 64.9304657
458 63.91163635 -11.83535004
458 -39.47208023 -13.7911644
458 -93.93317413 -8.505399704
458 49.054142 -41.91518021
458 -8.671305656 -3.496363878
458 60.1881218 -53.14835739
458 -2.641740799 -2.752857924
458 -59.12247849 -1.200154901
458 -22.00232887 -8.322562218
458 67.66416931 4.624602318
458 -51.29138565 -16.79073906
458 -62.36871719 52.56188202
458 -4.340907574 16.60800362
458 -37.67145538 -15.43355656
458 75.93247223 13.09182835
458 97.58055878 1.327061296
458 -45.69615555 -18.66556549
458 -64.75350189 -3.454100847
458 -66.71298981 10.55816078
458 -144.8087463 88.46826172
458 -16.86263847 36.22177124
458 20.45645142 42.7490387
458 -49.56732941 31.69428062
458 10.14005566 -37.138134
458 71.16364288 12.85356998
458 44.48106003 1.175843
458 -44.00312042 -14.70152283
458 -127.0597 10.28000546
458 -64.87174988 19.8335228
458 -71.49409485 -66.41434479
458 -170.1574097 96.30033112
458 -150.5430298 95.19937134
458 115.2983856 58.28159714
458 -48.55068588 36.21809006
458 57.14128494 -9.751787186
458 34.97063065 -65.36506653
458 53.31529617 6.383839607
458 61.74284744 5.681983471
458 -59.25091553 -51.04955292
458 -89.89309692 -66.59368896
458 -151.5152893 20.35817719
458 -54.24745941 -3.765786171
458 -77.65801239 -84.097435
458 154.6580658 65.52680969
458 119.0718079 63.18828583
458 96.65332794 -0.7651570439
458 -50.18588257 -94.94334412
458 -77.67709351 -63.61608887
458 -133.3260651 -83.26013184
458 -84.14138031 -63.13338852
458 -139.2646637 28.99291801
458 -88.46327209 -108.8985977
458 171.8265228 66.30713654
458 133.3444824 87.02364349
458 155.8495026 27.59824181
458 226.5711212 90.45056915
458 117.3981628 -6.63752079
458 53.97610855 -6.685334206
458 -10.3042841 -98.64373779
458 -71.91468811 -87.62956238
458 -82.65343475 -72.01124573
458 -179.3861084 -90.79034424
458 287.2778931 123.6685028
458 317.7563477 165.8230591
458 254.3330841 123.1184464
458 38.24597931 -17.63284492
458 48.59568787 -3.225807428
458 -9.025131226 -95.27166748
458 -101.618927 -76.98971558
459 65.55194092 187.0889435
459 115.4196777 240.099823
459 196.3888092 180.7112427
459 30.72725296 190.1341553
459 79.23635864 136.2291565
459 258.3528442 193.2276764
459 232.6333618 152.6344757
459 210.7372589 87.20880127
459 242.4740753 188.3256836
459 189.0173035 70.88917542
459 252.1698151 217.4315186
459 137.7267609 55.08504868
459 230.5445862 217.1840057
459 50.24715424 36.87794495
459 152.4189301 216.1210327
459 30.36137962 6.528457642
459 27.1101265 50.9605484
459 120.9566345 195.3994141
459 64.0851059 6.841750145
459 42.70547867 7.513423443
459 31.79693604 76.90948486
459 1.894611001 23.98188019
459 51.17222977 131.7748108
459 168.2909088 211.1703033
459 61.55078125 6.096646309
459 128.8049011 -0.2751196623
459 12.5061655 21.93131638
459 33.91891479 62.54017258
459 112.9515839 65.37339783
459 -50.78665161 -37.4538002
459 -17.9524765 114.2190933
459 84.10489655 -19.13885689
459 125.6933746 24.36510658
459 -36.8163681 11.59151459
459 -6.274432182 41.37433624
459 72.3454895 78.59439087
459 130.6911621 90.45925903
459 -108.0139236 -62.75972366
459 -58.63685608 -66.4956665
459 8.596924782 103.6837387
459 -12.7913723 99.96365356
459 150.067627 26.98363304
459 -81.26860046 17.22006989
459 160.8825378 96.88323212
459 56.83182526 108.044014
459 144.4298706 109.8748779
459 -99.41030884 -87.86405945
459 -30.73187256 -88.84580994
459 -56.23228455 -120.5869141
459 31.16339684 87.36872101
459 191.0160828 93.96347046
459 75.40668488 98.09789276
459 34.64780807 109.6654892
459 41.96238708 47.64351273
459 -91.82561493 -84.82824707
459 -80.22893524 -60.87714767
459 14.51267338 -78.10442352
459 -14.71026421 -114.282753
459 -168.3562469 -180.9281006
459 -11.82861423 -92.8511734
459 -112.9604492 -62.74525833
459 -86.67768097 -50.00439835
459 -88.05905151 -161.2462616
459 -276.7971802 -290.76651
459 -208.6796875 -198.7726746
459 -75.53284454 -50.41791916
459 -82.38527679 -54.01045227
459 -90.03437042 -36.31070709
459 -199.6472321 -222.4890289
459 -314.2080994 -276.3078308
459 -315.7588196 -350.9425354
459 -203.4828491 -208.8498688
459 -129.5917053 -73.1103363
459 -90.61450195 13.18029213
459 -348.7811279 -297.7279968
459 -259.3121948 -338.157959
459 -436.8057556 -417.3864746
459 -229.1280975 -194.8279419
459 -179.783432 -230.0806732
460 -229.3572235 -70.75036621
460 -180.7047882 -78.13912201
460 -236.6690826 -49.05925369
460 -299.2980957 -117.5701981
460 -207.0169373 -91.31926727
460 -139.6069183 -42.52630997
460 -288.3995361 -34.55289841
460 -206.334137 -34.29363251
460 -276.1449585 -99.6868515
460 -211.3822937 -105.2141571
460 -63.28543472 28.65802002
460 -115.5700607 -42.79632187
460 -222.2576904 -110.4337082
460 -21.28147888 18.73895836
460 -63.14523315 62.69228363
460 -53.85212708 -59.22277451
460 -58.05089569 66.516716
460 -56.44081497 86.91230774
460 -0.8414053917 -64.05166626
460 -50.21241379 82.43471527
460 -52.94500732 76.94700623
460 31.11159515 -83.05863953
460 41.71487045 -14.09716415
460 27.47764015 78.55123901
460 -106.9060745 91.9642334
460 -25.44471169 67.48130798
460 48.05361176 -30.47888947
460 37.16092682 -17.46027374
460 -10.16795158 -69.91734314
460 -19.35694504 116.1607742
460 10.70411396 115.2226486
460 125.6942596 60.96573639
460 2.323940277 119.8312683
460 -156.5660706 107.4254379
460 46.80597305 82.5681076
460 77.32006836 -35.21199417
460 46.37342072 -19.85573006
460 54.10402298 -11.40632439
460 -6.579202175 -103.9755325
460 -31.35202599 -111.4098129
460 -63.10472488 124.3646698
460 -50.88468552 133.8678894
460 -50.1092186 118.9038544
460 -6.979371071 144.6314697
460 220.2188721 33.75447845
460 17.6999054 124.9791412
460 131.2667236 -59.30399704
460 -83.49536133 -152.9911194
460 243.2938995 43.77418137
460 241.848465 8.19321537
460 284.7049866 49.08320236
460 -1.582150459 155.0612488
460 -125.0925064 -156.7224121
460 287.0644226 46.10702896
460 295.305603 29.56149101
460 229.3603058 -4.417473316
460 222.7622833 -5.536470413
460 268.9063721 44.13938141
460 286.630249 46.80731201
460 -55.64294815 -147.6096039
460 -105.6988297 -189.945282
460 -163.0682373 -194.4892578
460 332.9750366 40.40816879
460 275.9075928 23.18500328
460 208.0381775 -22.38856506
461 -39.48120499 -105.4368286
461 -20.65256691 -54.34179688
461 -66.57600403 -91.79528046
461 -48.95935822 -174.6195679
461 -20.39589119 -71.47479248
461 -102.0035248 -77.75653076
461 -28.44579315 -170.0413361
461 -7.695553303 3.343468428
461 -26.8707695 -221.8053284
461 8.084266663 63.99155045
461 17.32995605 26.05709457
461 46.56576157 130.3108978
461 8.530567169 127.7799454
461 121.5981064 141.8331909
461 21.51501083 155.2098694
461 127.9395218 150.9747314
461 9.517365456 167.7707062
462 -5.56248045 -11.48793316
462 -25.36915016 34.06461716
462 14.1330986 -17.21975136
462 -34.8682251 57.46589661
462 51.66674423 -62.82281113
463 123.2089691 61.71203613
463 183.3450928 60.34260178
463 101.066452 66.18662262
463 77.83157349 81.68781281
463 43.01829147 80.50098419
463 85.43617249 59.6746254
463 63.28581619 81.58818817
463 103.1335144 38.02616501
463 104.0924301 85.07004547
463 80.5065918 75.95178986
463 168.6075134 105.8019943
463 85.17533112 72.09470367
463 88.61611176 46.61050797
463 203.7241364 113.6136551
463 108.2356491 86.74693298
463 113.8456955 95.85340118
463 106.8014069 92.38070679
463 8.110948563 -48.8710289
463 84.48636627 37.58955002
463 121.167572 97.58076477
463 105.7871246 119.8333435
463 135.1541901 108.8556366
463 -59.99385071 -131.4728699
463 61.59696198 9.368131638
463 122.841217 165.7580109
463 104.3199005 94.38104248
463 124.4109268 129.1289673
463 -117.0312653 -170.5648956
463 -93.46790314 -107.999115
463 153.4810486 176.4924927
463 81.76406097 180.7074127
463 98.61824036 127.1608734
463 -156.8471222 -156.8145294
463 -134.4364319 -199.0047607
463 -123.0869598 -136.4386444
463 -137.6483459 -112.6064453
463 231.4845581 226.7994995
463 78.55294037 100.5038223
463 7.528407574 195.9549255
463 -178.8191986 -144.9197693
463 -130.2753754 -151.6152039
463 -114.0827484 -139.8662567
463 235.1459198 231.9066467
463 247.3500214 279.5594788
463 53.86427307 56.9407196
463 -47.10772324 213.7839355
463 -18.09161377 196.6525574
463 -168.8818817 -120.0908737
463 -234.6594086 -120.7162628
463 -149.962265 -125.6620331
463 -162.781662 -137.7701263
463 -143.249649 -207.818573
463 -111.3388214 -144.6186676
463 -96.35211182 -101.1312332
463 265.79422 239.5118103
463 270.4771423 307.2446289
463 60.40575027 -2.177960396
463 -43.59733582 -19.0719223
463 -280.9049988 -87.50614929
463 -117.116333 -133.3334045
463 -226.6280365 -152.2440186
463 -142.955719 -152.175293
463 -101.2132416 -92.26695251
463 292.8446655 242.7645721
463 280.7860413 314.6876221
463 274.0964966 304.290741
463 92.39499664 -11.82054806
463 32.49065399 -22.83039093
463 -40.68940735 -84.59764862
463 -283.5367126 -57.0941658
463 -78.73049927 -119.2009048
463 -138.9813232 -201.7689514
463 -281.1864014 -132.0354004
463 -267.6543884 -150.8884735
463 -60.27150726 -149.8238678
463 -157.8778839 -265.396759
463 -288.0769348 -134.9795685
463 23.00583076 -144.1934814
463 -183.8786011 -292.5211487
463 -168.9439392 -277.4648743
463 -247.5331726 -319.9267273
464 -165.1495819 -21.51891136
464 -143.0761719 -21.50025177
464 -93.86554718 -26.06832314
464 -78.37094116 -29.70044136
464 -49.63798523 -12.95471668
464 -58.67299652 -14.37448311
464 -62.54306793 -31.86820221
464 -34.93869781 -15.07266998
464 -37.78921127 -10.78556347
464 -68.71092224 -15.50368881
464 17.41842651 4.094758511
464 -60.14312744 -10.83685589
464 -74.2128067 -38.5599556
464 -52.1660347 -59.17986298
464 -37.28529739 -28.93287659
464 31.33688545 7.124167442
464 -34.08107376 -16.11247635
464 40.46526337 -23.44308853
464 -109.5184708 -22.83913612
464 56.38859558 14.35687351
464 2.19976759 27.25729561
464 28.75986481 2.370195866
464 -76.36850739 -26.29347038
464 8.225541115 -56.33922577
464 68.12766266 33.30849838
464 36.11376572 -58.44383621
464 26.22965622 -47.22739029
464 124.8407898 13.85172749
464 -126.9384995 -34.97607803
464 116.608551 -8.867770195
464 73.98835754 25.10349274
464 -19.82990646 43.03788757
464 12.4360199 -18.09993935
464 69.21543884 -4.489135265
464 112.2571182 52.43725967
464 88.98711395 19.87758827
464 63.3199501 -99.77148438
464 135.3826141 63.10181427
464 83.30082703 -0.5031683445
464 -226.4664154 -33.39313889
464 -66.40976715 102.7299728
464 89.57196045 -27.35245895
464 100.9717102 3.182845831
464 193.0729523 87.50226593
464 79.00611877 -148.4058685
464 114.1897354 71.19888306
464 7.64770031 31.1620121
464 -123.0253983 133.7206421
464 92.02392578 -6.156654358
464 143.7563782 -48.14082718
464 93.44915009 -8.789958
464 103.6002655 -169.6237793
464 0.008170055225 45.34392548
464 -149.6474457 137.5294037
464 -136.7857971 154.9644623
464 180.3845215 -70.5462265
464 94.37337494 -3.954627752
464 114.1213455 -185.8386078
464 114.6872025 -163.9315491
464 -168.9002991 155.7361298
464 -132.2037506 105.5636673
464 -129.2915649 170.2730713
464 -200.4374084 115.5678482
465 31.89238358 -48.65669632
465 95.82530975 -8.194417953
465 0.4659333825 -116.1046829
465 48.16612625 -69.70160675
465 20.99874306 -28.90111923
465 31.22652054 -44.30317307
465 113.4668732 32.5258255
465 60.56110001 1.301243186
465 18.38708115 0.3006785214
465 23.66229248 -46.24982452
465 119.3917084 54.88829041
465 85.9897995 41.04578781
465 211.0090179 25.79096413
465 71.12598419 17.59791565
465 31.84161186 -1.49247098
465 -26.94680214 -26.84226227
465 30.52264977 -44.18667984
465 64.23477173 47.51127625
465 100.4658661 23.49707222
465 96.38153076 32.39404678
465 90.62193298 89.06460571
465 219.2086945 29.39849472
465 51.9922142 2.46882844
465 92.32871246 46.72611618
465 -8.088136673 -27.8105011
465 -111.0399551 -68.78004456
465 -67.51155853 -50.18340302
465 57.69422531 77.29524231
465 1.791041136 -37.12467957
465 74.52262878 109.688942
465 124.2659912 97.4504776
465 -240.303833 -125.327919
465 -45.5306015 -60.96144104
465 -189.4660034 -124.2847977
465 21.73734283 121.4931335
465 -29.23577309 -55.43501282
465 61.67465591 89.06185913
465 132.4595337 169.500061
465 255.2381744 159.7975922
465 -287.5899353 -139.552536
465 -263.2705688 -167.5531921
465 -4.102834702 -49.21702194
465 -113.391983 -86.68759155
465 -269.6701965 -143.0321808
465 -181.2808075 -127.8375702
465 -2.771413326 151.6986694
465 -54.56568146 -83.02000427
465 31.47412109 89.4373703
465 241.760376 218.2588348
465 92.41627502 190.8752441
465 422.6404724 239.5045166
465 -325.4408264 -146.158493
465 -324.5639648 -166.3773804
465 -324.5777283 -193.8059082
465 3.566538095 -29.07626534
465 -43.66531754 -75.35281372
465 -24.17643166 -61.21451569
465 231.3789825 194.2549591
465 316.893158 218.7325592
465 231.3310242 213.565506
465 69.81185913 197.4459839
465 531.9870605 345.5968018
465 -357.0961914 -156.5254517
465 -411.0327148 -218.0053558
465 -373.8143616 -213.030838
465 24.90639496 -16.50192642
465 -33.69354248 -122.7088089
465 -80.89237976 -89.4748764
465 -32.65233231 -68.80308533
465 -17.77131271 -73.97348785
465 222.9444427 198.9059601
465 326.8563232 229.8271637
465 317.0614014 232.2853394
465 22.94955826 221.4187469
465 60.4914093 268.1802368
465 -385.6383667 -210.322876
465 -402.0935974 -237.6522675
465 -414.8765259 -230.9372101
465 52.00606918 12.47790813
465 -18.94091415 -126.9359283
465 -80.28094482 -142.9816284
465 -93.652565 -129.9845428
466 75.63193512 159.9720612
466 160.7031708 140.9654083
466 71.89879608 176.826004
466 149.6621704 128.7096558
466 140.3880157 140.6339264
466 43.39036179 215.6043396
466 190.6918793 102.1954346
466 142.4842682 91.49945068
466 185.0688934 93.7719574
466 141.2136536 129.34552
466 37.73524094 230.6430511
466 280.1752014 117.3829193
466 203.3103485 172.8364868
466 223.0129242 17.43040848
466 134.1189423 103.1903687
466 204.4738617 81.71599579
466 108.2868805 -18.09033585
466 124.5740509 122.1969528
466 247.8745422 35.08564377
466 222.3315277 -67.28977966
466 111.4788971 99.03123474
466 119.5921402 116.8550568
466 222.2092743 62.37786484
466 91.48503876 -41.81095123
466 57.4865799 -94.97453308
466 164.5111542 -130.4378815
466 238.4650116 -54.43041229
466 183.4614258 -67.42491913
466 45.6697998 -110.7823868
466 0.7391204238 -138.5849304
466 -48.22465897 -151.7292786
466 140.3463745 -96.3926239
466 163.9936371 -170.2102356
466 339.8545837 -34.82763672
466 -12.25372028 -129.3694305
466 -76.51193237 -144.0046539
466 -15.32442379 -172.8406219
466 -4.595365047 -117.1158829
466 -13.44200134 -98.34858704
466 24.7359581 -115.4060898
466 -0.09711505473 -121.4067917
466 -109.1375351 -83.50917816
466 -55.87129211 -168.1369019
466 -163.6040802 -177.7211609
466 18.4017086 -178.8249969
466 -32.22068405 -67.49731445
466 -47.49819946 -105.8940735
466 -141.3512726 -45.86632538
466 -174.5872345 -190.7093811
466 30.02362061 -184.3320312
466 -14.61922359 -60.60468292
466 -85.0246582 -60.43315887
466 17.04931831 -20.54739571
466 -187.293808 -29.73133659
466 -215.0925903 -55.16632843
466 -100.6516724 -43.34642792
466 112.19487 33.37080765
466 -23.89972305 -54.62276459
466 -224.7645569 -81.39993286
466 -238.7623901 -6.417937279
466 -213.3787842 -75.99537659
466 98.92009735 70.92564392
466 77.51239777 9.224756241
466 -1.699096441 -64.75405884
466 -243.5503845 -81.16067505
466 -190.0984039 24.94080925
466 -277.7519836 4.940389633
466 -230.3804779 14.35271454
466 -202.1794281 -86.02784729
466 165.7066193 153.7901001
466 22.29792023 28.34701538
466 94.32407379 16.28164673
466 -24.38697815 -107.835495
466 -250.4627228 -93.11004639
466 219.86409 196.7609863
466 134.8921814 167.0295105
466 154.2814331 172.2627411
466 -9.976553917 18.46430016
466 163.4830475 218.1178436
466 -125.8106766 75.62612915
466 -155.6320648 65.12412262
466 -160.5442963 73.7093811
466 -131.0350342 96.17678833
466 -186.3119049 61.3699379
466 -308.9022522 27.87262726
466 -338.5758972 17.51106262
466 -266.8688049 44.42093277
466 -442.9826965 -31.07128334
466 -299.0864868 39.47155762
466 -255.5639648 61.83265686
467 179.8712463 28.51678085
467 175.5687866 35.21157074
467 84.50791931 -13.00217342
467 212.4561768 21.64952087
467 33.81756973 -57.15711212
467 71.65039825 -10.47703171
467 208.3101654 41.31899261
467 32.36151505 -79.9422226
467 86.09799957 -2.619190454
467 68.445961 -14.07067871
467 51.50312805 -60.1127243
467 -25.79311943 -114.692276
467 108.168396 3.017832994
467 25.01373672 -64.19033813
467 -58.57213593 -102.2289734
467 -106.4022369 -133.9916534
467 -0.36821872 -126.5590668
467 18.60622025 -54.88899994
467 15.09620285 -74.79443359
467 -46.0174942 -96.7329483
467 -79.87046051 -100.3589249
467 -167.1160126 -169.1649628
467 -140.4326324 -152.7979431
467 -15.46866512 -135.1296082
467 27.31300163 -47.07894897
467 -3.070596933 -97.17524719
467 -80.7401886 -115.4817886
467 -72.17116547 -130.0761871
467 -83.94562531 -63.46681976
467 -97.64959717 -115.5861282
467 -161.2994537 -222.3590393
467 -171.5667725 -141.1800842
467 -132.6183624 -118.7087708
467 -75.31015015 -58.27061844
467 -93.56784821 -114.6457748
467 -52.39105606 -57.0494957
467 -92.37844849 -110.756958
467 -111.6879501 -94.22372437
467 -201.9020538 -257.2182922
467 -215.1826172 -146.7738037
467 -105.5657806 -87.00566864
467 -63.13908386 -2.273848057
467 -56.21688843 -82.5545578
467 71.69877625 37.5622406
467 -137.0797272 -163.2265015
467 64.85153961 49.60145569
467 56.79034805 34.7636795
467 -161.6656036 -178.2664948
467 -10.83993721 110.3520508
467 93.06086731 3.518958569
467 -65.35702515 157.8865509
467 17.61797523 137.0277557
467 106.0335159 -7.10395956
467 70.40608215 3.194963455
467 -105.3014908 145.8791656
467 -78.67034912 145.5994873
467 -17.40258598 153.5574341
467 -55.80660629 128.8904419
467 8.994678497 162.4905548
467 82.4212265 160.1041718
467 93.75497437 -12.46707344
467 59.75876999 23.08513832
467 23.35508728 148.5119171
467 -86.93141174 130.2138214
467 43.26979065 206.7181854
467 37.71047974 130.9110107
467 169.6289673 218.3301697
467 -37.25844574 110.0369797
467 5.763158321 13.80424976
467 -0.9563032985 183.4171448
467 11.36566162 119.2027283
467 215.3527069 224.7058411
467 190.1849365 219.5966034
467 -57.26186752 202.4487915
467 263.5517273 252.752182
467 240.6173706 241.9827423
468 135.3180237 12.29571724
468 98.53863525 36.0391922
468 150.9755096 -14.40367794
468 -53.31361389 11.87558079
468 -90.5137558 -23.30587387
468 -73.92531586 15.11914539
468 -31.22154999 16.34941292
468 -135.8578644 -53.96950531
469 207.4236298 78.68727875
469 165.4002533 53.9598465
469 171.9402771 70.03076935
469 215.2770996 52.30977631
469 107.0868835 18.89423561
469 245.2227478 73.01472473
469 67.6452713 -26.10473442
469 274.4206238 80.0581131
469 130.5655975 -7.271390438
469 -8.606491089 -33.19345856
469 275.5613403 80.27855682
469 308.1546326 64.96246338
469 212.9402313 -10.23694038
469 -39.44137192 -44.13695526
469 228.006546 109.2665634
469 326.4768677 75.21559906
469 265.7160339 28.29899025
469 286.8580322 -42.14752579
469 -95.64622498 -92.42008209
469 172.521759 94.53034973
469 246.4445953 136.7683563
469 351.0796814 90.69513702
469 307.5065918 42.99310303
469 354.5200195 -46.96735764
469 -148.6603241 -132.47435
469 -110.8156433 -84.13277435
469 104.3906403 74.46107483
469 168.7566376 152.1785736
469 214.1717224 121.701683
469 266.5637512 131.2859802
469 -123.1808472 -80.12542725
469 45.35906601 48.62718582
469 166.9312439 111.1721649
469 127.7277908 139.5767822
469 148.3254242 112.7304611
469 318.3654175 155.319931
469 300.8219604 136.8679352
469 -147.6527252 -68.09609222
469 -17.12987137 -3.219110966
469 52.10201263 156.3381348
469 127.5409775 120.8079224
469 -185.3917389 -34.87703323
469 -19.46915817 -29.4652195
469 -99.91291046 -53.41141891
469 2.16024828 199.2974548
469 26.04125023 62.99269867
469 148.2987366 156.1840363
469 -41.43924713 -68.43325043
469 -223.1873169 -127.4417419
469 -75.16099548 192.7963409
469 -76.61000824 29.91472435
469 164.0907288 168.1998596
469 -127.9434204 -103.1588898
469 -337.9642639 -175.5487976
469 -41.06775284 169.9488525
469 -143.661972 -18.29829407
469 -161.3819733 -151.9058228
469 -163.7662048 -101.150383
469 -431.8743896 -207.8224945
469 7.654941082 164.1014709
469 -147.626297 -1.64344573
469 -151.7513275 -41.3191185
469 -186.1530457 12.27509117
469 -144.6071777 -180.0623322
469 -201.3664093 -133.9854889
469 -190.5971527 -85.49349976
469 -366.3198242 -181.3248596
469 -394.1895752 -187.9446869
469 -118.743309 8.523095131
469 -156.1384888 -85.53082275
469 -193.7693329 -65.32335663
469 -145.3106537 -79.60411072
469 -207.9194946 41.39369583
469 -224.3274689 -29.83102226
469 -161.493988 -218.4123993
469 -255.6407318 -125.9533005
469 -243.6317902 -137.6990356
469 -215.5144806 -150.9508667
469 -405.4177551 -186.4155273
469 -379.5878601 -183.1255035
470 -139.153595 -50.45400238
470 -47.35709381 -35.70025253
470 -95.79157257 -8.229329109
470 -13.03946686 -38.3228569
470 -39.75250626 -35.89677048
470 -85.67229462 -6.083657742
470 24.52154922 -34.56661606
470 -32.51596451 -19.25642586
470 -37.78922653 -58.1429863
470 -71.19714355 -28.71855545
470 4.875600338 -51.26515579
470 -139.0831451 -15.73904991
470 -85.04159546 -19.81393814
470 -97.75289917 0.8855575323
470 50.78850174 -49.15528107
470 -64.45259094 6.935116291
470 -89.85765076 -24.20079994
470 33.04629517 -71.93965912
470 40.6009903 -48.69289398
470 -128.6230164 -35.08567429
470 -53.56093216 -12.43745708
470 -84.1875 16.54423141
470 88.83374023 -71.49507141
470 43.69821548 -65.50709534
470 80.82659912 -75.74625397
470 42.86259079 -37.63753128
470 -80.47512054 -25.70170975
470 19.09776878 1.198758602
470 149.8200836 -94.61795807
470 44.81087112 -77.86894226
470 -66.58660889 -16.34201622
470 35.97224808 21.95812988
470 83.04360962 20.26662445
470 167.8318939 -103.9006577
470 44.60580826 -96.57142639
470 -22.29574966 -37.29202271
470 6.520867348 37.22834396
470 20.20102692 26.87174416
470 109.2173996 27.36602211
470 -65.38024902 -96.28662872
470 -62.56229019 -87.82113647
470 13.15370083 46.35520554
470 31.92936516 67.52326965
470 84.41435242 88.39394379
470 26.96943283 29.31194115
470 164.7512817 26.38591576
470 -40.76934052 -110.0079193
470 -91.96363831 -156.0864716
470 61.86552429 120.8498154
470 109.4869232 128.5916595
470 106.8350677 44.94290161
470 -113.4578323 -153.0177002
470 -126.4857712 -177.2678986
470 -93.28784943 -129.6702576
470 99.01080322 189.0538483
470 147.3202515 181.2354431
470 -128.1926117 -183.2868958
470 -161.3352051 -200.4257507
470 -110.7260284 -131.2556763
470 53.52591705 190.4627686
470 132.8635559 238.3193207
470 135.2723541 235.7530518
470 -116.7027817 -196.4153137
470 -227.1322021 -234.1823425
470 -92.52004242 -107.4186478
470 96.45864105 235.012619
470 51.14416122 230.4730225
470 104.2545242 240.4183655
470 137.7071381 311.8144836
470 100.2696915 247.8442841
470 156.2932129 297.5282288
471 62.72650528 157.0232697
471 110.4161682 158.5300293
471 -27.81311035 158.5867462
471 -89.19850159 129.1233368
471 -24.32465935 185.7507019
471 -149.7530975 135.0194702
471 15.15198421 243.0100708
471 -168.8596954 116.7629547
471 -184.0454254 124.3104019
471 -209.6567383 58.72842407
471 -154.9771423 154.0348206
471 -220.9964905 123.4980392
471 -208.2446899 89.50053406
471 -238.3742676 -9.237904549
471 -173.3385468 164.7239227
471 -224.447113 145.0438538
471 -238.7342529 -8.990193367
471 -188.6834412 -21.17315865
471 -59.65857697 -9.694330215
471 -263.0412598 -61.60502243
471 -29.23498535 -32.96437073
471 -55.81175613 -40.3516655
471 -48.47707367 -31.16682053
471 -20.56714821 -41.75527954
471 -42.46832275 -62.00111389
471 -100.6281662 -63.07510376
471 -28.63395691 -30.80511856
471 24.14670181 -40.36380768
471 -30.04391098 -73.93531799
471 -94.03488159 -47.45772934
471 -111.110733 -66.03132629
471 13.0181036 -25.29783249
471 102.1221771 -30.70845032
471 4.601721287 -67.06806946
471 78.4573288 -63.35165787
471 -113.7287598 -87.61882019
471 71.48815155 -16.59388542
471 109.1511917 -29.84817505
471 133.120285 -35.53716278
471 28.30744743 -60.11177444
471 36.95223999 -74.18229675
471 142.8374634 -18.99131584
471 -221.7381287 -101.2512817
471 123.4883957 -19.73682213
471 89.81578827 -4.911156654
471 93.10756683 -40.66992569
471 165.8394012 -34.01928329
471 147.1604462 -30.54937172
471 63.95642471 -49.25146866
471 61.15471649 -85.91188812
471 195.2770233 1.276370525
471 -270.5425415 -100.7383957
471 -231.2988434 -105.6604309
471 191.7241669 -16.8946476
471 126.1473694 10.81529999
471 204.6129303 -21.29907799
471 223.8510284 -16.37276649
471 136.5249176 -82.67817688
471 139.3676453 3.941771507
471 120.630394 25.17021942
471 252.2777252 -24.01568794
471 275.8460388 -1.313170552
471 144.393158 -72.93131256
471 85.5295105 -87.09893799
471 161.3690948 -17.62595558
471 141.4889221 -65.1493988
471 146.4062347 -56.85352707
472 251.1957245 148.7298889
472 239.0447998 163.1226196
472 200.3115082 151.4320831
472 230.8279114 158.7664337
472 254.1600037 159.1509857
472 108.3089447 105.9832993
472 206.1598663 127.1105576
472 352.3112488 151.7183838
472 95.14293671 116.659523
472 88.65739441 47.61743164
472 11.92088509 -9.180167198
472 -28.52168465 -13.39800549
472 -25.62524605 -17.38018227
472 -95.81031036 5.822179794
472 -23.32040977 13.94535065
472 9.916241646 -44.80696106
472 -62.34412766 -15.27796268
472 -97.49730682 -17.07061386
472 -146.723938 29.543993
472 -100.0343552 -2.679561377
472 -8.764854431 -76.67770386
472 39.36867905 -49.89144897
472 -96.80081177 -25.83340073
472 -149.4484863 -27.41313362
472 -174.1834106 27.34082031
472 -109.1393738 -94.21098328
472 9.337641716 -96.88392639
472 93.80049133 -66.42037964
472 -222.0218048 -50.05039215
472 -154.7077637 -139.0847321
472 -111.7719574 -156.6222839
472 -86.61407471 -202.9722443
472 -124.7787628 -128.472702
472 -164.666275 -109.9034882
472 -207.6896973 -62.71337128
473 116.763649 68.25667572
473 131.6422424 53.47507477
473 96.24791718 74.41490173
473 86.96150208 6.872143745
473 74.13851166 68.82217407
473 79.69850922 111.4335251
473 50.69796753 38.85004807
473 3.890411854 -31.18810272
473 133.7443085 94.84293365
473 82.94168854 94.05791473
473 -24.17218971 28.41457748
473 98.03507996 144.4788513
473 41.92540741 105.4820328
473 103.9082794 124.7710419
473 15.97972775 -18.45578575
473 -13.95172215 -49.97850037
473 -28.37478828 -25.45016098
473 125.8234024 -43.57577896
473 -4.471575737 -13.23922825
473 -100.1013336 13.33882332
473 -34.36079407 18.83844948
473 133.2321014 133.8891602
473 105.1842422 106.4915924
473 12.6164093 0.1702133715
473 18.38712502 -30.16372108
473 -65.6644516 -80.51867676
473 -37.0296936 -12.40147209
473 -34.62067413 -43.06134796
473 154.0448914 -70.97522736
473 92.7020874 -54.11462402
473 -29.28894234 -20.46784973
473 -136.492569 8.226140976
473 -117.8666153 6.982293129
473 46.21471786 23.78562737
473 -131.8563385 12.23720455
473 98.208992 38.74940491
473 -19.82415009 -17.81932068
473 -42.39887238 -113.9661407
473 -43.03626633 -17.67230797
473 111.0386658 -89.74384308
473 164.7308655 -66.27185822
473 158.5475616 -38.21649933
473 79.36860657 -58.70042419
473 -126.634758 2.715739489
473 -160.0022888 26.08215714
473 -81.15914917 1.021968842
473 -136.3260956 0.2463138998
473 -147.4223175 21.31959534
473 80.58061218 48.92741394
473 69.50372314 -4.041629314
473 -171.9077606 13.46824551
473 150.0296631 52.14903259
473 -13.94415092 -27.21244431
473 5.993914604 -154.8959503
473 -79.12068939 9.192695618
473 96.996315 -98.11922455
473 170.9732819 -72.65795135
473 177.437851 -15.37933159
473 94.16529846 -61.83270645
473 -148.2735291 17.37270737
473 -162.450531 3.035800934
473 -133.1335602 -21.176157
473 -130.3412933 -29.40375519
473 -34.12215424 62.73441696
473 -198.9753113 -35.7287941
473 -139.8811646 -69.7530365
473 -116.3838272 -12.79059505
473 -230.9075775 -38.38818741
473 -187.8590088 -97.78646088
474 -242.1120758 -55.17721176
474 -176.6990051 -48.22981644
474 -177.6095276 -34.41883469
474 -139.9313965 -53.90481949
474 -214.3860931 -55.43012238
474 -204.6972046 -49.2756424
474 -112.2215271 -30.2709198
474 -217.7308655 -90.29814911
474 -47.61138916 -9.01529026
474 -207.8184357 -111.2270737
474 -193.0402374 -49.78439331
474 -189.5905457 -42.34823608
474 -121.4552231 -46.58080673
474 -34.39840698 -2.873380661
474 -31.17892075 4.034704685
474 -247.0459137 -101.3158188
474 -228.2399139 -121.1242828
474 -162.6667938 -83.01961517
474 -144.1244507 -59.23186493
474 33.99982071 19.29038429
474 27.09134102 28.34932709
474 -137.3438263 -66.89263916
474 109.4621048 48.31778336
474 -17.00868797 -14.26293468
474 -17.83700752 -5.306640625
474 41.53043747 37.04981232
474 -88.18082428 -53.6229248
474 204.6842804 96.05793762
474 126.53936 37.09251785
474 -33.91707611 -49.26734924
474 -32.82636261 4.645769119
474 38.43772125 20.81638908
474 59.20883179 58.01807404
474 -60.95314789 -48.02088165
474 301.7062683 127.6449661
474 132.6276855 23.09665489
474 -25.06809616 -40.69617462
474 -30.1017952 -55.63843155
474 -80.282341 37.29141235
474 125.2160263 105.6358337
474 317.2101746 154.7697906
474 312.9368591 123.0768127
474 313.3625793 116.1404495
474 64.19165802 -6.296876431
474 -12.64638233 -45.26907349
474 -34.65779495 -53.73341751
474 -27.26263237 -83.8194809
474 201.3271637 162.8439026
474 338.2111511 125.5060196
474 316.4972534 118.5954666
474 39.24560165 -8.961357117
474 -51.05198288 -48.8406868
474 6.857940674 -34.34865189
474 -18.43112373 -84.7742157
474 -30.40977097 -94.73802185
474 -33.9066124 -89.09841919
474 206.250824 184.1705017
474 306.7324829 217.9692535
474 196.7396698 180.6685028
474 53.58853912 -30.32072639
474 41.91547775 -24.0904274
474 -91.12747192 -49.55649185
475 -143.2905579 -118.7011871
475 -116.0488968 -139.9249115
475 -129.1882324 -138.6815186
475 -31.27538681 -82.96356964
475 -157.2044525 -143.5753326
475 -214.191925 -135.8503876
475 -139.2461548 -179.7658386
475 -202.0203094 -153.0391541
475 -182.2812042 -112.7388992
475 -209.3323059 -179.6643372
475 -183.2043915 -101.6763611
475 -83.58778381 -225.7885284
475 -69.21951294 -149.3529663
475 -169.0736389 -125.2057571
475 -171.8463898 -106.7591019
475 -140.9524231 -29.19697952
475 -17.9652462 -92.03726959
475 -76.06221008 18.63307762
475 11.01010609 -116.366684
475 42.30443954 -51.90516663
475 -59.09702682 63.46561432
475 5.119634151 -112.4794617
475 78.36610413 -3.279119015
475 -42.60427475 118.3342056
475 64.6288681 -84.222229
475 -46.25310898 -134.7300262
475 52.59666443 -14.5718441
475 75.90742493 63.93241501
475 12.15949821 88.4875946
475 -5.131477356 142.7783356
475 -51.72228241 156.4133301
475 -121.342308 -184.0516357
475 54.7468605 -38.60290146
475 -65.64203644 -81.98101807
475 57.97472382 104.4473648
475 -13.74075508 1.742686868
475 28.57751656 157.9771271
475 22.66847038 167.2816772
475 -184.1277924 -180.2746887
475 53.36669159 -58.50683975
475 106.6629944 -43.50587845
475 -138.293869 -107.6838455
475 138.852066 134.4638367
475 71.66526794 136.7996674
475 112.7978287 151.9435425
475 -32.65224838 -35.61358261
475 69.25782776 162.4612885
475 -99.06790924 -124.1287613
475 -297.3838196 -204.0336761
475 -342.7906799 -258.697876
475 54.95855713 -63.64621735
475 -172.324707 -144.2365417
475 160.838623 138.5330811
475 122.2861099 146.0851593
475 89.64831543 171.7757568
475 136.2942657 157.5067139
475 -45.06150818 -79.07676697
475 -26.74433136 -54.84054947
475 258.4931335 168.4774323
475 150.179718 172.786911
475 123.8025894 135.6793365
475 142.1101532 213.7568665
475 -82.01815796 -85.40950012
475 346.1287842 212.7813721
475 192.0666656 183.8431549
475 180.6404419 177.4018707
475 204.4673615 206.5698395
475 84.62926483 129.1115112
475 -82.4730072 -110.27668
475 387.9857483 245.6850128
475 231.2390137 197.3559113
475 420.0298767 260.5321045
476 201.5396118 220.4537201
476 191.9685364 183.1609497
476 267.6743469 199.5746765
476 192.3860016 126.4273682
476 144.9829254 55.34044647
476 168.2192841 4.212033749
476 116.2791977 95.96407318
476 58.93409729 -0.6022404432
476 201.3229065 8.103161812
476 169.5093994 -37.1689415
476 165.5101013 -56.31827927
476 144.2298889 135.8692474
476 104.2132187 107.4887772
476 63.31671524 77.66394043
476 121.9973755 -143.0415802
476 65.09188843 74.88650513
476 120.8069382 -194.8843689
476 -35.69901276 44.32731628
476 108.3410416 89.96686554
476 88.29805756 -206.4876862
476 115.5633163 -214.1651764
476 -93.34960938 27.25534058
476 163.6748199 128.2483978
476 103.5885925 -238.7756805
476 -96.8961792 14.34537506
476 -102.3271332 6.062325954
476 -154.277832 -2.205464125
476 -106.3554077 11.42137814
476 -178.5605011 -20.93714905
476 -86.82348633 23.03429031
476 -205.8179932 -28.88100433
476 -74.94991302 34.38248062
476 -201.8118134 -40.58415604
476 -72.64357758 48.38167191
476 -190.4694977 -54.91886139
476 -43.71709061 91.52497864
476 -221.7316895 -67.08808136
476 -115.0632858 60.38694
476 -86.5117569 93.36901093
476 44.62503433 109.5586624
476 -259.2392883 -90.37205505
476 -145.6259003 49.05886459
476 -77.41628265 57.02461624
476 -108.8907776 135.5935211
476 78.35440826 65.87955475
476 91.38041687 126.8256149
476 -262.2621765 -137.2248383
476 -187.4736938 34.52743149
476 -94.86543274 51.0575943
476 -127.720108 148.4999695
476 115.4390335 33.79864502
476 -265.2379456 -161.4031067
476 -287.7104187 -156.4229431
476 -204.8072815 23.59791183
476 -94.08411407 41.07924271
476 94.00248718 -9.757897377
476 69.79023743 -43.35372162
476 41.37334442 -33.19400787
476 48.08035278 -65.86565399
476 -9.287261963 -49.04607391
476 46.09213638 -95.90486145
476 51.79953766 -48.52066422
476 -22.32153893 -35.32920074
476 10.1604166 -51.04197693
476 6.583884716 -59.90998459
476 63.59528351 -144.4858856
476 60.34759903 -41.65177155
476 -29.24085045 -38.61740112
476 45.23532867 -56.67787933
476 2.297420979 -59.30912399
476 -54.23080826 -50.17974091
476 38.48952484 -24.74012756
476 -46.3534317 -50.58188248
476 80.06913757 20.39782906
476 -1.104468584 -68.53803253
476 -49.0536499 -48.44610214
476 133.0371552 5.718988419
476 150.7747345 8.587078094
476 44.95573425 53.57707977
477 86.6877594 -35.1790123
477 117.0579834 -50.20802307
477 42.19113922 -38.47149277
477 58.02511978 -35.22887802
477 88.74306488 -63.27275848
477 -3.809453726 -4.739039898
477 73.07944489 -50.62272263
477 54.26115799 -93.07529449
477 -13.50607586 23.79294586
477 -16.62769699 -12.36538029
477 98.90168762 -19.18626595
477 112.7187729 -24.60673904
477 49.12208939 10.86425209
477 49.10980225 -19.59160995
477 1.732481599 53.44741821
477 -91.92139435 -7.258306503
477 25.66571236 -8.214105606
477 73.84104156 -49.99862671
477 129.6726074 -31.37046051
477 118.9850693 -2.683848858
477 155.1827087 -29.68895912
477 29.32339859 71.05822754
477 15.55509853 68.91448212
477 -41.71764755 66.51786041
477 -155.4729462 -4.931602955
477 -31.71290398 17.55091476
477 176.7615051 -41.29118729
477 169.4571533 -29.40345764
477 86.92770386 49.8261795
477 174.9550934 -44.17146301
477 -31.61358261 117.3357086
477 73.39583588 68.30006409
477 -51.19834518 68.91309357
477 -184.8597412 -13.51463032
477 -212.1898193 -32.9969635
477 177.9930878 -46.45046616
477 153.3373566 -59.69749069
477 161.22612 -22.29248428
477 228.8585663 -69.82205963
477 66.17724609 45.81807709
477 89.85397339 71.76690674
477 186.7547607 67.24784088
477 176.817276 -57.56362152
477 63.03582382 113.9994888
477 -177.4099274 65.08699036
477 -206.0232849 -19.59957123
477 -247.679306 -2.90618372
477 -205.5070343 -20.44228745
477 -216.0701904 -39.17301178
477 174.5135803 -34.56422043
477 73.1427536 75.46248627
477 236.3796844 63.74448776
477 -251.745224 73.72366333
477 -196.7024994 25.5421257
477 -199.0884705 61.22669983
477 -209.3094788 69.18414307
477 -173.3773193 -2.738209248
477 -249.2009125 -80.85158539
477 -224.3814697 -51.41227341
477 169.1120148 -36.96033478
477 -189.0247955 1.646977544
477 -231.813446 -64.2726593
477 -206.5927124 -0.1542411745
478 172.5983582 -9.96711731
478 147.7476654 -11.81648254
478 125.5520935 -2.296832085
478 67.90236664 0.1002517194
478 90.95854187 -1.730411172
478 110.4717178 11.42472076
478 37.09682465 19.07446289
478 31.42284203 -10.57538223
478 41.13288879 11.10175133
478 162.0761566 25.68391418
478 120.4589615 -15.86881447
478 136.4115143 -7.644510269
478 -27.21196556 31.79782677
478 22.69256401 42.28253174
478 11.43552208 -28.91666412
478 0.5477440357 8.428696632
478 124.2000198 38.72294617
478 144.746048 37.84551239
478 176.8773804 -52.6812706
478 108.8341827 4.059792042
478 -19.79882431 27.27262688
478 -12.98572922 37.42794037
478 -75.67513275 37.51872635
478 -4.537552357 -53.1200943
478 -41.73321152 -48.01398087
478 -13.37647724 -15.16339493
478 -65.33756256 24.33644867
478 -36.15059662 33.72477722
478 89.61373138 51.32688141
478 104.1186981 40.55550766
478 -57.96204376 10.88335419
478 9.273501396 40.50154495
478 -2.491707563 85.13943481
478 -21.86599731 -62.03527069
478 -54.20960236 -34.4294548
478 -127.4247589 8.619169235
478 -39.26724243 -34.70013046
478 15.61040783 69.66827393
478 21.20663834 42.14808273
478 -89.46196747 16.20860672
478 -115.5160294 -7.255820751
478 -51.66312027 1.793934345
478 -15.2496891 12.95567226
478 9.785085678 58.80251312
478 -0.02723278478 -55.72526169
478 -57.53118515 -14.85693359
478 -43.96214294 -22.26124763
478 -159.6334534 33.31595612
478 -181.3258209 26.43225479
478 -5.620314598 -83.9529953
478 30.32226753 49.93094254
478 -8.209369659 -13.18881321
478 -84.57972717 4.698428154
478 -56.07705307 -15.45242596
478 -85.84500885 -30.61622238
478 48.96583557 62.02065277
478 24.26678276 87.65791321
478 -14.18017578 -87.57537079
478 41.71589661 13.68710804
478 -0.6868028045 23.91726303
478 47.52347183 65.15853119
478 -4.688729763 -22.20130348
478 -32.81866455 18.58999443
478 1.565249681 55.82852173
478 -51.25490189 -68.40825653
478 -95.44979095 -6.897596836
478 -66.13523865 -46.47146606
478 -117.4464874 -50.37582016
478 142.9884644 107.7942276
478 -42.68217087 -90.95285797
478 60.366745 11.89717102
478 15.52618122 5.545063972
478 -38.38468552 -105.2697678
478 -117.0188446 -2.352832556
478 -74.30979156 -84.54433441
478 -150.4618225 -56.81150818
478 14.81495762 51.29901123
478 -34.67494202 -98.16142273
478 -115.9040604 -94.88679504
479 -157.8230896 -4.85461092
479 -128.6930542 -10.1651783
479 -123.9611969 8.00785923
479 -136.1345978 -48.50737381
479 -85.79597473 32.07019424
479 -83.99136353 -45.31357193
479 -190.3988342 -74.66387939
479 -139.0010681 30.45223236
479 -10.99548626 40.35354996
479 39.62347031 -14.04813385
479 -200.9949188 -4.994057655
479 -209.4911652 -163.2381897
479 17.0837326 55.71035767
479 79.51934814 19.66595268
479 -6.441281319 78.47325897
479 55.81852341 -13.30811024
479 -184.6184692 14.19188499
479 -246.9579773 -177.1829071
479 -225.6010742 -176.5252075
479 -248.2136688 -206.5373383
479 17.58538055 76.63785553
479 118.001503 15.80572796
479 159.7274017 14.6092577
479 19.6318264 78.1529007
479 -4.205203533 116.098465
479 107.0118866 9.681406975
479 -183.2336273 1.083975434
479 -283.243927 -218.0207825
479 -299.9027405 -214.5712433
479 -268.9560242 -204.7911682
479 -219.4795837 -222.2235718
479 -326.5132446 -259.3787842
479 49.09835815 95.70828247
479 67.56908417 21.25256538
479 83.70883942 23.25238037
479 126.2801819 15.49462509
479 165.4511108 19.26593971
479 218.3592834 37.85680389
479 35.17559433 79.21238708
479 60.83449173 18.64699745
479 165.429718 19.18685341
479 52.87327576 105.9272614
479 63.59186554 13.91039562
479 50.61765671 28.26816559
479 47.83710098 20.94900131
479 118.9455643 5.068412304
479 112.3328247 22.94971085
479 299.906311 74.82879639
479 38.28604507 44.08538055
479 9.817227364 6.190162182
479 203.1189728 42.12194443
479 82.55370331 117.4060059
479 17.51344681 12.88763523
479 17.4767189 28.43984985
479 109.5667725 -6.143920422
479 128.1277313 28.63373947
479 48.88419342 51.98706055
479 -8.086180687 32.93293762
479 47.36574173 22.49110985
479 86.13446808 54.84754944
479 -0.356184423 25.23157883
479 -11.59085941 -13.98223782
479 133.6650543 135.9549866
479 117.3308716 10.12010193
479 121.7290878 30.94748116
479 167.3510895 27.4731884
479 10.0893898 28.63806534
479 -40.68650436 40.85799026
479 20.89568901 -2.013892174
479 162.8775482 78.91596222
479 45.0388031 37.54447556
479 125.5303421 29.98297882
480 149.9285889 -7.298763752
480 146.2423401 2.992741585
480 158.7543945 -15.67349625
480 168.8755493 30.05447197
480 59.2177887 6.576930046
480 79.27104187 17.37237549
480 81.62303162 54.93981934
480 15.42087746 -0.6266964078
480 31.41916847 7.306704044
480 26.135952 3.081298113
480 119.5665131 75.16532135
480 69.49349213 22.01149178
480 -120.2937851 -65.33837891
480 -26.47861862 18.92240715
480 -31.47842598 -18.25110817
480 165.2885132 109.7564774
480 129.3337555 62.01852036
480 -134.0910034 -39.22323608
480 -213.1833801 -148.4120941
480 35.50434113 68.2613678
480 -117.2485275 6.680447578
480 -19.71904373 29.43419075
480 -53.0840416 -30.3514576
480 -58.56771088 -27.7265377
480 219.9154968 170.4865265
480 173.1642151 94.81993866
480 -166.6212921 -33.73972702
480 -265.2221375 -172.6688538
480 -222.8581848 -165.3769684
480 102.6616135 134.8285828
480 -119.7408142 -9.281760216
480 -158.3049316 -32.50345993
480 -46.7026329 34.9036026
480 -63.14714813 -58.06027603
480 277.073761 197.6981049
480 265.6859131 198.3469849
480 166.5070038 121.548996
480 236.2758484 97.81759644
480 153.9920044 119.898201
480 -195.2637634 -6.627803802
480 -194.0696564 -143.2480469
480 -188.3102112 -167.3227386
480 108.8025131 171.2334747
480 130.1934509 159.4950714
480 -116.87854 -7.963736534
480 -194.3251495 -94.29582977
480 -87.39380646 -105.246109
480 132.5826874 145.392807
480 304.5448303 193.2810211
480 300.1404724 198.9802856
480 277.8029175 113.1933136
480 -204.4461365 10.88771629
480 -200.8341522 -172.5146027
480 -181.6519012 -161.2728577
480 -192.171463 -168.1849365
480 -124.7289734 -131.1159668
480 -149.6501465 -155.6638641
480 104.992981 192.0777588
480 93.79998779 170.068634
480 143.1374054 188.9916382
480 165.3153229 152.2203979
480 -115.8218384 -2.54521513
480 -211.5275574 -91.88024902
480 -61.58955383 -162.1300201
480 140.0164948 189.5498962
480 340.1907349 207.9669952
480 340.9402771 215.0120544
480 312.6592712 94.46993256
480 292.3800354 95.44286346
480 264.6687317 95.87342072
480 -256.3809204 14.26479626
480 -226.4844971 -209.8179626
480 -208.2774811 -157.4088287
480 -180.3868713 -188.6629791
480 -211.0840454 -192.5402069
480 -141.7966003 -116.6218414
480 -204.3977509 -276.2917786
480 -248.8588867 -121.5474854
480 -193.4508514 -208.8147125
480 -198.8149261 -210.8603363
480 -178.1821136 -216.2141113
481 84.8690033 -14.51411629
481 85.47888184 33.55406189
481 84.81593323 -68.87822723
481 48.18674088 79.01450348
481 99.50272369 -88.0622406
481 -2.612605095 92.58349609
481 76.08725739 109.1139755
481 118.3941879 -99.54302979
481 101.5958862 -100.0425491
481 86.1652298 -98.24224091
481 91.73311615 100.1426773
481 57.4803772 147.4982147
481 115.7299347 -90.24337769
481 9.562600136 -130.7017975
481 102.0997772 -66.81733704
481 106.2639084 -100.8395844
481 122.7296143 81.10797882
481 35.12997055 180.4815521
481 111.966095 -98.9914093
481 -69.12036896 -145.9902649
481 127.4689255 -44.07234573
481 114.6024933 -100.3313217
481 123.3823471 -102.7837219
481 143.5330811 62.43945694
481 12.40815353 195.2777863
481 -117.2328339 -175.1407013
481 100.8909912 6.697659492
481 2.66169858 173.9161987
481 -124.6309204 -188.5517426
481 -108.6094742 -194.8248596
481 40.2906456 -14.90384483
481 144.2427521 51.32556534
481 -2.416065931 189.197937
481 21.1941185 153.7471008
481 -26.06241608 196.7795105
481 -181.0709991 -184.4903107
481 -114.7123413 -191.173584
481 -100.8397751 -190.3678131
481 180.3892975 81.91475677
481 -57.0598526 174.4245453
481 11.37722206 159.0526123
481 107.8884125 156.2701111
481 -208.0391693 -169.0996704
481 -134.8628082 -188.7046661
481 125.2738113 83.99408722
481 165.5388336 131.6681061
481 -85.53716278 170.1333771
481 144.2460327 139.3500977
481 -185.6609497 -166.7647247
481 -91.86597443 125.2529449
481 -189.7688751 -152.6209869
481 -122.5206223 72.39694977
481 -148.3994904 22.41062546
481 -69.04512024 10.07829285
481 -158.2692566 14.9883337
481 -165.3388214 16.3232708
481 -42.55810547 17.38575935
481 -82.70207214 26.87472916
481 -49.55456543 -15.40985012
481 -165.5133972 4.590744972
481 -43.23577118 -7.592041016
481 -30.89155197 8.819783211
481 -50.31523132 -59.29437637
481 -54.27776718 17.63384438
481 -25.67089081 31.57081032
481 -23.15732956 18.34543991
481 -26.8366394 -100.3613281
481 -44.79073334 12.99616909
482 162.4218903 12.25848389
482 108.1425018 -23.47588348
482 119.6693878 -21.95767212
482 68.3065567 -41.7427063
482 111.9431992 -22.0073967
482 56.26928711 -25.9972477
482 44.2323761 -122.7736359
482 154.9828796 -22.13408852
482 40.11367416 -12.09755039
482 8.018279076 -166.6837463
482 97.25467682 -51.01737595
482 217.085434 2.909351587
482 40.12300873 -15.5606575
482 -1.680702448 -218.2297668
482 226.4574585 -16.63525391
482 47.03710938 -32.31624985
482 37.97903442 15.09942245
482 -31.36466789 -234.600174
482 0.5007332563 -233.4713745
482 33.58288574 -33.94829941
482 24.56471825 40.3698349
482 77.84579468 8.912664413
482 -65.55091858 -218.93013
482 -14.29971027 -249.7203369
482 39.98622894 -207.2787628
482 87.42870331 -168.3538971
482 14.93462944 -43.73797226
482 50.91511536 72.28824615
482 107.1959763 4.680064678
482 -8.775408745 -276.8410645
482 87.02256012 -190.9197998
482 153.3458252 -120.3805847
482 37.05299759 78.50002289
482 150.7757416 2.691751957
482 109.9984894 7.815200806
482 99.10140991 22.37933731
482 19.42981339 -283.8677673
482 92.15895844 -194.1237183
482 156.4481659 -117.6270523
482 170.114563 -58.20402527
482 51.94796371 109.6481247
482 -20.82445908 58.02394485
482 189.2843933 39.19729233
482 76.07848358 132.8823853
482 -77.63375092 59.13772202
482 209.8174744 83.87845612
482 86.90568542 120.5992432
482 74.1880722 132.5488281
482 -140.5844574 70.63100433
482 182.8171997 84.98157501
482 64.66043854 117.0068054
482 -173.0702667 78.36644745
482 203.9724274 80.79910278
482 30.13708878 129.6255035
482 -196.6885376 81.47318268
482 206.6025391 68.63375854
482 26.56038666 138.1307831
482 -214.5606537 52.48558426
482 -205.7424011 100.4523087
482 -250.5035706 46.5565567
482 216.4571533 40.96035385
482 -244.1127777 19.80418777
482 -167.9666138 125.6989746
482 -309.8207703 114.7919846
482 -268.526062 19.71903229
482 -141.1673279 158.0267639
482 -319.9638367 100.2392349
482 -269.6229248 -10.49741173
482 -224.0461731 153.0576935
482 -45.46985626 166.0684509
482 -370.9284058 98.42235565
482 -310.1274414 -0.6056861281
482 -261.1786499 -59.87119293
482 -293.8117065 167.7435913
482 -32.92873764 161.4397125
482 -10.91853809 116.6733246
483 -296.6989441 -154.083786
483 -314.4951477 -200.5328369
483 -245.8779755 -91.91912842
483 -226.3529205 -88.84085083
483 -240.1361694 -30.58542633
483 -238.0830841 -77.18695831
483 -193.4978943 -89.63034821
483 -142.2297058 -69.35816193
483 -250.0043793 -74.02024078
483 -115.6340027 -80.37173462
483 -224.3733063 -95.54047394
483 -53.1794548 -55.52384567
483 8.000878334 -76.7780838
483 -243.7413483 -88.41900635
483 17.17223549 -51.29398346
483 24.61243057 -126.7853165
483 16.80394745 -55.66906357
483 15.1063261 -39.17963409
483 29.17319679 -52.49532318
483 34.14996719 -135.6169434
483 30.43239594 -133.5555725
483 57.50435638 -24.30089951
483 -63.0607605 -42.15466309
483 42.4824791 -47.66846848
483 53.48480225 -0.5377666354
483 33.58476257 -60.33428574
483 142.4765167 18.62065506
483 91.32478333 -37.92195129
483 -176.8868713 -60.77320862
483 48.39389038 27.9200325
483 93.9101944 -18.35780144
483 56.48957825 -17.67773438
483 77.02589417 -55.82212448
483 245.4554443 59.18501663
483 133.2289734 65.20946503
483 106.5285339 -36.68838882
483 -249.3460846 -100.9935684
483 -186.3314972 -52.54864502
483 72.42118073 -4.913785458
483 39.2745285 -63.63581467
483 246.0550995 118.4239426
483 83.05809784 -2.64317584
483 58.62442398 29.37017632
483 151.1489868 152.3368225
483 161.0527496 88.77339172
483 75.9074173 -62.77494431
483 -249.3769531 -101.2939758
483 -204.0954437 -34.34859085
483 38.50332642 -1.387539983
483 9.176506042 -25.96572304
483 18.39647865 17.48600388
483 207.146286 181.068634
483 128.401474 162.6186676
483 176.6537628 169.6240692
483 27.30579376 -3.449187279
483 10.24302959 6.119497776
483 20.83224487 -16.76289558
483 -11.42617512 3.180901051
483 3.847541571 32.11927795
483 133.3335419 210.0746002
483 167.6742706 144.0494232
483 207.5428314 156.8699951
483 -27.30100632 -22.41537285
483 -42.82646561 -6.462520123
483 98.63464355 221.1459503
483 157.6764832 214.3097839
483 94.97297668 228.1843872
483 130.739502 220.6387329
483 118.9907303 241.890564
484 15.48412514 9.594737053
484 21.18247795 6.499038696
484 -24.576334 -4.671999454
484 -2.516164541 5.919363499
484 -9.574083328 -17.34113503
485 38.00337219 -43.27207184
485 41.8445015 -58.19063187
485 28.57783127 -15.18715
485 90.98123932 -50.68274689
485 -0.1644866616 0.5126138926
485 36.72892761 -22.65401649
485 136.8590698 -54.45474243
485 60.07037735 -37.45524597
485 -5.371759892 1.184959054
485 36.38003159 35.05969238
485 7.47930479 -32.59067535
485 117.8327026 -65.60336304
485 55.63671875 -49.8130455
485 -13.85626125 21.26887321
485 71.9705658 19.30833054
485 -19.23509026 47.8342247
485 2.730141878 -33.8432045
485 83.3888092 -22.04484749
485 15.41988564 -76.69684601
485 -0.9347003698 34.80617905
485 -50.29363251 37.65615845
485 107.16996 19.27769089
485 -87.66704559 12.68212223
485 -24.69969368 81.40962982
485 -12.88913727 -38.17785263
485 97.79577637 -0.04651537538
485 43.06375885 -4.756687641
485 32.51241302 45.32691956
485 45.026577 30.21627808
485 -6.253727436 25.66518593
485 -22.53214455 30.63549614
485 -93.11601257 79.92853546
485 116.7423248 13.59044456
485 -144.0949249 -19.36244965
485 -18.65190315 43.1271286
485 -2.489140511 139.8536835
485 -0.2321495712 -6.93661356
485 100.5450363 -9.04158783
485 210.3221588 89.03820801
485 45.27384186 69.14737701
485 56.37596512 33.98722839
485 24.67860603 1.412194967
485 2.257260799 26.2068367
485 22.95254898 30.69935608
485 -215.9489288 -72.09613037
485 1.238325 8.269469261
485 -1.48055017 161.8216858
485 2.709865808 160.4376678
485 80.82705688 27.96767235
485 187.221817 80.57694244
485 76.94869232 27.20910645
485 44.34257126 28.95694351
485 74.67377472 2.544501781
485 62.30836105 27.40964699
485 23.43214417 31.25208664
485 24.98443794 49.75407791
485 48.58561325 16.79743958
485 -254.8558197 -114.7807312
485 85.9197998 32.86376572
485 -252.7996216 -137.9512787
485 -311.5053406 -151.7281952
485 117.4228287 44.23314285
485 -289.7264099 -187.0662079
485 -306.5771179 -175.2101593
485 -423.8595886 -190.2869568
486 -50.69308853 -64.85347748
486 -62.98178864 -83.68238831
486 -68.89978027 -109.2899857
486 -107.179039 -58.60139465
486 -40.40716553 -43.28210449
486 -40.19447708 -79.59745026
486 -67.47227478 -83.52163696
486 -77.13114166 -84.1641922
486 -10.70474911 -130.4892426
486 -163.6598969 -36.77112579
486 -68.93193054 -68.30943298
486 -101.2108612 -62.91719437
486 12.63794994 33.9973793
486 -3.925992727 -59.87457275
486 -42.58982468 -96.81641388
486 -17.97872162 -70.83753967
486 -56.64903641 -75.83732605
486 -13.73691273 -146.1239166
486 25.69987488 -88.73065948
486 -170.5595856 -38.10895538
486 -167.7595825 -41.95999146
486 -186.8362579 -59.40179825
486 -151.1356049 -60.3756752
486 91.59744263 52.84360886
486 35.96903992 32.87282944
486 4.158973217 52.64326859
486 -1.251539111 -77.37166595
486 -39.23413467 -50.82704926
486 77.23404694 -94.04920959
486 -53.73974228 -20.42643166
486 -198.8129883 -40.35220337
486 -160.6829834 -47.33372116
486 -143.4670105 -58.82170486
486 -189.0654907 -45.27507401
486 42.40928268 48.74752045
486 49.07789993 18.06576157
486 33.3199234 22.83302307
486 1.698135495 70.42169189
486 -24.64890099 -84.41975403
486 -53.39084625 -32.77184677
486 -40.10711288 -71.32972717
486 4.360463142 1.137500405
486 60.67209244 19.17114449
486 57.66080475 107.4732742
486 -10.13506985 36.30017471
486 119.1126556 64.70986938
486 54.27051544 64.82387543
486 122.4691238 113.1528702
486 64.05302429 154.5232086
486 52.44046402 122.8181381
486 92.63988495 103.5815582
486 147.5821991 94.41178131
486 217.1820068 157.1407318
486 35.40543747 105.1162262
486 118.6128082 78.47389221
486 149.3257446 100.4861069
486 189.3196259 106.709343
486 257.9971008 186.6937866
486 173.9379425 101.324791
486 294.3290405 216.0515289
487 -75.03559113 11.12311745
487 -35.1425705 1.128245473
487 -33.35722733 17.6790657
487 -76.75059509 49.89887619
487 -35.27963638 -2.661873579
487 -47.15200806 13.29608345
487 -5.36971283 74.93812561
487 -20.79940796 -1.47319603
487 -55.21222305 48.07397461
487 -10.68130207 104.3408508
487 9.269376755 74.12718201
487 -26.73723412 56.31200409
487 0.7208995223 -18.89499283
487 -50.82447815 98.6305542
487 94.62290192 71.19286346
487 15.54087162 24.60484886
487 -58.90293884 79.39805603
487 -23.17892265 0.7175272107
487 39.1158371 -34.22242355
487 -107.283989 83.54099274
487 84.37123108 78.12348938
487 -24.15192032 106.7330704
487 -53.983284 4.048803806
487 90.66833496 -72.87559509
487 48.41877365 3.931899309
487 116.6358261 102.0187225
487 16.97954941 -37.05353165
487 143.5356598 -24.9856472
487 122.9401703 -83.48707581
487 -20.50369263 16.8049736
487 142.2440491 22.0529747
487 -11.22804356 14.19107246
487 6.341058731 -40.68458176
487 72.2246933 -74.47573853
487 51.97779083 -99.90155792
487 143.5448761 32.026474
487 183.1700745 39.48775482
487 -76.485672 4.074623108
487 -11.92292595 8.144958496
487 -44.98724747 29.45055199
487 25.75004005 -27.35933495
487 -47.86997223 -64.03992462
487 28.22445869 -77.82222748
487 28.18264771 -112.4129562
487 191.2253571 32.88516617
487 -107.9495697 -3.222733974
487 -24.43006516 22.51532745
487 -71.98758698 -40.75915909
487 -28.4114418 51.87876892
487 -79.47348022 33.74378204
487 -64.53408813 -48.26649475
487 2.237235308 -114.1969528
487 16.74122238 -130.9643555
487 25.96562576 -134.0093384
487 10.64240265 -83.68579865
487 -134.3127747 -6.199071884
487 -96.17590332 -28.69386673
487 -151.1751099 -48.76648712
488 51.25422287 -64.15172577
488 -17.34973145 -49.13632202
488 -8.504351616 -9.03692627
488 -1.378520727 21.48113251
488 -15.90541744 51.62888336
488 -8.116146088 49.21494675
489 84.6920929 -78.26135254
489 -0.6397818923 -137.4157715
489 182.2620087 -15.35197258
489 8.090248108 -135.7953644
489 -7.066562176 -166.3612366
489 252.6229401 32.4469986
489 -44.55712509 -157.2564545
489 69.85717773 -73.86613464
489 -13.22851467 -200.9229736
489 282.47995 93.64985657
489 -9.10585022 -154.0846863
489 -29.94419479 -150.1348572
489 -39.37758636 -211.8819275
489 252.9104614 105.3677521
489 22.24913979 -138.9728088
489 -33.46544266 -263.4597778
489 222.9202728 140.5717621
489 311.5209961 101.6275711
489 258.5279541 124.9762726
489 54.10469818 -121.5682068
489 -7.137871742 -189.8546753
489 -61.87919617 -294.528717
489 201.4926758 184.2962036
489 376.0430603 86.02333069
489 324.0510864 164.8371735
489 261.6948242 114.1162338
489 89.6816864 -90.39051056
489 27.02877045 -153.7027283
489 -48.82095718 -323.5979919
489 -82.71931458 -323.9586182
489 -61.76389694 -291.7261353
489 397.8341675 68.28569031
489 411.3500061 218.9995422
489 337.4436951 144.9233398
489 221.6521759 89.74344635
489 71.01060486 -115.1954803
489 87.78323364 3.177799463
489 62.66632462 -107.898468
489 188.9177246 71.87454224
489 24.41398239 -152.6752167
489 50.13286209 -3.542197227
489 123.5119705 -5.565021038
489 124.5313721 10.73555279
489 143.4523163 39.3167038
489 113.7311325 -88.85138702
489 24.79422188 6.891097546
489 -2.439118862 -6.347911358
489 119.4815674 -64.05135345
489 43.81777573 13.82524776
489 157.1907654 33.42357635
489 148.8383026 -81.22091675
489 -64.58629608 4.763811111
489 -136.1819916 16.18229866
489 -193.5426178 41.78199005
489 -249.8264923 68.76491547
489 -280.2009888 100.3311462
489 -222.6467285 55.04112625
489 -271.0477295 113.5118713
489 -298.1026611 83.86946869
489 -280.0541382 53.08179855
489 -252.651001 99.2751236
489 -172.7909241 13.96579266
489 -244.5364838 202.2929077
489 -326.6376953 67.39014435
489 -213.8145905 -24.46313858
489 -234.0913696 232.8079529
489 -201.671051 237.5150452
489 -394.0466003 106.3222275
489 -247.4740906 -18.32440186
489 -195.8896637 276.793396
489 -139.9523621 265.3702393
489 -244.9151459 250.8473358
489 -397.6027527 109.6107483
489 -430.375824 92.59906769
490 -99.2686615 -65.34690094
490 -145.3760681 -43.67749786
490 -71.45919037 -25.63001442
490 -177.1342773 -54.32990265
490 -169.8759003 -38.9511795
490 -123.1783981 -62.67880249
490 -46.53928375 -26.25287628
490 -241.2484436 -53.15252304
490 -226.1453552 -107.5704803
490 -13.73485756 -62.52776337
490 -90.23493958 -23.8383255
490 -2.057731152 -13.2653265
490 -29.14430428 -108.833107
490 43.81858063 -34.23586273
490 -121.2137833 -15.25515652
490 -150.7115326 -17.36133766
490 68.54682159 17.56628609
490 -47.40119934 -161.445816
490 18.62561417 -17.48217392
490 -192.1602325 -43.73888779
490 -247.9440308 -15.62585258
490 108.8151779 42.1750679
490 -22.28529739 -189.0832367
490 -13.03560448 3.152999401
490 150.5682373 84.93649292
490 -17.37582016 -7.646720409
490 -32.96697998 3.0896492
490 111.4239807 58.13333893
490 -14.09116173 -3.124226809
490 -32.67474747 4.941380501
490 83.87257385 72.63153076
490 15.79491615 49.78015518
490 170.0907288 67.16177368
490 -20.5716877 3.247423172
490 85.09937286 63.35390854
490 47.91287231 65.71006012
490 25.78206062 34.52065277
490 -37.77731705 54.30781174
490 201.0581055 45.36571121
490 157.7494354 127.2674408
490 -0.3671487868 -6.122006416
490 30.92468834 -1.668323636
490 -78.32057953 66.4810791
490 -87.71283722 20.84269714
490 217.3438263 156.2997131
490 126.0282288 81.64929199
490 28.27202988 -21.08157158
490 21.13406754 -17.88762283
490 25.96584129 -12.54004288
490 74.29212952 16.28360176
490 17.80726814 -11.91615772
490 36.42474365 -21.84204674
490 -61.76934052 20.41997337
490 -92.09874725 30.45565414
490 -115.76931 -10.97636032
490 289.0300293 184.2377777
490 148.5254364 34.97218704
490 -0.3464630544 -55.44276428
490 6.592585564 -28.0217762
490 123.0902863 -4.147219658
490 10.28691769 -15.54755878
490 75.14425659 1.52743423
490 75.87423706 32.0645256
490 27.43744659 -12.81616592
490 29.88354492 -13.01605988
490 26.34453964 -24.41664314
490 100.536499 -20.98880768
490 -47.28172302 19.9615612
490 -132.096756 48.55894852
490 -159.7724609 36.51434708
490 -99.78161621 -25.03909874
490 -145.4634552 -16.8350029
490 240.0915985 25.6701622
490 89.36737061 -2.406535625
490 6.861966133 -6.199960232
490 32.85349274 12.76723385
490 -29.76476288 -42.71048355
490 119.3253632 -14.01067448
490 167.555069 -9.361012459
491 -96.19487762 -57.42845917
491 -106.755867 -44.88020325
491 -73.71599579 -63.52182388
491 -26.04696274 -56.46391678
491 -162.0102844 -31.8042984
491 -104.9986801 -43.91049194
491 -95.53927612 -16.0644722
491 17.32227325 -52.22874451
491 -0.9889950752 -52.70048523
491 -218.3557281 -76.85290527
491 -178.8335114 -4.14647913
491 -115.8579788 -46.49033737
491 -151.8703461 8.550902367
491 -94.33522797 -32.94035721
491 12.20016003 -72.62558746
491 38.46847916 -6.500103951
491 34.91683578 -33.69992828
491 -17.68367577 -5.332736015
491 33.33446503 -55.47169495
491 -8.671835899 -65.15550232
491 -173.3212585 -43.7505188
491 -217.9893036 -102.4908981
491 -281.3302917 -124.7083054
491 -154.0455627 -12.08816051
491 -209.7182312 6.745557308
491 -199.468399 19.07399368
491 -140.2020721 -7.921051502
491 23.2437191 -47.1745224
491 59.88798523 -88.29226685
491 118.9494171 55.00255203
491 76.45524597 -31.41347694
491 -255.3994141 5.725063324
491 -89.74755859 35.09840012
491 -210.4837952 -45.88394928
491 152.2011871 51.73186111
491 140.7371674 61.141922
491 -292.201416 17.00994301
491 -261.4750671 -17.41106033
491 -6.085944653 68.73710632
491 -167.6056366 -105.8159714
491 160.7455902 64.9641571
491 170.9276581 52.7491684
491 136.9873352 103.3101654
491 -329.0414734 43.29108047
491 -303.51651 44.59611511
491 -244.4154663 -32.26128387
491 -279.7904968 -45.48485947
491 49.81298828 92.81932068
491 -201.6436157 -117.8301239
491 147.899231 101.5615997
491 215.6457977 41.7818718
491 -228.9536438 -83.54613495
491 -307.2316589 -64.56335449
491 91.91233826 85.62837982
491 -219.4565582 -134.8767395
491 -241.8981171 -151.1120911
491 116.3455276 130.9831696
491 315.2814636 47.15571213
491 241.4721985 55.2562294
491 159.7099609 30.39790916
491 350.1242065 37.94772339
491 273.1148987 54.63485336
491 198.3303375 41.86644363
491 135.7210083 21.35447884
491 381.9089966 17.70788383
491 307.9259338 37.83411407
491 108.1484146 3.008243799
491 406.3953857 62.29772186
491 156.0583038 50.51228333
491 435.0650024 52.69229889
491 185.1917725 67.11026001
491 184.2480621 88.60040283
491 258.0136719 106.906662
491 254.3790436 97.37371063
491 317.7992249 111.6840744
492 -7.366573334 73.71401215
492 -11.40978718 96.81489563
492 -33.6089592 89.35599518
492 15.07973957 9.098919868
492 34.08089447 123.7255478
492 -49.6930275 101.7943954
492 -36.0648613 -97.08863068
492 53.1703186 116.4407196
492 -5.14863205 114.2145386
492 6.570840359 -92.58338165
492 -106.9974823 -153.5461273
492 -61.24167633 -137.1192932
492 4.450247288 112.9784164
492 74.98204803 121.1941223
492 -6.171646595 100.4844589
492 86.16996765 -74.77229309
492 -76.59333038 -166.236618
492 -28.26194572 -158.3755188
492 -79.66340637 -142.9064026
492 -125.5608978 -181.6516266
492 8.347213745 135.6473389
492 32.35534286 115.7806473
492 14.11565399 90.81859589
492 139.0366058 -66.93122101
492 -131.7126312 -151.7462921
492 -47.01596069 -136.7640076
492 -199.5084381 -215.4159851
492 5.060804367 129.5771637
492 23.35736084 108.9468384
492 -19.03516769 46.77423859
492 7.857055664 75.96819305
492 220.7958069 -41.76644516
492 -185.3156281 -151.4320526
492 -217.9046173 -231.3623199
492 23.79577827 156.5023499
492 26.09132195 104.2119064
492 63.81127167 121.4299927
492 -99.9183197 43.63871765
492 -41.47484207 14.38694859
492 -1.404524446 66.2675705
492 -14.82846069 124.1091385
492 -25.88641357 109.53965
492 255.6937714 -35.38129807
492 204.2887573 -33.09170532
492 -224.6369171 -110.8398972
492 -204.0710602 -179.7226105
492 -235.4514008 -240.8399811
492 -2.908374071 98.44519806
492 -130.9490051 84.60808563
492 -125.4883804 22.18720436
492 -109.5112915 -40.06333542
492 -13.93467331 74.26730347
492 6.252326965 119.8773422
492 46.60180664 193.8363342
492 312.853302 -33.45378494
492 276.9533081 -9.014057159
492 -196.5052032 -187.4358978
492 -299.488739 -275.9377136
492 -104.7170944 8.523770332
492 -257.7893982 -109.9615707
492 -17.70323181 146.5182648
492 66.70077515 254.5058746
492 347.1869507 -32.79470825
492 314.0952759 -4.845855713
492 263.4158936 -26.81750679
492 295.9260864 15.13795471
492 -111.5118942 63.35170746
492 -341.498291 -148.746521
492 -361.5236816 -160.8344574
492 -17.89498901 94.22528076
492 88.137146 286.2293396
492 404.8228149 -35.18009567
492 356.2128601 -29.66798782
492 289.1004639 -70.80187988
493 21.28854942 33.5439682
493 -8.657294273 61.12742233
493 14.22252178 52.31583786
493 22.29978371 4.069906235
493 -15.91873646 56.62424469
493 56.27270126 57.96347809
493 20.14727402 -15.93623447
493 53.96720886 8.248147964
493 -80.06523895 43.72346878
493 -24.62947845 58.26625443
493 105.0602951 73.13205719
493 79.73126221 7.031315327
493 81.50068665 1.718266129
493 -125.1384201 37.41841507
493 196.8219299 87.05884552
493 97.87245941 -6.230574131
493 98.04114532 4.155034065
493 -166.6776581 16.63601875
493 61.60923004 -16.97068405
493 146.427597 -2.207952023
493 6.96329689 -12.21671677
493 113.7520828 -28.40321541
493 38.24836731 -22.60938835
493 153.6149902 -8.657855034
493 121.129776 -13.17817116
493 235.9710083 -41.02412796
493 -58.19314194 -11.39942646
493 151.9094391 -8.679093361
493 156.1354523 -43.16531754
493 -40.620224 -41.2984848
493 174.4068604 -5.321588516
493 -99.26501465 4.230456352
493 164.0717926 -15.68647861
493 131.2336121 24.91670418
493 -90.52127838 -44.32380676
493 -45.63991165 -61.07078934
493 223.2016449 -17.08087349
493 130.8222961 32.63547134
493 -182.1641998 5.71476078
493 -94.00370026 44.78120041
493 119.2931137 40.47660828
493 -181.4411469 -54.57941055
493 -33.18829727 -115.7139664
493 227.0347748 -17.56791878
493 269.1905518 -45.8952179
493 -129.81604 1.458959103
493 -243.8612976 -24.83500862
493 -215.3808136 -8.232984543
493 -70.23291779 69.3442688
493 127.4457626 31.10325241
493 114.6388626 56.89049911
493 -202.2029419 -67.30258179
493 -103.3419647 -56.24258423
493 -185.2707062 14.02307224
493 -11.95093536 -139.0573578
493 -24.8411808 -137.411438
493 249.0077362 -17.5140152
493 -144.1359558 22.8245945
493 -75.95056915 37.50236511
493 -126.5054169 24.36486435
493 -4.139799118 54.90052032
493 -120.2322998 108.469429
493 -75.08158875 124.2064896
493 74.03273773 60.91720581
493 152.0796814 75.04335785
493 -81.13814545 -57.02314377
493 -183.6615295 -14.86733913
493 -222.9821625 -23.85272026
493 -251.1683807 2.962526083
493 -243.0605316 1.60079813
493 16.4133358 -159.6480255
493 -67.58442688 -51.88836288
493 -177.1961212 -34.30726624
494 249.9069519 15.63005924
494 207.8648224 21.31778336
494 192.2720642 24.72709084
494 130.111084 37.39546967
494 247.1926422 60.99088669
494 183.3099823 -0.4208117723
494 106.7489014 59.44524384
494 59.53698349 63.06472015
494 279.6646423 73.19470978
494 122.57164 79.33430481
494 45.85900116 56.64984512
494 38.51381302 75.38293457
494 23.39836502 103.366272
494 20.37761497 49.78194809
494 335.5184021 82.49015808
494 238.4922485 87.44052887
494 14.6035099 -3.099363327
494 49.33452606 77.07254791
494 46.34460831 95.56446075
494 50.79283905 106.3450699
494 79.95433044 125.6797028
494 -12.70672321 53.26013947
494 440.6921387 140.2081299
494 289.3241882 121.8447418
494 -54.93798828 -84.46987915
494 -4.764692783 4.099526882
494 11.82360077 64.1791687
494 -8.816437721 101.0616913
494 119.945343 98.9105835
494 -95.66903687 -5.544659615
494 -82.94818878 -112.2600174
494 -61.34405136 -105.6015778
494 -53.99600983 17.15457535
494 -50.0255661 14.41600895
494 0.8688705564 66.94468689
494 71.11777496 121.6791382
494 -7.813961029 70.33135986
494 -61.44857407 -24.48062134
494 -49.31388855 -18.87988091
494 -89.5490036 -13.35704899
494 -168.2881775 -21.47505951
494 -44.58029938 -138.5006256
494 -123.4198227 -139.4893951
494 -125.4558182 -158.91539
494 -105.0863876 -128.587265
494 -72.61611938 24.83094597
494 -40.0226326 11.24208355
494 -88.40628052 9.254706383
494 -38.15132904 -28.02227211
494 -118.9479523 3.539449692
494 -167.8421478 -11.88263798
494 -47.71546173 -165.0719147
494 -35.28359222 -188.408783
494 -86.70240784 19.08933258
494 -98.3960495 24.25034904
494 -14.25880909 12.31153107
494 -106.9761658 -18.13749504
494 -11.76525116 -1.91816318
494 -5.301631451 -78.85405731
494 -114.0141678 -31.48418808
494 -145.1521606 -13.66403866
494 -40.92173004 -6.156239986
494 -195.3224487 -37.92866516
494 -206.5099945 -6.315998077
494 -18.80751991 -210.2935028
494 -37.3517952 -172.610672
494 -38.68473434 24.06951714
494 42.67945862 9.39729023
494 -166.5092163 -60.69430542
494 -0.1035488918 24.81195831
494 15.0739069 1.248343349
494 -37.53176117 -116.8560944
494 10.1483326 -57.33822632
494 -148.1550751 -26.24912453
494 -133.9561615 -23.76115417
494 -157.4915771 -15.28168774
494 -51.9704895 -19.12953758
494 -30.17383003 -152.4584961
494 -75.47480774 42.5487442
494 6.639529228 22.04105949
495 4.523569107 -50.71841431
495 15.77726364 -82.15113068
495 -16.64222145 -32.92211151
495 25.18239403 -81.63186646
495 -2.056862593 -73.37047577
495 -11.35632515 -69.63349915
495 -49.17867279 14.79446125
495 18.17785263 -42.57777786
495 2.717802286 -35.95466995
495 41.56472778 -82.60873413
495 20.46417046 -91.18323517
495 -26.95201492 -49.50907516
495 4.914062023 -91.3730011
495 -27.54820633 -38.08327484
495 -41.7676506 -27.49087143
495 60.43841171 -72.67147827
495 -5.892710686 -40.20960617
495 23.04530144 5.869203091
495 -59.29437637 -27.65147018
495 73.9995575 -112.8379898
495 52.98581314 -79.55683136
495 -14.8682642 -41.28662109
495 -68.08084106 -47.17063904
495 14.28657818 10.88701153
495 -133.6489258 4.85414362
495 -85.46181488 -45.93295288
495 -25.21438599 -10.73502636
495 14.43327808 -55.20394516
495 53.23308945 45.18241119
495 -92.15582275 -24.86110687
495 92.78722382 -128.1411438
495 80.72963715 -92.49287415
495 2.680512905 -37.21245193
495 57.67111588 37.25786591
495 -118.1087799 -25.88952255
495 -112.6141357 -28.32262421
495 -95.04676819 -59.57790375
495 15.32528496 13.21048737
495 -31.83675385 0.05249244347
495 71.07214355 59.53225327
495 83.57661438 69.14318848
495 -68.04787445 -0.8834429383
495 -117.3630524 -8.896327972
495 115.567894 27.8312397
495 -110.2703552 10.88642311
495 -103.2444458 -2.792542934
495 -93.65650177 -35.13165665
495 -28.36539459 5.39870739
495 76.86789703 75.93019104
495 105.3587799 61.24045944
495 139.5368195 105.3577042
495 115.7338257 72.0211792
495 -66.44694519 9.477361679
495 189.2271271 42.61297226
495 -145.9399872 22.22509575
495 -139.515152 -30.62501335
495 -124.4351807 -35.34091568
495 47.72808838 8.915735245
495 69.8797226 35.300457
495 114.9908295 101.6904068
495 146.0691681 71.99121094
495 6.619330883 30.67211151
495 -118.2327728 55.12892914
495 149.4007874 52.63632584
495 155.1575165 0.2668120563
495 111.6845551 119.0469589
495 106.957222 85.15492249
495 -110.4283829 44.60560608
495 -88.20578003 102.5339966
495 -128.5124054 56.21411133
495 -104.3045349 59.71561432
495 242.474411 30.97842979
495 -89.71173096 50.70780945
495 -46.7980423 143.3569489
495 -21.63673782 149.951004
496 147.7730713 24.5259037
496 132.9800262 30.87174988
496 94.92780304 17.25482368
496 106.0353241 5.467224121
496 86.02057648 0.262258172
496 95.94713593 7.187633514
496 121.7523346 13.13598919
496 53.25604248 22.21918678
496 91.8523407 7.576616287
496 41.75705719 -10.61695671
496 16.51240158 1.51721108
496 7.728012085 30.16787338
496 190.2380981 17.47512245
496 71.30986023 47.44314957
496 38.21168518 -14.68612385
496 -37.56135178 -6.157304287
496 228.2609406 -9.207204819
496 -25.08144379 46.30476379
496 48.00127411 65.08570862
496 -55.9708786 1.81070745
496 -52.12490082 26.5682621
496 -44.02858734 67.17750549
496 22.17134666 74.44198608
496 62.91865158 60.7669754
496 13.81440163 93.4469223
496 -66.38661957 9.021569252
496 -58.33217239 15.32019234
496 -51.36654282 45.03963089
496 -88.102005 75.84696198
496 -22.98277092 34.56444168
496 -23.46629143 121.8868408
496 -38.84557343 52.348629
496 74.01255035 92.91094971
496 13.38700008 117.566658
496 3.375733852 -48.19438934
496 -39.69218445 13.78172588
496 -51.39154434 81.10242462
496 3.261436224 49.82571793
496 26.31799698 -21.73692131
496 -27.91592979 53.63186646
496 4.514839649 -98.75950623
496 -40.32021332 -98.15408325
496 -14.84976101 14.95094395
496 -56.68999863 91.40007019
496 67.17237854 41.96014404
496 -4.302459717 45.10286331
496 27.50254059 -66.3976593
496 77.61639404 -21.23247719
496 -41.91424942 34.82333755
496 -55.06694794 -85.94593811
496 -41.50259781 -113.0427094
496 122.8751144 34.82729721
496 99.19828796 -7.239387989
496 -22.88607407 8.301135063
496 -128.616745 -33.02103806
496 -106.7753143 -167.2481537
496 159.4721832 31.72133064
496 97.15481567 -3.042637348
496 -5.144465446 -57.92572784
496 -54.44449997 43.43494797
496 -235.8302612 -70.73195648
496 -156.6082153 -212.6416931
496 162.3319092 15.01139832
496 -27.14207649 -69.29077148
496 -28.67728424 64.8140564
496 -78.58733368 54.53238297
496 -254.4356232 -107.5478287
496 -198.9924011 -258.360199
496 232.6577911 18.73061752
496 -30.88917923 -83.80188751
496 -36.60686874 -7.165375233
496 -49.09389496 111.7923203
496 -46.95696259 75.35292053
496 -114.2985535 71.54141235
496 -321.8332214 -120.9005203
496 -249.3117065 -317.9317017
496 285.0372314 2.640013218
496 8.464604378 -105.0828857
496 -0.8029224873 10.61853027
496 -49.99223328 20.95210266
497 -39.42067719 -55.00650787
497 -25.27277756 -106.3094177
497 -34.49240875 -76.75858307
497 -28.85234642 -37.56172562
497 -19.21733475 -37.23763275
497 0.3850973547 -144.8173523
497 -32.45979691 -59.88319016
497 -47.9405098 -103.2994308
497 15.04877853 -31.15325546
497 25.65971184 -129.5535278
497 -28.06561089 -120.4163589
497 -22.25739479 -162.1245575
497 -24.76730919 -113.8073196
497 42.84155655 -121.7079163
497 -19.33716965 -38.80543518
497 -25.82680702 -39.68399429
497 -123.0464325 -128.265686
497 -60.16823578 -150.5125427
497 59.26976013 -2.289439917
497 -81.81098938 -106.1072311
497 -92.20806122 -125.7131195
497 -71.30914307 -170.5032349
497 -82.85263824 -162.6773529
497 -30.17630196 -113.9687805
497 33.47786713 32.26155853
497 130.5236969 21.95165062
497 -52.87242508 -53.3355484
497 -131.4555817 -170.89534
497 -44.42290878 -103.5422134
497 -3.220263004 36.56327057
497 59.69215775 96.31594086
497 153.3813629 46.99373627
497 -83.87433624 -91.56165314
497 -165.9268494 -186.2836456
497 -12.07459736 32.77465439
497 116.4266205 145.2193146
497 278.5736389 58.56300735
497 -133.8762817 -145.4580841
497 -187.8249512 -173.7724915
497 -0.660389483 61.08071899
497 -14.55620575 48.82921219
497 141.3982239 155.8885803
497 127.3636246 159.2844086
497 -127.5153351 -94.08454132
497 -196.2813873 -181.845459
497 -248.725235 -202.2141113
497 -20.65981293 74.07482147
497 15.49006462 69.03259277
497 -28.68746758 89.60526276
497 9.529188156 67.8792572
497 79.4382019 159.2228088
497 41.50295258 122.6151123
497 -13.42392254 64.19384766
497 132.7806549 87.61449432
497 -18.58217239 61.25215149
497 0.9413446784 74.72808838
497 91.91136169 189.724472
497 102.0635223 206.4388885
497 21.83106613 103.7247696
497 -57.48376846 57.2634201
497 166.2884521 68.94559479
497 -32.45173264 44.38041687
497 -0.5732396841 72.68063354
497 163.7593231 206.087326
497 117.1656952 204.6739349
497 170.374649 228.5847473
497 -20.65792084 158.9483337
497 15.69926643 117.911026
497 25.7187252 54.5368576
497 227.2009277 58.61238861
497 -72.14191437 171.073288
497 -8.307085037 31.62611771
498 75.75647736 66.03739166
498 137.0299072 75.66347504
498 156.6017609 79.80013275
498 126.359314 77.67378998
498 -13.52163029 39.02099609
498 33.40264511 54.39950562
498 -36.83523178 50.54890442
498 85.38143158 61.89819336
498 114.9279556 64.09853363
498 135.2927094 85.43974304
498 262.9977112 94.00875854
498 160.6224213 96.57330322
498 -51.02583313 39.56066132
498 -22.62150955 62.48358917
498 -50.12084579 -54.81404877
498 -112.5134583 4.20065546
498 61.61086655 88.10523987
498 54.74702454 10.0471983
498 130.9742889 86.26499176
498 113.4619751 68.89905548
498 206.4264984 115.7277069
498 179.9429016 96.1831131
498 365.2006836 113.7924576
498 198.0084991 140.6350708
498 -71.84772491 38.12232208
498 4.02848196 -71.20556641
498 -124.8152313 -35.05234909
498 -122.4014511 -48.31853104
498 -199.3939972 8.02296257
498 147.5523682 92.72137451
498 58.22138977 102.8538666
498 96.30644989 3.157398701
498 46.46981812 -21.41851234
498 63.03527069 -30.7198391
498 168.2934875 86.46637726
498 279.6810608 103.8114777
498 358.3927917 126.5475616
498 -155.4412842 -20.70197296
498 -152.0052643 -96.86384583
498 -210.2069244 49.97602844
498 -245.1788788 -40.05862045
498 -130.4734497 49.85312653
498 52.2832489 145.529953
498 50.18746948 -7.096178532
498 -7.032910824 -79.88907623
498 44.21694183 -65.40419769
498 316.1717834 93.80537415
498 283.3691711 133.541748
498 -217.0411377 -38.33824539
498 -203.2556458 -58.57465744
498 -149.1767883 -110.0535049
498 -190.9663696 -105.9582596
498 -233.8720093 82.51264954
498 -320.0670471 -84.74546814
498 18.16049194 -90.37263489
498 -139.2956085 -110.4792328
498 24.84803963 -55.63476944
498 35.05022812 -41.00997543
498 61.01189804 -60.67870331
498 101.1309738 -75.34736633
498 -193.2020874 -132.714386
498 -325.3167419 -113.0671387
498 79.8792572 -98.40010834
498 -223.2923889 -120.1651306
498 27.56363106 -33.03837585
498 103.6852112 -14.48059654
498 117.5161514 -79.72094727
498 93.24071503 -74.69334412
498 -145.5205078 -146.9448853
498 -217.2686005 -122.5266571
498 -239.984726 -181.4673767
498 -399.7712097 -136.3598022
498 -325.5743713 -131.6703796
499 -16.38539124 112.8704529
499 -31.43280602 78.77922821
499 15.14396572 162.9043121
499 -21.49310303 59.10736084
499 -55.49069595 85.17459106
499 -16.3443718 38.02641678
499 45.76437759 194.8023071
499 -22.59990692 44.68001556
499 -11.80286217 38.38856506
499 -100.3479233 100.3296051
499 -2.979956627 30.01301956
499 -1.985915661 40.86400986
499 97.22764587 239.227478
499 71.51255798 203.1161499
499 -30.90909958 38.43128967
499 -10.02388954 45.15856552
499 5.947751045 41.10015869
499 -12.30194283 -0.705160439
499 8.449213982 40.31028366
499 16.12050629 18.26855278
499 16.21313286 14.57862377
499 -17.17593193 20.0515461
499 -0.5442839265 49.51904297
499 20.06583023 36.20573044
499 -43.20830917 37.32007599
499 -43.41992569 53.87944031
499 13.85761642 21.92767143
499 -30.35855484 45.12353516
499 8.840824127 26.8021946
499 22.83960342 33.26421738
499 -94.68750763 -47.14029312
499 -14.66488171 21.43552971
499 52.06425095 28.22947884
499 125.3287659 34.07239151
499 35.71553802 74.39564514
499 34.67347336 7.880412579
499 -110.1353226 47.87385559
499 6.974330425 22.10407639
499 30.78969955 37.82857513
499 -46.62598419 -78.92317963
499 -161.015274 -165.4571075
499 -49.72498703 4.583289623
499 194.982254 41.05183029
499 61.48887253 26.46078873
499 21.30765343 -72.13544464
499 -154.0960541 -228.9046173
499 -204.8351898 -179.8279266
499 -147.0945129 -180.0433655
499 230.4894104 56.56465912
499 231.5862122 24.93564415
499 -209.4462891 -212.116394
499 -90.89805603 -186.7824707
499 221.6240692 79.87231445
499 248.1726532 32.16855621
499 -214.7775879 -231.8144226
499 193.0069733 123.2221298
499 266.2958984 70.1530304
499 -231.1449127 -247.9903412
499 -284.8231506 -226.654068
499 176.546463 143.6822205
499 247.8642578 61.43730545
499 306.6284485 82.44750214
499 -232.2181702 -247.707489
499 -262.4618835 -272.8032227
499 -295.5056152 -274.4868164
499 122.3998413 145.1326904
499 224.9872437 60.82328796
499 230.0132446 59.77139282
499 374.6694336 120.1565247
499 -300.0636902 -245.1733093
499 84.86656189 172.3382111
499 191.1473236 53.13456726
499 -332.1034851 -239.6347046
499 -350.478241 -243.6806183
