0 0 1
0 0 2
0 1 3
0 1 4
0 1 5
0 2 6
0 3 7
0 4 8
0 4 9
0 5 7
0 5 10
0 6 11
0 8 12
0 8 13
0 9 14
0 9 15
0 9 16
0 10 17
0 11 18
0 12 19
0 13 20
0 14 21
0 15 22
0 15 23
0 17 24
0 18 25
0 18 26
0 21 27
0 21 28
0 22 28
0 22 29
0 22 30
0 23 31
0 23 32
0 23 33
0 24 34
0 25 35
0 25 36
0 28 37
0 28 38
0 29 39
0 29 40
0 30 36
0 30 41
0 31 42
0 32 42
0 32 43
0 33 44
0 33 45
0 34 46
0 34 47
0 35 48
0 36 49
0 39 50
0 39 51
0 41 52
0 41 53
0 41 54
0 42 55
0 43 56
0 43 57
0 48 58
0 48 59
0 48 60
0 50 61
0 50 62
0 50 63
0 52 64
0 53 65
0 53 66
0 55 67
0 57 60
1 0 1
1 0 2
1 1 3
1 1 4
1 1 5
1 2 6
1 2 7
1 3 8
1 7 9
1 9 10
1 10 11
1 10 12
1 10 13
1 11 14
1 11 15
1 11 16
1 13 14
1 13 17
1 14 18
1 14 19
1 14 20
1 14 21
1 15 22
1 15 23
1 16 24
1 18 25
1 19 26
1 21 27
1 22 28
1 22 29
1 23 30
1 23 31
1 23 32
1 24 33
1 24 34
1 25 35
1 26 36
1 26 37
1 26 38
1 27 39
1 27 40
1 27 41
1 28 42
1 29 43
1 30 35
1 31 44
1 31 45
1 32 46
1 33 45
1 34 47
1 36 48
1 37 49
1 46 50
1 47 51
1 47 52
1 48 53
1 49 54
1 50 55
1 50 56
1 50 57
1 51 58
1 52 59
1 53 60
1 54 61
1 56 62
1 57 59
1 58 63
1 59 64
1 60 65
1 62 66
1 63 67
1 63 68
1 64 69
1 65 70
1 66 71
1 68 72
1 69 71
1 69 73
1 70 74
1 71 75
1 71 76
1 72 77
2 0 1
2 0 2
2 1 3
2 1 4
2 3 5
2 3 6
2 4 7
2 4 8
2 4 9
2 6 10
2 8 11
2 9 12
2 10 13
2 11 14
2 12 13
2 12 15
2 13 16
2 13 17
2 14 17
2 14 18
2 15 19
2 15 20
2 16 21
2 16 22
2 17 23
2 18 24
2 19 25
2 19 26
2 20 27
2 21 28
2 22 29
2 24 30
2 25 31
2 25 32
2 26 33
2 27 34
2 28 35
2 28 36
2 29 37
2 29 38
2 30 39
2 32 40
2 33 41
2 35 42
2 36 43
2 37 44
2 38 45
2 40 46
2 40 47
2 41 48
2 41 49
2 41 50
2 41 51
2 42 52
2 42 53
2 42 54
2 43 55
2 43 56
2 43 57
2 45 58
2 46 59
2 47 60
2 48 61
2 48 62
2 49 63
2 50 64
2 50 65
2 50 66
2 50 67
2 51 68
2 54 69
2 55 70
2 56 71
2 56 72
2 57 73
2 59 74
2 60 75
2 60 76
2 60 77
2 61 65
2 61 78
2 62 79
2 62 80
2 63 80
2 64 81
2 70 73
3 0 1
3 1 2
3 1 3
3 2 4
3 3 5
3 4 6
3 5 7
3 5 8
3 5 9
3 6 10
3 7 11
3 7 12
3 7 13
3 8 14
3 9 15
3 10 16
3 10 17
3 10 18
3 11 19
3 12 20
3 12 21
3 13 17
3 13 22
3 14 23
3 15 16
3 15 24
3 16 23
3 17 25
3 17 26
3 18 27
3 19 28
3 19 29
3 20 30
3 21 31
3 21 32
3 22 23
3 23 33
3 23 34
3 25 35
3 26 36
3 26 37
3 28 38
3 28 39
3 30 40
3 31 41
3 32 42
3 32 43
3 33 44
3 34 42
3 36 45
3 36 46
3 36 47
3 37 48
3 38 49
3 39 50
3 39 51
3 41 45
3 43 52
3 43 53
3 44 52
3 45 54
3 45 55
3 46 56
3 46 57
3 48 58
3 54 59
3 54 60
3 54 61
3 56 62
3 57 63
3 57 64
3 58 65
3 59 66
3 59 67
3 60 68
3 60 69
4 0 1
4 0 2
4 1 3
4 3 4
4 3 5
4 3 6
4 3 7
4 4 8
4 5 9
4 7 10
4 7 11
4 8 12
4 9 13
4 9 14
4 10 15
4 10 16
4 13 17
4 13 18
4 14 17
4 14 19
4 15 20
4 15 21
4 16 22
4 16 23
4 17 21
4 17 24
4 18 25
4 20 26
4 21 27
4 22 28
4 24 29
4 25 29
4 26 30
4 26 31
4 26 32
4 28 33
4 28 34
4 29 35
4 30 36
4 31 34
4 31 37
4 31 38
4 32 39
4 33 40
4 34 41
4 34 42
4 34 43
4 35 44
4 38 45
4 39 46
4 39 47
4 40 48
4 41 49
4 42 50
4 42 51
4 43 52
4 44 53
4 45 54
4 45 55
4 46 56
4 47 57
4 48 53
4 48 58
4 49 59
4 49 60
4 50 61
4 51 62
4 51 63
4 51 64
4 52 65
4 52 66
4 53 67
4 53 68
4 53 69
5 0 1
5 0 2
5 0 3
5 1 4
5 2 5
5 4 6
5 5 7
5 5 8
5 7 9
5 8 10
5 9 10
6 0 1
6 1 2
6 1 3
6 1 4
6 2 3
6 3 5
6 3 6
6 5 7
6 6 8
6 6 9
6 7 10
6 8 11
6 8 12
6 10 13
6 13 14
6 13 15
6 14 16
6 15 17
6 15 18
6 16 19
6 16 20
6 17 21
6 18 22
6 18 23
6 19 24
6 19 25
6 19 26
6 20 27
6 20 28
6 20 29
6 21 30
6 21 31
6 22 32
6 23 33
6 24 34
6 25 35
6 26 36
6 27 28
6 27 37
6 27 38
6 28 39
6 32 35
6 35 40
6 35 41
6 37 42
6 38 43
6 39 44
6 40 45
6 41 46
6 41 47
6 41 48
6 42 49
6 42 50
6 43 51
6 44 52
6 45 52
6 46 53
6 47 54
6 48 55
6 49 56
6 50 57
6 51 58
6 51 59
6 52 60
6 53 61
6 53 62
6 53 63
6 54 61
6 55 64
6 55 65
6 56 58
6 56 66
6 56 67
6 60 68
6 61 69
6 63 70
6 64 71
6 64 72
6 65 67
6 65 70
6 65 73
6 66 71
6 66 74
6 67 75
6 71 72
6 72 76
6 72 77
6 72 78
6 74 79
6 76 80
6 76 81
6 78 79
7 0 1
7 0 2
7 0 3
7 1 4
7 2 4
7 2 5
7 2 6
7 6 7
8 0 1
8 1 2
8 2 3
8 2 4
8 2 5
8 3 6
8 4 5
8 5 7
8 5 8
8 5 9
8 6 10
8 6 11
8 6 12
8 7 13
8 8 11
8 8 14
8 9 15
8 9 16
8 9 17
8 9 18
8 9 19
8 10 20
8 13 21
8 13 22
8 14 23
8 15 24
8 16 25
8 21 26
8 22 27
8 24 28
8 24 29
8 24 30
8 25 31
8 25 32
8 26 33
8 27 34
8 27 35
8 28 36
8 29 37
8 29 38
8 31 39
8 32 35
8 36 40
8 36 41
8 37 42
8 38 43
8 39 44
8 40 45
8 41 46
8 42 47
8 43 48
8 46 49
8 46 50
8 47 51
8 47 52
8 48 53
8 49 54
8 49 55
8 49 56
8 50 57
8 51 58
8 52 59
8 53 60
8 54 61
8 55 62
8 56 63
8 56 64
9 0 1
9 0 2
9 0 3
9 1 4
9 1 5
9 3 6
9 3 7
9 6 8
9 6 9
9 7 10
9 7 11
9 7 12
9 7 13
9 8 14
9 8 15
9 9 13
9 9 16
9 9 17
9 11 15
9 11 18
9 12 19
9 12 20
9 13 21
9 15 22
9 15 23
9 16 17
9 16 24
9 17 25
9 18 26
9 18 27
9 19 28
9 19 29
9 20 30
9 20 31
9 21 32
9 22 33
9 23 34
9 25 35
9 25 36
9 25 37
9 26 38
9 27 39
9 27 40
9 28 41
9 28 42
9 28 43
9 29 44
9 30 45
9 32 46
9 32 47
9 33 48
9 33 49
9 34 50
9 34 51
9 35 52
9 36 37
9 36 53
9 37 54
9 39 55
9 41 56
9 42 57
9 44 58
9 46 59
9 47 60
9 48 61
9 49 62
9 50 63
9 51 64
9 56 65
9 56 66
9 56 67
9 57 68
9 57 69
9 58 70
9 58 71
9 59 72
9 63 65
9 67 73
9 69 74
9 70 75
9 72 76
9 72 77
9 72 78
9 73 79
9 74 80
10 0 1
10 0 2
10 0 3
10 0 4
10 2 5
10 3 6
10 3 7
10 4 8
10 4 9
10 4 10
10 6 11
10 6 12
10 7 11
10 7 13
10 8 14
10 10 15
10 11 16
10 12 17
10 13 15
10 13 18
10 13 19
10 14 20
10 14 21
10 15 22
10 16 22
10 16 23
10 16 24
10 16 25
10 17 25
10 17 26
10 18 27
10 18 28
10 19 21
10 20 29
10 21 30
10 21 31
10 22 32
10 24 30
10 24 33
10 27 34
10 28 35
10 28 36
10 28 37
10 28 38
10 28 39
10 30 40
10 31 41
10 31 42
10 31 43
10 32 44
10 33 45
10 33 46
10 36 47
10 37 48
10 38 49
10 39 49
10 40 50
10 40 51
10 42 52
10 42 53
10 44 54
10 45 55
10 46 56
10 46 57
10 46 58
10 47 59
10 47 60
10 49 61
10 50 62
10 53 63
10 54 64
10 57 65
10 59 66
10 60 67
10 62 68
10 63 65
10 66 69
10 66 70
10 68 69
10 68 71
10 69 72
10 70 73
10 73 74
10 73 75
11 0 1
11 1 2
11 1 3
11 2 4
11 3 5
11 3 6
11 3 7
11 4 8
11 4 9
11 5 10
11 5 11
11 6 12
11 6 13
11 6 14
11 7 15
11 8 16
11 8 17
11 9 18
11 14 19
11 15 20
11 15 21
11 17 22
11 18 23
11 18 24
11 18 25
11 18 26
11 18 27
11 19 28
11 19 29
11 20 30
11 21 31
11 21 32
11 25 33
11 26 27
11 26 34
11 26 35
11 27 36
11 28 37
11 29 38
11 31 39
11 34 40
11 35 36
11 36 41
11 36 42
11 37 43
11 38 43
11 38 44
11 41 45
11 42 46
11 43 47
11 43 48
11 45 49
11 46 50
11 47 51
11 48 52
11 49 53
11 49 54
11 50 55
11 50 56
11 50 57
11 51 58
11 52 59
11 52 60
11 52 61
11 55 62
12 0 1
12 1 2
12 2 3
12 2 4
12 3 5
12 4 6
12 5 7
12 5 8
12 5 9
12 8 10
12 9 11
12 10 12
12 10 13
12 11 14
12 11 15
12 12 16
12 12 17
12 13 18
12 14 19
12 14 20
12 15 17
12 17 21
12 18 22
12 19 23
12 19 24
12 19 25
12 20 26
12 20 27
12 21 28
12 21 29
12 21 30
12 22 26
12 23 31
12 23 32
12 25 33
12 26 34
12 28 35
12 28 36
12 29 37
12 29 38
12 30 39
12 31 40
12 32 37
12 32 41
12 32 42
12 34 38
12 35 43
12 36 44
12 37 45
12 38 46
12 39 47
12 40 48
12 42 49
12 43 50
12 44 51
12 44 52
12 44 53
12 45 54
12 45 55
12 46 56
12 47 57
12 48 58
12 49 59
12 49 60
12 52 61
12 54 62
12 55 63
12 55 64
12 57 65
12 59 66
12 60 67
12 60 68
12 62 69
12 62 70
13 0 1
13 0 2
13 1 3
13 3 4
13 4 5
13 5 6
13 6 7
13 7 8
13 7 9
13 8 10
13 8 11
13 8 12
13 10 13
13 10 14
13 11 15
13 12 16
13 12 17
13 14 18
13 14 19
13 19 20
13 19 21
13 19 22
13 20 23
13 20 24
13 20 25
13 21 26
13 22 27
13 23 25
13 25 28
13 26 29
13 27 30
13 28 31
13 28 32
13 29 33
13 30 34
13 33 35
13 34 36
13 34 37
13 35 38
13 36 39
13 36 40
13 39 41
13 40 42
13 41 43
13 41 44
13 42 45
13 43 46
13 43 47
13 45 48
13 45 49
13 45 50
13 46 51
13 47 52
13 47 53
13 48 54
13 51 55
13 51 56
13 52 57
13 54 58
13 55 59
13 55 60
13 57 61
13 59 62
14 0 1
14 0 2
14 0 3
14 0 4
14 1 5
14 1 6
14 2 7
14 2 8
14 2 9
14 3 10
14 6 9
14 9 11
14 9 12
14 9 13
14 12 14
14 12 15
14 14 16
14 16 17
14 16 18
14 17 19
14 17 20
14 18 21
14 19 22
14 20 23
14 21 24
14 21 25
14 21 26
14 23 27
14 23 28
14 24 29
14 24 30
14 24 31
14 25 32
14 26 33
14 28 34
14 29 35
14 30 36
14 30 37
14 31 38
14 32 39
14 33 40
14 34 40
14 35 41
14 35 42
14 37 43
14 39 44
14 40 42
14 42 45
14 43 46
14 43 47
14 44 48
14 44 49
14 44 50
14 45 51
14 46 50
14 46 52
14 46 53
14 47 54
14 47 55
14 48 56
14 49 57
14 49 58
14 51 59
14 53 60
14 53 61
14 53 62
14 54 63
14 55 64
14 55 65
14 56 66
14 56 67
14 56 68
14 58 69
14 58 70
14 58 71
14 59 72
14 60 73
14 61 74
14 62 75
14 65 76
14 68 77
14 69 78
14 71 79
14 71 80
15 0 1
15 0 2
15 0 3
15 1 4
15 2 5
15 2 6
15 3 7
15 3 8
15 4 6
15 4 9
15 4 10
15 5 11
15 6 12
15 6 13
15 7 14
15 7 15
15 8 16
15 8 17
15 8 18
15 9 19
15 9 20
15 10 21
15 10 22
15 11 23
15 12 16
15 13 24
15 13 25
15 13 26
15 14 27
15 15 28
15 15 29
15 16 30
15 16 31
15 17 30
15 17 32
15 17 33
15 18 34
15 20 30
15 20 33
15 23 35
15 23 36
15 24 37
15 25 38
15 25 39
15 27 37
15 28 40
15 29 41
15 30 42
15 32 43
15 33 44
15 34 45
15 35 46
15 35 47
15 36 48
15 37 49
15 37 50
15 37 51
15 38 52
15 39 53
15 39 54
15 39 55
15 40 56
15 43 48
15 46 49
15 46 57
15 46 58
15 46 59
15 46 60
15 46 61
15 47 62
15 50 52
15 56 63
15 62 64
15 63 65
15 63 66
15 63 67
15 65 68
15 65 69
15 66 70
16 0 1
16 1 2
16 1 3
16 2 3
16 2 4
16 2 5
16 2 6
16 4 7
16 5 8
16 5 9
16 6 10
16 7 11
16 7 12
16 8 13
16 10 14
16 10 15
16 11 16
16 12 17
16 13 18
16 14 19
16 14 20
16 16 21
16 18 22
16 18 23
16 19 24
16 19 25
16 20 25
16 20 26
16 20 27
16 21 28
16 22 29
16 23 30
16 23 31
16 25 32
16 25 33
16 28 34
16 29 35
16 29 36
16 31 37
16 32 38
16 34 39
16 35 40
16 35 41
16 35 42
16 36 43
16 36 44
16 37 43
16 37 45
16 37 46
16 40 47
16 41 48
16 41 49
16 41 50
16 42 51
16 43 50
16 44 52
16 45 53
16 49 54
16 50 55
16 51 56
16 52 57
16 53 58
16 53 59
16 54 60
16 55 61
17 0 1
17 0 2
17 0 3
17 1 4
17 1 5
17 3 6
17 4 7
17 4 8
17 4 9
17 5 10
17 5 11
17 7 12
17 7 13
17 8 14
17 9 15
17 9 16
17 10 17
17 11 18
17 11 19
17 12 17
17 13 20
17 14 21
17 14 22
17 15 23
17 16 24
17 17 25
17 17 26
17 18 27
17 19 28
17 22 29
17 28 30
17 29 30
17 29 31
17 30 32
17 30 33
17 30 34
17 31 35
17 33 36
17 34 37
17 35 38
17 35 39
17 35 40
17 36 41
17 37 42
17 39 43
17 41 44
17 42 45
17 43 46
17 44 47
17 45 48
17 45 49
17 46 50
17 47 51
17 47 52
17 50 53
17 51 54
17 52 55
17 53 55
17 54 56
17 55 57
17 55 58
17 55 59
17 56 60
17 56 61
17 56 62
17 57 63
17 57 64
17 58 65
17 60 66
17 61 67
17 62 64
17 63 68
17 64 69
17 65 70
17 66 71
17 67 72
17 67 73
17 68 74
17 70 75
17 70 76
17 71 77
17 72 78
17 73 79
17 78 80
17 79 81
17 80 82
17 81 83
18 0 1
18 0 2
18 0 3
18 0 4
18 1 5
18 2 6
18 2 7
18 2 8
18 4 9
18 4 10
18 8 11
18 9 12
18 9 13
18 9 14
18 10 15
18 10 16
18 12 17
18 13 18
18 14 19
18 14 20
18 14 21
18 15 22
18 15 23
18 15 24
18 17 25
18 19 26
18 20 27
18 21 28
18 21 29
18 21 30
18 22 25
18 22 31
18 23 29
18 23 32
18 24 33
18 25 30
18 25 34
18 25 35
18 26 36
18 27 37
18 27 38
18 28 39
18 29 40
18 29 41
18 30 42
18 31 43
18 31 44
18 32 45
18 33 46
18 34 47
18 35 48
18 36 38
18 36 49
18 38 50
18 38 51
18 39 52
18 39 53
18 40 53
18 40 54
18 41 54
18 45 55
18 46 56
18 47 57
18 48 58
18 50 59
18 51 60
18 51 61
18 53 57
18 56 57
18 60 62
18 60 63
18 61 64
18 62 65
18 63 66
18 64 67
18 64 68
18 65 69
18 65 70
18 66 71
18 66 72
18 67 73
18 69 74
18 70 75
18 71 76
18 72 77
18 74 78
18 75 79
18 76 80
19 0 1
19 1 2
19 1 3
19 2 4
19 2 5
19 3 6
19 3 7
19 4 8
19 4 9
19 4 10
19 4 11
19 4 12
19 4 13
19 6 14
19 8 15
19 9 16
19 10 17
19 11 18
19 14 19
19 14 20
19 15 21
19 16 22
19 17 23
19 20 24
19 21 25
19 21 26
19 22 27
19 23 28
19 23 29
19 24 30
19 25 31
19 25 32
19 26 33
19 26 34
19 26 35
19 27 36
19 27 37
19 28 34
19 31 33
19 32 38
19 33 39
19 35 40
19 35 41
19 37 38
19 39 42
19 39 43
19 40 42
19 40 44
19 40 45
19 41 46
19 41 47
19 42 48
19 43 49
19 43 50
19 44 51
19 44 52
19 45 53
19 46 54
19 48 55
19 49 56
19 49 57
19 49 58
19 52 59
19 53 60
19 54 61
19 54 62
19 54 63
19 55 64
19 55 65
19 56 66
19 56 67
19 58 68
19 58 69
19 59 70
19 66 71
19 67 72
19 69 73
19 69 74
19 70 75
19 72 76
19 74 77
19 74 78
19 75 77
19 75 79
19 76 80
19 77 81
20 0 1
20 0 2
20 0 3
20 1 4
20 2 3
20 3 5
20 4 6
20 5 7
20 5 8
20 5 9
20 6 10
20 6 11
20 7 12
20 7 13
20 9 13
20 9 14
20 10 15
20 11 13
20 11 16
20 11 17
20 13 18
20 14 19
20 14 20
20 15 21
20 16 22
20 16 23
20 17 24
20 19 25
20 19 26
20 19 27
20 20 28
20 20 29
20 21 30
20 21 31
20 22 32
20 23 33
20 24 34
20 25 35
20 28 36
20 29 37
20 31 38
20 32 34
20 32 38
20 33 39
20 36 40
20 36 41
20 37 42
20 38 43
20 39 44
20 40 45
20 41 46
20 42 47
20 42 48
20 43 49
20 44 50
20 45 51
20 45 52
20 46 53
20 46 54
20 47 55
20 47 56
20 48 57
20 48 58
20 49 59
20 49 60
20 51 57
20 51 61
20 51 62
20 52 63
20 52 64
20 53 65
20 53 66
20 53 67
20 55 68
20 57 69
20 57 70
20 58 71
20 59 72
21 0 1
21 0 2
21 1 3
21 1 4
21 3 5
21 4 6
21 4 7
21 4 8
21 5 9
21 5 10
21 6 11
21 6 12
21 6 13
21 8 14
21 10 15
21 10 16
21 10 17
21 11 15
21 11 18
21 11 19
21 12 20
21 13 21
21 14 22
21 15 23
21 16 24
21 16 25
21 17 26
21 17 27
21 19 28
21 20 29
21 20 30
21 20 31
21 21 31
21 21 32
21 22 33
21 23 34
21 23 35
21 23 36
21 24 37
21 24 38
21 24 39
21 25 34
21 25 40
21 25 41
21 27 42
21 27 43
21 28 44
21 28 45
21 29 46
21 30 31
21 30 47
21 31 48
21 32 49
21 33 50
21 33 51
21 33 52
21 33 53
21 34 54
21 36 46
21 36 47
21 40 55
21 42 56
21 54 56
22 0 1
22 0 2
22 0 3
22 1 2
22 1 4
22 2 5
22 3 5
22 3 6
22 3 7
22 3 8
22 4 9
22 5 10
22 5 11
22 7 12
22 7 13
22 8 14
22 8 15
22 9 16
22 10 17
22 11 18
22 12 14
22 12 19
22 12 20
22 12 21
22 13 21
22 13 22
22 14 23
22 15 24
22 17 25
22 18 26
22 19 27
22 20 28
22 20 29
22 20 30
22 21 31
22 22 32
22 23 32
22 23 33
22 25 34
22 26 35
22 26 36
22 28 37
22 28 38
22 29 39
22 29 40
22 31 38
22 32 41
22 32 42
22 33 41
22 33 43
22 34 42
22 34 44
22 34 45
22 35 44
22 36 46
22 38 47
22 38 48
22 41 49
22 41 50
22 42 51
22 42 52
22 43 53
22 43 54
22 44 55
22 45 56
22 45 57
22 45 58
22 47 59
22 47 60
22 51 57
22 54 61
22 54 62
22 57 58
22 58 63
22 59 64
22 60 65
22 60 66
22 61 67
22 63 68
22 63 69
22 65 70
23 0 1
23 1 2
23 2 3
23 3 4
24 0 1
24 0 2
24 1 3
24 1 4
24 2 5
24 2 6
24 2 7
24 3 8
24 4 9
24 4 10
24 7 11
24 7 12
24 7 13
24 7 14
24 8 15
24 8 16
24 8 17
24 9 18
24 10 19
24 11 20
24 11 21
24 12 18
24 12 22
24 13 23
24 13 24
24 13 25
24 14 19
24 15 16
24 15 26
24 15 27
24 15 28
24 17 26
24 19 29
24 19 30
24 21 31
24 22 32
24 23 33
24 24 34
24 24 35
24 25 36
24 25 37
24 27 38
24 27 39
24 27 40
24 30 41
24 31 33
24 31 42
24 34 43
24 35 41
24 36 43
24 36 44
24 36 45
24 37 46
24 38 47
24 38 48
24 39 42
24 41 49
24 41 50
24 42 51
24 42 52
24 42 53
24 43 54
24 43 55
24 43 56
24 44 57
24 45 54
24 53 58
24 53 59
24 53 60
24 54 61
24 54 62
24 55 63
24 55 64
24 56 65
24 58 66
24 59 67
24 59 68
24 60 64
24 61 64
24 61 69
24 63 70
24 64 71
24 64 72
24 66 68
24 69 73
24 70 74
24 74 75
24 74 76
25 0 1
25 0 2
25 0 3
25 1 4
25 1 5
25 2 6
25 2 7
25 4 8
25 5 9
25 6 10
25 7 11
25 8 12
25 8 13
25 8 14
25 9 15
25 10 16
25 11 17
25 11 18
25 12 19
25 12 20
25 13 21
25 14 22
25 15 23
25 15 24
25 17 25
25 18 26
25 18 27
25 19 28
25 19 29
25 20 30
25 21 31
25 21 32
25 22 28
25 22 32
25 22 33
25 22 34
25 23 29
25 24 26
25 24 35
25 24 36
25 24 37
25 27 32
25 27 38
25 27 39
25 27 40
25 28 41
25 29 42
25 29 43
25 34 44
25 35 45
25 35 46
25 36 37
25 36 44
25 37 47
25 38 48
25 40 49
25 40 50
25 41 51
25 42 52
25 45 53
25 46 54
25 46 55
25 46 56
25 47 57
25 47 58
25 47 59
25 48 60
25 48 61
25 52 54
25 52 62
25 53 63
25 55 64
25 55 65
25 60 66
25 60 67
25 63 68
25 64 69
25 65 70
25 65 71
25 66 72
25 66 73
25 66 74
25 67 75
25 68 76
25 70 77
25 72 78
25 73 79
25 78 80
26 0 1
26 0 2
26 1 3
26 1 4
26 2 5
26 4 6
26 5 7
26 5 8
26 6 9
26 6 10
26 6 11
26 7 12
26 7 13
26 9 14
26 9 15
26 10 16
26 11 17
26 12 18
26 13 19
26 15 20
26 17 21
26 18 22
26 19 23
26 19 24
26 21 25
26 24 26
26 25 27
26 25 28
26 26 29
26 27 30
26 28 31
26 29 32
26 30 33
26 31 34
26 33 35
26 33 36
26 33 37
26 34 38
26 34 39
26 34 40
26 35 41
26 35 42
26 39 40
26 41 43
26 43 44
26 43 45
26 44 46
26 44 47
26 44 48
26 45 49
26 46 50
26 46 51
26 46 52
26 47 53
26 50 54
26 51 55
26 53 56
26 54 57
26 54 58
26 55 59
26 56 58
27 0 1
27 0 2
27 0 3
27 1 4
27 1 5
27 1 6
27 2 7
27 3 8
27 3 9
27 4 10
27 5 11
27 5 12
27 6 13
27 7 14
27 8 15
27 9 16
27 9 17
27 10 14
27 11 16
27 11 18
27 11 19
27 13 20
27 14 21
27 15 22
27 15 23
27 16 23
27 17 19
27 17 24
27 17 25
27 18 26
27 18 27
27 22 28
27 22 29
27 23 24
27 23 30
27 23 31
27 24 32
27 26 28
27 26 33
27 27 34
27 27 35
27 29 36
27 29 37
27 29 38
27 31 38
27 32 35
27 32 39
27 33 40
27 33 41
27 34 42
27 34 43
27 34 44
27 36 45
27 37 46
27 38 41
27 38 47
27 40 48
27 41 49
27 42 50
27 44 45
27 44 51
27 45 52
27 46 53
27 47 54
27 49 55
27 49 56
27 50 57
27 51 58
27 52 59
27 53 60
27 55 61
27 56 62
27 57 63
27 58 64
27 58 65
27 65 66
27 66 67
27 66 68
27 67 69
27 68 70
27 68 71
27 69 70
27 69 72
27 70 73
27 72 74
27 73 75
27 74 76
27 74 77
28 0 1
28 1 2
28 1 3
28 2 4
28 3 5
28 3 6
28 4 7
28 5 8
28 5 9
28 5 10
28 7 11
28 8 10
28 8 12
28 8 13
28 9 14
28 10 15
28 11 14
28 12 16
28 14 16
28 15 17
28 15 18
28 16 19
28 16 20
28 17 21
28 18 22
28 18 23
28 18 24
28 20 25
28 20 26
28 22 27
28 23 28
28 23 29
28 24 30
28 27 31
28 28 32
28 29 33
28 30 34
28 30 35
28 31 36
28 32 37
28 33 38
28 34 39
28 36 40
28 36 41
28 36 42
28 37 43
28 37 44
28 38 45
28 39 41
28 39 46
28 40 47
28 40 48
28 40 49
28 41 50
28 44 51
28 46 52
28 47 53
28 47 54
28 48 55
28 48 56
28 48 57
28 49 58
28 50 59
28 51 60
28 52 61
28 54 62
28 55 63
28 56 64
28 56 65
28 57 66
28 58 67
28 58 68
28 59 69
29 0 1
29 0 2
29 0 3
29 0 4
29 1 5
29 1 6
29 2 7
29 3 8
29 4 9
29 4 10
29 5 11
29 6 11
29 6 12
29 7 13
29 8 14
29 9 15
29 10 16
29 10 17
29 10 18
29 12 19
29 13 20
29 13 21
29 14 22
29 15 23
29 16 24
29 16 25
29 18 26
29 18 27
29 20 28
29 21 29
29 23 30
29 24 30
29 24 31
29 27 32
29 29 33
29 29 34
29 32 35
29 32 36
29 32 37
29 35 38
29 35 39
29 37 40
29 38 41
29 38 42
29 39 43
29 40 44
29 40 45
29 41 46
29 41 47
29 42 48
29 42 49
29 43 50
29 44 51
29 44 52
29 45 53
29 45 54
29 46 55
29 48 56
29 49 57
29 51 58
29 51 59
29 52 60
29 52 61
29 53 62
29 53 63
29 54 64
29 55 65
29 56 66
29 56 67
29 57 66
29 58 68
29 58 69
29 59 70
29 59 71
29 63 64
30 0 1
30 0 2
30 2 3
30 3 4
30 3 5
30 4 6
30 5 7
30 5 8
30 5 9
30 7 10
30 8 11
30 10 12
30 11 13
30 11 14
30 11 15
30 12 16
30 13 17
30 13 18
30 14 19
30 16 20
30 17 21
30 19 22
30 20 23
30 21 24
30 21 25
30 22 26
30 23 27
30 25 28
30 26 29
30 26 30
30 26 31
30 27 32
30 27 33
30 28 34
30 29 30
30 29 35
30 30 36
30 30 37
30 30 38
30 31 39
30 32 40
30 35 41
30 35 42
30 36 43
30 39 44
30 40 45
30 41 46
30 42 47
30 43 48
30 45 47
30 45 49
30 46 50
30 47 51
30 47 52
30 47 53
30 50 54
30 52 55
30 53 56
30 54 57
30 54 58
30 55 59
30 55 60
30 56 61
30 56 62
30 57 63
30 58 64
30 59 65
30 60 66
30 61 67
30 62 66
30 64 68
30 64 69
30 65 70
30 66 71
30 66 72
30 68 73
30 69 74
30 70 73
31 0 1
31 0 2
31 1 3
31 2 4
31 2 5
31 3 6
31 5 7
31 7 8
31 7 9
31 8 10
31 8 11
31 9 12
31 10 13
31 12 14
31 13 15
31 13 16
31 14 17
31 14 18
31 15 19
31 16 20
31 17 21
31 19 22
31 20 23
31 21 24
31 22 25
31 23 26
31 24 27
31 24 28
31 24 29
31 25 30
31 26 31
31 26 32
31 27 33
31 27 34
31 29 35
31 32 36
31 34 37
31 37 38
31 37 39
31 38 40
31 39 41
31 39 42
31 40 43
31 40 44
31 42 45
31 42 46
31 42 47
31 43 48
31 44 49
31 44 50
31 45 51
31 46 52
31 46 53
31 47 54
31 47 55
31 48 56
31 49 57
31 51 58
31 52 59
31 53 60
31 53 61
31 54 61
31 54 62
31 55 63
31 56 63
31 56 64
31 57 65
31 57 66
31 58 67
31 59 68
31 59 69
31 59 70
31 59 71
31 60 72
31 61 73
31 62 74
31 64 73
31 64 75
31 65 76
32 0 1
32 0 2
32 0 3
32 1 4
32 2 5
32 3 6
32 3 7
32 4 8
32 5 9
32 5 10
32 6 11
32 7 12
32 8 13
32 8 14
32 9 15
32 10 16
32 12 17
32 12 18
32 12 19
32 13 15
32 13 17
32 15 16
32 15 20
32 15 21
32 15 22
32 16 23
32 17 24
32 19 25
32 19 26
32 19 27
32 20 28
32 21 29
32 22 30
32 22 31
32 22 32
32 23 33
32 28 34
32 30 35
32 31 36
32 32 37
32 32 38
32 34 39
32 36 40
32 36 41
32 37 42
32 38 43
32 39 44
32 40 45
32 40 46
32 41 47
32 43 44
32 43 48
32 43 49
32 44 50
32 44 51
32 45 52
32 46 53
32 46 54
32 49 55
32 49 56
32 50 57
32 51 55
32 51 58
32 51 59
32 51 60
32 52 61
32 52 62
32 53 54
32 53 63
32 54 56
32 54 64
32 54 65
32 55 66
32 56 67
32 56 68
32 57 69
32 57 70
32 58 71
32 58 72
32 58 73
32 59 74
32 59 75
32 60 76
32 60 77
32 61 62
32 62 63
32 62 72
32 64 78
32 67 79
32 68 80
32 69 81
32 70 82
32 71 82
33 0 1
33 0 2
33 1 3
33 2 4
33 2 5
33 3 6
33 4 7
33 4 8
33 5 9
33 5 10
33 6 11
33 7 12
33 7 13
33 8 14
33 9 15
33 9 16
33 9 17
33 10 18
33 11 19
33 11 20
33 12 16
33 12 21
33 13 14
33 14 22
33 15 23
33 16 24
33 17 25
33 18 26
33 18 27
33 19 28
33 21 29
33 22 23
33 22 25
33 22 30
33 22 31
33 23 32
33 25 33
33 25 34
33 26 28
33 26 35
33 27 36
33 27 37
33 27 38
33 28 39
33 29 40
33 30 41
33 31 42
33 33 43
33 33 44
33 34 45
33 35 36
33 35 46
33 37 47
33 37 48
33 38 39
33 38 49
33 38 50
33 39 51
33 39 52
33 40 53
33 40 54
33 42 55
33 43 56
33 44 57
33 45 58
33 47 59
33 48 60
33 48 61
33 49 52
33 50 62
33 51 63
33 53 64
33 55 65
33 58 66
33 59 62
33 59 66
33 60 67
33 61 68
33 63 69
33 64 70
33 65 71
33 66 72
33 66 73
33 68 74
33 70 75
33 73 76
34 0 1
34 1 2
34 1 3
34 1 4
34 2 5
34 4 6
34 4 7
34 5 8
34 6 9
34 7 10
34 7 11
34 8 12
34 9 13
34 10 14
34 10 15
34 11 16
34 12 17
34 13 18
34 14 19
34 15 20
34 15 21
34 15 22
34 15 23
34 16 22
34 16 24
34 17 25
34 21 26
34 23 27
34 24 28
34 24 29
34 25 30
34 26 29
34 26 31
34 27 32
34 28 33
34 28 34
34 28 35
34 29 36
34 29 37
34 29 38
34 29 39
34 32 40
34 33 34
34 33 41
34 33 42
34 34 43
34 34 44
34 35 45
34 36 46
34 37 47
34 38 44
34 39 48
34 39 49
34 39 50
34 43 51
34 45 52
34 46 53
34 47 51
34 47 54
34 49 55
34 49 56
34 49 57
34 50 58
34 50 59
34 50 60
34 51 61
34 51 62
34 53 63
34 53 64
34 53 65
34 54 66
34 55 67
34 56 68
34 57 69
34 58 70
34 61 71
34 61 72
34 62 73
35 0 1
35 0 2
35 2 3
35 3 4
35 4 5
35 5 6
35 5 7
35 7 8
35 8 9
35 8 10
35 10 11
35 11 12
35 11 13
35 13 14
35 14 15
35 15 16
35 15 17
35 15 18
35 15 19
35 15 20
35 16 21
35 17 22
35 18 23
35 19 24
35 20 25
35 20 26
35 21 27
35 22 28
35 23 29
35 24 30
35 25 31
35 25 32
35 26 33
35 27 34
35 27 35
35 28 36
35 29 37
35 29 38
35 30 39
35 31 40
35 32 41
35 33 42
35 34 43
35 34 44
35 34 45
35 35 46
35 35 47
35 36 48
35 37 49
35 37 50
35 37 51
35 39 52
35 42 53
35 44 54
35 44 55
35 45 56
35 45 57
35 46 58
35 47 59
35 47 60
35 49 61
35 49 62
35 50 63
35 52 63
35 54 64
35 60 65
35 64 66
35 64 67
35 66 68
35 68 69
35 68 70
36 0 1
36 1 2
36 2 3
36 2 4
36 2 5
36 3 6
36 4 7
36 4 8
36 5 9
36 6 10
36 6 11
36 6 12
36 7 13
36 8 14
36 8 15
36 9 16
36 9 17
36 10 18
36 10 19
36 10 20
36 11 21
36 11 22
36 12 23
36 13 24
36 13 25
36 13 26
36 14 27
36 14 28
36 15 29
36 16 30
36 16 31
36 18 32
36 20 33
36 21 34
36 22 24
36 25 35
36 26 36
36 27 28
36 28 37
36 28 38
36 29 30
36 29 39
36 29 40
36 30 38
36 31 41
36 31 42
36 31 43
36 33 44
36 34 42
36 34 45
36 34 46
36 34 47
36 35 48
36 35 49
36 36 50
36 36 51
36 37 52
36 38 53
36 38 54
36 41 55
36 41 56
36 42 47
36 42 57
36 43 58
36 44 59
36 45 60
36 46 61
36 47 62
36 47 63
36 47 64
36 47 65
36 48 66
36 57 58
36 59 67
36 60 68
36 61 69
36 62 63
36 63 70
36 65 71
36 67 72
36 68 73
36 68 74
36 68 75
36 75 76
36 76 77
36 77 78
37 0 1
37 0 2
37 1 3
37 1 4
37 1 5
37 1 6
37 2 7
37 2 8
37 3 9
37 4 10
37 4 11
37 5 12
37 6 13
37 7 14
37 8 15
37 8 16
37 9 17
37 10 13
37 10 18
37 11 19
37 12 20
37 12 21
37 13 22
37 14 23
37 14 24
37 14 25
37 15 22
37 15 26
37 16 23
37 16 27
37 17 25
37 17 28
37 17 29
37 18 30
37 18 31
37 20 21
37 20 32
37 21 33
37 21 34
37 23 35
37 23 36
37 24 33
37 24 34
37 24 37
37 27 37
37 28 38
37 29 39
37 30 31
37 30 40
37 31 41
37 31 42
37 32 43
37 32 44
37 33 45
37 34 46
37 34 47
37 37 42
37 45 48
37 45 49
37 45 50
37 46 51
37 46 52
37 46 53
37 47 54
37 47 55
37 48 56
37 48 57
37 48 58
37 49 59
37 50 60
37 50 61
37 51 62
37 52 63
37 54 57
37 55 64
37 55 65
37 55 66
37 56 67
37 57 68
37 58 66
37 58 69
37 60 70
37 60 71
37 61 72
37 63 67
37 63 73
37 64 74
37 65 75
37 65 76
37 67 77
37 67 78
37 67 79
37 69 80
37 69 81
37 69 82
37 70 83
37 71 84
37 73 85
37 74 86
37 74 87
37 79 87
37 81 88
38 0 1
38 0 2
38 0 3
38 0 4
38 1 4
38 1 5
38 1 6
38 2 7
38 2 8
38 3 9
38 4 10
38 4 11
38 6 12
38 8 13
38 9 14
38 9 15
38 10 15
38 10 16
38 10 17
38 12 18
38 14 19
38 15 20
38 15 21
38 16 22
38 16 23
38 18 24
38 18 25
38 20 26
38 22 27
38 22 28
38 23 29
38 24 30
38 24 31
38 25 32
38 26 33
38 26 34
38 27 35
38 28 35
38 28 36
38 28 37
38 28 38
38 29 33
38 34 39
38 35 40
38 37 41
38 38 42
38 38 43
38 40 44
38 40 45
38 40 46
38 40 47
38 41 48
38 41 49
38 42 50
38 42 51
38 46 52
38 47 53
38 48 51
38 48 54
38 48 55
38 48 56
38 49 57
38 50 58
38 52 59
38 52 60
38 53 61
38 54 61
38 54 62
38 54 63
38 54 64
38 55 65
38 55 66
38 57 62
38 57 67
38 60 68
38 61 69
38 62 70
38 64 71
38 65 72
38 65 73
38 66 74
38 67 75
38 68 71
38 68 76
38 69 77
38 70 71
39 0 1
39 0 2
39 1 3
39 1 4
39 1 5
39 2 6
39 4 7
39 6 8
39 8 9
39 8 10
39 9 11
39 9 12
39 9 13
39 11 14
39 11 15
39 12 16
39 12 17
39 13 18
39 13 19
39 13 20
39 14 21
39 15 20
39 15 22
39 15 23
39 16 24
39 17 25
39 18 26
39 18 27
39 19 28
39 22 29
39 22 30
39 23 31
39 24 29
39 26 32
39 27 33
39 28 34
39 29 35
39 29 36
39 30 37
39 31 38
39 32 39
39 32 40
39 33 41
39 33 42
39 35 43
39 35 44
39 36 37
39 36 45
39 36 46
39 39 47
39 39 48
39 40 49
39 40 50
39 42 51
39 42 52
39 43 53
39 44 54
39 45 55
39 46 55
39 46 56
39 47 48
39 47 57
39 47 58
39 47 59
39 47 60
39 49 50
39 53 61
39 59 62
39 59 63
39 61 64
39 62 65
39 64 66
39 64 67
39 65 68
39 65 69
39 66 70
39 70 71
39 70 72
40 0 1
40 0 2
40 0 3
40 2 4
40 4 5
40 4 6
40 5 7
40 5 8
40 6 9
40 6 10
40 6 11
40 7 12
40 7 13
40 7 14
40 8 14
40 8 15
40 9 15
40 10 16
40 11 17
40 12 18
40 13 19
40 14 20
40 19 21
40 19 22
40 21 23
40 22 24
40 23 25
40 24 26
40 26 27
40 27 28
40 27 29
40 28 30
40 29 31
40 29 32
40 29 33
40 30 34
40 30 35
40 31 36
40 32 37
40 33 38
40 34 39
40 34 40
40 34 41
40 35 42
40 37 43
40 38 44
40 39 45
40 41 46
40 42 47
40 43 48
40 43 49
40 45 50
40 45 51
40 46 47
40 46 52
40 47 53
40 48 54
40 49 55
40 50 56
40 51 57
40 51 58
40 54 59
41 0 1
41 1 2
41 1 3
41 1 4
41 3 5
41 3 6
41 5 7
41 5 8
41 6 9
41 7 10
41 8 11
41 8 12
41 9 13
41 9 14
41 10 15
41 10 16
41 11 17
41 12 18
41 12 19
41 13 20
41 13 21
41 15 22
41 16 23
41 16 24
41 17 24
41 18 25
41 20 26
41 21 27
41 21 28
41 21 29
41 22 30
41 22 31
41 23 28
41 23 32
41 24 32
41 24 33
41 25 34
41 26 35
41 27 36
41 27 37
41 28 38
41 28 39
41 29 38
41 29 40
41 29 41
41 33 42
41 34 43
41 35 36
41 35 44
41 38 39
41 38 43
41 38 45
41 41 46
41 41 47
41 41 48
41 41 49
41 42 47
41 43 50
41 44 51
41 45 52
41 46 53
41 47 54
41 47 55
41 48 56
41 49 57
41 51 58
41 52 57
41 53 54
41 53 59
41 55 60
41 55 61
41 56 62
41 57 63
41 58 64
41 59 65
41 60 66
41 61 62
41 61 67
41 62 68
42 0 1
42 0 2
42 0 3
42 0 4
42 0 5
42 2 6
42 3 7
42 3 8
42 4 9
42 5 10
42 5 11
42 6 12
42 7 13
42 8 14
42 8 15
42 10 16
42 11 17
42 12 18
42 12 19
42 13 19
42 15 20
42 15 21
42 16 22
42 17 21
42 17 23
42 17 24
42 18 19
42 18 25
42 18 26
42 20 27
42 21 28
42 23 29
42 23 30
42 25 31
42 25 32
42 25 33
42 26 34
42 26 35
42 26 36
42 27 35
42 27 37
42 28 38
42 29 32
42 29 39
42 29 40
42 31 41
42 31 42
42 32 43
42 33 44
42 34 45
42 35 46
42 36 47
42 37 48
42 38 45
42 39 46
42 40 49
42 41 50
42 41 51
42 42 52
42 43 44
42 43 53
42 44 54
42 45 55
42 46 56
42 47 57
42 47 58
42 47 59
42 48 60
42 50 61
42 52 61
42 52 62
42 53 63
42 55 64
42 55 65
42 56 66
42 62 67
42 62 68
42 63 69
42 63 70
42 65 71
42 67 72
42 68 73
42 69 74
42 69 75
42 71 76
42 71 77
42 72 78
42 74 79
42 74 80
42 75 78
42 78 81
42 79 82
42 81 83
42 81 84
43 0 1
43 0 2
43 1 3
43 2 4
43 2 5
43 3 6
43 3 7
43 4 8
43 5 6
43 6 9
43 6 10
43 6 11
43 8 12
43 9 13
43 9 14
43 10 15
43 11 16
43 11 17
43 12 18
43 13 19
43 14 20
43 14 21
43 15 17
43 16 22
43 18 23
43 19 24
43 21 25
43 22 26
43 23 27
43 24 28
43 25 29
43 25 30
43 26 31
43 26 32
43 27 30
43 27 33
43 28 34
43 29 35
43 29 36
43 30 37
43 34 38
43 34 39
43 35 40
43 35 41
43 36 42
43 36 43
43 36 44
43 37 45
43 38 46
43 39 47
43 39 48
43 40 49
43 41 50
43 41 51
43 42 52
43 43 53
43 43 54
43 43 55
43 44 56
43 46 57
43 47 55
44 0 1
44 1 2
44 1 3
44 3 4
44 4 5
45 0 1
45 0 2
45 1 3
45 1 4
45 1 5
45 2 6
45 2 7
45 3 8
45 5 9
45 5 10
45 5 11
45 6 10
45 7 12
45 7 13
45 8 14
45 9 15
45 10 16
45 10 17
45 11 18
45 12 16
45 12 19
45 12 20
45 12 21
45 12 22
45 13 23
45 14 17
45 16 24
45 17 25
45 18 26
45 19 27
45 20 21
45 22 28
45 22 29
45 23 30
45 23 31
45 23 32
45 24 33
45 24 34
45 24 35
45 26 29
45 26 36
45 26 37
45 30 32
45 31 33
45 32 38
45 33 35
45 33 39
45 33 40
45 33 41
45 34 42
45 34 43
45 35 44
45 36 45
45 38 46
45 41 47
45 42 48
45 46 49
45 46 50
45 46 51
45 47 52
45 48 53
45 48 54
45 49 51
45 50 55
45 50 56
45 51 57
45 51 58
45 51 59
45 52 60
45 52 61
45 52 62
45 55 63
45 58 64
45 58 65
45 59 66
45 59 67
45 59 68
45 60 69
45 61 70
45 62 71
45 63 72
45 64 73
45 66 74
45 67 75
45 68 76
45 69 77
45 70 78
45 71 79
45 72 80
45 73 81
46 0 1
46 1 2
46 2 3
46 2 4
46 2 5
46 2 6
46 2 7
46 2 8
46 3 9
46 4 10
46 5 11
46 6 12
46 6 13
46 6 14
46 6 15
46 7 16
46 7 17
46 7 18
46 8 19
46 8 20
46 8 21
46 8 22
46 9 17
46 9 23
46 9 24
46 10 25
46 11 26
46 12 27
46 12 28
46 13 27
46 17 29
46 19 30
46 19 31
46 21 32
46 21 33
46 24 32
46 24 34
46 25 35
46 25 36
46 25 37
46 26 29
46 26 38
46 29 39
46 30 40
46 31 41
46 31 42
46 32 43
46 33 44
46 33 45
46 35 46
46 35 47
46 41 48
46 43 49
46 44 50
46 44 51
46 45 47
46 45 52
46 47 53
46 49 53
46 49 54
46 50 55
46 52 56
46 53 57
46 54 58
46 55 59
47 0 1
47 1 2
47 1 3
47 1 4
47 1 5
47 2 6
47 2 7
47 2 8
47 3 9
47 3 10
47 4 11
47 4 12
47 5 13
47 5 14
47 5 15
47 6 14
47 6 16
47 7 17
47 8 10
47 8 18
47 9 19
47 9 20
47 10 21
47 11 22
47 12 21
47 12 23
47 13 22
47 14 23
47 15 24
47 15 25
47 15 26
47 16 27
47 17 28
47 17 29
47 18 28
47 19 30
47 20 21
47 20 31
47 21 32
47 22 33
47 23 28
47 24 34
47 27 35
47 28 36
47 29 37
47 30 38
47 32 39
47 32 40
47 33 41
47 34 42
47 34 43
47 35 44
47 36 45
47 36 46
47 37 47
47 38 48
47 39 49
47 40 50
47 40 51
47 40 52
47 40 53
47 41 54
47 42 44
47 42 46
47 43 55
47 43 56
47 43 57
47 43 58
47 44 59
47 45 60
47 46 61
47 48 51
47 48 62
47 50 63
47 51 54
47 57 64
47 58 65
47 59 66
47 61 67
47 61 68
47 61 69
47 63 70
47 63 71
47 69 72
47 71 73
47 72 74
47 72 75
47 72 76
48 0 1
48 0 2
48 0 3
48 0 4
48 1 5
48 1 6
48 2 7
48 2 8
48 3 6
48 3 9
48 4 10
48 4 11
48 4 12
48 5 13
48 6 14
48 7 15
48 8 16
48 8 17
48 10 18
48 10 19
48 11 20
48 11 21
48 11 22
48 12 23
48 12 24
48 13 25
48 14 26
48 14 27
48 15 28
48 16 29
48 17 24
48 18 30
48 19 31
48 19 32
48 21 29
48 25 33
48 33 34
48 33 35
48 33 36
48 34 37
48 34 38
48 35 39
48 35 40
48 36 41
48 36 42
48 38 43
48 38 44
48 39 45
48 41 46
48 41 47
48 43 48
48 43 49
48 44 47
48 45 50
48 45 51
48 51 52
48 52 53
48 53 54
48 53 55
48 54 56
48 55 57
48 55 58
48 56 59
48 57 60
48 58 61
48 58 62
48 59 63
48 60 64
48 61 65
48 61 66
48 62 67
48 62 68
48 63 69
48 63 70
49 0 1
49 0 2
49 0 3
49 0 4
49 1 5
49 2 6
49 4 7
49 4 8
49 5 9
49 5 10
49 6 11
49 8 12
49 8 13
49 9 14
49 10 15
49 11 16
49 12 16
49 12 17
49 12 18
49 13 19
49 13 20
49 14 21
49 15 22
49 15 23
49 16 23
49 17 24
49 18 25
49 19 26
49 20 27
49 21 28
49 21 29
49 22 26
49 22 30
49 22 31
49 24 32
49 25 33
49 26 34
49 27 35
49 28 36
49 29 37
49 31 38
49 31 39
49 32 40
49 33 41
49 33 42
49 34 43
49 34 44
49 34 45
49 39 46
49 40 47
49 43 48
49 44 45
49 44 49
49 44 50
49 44 51
49 45 52
49 46 53
49 46 54
49 47 49
49 47 55
49 48 56
49 49 57
49 50 58
49 50 59
49 54 60
49 55 60
49 55 61
49 56 62
49 56 63
49 56 64
49 57 65
49 58 66
49 58 67
49 59 68
49 65 69
49 67 70
49 69 71
49 70 72
49 72 73
49 73 74
49 73 75
50 0 1
50 0 2
50 0 3
50 1 4
50 1 5
50 2 6
50 4 7
50 5 8
50 5 9
50 6 10
50 6 11
50 7 12
50 7 13
50 8 14
50 8 15
50 9 16
50 9 17
50 10 18
50 11 19
50 12 20
50 13 21
50 14 22
50 15 23
50 16 24
50 16 25
50 18 26
50 20 27
50 20 28
50 22 27
50 22 29
50 24 30
50 25 31
50 25 32
50 25 33
50 26 34
50 27 35
50 30 36
50 32 37
50 33 38
50 34 39
50 35 40
50 35 41
50 36 38
50 36 42
50 37 43
50 38 44
50 39 45
50 39 46
50 39 47
50 40 48
50 44 49
50 46 48
50 46 50
50 47 49
50 47 51
50 47 52
50 50 53
50 51 54
50 53 55
50 53 56
50 54 57
50 54 58
51 0 1
51 1 2
51 2 3
51 3 4
51 3 5
51 4 6
51 4 7
51 5 8
51 5 9
51 7 10
51 8 11
51 9 11
51 9 12
51 9 13
51 10 12
51 10 14
51 11 15
51 11 16
51 11 17
51 12 18
51 13 19
51 13 20
51 13 21
51 14 22
51 14 23
51 17 24
51 18 25
51 20 26
51 22 27
51 24 28
51 25 29
51 26 30
51 26 31
51 28 32
51 28 33
51 32 34
51 32 35
51 32 36
51 33 37
51 35 38
51 35 39
51 36 40
51 36 41
51 37 42
51 39 43
51 41 44
51 41 45
51 43 45
51 43 46
51 44 47
51 45 48
51 45 49
51 47 50
51 47 51
51 47 52
51 48 53
51 49 54
51 49 55
51 49 56
51 49 57
51 50 58
51 52 59
51 53 60
51 53 61
51 54 62
51 54 63
51 55 64
51 56 65
51 56 66
51 60 67
51 61 68
51 62 69
51 62 70
51 63 71
51 64 72
51 67 73
51 69 73
52 0 1
52 0 2
52 1 3
52 2 4
52 3 5
52 4 6
52 4 7
52 6 8
52 7 9
52 8 10
52 9 11
52 9 12
52 10 11
52 10 13
52 10 14
52 10 15
52 11 16
52 11 17
52 12 18
52 13 19
52 13 20
52 14 21
52 14 22
52 15 23
52 15 24
52 15 25
52 16 26
52 17 27
52 18 28
52 19 29
52 19 30
52 19 31
52 21 32
52 22 33
52 24 34
52 24 35
52 25 33
52 25 34
52 25 36
52 26 37
52 27 38
52 29 39
52 30 40
52 30 41
52 33 42
52 34 43
52 34 44
52 35 45
52 35 46
52 36 40
52 38 47
52 39 48
52 39 49
52 40 50
52 42 51
52 43 52
52 43 53
52 44 54
52 44 55
52 45 56
52 46 57
52 47 48
52 47 58
52 48 59
52 49 58
52 49 60
52 50 61
52 53 59
52 53 62
52 54 63
52 54 64
52 58 60
52 62 65
52 62 66
53 0 1
53 1 2
53 1 3
53 1 4
53 2 5
53 3 6
53 3 7
53 4 5
53 4 8
53 4 9
53 6 10
53 7 11
53 8 12
53 8 13
53 8 14
53 9 15
53 10 16
53 10 17
53 11 18
53 12 19
53 13 20
53 13 21
53 17 22
53 18 20
53 19 23
53 20 24
53 22 25
53 23 26
53 23 27
53 24 28
53 25 29
53 28 30
53 28 31
53 29 32
53 30 33
53 31 34
53 31 35
53 33 36
53 33 37
53 34 38
53 34 39
53 38 40
53 40 41
53 41 42
53 42 43
53 43 44
53 44 45
53 45 46
53 46 47
53 46 48
53 47 49
53 47 50
53 48 51
53 49 52
53 49 53
53 50 54
53 51 55
53 52 56
53 53 57
53 54 58
53 54 59
53 55 60
53 56 61
53 58 62
53 58 63
53 58 64
53 58 65
53 59 66
53 61 67
53 63 68
53 63 69
53 63 70
53 65 71
53 65 72
53 66 73
53 67 74
54 0 1
54 0 2
54 0 3
54 1 4
54 2 5
54 5 6
54 6 7
54 6 8
54 6 9
54 6 10
54 8 11
54 9 12
54 10 12
54 11 13
54 12 14
54 13 15
54 14 16
54 14 17
54 15 18
54 16 19
54 16 20
54 17 21
54 18 22
54 18 23
54 19 24
54 20 25
54 22 26
54 23 27
54 24 28
54 24 29
54 27 30
54 27 31
54 28 32
54 28 33
54 29 34
54 30 35
54 30 36
54 32 37
54 33 38
54 33 39
54 34 38
54 34 40
54 35 41
54 35 42
54 36 43
54 37 44
54 37 45
54 38 46
54 41 47
54 42 48
54 42 49
54 42 50
54 43 51
54 43 52
54 45 53
54 45 54
54 46 55
54 46 56
54 47 57
54 50 58
54 51 59
54 51 60
54 52 61
54 53 62
54 54 59
54 54 63
54 55 64
54 55 65
54 55 66
54 58 67
54 61 68
54 61 69
54 62 70
54 63 71
54 65 72
54 65 73
54 65 74
54 66 75
54 67 76
54 70 72
55 0 1
55 0 2
55 1 3
55 2 4
55 3 5
55 4 6
55 5 7
55 5 8
55 7 9
55 7 10
55 8 11
55 9 12
55 9 13
55 10 14
55 10 15
55 10 16
55 10 17
55 12 14
55 13 18
55 16 19
55 18 20
55 19 21
55 19 22
55 20 23
55 21 24
55 22 25
55 23 26
55 24 27
55 24 28
55 25 29
55 26 30
55 26 31
55 27 32
55 28 33
55 29 34
55 29 35
55 30 36
55 31 37
55 32 38
55 34 39
55 35 40
55 36 41
55 36 42
55 38 43
55 40 44
55 40 45
55 41 43
55 41 46
55 42 47
55 43 48
55 45 49
55 46 50
55 46 51
55 46 52
55 47 53
55 48 54
55 49 55
55 50 56
55 51 57
55 54 58
55 55 59
55 56 60
56 0 1
56 0 2
56 1 3
56 1 4
56 1 5
56 2 6
56 3 7
56 3 8
56 4 9
56 4 10
56 5 11
56 6 12
56 7 13
56 8 14
56 8 15
56 9 16
56 9 17
56 11 18
56 12 19
56 13 20
56 15 21
56 15 22
56 17 23
56 20 24
56 22 25
56 23 26
56 24 27
56 24 28
56 24 29
56 24 30
56 25 31
56 25 32
56 26 29
56 26 33
56 27 34
56 28 35
56 28 36
56 28 37
56 29 38
56 30 39
56 30 40
56 31 41
56 33 42
56 38 43
56 39 43
56 40 44
56 40 45
56 42 44
56 42 46
56 43 45
56 43 47
56 44 48
56 44 49
56 45 50
56 46 51
56 46 52
56 46 53
56 47 54
56 47 55
56 47 56
56 49 57
56 50 58
56 51 59
56 51 60
56 53 61
56 54 62
56 56 63
56 57 64
56 58 65
56 58 66
56 60 67
56 60 68
56 61 63
56 62 69
56 62 70
56 63 71
56 64 72
56 65 73
56 69 70
56 69 74
56 72 75
57 0 1
57 0 2
57 1 3
57 2 4
57 3 5
57 4 6
57 5 7
57 5 8
57 6 9
57 7 10
57 7 11
57 9 12
57 10 13
57 10 14
57 11 15
57 11 16
57 12 17
57 12 18
57 12 19
57 13 20
57 13 21
57 13 22
57 14 21
57 14 23
57 14 24
57 16 25
57 16 26
57 17 27
57 17 28
57 18 29
57 18 30
57 21 31
57 22 32
57 23 33
57 23 34
57 25 35
57 26 36
57 26 37
57 26 38
57 27 39
57 28 40
57 29 41
57 30 42
57 31 43
57 31 44
57 33 45
57 33 46
57 34 47
57 34 48
57 34 49
57 34 50
57 35 51
57 36 52
57 37 53
57 38 54
57 39 55
57 40 44
57 42 51
57 46 56
58 0 1
58 0 2
58 1 3
58 1 4
58 1 5
58 3 6
58 3 7
58 4 8
58 4 9
58 4 10
58 5 11
58 5 12
58 6 13
58 6 14
58 11 15
58 12 16
58 12 17
58 13 18
58 14 19
58 14 20
58 14 21
58 16 22
58 16 23
58 17 24
58 17 25
58 18 26
58 18 27
58 18 28
58 19 29
58 20 27
58 20 30
58 24 31
58 26 32
58 27 33
58 28 34
58 29 35
58 32 36
58 35 37
58 35 38
58 36 39
58 36 40
58 37 41
58 38 42
58 38 43
58 39 40
58 39 44
58 40 45
58 42 46
58 42 47
58 43 48
58 44 49
58 44 50
58 45 51
58 47 52
58 47 53
58 48 54
58 51 55
58 52 56
58 52 57
58 54 58
58 55 59
58 55 60
58 55 61
58 56 62
58 57 63
58 57 64
59 0 1
59 1 2
59 2 3
59 3 4
59 3 5
59 3 6
59 4 7
59 5 8
59 6 9
59 7 10
59 8 11
59 9 12
59 9 13
59 10 14
59 11 15
59 12 16
59 12 17
59 13 18
59 13 19
59 14 20
59 15 21
59 16 22
59 17 23
59 17 24
59 18 21
59 19 25
59 19 26
59 19 27
59 20 28
59 21 29
59 22 30
59 23 31
59 24 32
59 24 33
59 25 34
59 26 35
59 27 36
59 27 37
59 27 38
59 28 39
59 28 40
59 29 41
59 29 42
59 30 43
59 30 44
59 30 45
59 31 46
59 32 47
59 33 48
59 33 49
59 34 47
59 35 50
59 35 51
59 36 52
59 36 53
59 37 54
59 38 55
59 38 56
59 38 57
59 39 58
59 40 59
59 41 60
59 42 61
59 42 62
59 43 63
59 44 64
59 45 65
59 47 66
59 53 67
59 54 56
59 54 68
59 54 69
59 55 70
59 55 71
59 57 72
59 58 73
59 70 71
60 0 1
60 1 2
60 1 3
60 2 4
60 2 5
60 3 6
60 3 7
60 3 8
60 8 9
60 9 10
61 0 1
61 1 2
61 2 3
61 3 4
61 4 5
61 5 6
61 5 7
61 7 8
61 7 9
61 8 10
61 9 11
61 9 12
61 9 13
61 11 14
61 12 15
61 14 16
61 15 17
61 15 18
61 17 19
61 18 20
61 19 21
61 20 22
61 20 23
61 20 24
61 21 25
61 22 26
61 22 27
61 23 28
61 24 29
61 25 28
61 25 30
61 25 31
61 26 32
61 27 33
61 29 34
61 29 35
61 31 36
61 31 37
61 33 34
61 34 38
61 35 39
61 36 40
61 36 41
61 37 38
61 37 42
61 37 43
61 39 42
61 39 44
61 40 44
61 40 45
61 41 46
61 41 47
61 42 48
61 43 49
61 44 46
61 44 50
61 45 51
61 45 52
61 45 53
61 46 54
61 47 55
61 48 56
61 49 51
61 49 57
61 49 58
61 54 59
61 56 60
61 57 61
61 58 62
61 59 63
61 60 64
61 61 65
61 63 66
61 65 67
61 65 68
61 66 69
61 66 70
61 66 71
61 68 72
61 69 73
61 69 74
61 69 75
62 0 1
62 0 2
62 0 3
62 0 4
62 1 3
62 1 5
62 3 6
62 4 7
62 6 8
62 6 9
62 7 10
62 7 11
62 7 12
62 8 13
62 9 14
62 9 15
62 10 16
62 10 17
62 10 18
62 11 19
62 12 20
62 12 21
62 13 22
62 13 23
62 14 16
62 14 23
62 14 24
62 15 25
62 16 24
62 17 26
62 18 27
62 19 28
62 20 29
62 20 30
62 21 31
62 21 32
62 23 33
62 24 29
62 24 34
62 24 35
62 25 36
62 25 37
62 26 38
62 28 31
62 30 39
62 30 40
62 31 32
62 33 40
62 33 41
62 34 42
62 35 43
62 36 44
62 36 45
62 37 41
62 38 46
62 39 47
62 39 48
62 40 49
62 40 50
62 43 51
62 43 52
62 44 53
62 46 54
62 46 55
62 46 56
62 46 57
62 48 56
62 55 58
62 55 59
62 57 60
62 59 61
62 60 62
62 61 63
62 61 64
62 61 65
63 0 1
63 0 2
63 1 3
63 2 4
63 2 5
63 2 6
63 4 7
63 4 8
63 5 9
63 5 10
63 6 11
63 6 12
63 7 13
63 7 14
63 8 12
63 8 15
63 8 16
63 12 17
63 13 18
63 13 19
63 14 20
63 15 21
63 18 22
63 19 23
63 20 24
63 20 25
63 21 26
63 21 27
63 24 28
63 24 29
63 25 30
63 26 31
63 27 32
63 27 33
63 27 34
63 28 35
63 28 36
63 29 37
63 29 38
63 30 39
63 33 39
63 33 40
63 39 41
63 39 42
63 39 43
63 40 44
63 40 45
63 41 46
63 41 47
63 41 48
63 41 49
63 42 50
63 43 51
63 44 52
63 45 53
63 45 54
63 46 55
63 46 56
63 47 57
63 47 58
63 47 59
63 49 60
63 49 61
63 49 62
63 50 63
63 51 64
63 51 65
63 54 55
63 56 66
63 57 67
63 58 68
63 62 65
63 66 69
63 68 70
63 68 71
63 70 72
63 72 73
63 72 74
64 0 1
64 0 2
64 1 3
64 1 4
64 1 5
64 2 6
64 3 7
64 3 8
64 3 9
64 4 10
64 4 11
64 4 12
64 5 13
64 7 14
64 9 15
64 10 16
64 10 17
64 12 18
64 13 19
64 13 20
64 14 21
64 14 22
64 15 19
64 15 23
64 15 24
64 16 23
64 16 25
64 17 26
64 17 27
64 18 28
64 19 22
64 19 29
64 19 30
64 20 31
64 21 32
64 21 33
64 23 34
64 24 35
64 24 36
64 25 37
64 25 38
64 25 39
64 25 40
64 26 41
64 26 42
64 27 43
64 27 44
64 29 44
64 29 45
64 30 46
64 31 47
64 32 48
64 32 49
64 33 50
64 33 51
64 38 52
64 39 53
64 40 54
64 40 55
64 41 56
64 42 53
64 42 57
64 42 58
64 43 59
64 43 60
64 44 61
64 45 51
64 45 59
64 45 62
64 45 63
64 46 64
64 46 65
65 0 1
65 1 2
65 1 3
65 2 4
65 2 5
65 2 6
65 3 7
65 3 8
65 4 9
65 4 10
65 5 11
65 6 12
65 6 13
65 8 14
65 8 15
65 11 16
65 11 17
65 11 18
65 12 19
65 12 20
65 13 19
65 13 21
65 14 22
65 14 23
65 15 21
65 15 22
65 15 24
65 16 25
65 17 26
65 17 27
65 17 28
65 18 29
65 19 30
65 22 31
65 22 32
65 23 33
65 24 34
65 25 35
65 26 36
65 26 37
65 28 38
65 28 39
65 30 31
65 30 33
65 31 40
65 32 41
65 33 35
65 34 42
65 34 43
65 35 40
65 35 41
65 35 44
65 35 45
65 38 46
65 39 47
65 40 44
65 40 48
65 42 49
65 43 45
65 43 50
65 43 51
65 43 52
65 44 53
65 45 54
65 45 55
65 46 56
65 47 57
65 48 58
65 48 59
65 50 60
65 51 61
65 52 62
65 53 63
65 53 64
65 55 62
65 58 61
65 59 65
65 61 66
65 62 67
65 62 68
65 66 69
65 66 70
65 67 71
65 68 71
65 68 72
65 69 73
65 70 74
65 70 75
65 71 76
65 73 77
65 73 78
65 74 79
65 78 79
66 0 1
66 0 2
66 0 3
66 0 4
66 0 5
66 1 6
66 1 7
66 2 8
66 2 9
66 3 7
66 3 10
66 4 11
66 6 12
66 7 13
66 7 14
66 8 15
66 9 16
66 9 17
66 9 18
66 10 19
66 10 20
66 11 21
66 11 22
66 12 23
66 13 24
66 13 25
66 14 26
66 15 24
66 16 27
66 17 28
66 17 29
66 20 30
66 20 31
66 22 32
66 23 33
66 24 34
66 25 35
66 26 34
66 26 36
66 27 37
66 27 38
66 27 39
66 28 40
66 29 41
66 30 42
66 31 43
66 31 44
66 32 45
66 33 39
66 34 46
66 34 47
66 35 42
66 35 48
66 36 49
66 36 50
66 36 51
66 41 52
66 42 53
66 43 44
66 43 54
66 43 55
66 43 56
66 44 57
66 45 58
66 46 59
66 48 60
66 48 61
66 49 62
66 49 63
66 50 52
66 50 64
66 51 65
66 51 66
66 52 67
66 53 68
66 53 69
66 53 70
66 54 55
66 55 71
66 56 72
66 58 73
66 58 74
67 0 1
67 0 2
67 1 3
67 1 4
67 4 5
67 4 6
67 4 7
67 6 8
67 6 9
67 7 10
67 7 11
67 7 12
67 9 13
67 10 14
67 10 15
67 11 16
67 12 17
67 12 18
67 13 19
67 14 20
67 14 21
67 15 16
67 16 22
67 17 23
67 18 21
67 18 24
67 19 25
67 19 26
67 23 27
67 24 28
67 24 29
67 26 30
67 27 31
67 27 32
67 28 33
67 29 34
67 29 35
67 29 36
67 30 37
67 30 38
67 30 39
67 31 40
67 31 41
67 31 42
67 31 43
67 32 44
67 32 45
67 34 36
67 36 46
67 36 47
67 36 48
67 36 49
67 36 50
67 37 51
67 39 52
67 40 52
67 42 53
67 45 54
67 45 55
67 46 55
67 46 56
67 46 57
67 48 52
67 48 58
67 49 59
67 49 60
67 51 61
67 51 62
67 52 63
67 54 64
67 55 65
67 56 66
67 61 64
68 0 1
68 0 2
68 1 3
68 1 4
68 2 5
68 4 6
68 6 7
68 6 8
68 6 9
68 7 10
68 7 11
68 7 12
68 7 13
68 7 14
68 9 15
68 10 14
68 10 16
68 11 17
68 11 18
68 12 19
68 14 18
68 14 20
68 14 21
68 14 22
68 15 23
68 16 23
68 16 24
68 18 25
68 19 25
68 20 26
68 20 27
68 21 28
68 21 29
68 22 26
68 23 30
68 23 31
68 23 32
68 24 33
68 24 34
68 25 35
68 26 36
68 27 37
68 28 30
68 28 38
68 29 39
68 31 40
68 32 41
68 33 42
68 33 43
68 34 44
68 34 45
68 35 46
68 35 47
68 35 48
68 36 48
68 39 49
68 40 50
68 40 51
68 42 52
68 42 53
68 43 54
68 43 55
68 43 56
68 45 57
68 46 58
68 46 59
68 47 54
68 47 60
68 47 61
68 47 62
68 48 63
68 49 64
68 49 65
68 50 51
68 50 66
68 50 67
68 51 68
68 52 69
68 52 70
68 53 59
68 56 57
69 0 1
69 0 2
69 0 3
69 1 4
69 1 5
69 2 6
69 3 4
69 3 7
69 4 8
69 6 9
69 6 10
69 6 11
69 8 12
69 9 13
69 9 14
69 10 12
69 10 15
69 10 16
69 11 17
69 12 18
69 12 19
69 15 20
69 15 21
69 16 22
69 16 23
69 17 24
69 17 25
69 19 26
69 19 27
69 19 28
69 20 29
69 21 27
69 23 29
69 23 30
69 24 25
69 24 31
69 24 32
69 25 33
69 26 34
69 29 35
69 30 33
69 33 36
69 33 37
69 33 38
69 34 39
69 34 40
69 35 41
69 35 42
69 35 43
69 36 44
69 37 45
69 39 46
69 39 47
69 41 42
69 42 48
69 43 47
69 43 49
69 44 50
69 45 51
69 46 52
69 46 53
69 46 54
69 48 55
69 48 56
69 50 57
69 50 58
69 51 52
69 51 59
69 52 60
69 52 61
69 53 62
69 58 63
69 58 64
69 61 63
69 61 65
69 62 66
69 63 65
69 63 67
69 63 68
69 63 69
69 64 70
70 0 1
70 0 2
70 0 3
70 0 4
70 1 5
70 2 6
70 2 7
70 3 7
70 3 8
70 4 9
70 4 10
70 5 9
70 5 11
70 6 12
70 6 13
70 6 14
70 7 15
70 9 16
70 9 17
70 9 18
70 9 19
70 12 20
70 12 21
70 12 22
70 18 23
70 19 24
70 20 25
70 21 26
70 22 27
70 22 28
70 23 29
70 24 30
70 25 31
70 26 32
70 26 33
70 27 34
70 28 35
70 29 36
70 29 37
70 30 38
70 30 39
70 30 40
70 30 41
70 31 42
70 31 43
70 33 44
70 34 38
70 34 45
70 34 46
70 34 47
70 35 46
70 35 48
70 36 47
70 36 49
70 37 46
70 37 50
70 37 51
70 39 52
70 39 53
70 42 54
70 42 55
70 44 56
70 44 57
70 45 56
70 45 58
70 45 59
70 48 53
70 49 60
70 49 61
70 49 62
70 50 63
70 50 64
70 51 65
70 51 66
70 52 67
70 52 68
70 53 69
70 53 70
70 55 71
70 57 72
70 58 73
70 60 74
70 66 75
70 67 76
70 69 77
70 70 78
70 71 77
70 73 74
71 0 1
71 1 2
71 1 3
71 1 4
71 2 5
71 3 6
71 3 7
71 4 8
71 5 9
71 6 10
71 6 11
71 7 12
71 8 13
71 8 14
71 10 15
71 11 16
71 15 17
71 15 18
71 16 19
71 17 20
71 17 21
71 17 22
71 19 23
71 22 24
71 23 25
71 23 26
71 23 27
71 24 28
71 25 29
71 26 30
71 26 31
71 27 32
71 28 33
71 29 34
71 30 31
71 30 35
71 31 36
71 32 37
71 32 38
71 33 39
71 34 40
71 34 41
71 38 42
71 38 43
71 38 44
71 40 45
71 41 46
71 41 47
71 42 48
71 44 49
71 44 50
71 45 51
71 45 52
71 46 53
71 47 54
71 47 55
71 48 56
71 49 57
71 49 58
71 50 59
71 50 60
71 51 61
71 51 62
71 51 63
71 52 58
71 52 64
71 52 65
71 53 66
71 55 67
71 56 68
71 56 69
71 58 60
71 58 67
71 58 70
71 59 71
71 60 72
71 61 62
71 61 73
71 62 74
71 70 75
71 72 74
71 72 76
72 0 1
72 0 2
72 1 3
72 2 4
72 3 5
72 3 6
72 5 7
72 7 8
73 0 1
73 0 2
73 1 3
73 1 4
73 3 5
73 4 6
73 5 7
73 6 8
73 6 9
73 8 10
73 9 11
73 9 12
73 9 13
73 10 14
73 10 15
73 12 16
73 14 17
73 14 18
73 14 19
73 15 20
73 16 21
73 16 22
73 16 23
73 17 24
73 17 25
73 17 26
73 18 27
73 19 25
73 19 28
73 20 29
73 20 30
73 20 31
73 21 32
73 21 33
73 22 28
73 22 34
73 23 32
73 25 35
73 27 36
73 28 37
73 28 38
73 31 39
73 31 40
73 32 41
73 32 42
73 33 43
73 34 44
73 35 45
73 35 46
73 36 47
73 37 48
73 37 49
73 38 50
73 39 51
73 39 52
73 40 53
73 41 50
73 41 54
73 41 55
73 42 56
73 43 57
73 44 58
73 45 59
73 46 60
73 46 61
73 46 62
73 48 63
73 48 64
73 48 65
73 49 66
73 50 53
73 50 66
73 50 67
73 51 68
73 52 56
73 52 69
73 53 70
73 56 71
73 57 72
73 57 73
73 59 73
73 64 65
74 0 1
74 0 2
74 1 3
74 2 4
74 2 5
74 3 6
74 4 7
74 4 8
74 4 9
74 5 10
74 6 11
74 6 12
74 6 13
74 7 14
74 7 15
74 8 16
74 9 15
74 9 16
74 10 15
74 12 17
74 12 18
74 12 19
74 13 20
74 14 21
74 14 22
74 17 23
74 19 21
74 21 24
74 22 25
74 23 26
74 24 27
74 25 28
74 26 29
74 26 30
75 0 1
75 1 2
75 1 3
75 1 4
75 1 5
75 2 6
75 3 7
75 4 8
75 4 9
75 5 10
75 6 11
75 6 12
75 7 13
75 8 14
75 8 15
75 10 16
75 10 17
75 10 18
75 12 19
75 12 20
75 13 21
75 14 22
75 14 23
75 16 22
75 16 24
75 17 25
75 17 26
75 17 27
75 18 28
75 18 29
75 18 30
75 19 27
75 19 31
75 19 32
75 21 33
75 21 34
75 21 35
75 22 36
75 23 37
75 25 35
75 25 38
75 25 39
75 26 40
75 27 41
75 27 42
75 29 43
75 30 44
75 31 43
75 31 45
75 31 46
75 31 47
75 31 48
75 32 49
75 33 50
75 34 35
75 34 51
75 43 44
75 44 52
75 44 53
75 45 54
75 46 55
75 49 53
75 52 55
75 52 56
75 52 57
75 53 58
75 53 59
75 55 60
75 57 61
75 58 62
75 59 63
75 59 64
75 61 65
75 63 64
75 63 66
75 65 67
76 0 1
76 0 2
76 1 3
76 2 4
76 2 5
76 3 6
76 3 7
76 3 8
76 5 9
76 5 10
76 5 11
76 6 12
76 7 13
76 8 14
76 9 15
76 12 16
76 13 17
76 13 18
76 13 19
76 14 20
76 16 21
76 16 22
76 16 23
76 18 24
76 20 25
76 21 26
76 22 26
76 22 27
76 22 28
76 23 29
76 26 30
76 27 31
76 27 32
76 28 33
76 28 34
76 29 35
76 30 36
76 31 33
76 31 37
76 32 38
76 32 39
76 33 40
76 34 41
76 34 42
76 34 43
76 35 44
76 36 45
76 36 46
76 36 47
76 37 40
76 37 48
76 37 49
76 38 50
76 38 51
76 41 42
76 41 52
76 41 53
76 41 54
76 41 55
76 42 56
76 43 53
76 45 57
76 46 53
76 48 58
76 49 59
76 50 60
76 51 61
76 52 62
76 53 60
76 53 63
76 55 56
76 56 64
76 57 65
76 58 66
76 58 67
76 59 64
76 60 68
76 60 69
76 63 70
76 64 71
76 68 72
76 72 73
76 72 74
77 0 1
77 1 2
77 2 3
77 2 4
77 2 5
77 2 6
77 2 7
77 3 5
77 3 8
77 4 9
77 4 10
77 5 11
77 6 12
77 6 13
77 6 14
77 8 15
77 8 16
77 10 17
77 11 14
77 11 18
77 11 19
77 12 20
77 12 21
77 13 22
77 14 23
77 14 24
77 15 25
77 16 26
77 17 27
77 17 28
77 19 29
77 19 30
77 19 31
77 20 32
77 21 32
77 22 33
77 23 34
77 23 35
77 24 34
77 24 36
77 24 37
77 25 36
77 25 38
77 26 34
77 26 39
77 27 40
77 28 41
77 29 33
77 29 42
77 30 43
77 32 44
77 33 45
77 33 46
77 36 47
77 37 48
77 37 49
77 37 50
77 38 51
77 40 47
77 41 47
77 43 52
77 43 53
77 43 54
77 44 55
77 51 56
77 52 57
77 52 58
77 52 59
77 52 60
77 60 61
78 0 1
78 0 2
78 1 3
78 2 4
78 2 5
78 2 6
78 2 7
78 3 4
78 4 8
78 4 9
78 4 10
78 4 11
78 5 7
78 5 12
78 6 13
78 6 14
78 6 15
78 7 16
78 8 17
78 8 18
78 10 13
78 10 19
78 10 20
78 11 21
78 11 22
78 11 23
78 13 14
78 13 19
78 13 23
78 13 24
78 14 15
78 14 25
78 14 26
78 16 25
78 16 27
78 16 28
78 18 29
78 18 30
78 19 31
78 20 30
78 21 32
78 21 33
78 21 34
78 22 35
78 23 36
78 24 37
78 29 38
78 29 39
78 30 40
78 33 40
78 33 41
78 34 42
78 35 43
78 35 44
78 35 45
78 36 46
78 38 47
78 38 48
78 39 49
78 39 50
78 39 51
78 40 52
78 41 43
78 41 53
78 41 54
78 41 55
78 41 56
78 43 57
78 43 58
78 44 59
78 46 60
78 49 61
78 56 62
78 56 63
78 57 64
78 58 65
78 59 65
78 62 66
78 63 67
78 63 68
78 64 69
78 67 68
78 67 70
78 68 71
78 69 72
79 0 1
79 0 2
79 0 3
79 0 4
79 1 5
79 1 6
79 2 7
79 3 7
79 3 8
79 4 6
79 4 9
79 6 10
79 7 11
79 7 12
79 8 13
79 8 14
79 9 15
79 10 16
79 10 17
79 11 15
79 11 18
79 11 19
79 11 20
79 15 21
79 16 22
79 17 23
79 18 24
79 19 25
79 20 26
79 20 27
79 21 28
79 23 29
79 24 30
79 24 31
79 26 32
79 26 33
79 27 34
79 27 35
79 28 36
79 29 37
79 30 38
79 30 39
79 33 40
79 33 41
79 33 42
79 34 42
79 34 43
79 35 36
79 37 44
79 38 45
79 39 46
79 40 47
79 40 48
79 41 49
79 41 50
79 42 46
79 42 51
79 42 52
79 43 53
79 43 54
79 44 55
79 45 56
79 45 57
79 46 56
79 46 58
79 46 59
79 49 50
79 51 60
79 55 61
79 55 62
79 56 63
79 58 64
79 60 65
79 60 66
79 60 67
79 64 68
80 0 1
80 0 2
80 0 3
80 0 4
80 0 5
80 1 6
80 2 7
80 3 8
80 3 9
80 3 10
80 6 11
80 6 12
80 7 13
80 8 14
80 8 15
80 9 16
80 10 17
80 11 18
80 12 18
80 14 19
80 15 19
80 15 20
80 15 21
80 17 22
80 18 23
80 19 24
80 19 25
80 19 26
80 20 27
80 20 28
80 21 27
80 21 29
80 22 30
80 24 31
80 25 32
80 25 33
80 27 33
80 27 34
80 27 35
80 27 36
80 27 37
80 28 36
80 28 38
80 28 39
80 30 39
80 31 40
80 32 41
80 33 42
80 34 43
80 35 44
80 35 45
80 36 46
80 40 47
80 42 48
80 44 49
80 44 50
80 44 51
80 45 52
80 45 53
80 46 54
80 47 55
80 48 56
80 48 57
80 51 58
80 51 59
80 53 60
80 54 61
80 55 62
80 56 61
80 57 63
80 57 64
80 58 65
80 58 66
80 59 64
80 61 67
80 62 68
80 62 69
80 65 70
80 67 71
80 70 72
80 71 73
80 72 74
80 73 75
80 74 76
80 76 77
81 0 1
81 0 2
81 2 3
81 2 4
81 3 5
81 3 6
81 3 7
81 4 8
81 5 9
81 5 10
81 5 11
81 6 12
81 7 13
81 7 14
81 8 15
81 8 16
81 10 17
81 11 18
81 11 19
81 12 20
81 13 21
81 13 22
81 14 23
81 15 24
81 16 25
81 16 26
81 17 27
81 20 28
81 21 29
81 21 30
81 21 31
81 22 32
81 23 33
81 24 34
81 25 35
81 26 36
81 26 37
81 26 38
81 27 39
81 27 40
81 28 41
81 29 31
81 29 42
81 29 43
81 29 44
81 32 45
81 43 46
81 44 47
81 44 48
81 46 49
81 47 50
81 47 51
81 48 52
81 48 53
81 53 54
81 54 55
81 54 56
81 54 57
81 55 58
81 56 59
81 57 60
81 57 61
81 57 62
81 57 63
81 57 64
81 58 65
81 58 66
82 0 1
82 1 2
82 1 3
82 1 4
82 2 5
82 3 6
82 3 7
82 6 8
82 8 9
83 0 1
83 0 2
83 1 3
83 1 4
83 1 5
83 2 6
83 3 4
83 3 7
83 3 8
83 5 8
83 5 9
83 6 10
83 6 11
83 7 12
83 7 13
83 8 14
83 9 15
83 9 16
83 9 17
83 10 18
83 12 19
83 12 20
83 12 21
83 13 19
83 14 22
83 15 23
83 15 24
83 16 25
83 17 26
83 19 27
83 20 28
83 20 29
83 21 30
83 23 31
83 23 32
83 25 33
83 26 31
83 28 34
83 29 35
83 30 36
83 31 37
83 33 38
83 34 36
83 35 39
83 39 40
83 40 41
83 41 42
84 0 1
84 1 2
84 1 3
84 1 4
84 2 5
84 4 6
84 4 7
84 6 8
84 7 9
84 7 10
84 7 11
84 7 12
84 9 13
84 9 14
84 10 15
84 10 16
84 11 17
84 11 18
84 12 19
84 12 20
84 12 21
84 13 18
84 13 22
84 14 23
84 18 24
84 18 25
84 19 26
84 19 27
84 20 23
84 20 28
84 20 29
84 20 30
84 21 31
84 22 32
84 23 33
84 23 34
84 27 35
84 28 36
84 29 37
84 30 38
84 31 33
84 35 39
84 35 40
84 35 41
84 36 42
84 37 43
84 37 44
84 38 45
84 40 46
84 40 47
84 41 48
84 41 49
84 42 50
84 44 51
84 46 52
84 47 53
84 48 54
84 49 51
84 49 55
84 51 56
84 53 57
84 53 58
84 54 59
84 55 60
84 56 61
84 60 62
84 62 63
84 63 64
84 63 65
84 65 66
84 65 67
85 0 1
85 0 2
85 0 3
85 0 4
85 2 5
85 2 6
85 4 7
85 4 8
85 5 7
85 8 9
85 8 10
85 8 11
85 11 12
85 11 13
85 12 14
85 13 15
85 13 16
85 14 17
85 14 18
85 15 19
85 16 20
85 16 21
85 17 22
85 17 23
85 19 24
85 19 25
85 19 26
85 20 27
85 21 28
85 23 24
85 26 29
85 27 30
85 27 31
85 27 32
85 29 33
85 29 34
85 30 35
85 30 36
85 31 37
85 32 38
85 32 39
85 33 40
85 33 41
85 33 42
85 36 43
85 36 44
85 37 45
85 37 46
85 38 39
85 38 47
85 40 48
85 41 49
85 41 50
85 43 51
85 43 52
85 44 53
85 50 54
85 51 55
85 52 56
85 52 57
85 54 58
85 55 59
85 56 60
85 57 58
85 58 61
85 58 62
85 58 63
85 59 64
85 60 65
85 61 63
85 61 66
85 62 67
85 62 68
85 63 69
85 64 70
85 66 71
85 67 72
85 70 71
86 0 1
86 0 2
86 0 3
86 1 4
86 1 5
86 1 6
86 2 7
86 3 8
86 4 5
86 4 9
86 5 10
86 5 11
86 6 8
86 6 12
86 8 13
86 10 14
86 11 15
86 11 16
86 12 17
86 12 18
86 13 15
86 13 19
86 13 20
86 13 21
86 13 22
86 14 23
86 15 24
86 16 25
86 19 26
86 20 27
86 21 28
86 21 29
86 22 30
86 24 27
86 24 31
86 25 32
86 25 33
86 26 34
86 27 35
86 27 36
86 30 37
86 33 38
86 33 39
86 34 40
86 35 41
86 36 42
86 39 43
86 40 44
86 41 45
86 41 46
86 42 47
86 43 48
86 43 49
86 45 50
86 46 51
86 47 52
86 47 53
86 48 54
86 48 55
86 49 56
86 49 57
86 49 58
86 50 54
86 51 59
86 52 60
86 53 61
86 55 62
86 55 63
86 56 64
86 57 65
86 60 66
86 63 67
86 64 68
86 64 69
86 64 70
86 64 71
86 65 66
86 66 70
87 0 1
87 0 2
87 0 3
87 0 4
87 1 5
87 2 6
87 3 7
87 4 8
87 4 9
87 5 10
87 9 11
87 10 12
87 10 13
87 11 14
87 11 15
87 13 16
87 13 17
87 13 18
87 14 17
87 14 19
87 15 19
87 15 20
87 16 21
87 18 22
87 19 23
87 19 24
87 20 25
87 20 26
87 20 27
87 21 22
87 21 28
87 21 29
87 22 30
87 25 31
87 25 32
87 27 33
87 27 34
87 29 34
87 29 35
87 30 36
87 30 37
87 30 38
87 31 39
87 33 40
87 33 41
87 35 42
87 35 43
87 36 44
87 38 45
87 39 46
87 39 47
87 40 48
87 40 49
87 41 50
87 42 51
87 42 52
87 42 53
87 43 54
87 43 55
87 43 56
87 45 57
87 46 58
87 48 58
87 48 59
87 48 60
87 50 61
87 50 62
87 51 62
87 52 63
87 53 64
87 54 65
87 54 66
87 54 67
87 56 68
87 57 68
87 57 69
87 57 70
87 58 71
87 58 72
87 60 73
87 61 74
87 64 75
87 65 76
87 69 74
88 0 1
88 0 2
88 0 3
88 1 4
88 1 5
88 3 6
88 4 7
88 5 8
88 6 9
88 7 10
88 7 11
88 8 12
88 9 13
88 9 14
88 11 15
88 11 16
88 12 17
88 12 18
88 13 19
88 14 15
88 14 20
88 15 21
88 15 22
88 16 21
88 20 23
88 21 24
88 21 25
88 22 26
88 23 27
88 23 28
88 23 29
88 25 30
88 25 31
88 27 32
88 28 33
88 28 34
88 29 34
88 29 35
88 30 36
88 30 37
88 31 38
88 31 39
88 34 40
88 34 41
88 35 42
88 36 43
88 36 44
88 38 43
88 38 45
88 38 46
88 39 47
88 39 48
88 40 49
88 40 50
88 44 51
88 45 52
88 45 53
88 46 54
88 46 55
88 47 54
88 48 50
88 49 56
88 49 57
88 49 58
88 52 59
88 53 60
88 53 61
88 55 57
88 55 62
88 55 63
88 55 64
88 57 59
88 59 65
88 60 66
88 60 67
88 61 68
88 63 69
88 64 70
88 65 71
88 67 72
88 68 73
88 68 74
89 0 1
89 0 2
89 1 3
89 1 4
89 1 5
89 2 6
89 2 7
89 4 8
89 4 9
89 4 10
89 6 8
89 6 10
89 6 11
89 7 12
89 7 13
89 9 14
89 11 13
89 11 15
89 12 15
89 12 16
89 13 17
89 13 18
89 14 19
89 14 20
89 16 20
89 16 21
89 16 22
89 16 23
89 17 24
89 18 25
89 18 26
89 18 27
89 20 28
89 21 23
89 21 29
89 21 30
89 22 31
89 23 32
89 23 33
89 24 34
89 25 35
89 26 36
89 27 33
89 27 37
89 28 38
89 29 39
89 30 40
89 30 41
89 32 39
89 32 42
89 35 43
89 41 44
89 42 45
89 42 46
89 43 47
89 43 48
89 44 49
89 44 50
89 45 51
89 46 52
89 46 53
89 46 54
89 47 53
89 47 55
89 48 56
89 49 57
89 49 58
89 50 52
89 50 59
89 50 60
89 51 61
89 52 62
89 53 63
89 54 64
89 55 65
89 56 66
89 56 67
89 57 66
89 59 62
89 60 68
89 62 69
89 62 70
89 64 71
89 66 72
89 66 73
89 66 74
90 0 1
90 0 2
90 1 3
90 2 4
90 4 5
90 5 6
90 5 7
90 7 8
90 7 9
90 8 10
90 8 11
90 9 12
90 9 13
90 10 14
90 11 15
90 11 16
90 11 17
90 12 18
90 12 19
90 13 20
90 14 21
90 15 22
90 15 23
90 16 24
90 17 25
90 17 26
90 17 27
90 18 26
90 20 28
90 21 29
90 22 30
90 23 31
90 23 32
90 23 33
90 24 34
90 25 35
90 26 36
90 27 37
90 27 38
90 27 39
90 28 40
90 28 41
90 34 42
90 35 43
90 35 44
90 36 45
90 39 46
90 41 47
90 42 48
90 43 49
90 43 50
90 44 51
90 45 52
90 45 53
90 46 54
90 46 55
90 47 56
90 47 57
90 48 58
90 48 59
90 50 60
90 51 61
90 51 62
90 52 63
90 53 64
90 55 63
90 55 65
90 56 66
90 56 67
90 58 68
91 0 1
91 0 2
91 1 3
91 1 4
91 1 5
91 2 6
91 2 7
91 2 8
91 3 9
91 4 6
91 4 10
91 6 11
91 7 12
91 8 13
91 8 14
91 9 15
91 9 16
91 13 17
91 13 18
91 13 19
91 14 20
91 16 21
91 17 22
91 17 23
91 18 24
91 19 25
91 20 26
91 20 27
91 21 28
91 21 29
91 22 30
91 23 31
91 23 32
91 25 26
91 25 33
91 26 34
91 26 35
91 26 36
91 27 35
91 28 34
91 28 37
91 30 38
91 31 39
91 31 40
91 32 41
91 32 42
91 32 43
91 34 44
91 34 45
91 35 46
91 36 37
91 36 39
91 36 47
91 37 48
91 42 49
91 43 50
91 44 51
91 46 52
91 46 53
91 48 54
91 50 55
91 51 56
91 52 57
91 53 58
91 53 59
91 54 60
91 54 61
91 54 62
91 55 63
91 55 64
91 56 65
91 56 66
91 57 67
91 57 68
91 58 68
91 58 69
91 58 70
91 61 71
91 62 72
91 64 73
91 64 74
91 64 75
91 65 66
91 65 76
91 71 77
91 73 78
91 74 79
91 75 80
91 76 81
91 78 82
91 78 83
91 80 84
92 0 1
92 0 2
92 0 3
92 1 4
92 1 5
92 2 6
92 2 7
92 3 8
92 4 9
92 5 10
92 5 11
92 6 12
92 9 13
92 9 14
92 10 15
92 10 16
92 12 17
92 13 18
92 13 19
92 14 20
92 15 21
92 19 22
92 19 23
92 20 24
92 21 25
92 22 26
92 22 27
92 23 28
92 23 29
92 23 30
92 24 31
92 25 32
92 25 33
92 26 34
92 28 35
92 29 36
92 29 37
92 29 38
92 30 39
92 31 40
92 32 41
92 32 42
92 32 43
92 33 44
92 33 45
92 34 46
92 35 44
92 35 47
92 36 48
92 37 49
92 38 50
92 40 51
92 40 52
92 40 53
92 41 51
92 41 54
92 41 55
92 42 56
92 42 57
92 42 58
92 42 59
92 44 57
92 53 60
92 54 61
92 54 62
92 54 63
92 55 64
92 56 62
92 56 65
92 57 66
92 57 67
92 57 68
92 58 69
92 62 70
92 64 70
92 67 69
93 0 1
93 1 2
93 1 3
93 2 4
93 2 5
93 3 6
93 3 7
93 4 7
93 5 8
93 7 9
93 7 10
93 8 11
93 9 12
93 10 13
93 10 14
93 11 15
93 11 16
93 12 17
93 12 18
93 12 19
93 13 20
93 14 21
93 14 22
93 14 23
93 15 24
93 15 25
93 15 26
93 16 27
93 17 28
93 17 29
93 18 30
93 19 28
93 19 30
93 19 31
93 21 32
93 22 33
93 22 34
93 24 35
93 25 36
93 25 37
93 28 38
93 28 39
93 28 40
93 29 30
93 29 41
93 29 42
93 29 43
93 31 44
93 31 45
93 31 46
93 32 34
93 32 47
93 33 48
93 37 49
93 37 50
93 37 51
93 38 52
93 38 53
93 39 54
93 40 42
93 40 55
93 40 56
93 41 57
93 41 58
93 42 46
93 42 59
93 43 56
93 44 46
93 44 49
93 45 60
93 45 61
93 47 62
93 50 61
93 50 63
93 50 64
93 51 65
93 52 66
93 53 67
93 53 68
93 55 69
93 56 70
93 57 71
93 59 72
93 60 73
93 60 74
93 62 75
93 63 75
93 64 76
93 65 66
93 72 76
93 73 77
93 75 78
93 76 79
93 76 80
93 79 81
93 79 82
93 81 83
93 83 84
93 84 85
93 84 86
94 0 1
94 0 2
94 1 3
94 1 4
94 3 5
94 4 6
94 4 7
94 5 8
94 6 9
94 6 10
94 8 11
94 8 12
94 10 13
94 10 14
94 10 15
94 13 16
94 13 17
94 14 18
94 14 19
94 14 20
94 15 21
94 15 22
94 17 23
94 20 24
94 21 22
94 21 25
94 21 26
94 22 27
94 23 24
94 23 28
94 25 29
94 26 30
94 28 31
94 30 32
94 30 33
94 30 34
94 31 35
94 32 36
94 34 37
94 34 38
94 34 39
94 35 40
94 36 41
94 37 42
94 37 43
94 38 44
94 39 45
94 40 46
94 42 47
94 42 48
94 44 49
94 45 50
94 46 51
94 47 52
94 48 49
94 49 53
94 52 54
94 52 55
94 53 56
94 54 57
94 54 58
94 55 59
94 55 60
94 56 61
94 58 62
94 59 63
94 61 64
94 62 65
94 63 66
94 63 67
94 64 68
94 65 69
94 66 70
94 67 71
94 68 72
94 69 73
94 71 74
94 73 75
94 73 76
94 73 77
94 74 78
94 75 79
94 77 80
94 79 81
95 0 1
95 0 2
95 0 3
95 0 4
95 1 5
95 1 6
95 2 7
95 2 8
95 2 9
95 3 10
95 4 11
95 4 12
95 5 13
95 6 14
95 7 15
95 9 16
95 9 17
95 12 18
95 13 15
95 13 19
95 14 20
95 14 21
95 15 22
95 16 23
95 17 24
95 17 25
95 17 26
95 18 21
95 18 26
95 19 27
95 20 28
95 21 29
95 22 27
95 22 30
95 23 31
95 23 32
95 23 33
95 24 33
95 24 34
95 26 35
95 28 29
95 33 36
95 33 37
95 35 38
95 36 39
95 37 39
95 37 40
95 38 41
95 39 42
95 40 43
95 41 44
95 43 45
95 43 46
95 43 47
95 44 48
95 45 49
95 45 50
95 46 51
95 47 52
95 50 53
95 51 54
95 51 55
95 52 56
95 53 57
95 53 58
95 54 59
96 0 1
96 0 2
96 1 3
96 1 4
96 1 5
96 3 6
96 4 7
96 4 8
96 4 9
96 5 10
96 5 11
96 5 12
96 6 13
96 7 14
96 7 15
96 7 16
96 8 17
96 9 18
96 9 19
96 10 20
96 11 21
96 12 22
96 13 23
96 13 24
96 14 25
96 15 26
96 18 25
96 19 27
96 20 28
96 21 29
96 22 30
96 22 31
96 23 32
96 23 33
96 24 34
96 25 35
96 25 36
96 27 37
96 28 38
96 28 39
96 32 37
96 32 40
96 32 41
96 33 42
96 34 43
96 34 44
96 35 45
96 35 46
96 35 47
96 36 38
96 36 48
96 36 49
96 36 50
96 37 47
96 37 51
96 38 52
96 39 53
96 40 54
96 42 55
96 43 53
96 43 56
96 45 57
96 46 58
96 47 59
96 47 60
96 48 61
96 48 62
96 50 58
96 51 63
96 52 64
96 52 65
96 52 66
96 64 66
97 0 1
97 0 2
97 0 3
97 1 4
97 1 5
97 1 6
97 2 4
97 2 7
97 3 8
97 3 9
97 4 10
97 7 11
97 7 12
97 8 13
97 10 14
97 11 15
97 14 16
97 16 17
97 16 18
97 16 19
97 17 18
97 17 20
97 17 21
97 17 22
97 17 23
97 19 24
97 21 25
97 22 26
97 22 27
97 23 28
97 24 29
97 25 30
97 26 29
97 27 31
97 27 32
97 29 33
97 29 34
97 30 35
97 30 36
97 30 37
97 31 38
97 31 39
97 32 40
97 33 41
97 33 42
97 34 43
97 38 44
97 39 45
97 39 46
97 39 47
97 40 48
97 41 42
97 41 49
97 41 50
97 45 50
97 46 51
97 47 52
97 48 53
97 48 54
97 48 55
97 49 56
97 49 57
97 49 58
97 55 57
98 0 1
98 0 2
98 0 3
98 1 4
98 2 5
98 2 6
98 3 7
98 3 8
98 3 9
98 4 10
98 6 11
98 7 12
98 9 13
98 9 14
98 10 15
98 11 16
98 12 17
98 12 18
98 13 19
98 13 20
98 14 16
98 14 21
98 15 22
98 15 23
98 15 24
98 16 25
98 16 26
98 17 18
98 17 27
98 18 28
98 19 29
98 19 30
98 20 31
98 20 32
98 22 24
98 22 26
98 22 30
98 22 33
98 22 34
98 25 35
98 26 36
98 27 37
98 29 38
98 29 39
98 30 40
98 30 41
98 30 42
98 37 43
98 38 44
98 38 45
98 39 46
98 40 47
98 41 48
98 44 49
98 45 50
98 46 51
98 46 52
98 46 53
98 48 54
98 48 55
98 48 56
98 49 50
98 49 57
98 49 58
98 49 59
98 51 60
98 52 61
98 52 62
98 54 63
98 62 64
98 62 65
98 63 66
98 64 67
98 65 68
98 66 69
98 67 70
98 68 71
98 69 72
98 70 73
98 71 74
98 71 75
98 71 76
98 73 77
98 73 78
99 0 1
99 0 2
99 0 3
99 0 4
99 1 5
99 1 6
99 3 7
99 4 8
99 5 7
99 5 9
99 5 10
99 6 11
99 6 12
99 7 13
99 8 14
99 8 15
99 9 16
99 10 15
99 10 17
99 10 18
99 12 19
99 12 20
99 12 21
99 12 22
99 14 23
99 14 24
99 15 25
99 16 25
99 16 26
99 16 27
99 17 28
99 18 29
99 19 30
99 20 31
99 20 32
99 21 33
99 22 26
99 22 34
99 22 35
99 23 34
99 23 36
99 23 37
99 23 38
99 27 39
99 27 40
99 27 41
99 28 42
99 29 40
99 29 43
99 30 44
99 31 41
99 31 45
99 32 46
99 32 47
99 32 48
99 34 49
99 35 46
99 35 50
99 35 51
99 36 52
99 37 53
99 37 54
99 39 55
99 40 49
99 40 56
99 41 57
99 45 50
99 46 58
99 46 59
99 47 60
99 49 61
99 49 62
99 49 63
99 50 64
99 51 64
99 52 65
99 53 66
99 54 67
99 54 68
99 55 57
99 55 69
99 55 70
99 55 71
99 57 72
99 57 73
99 58 72
99 58 74
99 58 75
99 61 63
99 61 76
99 63 77
99 63 78
99 71 75
99 72 77
100 0 1
100 1 2
100 1 3
100 1 4
100 1 5
100 2 6
100 3 7
100 3 8
100 4 9
100 4 10
100 5 11
100 5 12
100 5 13
100 6 14
100 11 15
100 12 16
100 15 17
100 15 18
100 16 19
100 16 20
100 16 21
100 17 22
100 17 23
100 17 24
100 18 21
100 21 25
100 21 26
100 21 27
100 22 28
100 23 29
100 23 30
100 23 31
100 23 32
100 24 25
100 25 33
100 26 34
100 26 35
100 26 36
100 27 37
100 27 38
100 28 39
100 28 40
100 31 38
100 33 41
100 34 42
100 36 43
100 39 44
100 39 45
100 40 46
100 40 47
100 42 48
100 43 46
100 43 49
100 44 45
100 44 50
100 45 51
100 46 52
100 47 53
100 50 54
100 51 55
100 52 56
100 52 57
100 53 56
100 53 58
100 55 59
100 56 60
100 56 61
100 59 62
100 60 63
100 60 64
100 61 65
100 61 66
100 63 67
100 63 68
100 64 69
100 66 70
100 66 71
100 68 72
100 69 73
100 70 74
100 71 75
100 73 76
100 73 77
100 76 78
100 76 79
100 76 80
101 0 1
101 1 2
101 1 3
101 2 4
101 2 5
101 3 6
101 4 7
101 5 8
101 5 9
101 7 10
101 7 11
101 8 12
101 10 13
101 10 14
101 11 15
101 12 16
101 12 17
101 14 18
101 14 19
101 15 20
101 16 21
101 17 22
101 18 23
101 20 24
101 21 25
101 21 26
101 21 27
101 22 28
101 24 29
101 25 30
101 26 31
101 26 32
101 26 33
101 26 34
101 27 35
101 27 36
101 28 37
101 28 38
101 29 39
101 30 40
101 31 41
101 32 42
101 32 43
101 32 44
101 33 45
101 34 46
101 36 47
101 37 48
101 37 49
101 38 50
101 39 51
101 39 52
101 39 53
101 40 54
101 42 55
101 43 56
101 44 57
101 44 58
101 48 59
101 50 60
101 53 61
101 55 62
101 56 63
101 57 59
101 57 64
101 58 60
101 58 65
101 62 66
101 63 67
101 63 68
102 0 1
102 1 2
102 1 3
102 2 4
102 2 5
102 3 6
102 4 7
102 5 8
102 5 9
102 6 10
102 6 11
102 6 12
102 7 13
102 9 14
102 9 15
102 9 16
102 10 17
102 10 18
102 10 19
102 11 20
102 12 21
102 13 22
102 15 23
102 17 24
102 17 25
102 18 26
102 19 27
102 19 28
102 20 29
102 20 30
102 22 25
102 22 31
102 22 32
102 24 25
102 24 33
102 26 34
102 26 35
102 27 36
102 29 37
102 29 38
102 30 39
102 34 40
102 35 41
102 36 42
102 38 43
102 38 44
102 38 45
102 40 41
102 40 46
102 44 47
102 44 48
102 46 49
102 46 50
102 47 51
102 48 52
102 48 53
102 49 54
102 49 55
102 50 56
102 51 57
102 52 58
102 52 59
102 52 60
102 54 61
102 55 62
102 56 63
102 56 64
102 56 65
102 57 66
102 58 67
102 59 68
102 60 69
102 60 70
103 0 1
103 1 2
103 2 3
103 2 4
103 2 5
103 2 6
103 3 7
103 4 7
103 4 8
103 4 9
103 4 10
103 5 10
103 6 11
103 8 12
103 8 13
103 9 14
103 9 15
103 10 13
103 10 16
103 11 17
103 11 18
103 12 19
103 12 20
103 13 21
103 13 22
103 14 23
103 16 19
103 16 24
103 17 25
103 17 26
103 18 27
103 18 28
103 19 29
103 21 30
103 23 31
103 23 32
103 26 33
103 26 34
103 26 35
103 27 36
103 29 37
103 29 38
103 30 39
103 30 40
103 31 41
103 33 42
103 33 43
103 35 44
103 35 45
103 36 46
103 36 47
103 37 48
103 39 49
103 39 50
103 39 51
103 42 52
103 42 53
103 43 54
103 44 55
103 44 56
103 45 57
103 45 58
103 47 59
103 58 60
103 59 61
104 0 1
104 0 2
104 1 3
104 2 4
104 2 5
104 2 6
104 3 7
104 4 8
104 6 9
104 7 10
104 7 11
104 8 12
104 8 13
104 9 14
104 9 15
104 10 16
104 10 17
104 11 18
104 12 19
104 12 20
104 13 21
104 17 22
104 17 23
104 19 24
104 19 25
104 19 26
104 20 27
104 21 28
104 22 29
104 22 30
104 24 31
104 25 32
104 25 33
104 26 34
104 26 35
104 27 36
104 27 37
104 28 35
104 28 38
104 28 39
104 28 40
104 29 41
104 30 42
104 31 43
104 31 44
104 32 45
104 33 46
104 35 47
104 36 48
104 36 49
104 37 48
104 37 50
104 37 51
104 38 52
104 38 53
104 45 47
104 45 54
104 45 55
104 45 56
104 45 57
104 46 58
104 46 59
104 49 60
104 49 61
104 50 62
104 50 63
104 51 60
104 51 64
104 51 65
104 60 61
104 60 66
104 60 67
104 62 68
104 62 69
104 63 70
104 63 71
104 65 66
104 65 72
104 65 73
104 66 74
104 67 75
104 67 76
105 0 1
105 0 2
105 0 3
105 1 4
105 2 5
105 2 6
105 3 7
105 4 8
105 5 9
105 5 10
105 6 11
105 6 12
105 6 13
105 10 14
105 11 15
105 11 16
105 11 17
105 12 18
105 12 19
105 14 20
105 15 21
105 15 22
105 16 23
105 17 22
105 17 24
105 18 25
105 19 24
105 19 26
105 20 27
105 22 28
105 23 29
105 23 30
105 27 31
105 27 32
105 28 33
105 29 34
105 29 35
105 30 36
105 31 37
105 31 38
105 32 39
105 35 38
105 35 40
105 35 41
105 38 42
105 38 43
105 39 44
105 40 45
105 40 46
105 43 47
105 44 48
105 45 49
105 46 50
105 47 51
105 51 52
105 52 53
105 52 54
105 53 55
105 53 56
105 54 57
105 54 58
105 55 59
105 56 60
105 56 61
105 56 62
105 57 63
105 58 59
105 59 62
106 0 1
106 0 2
106 1 3
106 1 4
106 2 3
106 2 5
106 2 6
106 3 7
106 3 8
106 4 7
106 5 9
106 9 10
106 10 11
106 10 12
106 11 13
106 11 14
106 12 15
106 12 16
106 13 17
106 13 18
106 14 19
106 15 20
106 16 21
106 16 22
106 17 23
106 18 24
106 19 25
106 20 22
106 20 26
106 20 27
106 20 28
106 21 29
106 22 30
106 23 31
106 24 32
106 26 33
106 27 34
106 29 31
106 30 35
106 31 36
106 32 37
106 34 38
106 35 39
106 35 40
106 36 41
106 38 42
106 38 43
106 39 44
106 39 45
106 40 46
106 41 47
106 46 48
106 48 49
106 49 50
106 50 51
106 51 52
106 51 53
106 51 54
106 52 55
106 53 56
106 54 57
106 55 58
106 55 59
106 56 60
106 56 61
106 57 62
106 58 63
106 58 64
106 59 65
106 59 66
106 61 67
106 62 68
106 62 69
106 63 68
106 63 70
106 65 71
106 65 72
106 65 73
106 66 74
106 68 75
106 70 76
106 71 72
106 71 77
106 72 78
107 0 1
107 0 2
107 2 3
107 2 4
107 3 5
107 4 6
107 4 7
107 5 8
107 5 9
107 6 10
107 6 11
107 7 12
107 7 13
107 8 14
107 8 15
107 9 11
107 9 16
107 10 17
107 10 18
107 11 13
107 11 19
107 11 20
107 12 18
107 12 21
107 13 19
107 14 22
107 14 23
107 14 24
107 15 25
107 16 26
107 17 27
107 22 28
107 23 29
107 23 30
107 24 31
107 26 32
107 26 33
107 28 34
107 29 35
107 30 31
107 30 36
107 31 37
107 33 38
107 34 39
107 35 40
107 36 41
107 37 42
107 37 43
107 37 44
107 38 45
107 39 41
107 39 46
107 39 47
107 39 48
107 40 49
107 40 50
107 43 51
107 45 47
107 45 52
107 47 53
107 48 53
107 48 54
107 50 55
107 51 56
107 51 57
107 51 58
107 51 59
107 52 60
107 53 61
107 53 62
107 57 63
107 58 60
107 59 64
107 60 61
107 60 65
107 61 66
107 61 67
107 62 68
107 63 66
107 63 69
107 63 70
107 64 71
107 64 72
107 65 73
107 66 74
107 68 75
107 69 76
107 69 77
107 70 78
107 71 79
107 72 80
108 0 1
108 0 2
108 1 3
108 2 4
108 2 5
108 3 6
108 4 7
108 5 8
108 5 9
108 6 10
108 6 11
108 6 12
108 7 13
108 10 14
108 10 15
108 13 16
108 14 17
108 14 18
108 15 19
108 16 20
108 17 21
108 18 22
108 19 23
108 20 24
108 20 25
108 21 26
108 21 27
108 22 28
108 24 29
108 27 30
108 29 31
108 30 32
108 31 33
108 32 34
108 33 35
108 34 36
108 34 37
108 34 38
108 37 39
108 37 40
108 38 41
108 39 42
108 41 43
108 41 44
108 42 45
108 43 46
108 43 47
108 44 48
108 45 49
108 46 50
108 46 51
108 47 52
108 47 53
108 48 54
108 49 55
108 50 56
108 51 57
108 51 58
108 52 59
108 55 60
108 56 61
108 58 62
108 59 63
108 59 64
108 60 65
108 60 66
108 62 67
108 63 68
108 63 69
108 65 70
108 66 70
108 66 71
108 66 72
109 0 1
109 0 2
109 0 3
109 0 4
109 1 5
109 1 6
109 1 7
109 1 8
109 3 9
109 4 10
109 5 11
109 5 12
109 5 13
109 5 14
109 6 15
109 7 14
109 8 13
109 8 16
109 8 17
109 8 18
109 10 19
109 13 20
109 13 21
109 14 22
109 15 23
109 18 24
109 19 25
109 20 26
109 20 27
109 21 28
109 21 29
109 22 30
109 22 31
109 23 32
109 23 33
109 25 34
109 25 35
109 25 36
109 25 37
109 28 38
109 29 39
109 32 40
109 32 41
109 33 42
109 34 43
109 36 44
109 36 45
109 36 46
109 37 47
109 38 48
109 40 49
109 40 50
109 41 51
109 44 52
109 45 53
109 46 54
109 47 55
109 48 56
109 49 57
109 49 58
109 49 59
109 50 60
109 51 61
109 51 62
109 52 63
109 52 64
109 53 65
109 54 66
109 55 67
109 55 68
109 55 69
109 57 63
109 65 68
110 0 1
110 0 2
110 0 3
110 1 4
110 2 5
110 2 6
110 2 7
110 2 8
110 4 9
110 4 10
110 4 11
110 7 12
110 9 13
110 9 14
110 9 15
110 10 16
110 10 17
110 11 18
110 11 19
110 12 19
110 12 20
110 12 21
110 13 22
110 13 23
110 14 24
110 17 25
110 18 26
110 18 27
110 19 28
110 19 29
110 20 30
110 20 31
110 20 32
110 22 33
110 23 24
110 23 34
110 24 35
110 24 36
110 24 37
110 25 38
110 25 39
110 25 40
110 26 41
110 26 42
110 32 43
110 33 44
110 34 36
110 34 45
110 34 46
110 35 47
110 35 48
110 36 47
110 36 49
110 38 50
110 38 51
110 40 52
110 40 53
110 45 54
110 46 55
110 48 56
110 48 57
110 49 58
110 58 59
110 58 60
110 58 61
110 59 62
110 59 63
110 59 64
110 60 65
110 60 66
110 62 67
110 63 68
110 66 69
110 67 70
110 68 71
110 69 72
111 0 1
111 0 2
111 0 3
111 0 4
111 4 5
112 0 1
112 0 2
112 2 3
112 2 4
112 3 5
112 3 6
112 4 7
112 5 8
112 5 9
112 6 10
112 6 11
112 6 12
112 7 12
112 7 13
112 8 14
112 8 15
112 9 16
112 10 17
112 10 18
112 10 19
112 11 20
112 11 21
112 11 22
112 12 23
112 13 24
112 13 25
112 14 26
112 15 27
112 15 28
112 16 26
112 16 29
112 16 30
112 18 31
112 24 32
112 24 33
112 25 34
112 26 35
112 27 36
112 28 37
112 28 38
112 29 39
112 30 40
112 30 41
112 31 42
112 31 43
112 31 44
112 32 37
112 36 45
112 37 46
112 37 47
112 38 48
112 38 49
112 38 50
112 41 51
112 41 52
112 41 53
112 41 54
112 47 55
112 47 56
112 48 57
112 52 58
112 53 59
112 56 60
112 57 61
112 58 62
112 58 63
112 59 64
112 60 65
112 60 66
112 61 67
112 63 68
112 66 69
112 67 70
112 67 71
112 68 72
112 71 73
112 72 74
112 73 75
112 74 76
112 75 77
113 0 1
113 1 2
113 1 3
113 2 4
113 2 5
113 3 6
113 3 7
113 4 8
113 4 9
113 5 10
113 6 11
113 6 12
113 7 12
113 7 13
113 8 14
113 8 15
113 10 15
113 11 16
113 12 17
113 14 18
113 14 19
113 15 20
113 15 21
113 15 22
113 20 23
113 21 24
113 21 25
113 22 23
113 23 26
113 24 27
113 24 28
113 24 29
113 25 30
113 26 31
113 27 29
113 27 32
113 29 32
113 29 33
113 29 34
113 30 35
113 33 36
113 34 37
113 35 38
113 36 39
113 37 40
113 38 41
113 40 42
113 41 43
113 42 44
113 44 45
113 45 46
113 45 47
113 47 48
113 48 49
113 48 50
113 49 51
113 49 52
113 50 53
113 50 54
113 51 55
113 52 56
113 54 57
113 54 58
113 56 59
113 57 60
113 59 61
113 59 62
113 60 61
113 60 63
113 61 64
113 62 65
113 62 66
113 63 67
113 64 68
113 65 69
113 66 70
113 67 71
113 67 72
113 70 73
113 71 74
113 71 75
113 72 76
113 73 77
113 73 78
113 74 79
113 78 80
113 80 81
113 81 82
113 81 83
114 0 1
114 0 2
114 1 3
114 2 4
114 4 5
114 5 6
114 5 7
114 5 8
114 6 9
114 6 10
114 8 11
114 9 12
114 9 13
114 10 14
114 10 15
114 11 16
114 12 17
114 13 18
114 13 19
114 13 20
114 14 21
114 14 22
114 14 23
114 17 24
114 17 25
114 18 26
114 20 24
114 20 27
114 21 28
114 23 29
114 26 30
114 27 31
114 28 32
114 29 33
114 30 34
114 31 35
114 31 36
114 33 37
114 34 38
114 34 39
114 38 40
114 39 41
114 40 42
114 40 43
114 40 44
114 40 45
114 41 46
114 42 47
114 42 48
114 43 49
114 44 50
114 44 51
114 45 52
114 46 53
114 46 54
114 47 55
114 48 56
114 49 57
114 50 58
114 51 59
114 53 59
114 53 60
114 54 61
114 55 58
114 59 62
114 60 62
114 60 63
114 60 64
114 61 65
114 62 66
114 62 67
114 62 68
114 63 69
114 65 70
114 66 71
114 67 72
114 67 73
114 68 74
114 68 75
114 70 75
115 0 1
115 1 2
115 2 3
115 3 4
115 4 5
115 4 6
115 4 7
115 5 8
115 5 9
115 5 10
115 6 11
115 7 12
115 8 12
115 8 13
115 8 14
115 9 15
115 10 16
115 10 17
115 12 18
115 13 19
115 14 20
115 15 21
115 15 22
115 15 23
115 19 24
115 20 25
115 20 26
115 21 27
115 24 28
115 26 29
115 27 30
115 27 31
115 28 32
115 29 33
115 30 34
115 30 35
115 31 36
115 32 37
115 32 38
115 33 39
115 33 40
115 34 41
115 34 42
115 36 43
115 37 44
115 38 45
115 39 46
115 39 47
115 39 48
115 40 49
115 40 50
115 41 51
115 42 52
115 45 50
115 46 53
115 47 54
115 48 55
115 49 56
115 49 57
115 50 56
115 50 58
115 51 59
115 52 60
115 53 61
115 53 62
115 54 63
115 55 64
115 56 65
115 56 66
115 56 67
115 57 63
115 57 68
115 58 69
115 58 70
115 60 71
115 61 72
115 65 73
115 65 74
115 66 72
115 66 73
115 66 75
115 66 76
115 67 77
115 68 78
115 68 79
115 68 80
115 70 81
115 71 82
115 72 83
115 72 84
115 83 85
115 85 86
116 0 1
116 0 2
116 1 3
116 1 4
116 1 5
116 1 6
116 2 4
116 3 7
116 3 8
116 4 9
116 5 10
116 6 10
116 7 11
116 8 12
116 8 13
116 9 14
116 10 15
116 11 16
116 11 17
116 12 18
116 13 19
116 14 20
116 15 21
116 16 22
116 18 23
116 19 24
116 19 25
116 21 23
116 21 26
116 21 27
116 22 28
116 23 29
116 23 30
116 24 29
116 25 31
116 26 32
116 26 33
116 27 34
116 28 35
116 29 36
116 30 37
116 30 38
116 30 39
116 31 35
116 31 40
116 31 41
116 32 42
116 32 43
116 34 39
116 34 44
116 35 45
116 36 46
116 37 47
116 39 48
116 39 49
116 39 50
116 41 49
116 41 51
116 42 45
116 42 52
116 42 53
116 42 54
116 43 55
116 43 56
116 43 57
116 44 49
116 44 58
116 44 59
116 46 60
116 46 61
116 47 62
116 47 63
116 54 64
116 55 65
116 58 66
116 58 67
116 64 68
116 66 69
116 67 70
116 67 71
116 70 72
117 0 1
117 0 2
117 1 3
117 1 4
117 2 5
117 2 6
117 2 7
117 3 8
117 3 9
117 4 10
117 5 11
117 6 12
117 10 13
117 11 13
117 11 14
117 11 15
117 14 16
117 14 17
117 15 18
117 15 19
117 16 20
117 17 21
117 17 22
117 17 23
117 18 24
117 19 25
117 19 26
117 20 27
117 23 28
117 23 29
117 23 30
117 24 31
117 25 32
117 25 33
117 26 34
117 31 35
117 31 36
117 32 37
117 33 38
117 34 39
117 34 40
117 34 41
117 35 42
117 35 43
117 35 44
117 37 45
117 37 46
117 38 45
117 38 47
117 40 48
117 40 49
117 41 50
117 41 51
117 43 46
117 45 52
117 47 53
117 48 54
117 49 55
117 50 56
117 51 57
117 52 58
117 54 59
117 54 60
117 55 61
117 59 61
117 59 62
117 60 63
117 60 64
117 61 65
117 62 66
117 63 67
118 0 1
118 1 2
118 2 3
118 2 4
118 3 5
118 3 6
118 3 7
118 4 8
118 5 9
118 7 10
118 7 11
118 10 12
118 10 13
118 10 14
118 10 15
118 11 12
118 12 15
118 12 16
118 12 17
118 13 18
118 16 19
118 17 20
118 18 21
118 18 22
118 19 23
118 20 24
118 20 25
118 21 26
118 22 27
118 22 28
118 22 29
118 23 30
118 24 31
118 24 32
118 25 33
118 26 34
118 26 35
118 27 36
118 27 37
118 28 34
118 28 38
118 29 39
118 30 40
118 31 38
118 31 41
118 31 42
118 32 43
118 32 44
118 32 45
118 33 46
118 34 47
118 35 48
118 35 49
118 37 50
118 38 51
118 38 52
118 39 50
118 39 53
118 39 54
118 45 55
118 46 56
118 49 57
118 54 58
118 54 59
118 55 60
118 56 61
118 57 62
118 58 63
118 59 64
118 59 65
118 60 66
118 61 67
118 61 68
118 61 69
118 62 70
118 63 71
118 69 72
118 69 73
118 70 71
118 70 74
118 70 75
118 70 76
118 72 77
118 73 78
118 76 79
118 78 80
118 79 81
118 81 82
119 0 1
119 1 2
119 2 3
119 2 4
119 3 5
119 4 6
119 5 7
119 6 8
119 7 9
119 7 10
119 8 11
119 9 12
119 10 13
119 10 14
119 11 15
119 11 16
119 12 17
119 15 18
119 15 19
119 17 20
119 17 21
119 18 22
119 18 23
119 19 24
119 20 25
119 21 26
119 21 27
119 22 28
119 24 29
119 25 30
119 27 31
119 27 32
119 28 33
119 29 30
119 29 34
119 30 35
119 31 36
119 32 35
119 32 37
119 32 38
119 32 39
119 33 40
119 35 41
119 39 42
119 39 43
119 39 44
119 40 45
119 41 46
119 42 47
119 42 48
119 44 49
119 45 50
119 46 51
119 47 52
119 49 53
119 50 54
119 51 55
119 52 56
119 53 57
119 55 58
119 55 59
119 55 60
119 56 61
119 56 62
119 57 63
119 59 64
119 60 65
119 61 63
119 61 66
119 62 67
119 62 68
119 63 69
119 64 70
119 66 71
119 66 72
120 0 1
120 0 2
120 1 3
120 2 4
120 2 5
120 2 6
120 2 7
120 2 8
120 4 9
120 5 10
120 5 11
120 6 12
120 6 13
120 6 14
120 7 15
120 7 16
120 9 17
120 12 18
120 13 19
120 13 20
120 14 21
120 14 22
120 16 23
120 16 24
120 17 25
120 17 26
120 18 27
120 19 28
120 19 29
120 19 30
120 19 31
120 19 32
120 20 33
120 20 34
120 21 35
120 22 35
120 23 36
120 24 37
120 25 38
120 25 39
120 26 40
120 27 40
120 27 41
120 27 42
120 30 43
120 30 44
120 31 45
120 32 46
120 32 47
120 33 48
120 34 49
120 36 38
120 37 50
120 37 51
120 39 52
120 40 53
120 40 54
120 40 55
120 40 56
120 41 57
120 41 58
120 42 56
120 43 59
120 45 60
120 45 61
120 46 62
120 51 63
120 52 64
120 52 65
120 52 66
120 53 63
120 59 67
120 59 68
120 60 69
120 60 70
120 61 71
120 61 72
120 61 73
120 63 74
120 64 65
120 64 75
120 67 76
120 67 77
120 69 78
120 70 76
120 70 79
120 72 80
120 73 81
120 79 81
120 80 82
121 0 1
121 0 2
121 1 3
121 1 4
121 2 5
121 2 6
121 2 7
121 3 8
121 5 9
121 7 10
121 8 11
121 8 12
121 11 13
121 12 14
121 13 15
121 14 16
121 14 17
121 15 18
121 15 19
121 15 20
121 18 21
121 20 22
121 20 23
121 21 24
121 22 25
121 23 26
121 23 27
121 24 28
121 24 29
121 25 30
121 25 31
121 28 32
121 28 33
121 29 34
121 29 35
121 31 36
121 31 37
121 33 38
121 34 35
121 34 37
121 36 39
121 37 40
121 38 41
121 39 42
121 40 43
121 40 44
121 40 45
121 41 46
121 41 47
121 41 48
121 42 49
121 42 50
121 42 51
121 44 52
121 44 53
121 46 54
121 47 55
121 47 56
121 49 54
121 53 56
122 0 1
122 0 2
122 1 3
122 1 4
122 3 5
122 3 6
122 5 7
122 5 8
122 6 9
122 6 10
122 6 11
122 6 12
122 8 13
122 9 14
122 9 15
122 9 16
122 10 17
122 10 18
122 11 19
122 11 20
122 11 21
122 12 22
122 12 23
122 12 24
122 13 25
122 14 26
122 14 27
122 14 28
122 15 29
122 16 30
122 17 31
122 18 32
122 19 33
122 21 34
122 22 23
122 22 35
122 23 36
122 23 37
122 23 38
122 24 38
122 24 39
122 25 40
122 25 41
122 27 42
122 27 43
122 27 44
122 29 45
122 30 46
122 31 47
122 31 48
122 32 49
122 33 47
122 33 50
122 34 51
122 34 52
122 38 53
122 41 42
122 41 43
122 42 54
122 42 55
122 42 56
122 43 57
122 44 58
122 45 59
122 45 60
122 46 47
122 46 58
122 49 61
122 51 62
122 53 63
122 54 64
122 58 65
123 0 1
123 1 2
123 2 3
123 3 4
123 3 5
123 4 6
123 6 7
123 7 8
124 0 1
124 0 2
124 2 3
124 3 4
124 4 5
125 0 1
125 0 2
125 1 3
125 1 4
125 1 5
125 2 6
125 2 7
125 3 6
125 3 8
125 4 9
125 5 10
125 6 11
125 9 12
125 10 12
125 10 13
125 10 14
125 12 15
125 12 16
125 16 17
125 17 18
125 18 19
125 18 20
125 19 21
125 19 22
125 20 23
125 20 24
125 21 25
125 24 26
125 24 27
125 24 28
125 24 29
125 25 30
125 26 31
125 26 32
125 27 33
125 28 34
125 29 35
125 30 36
125 30 37
125 31 38
125 32 39
125 33 40
125 33 41
125 33 42
125 34 35
125 34 43
125 34 44
125 35 43
125 35 45
125 36 44
125 36 46
125 36 47
125 37 48
125 38 49
125 40 50
125 40 51
125 41 52
125 41 53
125 41 54
125 42 55
125 42 56
125 42 57
125 43 58
125 43 59
125 44 60
125 44 61
125 45 62
125 50 63
125 51 64
125 51 65
125 51 66
125 52 67
125 52 68
125 53 69
125 55 59
125 55 70
125 56 71
125 56 72
125 63 73
125 66 74
125 68 69
125 70 74
125 70 75
125 70 76
125 70 77
125 71 78
125 74 75
125 74 79
125 74 80
125 77 81
125 77 82
125 79 83
125 79 84
125 83 85
126 0 1
126 0 2
126 1 3
126 2 4
126 2 5
126 3 6
126 3 7
126 4 8
126 5 9
126 5 10
126 6 11
126 7 8
126 9 11
126 10 12
126 11 13
126 12 14
126 12 15
126 13 16
126 13 17
126 14 18
126 17 19
126 18 20
126 18 21
126 19 22
126 19 23
126 20 24
126 21 25
126 21 26
126 22 26
126 22 27
126 22 28
126 23 29
126 24 30
126 25 31
126 26 32
126 26 33
126 28 34
126 29 35
126 30 36
126 30 37
126 32 38
126 35 39
126 36 40
126 37 41
126 38 42
126 38 43
126 39 44
126 40 45
126 41 46
126 42 47
126 43 48
126 43 49
126 44 50
126 44 51
126 46 52
126 48 53
126 48 54
126 49 55
126 50 56
126 52 57
126 53 58
126 53 59
126 53 60
126 54 61
126 54 62
126 55 63
126 56 64
126 58 65
126 59 66
126 60 61
126 60 67
126 61 68
126 62 69
126 63 70
126 65 71
126 66 72
126 67 73
126 67 74
126 69 74
127 0 1
127 0 2
127 1 3
127 1 4
127 3 5
127 3 6
127 4 7
127 5 8
127 8 9
127 8 10
127 9 11
127 9 12
127 10 13
127 11 14
127 11 15
127 12 16
127 13 17
127 14 18
127 14 19
127 15 20
127 16 21
127 19 22
127 20 23
127 21 22
127 21 24
127 22 25
127 23 26
127 23 27
127 24 28
127 24 29
127 25 30
127 26 31
127 26 32
127 27 33
127 28 34
127 29 35
127 31 36
127 32 37
127 32 38
127 33 39
127 35 40
127 36 41
127 36 42
127 38 43
127 39 44
127 40 45
127 40 46
127 41 47
127 42 48
127 42 49
127 44 50
127 45 51
127 45 52
127 45 53
127 47 54
127 48 55
127 49 56
127 50 57
127 52 58
127 52 59
127 54 60
127 55 61
127 55 62
127 55 63
127 57 64
127 59 65
127 59 66
127 59 67
127 59 68
127 60 69
127 60 70
127 60 71
128 0 1
128 1 2
128 1 3
128 1 4
128 2 5
128 4 6
128 5 7
128 5 8
128 6 9
128 6 10
128 7 11
128 7 12
128 9 11
128 9 13
128 9 14
128 10 15
128 11 16
128 12 17
128 12 18
128 13 19
128 15 20
128 18 21
128 19 22
128 19 23
128 23 24
128 23 25
128 24 26
128 24 27
128 25 28
128 25 29
128 27 30
128 27 31
128 28 32
128 29 33
128 29 34
128 30 35
128 32 36
128 32 37
128 34 38
128 35 39
128 35 40
128 37 41
128 37 42
128 37 43
128 38 44
128 39 45
128 40 46
128 41 44
128 41 47
128 42 48
128 42 49
128 43 50
128 45 51
128 46 52
128 48 53
128 49 54
128 51 55
128 51 56
128 52 57
128 52 58
128 52 59
128 53 60
128 54 61
128 55 62
128 56 63
128 57 64
128 57 65
128 58 66
128 59 67
128 60 68
128 62 69
128 63 70
128 63 71
128 63 72
128 67 73
128 68 74
128 68 75
128 69 76
128 71 77
128 72 78
128 75 79
128 75 80
128 76 81
128 78 82
128 80 83
129 0 1
129 0 2
129 0 3
129 1 4
129 1 5
129 2 5
129 2 6
129 3 7
129 3 8
129 3 9
129 5 10
129 5 11
129 10 12
129 10 13
129 10 14
129 10 15
129 11 16
129 12 17
129 14 18
129 15 18
129 15 19
129 16 20
129 16 21
129 17 22
129 18 23
129 18 24
129 22 25
129 23 25
129 23 26
129 24 27
129 25 28
129 25 29
129 26 30
129 26 31
129 29 32
129 30 33
129 31 34
129 32 35
129 33 36
129 34 37
129 36 38
129 36 39
129 37 40
129 38 41
129 39 42
129 39 43
129 39 44
129 40 45
129 40 46
129 41 46
129 41 47
129 43 48
129 43 49
129 43 50
129 44 51
129 45 52
129 46 47
129 46 53
129 46 54
129 47 55
129 50 56
129 51 57
129 51 58
129 53 59
129 54 60
129 55 61
129 55 62
129 56 63
129 56 64
129 57 65
129 59 66
129 60 67
129 60 68
129 61 69
129 61 70
129 62 71
129 63 72
129 63 73
129 64 74
129 64 75
129 70 76
129 71 77
130 0 1
130 0 2
130 0 3
130 1 4
130 2 5
130 2 6
130 3 4
130 5 7
130 5 8
130 5 9
130 6 10
130 8 11
130 8 12
130 8 13
130 9 14
130 9 15
130 9 16
130 10 17
130 10 18
130 11 19
130 11 20
130 12 21
130 13 22
130 13 23
130 14 24
130 15 25
130 15 26
130 16 27
130 17 28
130 18 29
130 18 30
130 19 31
130 21 32
130 21 33
130 22 34
130 23 35
130 24 32
130 28 36
130 28 37
130 33 38
130 33 39
130 33 40
130 33 41
130 35 41
130 36 42
130 36 43
130 36 44
130 37 45
130 37 46
130 38 47
130 38 48
130 39 49
130 40 50
130 40 51
130 41 52
130 43 45
130 46 47
130 48 53
130 48 54
130 49 55
130 49 56
130 55 57
130 55 58
130 56 59
130 56 60
130 56 61
130 57 62
130 57 63
130 58 64
130 59 65
130 60 61
130 63 66
130 63 67
130 64 68
130 65 69
130 66 70
130 67 71
130 68 72
131 0 1
131 0 2
131 0 3
131 1 4
131 1 5
131 2 5
131 2 6
131 5 7
131 7 8
131 8 9
131 9 10
131 9 11
131 10 12
131 10 13
131 10 14
131 11 15
131 11 16
131 12 13
131 13 17
131 16 18
131 16 19
131 17 20
131 18 21
131 19 22
131 19 23
131 21 24
131 22 25
131 22 26
131 24 27
131 25 28
131 26 29
131 26 30
131 26 31
131 27 32
131 27 33
131 28 34
131 28 35
131 29 36
131 29 37
131 30 38
131 31 39
131 32 40
131 33 41
131 33 42
131 34 43
131 35 44
131 36 45
131 37 46
131 37 47
131 38 48
131 38 49
131 38 50
131 39 51
131 40 52
131 40 53
131 41 54
131 42 55
131 43 56
131 50 57
131 51 58
131 52 59
131 52 60
131 53 61
131 54 62
131 55 63
131 56 64
131 56 65
131 59 66
131 60 67
131 61 68
131 63 69
131 66 70
131 67 71
131 67 72
131 67 73
131 69 74
131 69 75
131 70 76
131 70 77
131 72 73
131 73 78
132 0 1
132 1 2
132 1 3
132 1 4
132 2 5
132 3 6
132 3 7
132 4 5
132 5 7
132 5 8
132 7 9
132 8 10
132 8 11
132 8 12
132 8 13
132 10 14
132 11 15
132 12 16
132 14 16
132 14 17
132 15 18
132 17 19
132 18 20
132 19 21
132 19 22
132 19 23
132 21 24
132 22 25
132 23 26
132 23 27
132 25 28
132 25 29
132 25 30
132 26 31
132 27 28
132 27 32
132 27 33
132 27 34
132 28 33
132 28 35
132 29 32
132 29 36
132 29 37
132 30 38
132 30 39
132 30 40
132 31 37
132 31 41
132 32 42
132 33 43
132 33 44
132 34 45
132 34 46
132 35 38
132 35 47
132 36 48
132 36 49
132 38 50
132 38 51
132 39 52
132 39 53
132 40 54
132 41 55
132 42 56
132 42 57
132 43 47
132 43 58
132 43 59
132 43 60
132 45 61
132 48 62
132 48 63
132 48 64
132 50 65
132 55 57
132 60 66
132 64 67
132 64 68
132 64 69
132 65 70
132 65 71
132 65 72
132 66 73
132 67 74
132 69 75
132 73 76
133 0 1
133 0 2
133 0 3
133 1 4
133 1 5
133 2 6
133 2 7
133 2 8
133 3 9
133 4 10
133 4 11
133 5 8
133 6 12
133 7 13
133 7 14
133 9 15
133 10 16
133 12 17
133 12 18
133 13 19
133 14 20
133 16 21
133 17 22
133 17 23
133 20 24
133 21 25
133 23 26
133 24 27
133 25 28
133 25 29
133 25 30
133 27 31
133 28 32
133 28 33
133 28 34
133 29 35
133 29 36
133 30 37
133 31 38
133 32 39
133 33 40
133 33 41
133 34 42
133 35 43
133 35 44
133 35 45
133 36 46
133 37 47
133 38 48
133 39 49
133 40 50
133 41 51
133 41 52
133 41 53
133 43 54
133 43 55
133 44 56
133 44 57
133 45 58
133 46 59
133 47 50
133 50 60
133 51 61
133 52 62
133 53 54
133 54 55
133 55 63
133 58 64
133 61 65
133 63 66
133 63 67
133 63 68
133 63 69
133 64 70
133 65 71
133 65 72
133 66 69
133 66 73
133 66 74
133 67 72
133 67 75
133 68 76
133 69 77
133 70 77
133 70 78
133 74 79
133 76 77
133 76 80
133 76 81
133 77 82
133 78 83
133 78 84
134 0 1
134 0 2
134 0 3
134 1 4
134 3 5
134 4 6
134 5 7
134 5 8
134 6 9
134 6 10
134 6 11
134 7 12
134 8 13
134 9 14
134 9 15
134 11 16
134 12 17
134 12 18
134 12 19
134 13 20
134 13 21
134 13 22
134 14 23
134 14 24
134 15 25
134 15 26
134 15 27
134 18 21
134 18 28
134 20 29
134 25 30
134 26 31
134 26 32
134 27 33
134 28 34
134 29 35
134 29 36
134 31 37
134 32 38
134 33 39
134 34 40
134 35 41
134 36 42
134 36 43
134 36 44
134 37 42
134 40 45
134 40 46
134 40 47
134 42 43
134 42 44
134 42 48
134 42 49
134 42 50
134 43 51
134 44 52
134 47 49
134 47 53
134 48 54
134 49 55
134 50 56
134 51 57
134 52 58
134 52 59
134 53 60
134 54 61
134 54 62
134 56 63
134 57 64
134 58 65
134 60 61
134 61 66
134 61 67
134 62 68
134 63 69
135 0 1
135 1 2
135 1 3
135 2 4
135 2 5
135 3 6
135 3 7
135 4 8
135 4 9
135 4 10
135 5 11
135 6 12
135 6 13
135 7 14
135 7 15
135 9 16
135 9 17
135 10 18
135 12 19
135 13 20
135 14 21
135 14 22
135 14 23
135 15 24
135 17 25
135 18 26
135 18 27
135 19 28
135 20 29
135 20 30
135 20 31
135 21 30
135 21 32
135 21 33
135 23 34
135 24 25
135 24 29
135 24 32
135 27 35
135 27 36
135 28 37
135 30 31
135 30 38
135 31 39
135 31 40
135 31 41
135 32 42
135 35 43
135 35 44
135 37 38
135 37 45
135 41 46
135 42 47
135 44 48
135 44 49
135 45 46
135 45 50
135 45 51
135 46 52
135 47 51
135 47 53
135 47 54
135 47 55
135 50 56
135 50 57
135 51 58
135 51 59
135 51 60
135 53 57
135 53 61
135 53 62
135 54 63
135 54 64
135 54 65
135 57 66
135 57 67
136 0 1
136 0 2
136 1 3
136 3 4
136 3 5
136 3 6
136 3 7
136 3 8
136 4 7
136 5 9
136 6 10
136 7 11
136 8 12
136 8 13
136 10 14
136 12 15
136 13 16
136 14 17
136 16 18
136 17 19
136 17 20
136 18 21
136 18 22
136 18 23
136 19 24
136 20 25
136 21 26
136 21 27
136 22 28
136 24 29
136 24 30
136 24 31
136 25 32
136 28 33
136 28 34
136 29 35
136 29 36
136 32 37
136 33 38
136 33 39
136 34 40
136 35 41
136 36 42
136 38 40
136 39 43
136 40 42
136 40 44
136 41 45
136 41 46
136 42 47
136 42 48
136 44 49
136 44 50
136 44 51
136 46 52
136 49 53
136 50 54
136 50 55
136 52 55
136 53 56
136 54 57
136 56 58
136 57 59
136 58 60
136 59 61
136 60 62
136 60 63
136 61 64
136 61 65
136 61 66
137 0 1
137 1 2
137 1 3
137 1 4
137 3 5
137 3 6
137 3 7
137 4 8
137 5 7
137 5 9
137 6 10
137 7 11
137 7 12
137 9 13
137 9 14
137 9 15
137 10 16
137 12 17
137 14 18
137 14 19
137 15 20
137 19 21
138 0 1
138 0 2
138 0 3
138 1 4
138 2 5
138 2 6
138 3 7
138 4 8
138 5 9
138 6 10
138 6 11
138 7 12
138 7 13
138 7 14
138 8 15
138 8 16
138 9 17
138 9 18
138 10 19
138 10 20
138 10 21
138 11 22
138 13 22
138 13 23
138 14 24
138 14 25
138 18 26
138 19 27
138 19 28
138 20 29
138 21 30
138 22 30
138 24 31
138 25 27
138 25 32
138 25 33
138 25 34
138 26 35
138 27 35
138 27 36
138 28 37
138 28 38
138 29 39
138 31 40
138 32 41
138 32 42
138 35 43
138 38 40
138 38 44
138 39 45
138 40 46
138 41 47
138 41 48
138 42 49
138 44 50
138 44 51
138 44 52
138 49 51
138 52 53
138 52 54
138 53 55
138 53 56
138 54 57
138 54 58
138 55 59
138 56 57
138 57 60
138 57 61
138 57 62
138 60 63
138 60 64
138 61 65
139 0 1
139 0 2
139 0 3
139 0 4
139 0 5
139 1 6
139 1 7
139 1 8
139 2 9
139 3 10
139 3 11
139 4 12
139 4 13
139 4 14
139 5 15
139 5 16
139 7 17
139 8 17
139 8 18
139 8 19
139 9 20
139 12 21
139 12 22
139 12 23
139 17 24
139 17 25
139 17 26
139 19 27
139 19 28
139 19 29
139 20 30
139 21 28
139 22 23
139 22 31
139 23 32
139 23 33
139 23 34
139 25 35
139 26 36
139 29 37
139 29 38
139 30 39
139 30 40
139 32 41
139 33 42
139 33 43
139 33 44
139 34 45
139 34 46
139 36 47
139 37 48
139 37 49
139 38 50
139 38 51
139 40 52
139 41 53
139 41 54
139 42 48
139 42 55
139 43 54
139 43 56
139 44 57
139 44 58
139 46 59
139 47 60
139 48 61
139 48 62
139 49 63
139 53 54
139 53 64
139 54 65
139 54 66
139 55 67
139 57 65
139 57 68
139 58 69
139 59 70
139 69 71
139 71 72
139 72 73
139 73 74
139 74 75
139 74 76
139 75 77
139 77 78
139 77 79
139 77 80
139 78 81
139 79 82
140 0 1
140 0 2
140 1 3
140 1 4
140 2 5
140 3 6
140 4 7
140 4 8
140 4 9
140 5 10
140 6 11
140 7 12
140 8 13
140 8 14
140 8 15
140 9 16
140 9 17
140 10 18
140 10 19
140 11 20
140 11 21
140 11 22
140 12 21
140 12 23
140 13 24
140 14 25
140 16 26
140 16 27
140 16 28
140 17 27
140 17 29
140 17 30
140 17 31
140 18 32
140 18 33
140 18 34
140 19 35
140 19 36
140 20 37
140 20 38
140 21 32
140 22 38
140 23 24
140 23 39
140 24 40
140 26 28
140 27 41
140 28 42
140 28 43
140 29 30
140 29 43
140 29 44
140 30 45
140 30 46
140 31 47
140 31 48
140 33 48
140 34 45
140 35 49
140 35 50
140 36 51
140 37 41
140 38 39
140 38 52
140 40 47
140 40 53
140 41 54
140 42 55
140 48 56
140 49 57
140 50 58
140 51 59
140 52 60
140 53 60
140 53 61
140 54 59
140 54 62
140 54 63
140 55 57
140 56 64
140 58 65
140 59 66
140 60 65
140 60 67
140 60 68
140 61 62
140 61 65
140 61 69
140 62 70
140 63 71
140 63 72
140 64 73
140 67 72
140 72 74
140 74 75
140 75 76
140 76 77
141 0 1
141 1 2
141 1 3
141 2 4
141 2 5
141 3 6
141 4 7
141 4 8
141 5 9
141 5 10
141 5 11
141 6 12
141 6 13
141 7 14
141 9 15
141 10 13
141 10 16
141 11 17
141 11 18
141 12 19
141 12 20
141 13 21
141 13 22
141 15 23
141 15 24
141 15 25
141 15 26
141 16 24
141 18 27
141 18 28
141 18 29
141 20 30
141 22 31
141 23 31
141 23 32
141 23 33
141 25 34
141 25 35
141 26 36
141 26 37
141 27 32
141 27 38
141 27 39
141 28 40
141 28 41
141 29 42
141 29 43
141 30 39
141 30 40
141 30 44
141 34 43
141 36 45
141 37 46
141 37 47
141 38 48
141 38 49
141 40 50
141 40 51
141 41 52
141 43 53
141 44 54
141 45 55
141 50 51
141 50 56
141 51 53
141 51 57
141 51 58
141 53 59
141 53 60
141 55 61
141 55 62
141 59 63
141 60 64
141 60 65
141 61 66
141 62 67
141 64 68
141 66 69
141 68 70
141 68 71
141 71 72
141 71 73
142 0 1
142 0 2
142 0 3
142 0 4
142 1 5
142 1 6
142 2 7
142 2 8
142 2 9
142 4 10
142 4 11
142 5 12
142 5 13
142 5 14
142 6 9
142 6 15
142 6 16
142 7 17
142 8 17
142 9 18
142 10 19
142 10 20
142 10 21
142 12 15
142 12 22
142 13 14
142 14 23
142 14 24
142 15 25
142 15 26
142 16 27
142 16 28
142 17 29
142 17 30
142 18 31
142 21 27
142 22 32
142 22 33
142 23 34
142 24 35
142 28 36
142 29 37
142 29 38
142 31 39
142 31 40
142 31 41
142 33 42
142 33 43
142 33 44
142 34 41
142 34 45
142 34 46
142 35 41
142 35 46
142 35 47
142 37 48
142 37 49
142 38 50
142 38 51
142 39 52
142 39 53
142 39 54
142 41 55
142 42 56
142 43 57
142 44 58
142 44 59
142 45 60
142 46 51
142 46 61
142 46 62
142 47 63
142 47 64
142 48 65
142 53 54
143 0 1
143 1 2
143 1 3
143 1 4
143 2 5
143 3 6
143 3 7
143 4 8
143 4 9
143 5 10
143 6 11
143 6 12
143 7 13
143 7 14
143 8 15
143 8 16
143 8 17
143 9 13
143 9 18
143 9 19
143 9 20
143 10 14
143 10 21
143 11 22
143 12 23
143 14 22
143 14 24
143 14 25
143 16 26
143 16 27
143 17 28
143 17 29
143 19 30
143 20 31
143 21 32
143 21 33
143 21 34
143 22 35
143 23 36
143 24 37
143 24 38
143 30 39
143 31 40
143 32 41
143 32 42
143 33 43
143 33 44
143 33 45
143 36 46
143 38 47
143 38 48
143 39 49
143 42 50
143 42 51
143 45 50
143 45 52
143 46 52
143 47 53
143 47 54
143 48 55
143 48 56
143 49 57
143 50 53
143 50 58
143 50 59
143 51 60
143 51 61
143 52 62
143 54 63
143 55 64
143 55 65
143 57 66
143 57 67
143 58 68
143 59 64
143 62 69
143 64 70
143 66 71
143 67 72
143 67 73
143 71 74
144 0 1
144 0 2
144 1 3
144 2 4
144 4 5
144 5 6
144 6 7
144 6 8
144 6 9
144 7 10
144 8 11
144 9 12
144 9 13
144 10 14
144 11 15
144 11 16
144 12 17
144 12 18
144 15 19
144 16 20
144 16 21
144 17 22
144 18 23
144 18 24
144 19 25
144 22 26
144 24 27
144 25 28
144 26 29
144 27 30
144 28 31
144 29 32
144 30 33
144 31 34
144 31 35
144 32 36
144 32 37
144 33 38
144 34 39
144 35 40
144 36 41
144 38 42
144 39 43
144 40 44
144 41 45
144 42 46
144 42 47
144 43 48
144 44 49
144 45 50
144 46 47
144 47 51
144 47 52
144 48 53
144 48 54
144 50 55
144 52 56
144 53 57
144 55 58
144 56 59
144 57 60
144 59 61
144 60 62
144 62 63
144 63 64
144 64 65
144 65 66
144 65 67
144 66 68
144 67 69
144 67 70
144 68 71
144 68 72
144 69 73
144 72 74
144 72 75
145 0 1
145 0 2
145 1 3
145 3 4
145 3 5
145 3 6
145 4 7
145 4 8
145 4 9
145 5 10
145 5 11
145 6 12
145 8 13
145 8 14
145 10 15
145 10 16
145 11 17
145 12 18
145 14 16
145 14 19
145 16 20
145 16 21
145 18 22
145 19 23
145 20 24
145 21 25
145 22 26
145 22 27
145 24 28
145 24 29
145 25 30
145 25 31
145 26 32
145 27 33
145 27 34
145 28 35
145 29 36
145 31 37
145 32 38
145 32 39
145 33 40
145 34 41
145 35 42
145 36 43
145 42 44
145 43 45
145 43 46
145 44 47
145 45 48
145 46 49
145 46 50
145 47 51
145 48 52
145 48 53
145 49 50
145 50 54
145 51 55
145 52 54
145 52 56
145 53 57
145 54 58
145 55 59
145 55 60
145 56 61
145 57 62
145 58 63
145 59 64
145 59 65
145 60 66
145 62 67
145 64 68
145 65 69
145 65 70
145 66 71
145 67 72
145 67 73
146 0 1
146 1 2
146 1 3
146 1 4
146 1 5
146 1 6
146 1 7
146 2 8
146 2 9
146 3 9
146 3 10
146 4 11
146 4 12
146 4 13
146 6 14
146 6 15
146 6 16
146 7 16
146 7 17
146 8 9
146 8 18
146 9 18
146 9 19
146 9 20
146 9 21
146 10 13
146 11 22
146 11 23
146 11 24
146 11 25
146 12 26
146 12 27
146 13 28
146 14 29
146 16 17
146 20 30
146 21 25
146 21 31
146 22 32
146 27 33
146 27 34
146 28 35
146 28 36
146 29 37
146 29 38
146 30 35
146 30 39
146 30 40
146 30 41
146 31 42
146 33 38
146 34 42
146 35 43
146 36 44
146 36 45
146 37 44
146 37 46
146 37 47
146 38 48
146 38 49
146 38 50
146 40 51
146 41 52
146 41 53
146 41 54
146 42 55
146 43 55
146 52 56
146 52 57
146 53 57
146 53 58
146 53 59
146 54 60
146 57 61
146 58 62
146 58 63
146 59 64
146 59 65
146 60 66
146 61 67
146 62 68
146 63 69
147 0 1
147 0 2
147 1 3
147 1 4
147 1 5
147 2 6
147 2 7
147 3 8
147 4 9
147 5 10
147 5 11
147 5 12
147 6 11
147 7 13
147 7 14
147 9 15
147 10 16
147 10 17
147 11 17
147 11 18
147 12 19
147 13 20
147 13 21
147 13 22
147 14 23
147 14 24
147 15 25
147 16 26
147 17 27
147 17 28
147 19 29
147 20 30
147 20 31
147 21 30
147 21 32
147 22 28
147 22 33
147 23 34
147 23 35
147 24 25
147 24 35
147 25 36
147 28 37
147 29 38
147 30 35
147 31 39
147 31 40
147 31 41
147 32 42
147 33 38
147 34 43
147 34 44
147 36 39
147 36 45
147 36 46
147 37 47
147 38 48
147 38 49
147 39 50
147 40 49
147 40 51
147 40 52
147 41 51
147 41 53
147 43 54
147 44 52
147 44 55
147 45 56
147 45 57
147 46 58
147 46 59
147 47 60
147 48 61
147 48 62
147 49 63
147 51 52
147 59 60
147 59 61
148 0 1
148 1 2
148 1 3
148 2 4
148 2 5
148 2 6
148 3 7
148 3 8
148 4 9
148 4 10
148 5 11
148 5 12
148 5 13
148 6 14
148 7 8
148 7 9
148 7 15
148 8 16
148 9 17
148 9 18
148 10 19
148 10 20
148 11 21
148 12 22
148 12 23
148 12 24
148 13 25
148 13 26
148 13 27
148 14 28
148 15 28
148 15 29
148 16 18
148 18 26
148 18 30
148 20 31
148 20 32
148 21 31
148 21 33
148 22 34
148 22 35
148 23 36
148 24 37
148 25 38
148 26 39
148 27 40
148 30 41
148 31 42
148 32 43
148 34 43
148 36 37
148 37 44
148 37 45
148 38 46
148 39 47
148 39 48
148 40 49
148 41 50
148 42 51
148 44 52
148 45 53
148 45 54
148 46 55
148 47 49
148 47 56
148 47 57
148 48 58
148 48 59
148 48 60
148 49 57
148 49 61
148 49 62
148 51 61
148 51 63
148 52 59
148 52 64
148 52 65
148 53 55
148 54 66
148 56 67
148 57 68
148 57 69
148 60 70
148 63 71
148 65 72
148 66 73
148 67 74
148 67 75
149 0 1
149 0 2
149 1 3
149 1 4
149 2 5
149 2 6
149 4 7
149 4 8
149 5 9
149 7 10
149 7 11
149 7 12
149 8 13
149 9 14
149 9 15
149 10 16
149 10 17
149 11 18
149 12 19
149 13 20
149 14 21
149 15 18
149 15 22
149 15 23
149 15 24
149 16 25
149 16 26
149 17 27
149 18 28
149 18 29
149 18 30
149 20 31
149 21 32
149 22 33
149 22 34
149 23 34
149 23 35
149 24 36
149 24 37
149 25 38
149 26 37
149 27 39
149 28 40
149 29 41
149 29 42
149 31 43
149 32 44
149 33 45
149 33 46
149 34 43
149 34 47
149 35 48
149 35 49
149 38 50
149 38 51
149 39 52
149 39 53
149 40 53
149 41 54
149 42 55
149 42 56
149 43 57
149 45 58
149 47 59
149 48 60
149 49 61
149 50 62
149 51 63
149 51 64
149 51 65
149 62 66
149 63 67
149 65 68
149 66 69
149 66 70
149 67 71
149 67 72
149 68 73
149 71 74
149 71 75
149 73 76
149 73 77
150 0 1
150 1 2
150 1 3
150 2 4
150 2 5
150 2 6
150 3 7
150 3 8
150 3 9
150 4 10
150 4 11
150 5 12
150 6 13
150 7 14
150 8 15
150 8 16
150 8 17
150 9 18
150 9 19
150 10 11
150 11 20
150 13 15
150 13 21
150 15 22
150 17 18
150 17 23
150 18 24
150 18 25
150 18 26
150 19 27
150 20 28
150 21 29
150 22 30
150 24 31
150 25 32
150 25 33
150 26 34
150 26 35
150 26 36
150 27 37
150 27 38
150 27 39
150 28 32
150 28 40
150 29 41
150 30 42
150 30 43
150 30 44
150 31 41
150 31 45
150 32 46
150 33 47
150 33 48
150 34 45
150 34 49
150 35 38
150 35 50
150 35 51
150 36 52
150 36 53
150 36 54
150 36 55
150 37 43
150 37 56
150 37 57
150 39 40
150 45 58
150 45 59
150 46 60
150 47 61
150 49 62
150 50 63
150 50 64
150 50 65
150 51 64
150 51 66
150 53 54
150 53 67
150 54 63
150 54 67
150 54 68
150 55 69
150 55 70
150 65 67
151 0 1
151 1 2
151 2 3
151 3 4
151 3 5
151 3 6
151 4 7
151 4 8
151 5 9
151 6 10
151 6 11
151 8 12
151 9 13
151 9 14
151 10 15
151 10 16
151 11 12
151 12 17
151 13 18
151 13 19
151 13 20
151 15 21
151 15 22
151 16 23
151 16 24
151 16 25
151 17 22
151 17 26
151 18 27
151 18 28
151 19 29
151 20 30
151 21 30
151 21 31
151 21 32
151 22 33
151 23 34
151 25 35
151 26 35
151 27 36
151 28 37
151 31 38
151 32 39
151 32 40
151 33 41
151 33 42
151 35 43
151 35 44
151 36 45
151 37 45
151 39 46
151 41 47
151 42 48
151 42 49
151 43 49
151 44 50
151 44 51
151 44 52
151 46 53
151 46 54
151 46 55
151 47 56
151 47 57
151 48 58
151 50 59
151 50 60
151 50 61
151 52 62
151 54 63
151 54 64
151 54 65
151 55 57
151 55 66
151 57 67
151 58 60
151 58 68
151 59 64
151 59 69
151 60 70
151 62 71
152 0 1
152 0 2
152 0 3
152 1 4
152 2 5
152 2 6
152 3 7
152 3 8
152 4 9
152 5 10
152 6 11
152 6 12
152 6 13
152 7 14
152 8 15
152 8 16
152 9 17
152 10 18
152 11 19
152 12 19
152 12 20
152 14 21
152 15 22
152 15 23
152 15 24
152 16 25
152 16 26
152 17 27
152 17 28
152 17 29
152 18 23
152 18 30
152 18 31
152 19 32
152 20 33
152 20 34
152 20 35
152 21 36
152 22 37
152 23 38
152 24 31
152 24 39
152 24 40
152 25 41
152 25 42
152 26 43
152 27 41
152 29 44
152 31 45
152 31 46
152 31 47
152 32 48
152 32 49
152 33 34
152 33 50
152 33 51
152 33 52
152 34 53
152 35 54
152 36 55
152 37 56
152 38 57
152 39 58
152 39 59
152 42 60
152 43 61
152 43 62
152 44 56
152 44 63
152 45 64
152 45 65
152 46 66
152 46 67
152 47 48
152 49 68
152 50 69
152 50 70
152 52 71
152 52 72
152 53 73
152 53 74
152 54 75
152 56 60
152 56 76
152 57 77
152 58 78
152 59 79
152 60 80
152 61 78
152 61 81
152 62 82
152 64 83
152 76 78
153 0 1
153 0 2
153 1 3
153 2 4
153 3 5
153 3 6
153 4 7
153 5 8
153 5 9
153 5 10
153 6 11
153 6 12
153 6 13
153 7 9
153 9 14
153 10 15
153 10 16
153 11 17
153 12 18
153 14 19
153 15 20
153 15 21
153 16 22
153 17 19
153 17 23
153 17 24
153 19 25
153 21 26
153 22 27
153 22 28
153 22 29
153 24 30
153 25 31
153 27 32
153 27 33
153 28 34
153 29 35
153 30 36
153 30 37
153 31 38
153 31 39
153 31 40
153 32 41
153 33 42
153 33 43
153 33 44
153 34 45
153 34 46
153 34 47
153 35 48
153 35 49
153 37 50
153 37 51
153 39 52
153 40 53
153 41 54
153 44 55
153 48 53
153 49 56
153 50 57
153 51 58
153 52 59
153 53 60
153 54 61
153 56 62
153 57 63
153 58 64
153 58 65
153 61 65
153 61 66
153 61 67
153 64 68
153 65 69
153 66 70
153 67 71
153 67 72
153 69 73
153 71 74
153 72 75
153 73 76
153 74 77
153 74 78
153 74 79
153 77 80
153 77 81
153 78 82
153 79 83
153 79 84
153 80 85
153 80 86
153 81 87
153 82 88
153 83 89
153 84 90
153 84 91
153 84 92
153 86 93
153 87 94
153 87 95
153 88 96
153 88 97
153 89 98
153 90 99
153 90 100
153 92 101
153 93 102
153 98 101
153 100 103
153 100 104
153 101 105
153 101 106
153 102 104
154 0 1
154 0 2
154 0 3
154 0 4
154 2 5
154 2 6
154 3 7
154 4 8
154 5 9
154 6 10
154 8 11
154 9 12
154 10 13
154 10 14
154 11 15
154 11 16
154 12 17
154 13 18
154 13 19
154 14 17
154 14 20
154 14 21
154 15 22
154 16 23
154 16 24
154 18 25
154 19 26
154 19 27
154 20 28
154 21 25
154 22 29
154 23 30
154 24 31
154 26 32
154 26 33
154 27 34
154 31 35
154 31 36
154 31 37
154 34 38
154 34 39
154 34 40
154 35 41
154 36 40
154 36 42
154 37 43
154 38 44
154 39 45
154 39 46
154 40 47
154 42 48
154 42 49
154 42 50
154 45 51
154 46 47
154 50 52
154 52 53
154 53 54
155 0 1
155 0 2
155 0 3
155 0 4
155 1 5
155 3 6
155 3 7
155 4 8
155 5 9
155 5 10
155 6 10
155 6 11
155 7 12
155 8 13
155 8 14
155 9 15
155 9 16
155 9 17
155 10 18
155 11 19
155 11 20
155 11 21
155 12 22
155 12 23
155 13 24
155 14 16
155 14 25
155 16 26
155 19 21
155 19 27
155 19 28
155 19 29
155 23 30
155 23 31
155 24 25
155 24 32
155 24 33
155 25 34
155 26 35
155 27 30
155 27 36
155 29 37
155 29 38
155 30 39
155 31 40
155 32 41
155 32 42
155 32 43
155 32 44
155 35 45
155 35 46
155 36 47
155 36 48
155 37 49
155 38 50
155 39 40
155 39 51
155 39 52
155 40 53
155 47 54
155 49 55
155 50 56
155 51 57
155 51 58
155 54 59
155 54 60
155 54 61
155 55 62
155 55 63
155 55 64
155 57 65
155 57 66
155 64 65
155 65 66
156 0 1
156 1 2
156 2 3
156 2 4
156 3 5
156 3 6
156 4 7
156 6 8
156 7 9
156 9 10
156 9 11
156 9 12
156 10 13
156 11 14
156 12 15
156 13 16
156 13 17
156 14 18
156 14 19
156 14 20
156 16 21
156 16 22
156 17 23
156 18 24
156 20 25
156 22 26
156 23 27
156 24 28
156 25 29
156 26 30
156 27 31
156 28 32
156 28 33
156 29 34
156 29 35
156 29 36
156 30 37
156 30 38
156 31 39
156 31 40
156 32 41
156 32 42
156 33 43
156 34 44
156 34 45
156 36 46
156 37 47
156 37 48
156 38 49
156 39 50
156 41 51
156 43 52
156 43 53
156 44 54
156 45 55
156 46 55
156 47 56
156 48 57
156 49 58
156 50 59
156 51 60
156 51 61
156 59 62
156 59 63
156 60 64
156 60 65
156 61 62
156 61 63
156 61 66
156 62 67
157 0 1
157 0 2
157 1 3
157 1 4
157 1 5
157 2 6
157 2 7
157 3 6
157 3 8
157 5 9
157 5 10
157 6 11
157 6 12
157 7 13
157 8 14
157 9 15
157 9 16
157 11 17
157 13 18
157 14 19
157 15 20
157 16 21
157 16 22
157 17 23
157 18 24
157 18 25
157 18 26
157 18 27
157 19 28
157 21 29
157 23 30
157 25 31
157 25 32
157 26 33
157 27 34
157 27 35
157 27 36
157 28 37
157 30 38
157 32 39
157 33 40
157 33 41
157 33 42
157 34 43
157 34 44
157 35 45
157 36 46
157 36 47
157 38 48
157 40 49
157 46 50
157 47 51
157 48 52
157 50 53
157 52 54
157 53 55
157 53 56
157 54 57
157 54 58
157 54 59
157 55 60
157 57 61
157 57 62
157 58 63
157 59 64
157 59 65
157 60 66
157 61 67
157 63 68
157 63 69
157 65 70
157 66 71
157 66 72
157 68 73
157 68 74
157 70 75
157 73 74
158 0 1
158 0 2
158 0 3
158 2 4
158 3 4
158 3 5
158 4 6
158 4 7
158 5 8
158 6 9
158 6 10
158 6 11
158 7 12
158 7 13
158 8 14
158 8 15
158 8 16
158 10 17
158 11 18
158 11 19
158 12 17
158 12 20
158 12 21
158 14 22
158 15 23
158 15 24
158 17 25
158 17 26
158 18 27
158 18 28
158 20 29
158 21 30
158 21 31
158 22 32
158 23 24
158 23 33
158 24 34
158 24 35
158 26 36
158 27 37
158 27 38
158 28 39
158 29 40
158 31 35
158 32 41
158 33 41
158 33 42
158 34 43
158 36 41
158 37 44
158 38 45
158 38 46
158 39 47
158 39 48
158 40 49
158 40 50
158 40 51
158 44 52
158 45 53
158 45 54
158 46 47
158 46 53
158 46 55
158 47 56
158 48 57
158 48 58
158 48 59
158 50 60
158 51 61
158 51 62
158 57 63
158 58 64
158 58 65
158 59 66
158 60 67
158 61 68
158 62 69
159 0 1
159 1 2
159 1 3
159 2 4
159 2 5
159 3 6
159 4 7
159 6 8
159 7 9
160 0 1
160 0 2
160 0 3
160 1 4
160 1 5
160 2 6
160 2 7
160 3 8
160 3 9
160 4 10
160 4 11
160 4 12
160 6 13
160 7 14
160 7 15
160 8 16
160 9 17
160 9 18
160 9 19
160 10 20
160 10 21
160 11 18
160 11 22
160 11 23
160 12 24
160 13 25
160 13 26
160 13 27
160 14 28
160 15 22
160 16 29
160 17 30
160 18 31
160 19 32
160 20 32
160 20 33
160 21 34
160 21 35
160 22 34
160 22 36
160 23 37
160 23 38
160 24 39
160 26 40
160 26 41
160 28 42
160 29 39
160 29 43
160 30 44
160 31 45
160 32 46
160 32 47
160 33 48
160 33 49
160 34 50
160 35 51
160 35 52
160 37 53
160 37 54
160 38 55
160 39 56
160 40 57
160 42 58
160 42 59
160 42 60
160 43 61
160 43 62
160 44 62
160 45 63
160 45 64
160 47 65
160 51 53
160 54 55
160 54 63
161 0 1
161 1 2
161 1 3
161 1 4
161 2 5
161 3 6
161 4 7
161 4 8
161 5 9
161 6 10
161 7 11
161 9 12
161 9 13
161 10 14
161 11 15
161 12 16
161 13 17
161 14 18
161 15 19
161 15 20
161 16 21
161 17 22
161 19 23
161 19 24
161 19 25
161 19 26
161 22 27
161 23 28
161 24 29
161 24 30
161 24 31
161 26 32
161 27 33
161 27 34
161 28 35
161 28 36
161 29 32
161 29 37
161 30 38
161 30 39
161 33 40
161 34 41
161 35 38
161 35 42
161 35 43
161 35 44
161 38 39
161 39 45
161 39 46
161 40 47
161 42 48
161 42 49
161 43 46
161 43 48
161 43 50
161 43 51
161 44 52
161 45 53
161 45 54
161 46 55
161 47 56
161 47 57
161 47 58
161 48 59
161 48 60
161 49 61
161 49 62
161 50 63
161 50 64
161 51 64
161 51 65
161 52 66
161 52 67
161 58 68
162 0 1
162 0 2
162 1 3
162 2 4
162 3 5
162 3 6
162 4 7
162 4 8
162 5 9
163 0 1
163 0 2
163 1 3
163 1 4
163 1 5
163 2 6
163 3 7
163 3 8
163 4 9
163 5 10
163 5 11
163 6 12
163 6 13
163 6 14
163 6 15
163 8 16
163 9 17
163 10 18
163 10 19
163 11 20
163 12 21
163 12 22
163 14 23
163 14 24
163 15 25
163 16 26
163 16 27
163 16 28
163 17 29
163 18 30
163 22 31
163 23 32
163 23 33
163 24 34
163 25 35
163 26 36
163 27 37
163 27 38
163 28 39
163 29 40
163 30 41
163 30 42
163 31 43
163 34 44
163 35 45
163 36 46
163 36 47
163 37 41
163 37 48
163 39 49
163 42 49
163 42 50
163 42 51
163 43 52
163 44 53
163 47 54
163 47 55
163 48 51
163 49 56
163 49 57
163 50 58
163 50 59
163 51 53
163 52 60
163 52 61
163 53 62
163 54 63
163 54 64
163 55 65
163 64 66
163 64 67
163 65 68
163 65 69
163 65 70
163 66 71
163 67 72
163 68 73
163 69 74
163 69 75
163 71 76
163 72 77
163 73 78
163 75 79
163 76 80
163 76 81
163 78 82
163 79 83
164 0 1
164 0 2
164 0 3
164 1 2
164 1 4
164 2 4
164 2 5
164 2 6
164 3 7
164 3 8
164 4 7
164 6 9
164 7 10
164 8 11
164 8 12
164 8 13
164 10 14
164 12 13
164 12 15
164 12 16
164 12 17
164 13 18
164 14 19
164 14 20
164 14 21
164 15 20
164 15 22
164 15 23
164 16 24
164 16 25
164 18 26
164 19 23
164 20 27
164 20 28
164 20 29
164 21 30
164 22 31
164 23 29
164 23 32
164 24 33
164 24 34
164 26 35
164 27 36
164 27 37
164 28 38
164 29 34
164 29 39
164 29 40
164 30 41
164 32 42
164 32 43
164 33 44
164 33 45
164 35 36
164 35 46
164 37 47
164 37 48
164 38 49
164 38 50
164 39 51
164 41 52
164 41 53
164 43 54
164 45 55
164 47 56
164 47 57
164 48 58
164 48 59
164 50 57
164 50 59
164 50 60
164 50 61
164 51 59
164 51 60
164 51 62
164 53 63
164 53 64
164 55 65
164 56 57
164 56 61
164 56 66
164 58 60
164 58 67
164 63 68
164 63 69
164 64 70
164 64 71
164 67 72
164 68 73
164 72 74
164 72 75
164 73 76
164 74 77
164 74 78
164 76 79
164 78 80
165 0 1
165 0 2
165 1 3
165 1 4
165 1 5
165 2 6
165 3 7
165 3 8
165 3 9
165 4 10
165 4 11
165 4 12
165 4 13
165 5 6
165 5 14
165 6 15
165 7 13
165 7 16
165 8 17
165 9 18
165 9 19
165 10 20
165 12 21
165 12 22
165 13 23
165 17 24
165 19 25
165 19 26
165 20 27
165 20 28
165 20 29
165 21 25
165 21 30
165 21 31
165 22 32
165 22 33
165 23 32
165 23 34
165 23 35
165 24 36
165 24 37
165 24 38
165 27 39
165 27 40
165 28 37
165 29 41
165 30 32
165 31 39
165 31 42
165 31 43
165 31 44
165 32 45
165 34 46
165 34 47
165 34 48
165 36 46
165 37 49
165 39 50
165 39 51
165 40 52
166 0 1
166 1 2
166 1 3
166 2 4
166 3 5
166 4 6
166 4 7
166 5 8
166 5 9
166 7 10
166 7 11
166 7 12
166 8 13
166 8 14
166 8 15
166 9 16
166 11 17
166 13 18
166 14 19
166 15 20
166 16 21
166 16 22
166 17 23
166 18 24
166 18 25
166 19 26
166 19 27
166 20 28
166 20 29
166 21 30
166 22 26
166 23 31
166 29 32
166 32 33
166 32 34
166 32 35
166 34 36
166 34 37
166 34 38
166 35 39
166 35 40
166 36 41
166 37 42
166 37 43
166 38 44
166 38 45
166 40 46
166 40 47
166 41 48
166 41 49
166 42 50
166 43 51
166 45 52
166 46 53
166 48 54
166 49 55
166 49 56
166 51 57
166 52 58
166 54 59
166 58 60
166 59 61
166 59 62
166 62 63
166 63 64
166 64 65
166 64 66
167 0 1
167 1 2
167 2 3
167 2 4
167 2 5
167 3 6
167 5 7
167 5 8
167 8 9
167 8 10
167 9 11
167 9 12
167 10 13
167 10 14
167 11 15
168 0 1
168 0 2
168 1 3
168 1 4
168 2 5
168 2 6
168 6 7
168 7 8
168 7 9
168 7 10
168 8 11
168 10 12
168 11 13
168 11 14
168 13 15
168 15 16
168 15 17
168 16 18
168 18 19
168 18 20
168 19 21
168 19 22
168 20 23
168 21 24
168 22 25
168 22 26
168 24 27
168 24 28
168 25 29
168 25 30
168 26 31
168 26 32
168 27 33
168 28 34
168 30 35
168 30 36
168 30 37
168 31 38
168 32 39
168 32 40
168 33 41
168 33 42
168 33 43
168 34 44
168 36 45
168 36 46
168 37 47
168 37 48
168 37 49
168 38 45
168 38 50
168 40 41
168 41 51
168 41 52
168 42 53
168 43 54
168 43 55
168 46 56
168 47 57
168 49 58
168 54 59
168 56 60
168 57 61
168 58 62
168 59 63
168 60 64
168 61 65
168 61 66
168 63 67
168 64 68
168 64 69
168 66 70
168 67 71
168 68 72
168 68 73
168 69 74
168 71 75
168 72 76
168 73 77
168 74 78
168 75 79
168 75 80
168 76 77
168 77 81
168 79 82
168 80 83
168 81 84
168 83 85
168 83 86
168 84 87
168 84 88
168 85 89
168 86 90
169 0 1
169 0 2
169 1 3
169 1 4
169 1 5
169 1 6
169 1 7
169 2 8
169 2 9
169 3 10
169 3 11
169 3 12
169 5 13
169 5 14
169 5 15
169 7 16
169 11 17
169 12 18
169 13 14
169 13 19
169 13 20
169 15 21
169 18 21
169 18 22
169 19 23
169 20 24
169 21 25
169 24 26
169 25 27
169 25 28
169 26 29
169 26 30
169 27 31
169 28 32
169 28 33
169 29 34
169 29 35
169 30 32
169 30 36
169 31 37
169 32 37
169 32 38
169 33 39
169 33 40
169 34 41
169 35 42
169 36 43
169 37 44
169 37 45
169 38 46
169 39 47
169 39 48
169 40 49
169 40 50
169 40 51
169 41 52
169 41 53
169 42 54
169 43 55
169 44 56
169 45 57
169 45 58
169 46 57
169 46 59
169 46 60
169 47 61
169 47 62
169 48 63
169 48 64
169 49 61
169 49 65
169 49 66
169 50 67
169 50 68
169 51 69
169 51 70
169 55 65
169 58 59
170 0 1
170 0 2
170 0 3
170 1 4
170 1 5
170 1 6
170 2 7
170 3 8
170 4 9
170 5 10
170 5 11
170 6 12
170 7 13
170 8 12
170 8 14
170 9 15
170 9 16
170 9 17
170 10 18
170 11 17
170 11 19
170 12 20
170 12 21
170 14 22
170 14 23
170 16 24
170 16 25
170 17 24
170 17 26
170 18 27
170 18 28
170 19 29
170 20 30
170 20 31
170 21 32
170 21 33
170 21 34
170 22 35
170 23 36
170 23 37
170 25 38
170 25 39
170 26 30
170 26 40
170 27 41
170 27 42
170 29 43
170 29 44
170 30 43
170 30 45
170 31 34
170 31 46
170 32 47
170 32 48
170 33 48
170 33 49
170 34 50
170 36 38
170 37 51
170 38 52
170 38 53
170 39 54
170 39 55
170 40 41
170 40 56
170 40 57
170 40 58
170 41 59
170 42 60
170 42 61
170 42 62
170 43 63
170 43 64
170 44 65
170 44 66
170 45 67
170 46 49
170 46 68
170 47 68
170 47 69
170 48 59
170 48 70
170 48 71
170 53 72
170 54 55
170 54 59
170 54 73
170 54 74
170 55 75
170 58 76
170 58 77
170 59 65
170 61 78
170 61 79
170 61 80
170 61 81
170 63 82
170 64 83
170 71 74
171 0 1
171 0 2
171 1 3
171 1 4
171 2 3
171 2 5
171 3 6
171 3 7
171 4 8
171 4 9
171 5 10
171 6 11
171 6 12
171 7 13
171 7 14
171 7 15
171 8 15
171 8 16
171 8 17
171 9 18
171 9 19
171 10 20
171 10 21
171 11 22
171 11 23
171 12 24
171 12 25
171 13 21
171 13 26
171 14 27
171 18 28
171 21 29
171 22 30
171 23 31
171 24 32
171 24 33
171 24 34
171 25 35
171 25 36
171 25 37
171 25 38
171 26 37
171 26 39
171 26 40
171 28 40
171 28 41
171 28 42
171 29 43
171 29 44
171 31 35
171 34 38
171 35 45
171 36 46
171 36 47
171 36 48
171 37 38
171 37 39
171 39 48
171 39 49
171 40 50
171 41 51
171 42 52
171 42 53
171 45 54
171 46 55
171 47 52
171 47 56
171 49 50
171 49 57
171 49 58
171 54 59
171 54 60
171 55 58
171 56 61
171 57 62
171 59 63
171 59 64
171 60 65
171 60 66
171 61 62
171 61 67
171 63 68
171 64 69
171 65 70
171 65 71
171 67 72
171 67 73
171 69 74
171 69 75
171 70 76
171 71 77
171 77 78
172 0 1
172 0 2
172 1 3
172 1 4
172 1 5
172 3 6
172 4 7
172 4 8
172 5 9
172 5 10
172 6 11
172 7 9
172 7 12
172 8 13
172 8 14
172 10 15
172 11 16
172 12 17
172 13 18
172 13 19
172 15 20
172 15 21
172 16 22
172 17 23
172 18 24
172 18 25
172 19 26
172 20 27
172 20 28
172 20 29
172 22 28
172 22 30
172 22 31
172 23 32
172 26 33
172 26 34
172 26 35
172 27 36
172 28 37
172 28 38
172 29 39
172 29 40
172 30 41
172 31 42
172 32 43
172 32 44
172 33 35
172 33 45
172 33 46
172 33 47
172 34 48
172 34 49
172 35 50
172 36 51
172 36 52
172 36 53
172 37 54
172 37 55
172 37 56
172 37 57
172 39 58
172 40 59
172 44 60
172 45 61
172 46 62
172 46 63
172 47 62
172 47 64
172 50 53
172 51 65
172 54 61
172 56 66
172 58 67
172 59 68
172 60 69
172 61 70
172 61 71
172 62 72
172 67 73
172 68 74
172 68 75
172 70 76
172 72 77
172 75 78
172 77 79
172 79 80
172 80 81
172 80 82
173 0 1
173 0 2
173 1 3
173 2 4
173 2 5
173 3 6
173 3 7
173 5 8
173 6 9
173 7 10
173 10 11
173 10 12
173 11 13
173 12 14
173 13 15
173 13 16
173 14 17
173 15 18
173 16 19
173 16 20
173 17 21
173 18 22
173 19 23
173 21 24
173 23 25
173 24 26
173 26 27
174 0 1
174 0 2
174 1 3
174 3 4
174 4 5
174 4 6
174 5 7
174 5 8
174 6 9
174 7 10
174 8 11
174 9 12
174 10 13
174 10 14
174 12 15
174 13 16
174 14 17
174 15 18
174 18 19
174 18 20
174 19 21
174 20 22
174 20 23
174 21 24
174 22 25
174 22 26
174 23 27
174 24 28
174 24 29
174 27 29
174 27 30
174 27 31
174 28 32
174 29 33
174 30 34
174 30 35
174 32 36
174 32 37
174 34 38
174 34 39
174 34 40
174 35 41
174 38 42
174 39 43
174 40 44
174 41 45
174 43 46
174 43 47
174 44 48
174 44 49
174 45 50
174 46 51
174 48 52
174 49 53
174 50 54
174 51 55
174 52 56
174 53 57
174 53 58
174 53 59
174 54 60
174 54 61
174 55 62
174 56 63
174 57 64
174 58 62
174 58 65
174 59 66
174 60 67
174 61 68
174 62 69
174 62 70
174 63 71
174 64 72
174 65 73
174 66 74
174 67 75
174 68 76
174 69 77
174 69 78
174 77 78
175 0 1
175 1 2
175 2 3
175 3 4
175 3 5
175 5 6
175 6 7
175 6 8
175 6 9
175 6 10
175 7 11
175 7 12
175 8 13
175 8 14
175 9 15
175 9 16
175 9 17
175 11 18
175 11 19
175 12 20
175 12 21
175 13 22
175 13 23
175 14 24
175 16 25
175 17 26
175 18 27
175 19 28
175 22 29
175 23 30
175 24 31
175 25 32
175 26 30
175 26 33
175 27 34
175 28 35
175 29 36
175 29 37
175 29 38
175 30 39
175 30 40
175 31 41
175 32 42
175 32 43
175 33 44
175 34 45
175 34 46
175 37 47
175 37 48
175 38 49
175 38 50
175 40 49
175 41 51
175 43 52
175 44 53
175 44 54
175 45 55
175 45 56
175 46 57
175 48 58
175 48 59
175 49 60
175 50 61
175 51 62
175 55 63
175 55 64
175 56 65
175 57 66
175 57 67
175 58 68
175 58 69
175 59 70
175 59 71
175 59 72
175 70 71
176 0 1
176 1 2
176 1 3
176 3 4
176 4 5
177 0 1
177 0 2
177 0 3
177 1 4
177 3 5
177 4 6
177 5 7
177 5 8
177 5 9
177 6 10
177 6 11
177 6 12
177 8 9
177 9 13
177 9 14
177 10 15
177 11 16
177 11 17
177 12 18
177 12 19
177 13 20
177 14 21
177 14 22
177 14 23
177 15 24
177 16 25
177 16 26
177 16 27
177 19 28
177 20 29
177 20 30
177 20 31
177 21 32
177 21 33
177 22 34
177 22 35
177 22 36
177 23 32
177 23 37
177 27 38
177 28 39
177 29 40
177 29 41
177 30 42
177 31 43
177 32 44
177 33 41
177 33 45
177 33 46
177 36 44
177 38 47
177 38 48
177 39 49
177 39 50
177 40 51
177 42 52
177 43 53
177 43 54
177 43 55
177 44 56
177 44 57
177 45 47
177 45 58
177 46 59
177 46 60
177 47 48
177 48 61
177 50 53
177 52 62
177 53 63
177 54 64
177 56 65
177 57 66
177 58 67
177 58 68
177 59 67
177 59 69
177 62 66
177 66 70
177 69 71
177 71 72
177 72 73
177 73 74
177 73 75
177 75 76
178 0 1
178 0 2
178 0 3
178 0 4
178 0 5
178 1 4
178 2 6
178 3 7
178 3 8
178 4 9
178 4 10
178 6 11
178 10 12
178 10 13
178 12 14
178 12 15
178 14 16
178 15 17
178 15 18
178 16 19
178 17 20
178 17 21
178 18 22
178 18 23
178 19 24
178 20 25
178 21 26
178 22 24
178 22 27
178 23 28
178 23 29
178 23 30
178 24 31
178 24 32
178 27 32
178 27 33
178 27 34
178 27 35
178 28 36
178 28 37
178 28 38
178 29 39
178 30 40
178 31 41
178 32 37
178 32 42
178 32 43
178 33 44
178 34 41
178 35 45
178 35 46
178 36 47
178 36 48
178 37 49
178 37 50
178 37 51
178 40 41
178 42 43
178 46 49
178 50 52
178 50 53
178 50 54
178 51 55
178 51 56
178 52 57
178 53 58
178 53 59
178 53 60
178 54 61
178 54 62
178 55 63
178 56 64
178 56 65
178 57 66
178 57 67
178 63 68
178 63 69
178 65 70
178 66 71
178 69 72
178 69 73
178 69 74
178 70 71
179 0 1
179 0 2
179 1 3
179 1 4
179 1 5
179 3 6
179 3 7
179 5 8
179 7 9
179 7 10
179 8 11
179 8 12
179 9 13
179 9 14
179 9 15
179 10 16
179 11 17
179 11 18
179 11 19
179 13 20
179 14 21
179 15 19
179 15 22
179 16 23
179 16 24
179 16 25
179 18 24
179 18 26
179 18 27
179 18 28
179 19 29
179 20 30
179 21 31
179 21 32
179 22 33
179 23 34
179 23 35
179 24 36
179 24 37
179 25 38
179 25 39
179 26 29
179 28 33
179 28 38
179 28 40
179 29 40
179 29 41
179 30 42
179 31 43
179 31 44
179 32 43
179 32 45
179 32 46
179 33 43
179 33 47
179 34 48
179 35 49
179 36 50
179 37 51
179 38 52
179 39 53
179 40 54
179 40 55
179 40 56
179 41 57
179 41 58
179 42 59
179 42 60
179 43 46
179 44 61
179 45 62
179 46 63
179 48 64
179 48 65
179 48 66
179 49 50
179 49 67
179 50 68
179 50 69
179 50 70
179 53 71
179 53 72
179 53 73
179 54 67
179 55 74
179 56 75
179 56 76
179 56 77
179 58 78
179 59 79
179 60 80
179 63 81
179 63 82
179 64 81
179 73 82
179 73 83
179 79 81
179 80 84
179 80 85
179 80 86
179 81 82
179 81 87
180 0 1
180 0 2
180 2 3
180 3 4
180 4 5
180 4 6
180 5 7
180 6 8
180 6 9
180 7 10
180 8 11
180 8 12
180 8 13
180 9 14
180 10 12
180 10 15
180 10 16
180 11 17
180 12 18
180 14 19
180 15 20
180 16 21
180 17 22
180 17 23
180 18 24
180 18 25
180 18 26
180 19 27
180 20 24
180 22 28
180 22 29
180 23 30
180 24 30
180 24 31
180 26 32
180 26 33
180 27 34
180 29 35
180 30 36
180 31 35
180 31 37
180 32 38
180 32 39
180 33 40
180 34 41
180 34 42
180 35 36
180 35 43
180 35 44
180 36 45
180 37 46
180 38 47
180 39 48
180 39 49
180 40 50
180 42 51
180 42 52
180 43 53
180 43 54
180 45 55
180 45 56
180 50 52
180 50 57
180 51 58
180 52 59
180 53 60
180 54 61
180 55 62
180 55 63
180 56 61
180 56 64
180 57 65
180 58 66
180 58 67
180 58 68
180 61 69
180 62 70
180 63 71
180 63 72
180 67 73
180 67 74
180 68 73
180 70 75
180 70 76
180 71 77
180 72 78
180 72 79
180 74 80
180 76 81
181 0 1
181 0 2
181 1 3
181 1 4
181 2 5
181 4 6
181 4 7
181 5 8
181 5 9
181 6 10
181 6 11
181 6 12
181 6 13
181 6 14
181 8 15
181 9 16
181 9 17
181 10 16
181 10 18
181 10 19
181 12 20
181 13 14
181 13 21
181 13 22
181 16 20
181 16 23
181 16 24
181 17 25
181 17 26
181 18 27
181 19 28
181 20 29
181 20 30
181 21 31
181 22 32
181 23 33
181 24 34
181 25 35
181 26 36
181 27 37
181 27 38
181 28 39
181 28 40
181 28 41
181 29 42
181 32 33
181 33 43
181 34 44
181 34 45
181 35 36
181 37 46
181 38 47
181 39 48
181 39 49
181 40 50
181 41 46
181 42 51
181 43 52
181 46 53
181 47 48
181 47 53
181 49 54
181 50 55
181 51 56
181 51 57
181 52 53
181 52 58
181 53 59
181 54 56
181 54 60
181 55 61
181 56 62
181 57 63
181 57 64
181 58 63
181 58 65
181 60 66
181 60 67
181 61 68
181 63 69
182 0 1
182 0 2
182 1 3
182 1 4
182 2 5
182 2 6
182 2 7
182 2 8
182 2 9
182 3 10
182 3 11
182 4 10
182 4 12
182 4 13
182 4 14
182 4 15
182 5 15
182 5 16
182 6 17
182 7 11
182 7 18
182 9 16
182 9 19
182 10 11
182 10 20
182 10 21
182 10 22
182 11 23
182 11 24
182 12 14
182 12 25
182 12 26
182 13 27
182 15 28
182 16 29
182 16 30
182 18 31
182 18 32
182 19 33
182 20 21
182 22 34
182 24 35
182 25 30
182 26 31
182 27 36
182 27 37
182 27 38
182 29 39
182 32 40
182 32 41
182 36 42
182 36 43
182 37 44
182 38 45
182 38 46
182 38 47
182 41 48
182 41 49
182 42 43
182 43 45
182 44 49
182 44 50
182 46 51
182 47 52
182 48 53
182 49 54
182 49 55
182 50 56
182 51 57
182 51 58
182 54 59
182 55 60
182 57 61
182 58 62
182 58 63
182 61 64
182 62 64
182 62 65
182 63 66
182 63 67
182 64 68
182 65 69
182 65 70
182 66 71
182 66 72
183 0 1
183 1 2
183 1 3
183 2 4
184 0 1
184 0 2
184 0 3
184 1 4
184 1 5
184 1 6
184 2 7
184 3 8
184 3 9
184 3 10
184 3 11
184 4 12
184 5 13
184 6 14
184 6 15
184 6 16
184 7 15
184 9 16
184 9 17
184 10 18
184 14 19
184 14 20
184 14 21
184 15 17
184 15 22
184 17 23
184 18 24
184 19 25
184 19 26
184 21 27
184 22 28
184 22 29
184 24 30
184 24 31
184 25 32
184 26 32
184 27 29
184 27 33
184 27 34
184 27 35
184 28 36
184 29 37
184 29 38
184 30 39
184 31 39
184 31 40
184 32 41
184 33 42
184 33 43
184 34 44
184 34 45
184 35 46
184 35 47
184 35 48
184 36 49
184 37 50
184 38 51
184 40 52
184 41 53
184 42 44
184 42 54
184 43 55
184 45 50
184 45 56
184 46 51
184 47 57
184 48 58
184 49 59
184 49 60
184 50 61
185 0 1
185 0 2
185 1 3
185 2 4
185 2 5
185 3 6
185 4 7
185 7 8
185 8 9
185 9 10
185 9 11
185 10 12
185 10 13
185 11 14
185 11 15
185 12 16
185 12 17
185 12 18
185 14 19
185 15 20
185 16 21
185 18 21
185 18 22
185 18 23
185 18 24
185 20 25
185 20 26
185 21 27
185 23 26
185 24 28
185 24 29
185 24 30
185 25 31
185 25 32
185 25 33
185 26 27
185 26 34
185 28 35
185 29 36
185 30 37
185 32 38
185 33 39
185 34 40
185 35 41
185 36 39
185 36 42
185 37 43
185 37 44
185 38 45
185 40 46
185 41 47
185 41 48
185 42 49
185 42 50
185 43 51
185 44 52
185 45 53
185 45 54
185 46 55
185 46 56
185 47 57
185 48 50
185 48 58
185 49 59
185 50 60
185 51 61
185 52 62
185 53 59
185 54 55
185 54 63
185 55 64
185 56 65
185 56 66
185 56 67
185 57 68
185 57 69
185 57 70
185 58 63
185 60 71
185 62 72
185 63 73
185 63 74
185 63 75
185 65 76
185 65 77
185 66 78
185 69 78
185 74 79
185 76 80
186 0 1
186 0 2
186 1 3
186 2 4
186 3 5
186 3 6
186 4 7
186 4 8
186 4 9
186 5 10
186 5 11
186 7 12
186 8 13
186 8 14
186 8 15
186 9 16
186 10 17
186 11 18
186 11 19
186 11 20
186 12 21
186 12 22
186 12 23
186 13 24
186 14 17
186 14 25
186 15 26
186 17 27
186 17 28
186 18 29
186 19 30
186 19 31
186 20 32
186 20 33
186 21 30
186 23 25
186 23 34
186 23 35
186 24 36
186 25 37
186 25 38
186 27 39
186 28 40
186 28 41
186 28 42
186 29 43
186 30 44
186 30 45
186 32 46
186 33 44
186 33 45
186 33 47
186 35 44
186 37 38
186 40 48
186 40 49
186 41 47
186 41 50
186 42 51
186 43 52
186 44 53
186 44 54
186 44 55
186 45 52
186 46 56
186 46 57
186 47 58
186 47 59
186 48 60
186 50 52
186 50 61
186 50 62
186 50 63
186 51 64
186 54 62
186 58 59
186 58 62
186 60 65
186 61 66
186 62 67
186 62 68
186 62 69
186 65 70
186 65 71
186 66 72
186 68 73
186 69 74
186 72 75
186 73 76
186 73 77
186 74 78
186 75 79
186 76 80
186 76 81
186 77 82
186 77 83
186 78 81
186 78 84
186 80 85
186 80 86
186 80 87
186 83 84
186 84 88
186 86 89
186 87 90
186 88 91
186 90 92
186 92 93
186 93 94
186 94 95
186 95 96
187 0 1
187 0 2
187 0 3
187 1 4
187 1 5
187 1 6
187 2 5
187 3 7
187 5 8
187 5 9
187 5 10
187 6 11
187 6 12
187 6 13
187 7 14
187 8 15
187 8 16
187 10 17
187 11 18
187 12 19
187 13 20
187 14 20
187 16 21
187 17 19
187 17 22
187 18 23
187 19 24
187 19 25
187 19 26
187 20 27
187 22 28
187 22 29
187 22 30
187 23 31
187 25 32
187 26 33
187 26 34
187 26 35
187 27 36
187 28 37
187 28 38
187 28 39
187 33 40
187 34 40
187 34 41
187 34 42
187 35 43
187 36 44
187 37 45
187 38 46
187 39 44
187 41 47
187 42 48
187 42 49
187 43 50
187 43 51
187 43 52
187 43 53
187 48 54
187 50 55
187 51 56
187 51 57
187 52 58
187 52 59
187 53 60
187 54 60
187 54 61
187 56 62
187 56 63
187 56 64
187 57 65
187 57 66
187 58 67
187 58 68
188 0 1
188 0 2
188 1 3
188 1 4
188 2 5
188 2 6
188 3 7
188 7 8
188 7 9
188 7 10
188 8 11
188 8 12
188 9 13
188 9 14
188 9 15
188 9 16
188 10 17
188 12 18
188 12 19
188 13 20
188 14 21
188 14 22
188 15 23
188 16 24
188 17 20
188 17 25
188 17 26
188 18 27
188 21 28
188 22 29
188 22 30
188 23 31
188 24 32
188 27 33
188 27 34
188 28 35
188 29 30
188 30 36
188 31 37
188 33 38
188 33 39
188 34 40
188 35 41
188 36 37
188 36 42
188 36 43
188 37 44
188 37 45
188 37 46
188 37 47
188 38 45
188 38 48
188 39 49
188 40 50
188 41 46
188 48 51
188 48 52
188 48 53
188 48 54
188 49 55
188 50 56
188 52 57
188 53 58
188 53 59
188 54 60
188 54 61
188 55 62
188 57 63
188 57 64
188 58 65
188 60 66
188 61 67
188 62 68
188 64 69
188 64 70
188 65 71
188 65 72
188 68 73
189 0 1
189 1 2
189 1 3
189 1 4
189 2 5
189 2 6
189 2 7
189 3 8
189 4 9
189 5 10
189 6 11
189 8 12
189 8 13
189 9 14
189 9 15
189 9 16
189 9 17
189 10 18
189 10 19
189 11 20
189 12 13
189 12 21
189 13 22
189 14 23
189 15 24
189 15 25
189 15 26
189 16 27
189 17 28
189 17 29
189 18 30
189 19 31
189 20 32
189 20 33
189 21 34
189 22 35
189 22 36
189 23 34
189 24 37
189 24 38
189 24 39
189 29 40
189 31 33
189 31 35
189 31 37
189 31 41
189 32 41
189 32 42
189 35 43
189 35 44
189 35 45
189 36 43
189 36 45
189 37 46
189 42 47
189 43 48
189 43 49
189 45 50
189 48 51
189 50 52
189 51 53
189 51 54
189 52 55
189 53 56
189 53 57
189 54 58
189 54 59
189 55 60
189 56 61
189 57 61
189 57 62
189 58 63
189 59 64
189 60 65
189 60 66
189 64 67
189 65 68
189 67 69
189 68 70
190 0 1
190 0 2
190 2 3
190 2 4
190 2 5
190 3 6
190 3 7
190 3 8
190 4 9
190 6 10
190 6 11
190 7 12
190 8 13
190 8 14
190 8 15
190 10 16
190 12 17
190 13 18
190 13 19
190 14 20
190 15 16
190 16 21
190 17 22
190 19 23
190 19 24
190 19 25
190 20 26
190 21 27
190 22 28
190 23 29
190 23 30
190 25 29
190 25 31
190 25 32
190 26 33
190 26 34
190 27 33
190 27 35
190 27 36
190 28 36
190 29 35
190 29 37
190 30 38
190 33 39
190 34 40
190 35 41
190 35 42
190 36 43
190 37 44
190 37 45
190 38 46
190 39 47
190 40 47
190 40 48
190 41 49
190 41 50
190 50 51
190 51 52
190 52 53
190 53 54
190 53 55
190 53 56
190 54 57
190 56 58
190 58 59
190 58 60
190 58 61
190 59 62
190 59 63
190 60 64
190 61 65
190 62 66
190 63 67
190 64 68
190 64 69
190 64 70
190 65 71
191 0 1
191 0 2
191 1 3
191 1 4
191 2 5
191 3 6
191 3 7
191 3 8
191 3 9
191 4 10
191 5 11
191 6 12
191 7 13
191 8 14
191 9 15
191 10 16
191 11 16
191 11 17
191 12 18
191 13 19
191 14 20
191 14 21
191 14 22
191 15 23
191 18 24
191 18 25
191 20 26
191 21 27
191 22 28
191 24 29
191 24 30
191 24 31
191 25 32
191 25 33
191 26 34
191 26 35
191 27 36
191 28 37
191 30 38
191 32 39
191 32 40
191 33 40
191 33 41
191 34 38
191 34 42
191 34 43
191 34 44
191 35 45
191 36 46
191 38 47
191 38 48
191 39 47
191 41 49
191 41 50
191 42 51
191 42 52
191 43 53
191 43 54
191 44 47
191 44 55
191 44 56
191 45 57
191 47 58
191 47 59
191 48 60
191 51 61
191 51 62
191 51 63
191 51 64
191 53 62
191 59 61
191 60 65
191 61 63
191 61 66
191 61 67
191 61 68
191 62 69
191 63 70
191 64 71
191 64 72
191 64 73
191 64 74
191 66 75
191 67 69
192 0 1
192 0 2
192 2 3
192 3 4
193 0 1
193 0 2
193 1 3
193 2 4
193 3 5
193 4 6
193 5 7
193 5 8
193 6 9
193 6 10
193 7 11
193 8 12
193 8 13
193 9 14
193 9 15
193 9 16
193 13 17
193 13 18
193 14 19
193 15 20
193 17 21
193 18 22
193 18 23
193 18 24
193 19 25
193 20 26
193 21 27
193 23 28
193 24 29
193 24 30
193 24 31
193 25 32
193 26 33
193 26 34
193 26 35
193 28 36
193 29 37
193 31 38
193 31 39
193 32 40
193 32 41
193 34 42
193 34 43
193 36 44
193 37 45
193 38 46
193 39 47
193 40 48
193 40 49
193 40 50
193 42 51
193 43 52
193 44 53
193 45 54
193 49 55
193 49 56
193 50 57
193 51 58
193 51 59
193 52 60
193 52 61
193 52 62
193 53 63
193 53 64
193 55 65
193 56 66
193 59 67
193 59 68
193 60 69
193 60 70
193 61 71
193 63 72
193 64 73
193 65 74
193 66 75
193 66 76
193 68 76
193 69 77
193 70 78
193 70 79
193 70 80
194 0 1
194 1 2
194 2 3
194 3 4
194 3 5
194 3 6
194 4 7
194 4 8
194 5 9
194 5 10
194 6 7
194 6 11
194 6 12
194 6 13
194 7 14
194 7 15
194 8 16
194 10 17
194 11 18
194 12 19
194 13 20
194 14 21
194 14 22
194 15 23
194 16 23
194 17 24
194 17 25
194 17 26
194 18 27
194 19 28
194 21 27
194 21 29
194 22 23
194 22 24
194 23 25
194 25 30
194 25 31
194 25 32
194 26 33
194 26 34
194 27 35
194 27 36
194 28 34
194 29 32
194 29 37
194 29 38
194 30 39
194 31 40
194 31 41
194 31 42
194 32 43
194 32 44
194 33 34
194 33 45
194 33 46
194 34 47
194 35 48
194 35 49
194 36 50
194 36 51
194 37 40
194 37 52
194 38 53
194 39 54
194 39 55
194 39 56
194 42 57
194 42 58
194 42 59
194 43 60
194 44 61
194 45 62
194 46 47
194 46 63
194 47 64
194 49 65
194 49 66
194 50 67
194 51 68
194 51 69
194 51 70
194 53 71
194 53 72
194 53 73
194 54 68
194 55 74
194 57 75
194 58 76
194 58 77
194 58 78
194 59 66
194 60 79
194 62 80
194 63 67
194 63 79
194 63 81
194 63 82
194 65 78
194 68 74
194 74 75
194 75 83
194 77 84
194 77 85
194 80 83
194 85 86
195 0 1
195 0 2
195 0 3
195 0 4
195 1 5
195 1 6
195 1 7
195 4 8
195 4 9
195 5 10
195 5 11
195 6 12
195 6 13
195 7 14
195 7 15
195 7 16
195 8 14
195 8 17
195 8 18
195 9 19
195 9 20
195 10 21
195 10 22
195 10 23
195 13 24
195 14 25
195 14 26
195 15 27
195 16 28
195 17 28
195 17 29
195 18 29
195 20 30
195 21 31
195 21 32
195 22 33
195 22 34
195 23 35
195 24 36
195 24 37
195 24 38
195 24 39
195 25 40
195 26 41
195 27 42
195 27 43
195 27 44
195 28 45
195 29 40
195 29 46
195 29 47
195 30 48
195 31 49
195 31 50
195 32 35
195 37 51
195 38 52
195 39 53
195 40 54
195 41 55
195 41 56
195 42 57
195 45 51
195 45 58
195 46 49
195 46 59
195 47 60
195 48 61
195 49 62
195 53 63
195 60 61
195 61 64
195 63 65
196 0 1
196 0 2
196 0 3
196 3 4
196 4 5
197 0 1
197 0 2
197 0 3
197 0 4
197 0 5
197 1 6
197 1 7
197 2 8
197 2 9
197 2 10
197 3 5
197 3 11
197 3 12
197 5 13
197 5 14
197 6 15
197 8 16
197 11 15
197 11 17
197 11 18
197 13 19
197 13 20
197 15 21
197 15 22
197 15 23
197 16 24
197 17 25
197 18 26
197 19 21
197 19 27
197 20 28
197 20 29
197 21 30
197 24 31
197 24 32
197 25 33
197 25 34
197 26 35
197 27 36
197 29 31
197 29 37
197 31 38
197 32 39
197 32 40
197 33 41
197 33 42
197 34 43
197 34 44
197 35 42
197 36 45
197 38 39
197 39 46
197 39 47
197 42 48
197 43 49
197 44 50
197 44 51
197 46 50
197 47 52
197 49 53
197 50 54
197 50 55
197 50 56
197 51 57
197 53 58
197 55 59
197 55 60
197 55 61
197 56 62
197 56 63
197 57 64
197 58 65
197 58 66
197 59 60
197 60 67
197 61 68
197 62 69
198 0 1
198 0 2
198 0 3
198 0 4
198 0 5
198 2 6
198 3 4
198 3 5
198 3 6
198 3 7
198 4 8
198 5 9
198 6 10
198 7 11
198 8 12
198 8 13
198 9 14
198 10 15
198 10 16
198 11 17
198 12 17
198 12 18
198 12 19
198 12 20
198 13 21
198 14 22
198 15 21
198 15 23
198 16 24
198 16 25
198 17 26
198 17 27
198 18 28
198 18 29
198 19 30
198 20 31
198 21 32
198 21 33
198 21 34
198 21 35
198 22 35
198 23 36
198 24 37
198 30 38
198 31 39
198 32 40
198 33 41
198 33 42
198 36 43
198 36 44
198 38 45
198 38 46
198 38 47
198 39 40
198 39 48
198 40 45
198 40 49
198 40 50
198 41 51
198 42 50
198 42 52
198 43 52
198 43 53
198 44 54
198 46 55
198 48 56
198 48 57
198 48 58
198 49 59
198 51 60
198 58 61
198 59 62
198 60 61
198 61 63
199 0 1
199 0 2
199 1 3
199 2 4
199 3 5
199 3 6
199 4 7
199 5 8
199 5 9
199 6 10
199 7 11
199 8 12
199 9 13
199 9 14
199 11 15
199 12 16
199 12 17
199 12 18
199 13 19
199 13 20
199 15 21
199 15 22
199 16 22
199 16 23
199 16 24
199 16 25
199 17 26
199 18 20
199 18 27
199 18 28
199 18 29
199 21 30
199 22 31
199 24 32
199 24 33
199 26 34
199 26 35
199 26 36
199 28 37
199 28 38
199 30 39
199 30 40
199 32 41
199 33 42
199 33 43
199 34 44
199 36 45
199 37 46
199 38 47
199 39 48
199 41 49
199 41 50
199 43 51
199 44 52
199 45 53
199 46 52
199 46 54
199 46 55
199 47 56
199 52 57
199 52 58
199 54 59
199 54 60
199 55 61
199 55 62
199 55 63
199 55 64
199 56 65
199 57 66
199 61 64
199 61 67
199 62 68
199 62 69
199 63 70
199 65 71
200 0 1
200 0 2
200 2 3
200 3 4
200 4 5
200 4 6
200 4 7
200 5 8
200 5 9
200 6 10
200 6 11
200 7 12
200 8 13
200 9 14
200 10 15
200 10 16
200 10 17
200 11 18
200 11 19
200 13 20
200 13 21
200 14 18
200 16 22
200 17 23
200 17 24
200 18 25
200 18 26
200 18 27
200 20 28
200 20 29
200 21 23
200 21 30
200 23 30
200 23 31
200 24 29
200 24 32
200 25 33
200 26 34
200 27 30
200 28 35
200 28 36
200 31 37
200 32 33
200 32 38
200 32 39
200 33 40
200 33 41
200 34 42
200 34 43
200 35 44
200 35 45
200 35 46
200 35 47
200 36 48
200 36 49
200 36 50
200 39 42
200 45 47
200 47 51
200 48 52
200 49 51
200 49 53
200 50 54
200 50 55
200 50 56
200 54 57
200 56 58
200 57 59
200 59 60
200 60 61
200 60 62
201 0 1
201 0 2
201 2 3
201 2 4
201 2 5
201 3 5
201 3 6
201 3 7
201 4 8
201 4 9
201 5 10
201 5 11
201 5 12
201 6 13
201 8 14
201 8 15
201 9 16
201 9 17
201 9 18
201 10 19
201 12 20
201 13 21
201 18 22
201 19 23
201 19 24
201 20 25
201 21 26
201 22 27
201 22 28
201 23 29
201 24 30
201 27 31
201 27 32
201 28 33
201 29 34
201 30 33
201 30 35
201 30 36
201 31 37
201 31 38
201 32 39
201 33 40
201 34 38
201 34 41
201 35 42
201 38 43
201 38 44
201 39 45
201 39 46
201 40 47
201 40 48
201 41 49
201 41 50
201 41 51
201 42 52
201 47 53
201 47 54
201 47 55
201 48 56
201 49 57
201 50 58
201 51 59
201 53 60
201 54 61
201 54 62
201 55 63
201 56 64
201 57 65
201 58 66
201 60 67
201 61 68
201 62 69
201 63 64
201 63 70
202 0 1
202 0 2
202 0 3
202 0 4
202 1 5
202 1 6
202 1 7
202 2 8
202 2 9
202 2 10
202 3 11
202 4 12
202 5 13
202 5 14
202 5 15
202 6 16
202 9 17
202 10 18
202 11 17
202 11 19
202 12 20
202 12 21
202 13 22
202 14 23
202 17 24
202 19 25
202 20 26
202 20 27
202 22 28
202 23 29
202 23 30
202 24 31
202 25 32
202 26 33
202 28 29
202 28 34
202 29 35
202 30 36
202 31 33
202 32 37
202 32 38
202 32 39
202 33 40
202 34 38
202 34 41
202 34 42
202 35 43
202 36 44
202 36 45
202 39 46
202 39 47
202 40 48
202 40 49
202 41 50
202 42 51
202 42 52
202 43 53
202 44 54
202 45 47
202 45 55
202 46 56
202 47 50
202 47 57
202 47 58
202 47 59
202 48 49
202 52 60
202 52 61
202 52 62
202 53 60
202 53 63
202 53 64
202 53 65
202 54 66
202 54 67
202 55 61
202 58 59
202 58 68
202 59 69
202 59 70
202 60 71
202 62 72
202 63 73
202 63 74
202 64 75
202 66 76
202 69 77
202 69 78
202 71 72
202 72 79
202 74 80
202 76 81
202 77 82
203 0 1
203 1 2
203 2 3
203 2 4
203 3 5
203 4 6
203 5 7
203 7 8
204 0 1
204 1 2
204 1 3
204 1 4
204 2 5
204 2 6
204 3 7
204 4 8
204 4 9
204 5 10
204 5 11
204 5 12
204 6 13
204 6 14
204 7 15
204 7 16
204 7 17
204 8 14
204 8 18
204 8 19
204 8 20
204 9 21
204 11 22
204 11 23
204 13 16
204 13 24
204 14 25
204 15 26
204 15 27
204 16 24
204 17 28
204 18 23
204 18 29
204 18 30
204 18 31
204 19 32
204 20 33
204 22 34
204 22 35
204 23 29
204 25 36
204 26 37
204 26 38
204 26 39
204 28 40
204 28 41
204 30 42
204 31 42
204 36 43
204 36 44
204 37 45
204 38 46
204 39 47
204 45 48
204 45 49
204 47 50
204 48 51
204 50 52
204 52 53
204 53 54
204 53 55
204 55 56
204 56 57
204 56 58
204 56 59
204 58 60
204 58 61
205 0 1
205 1 2
205 1 3
205 1 4
205 4 5
205 4 6
205 4 7
205 5 8
205 7 9
205 8 10
205 9 11
205 10 12
205 10 13
205 11 14
205 11 15
205 12 16
205 13 17
205 14 18
205 14 19
205 15 20
205 15 21
205 16 22
205 16 23
205 16 24
205 18 25
205 19 26
205 20 21
205 20 27
205 20 28
205 21 29
205 22 26
205 24 30
205 25 31
205 26 32
205 27 33
205 29 34
205 29 35
205 30 36
205 31 37
205 33 38
205 34 39
205 35 40
205 36 41
205 36 42
205 37 43
205 37 44
205 38 45
205 38 46
205 42 47
205 44 48
205 44 49
205 45 50
205 45 51
205 45 52
205 46 53
205 47 54
205 47 55
205 48 56
205 48 57
205 48 58
205 49 59
205 49 60
205 49 61
205 50 62
205 52 63
205 53 64
205 53 65
205 54 57
205 54 66
205 55 67
205 55 68
205 58 69
205 59 70
205 59 71
205 60 72
205 60 73
205 60 74
205 62 63
205 62 69
205 62 75
205 63 73
205 65 76
205 67 77
205 68 77
205 68 78
205 70 79
205 70 80
206 0 1
206 0 2
206 1 3
206 1 4
206 2 5
206 3 6
206 3 7
206 4 8
206 4 9
206 5 10
206 6 11
206 7 12
206 7 13
206 7 14
206 8 15
206 9 16
206 10 17
206 10 18
206 10 19
206 11 20
206 12 21
206 12 22
206 12 23
206 13 24
206 14 21
206 14 25
206 15 16
206 15 26
206 15 27
206 16 28
206 16 29
206 16 30
206 16 31
206 17 32
206 18 33
206 21 34
206 21 35
206 21 36
206 22 37
206 22 38
206 23 34
206 23 39
206 23 40
206 24 26
206 24 41
206 25 42
206 26 42
206 27 41
206 29 30
206 29 43
206 35 38
206 36 44
206 37 45
206 38 46
206 39 47
206 39 48
206 40 49
206 42 50
206 43 51
206 43 52
206 43 53
206 44 54
206 44 55
206 45 56
206 45 57
206 46 58
206 47 59
206 47 60
206 48 61
206 48 62
206 48 63
206 50 64
206 51 65
206 51 66
206 51 67
206 52 53
206 57 60
207 0 1
207 0 2
207 1 3
207 3 4
207 3 5
207 4 6
207 4 7
207 5 8
207 5 9
207 6 10
207 6 11
207 8 12
207 8 13
207 8 14
207 10 15
207 11 16
207 12 17
207 15 18
207 15 19
207 17 20
207 18 21
207 19 22
207 20 23
207 21 24
207 22 25
207 23 26
207 23 27
207 24 28
207 24 29
207 25 30
207 27 31
207 27 32
207 27 33
207 28 34
207 28 35
207 30 36
207 33 37
207 34 38
207 35 39
207 37 40
207 38 41
207 39 42
207 39 43
207 42 44
207 42 45
207 44 46
207 44 47
207 44 48
207 45 49
207 45 50
207 46 51
207 47 52
207 47 53
207 48 49
207 48 54
207 50 55
207 51 56
207 52 57
207 53 58
207 54 59
207 55 60
207 56 61
207 59 62
207 60 63
207 61 64
207 61 65
207 62 66
207 63 67
207 64 68
207 65 69
207 66 70
207 67 71
207 69 72
207 70 73
207 70 74
207 71 75
207 72 76
207 74 77
207 75 78
207 78 79
207 79 80
208 0 1
208 1 2
208 2 3
208 2 4
208 2 5
208 4 6
208 6 7
208 7 8
208 8 9
208 8 10
208 10 11
208 11 12
208 11 13
208 13 14
208 13 15
208 15 16
208 15 17
208 16 18
208 17 19
208 17 20
208 18 21
208 18 22
208 19 23
208 19 24
208 21 25
208 21 26
208 22 27
208 22 28
208 24 26
208 24 29
208 26 30
208 26 31
208 27 32
208 28 33
208 28 34
208 30 35
208 31 36
208 31 37
208 32 38
208 33 35
208 33 39
208 33 40
208 33 41
208 33 42
208 34 43
208 35 44
208 36 45
208 37 46
208 37 47
208 38 48
208 38 49
208 39 46
208 39 50
208 40 51
208 40 52
208 43 53
208 44 54
208 44 55
208 46 56
208 47 57
208 48 58
208 48 59
208 50 60
208 50 61
208 52 62
208 53 63
208 55 64
208 55 65
208 56 66
208 57 67
208 57 68
208 59 69
208 60 69
208 64 70
208 64 71
208 68 72
208 68 73
208 69 74
209 0 1
209 1 2
209 1 3
209 2 4
209 3 5
209 4 6
209 4 7
209 5 8
209 5 9
209 6 10
209 7 11
209 7 12
209 8 13
209 8 14
209 12 15
209 14 16
209 15 17
209 16 18
209 16 19
209 16 20
209 17 21
209 20 22
209 20 23
209 21 24
209 21 25
209 22 26
209 22 27
209 22 28
209 22 29
209 22 30
209 25 31
209 26 32
209 26 33
209 27 34
209 28 35
209 29 30
209 29 36
209 29 37
209 30 38
209 31 39
209 31 40
209 32 41
209 32 42
209 33 43
209 35 36
209 35 41
209 35 44
209 37 45
209 38 46
209 38 47
209 39 47
209 39 48
209 39 49
209 40 50
209 41 51
209 43 52
209 44 53
209 44 54
209 44 55
209 44 56
209 46 57
209 49 58
209 50 59
209 50 60
209 51 61
209 53 62
209 54 63
209 56 64
209 57 65
209 59 62
209 62 66
209 65 67
209 66 68
209 67 68
209 68 69
209 69 70
209 69 71
209 70 72
209 72 73
209 72 74
210 0 1
210 0 2
210 0 3
210 2 4
210 4 5
210 4 6
210 6 7
210 6 8
210 6 9
210 8 10
210 8 11
210 8 12
211 0 1
211 0 2
211 0 3
211 1 4
211 2 5
211 2 6
211 3 7
211 4 8
211 4 9
211 4 10
211 6 11
211 6 12
211 8 13
211 8 14
211 10 15
211 10 16
211 11 17
211 12 18
211 12 19
211 13 20
211 13 21
211 13 22
211 14 23
211 14 24
211 16 25
211 16 26
211 18 27
211 18 28
211 19 27
211 19 29
211 21 30
211 22 31
211 22 32
211 23 33
211 23 34
211 24 35
211 25 36
211 26 37
211 26 38
211 27 39
211 28 40
211 28 41
211 30 42
211 30 43
211 32 40
211 33 44
211 34 45
211 35 46
211 37 47
211 37 48
211 38 49
211 38 50
211 39 51
211 40 52
211 41 42
211 41 53
211 41 54
211 41 55
211 42 56
211 43 55
211 43 56
211 43 57
211 46 58
211 46 59
211 47 60
211 48 61
211 52 57
211 52 62
211 53 63
211 53 64
211 54 65
211 60 66
211 61 67
211 64 68
212 0 1
212 0 2
212 0 3
212 1 4
212 3 5
212 3 6
213 0 1
213 1 2
213 1 3
213 1 4
213 3 5
213 4 6
213 5 7
213 5 8
213 6 9
213 7 10
213 7 11
213 7 12
213 8 13
213 9 14
213 10 15
213 11 16
213 11 17
213 12 18
213 12 19
213 13 20
213 14 21
213 14 22
213 15 18
213 15 23
213 15 24
213 17 25
213 17 26
213 18 27
213 18 28
213 21 22
213 21 29
213 22 30
213 24 31
213 24 32
213 25 33
213 25 34
213 26 34
213 26 35
213 27 36
213 27 37
213 28 38
213 29 32
213 30 39
213 31 40
213 32 34
213 32 41
213 33 42
213 33 43
213 36 44
213 36 45
213 36 46
213 39 47
213 40 48
213 41 49
213 42 50
213 42 51
213 42 52
213 43 53
213 44 54
213 44 55
213 45 56
213 45 57
213 46 58
213 46 59
213 47 53
213 51 59
213 51 60
213 53 61
213 54 62
213 55 63
213 58 64
213 58 65
213 61 66
213 62 67
213 63 68
214 0 1
214 1 2
214 2 3
214 2 4
215 0 1
215 1 2
215 2 3
215 2 4
215 3 5
215 3 6
215 5 7
215 5 8
215 5 9
215 7 10
215 8 11
215 8 12
215 9 13
215 10 14
215 11 15
215 11 16
215 11 17
215 13 18
215 13 19
215 14 17
215 14 20
215 14 21
215 14 22
215 15 23
215 15 24
215 15 25
215 16 26
215 18 27
215 18 28
215 21 29
215 22 30
215 23 31
215 24 30
215 25 32
215 25 33
215 25 34
215 26 35
215 29 36
215 29 37
215 29 38
215 30 39
215 31 40
215 31 41
215 32 42
215 32 43
215 33 42
215 33 44
215 34 45
215 35 46
215 36 47
215 36 48
215 36 49
215 37 50
215 37 51
215 38 52
215 39 53
215 40 49
215 40 54
215 41 55
215 44 56
215 47 57
215 47 58
215 48 49
215 54 59
215 56 60
215 56 61
215 59 62
215 59 63
216 0 1
216 0 2
216 0 3
216 1 4
216 1 5
216 2 6
216 2 7
216 3 8
216 5 9
216 5 10
216 5 11
216 6 12
216 7 13
216 8 14
216 11 15
216 12 16
216 12 17
216 13 18
216 15 19
216 17 20
216 17 21
216 18 22
216 19 23
216 20 24
216 20 25
216 21 26
216 22 27
216 22 28
216 23 28
216 23 29
216 23 30
216 24 31
216 26 32
216 27 33
216 27 34
216 28 35
216 28 36
216 28 37
216 29 38
216 34 39
216 36 40
216 37 41
216 37 42
216 38 43
216 38 44
216 39 45
216 40 44
216 40 46
216 40 47
216 45 48
216 45 49
216 46 50
216 47 48
216 47 51
216 48 52
216 48 53
216 48 54
216 49 55
216 49 56
216 50 57
216 51 58
216 51 59
216 52 60
216 53 61
216 54 62
216 57 63
216 59 64
216 60 65
217 0 1
217 0 2
217 2 3
217 3 4
218 0 1
218 0 2
218 0 3
218 0 4
218 2 5
218 3 6
218 3 7
218 3 8
218 4 9
218 5 10
218 5 11
218 5 12
218 6 13
218 7 11
218 7 12
218 7 14
218 8 15
218 11 16
218 11 17
218 11 18
218 12 19
218 12 20
218 13 16
218 13 21
218 13 22
218 13 23
218 14 22
218 15 24
218 15 25
218 17 23
218 17 26
218 18 27
218 19 28
218 19 29
218 20 30
218 21 31
218 22 32
218 22 33
218 24 34
218 24 35
218 25 36
218 25 37
218 26 38
218 29 39
218 30 40
218 30 41
218 32 35
218 33 36
218 33 38
218 33 42
218 33 43
218 33 44
218 34 35
218 35 45
218 35 46
218 37 47
218 38 39
218 38 48
218 39 49
218 40 50
218 41 45
218 42 51
218 42 52
218 42 53
218 43 54
218 50 55
218 50 56
218 51 57
218 53 58
218 53 59
218 57 60
218 58 61
218 58 62
218 59 63
218 59 64
218 60 65
218 61 66
218 61 67
218 62 68
219 0 1
219 0 2
219 0 3
219 3 4
219 4 5
219 5 6
219 6 7
220 0 1
220 1 2
220 1 3
220 2 4
220 2 5
220 3 6
220 4 7
220 4 8
220 4 9
220 5 10
220 5 11
220 5 12
220 7 13
220 7 14
220 7 15
220 8 12
220 8 16
220 9 12
220 9 17
220 9 18
220 11 19
220 14 18
220 14 20
220 14 21
220 14 22
220 15 23
220 16 24
220 18 25
220 18 26
220 19 27
220 19 28
220 20 29
220 20 30
220 22 31
220 22 32
220 23 33
220 26 34
220 27 35
220 28 30
220 28 36
220 29 37
220 29 38
220 30 39
220 32 40
220 32 41
220 33 42
220 34 43
220 35 41
220 37 44
220 37 45
220 38 46
220 38 47
220 39 48
220 39 49
220 42 50
220 42 51
220 42 52
220 47 53
220 49 54
220 50 55
220 51 56
220 53 57
220 53 58
220 55 59
220 56 60
220 57 61
221 0 1
221 0 2
221 1 3
221 2 4
221 3 5
221 3 6
221 4 7
221 5 8
221 6 9
221 7 10
221 8 10
221 8 11
221 9 12
221 9 13
221 9 14
221 11 15
221 12 16
221 12 17
221 15 18
221 15 19
221 16 20
221 17 21
221 18 22
221 18 23
221 20 24
221 20 25
221 21 26
221 21 27
221 21 28
221 22 25
221 22 29
221 22 30
221 23 31
221 24 32
221 25 33
221 25 34
221 26 35
221 27 36
221 27 37
221 27 38
221 28 35
221 28 39
221 29 40
221 29 41
221 30 42
221 30 43
221 30 44
221 31 45
221 31 46
221 32 43
221 32 47
221 37 48
221 38 49
221 39 50
221 40 51
221 40 52
221 43 53
221 44 54
221 44 55
221 45 56
221 46 54
221 48 57
221 49 58
221 50 59
221 50 60
221 55 61
221 56 62
221 57 63
221 58 64
221 58 65
221 60 66
221 61 67
221 65 68
221 66 69
221 69 70
221 69 71
222 0 1
222 1 2
222 2 3
222 2 4
222 2 5
222 3 6
222 3 7
222 5 8
222 6 9
222 6 10
222 7 11
222 8 12
222 8 13
222 9 14
222 10 15
222 10 16
222 10 17
222 13 18
222 14 19
222 16 20
222 16 21
222 18 22
222 18 23
222 18 24
222 19 25
222 20 26
222 20 27
222 21 24
222 23 28
222 23 29
222 24 30
222 24 31
222 25 32
222 26 32
222 26 33
222 27 34
222 27 35
222 27 36
222 28 36
222 29 37
222 30 38
222 31 39
222 33 40
222 33 41
222 33 42
222 34 43
222 34 44
222 37 45
222 38 46
222 39 47
222 40 48
222 40 49
222 40 50
222 41 51
222 42 52
222 42 53
222 43 54
222 44 55
222 45 56
222 46 57
222 46 58
222 47 59
222 50 53
222 52 60
222 53 61
222 54 56
222 55 62
222 57 63
222 59 64
222 60 65
222 61 66
222 61 67
222 62 65
222 63 68
222 64 69
222 65 70
222 65 71
222 65 72
222 66 73
222 67 74
222 68 75
222 73 76
222 74 77
223 0 1
223 0 2
223 1 3
223 2 4
223 3 5
223 3 6
223 4 7
223 5 8
223 5 9
223 6 10
223 7 11
223 8 12
223 8 13
223 9 14
223 10 15
223 10 16
223 10 17
223 12 18
223 13 19
223 15 20
223 15 21
223 17 22
223 17 23
223 17 24
223 18 25
223 19 26
223 21 23
223 21 27
223 23 26
223 24 28
223 25 29
223 27 30
223 29 31
223 30 32
223 30 33
223 31 34
223 31 35
223 32 36
223 33 37
223 35 38
223 36 39
223 38 40
223 38 41
223 39 42
223 40 43
223 40 44
223 41 45
223 41 46
223 42 47
223 42 48
223 43 49
223 43 50
223 44 51
223 44 52
223 45 53
223 45 54
223 46 55
223 47 56
223 48 57
223 49 58
223 49 59
223 49 60
223 54 57
223 54 58
223 54 61
223 55 62
223 56 63
223 56 64
223 56 65
223 57 66
223 58 67
223 59 64
223 59 68
223 60 69
223 64 70
223 65 71
223 65 72
223 66 73
223 66 74
223 67 75
223 67 76
223 70 77
223 72 78
223 72 79
223 73 80
223 73 81
223 73 82
224 0 1
224 0 2
224 0 3
224 0 4
224 1 5
224 1 6
224 1 7
224 2 8
224 3 9
224 3 10
224 4 11
224 5 12
224 6 13
224 6 14
224 7 15
224 8 16
224 8 17
224 9 18
224 11 19
224 14 20
224 15 21
224 16 22
224 17 23
224 17 24
224 19 25
224 19 26
224 19 27
224 20 26
224 20 28
224 20 29
224 21 28
224 21 30
224 21 31
224 23 32
224 23 33
224 23 34
224 25 35
224 26 36
224 27 37
224 28 38
224 28 39
224 30 40
224 30 41
224 31 42
224 31 43
224 32 33
224 32 44
224 32 45
224 34 46
224 35 47
224 36 48
224 37 49
224 37 50
224 38 51
224 39 52
224 40 53
224 41 54
224 41 55
224 44 56
224 44 57
224 45 58
224 46 59
224 46 60
224 48 54
224 48 61
224 49 62
224 50 63
224 50 64
224 51 65
224 54 63
224 55 66
224 56 67
224 58 68
224 59 69
224 60 65
224 62 70
224 63 71
224 64 70
224 65 72
224 66 73
224 66 74
224 66 75
224 67 76
224 67 77
224 68 76
224 68 78
224 69 79
224 74 80
224 75 78
224 75 81
224 76 82
224 76 83
224 76 84
224 76 85
224 77 83
224 77 86
224 78 86
224 78 87
224 78 88
224 82 86
225 0 1
225 0 2
225 1 3
225 2 4
225 2 5
225 3 6
225 4 7
225 4 8
225 4 9
225 4 10
225 5 11
225 6 12
225 7 13
225 7 14
225 8 15
225 8 16
225 9 17
225 10 18
225 10 19
225 11 20
225 11 21
225 12 22
225 13 23
225 15 16
225 15 24
225 16 25
225 16 26
225 19 27
225 20 24
225 20 28
225 21 29
225 22 30
225 22 31
225 23 32
225 23 33
225 24 31
225 24 34
225 26 35
225 26 36
225 27 37
225 29 30
225 29 38
225 32 39
225 32 40
225 33 41
225 34 42
225 35 43
225 35 44
225 40 45
225 42 46
225 44 47
225 46 48
225 47 49
225 47 50
225 49 51
225 49 52
225 49 53
225 50 54
225 50 55
225 51 56
226 0 1
226 0 2
226 1 3
226 2 4
226 2 5
226 3 6
226 5 7
226 5 8
226 8 9
226 8 10
226 9 11
226 9 12
226 9 13
226 10 14
226 10 15
226 11 16
226 12 17
226 12 18
226 15 19
226 16 20
226 16 21
226 17 22
226 18 23
226 19 24
226 19 25
226 19 26
226 21 27
226 21 28
226 22 29
226 23 30
226 23 31
226 24 32
226 25 27
226 25 32
226 26 33
226 26 34
226 26 35
226 27 36
226 33 37
226 34 38
226 34 39
226 34 40
226 36 41
226 36 42
226 37 43
226 37 44
226 37 45
226 38 46
226 39 47
226 39 48
226 39 49
226 40 50
226 41 51
226 41 52
226 42 53
226 42 54
226 42 55
226 42 56
226 46 57
226 47 58
226 47 59
226 48 51
226 48 60
226 50 61
226 51 62
226 53 63
226 58 64
226 58 65
226 59 66
226 59 67
226 60 68
226 60 69
226 61 69
226 61 70
226 61 71
226 62 72
226 64 73
226 64 74
226 69 75
226 70 73
226 71 76
226 73 77
226 73 78
226 74 79
226 74 80
227 0 1
227 0 2
227 2 3
227 3 4
227 3 5
227 3 6
227 4 7
227 5 8
227 6 9
227 6 10
227 6 11
227 7 12
227 7 13
227 7 14
227 8 15
227 8 16
227 8 17
227 9 13
227 9 18
227 9 19
227 10 20
227 11 14
227 11 21
227 14 22
227 15 23
227 15 24
227 16 25
227 16 26
227 16 27
227 18 28
227 19 29
227 20 30
227 21 31
227 21 32
227 22 33
227 23 30
227 23 34
227 24 35
227 25 36
227 25 37
227 26 38
227 31 39
227 31 40
227 32 41
227 36 42
227 36 43
227 38 44
227 39 45
227 39 46
227 40 47
227 41 48
227 42 49
227 43 50
227 43 51
227 43 52
227 44 53
227 45 54
227 47 50
227 47 55
227 48 56
227 48 57
227 53 58
227 54 59
227 54 60
227 58 61
227 59 62
227 61 63
227 62 64
227 63 65
227 63 66
228 0 1
228 0 2
228 1 3
228 1 4
228 1 5
228 2 6
228 2 7
228 3 8
228 4 9
228 5 10
228 5 11
228 6 12
228 6 13
228 7 14
228 7 15
228 8 11
228 8 16
228 8 17
228 9 18
228 13 19
228 15 20
228 15 21
228 15 22
228 16 23
228 16 24
228 17 25
228 18 26
228 19 27
228 19 28
228 20 29
228 21 22
228 21 30
228 22 31
228 23 32
228 23 33
228 24 34
228 25 35
228 26 36
228 27 37
228 28 36
228 28 38
228 30 38
228 30 39
228 30 40
228 31 41
228 31 42
228 35 37
228 36 43
228 37 44
228 38 45
228 38 46
228 39 47
228 40 48
228 47 49
228 48 50
228 49 51
228 50 52
228 50 53
228 50 54
228 51 55
228 51 56
228 52 57
228 52 58
228 52 59
228 56 60
228 56 61
228 56 62
228 57 63
228 57 64
228 58 65
228 60 66
228 61 63
228 62 67
228 63 68
228 64 69
228 64 70
228 65 71
228 67 72
228 69 73
228 70 74
228 70 75
228 70 76
228 70 77
228 73 78
228 73 79
228 76 80
228 77 81
228 77 82
228 78 83
228 78 84
229 0 1
229 0 2
229 1 3
229 1 4
229 1 5
229 2 6
229 4 7
229 5 8
229 6 9
229 6 10
229 8 11
229 8 12
229 9 13
229 10 14
229 10 15
229 10 16
229 12 17
229 13 18
229 13 19
229 14 20
229 15 21
229 16 22
229 18 23
229 18 24
229 20 25
229 20 26
229 20 27
229 21 28
229 21 29
229 23 30
229 24 27
229 24 31
229 26 32
229 26 33
229 26 34
229 28 35
229 28 36
229 29 33
229 31 37
229 32 38
229 33 39
229 34 40
229 37 41
229 38 42
229 39 43
229 39 44
229 39 45
229 40 46
229 40 47
229 40 48
229 42 49
229 43 50
229 45 51
229 45 52
229 46 53
229 47 54
229 47 55
229 49 56
229 50 57
229 51 58
229 55 59
229 55 60
229 56 61
229 57 62
229 57 63
229 60 64
229 62 65
230 0 1
230 0 2
230 1 3
230 1 4
230 2 5
230 3 6
230 3 7
230 5 8
230 6 9
230 7 10
230 9 11
230 11 12
231 0 1
231 0 2
231 0 3
231 1 4
231 2 5
231 2 6
231 3 7
231 3 8
231 4 9
231 5 10
231 5 11
231 7 12
231 7 13
231 8 14
231 8 15
231 10 16
231 11 17
231 12 18
231 13 19
231 14 20
231 14 21
231 15 22
231 15 23
231 16 24
231 18 19
231 18 25
231 18 26
231 19 26
231 20 27
231 20 28
231 21 29
231 21 30
231 22 31
231 22 32
231 23 30
231 23 33
231 23 34
231 29 31
231 29 35
231 31 36
231 31 37
231 32 36
231 32 38
231 33 39
231 35 40
231 35 41
231 35 42
231 37 43
231 37 44
231 39 45
231 42 46
231 43 47
231 43 48
231 43 49
231 45 50
231 45 51
231 46 52
231 47 53
231 49 54
231 51 55
231 51 56
231 51 57
231 53 58
231 54 59
231 55 60
231 55 61
231 55 62
232 0 1
232 0 2
232 1 3
232 2 4
232 3 5
232 4 6
233 0 1
233 0 2
233 0 3
233 0 4
233 1 5
233 4 6
233 4 7
233 5 8
233 6 9
233 6 10
233 6 11
233 6 12
233 8 13
233 9 14
233 9 15
233 10 16
233 11 17
233 11 18
233 11 19
233 12 20
233 12 21
233 13 22
233 13 23
233 13 24
233 14 25
233 15 20
233 15 26
233 17 27
233 17 28
233 17 29
233 18 25
233 18 30
233 20 26
233 20 31
233 20 32
233 20 33
233 21 23
233 23 34
233 24 30
233 24 35
233 27 36
233 28 37
233 29 38
233 29 39
233 29 40
233 31 41
233 32 34
233 32 42
233 33 43
233 34 44
233 36 45
233 38 46
233 39 47
233 39 48
233 40 41
233 41 49
233 42 50
233 43 51
233 44 52
233 44 53
233 46 54
233 46 55
233 47 56
233 47 57
233 48 58
233 49 59
233 49 60
233 50 56
233 50 61
233 51 62
233 52 63
233 52 64
233 53 65
233 54 66
233 54 67
233 55 68
233 56 69
233 57 65
233 57 70
233 57 71
233 57 72
233 58 59
233 59 73
233 60 74
233 61 75
233 61 76
234 0 1
234 0 2
234 0 3
234 0 4
234 1 2
234 1 5
234 3 6
234 4 7
234 6 8
234 6 9
234 7 10
234 7 11
234 7 12
234 8 13
234 10 14
234 11 15
234 11 16
234 12 17
234 12 18
234 13 19
234 14 15
234 14 20
234 14 21
234 15 22
234 16 23
234 16 24
234 17 25
234 17 26
234 18 27
234 20 28
234 21 29
234 22 30
234 23 31
234 24 32
234 25 33
234 26 34
234 29 35
234 29 36
234 30 37
234 31 38
234 31 39
234 32 40
234 32 41
234 32 42
234 33 43
234 34 44
234 35 45
234 35 46
234 36 47
234 37 48
234 38 49
234 38 50
234 39 51
234 40 41
234 40 52
234 40 53
234 42 54
234 43 45
234 43 55
234 44 56
234 44 57
234 45 58
234 45 59
234 45 60
234 46 61
234 47 62
234 47 63
234 47 64
234 49 65
234 49 66
234 49 67
234 50 68
234 51 69
234 54 70
234 54 71
234 54 72
234 55 70
234 55 73
234 57 74
234 59 75
234 60 76
234 60 77
234 61 65
234 61 78
234 63 76
234 63 79
234 68 80
234 68 81
234 68 82
234 69 83
234 70 84
234 72 85
234 73 86
234 74 84
234 74 87
234 79 87
235 0 1
235 0 2
235 1 3
235 2 4
235 3 5
235 4 6
235 5 7
235 6 8
235 6 9
235 7 8
235 7 10
235 7 11
235 7 12
235 8 13
235 8 14
235 9 15
235 9 16
235 12 17
235 12 18
235 13 19
235 14 15
235 14 20
235 14 21
235 16 22
235 18 23
235 18 24
235 19 25
235 19 26
235 20 27
235 20 28
235 21 29
235 21 30
235 21 31
235 23 32
235 24 32
235 24 33
235 24 34
235 26 35
235 27 36
235 30 37
235 31 38
235 32 39
235 32 40
235 34 41
235 36 42
235 39 43
235 39 44
235 40 45
235 40 46
235 41 47
235 42 48
235 43 49
235 43 50
235 43 51
235 43 52
235 44 53
235 46 50
235 46 54
235 47 55
235 47 56
235 47 57
235 48 58
235 48 59
235 49 60
235 49 61
235 51 62
235 51 63
235 52 64
235 53 65
235 54 66
235 55 67
235 55 68
235 57 69
235 58 70
235 59 60
235 60 71
235 61 72
235 62 73
235 62 74
236 0 1
236 0 2
236 1 3
236 1 4
236 2 4
236 3 5
236 5 6
236 5 7
236 5 8
236 6 9
236 7 10
236 7 11
236 7 12
236 8 13
236 9 14
236 10 15
236 10 16
236 11 17
236 12 18
236 13 18
236 13 19
236 13 20
236 13 21
236 14 22
236 14 23
236 15 22
236 15 24
236 15 25
236 17 24
236 18 26
236 19 27
236 20 28
236 20 29
236 22 30
236 22 31
236 23 32
236 23 33
236 24 34
236 24 35
236 29 36
236 29 37
236 30 38
236 30 39
236 31 40
236 33 36
236 33 41
236 34 42
236 34 43
236 35 44
236 36 37
236 36 45
236 36 46
236 36 47
236 37 48
236 37 49
236 37 50
236 38 51
236 43 52
236 44 53
236 44 54
236 44 55
236 45 54
236 46 56
236 50 57
236 50 58
236 51 59
236 57 60
236 58 61
236 58 62
236 58 63
236 61 64
236 62 65
236 62 66
236 64 67
236 67 68
236 67 69
237 0 1
237 1 2
237 1 3
237 2 4
237 3 5
237 4 6
237 6 7
237 7 8
237 7 9
237 8 10
237 8 11
237 9 12
237 9 13
237 10 14
237 10 15
237 10 16
237 12 17
237 13 18
237 14 19
237 15 20
237 15 21
237 17 22
237 19 23
237 20 24
237 21 25
237 22 26
237 23 27
237 25 28
237 26 29
237 26 30
237 27 31
237 28 31
237 28 32
237 28 33
237 29 34
237 29 35
237 31 35
237 31 36
237 31 37
237 31 38
237 32 39
237 32 40
237 33 41
237 34 42
237 34 43
237 35 44
237 36 45
237 37 46
237 38 47
237 40 48
237 41 49
237 42 50
237 43 51
237 44 52
237 45 53
237 46 54
237 47 55
237 47 56
237 48 57
237 49 58
237 49 59
237 50 60
237 51 61
237 53 56
237 53 62
237 55 63
237 56 64
237 56 65
237 57 66
237 58 59
237 59 67
237 61 68
237 62 69
237 63 70
237 63 71
237 66 72
238 0 1
238 0 2
238 1 3
238 2 4
238 2 5
238 2 6
238 2 7
238 3 8
238 3 9
238 4 10
238 4 11
238 6 12
238 7 11
238 8 13
238 8 14
238 9 15
238 10 12
238 10 16
238 11 17
238 12 18
238 12 19
238 13 17
238 13 20
238 14 21
238 15 20
238 15 22
238 16 23
238 16 24
238 19 25
238 20 26
238 20 27
238 21 24
238 21 25
238 21 28
238 22 29
238 22 30
238 23 31
238 24 32
238 25 33
238 26 34
238 26 35
238 27 36
238 28 37
238 29 38
238 30 39
238 31 39
238 33 40
238 35 41
238 35 42
238 36 43
238 36 44
238 36 45
238 37 46
238 38 47
238 38 48
238 39 49
238 40 50
238 40 51
238 40 52
238 41 53
238 42 54
238 43 55
238 44 56
238 45 57
238 45 58
238 47 59
238 48 51
238 48 60
238 48 61
238 49 62
238 49 63
238 50 64
238 51 63
238 53 65
238 54 66
238 54 67
238 55 63
238 57 68
238 58 69
238 60 70
238 65 71
238 66 70
238 67 72
238 67 73
238 68 74
238 69 75
238 71 75
238 72 76
238 73 77
238 77 78
239 0 1
239 0 2
239 0 3
239 1 2
239 1 4
239 2 5
239 2 6
239 2 7
239 6 8
239 6 9
239 6 10
239 7 11
239 7 12
239 9 13
239 10 14
239 11 15
239 11 16
239 12 17
239 12 18
239 13 19
239 13 20
239 14 21
239 14 22
239 15 23
239 15 24
239 16 25
239 16 26
239 18 27
239 23 28
239 23 29
239 24 28
239 24 30
239 27 31
239 27 32
239 28 33
239 29 34
239 29 35
239 30 36
239 30 37
239 30 38
239 31 39
239 31 40
239 32 41
239 33 40
239 33 42
239 33 43
239 34 44
239 35 45
239 37 46
239 37 47
239 38 48
239 39 49
239 40 41
239 41 43
239 45 50
239 46 51
239 47 52
239 50 53
239 51 54
239 52 55
239 52 56
239 53 57
239 53 58
239 54 59
239 55 60
239 57 61
239 58 62
239 58 63
239 59 64
239 59 65
239 60 66
239 60 67
239 62 68
239 63 69
239 63 70
239 64 71
239 64 72
239 65 73
239 67 74
239 68 75
239 69 76
239 71 77
240 0 1
240 0 2
240 0 3
240 2 4
240 2 5
240 2 6
240 3 7
240 3 8
240 4 9
240 4 10
240 5 10
240 5 11
240 6 12
240 6 13
240 7 14
240 7 15
240 8 16
240 9 17
240 10 18
240 10 19
240 10 20
240 11 21
240 11 22
240 12 23
240 13 17
240 14 24
240 17 25
240 20 26
240 20 27
240 21 28
240 22 29
240 23 30
240 24 31
240 24 32
240 25 33
240 26 34
240 26 35
240 26 36
240 27 37
240 30 38
240 31 39
240 32 40
240 34 35
240 34 41
240 36 42
240 37 43
240 37 44
240 38 45
240 38 46
240 38 47
240 40 46
240 40 48
240 41 49
240 41 50
240 42 51
240 43 45
240 44 51
240 44 52
240 44 53
240 45 54
240 46 55
240 46 56
240 46 57
240 47 58
240 47 59
240 48 60
240 49 61
240 50 62
240 52 63
240 52 64
240 53 65
240 55 62
240 56 66
240 56 67
240 67 68
240 67 69
241 0 1
241 0 2
241 1 3
241 2 4
241 3 5
241 3 6
241 3 7
241 4 8
241 4 9
241 5 10
241 5 11
241 6 12
241 7 10
241 7 13
241 8 14
241 9 15
241 10 16
241 10 17
241 11 18
241 13 19
241 13 20
241 14 21
241 15 22
241 16 23
241 16 24
241 18 25
241 18 26
241 22 27
241 22 28
241 22 29
241 23 30
241 23 31
241 25 32
241 25 33
241 25 34
241 27 35
241 28 29
241 28 36
241 29 37
241 29 38
241 31 39
241 31 40
241 32 41
241 33 42
241 34 43
241 41 44
241 42 45
241 43 46
241 43 47
241 44 48
241 44 49
241 44 50
241 45 51
241 46 52
241 47 53
241 47 54
241 49 55
241 50 51
241 50 56
241 51 57
241 52 58
241 53 59
241 54 60
241 55 61
241 56 62
241 56 63
241 57 64
241 58 65
241 58 66
241 60 62
241 60 67
241 64 68
241 67 69
241 67 70
242 0 1
242 0 2
242 0 3
242 0 4
242 1 4
242 1 5
242 2 6
242 2 7
242 2 8
242 3 6
242 5 9
242 6 10
242 6 11
242 6 12
242 8 13
242 10 14
242 11 15
242 11 16
242 11 17
242 13 18
242 14 19
242 14 20
242 15 21
242 15 22
242 17 23
242 18 24
242 19 22
242 19 25
242 20 26
242 20 27
242 20 28
242 21 29
242 22 25
242 23 30
242 24 31
242 24 32
242 25 33
242 29 34
242 30 35
242 31 36
242 31 37
242 32 38
242 32 39
242 33 40
242 34 41
242 35 41
242 35 42
242 35 43
242 36 40
242 36 44
242 37 45
242 37 46
242 39 47
242 40 48
242 40 49
242 41 50
242 41 51
242 42 52
242 50 53
242 51 54
242 52 55
242 53 56
242 54 57
242 55 58
242 56 59
242 57 60
242 58 61
242 58 62
242 59 63
242 63 64
242 63 65
242 63 66
242 63 67
242 63 68
242 65 67
242 65 69
242 65 70
242 69 71
242 70 72
242 70 73
242 70 74
242 71 75
242 73 76
243 0 1
243 0 2
243 1 3
243 2 4
243 3 5
243 3 6
243 4 7
243 4 8
243 5 9
243 5 10
243 5 11
243 8 12
243 8 13
243 9 14
243 10 15
243 11 16
243 11 17
243 12 18
243 13 19
243 14 20
243 15 21
243 15 22
243 15 23
243 16 24
243 19 25
243 20 26
243 20 27
243 22 28
243 22 29
243 23 24
243 23 30
243 24 31
243 26 32
243 28 33
243 29 34
243 31 35
243 31 36
243 32 35
243 32 37
243 33 38
243 33 39
243 33 40
243 36 38
243 36 39
243 36 41
243 37 42
243 40 43
243 40 44
243 42 45
243 43 46
243 44 47
243 46 48
243 47 49
243 49 50
243 49 51
243 50 52
243 50 53
243 50 54
243 50 55
243 53 56
243 53 57
243 53 58
243 55 59
243 56 60
243 57 61
244 0 1
244 0 2
244 0 3
244 1 4
244 3 5
244 4 6
244 4 7
244 5 8
244 7 9
244 8 10
244 8 11
244 8 12
244 9 13
244 9 14
244 11 15
244 12 16
244 12 17
244 14 18
244 14 19
244 15 20
244 16 21
244 17 22
244 17 23
244 18 24
244 18 25
244 20 26
244 21 27
244 21 28
244 22 29
244 22 30
244 23 31
244 24 31
244 24 32
244 25 33
244 26 34
244 26 35
244 27 36
244 28 37
244 29 38
244 31 39
244 32 40
244 35 41
244 36 42
244 37 43
244 38 44
244 38 45
244 39 46
244 39 47
244 40 48
244 40 49
244 40 50
244 41 51
244 42 45
244 44 52
244 45 53
244 46 54
244 47 55
244 48 56
244 50 57
244 50 58
244 51 59
244 51 60
244 52 61
244 53 62
244 53 63
244 53 64
244 54 65
244 55 66
244 55 67
244 56 68
244 57 59
244 57 68
244 57 69
244 59 70
244 60 71
244 60 72
244 64 73
244 65 74
244 66 75
244 68 69
244 68 76
244 69 77
244 71 78
244 71 79
244 72 80
244 74 81
244 75 82
244 76 83
244 77 84
244 81 85
245 0 1
245 0 2
245 0 3
245 0 4
245 2 5
245 4 6
245 4 7
245 4 8
245 5 9
245 5 10
245 6 11
245 7 12
245 8 13
245 9 13
245 9 14
245 9 15
245 10 16
245 10 17
245 11 18
245 12 19
245 13 18
245 13 20
245 13 21
245 14 22
245 15 23
245 16 24
245 16 25
245 17 24
245 21 26
245 22 27
245 22 28
245 24 29
245 26 30
245 26 31
245 27 32
245 27 33
245 28 34
245 28 35
245 29 36
245 30 37
245 30 38
245 31 35
245 31 39
245 34 40
245 34 41
245 35 42
245 36 43
245 37 44
245 38 45
245 38 46
245 39 47
245 40 48
245 40 49
245 41 50
245 41 51
245 42 52
245 42 53
245 42 54
245 44 46
245 44 55
245 46 56
245 46 57
245 47 58
245 50 59
245 51 60
245 51 61
245 53 62
245 53 63
245 53 64
245 55 65
245 56 59
245 59 66
245 59 67
245 61 68
245 62 69
245 63 70
245 64 68
245 70 71
245 71 72
245 71 73
246 0 1
246 1 2
246 1 3
246 2 4
246 4 5
246 4 6
246 6 7
246 6 8
246 7 9
246 7 10
246 8 11
246 9 12
246 10 13
246 10 14
246 10 15
246 11 16
246 11 17
246 13 18
246 13 19
246 13 20
246 14 21
246 14 22
246 15 23
246 17 22
246 17 24
246 18 25
246 19 26
246 19 27
246 19 28
246 20 22
246 20 29
246 20 30
246 22 31
246 22 32
246 24 27
246 24 33
246 25 34
246 25 35
246 27 36
246 29 37
246 29 38
246 31 39
246 32 40
246 33 41
246 34 42
246 34 43
246 34 44
246 35 45
246 35 46
246 36 47
246 36 48
246 36 49
246 37 50
246 38 51
246 38 52
246 39 53
246 40 54
246 43 55
246 44 56
246 44 57
246 45 58
246 45 59
246 47 60
246 48 61
246 48 62
246 49 63
246 50 64
246 51 55
246 52 65
246 53 66
246 54 67
246 55 68
246 56 69
246 56 70
246 56 71
246 57 59
246 69 72
246 70 73
246 70 74
246 71 75
247 0 1
247 1 2
247 2 3
247 2 4
247 3 5
247 3 6
247 3 7
247 5 8
247 5 9
247 6 10
247 7 11
247 7 12
247 8 13
247 9 14
247 10 15
247 10 16
247 10 17
247 11 18
247 11 19
247 12 20
247 13 21
247 13 22
247 14 23
247 14 24
247 15 25
247 15 26
247 17 27
247 18 28
247 19 29
247 19 30
247 20 31
247 21 32
247 22 33
247 22 34
247 23 35
247 23 36
247 25 37
247 25 38
247 25 39
247 26 40
247 28 41
247 29 42
247 29 43
247 30 32
247 31 44
247 33 45
247 35 46
247 36 46
247 36 47
247 36 48
247 37 49
247 38 50
247 38 51
247 39 52
247 40 49
247 41 53
247 43 54
247 44 55
247 45 56
247 45 57
247 45 58
247 46 59
247 46 60
247 47 61
247 48 58
247 48 62
247 50 63
247 50 64
247 51 65
247 52 66
247 56 58
247 59 67
247 59 68
247 60 69
247 60 70
247 67 68
247 68 69
248 0 1
248 1 2
248 1 3
248 1 4
248 2 5
248 3 6
248 3 7
248 4 8
248 5 9
248 5 10
248 6 11
248 6 12
248 8 13
248 8 14
248 11 13
248 11 15
248 11 16
248 11 17
248 12 18
248 14 19
248 15 20
248 15 21
248 15 22
248 16 23
248 18 24
248 19 25
248 20 22
248 20 26
248 21 25
248 21 27
248 23 28
248 23 29
248 23 30
248 25 31
248 26 32
248 27 33
248 28 34
248 29 35
248 30 36
248 31 37
248 32 38
248 33 39
248 34 40
248 35 41
248 35 42
248 36 43
248 36 44
248 37 45
248 37 46
248 37 47
248 38 48
248 40 49
248 40 50
248 40 51
248 41 50
248 43 52
248 45 53
248 47 54
248 48 55
248 48 56
248 48 57
248 49 58
248 49 59
248 50 60
248 51 61
248 51 62
248 52 63
248 52 64
248 53 65
248 53 66
248 54 67
248 54 68
248 55 62
248 55 69
248 55 70
248 55 71
248 56 72
248 56 73
248 57 74
248 58 66
248 58 75
248 58 76
248 59 63
248 60 77
248 60 78
248 68 79
248 71 73
248 79 80
249 0 1
249 0 2
249 0 3
249 1 4
249 1 5
249 1 6
249 2 7
249 2 8
249 3 9
249 6 10
249 7 11
249 9 12
249 9 13
249 9 14
249 12 15
249 12 16
249 12 17
249 13 18
249 13 19
249 14 20
249 14 21
249 15 18
249 15 22
249 15 23
249 16 23
249 16 24
249 17 24
249 19 25
249 21 26
249 22 27
249 22 28
249 22 29
249 25 30
249 26 31
249 27 32
249 28 33
249 28 34
249 28 35
249 30 33
249 30 36
249 30 37
249 31 38
249 33 39
249 33 40
249 33 41
249 34 39
249 34 41
249 34 42
249 35 43
249 36 44
249 38 45
249 38 46
249 39 47
249 44 48
249 45 49
249 46 50
249 48 51
249 49 52
249 52 53
249 53 54
249 54 55
250 0 1
250 1 2
250 2 3
250 3 4
250 4 5
250 4 6
250 4 7
250 5 8
250 5 9
250 6 10
250 6 11
250 9 12
250 10 13
250 10 14
250 11 15
250 11 16
250 12 13
250 12 17
250 12 18
250 12 19
250 13 20
250 15 17
250 17 21
250 18 22
250 18 23
250 19 24
250 20 25
250 21 26
250 22 27
250 22 28
250 23 29
250 23 30
250 23 31
250 24 29
250 24 32
250 24 33
250 25 34
250 26 31
250 26 35
250 26 36
250 26 37
250 26 38
250 27 39
250 29 40
250 29 41
250 32 42
250 34 43
250 35 44
250 37 45
250 37 46
250 38 47
250 40 44
250 43 48
250 44 49
250 45 50
250 45 51
250 46 51
250 46 52
250 47 52
250 47 53
250 47 54
250 47 55
250 49 56
250 50 56
250 51 52
250 51 57
250 51 58
250 51 59
250 51 60
250 53 61
250 54 62
251 0 1
251 1 2
251 1 3
251 1 4
251 2 5
251 3 6
251 4 7
251 4 8
251 4 9
251 4 10
251 5 11
251 6 12
251 8 13
251 8 14
251 9 15
251 9 16
251 10 15
251 11 17
251 14 18
251 15 19
251 16 20
251 16 21
251 17 22
251 17 23
251 18 21
251 19 24
251 20 25
251 20 26
251 21 27
251 22 28
251 24 29
251 25 30
251 26 31
251 27 32
251 27 33
251 28 34
251 28 35
251 30 36
251 32 36
251 32 37
251 32 38
251 33 39
251 34 40
251 35 41
251 36 42
251 37 43
251 39 44
251 41 45
251 41 46
251 42 47
251 42 48
251 42 49
251 42 50
251 43 51
251 44 52
251 46 53
251 46 54
251 47 55
251 49 56
251 50 57
251 50 58
251 50 59
251 51 60
251 55 61
251 57 62
251 57 63
251 58 64
251 58 65
251 59 66
251 59 67
251 59 68
251 60 69
251 60 70
251 61 71
251 62 63
251 63 72
251 63 73
251 64 74
251 64 75
251 70 74
252 0 1
252 0 2
252 1 2
252 2 3
252 2 4
252 3 5
252 4 6
252 4 7
252 4 8
252 6 8
252 6 9
252 7 10
252 8 11
252 8 12
252 9 13
252 10 14
252 14 15
252 14 16
252 15 17
252 15 18
252 16 19
252 17 20
252 18 21
252 20 22
252 21 23
252 21 24
252 22 25
252 24 26
252 24 27
252 25 28
252 26 29
252 26 30
252 27 31
252 27 32
252 28 33
252 28 34
252 28 35
252 29 36
252 30 37
252 30 38
252 32 39
252 33 34
252 34 40
252 36 41
252 38 42
252 39 43
252 39 44
252 40 45
252 41 46
252 43 47
252 45 48
252 46 49
252 46 50
252 47 51
252 48 50
252 48 52
252 48 53
252 50 54
252 50 55
252 51 56
252 51 57
252 53 58
252 54 59
252 55 57
252 56 60
252 57 61
252 59 62
252 60 63
252 62 64
252 63 65
253 0 1
253 1 2
253 1 3
253 2 4
253 2 5
253 3 6
253 3 7
253 3 8
253 4 9
253 4 10
253 5 11
253 6 12
253 6 13
253 6 14
253 7 15
253 8 16
253 9 17
253 9 18
253 10 19
253 11 20
253 11 21
253 12 22
253 12 23
253 13 18
253 13 24
253 17 25
253 18 26
253 18 27
253 19 28
253 19 29
253 20 29
253 20 30
253 21 31
253 22 32
253 24 33
253 25 34
253 26 34
253 26 35
253 28 36
253 29 37
253 30 38
253 31 39
253 32 40
253 32 41
253 33 38
253 34 42
253 36 43
253 37 44
253 38 45
253 39 46
253 41 47
253 44 48
253 45 49
253 47 50
253 47 51
253 47 52
253 48 53
253 49 54
253 51 55
253 52 56
253 52 57
253 53 58
253 53 59
253 53 60
253 54 61
253 55 62
253 56 60
253 56 63
253 57 64
253 57 65
253 57 66
253 58 67
253 60 68
253 60 69
253 60 70
253 61 71
253 61 72
253 61 73
253 63 74
253 67 75
253 72 76
253 73 75
253 73 77
253 73 78
253 74 79
253 75 80
254 0 1
254 0 2
254 1 3
254 2 4
254 3 5
254 4 6
254 4 7
254 5 8
254 5 9
254 6 10
254 7 11
254 7 12
254 7 13
254 8 9
254 8 12
254 8 14
254 9 15
254 9 16
254 10 17
254 11 18
254 12 19
254 13 14
254 13 20
254 14 21
254 15 22
254 16 23
254 16 24
254 18 25
254 19 26
254 20 27
254 20 28
254 21 29
254 22 30
254 22 31
254 23 31
254 23 32
254 24 33
254 24 34
254 24 35
254 26 27
254 28 36
254 29 37
254 29 38
254 29 39
254 30 40
254 30 41
254 31 42
254 31 43
254 32 44
254 33 45
254 33 46
254 33 47
254 34 45
254 34 48
254 36 48
254 36 49
254 37 50
254 38 51
254 40 52
254 40 53
254 41 54
254 42 55
254 43 56
254 44 57
254 45 58
254 45 59
254 46 57
254 51 60
254 51 61
254 52 62
254 52 63
254 52 64
254 54 65
254 55 65
254 63 66
254 64 67
254 66 68
255 0 1
255 0 2
255 1 3
255 1 4
255 3 5
255 3 6
255 3 7
255 4 8
255 4 9
255 4 10
255 6 11
255 6 12
255 10 13
255 10 14
255 11 15
255 11 16
255 14 17
255 14 18
255 14 19
255 16 20
255 16 21
255 17 22
255 17 23
255 17 24
255 18 25
255 18 26
255 18 27
255 18 28
255 19 20
255 19 29
255 20 30
255 20 31
255 21 32
255 21 33
255 21 34
255 21 35
255 22 36
255 22 37
255 24 38
255 24 39
255 25 40
255 25 41
255 29 40
255 31 35
255 32 42
255 33 43
255 34 44
255 37 38
255 37 45
255 37 46
255 38 47
255 39 48
255 40 49
255 40 50
255 43 51
255 44 52
255 45 53
255 45 54
255 46 55
255 46 56
255 46 57
255 47 58
255 49 59
255 52 60
255 54 56
255 54 61
255 56 62
255 57 63
255 60 64
255 60 65
255 61 66
255 63 67
255 64 68
255 65 69
255 66 70
256 0 1
256 0 2
256 0 3
256 0 4
256 2 5
256 3 6
256 3 7
256 4 6
256 4 7
256 4 8
256 5 9
256 5 10
256 6 11
256 6 12
256 7 9
256 7 13
256 7 14
256 7 15
256 8 16
256 8 17
256 9 16
256 9 18
256 11 13
256 11 19
256 11 20
256 13 21
256 13 22
256 14 23
256 15 24
256 16 25
256 18 26
256 18 27
256 19 28
256 22 29
256 23 30
256 24 31
256 24 32
256 24 33
256 25 34
256 25 35
256 26 36
256 28 37
256 30 38
256 31 33
256 31 39
256 31 40
256 31 41
256 32 42
256 32 43
256 32 44
256 33 39
256 33 45
256 35 46
256 36 47
256 36 48
256 38 49
256 39 50
256 41 51
256 42 52
256 42 53
256 45 54
256 46 47
256 47 55
256 48 54
256 48 56
256 49 53
256 51 57
256 52 57
256 53 58
256 53 59
256 53 60
256 54 61
256 55 62
256 55 63
256 56 64
256 57 65
256 59 66
256 60 67
256 61 68
256 65 69
256 65 70
256 66 71
256 67 72
256 68 73
256 68 74
256 69 75
256 70 76
256 71 77
256 71 78
256 72 74
257 0 1
257 0 2
257 0 3
257 0 4
257 0 5
257 1 6
257 1 7
257 2 8
257 3 9
257 5 10
257 5 11
257 6 12
257 6 13
257 9 14
257 10 15
257 12 16
257 12 17
257 12 18
257 13 15
257 13 19
257 14 18
257 14 20
257 15 21
257 16 22
257 17 23
257 18 24
257 18 25
257 18 26
257 19 27
257 20 28
257 20 29
257 24 30
257 24 31
257 25 32
257 26 33
257 26 34
257 28 35
257 29 36
257 29 37
257 31 38
257 32 39
257 33 40
257 34 41
257 34 42
257 35 43
257 37 44
257 38 45
257 38 46
257 40 47
257 41 48
257 42 46
257 42 49
257 42 50
257 43 51
257 44 52
257 44 53
257 45 54
257 46 55
257 47 56
257 48 57
257 49 53
257 49 58
257 50 59
257 50 60
257 51 61
257 52 62
257 53 60
257 62 63
258 0 1
258 0 2
258 1 3
258 2 4
258 2 5
258 4 6
258 5 7
258 5 8
258 5 9
258 6 10
258 6 11
258 6 12
258 7 13
258 8 14
258 10 15
258 12 16
258 13 17
258 14 18
258 15 19
258 15 20
258 16 21
258 17 22
258 18 23
258 18 24
258 19 25
258 20 26
258 21 27
258 22 28
258 23 29
258 23 30
258 24 31
258 24 32
258 27 33
258 27 34
258 28 35
258 29 36
258 30 37
258 32 38
258 32 39
258 33 38
258 33 40
258 33 41
258 34 42
258 35 43
258 35 44
258 36 45
258 37 46
258 37 47
258 37 48
258 38 41
258 38 49
258 39 47
258 39 50
258 40 51
258 42 45
258 42 52
258 44 53
258 44 54
258 45 55
258 46 56
258 48 57
258 49 58
258 50 59
258 51 60
258 52 61
258 53 62
258 53 63
258 53 64
258 54 65
258 55 66
258 55 67
258 57 68
258 57 69
258 58 70
258 59 71
258 67 69
258 68 69
259 0 1
259 0 2
259 0 3
259 0 4
259 0 5
259 0 6
259 1 7
259 1 8
259 1 9
259 2 10
259 4 11
259 5 12
259 5 13
259 7 14
259 8 15
259 8 16
259 8 17
259 9 18
259 10 19
259 11 20
259 12 21
259 12 22
259 13 14
259 13 23
259 14 24
259 15 25
259 15 26
259 16 18
259 16 27
259 17 28
259 18 29
259 19 30
259 20 31
259 20 32
259 21 33
259 21 34
259 22 35
259 22 36
259 24 37
259 25 38
259 25 39
259 25 40
259 26 41
259 26 42
259 27 43
259 28 44
259 28 45
259 28 46
259 29 47
259 30 48
259 32 49
259 33 39
259 37 50
259 38 51
259 38 52
259 40 53
259 41 54
259 42 55
259 42 56
259 43 57
259 43 58
259 46 52
259 46 59
259 49 60
259 49 61
259 50 62
259 51 62
259 52 63
259 53 64
259 54 55
259 54 65
259 54 66
259 54 67
259 56 68
259 57 69
259 57 70
259 57 71
259 60 72
259 61 72
259 61 73
259 61 74
259 62 75
259 63 76
259 63 77
259 68 78
260 0 1
260 0 2
260 1 3
260 1 4
260 1 5
260 2 6
260 2 7
260 2 8
260 3 5
260 3 9
260 3 10
260 4 11
260 4 12
260 5 13
260 5 14
260 6 15
260 6 16
260 7 17
260 8 14
260 9 15
260 11 18
260 11 19
260 12 20
260 12 21
260 13 22
260 14 23
260 14 24
260 15 25
260 16 26
260 16 27
260 17 27
260 17 28
260 17 29
260 19 30
260 19 31
260 20 32
260 21 33
260 21 34
260 22 35
260 22 36
260 22 37
260 23 25
260 23 38
260 25 33
260 26 30
260 26 39
260 28 40
260 29 41
260 29 42
260 29 43
260 30 44
260 30 45
260 37 46
260 37 47
260 38 48
260 39 49
260 41 47
260 44 50
260 45 51
260 45 52
260 45 53
260 45 54
260 46 47
260 49 55
260 54 56
260 54 57
260 56 58
260 56 59
260 57 60
260 57 61
260 57 62
260 58 63
260 59 64
260 60 65
260 60 66
260 61 67
260 62 67
260 62 68
260 63 69
260 63 70
260 64 71
260 66 72
260 70 73
260 71 74
260 72 75
260 74 76
260 74 77
260 76 78
260 77 79
260 78 80
261 0 1
261 0 2
261 1 3
261 3 4
261 4 5
261 4 6
261 5 7
261 5 8
261 6 9
261 7 10
261 7 11
261 7 12
261 9 13
261 9 14
261 9 15
261 10 16
261 11 17
261 11 18
261 11 19
261 12 13
261 12 20
261 14 19
261 14 21
261 14 22
261 15 20
261 15 23
261 16 24
261 16 25
261 18 26
261 18 27
261 19 28
261 19 29
261 20 30
261 21 31
261 21 32
261 21 33
261 22 33
261 29 34
261 29 35
261 30 36
261 31 37
261 32 38
261 33 39
261 33 40
261 34 41
261 35 42
261 36 43
261 36 44
261 36 45
261 37 46
261 37 47
261 38 48
261 39 49
261 43 50
261 44 51
261 45 52
261 46 51
261 46 53
261 46 54
261 46 55
261 47 56
261 48 57
261 49 58
261 50 59
261 52 59
261 52 60
261 53 60
261 55 61
261 55 62
261 55 63
261 57 63
261 58 64
261 59 65
261 60 66
261 62 67
261 62 68
261 62 69
261 63 64
261 64 70
261 65 69
261 65 71
261 66 72
261 67 73
261 68 74
262 0 1
262 1 2
262 1 3
262 2 4
262 3 5
262 4 6
262 5 7
262 5 8
262 6 9
262 6 10
262 7 11
262 7 12
262 8 13
262 9 14
262 10 15
262 11 16
262 11 17
262 12 18
262 13 19
262 14 20
262 15 21
262 16 22
262 17 23
262 17 24
262 19 25
262 19 26
262 19 27
262 20 28
262 20 29
262 20 30
262 21 31
262 22 32
262 22 33
262 23 34
262 23 35
262 24 34
262 24 36
262 26 37
262 27 38
262 27 39
262 27 40
262 28 40
262 28 41
262 30 42
262 30 43
262 31 39
262 32 44
262 37 45
262 38 46
262 38 47
262 41 48
262 42 49
262 42 50
262 43 51
262 43 52
262 49 50
262 49 53
262 50 54
262 50 55
262 51 56
262 52 57
262 52 58
262 53 59
262 54 60
262 55 61
262 56 62
262 57 63
262 58 64
262 60 65
262 61 66
262 63 67
262 64 68
262 66 69
262 68 70
262 70 71
263 0 1
263 1 2
263 2 3
263 3 4
263 4 5
263 4 6
263 6 7
263 6 8
263 7 9
263 7 10
263 7 11
263 8 12
263 8 13
263 8 14
263 10 15
263 10 16
263 12 17
263 14 18
263 15 19
263 15 20
263 16 21
263 17 22
263 18 23
263 19 24
263 20 25
263 20 26
263 21 27
263 22 28
263 22 29
263 23 28
263 23 30
263 25 31
263 26 32
263 26 33
263 27 34
263 27 35
263 29 36
263 29 37
263 30 38
263 30 39
263 31 40
263 32 41
263 34 42
263 36 43
263 37 44
263 37 45
263 38 46
263 38 47
263 39 48
263 41 49
263 42 50
263 42 51
263 43 52
263 44 53
263 46 54
263 47 55
263 47 56
263 47 57
263 48 58
263 49 59
263 51 60
263 52 61
263 54 62
263 55 63
263 55 64
263 55 65
263 57 66
263 58 67
263 59 68
263 60 69
263 60 70
263 61 71
263 61 72
263 62 73
263 65 74
263 66 75
263 67 76
263 68 77
263 69 77
263 69 78
263 70 79
263 71 80
263 71 81
263 72 82
263 74 83
263 75 82
264 0 1
264 0 2
264 1 3
264 1 4
264 1 5
264 2 4
264 2 6
264 3 7
264 4 8
264 5 8
264 5 9
264 6 10
264 6 11
264 7 12
264 7 13
264 7 14
264 9 15
264 10 16
264 11 17
264 11 18
264 13 19
264 13 20
264 14 21
264 14 22
264 14 23
264 15 24
264 15 25
264 18 26
264 18 27
264 19 26
264 19 28
264 20 29
264 21 25
264 21 30
264 21 31
264 21 32
264 22 33
264 23 34
264 25 35
264 26 36
264 31 32
264 31 37
264 32 38
264 33 38
264 34 35
264 34 39
264 34 40
264 34 41
264 35 39
264 35 42
264 36 37
264 36 43
264 36 44
264 36 45
264 38 46
264 39 47
264 41 48
264 46 49
264 46 50
264 46 51
264 47 49
264 47 52
264 48 52
264 48 53
264 48 54
264 49 55
264 50 56
264 50 57
264 51 58
264 52 59
264 53 60
264 53 61
264 54 62
264 55 63
264 55 64
264 56 63
264 57 61
265 0 1
265 1 2
265 1 3
265 2 4
265 2 5
265 2 6
265 3 7
265 4 8
265 6 9
265 7 10
265 8 11
265 8 12
265 8 13
265 10 14
265 10 15
265 12 16
265 13 17
265 14 18
265 15 19
265 16 20
265 17 21
265 18 22
265 18 23
265 19 24
265 19 25
265 20 26
265 21 24
265 21 27
265 21 28
265 22 29
265 24 30
265 24 31
265 24 32
265 25 33
265 27 34
265 28 35
265 28 36
265 32 34
265 32 37
265 33 38
265 33 39
265 34 39
265 34 40
265 34 41
265 34 42
265 36 38
265 36 43
265 36 44
265 38 42
265 38 45
265 39 46
265 42 47
265 42 48
265 45 49
265 47 50
265 49 51
265 49 52
266 0 1
266 0 2
266 1 3
266 1 4
266 1 5
266 1 6
266 1 7
266 2 8
266 4 9
266 4 10
266 5 10
266 5 11
266 6 12
266 6 13
266 7 14
266 8 15
266 8 16
266 8 17
266 8 18
266 10 19
266 11 20
266 14 21
266 17 22
266 18 23
266 19 20
266 19 24
266 20 24
266 20 25
266 21 26
266 22 27
266 22 28
266 24 29
266 25 30
266 25 31
266 25 32
266 27 33
266 29 34
266 29 35
266 30 36
266 31 37
266 32 38
266 33 39
266 34 40
266 34 41
266 36 42
266 36 43
266 37 44
266 38 45
266 43 46
266 44 47
266 45 48
266 45 49
266 46 50
266 46 51
266 47 52
266 48 53
266 49 54
266 49 55
266 49 56
266 50 57
266 52 54
266 52 58
266 53 59
266 54 60
266 54 61
266 56 62
266 57 63
266 58 64
266 59 65
266 60 66
266 64 67
266 65 68
266 67 69
266 68 70
266 69 71
267 0 1
267 1 2
267 2 3
267 2 4
267 2 5
267 3 6
267 3 7
267 3 8
267 4 9
267 4 10
267 4 11
267 5 12
267 6 13
267 6 14
267 6 15
267 7 16
267 8 17
267 8 18
267 8 19
267 9 20
267 10 21
267 10 22
267 11 23
267 12 17
267 12 24
267 13 25
267 13 26
267 14 27
267 14 28
267 14 29
267 15 24
267 15 30
267 15 31
267 15 32
267 16 23
267 16 30
267 17 33
267 23 34
267 24 35
267 25 27
267 25 28
267 25 36
267 26 37
267 28 38
267 30 39
267 31 40
267 31 41
267 31 42
267 32 43
267 32 44
267 33 45
267 34 46
267 34 47
267 34 48
267 35 49
267 35 50
267 36 51
267 37 39
267 37 52
267 39 41
267 39 53
267 39 54
267 41 53
267 41 55
267 42 56
267 50 57
267 51 58
267 54 59
267 56 60
267 56 61
267 57 62
267 60 63
267 61 64
267 61 65
267 61 66
267 62 67
267 63 68
268 0 1
268 0 2
268 1 3
268 1 4
268 2 5
268 3 6
268 3 7
268 3 8
268 4 9
268 5 10
268 6 11
268 6 12
268 7 13
268 7 14
268 7 15
268 8 16
268 9 17
268 9 18
268 10 19
268 12 20
268 13 21
268 13 22
268 14 23
268 14 24
268 16 25
268 17 26
268 18 27
268 18 28
268 19 29
268 21 30
268 21 31
268 21 32
268 21 33
268 22 34
268 23 35
268 24 29
268 24 36
268 25 37
268 26 38
268 26 39
268 26 40
268 27 41
268 28 42
268 29 43
268 30 43
268 30 44
268 32 45
268 32 46
268 32 47
268 34 48
268 35 49
268 35 50
268 36 51
268 37 45
268 38 39
268 40 52
268 41 53
268 42 47
268 42 54
268 42 55
268 43 54
268 43 56
268 44 45
268 44 56
268 44 57
268 45 58
268 45 59
268 46 60
268 50 61
268 50 62
268 50 63
268 51 64
268 51 65
268 53 59
268 53 66
268 54 67
268 54 68
268 55 69
268 56 70
268 57 71
268 57 72
268 57 73
268 59 74
268 59 75
268 60 63
268 69 74
268 71 73
269 0 1
269 1 2
269 1 3
269 2 4
269 2 5
269 4 6
269 5 7
270 0 1
270 0 2
270 0 3
270 1 4
270 1 5
270 2 6
270 2 7
270 2 8
270 2 9
270 4 10
270 4 11
270 4 12
270 6 13
270 6 14
270 7 15
270 7 16
270 8 13
270 8 17
270 9 18
270 9 19
270 10 20
270 10 21
270 10 22
270 11 23
270 12 24
270 14 25
270 14 26
270 14 27
270 15 25
270 15 28
270 15 29
270 16 30
270 16 31
270 18 32
270 19 32
270 20 33
270 21 34
270 21 35
270 23 36
270 25 37
270 31 33
270 34 38
270 36 39
270 36 40
270 36 41
270 37 42
270 38 43
270 38 44
270 39 45
270 41 46
270 41 47
270 43 48
270 44 49
270 44 50
270 44 51
270 45 52
270 46 53
270 46 54
270 48 51
270 48 55
270 50 56
270 55 57
270 55 58
270 56 59
270 56 60
270 60 61
270 60 62
270 60 63
270 62 64
270 62 65
270 64 66
270 64 67
270 65 67
271 0 1
271 1 2
271 2 3
271 2 4
271 2 5
271 2 6
271 3 7
271 3 8
271 4 9
271 4 10
271 5 11
271 6 12
271 6 13
271 7 9
271 7 14
271 8 15
271 9 16
271 9 17
271 10 18
271 10 19
271 10 20
271 10 21
271 11 22
271 11 23
271 11 24
271 11 25
271 12 22
271 13 26
271 14 27
271 14 28
271 15 29
271 15 30
271 15 31
271 17 32
271 17 33
271 18 34
271 20 35
271 21 36
271 21 37
271 22 38
271 23 39
271 24 40
271 25 27
271 26 41
271 27 42
271 28 43
271 29 44
271 30 45
271 30 46
271 31 47
271 31 48
271 33 49
271 33 50
271 34 51
271 35 52
271 36 53
271 38 54
271 39 55
271 39 56
271 39 57
271 40 58
271 42 49
271 42 54
271 42 59
271 43 60
271 44 61
271 45 62
271 47 63
271 49 64
271 52 65
271 53 66
271 60 67
271 61 68
271 62 69
271 64 70
271 65 71
271 69 72
271 70 73
271 71 74
271 73 75
271 75 76
271 75 77
272 0 1
272 0 2
272 1 3
272 2 4
272 3 5
272 3 6
272 4 7
272 4 8
272 5 9
272 6 10
272 6 11
272 6 12
272 7 13
272 8 14
272 9 15
272 10 16
272 11 17
272 12 18
272 14 19
272 16 20
272 17 21
272 18 22
272 19 23
272 20 22
272 21 24
272 22 25
272 22 26
272 23 27
272 24 28
272 24 29
272 24 30
272 25 31
272 26 32
272 27 33
272 27 34
272 28 35
272 29 36
272 30 37
272 31 38
272 32 39
272 32 40
272 33 41
272 34 42
272 35 43
272 37 38
272 38 44
272 39 45
272 40 46
272 40 47
272 40 48
272 40 49
272 41 50
272 41 51
272 42 52
272 43 53
272 44 54
272 46 55
272 46 56
272 46 57
272 46 58
272 48 59
272 51 60
272 51 61
272 53 62
272 54 63
272 56 64
272 57 65
272 57 66
272 59 67
272 59 68
272 63 69
272 63 70
272 64 71
272 64 72
272 66 73
272 66 74
272 67 68
272 67 69
272 67 75
273 0 1
273 1 2
273 1 3
273 1 4
273 2 5
273 2 6
273 3 7
273 3 8
273 3 9
273 4 10
273 4 11
273 5 12
273 5 13
273 5 14
273 6 15
273 6 16
273 8 17
273 8 18
273 9 19
273 9 20
273 9 21
273 9 22
273 10 23
273 11 19
273 11 24
273 12 25
273 13 26
273 16 27
273 17 28
273 20 22
273 20 29
273 20 30
273 20 31
273 21 32
273 22 25
273 23 28
273 23 33
273 23 34
273 23 35
273 24 34
273 24 36
273 26 37
273 27 38
273 27 39
273 27 40
273 28 41
273 29 42
273 30 43
273 32 43
273 33 36
273 34 35
273 34 36
273 34 39
273 39 44
273 41 45
273 42 46
273 42 47
273 42 48
273 43 48
273 43 49
273 44 50
273 44 51
273 45 52
273 46 53
273 46 54
273 50 55
273 50 56
273 51 57
273 51 58
273 52 59
273 52 60
273 53 57
273 53 61
273 54 62
273 56 63
273 57 64
273 61 65
273 62 66
273 62 67
273 64 68
273 64 69
274 0 1
274 0 2
274 0 3
274 1 4
274 1 5
274 1 6
274 1 7
274 2 8
274 2 9
274 2 10
274 4 9
274 4 11
274 7 12
274 7 13
274 8 14
274 9 15
274 9 16
274 9 17
274 10 11
274 10 18
274 11 12
274 12 19
274 13 20
274 15 21
274 16 22
274 17 23
274 18 24
274 19 25
274 20 26
274 22 27
274 22 28
274 24 25
274 24 29
274 25 30
274 27 31
274 28 32
274 29 33
274 32 34
274 33 35
274 34 36
274 35 37
274 36 38
274 36 39
274 37 40
274 39 41
274 39 42
274 40 43
274 40 44
274 40 45
274 41 46
274 43 47
274 45 48
274 45 49
274 45 50
274 46 51
274 49 52
274 49 53
274 51 54
274 51 55
274 52 56
274 52 57
274 52 58
274 53 59
274 54 60
274 55 61
274 56 60
274 56 62
274 57 63
274 58 64
274 59 65
274 65 66
274 66 67
275 0 1
275 0 2
275 0 3
275 0 4
275 1 5
275 2 6
275 2 7
275 2 8
275 3 6
275 4 9
275 4 10
275 4 11
275 4 12
275 4 13
275 5 14
275 6 15
275 7 16
275 7 17
275 8 18
275 9 16
275 9 19
275 9 20
275 9 21
275 9 22
275 11 23
275 12 24
275 13 24
275 13 25
275 13 26
275 13 27
275 14 28
275 15 27
275 16 29
275 17 30
275 18 31
275 18 32
275 20 33
275 20 34
275 21 23
275 21 35
275 22 36
275 23 37
275 23 38
275 23 39
275 24 39
275 24 40
275 25 41
275 26 42
275 27 30
275 27 43
275 28 44
275 29 45
275 29 46
275 30 42
275 30 47
275 31 48
275 31 49
275 32 50
275 33 51
275 34 52
275 35 53
275 35 54
275 35 55
275 36 53
275 36 56
275 36 57
275 37 41
275 38 41
275 38 58
275 38 59
275 39 60
275 42 61
275 42 62
275 43 63
275 44 49
275 44 64
275 46 65
275 46 66
275 47 67
275 48 68
275 48 69
275 48 70
275 49 71
275 49 72
275 50 73
275 50 74
275 55 68
275 66 75
275 66 76
275 69 71
275 70 77
275 72 78
275 73 79
275 76 80
275 77 80
275 77 81
276 0 1
276 1 2
276 1 3
276 2 4
276 3 5
276 3 6
276 3 7
276 5 8
276 6 7
276 6 9
276 6 10
276 7 11
276 7 12
276 7 13
276 8 14
276 9 15
276 10 16
276 10 17
276 12 18
276 13 19
276 13 20
276 14 21
276 14 22
276 15 23
276 16 24
276 16 25
276 16 26
276 17 27
276 22 28
276 23 29
276 24 25
276 24 30
276 25 31
276 26 32
276 26 33
276 27 34
276 27 35
276 29 36
276 29 37
276 30 38
276 33 39
276 34 40
276 36 41
276 37 42
276 38 41
276 38 43
276 38 44
276 38 45
276 39 46
276 40 47
276 40 48
276 40 49
276 42 50
276 43 51
276 44 52
276 44 53
276 44 54
276 45 51
276 45 55
276 46 56
276 47 54
276 47 57
276 48 58
276 49 59
276 50 60
276 51 61
276 52 56
276 52 62
276 53 63
276 55 64
276 56 64
276 56 65
276 57 66
276 58 67
276 58 68
276 59 69
276 60 70
276 61 71
276 62 72
276 62 73
277 0 1
277 0 2
277 0 3
277 0 4
277 2 5
277 2 6
277 4 7
277 5 8
277 6 9
277 6 10
277 6 11
277 7 12
277 8 13
277 8 14
277 8 15
277 9 16
277 10 17
277 11 18
277 11 19
277 11 20
277 12 21
277 13 18
277 13 22
277 14 23
277 14 24
277 16 25
277 17 26
277 18 27
277 18 28
277 18 29
277 20 30
277 21 31
277 22 32
277 22 33
277 23 34
277 23 35
277 23 36
277 23 37
277 24 38
277 25 39
277 26 40
277 26 41
277 32 42
277 36 42
277 37 43
277 38 44
277 38 45
277 42 46
277 43 47
277 43 48
277 44 49
277 44 50
277 44 51
277 45 52
277 45 53
277 45 54
277 45 55
277 46 56
277 47 57
277 47 58
277 48 59
277 48 60
277 50 61
277 51 62
277 51 63
277 51 64
277 52 60
277 53 65
277 57 66
277 57 67
277 58 68
277 59 68
277 60 69
277 61 70
277 62 71
277 69 72
277 72 73
277 73 74
278 0 1
278 1 2
278 1 3
278 3 4
278 4 5
278 5 6
278 5 7
278 6 8
278 8 9
278 9 10
279 0 1
279 0 2
279 1 3
279 1 4
279 2 5
279 2 6
279 3 7
279 3 8
279 4 9
279 4 10
279 4 11
279 5 12
279 5 13
279 6 14
279 7 11
279 7 15
279 7 16
279 8 13
279 8 17
279 9 18
279 9 19
279 10 20
279 11 21
279 11 22
279 11 23
279 12 15
279 12 24
279 12 25
279 12 26
279 13 27
279 13 28
279 13 29
279 14 28
279 21 22
279 22 23
279 23 30
279 24 31
279 25 32
279 31 33
279 32 34
279 32 35
279 32 36
279 33 37
279 33 38
279 33 39
279 35 40
279 35 41
279 36 42
279 37 43
279 37 44
279 37 45
279 41 46
279 42 47
279 42 48
279 44 49
279 45 50
279 45 51
279 46 52
279 47 53
279 48 54
279 48 55
279 49 56
279 50 57
279 51 58
279 52 59
279 53 60
279 55 58
279 55 61
279 55 62
279 56 63
279 58 62
279 58 63
279 59 64
279 59 65
279 60 65
279 62 66
279 63 67
279 64 68
279 65 69
279 65 70
279 65 71
279 66 72
279 69 73
279 70 74
279 73 75
279 74 76
279 75 77
280 0 1
280 0 2
280 1 3
280 1 4
280 1 5
280 1 6
280 1 7
280 2 8
280 3 9
280 3 10
280 4 11
280 4 12
280 5 13
280 7 14
280 8 15
280 10 11
280 10 16
280 10 17
280 10 18
280 11 19
280 11 20
280 12 21
280 12 22
280 12 23
280 13 24
280 13 25
280 14 26
280 16 27
280 17 28
280 17 29
280 17 30
280 19 22
280 20 27
280 20 31
280 21 32
280 22 33
280 23 34
280 23 35
280 23 36
280 24 37
280 25 38
280 26 39
280 29 30
280 30 40
280 31 41
280 31 42
280 32 43
280 32 44
280 32 45
280 35 46
280 35 47
280 38 48
280 38 49
280 38 50
280 39 51
280 41 52
280 42 53
280 42 54
280 43 55
280 45 52
280 46 56
280 48 57
280 49 58
280 54 57
280 55 58
280 55 59
280 58 60
280 60 61
280 60 62
280 61 63
280 62 64
280 62 65
280 63 66
280 64 67
280 64 68
280 65 69
280 65 70
281 0 1
281 0 2
281 1 3
281 1 4
281 2 5
281 4 6
281 5 7
281 5 8
281 5 9
281 7 10
281 9 11
281 10 12
281 10 13
281 11 14
281 11 15
281 12 16
281 13 17
281 13 18
281 14 16
281 14 19
281 14 20
281 15 21
281 16 22
281 16 23
281 17 24
281 17 25
281 17 26
281 19 27
281 20 28
281 20 29
281 20 30
281 22 31
281 24 26
281 26 32
281 27 33
281 27 34
281 29 33
281 30 35
281 32 36
281 33 37
281 35 38
281 36 39
281 37 40
281 38 41
281 38 42
281 38 43
281 40 44
281 40 45
281 40 46
281 41 47
281 42 48
281 43 49
281 44 50
281 45 51
281 46 52
281 47 53
281 48 54
281 49 55
281 50 56
281 50 57
281 51 56
281 51 58
281 51 59
281 52 60
281 53 61
281 57 62
281 58 63
281 58 64
281 58 65
281 59 66
281 62 63
281 63 67
281 64 68
281 65 69
281 66 69
281 66 70
282 0 1
282 0 2
282 0 3
282 1 4
282 2 5
282 2 6
282 4 7
282 5 8
282 5 9
282 6 10
282 6 11
282 7 12
282 8 13
282 9 14
282 9 15
282 9 16
282 11 17
282 15 18
282 16 19
282 17 20
282 17 21
282 18 22
282 19 23
282 20 24
282 20 25
282 22 26
282 23 27
282 24 26
282 24 28
282 25 29
282 25 30
282 26 31
282 27 32
282 28 33
282 29 34
282 30 35
282 31 34
282 31 36
282 31 37
282 32 38
282 34 39
282 35 40
282 36 41
282 37 42
282 38 43
282 39 44
282 40 45
282 41 46
282 41 47
282 42 48
282 43 49
282 45 49
282 45 50
282 46 51
282 46 52
282 47 53
282 48 54
282 49 55
282 50 56
282 51 57
282 52 58
282 54 59
282 55 60
282 56 61
282 57 62
282 58 59
282 58 63
282 58 64
282 59 65
282 59 66
282 60 67
283 0 1
283 0 2
283 1 3
283 1 4
283 2 5
283 2 6
283 2 7
283 3 8
283 3 9
283 4 10
283 5 11
283 7 12
283 7 13
283 8 14
283 9 15
283 9 16
283 10 17
283 11 18
283 11 19
283 11 20
283 12 21
283 14 22
283 15 23
283 16 24
283 18 25
283 18 26
283 18 27
283 21 28
283 22 29
283 22 30
283 25 31
283 25 32
283 26 33
283 26 34
283 27 35
283 28 36
283 29 37
283 29 38
283 30 39
283 30 40
283 31 39
283 34 41
283 34 42
283 35 43
283 37 44
283 39 45
283 40 46
283 40 47
283 41 48
283 42 49
283 46 50
283 47 51
283 48 52
283 51 53
283 51 54
283 51 55
283 51 56
283 52 57
283 53 58
283 53 59
283 54 58
283 54 60
283 55 61
283 55 62
284 0 1
284 0 2
284 0 3
284 2 4
284 2 5
284 3 6
284 4 7
284 5 8
284 5 9
284 6 10
284 7 11
284 8 12
284 8 13
284 8 14
284 9 15
284 10 16
284 11 17
284 13 18
284 13 19
284 14 20
284 15 17
284 15 21
284 16 22
284 16 23
284 17 24
284 18 25
284 19 26
284 19 27
284 23 28
284 24 29
284 24 30
284 25 31
284 26 32
284 26 33
284 26 34
284 27 35
284 29 36
284 30 37
284 31 38
284 31 39
284 32 40
284 36 41
284 36 42
284 37 43
284 38 44
284 38 45
284 40 46
284 41 47
284 41 48
284 41 49
284 42 50
284 43 51
284 43 52
284 44 53
284 44 54
284 45 55
284 46 56
284 46 57
284 46 58
284 49 59
284 49 60
284 50 61
284 51 62
284 52 63
284 54 64
284 56 65
284 57 66
284 58 67
284 59 68
284 61 62
285 0 1
285 1 2
285 1 3
285 2 4
285 3 5
285 3 6
285 3 7
285 5 8
285 5 9
285 5 10
285 6 11
285 7 12
285 8 13
285 9 14
285 10 15
285 10 16
285 10 17
285 11 13
285 12 18
285 13 19
285 13 20
285 13 21
285 13 22
285 14 23
285 14 24
285 14 25
285 15 26
285 16 18
285 16 27
285 16 28
285 17 29
285 17 30
285 18 31
285 19 32
285 20 33
285 21 34
285 22 35
285 22 36
285 25 37
285 25 38
285 26 39
285 27 40
285 27 41
285 29 42
285 29 43
285 29 44
285 29 45
285 40 42
285 44 46
285 44 47
285 45 48
285 45 49
285 45 50
285 46 51
285 47 52
285 48 53
285 48 54
285 50 55
285 50 56
285 51 57
285 52 58
285 52 59
285 53 60
285 54 61
285 54 62
285 55 63
285 55 64
285 61 65
285 61 66
285 63 67
285 63 68
285 64 69
285 64 70
285 65 71
285 65 72
285 66 73
285 67 74
285 68 74
286 0 1
286 0 2
286 0 3
286 0 4
286 3 5
286 3 6
286 3 7
286 3 8
286 3 9
286 4 5
286 4 6
286 4 10
286 5 11
286 5 12
286 6 13
286 8 13
286 9 14
286 9 15
286 11 16
286 11 17
286 11 18
286 12 19
286 12 20
286 13 21
286 15 22
286 16 23
286 16 24
286 18 22
286 19 25
286 19 26
286 20 27
286 21 28
286 21 29
286 22 30
286 22 31
286 23 32
286 23 33
286 25 34
286 26 35
286 26 36
286 27 37
286 27 38
286 27 39
286 28 40
286 29 41
286 29 42
286 30 43
286 31 44
286 32 45
286 35 46
286 35 47
286 37 48
286 37 49
286 41 50
286 43 44
286 44 51
286 44 52
286 44 53
286 45 54
286 45 55
286 46 47
286 46 55
286 46 56
286 47 57
286 47 58
286 47 59
286 47 60
286 48 61
286 49 62
286 49 63
286 51 64
286 51 65
286 52 65
286 61 66
286 64 67
286 64 68
286 64 69
286 65 70
286 66 71
286 67 72
287 0 1
287 0 2
287 1 3
287 2 4
287 2 5
287 3 6
287 3 7
287 4 8
287 4 9
287 5 10
287 6 11
287 7 12
287 8 13
287 9 14
287 9 15
287 10 16
287 11 17
287 12 18
287 13 19
287 14 20
287 15 21
287 17 22
287 17 23
287 17 24
287 18 25
287 18 26
287 18 27
287 18 28
287 19 29
287 20 30
287 20 31
287 22 32
287 22 33
287 23 29
287 26 34
287 29 35
287 29 36
287 29 37
287 30 38
287 31 39
287 33 40
287 33 41
287 34 42
287 35 37
287 35 43
287 35 44
287 35 45
287 35 46
287 36 47
287 37 48
287 38 49
287 39 45
287 39 50
287 39 51
287 41 52
287 41 53
287 44 54
287 44 55
287 45 54
287 45 56
287 45 57
287 51 55
287 52 58
287 52 59
287 54 60
287 55 61
287 55 62
287 56 63
287 58 64
287 58 65
287 59 64
287 59 66
287 59 67
287 60 68
287 65 69
287 66 70
287 67 71
287 67 72
287 69 73
287 72 74
287 72 75
287 73 76
287 74 77
287 75 78
287 76 79
287 76 80
288 0 1
288 0 2
288 2 3
288 2 4
288 2 5
288 5 6
288 5 7
288 7 8
288 7 9
288 8 10
288 9 11
288 9 12
288 11 13
288 11 14
288 12 15
288 13 16
288 14 17
288 14 18
288 15 19
288 16 20
288 17 21
288 18 22
288 18 23
288 18 24
288 18 25
288 20 26
288 21 27
288 22 28
288 22 29
288 24 29
288 26 30
288 26 31
288 27 32
288 28 33
288 30 34
288 30 35
288 30 36
288 31 35
288 31 37
288 33 38
288 33 39
288 34 36
288 34 40
288 35 41
288 38 42
288 38 43
288 40 44
288 41 45
288 41 46
288 42 47
288 43 48
288 43 49
288 43 50
288 44 51
288 45 52
288 47 53
288 47 54
288 48 55
288 49 56
288 51 57
288 52 58
288 53 59
288 54 60
288 55 61
288 55 62
288 56 63
288 57 64
288 58 65
288 59 66
288 60 67
288 60 68
288 62 69
288 62 70
288 62 71
288 63 68
288 64 72
288 65 73
288 69 74
288 70 75
288 72 76
288 76 77
289 0 1
289 0 2
289 0 3
289 0 4
289 2 5
289 3 6
289 3 7
289 4 8
289 5 9
289 5 10
289 7 11
289 7 12
289 7 13
289 9 14
289 9 15
289 11 16
289 11 17
289 13 17
289 13 18
289 13 19
289 14 20
289 14 21
289 15 22
289 15 23
289 16 24
289 16 25
289 16 26
289 17 27
289 18 28
289 18 29
289 19 30
289 20 24
289 20 31
289 20 32
289 22 25
289 23 33
289 24 34
289 26 35
289 27 36
289 27 37
289 27 38
289 28 39
289 29 40
289 30 41
289 32 42
289 33 36
289 33 43
289 34 44
289 34 45
289 34 46
289 35 46
289 35 47
289 36 47
289 37 48
289 37 49
289 39 40
289 43 50
289 44 51
289 44 52
289 45 53
289 47 54
289 47 55
289 48 52
289 50 56
289 50 57
289 52 58
289 52 59
289 53 60
289 54 61
289 57 62
289 57 63
289 57 64
289 58 65
289 58 66
289 59 67
289 60 68
289 61 69
289 61 70
289 61 71
289 62 72
289 62 73
289 64 74
289 65 75
289 65 76
289 67 69
289 68 77
289 69 70
289 70 78
289 70 79
290 0 1
290 0 2
290 0 3
290 1 4
290 1 5
290 2 6
290 2 7
290 3 8
290 3 9
290 3 10
290 5 11
290 5 12
290 7 13
290 8 13
290 8 14
290 9 15
290 10 16
290 10 17
290 11 12
290 11 18
290 11 19
290 14 20
290 15 21
290 16 22
290 16 23
290 17 24
290 17 25
290 18 26
290 18 27
290 18 28
290 19 29
290 19 30
290 22 31
290 23 32
290 24 33
290 25 28
290 25 34
290 26 35
290 28 36
290 30 37
290 31 38
290 32 39
290 32 40
290 32 41
290 33 42
290 34 43
290 36 44
290 37 45
290 38 46
290 39 46
290 41 47
290 41 48
290 42 49
290 44 50
290 45 51
290 45 52
290 45 53
290 46 54
290 47 55
290 50 56
290 51 57
290 51 58
290 53 59
290 57 60
290 58 61
290 58 62
290 58 63
290 59 64
290 61 65
290 62 66
290 62 67
290 64 68
290 64 69
290 65 70
290 68 71
290 69 72
290 70 73
290 71 74
290 72 75
290 73 76
290 76 77
291 0 1
291 0 2
291 1 3
291 2 4
291 2 5
291 5 6
291 6 7
291 6 8
291 6 9
291 7 10
291 7 11
291 7 12
291 7 13
291 7 14
291 8 15
291 10 16
291 10 17
291 12 18
291 14 19
291 14 20
291 14 21
291 15 22
291 16 23
291 17 23
291 18 24
291 18 25
291 19 26
291 20 27
291 20 28
291 20 29
291 21 30
291 22 31
291 22 32
291 24 29
291 24 33
291 24 34
291 24 35
291 24 36
291 26 37
291 27 38
291 28 39
291 28 40
291 29 41
291 29 42
291 30 43
291 30 44
291 32 45
291 33 36
291 33 46
291 34 47
291 35 48
291 35 49
291 36 50
291 37 48
291 41 51
291 41 52
291 41 53
291 43 51
291 43 54
291 43 55
291 44 56
291 45 57
291 46 58
291 47 59
291 49 60
291 50 61
291 51 52
291 51 62
291 51 63
291 51 64
291 55 65
291 55 66
291 56 67
291 57 68
291 66 69
291 67 70
291 69 71
291 70 72
291 72 73
291 73 74
292 0 1
292 0 2
292 0 3
292 0 4
292 1 5
292 2 6
292 2 7
292 4 8
292 4 9
292 5 8
292 5 10
292 5 11
292 6 12
292 7 13
292 7 14
292 8 15
292 9 16
292 13 17
292 15 18
292 16 19
292 16 20
292 17 21
292 18 22
292 19 23
292 20 24
292 21 25
292 22 26
292 23 27
292 25 28
292 26 29
292 27 30
292 28 31
292 29 32
292 30 33
292 30 34
292 31 35
292 32 36
292 32 37
292 32 38
292 34 39
292 38 40
292 39 41
292 40 42
292 41 43
292 42 44
292 44 45
292 44 46
292 44 47
292 45 48
292 46 49
292 48 50
292 49 51
292 50 52
292 50 53
292 51 54
292 51 55
292 52 56
292 53 57
292 53 58
292 55 59
292 55 60
292 58 61
292 59 62
292 60 63
292 62 64
292 63 65
292 64 66
293 0 1
293 0 2
293 1 2
293 1 3
293 3 4
293 3 5
293 4 6
293 4 7
293 5 8
293 7 9
293 8 10
293 9 11
293 9 12
293 10 13
293 11 14
293 12 15
293 12 16
293 13 17
293 14 18
293 14 19
293 15 20
293 16 21
293 17 22
293 17 23
293 18 24
293 18 25
293 20 26
293 20 27
293 22 28
293 22 29
293 23 30
293 23 31
293 24 32
293 25 33
293 25 34
293 25 35
293 27 33
293 27 36
293 28 37
293 29 38
293 30 39
293 31 37
293 31 40
293 32 40
293 32 41
293 32 42
293 33 43
293 34 44
293 35 45
293 36 46
293 37 47
293 37 48
293 37 49
293 38 50
293 39 51
293 40 52
293 41 53
293 41 54
293 42 55
293 43 56
293 44 57
293 44 58
293 45 59
293 46 60
293 46 61
293 47 58
293 48 62
293 49 63
293 49 64
293 50 65
293 51 66
293 52 67
293 53 68
293 53 69
293 54 70
293 55 56
293 55 71
293 56 66
293 56 72
293 57 73
293 57 74
293 58 75
293 58 76
293 60 77
293 62 78
293 63 79
293 63 80
293 64 81
293 65 82
293 65 83
293 65 84
293 65 85
293 68 83
293 72 74
293 82 86
293 82 87
294 0 1
294 0 2
294 1 3
294 1 4
294 2 5
294 2 6
294 3 7
294 3 8
294 4 9
294 5 10
294 7 11
294 8 12
294 9 13
294 10 14
294 11 15
294 12 15
294 12 16
294 12 17
294 13 18
294 13 19
294 14 20
294 15 19
294 15 21
294 18 22
294 19 23
294 20 24
294 20 25
294 20 26
294 21 22
294 21 27
294 22 28
294 23 29
294 23 30
294 25 31
294 25 32
294 27 28
294 28 33
294 28 34
294 29 35
294 29 36
294 31 37
294 32 38
294 32 39
294 32 40
294 32 41
294 36 42
294 36 43
294 38 44
294 39 45
294 40 46
294 40 47
294 41 48
294 43 49
294 44 50
294 44 51
294 44 52
294 45 53
294 45 54
294 46 55
294 47 56
294 48 57
294 49 51
294 49 58
294 52 59
294 53 60
294 53 61
294 54 62
294 55 63
294 56 64
294 56 65
294 58 66
294 59 67
294 59 68
294 60 69
294 62 70
294 63 71
294 64 72
294 72 73
294 73 74
295 0 1
295 0 2
295 1 3
295 1 4
295 1 5
295 2 6
295 3 7
295 4 7
295 4 8
295 4 9
295 5 10
295 5 11
295 6 8
295 6 12
295 6 13
295 7 14
295 7 15
295 8 16
295 8 17
295 9 11
295 9 15
295 12 18
295 13 18
295 14 19
295 14 20
295 14 21
295 15 22
295 17 23
295 17 24
295 17 25
295 18 26
295 18 27
295 19 28
295 19 29
295 20 28
295 20 30
295 20 31
295 21 32
295 22 33
295 23 34
295 26 35
295 26 36
295 26 37
295 27 38
295 28 34
295 28 39
295 29 33
295 29 37
295 29 40
295 30 41
295 31 42
295 31 43
295 32 44
295 33 45
295 34 46
295 36 47
295 39 47
295 41 43
295 41 48
295 42 49
295 42 50
295 44 51
295 45 52
295 48 53
295 49 54
295 50 55
295 50 56
295 51 57
295 52 58
295 52 59
295 53 59
295 56 60
295 56 61
295 61 62
295 62 63
295 62 64
295 62 65
295 62 66
295 63 67
295 63 68
296 0 1
296 1 2
296 1 3
296 1 4
296 4 5
297 0 1
297 0 2
297 1 3
297 2 4
297 2 5
297 2 6
297 3 7
297 4 8
297 5 9
297 6 10
297 6 11
297 8 12
297 8 13
297 8 14
297 10 15
297 11 12
297 12 16
297 13 17
297 13 18
297 14 19
297 15 18
297 15 20
297 16 21
297 18 21
297 19 22
297 19 23
297 19 24
297 20 25
297 20 26
297 21 25
297 21 27
297 21 28
297 24 26
297 24 29
297 25 30
297 26 31
297 26 32
297 27 33
297 28 34
297 28 35
297 30 36
297 30 37
297 31 38
297 31 39
297 31 40
297 32 36
297 32 39
297 32 41
297 32 42
297 33 43
297 34 44
297 35 45
297 35 46
297 35 47
297 36 48
297 37 49
297 38 50
297 38 51
297 40 52
297 40 53
297 40 54
297 41 54
297 41 55
297 43 56
297 43 57
297 43 58
297 43 59
297 45 60
297 45 61
297 47 62
297 49 63
297 50 52
297 50 64
297 52 65
297 52 66
297 53 67
297 54 55
298 0 1
298 1 2
298 1 3
298 1 4
298 2 5
298 2 6
298 2 7
298 3 8
298 3 9
298 4 10
298 5 11
298 5 12
298 6 11
298 6 13
298 6 14
298 8 15
298 8 16
298 9 17
298 10 18
298 11 19
298 13 20
298 14 21
298 15 22
298 15 23
298 16 24
298 17 25
298 18 26
298 18 27
298 19 28
298 19 29
298 20 27
298 20 30
298 21 24
298 21 31
298 22 32
298 23 33
298 24 34
298 25 35
298 26 36
298 27 37
298 28 35
298 28 38
298 28 39
298 29 40
298 30 41
298 30 42
298 30 43
298 31 44
298 31 45
298 32 46
298 32 47
298 32 48
298 33 49
298 34 50
298 34 51
298 34 52
298 40 53
298 41 45
298 41 54
298 42 55
298 43 55
298 43 56
298 43 57
298 44 58
298 45 59
298 50 60
298 50 61
298 51 54
298 52 60
298 52 62
298 52 63
298 55 64
298 56 65
298 62 64
298 63 66
298 64 67
298 65 68
298 66 69
298 66 70
298 66 71
298 68 72
298 69 73
299 0 1
299 0 2
299 0 3
299 1 4
300 0 1
300 1 2
300 2 3
300 3 4
300 3 5
300 4 6
300 6 7
300 6 8
300 6 9
300 7 10
300 7 11
300 8 12
300 10 13
300 10 14
300 11 15
300 12 16
300 12 17
300 14 18
300 18 19
300 19 20
300 19 21
300 19 22
300 20 23
300 21 24
300 21 25
300 21 26
300 23 27
300 23 28
300 24 29
300 25 30
300 25 31
300 26 32
300 29 31
300 29 33
300 31 34
300 31 35
300 31 36
300 31 37
300 36 38
300 36 39
300 36 40
300 36 41
300 39 42
300 40 43
300 40 44
300 41 45
300 42 46
300 43 47
300 43 48
300 44 49
300 44 50
300 45 51
300 45 52
300 45 53
300 45 54
300 46 55
300 49 56
300 49 57
300 49 58
300 51 59
300 52 59
300 52 60
300 53 56
300 53 61
300 54 62
300 55 63
300 56 64
300 57 65
300 58 66
300 59 67
301 0 1
301 0 2
301 2 3
301 2 4
301 2 5
301 3 6
301 4 7
301 5 8
301 5 9
301 6 10
301 6 11
301 6 12
301 7 13
301 8 14
301 8 15
301 9 16
301 10 17
301 11 18
301 11 19
301 13 18
301 13 20
301 14 21
301 15 22
301 15 23
301 17 24
301 19 25
301 20 26
301 21 27
301 22 28
301 23 29
301 23 30
301 24 31
301 27 32
301 27 33
301 27 34
301 28 35
301 28 36
301 29 37
301 29 38
301 30 39
301 30 40
301 31 41
301 32 42
301 35 43
301 36 38
301 36 44
301 43 45
301 43 46
301 44 47
301 45 48
301 47 49
301 47 50
301 47 51
301 48 52
301 48 53
301 49 54
301 50 55
301 52 56
301 52 57
301 53 58
301 53 59
301 54 60
301 55 61
301 56 62
301 58 63
301 59 64
301 60 65
301 63 66
301 63 67
301 65 68
301 65 69
302 0 1
302 0 2
302 2 3
302 2 4
302 3 5
302 5 6
302 5 7
302 5 8
302 6 9
302 6 10
302 8 11
302 10 12
302 11 13
302 11 14
302 13 15
302 13 16
302 14 17
302 15 18
302 15 19
302 15 20
302 15 21
302 16 22
302 16 23
302 17 24
302 18 24
302 18 25
302 20 26
302 23 25
302 23 27
302 23 28
302 23 29
302 23 30
302 24 31
302 25 32
302 26 33
302 26 34
302 27 35
302 27 36
302 29 37
302 29 38
302 31 34
302 31 39
302 33 40
302 33 41
302 35 42
302 36 43
302 37 44
302 37 45
302 38 46
302 39 47
302 40 48
302 40 49
302 40 50
302 41 51
302 42 52
302 43 51
302 43 52
302 43 53
302 44 54
302 44 55
302 46 56
302 46 57
302 47 58
302 47 59
302 47 60
302 48 61
302 49 53
302 49 62
302 50 63
302 50 64
302 51 65
302 53 66
302 53 67
302 54 62
302 55 68
302 56 67
302 56 69
302 56 70
303 0 1
303 0 2
303 0 3
303 1 2
303 1 4
303 1 5
303 1 6
303 2 7
303 5 8
303 6 9
303 6 10
303 6 11
303 7 12
303 7 13
303 7 14
303 8 15
303 8 16
303 9 15
303 9 17
303 9 18
303 10 19
303 10 20
303 10 21
303 11 22
303 11 23
303 11 24
303 12 25
303 13 26
303 14 27
303 15 28
303 17 29
303 17 30
303 19 30
303 20 31
303 20 32
303 21 33
303 22 34
303 22 35
303 22 36
303 24 37
303 25 38
303 25 39
303 25 40
303 25 41
303 28 42
303 30 43
303 32 44
303 32 45
303 36 46
303 36 47
303 37 48
303 41 49
303 41 50
303 42 51
303 46 52
303 47 53
303 48 54
303 48 55
303 48 56
303 49 57
303 50 58
303 51 59
303 52 60
303 53 60
303 53 61
303 54 62
303 56 63
303 56 64
303 56 65
303 58 66
303 59 67
303 60 68
304 0 1
304 0 2
304 1 3
304 1 4
304 1 5
304 2 6
304 2 7
304 3 8
304 3 9
304 4 8
304 4 10
304 4 11
304 5 12
304 6 13
304 7 14
304 8 10
304 8 15
304 9 16
304 10 17
304 11 18
304 12 19
304 13 20
304 14 21
304 15 22
304 15 23
304 15 24
304 16 25
304 17 26
304 17 27
304 18 28
304 19 29
304 19 30
304 20 27
304 20 30
304 20 31
304 20 32
304 21 26
304 21 33
304 22 34
304 23 35
304 24 36
304 25 37
304 25 38
304 25 39
304 31 40
304 31 41
304 32 40
304 33 42
304 33 43
304 33 44
304 38 45
304 39 41
304 39 46
304 39 47
304 40 48
304 40 49
304 40 50
304 41 51
304 41 52
304 42 53
304 43 54
304 43 55
304 44 56
304 44 57
304 46 58
304 47 59
304 47 60
304 47 61
304 49 62
304 50 63
304 52 64
304 52 65
304 53 66
304 53 67
304 54 68
304 57 69
304 57 70
304 58 71
304 59 72
304 64 71
305 0 1
305 0 2
305 0 3
305 0 4
305 1 5
305 3 6
305 4 7
305 4 8
305 5 9
305 5 10
305 5 11
305 6 10
305 7 12
305 9 13
305 10 14
305 11 15
305 12 16
305 12 17
305 13 18
305 13 19
305 14 19
305 14 20
305 15 21
305 16 22
305 16 23
305 16 24
305 16 25
305 17 24
305 18 26
305 19 27
305 20 21
305 22 26
305 22 28
305 23 29
305 25 28
305 25 30
305 26 30
305 26 31
305 27 32
305 28 33
305 28 34
305 30 35
305 33 36
305 34 37
305 35 38
305 35 39
305 35 40
305 37 41
305 37 42
305 38 43
305 39 44
305 40 41
305 40 45
305 42 46
305 43 47
305 46 48
305 46 49
305 48 50
305 49 51
305 50 52
305 51 53
305 53 54
305 53 55
305 55 56
305 55 57
305 57 58
305 58 59
305 58 60
305 58 61
305 59 62
305 60 63
305 61 64
305 61 65
305 61 66
305 62 67
305 62 68
305 64 69
305 65 70
305 66 71
305 67 72
306 0 1
306 1 2
306 2 3
306 2 4
306 3 5
306 3 6
306 3 7
306 4 8
306 5 7
306 5 9
306 6 10
306 6 11
306 7 12
306 7 13
306 7 14
306 8 15
306 9 16
306 10 17
306 12 18
306 12 19
306 13 15
306 14 20
306 14 21
306 15 20
306 15 22
306 16 17
306 16 23
306 17 24
306 17 25
306 19 20
306 19 26
306 22 27
306 22 28
306 23 29
306 24 30
306 25 31
306 26 28
306 26 32
306 27 33
306 28 34
306 29 35
306 32 36
306 33 37
306 34 38
306 35 39
306 35 40
306 36 41
306 36 42
306 39 43
306 41 44
306 41 45
306 41 46
306 42 47
306 42 48
306 43 49
306 44 50
306 45 51
306 46 52
306 46 53
306 47 54
306 47 55
306 48 56
306 49 57
306 50 58
306 50 59
306 51 60
306 52 61
306 53 62
306 53 63
306 54 64
306 55 63
306 55 65
306 55 66
306 56 67
306 56 68
306 56 69
306 57 70
306 60 71
306 61 72
306 63 73
306 63 74
306 65 75
306 66 76
306 67 77
306 68 76
306 71 78
306 72 79
306 75 80
306 76 81
306 78 82
306 78 83
306 79 80
307 0 1
307 0 2
307 1 3
307 2 4
307 2 5
307 3 6
307 3 7
307 4 8
307 4 9
307 4 10
307 6 11
307 6 12
307 7 13
307 7 14
307 8 15
307 8 16
307 8 17
307 10 18
307 10 19
307 12 20
307 13 21
307 13 22
307 14 23
307 14 24
307 15 25
307 16 26
307 18 27
307 19 28
307 20 29
307 21 30
307 22 31
307 23 32
307 24 33
307 24 34
307 24 35
307 24 36
307 25 35
307 25 37
307 25 38
307 26 39
307 27 37
307 27 40
307 28 40
307 28 41
307 29 42
307 30 43
307 31 44
307 31 45
307 32 46
307 33 47
307 35 48
307 36 42
307 37 49
307 37 50
307 38 51
307 38 52
307 39 53
307 41 54
307 43 55
307 43 56
307 43 57
307 46 54
307 46 58
307 51 59
307 51 60
307 52 61
307 52 62
307 53 63
307 54 61
307 58 64
307 59 65
307 59 66
307 59 67
307 60 68
307 60 69
307 61 70
307 62 63
307 62 71
307 64 72
307 64 73
307 68 74
307 70 75
307 71 76
308 0 1
308 0 2
308 1 3
308 1 4
308 2 5
308 3 6
308 3 7
308 4 8
308 5 9
308 5 10
308 5 11
308 7 12
308 8 13
308 8 14
308 9 15
308 9 16
308 10 13
308 10 17
308 10 18
308 10 19
308 13 20
308 14 21
308 16 22
308 16 23
308 16 24
308 17 25
308 17 26
308 17 27
308 18 20
308 18 28
308 19 29
308 20 30
308 21 30
308 21 31
308 21 32
308 24 33
308 25 34
308 25 35
308 29 36
308 29 37
308 30 38
308 32 39
308 35 40
308 36 41
308 36 42
308 37 43
308 38 44
308 38 45
308 40 46
308 41 47
308 41 48
308 42 49
308 43 46
308 43 50
308 44 51
308 44 52
308 45 53
308 45 54
308 45 55
308 46 56
308 46 57
308 46 58
308 47 59
308 48 60
308 49 61
308 49 62
308 49 63
308 49 64
308 51 65
308 51 66
308 52 66
308 52 67
308 53 68
308 53 69
308 54 70
308 55 71
308 56 72
308 62 68
309 0 1
309 0 2
309 0 3
309 1 4
309 2 5
309 2 6
309 3 7
309 5 8
309 6 9
309 6 10
309 6 11
309 7 12
309 8 13
309 9 14
309 10 15
309 12 16
309 13 17
309 14 18
309 14 19
309 14 20
309 16 21
309 16 22
309 17 23
309 18 24
309 19 25
309 19 26
309 19 27
309 23 28
309 23 29
309 24 30
309 25 31
309 27 32
309 28 33
309 28 34
309 29 35
309 31 36
309 31 37
309 32 38
309 33 39
309 34 40
309 37 41
309 38 42
309 42 43
309 43 44
309 43 45
309 44 46
309 44 47
309 45 48
309 46 49
309 47 50
309 47 51
309 49 52
309 49 53
309 50 54
309 51 55
309 52 56
309 55 57
309 56 58
309 57 58
309 58 59
309 59 60
309 60 61
309 61 62
309 61 63
309 61 64
309 62 65
309 63 66
309 64 67
309 64 68
309 64 69
310 0 1
310 0 2
310 0 3
310 0 4
310 2 4
310 2 5
310 2 6
310 2 7
310 3 8
310 3 9
310 3 10
310 4 11
310 5 12
310 6 13
310 6 14
310 7 15
310 7 16
310 8 17
310 10 18
310 11 19
310 11 20
310 12 21
310 12 22
310 14 23
310 15 24
310 16 25
310 17 26
310 19 23
310 19 27
310 21 22
310 22 28
310 23 29
310 24 27
310 24 30
310 26 31
310 26 32
310 26 33
310 26 34
310 27 35
310 30 36
310 30 37
310 34 38
310 34 39
310 35 40
310 35 41
310 36 42
310 36 43
310 36 44
310 37 40
310 37 45
310 37 46
310 37 47
310 38 48
310 38 49
310 39 50
310 41 50
310 41 51
310 41 52
310 41 53
310 42 54
310 44 55
310 44 56
310 46 57
310 48 58
310 50 59
310 51 59
310 51 60
310 51 61
310 52 62
310 54 63
310 55 64
310 56 65
310 58 66
310 58 67
310 59 68
310 59 69
310 60 70
310 62 71
310 63 72
310 64 73
310 65 74
310 65 75
310 66 72
310 66 76
310 68 77
310 68 78
310 70 79
310 71 80
310 71 81
310 72 78
310 72 82
310 74 79
310 74 82
310 75 83
310 76 84
310 77 85
310 78 86
310 82 83
311 0 1
311 0 2
311 1 3
311 1 4
311 1 5
311 2 6
311 2 7
311 2 8
311 4 9
311 4 10
311 5 7
311 8 11
311 9 12
311 10 13
311 10 14
311 10 15
311 11 16
311 12 17
311 12 18
311 12 19
311 13 20
311 13 21
311 13 22
311 16 23
311 17 24
311 18 25
311 19 26
311 19 27
311 20 28
311 20 29
311 21 30
311 23 31
311 23 32
311 24 27
311 26 33
311 27 32
311 27 33
311 27 34
311 28 35
311 28 36
311 29 37
311 29 38
311 30 39
311 31 40
311 32 41
311 34 42
311 35 40
311 40 43
311 40 44
311 42 45
311 42 46
311 42 47
311 42 48
311 42 49
311 44 50
311 45 51
311 48 52
311 49 53
311 50 54
311 51 55
311 53 56
311 53 57
311 54 58
311 55 59
311 55 60
311 59 61
311 60 62
311 60 63
311 63 64
311 63 65
311 65 66
311 66 67
311 66 68
311 67 69
312 0 1
312 0 2
312 1 3
312 1 4
312 2 5
312 2 6
312 3 7
312 4 5
312 5 8
312 6 9
312 6 10
312 7 11
312 9 12
312 9 13
312 9 14
312 10 15
312 11 16
312 12 17
312 13 18
312 14 19
312 14 20
312 16 21
312 17 22
312 18 23
312 19 24
312 20 25
312 21 26
312 23 27
312 23 28
312 24 29
312 25 30
312 26 31
312 26 32
312 26 33
312 26 34
312 27 35
312 27 36
312 28 37
312 29 31
312 29 38
312 29 39
312 30 40
312 33 41
312 34 42
312 34 43
312 34 44
312 35 45
312 36 46
312 37 47
312 38 47
312 39 41
312 44 46
312 44 48
312 45 49
312 48 50
312 49 51
312 49 52
312 49 53
312 51 54
312 52 55
312 54 56
312 56 57
312 56 58
312 58 59
312 58 60
312 59 61
312 59 62
312 60 63
312 61 64
312 62 65
312 62 66
312 63 67
312 64 68
312 64 69
312 68 70
312 69 71
312 70 72
313 0 1
313 0 2
313 0 3
313 1 4
313 1 5
313 1 6
313 2 7
313 2 8
313 3 9
313 4 10
313 6 11
313 6 12
313 6 13
313 7 14
313 8 15
313 8 16
313 10 17
313 11 13
313 12 16
313 12 18
313 12 19
313 13 20
313 13 21
313 14 22
313 14 23
313 15 19
313 18 24
313 19 22
313 19 25
313 19 26
313 20 27
313 21 28
313 22 23
313 22 29
313 23 24
313 24 30
313 27 31
313 28 32
313 28 33
313 29 34
313 29 35
313 29 36
313 30 37
313 32 38
313 32 39
313 33 39
313 33 40
313 34 41
313 35 37
313 35 42
313 35 43
313 35 44
313 36 45
313 36 46
313 38 47
313 39 47
313 39 48
313 39 49
313 40 41
313 40 50
313 40 51
313 41 52
313 41 53
313 42 54
313 43 55
313 44 56
313 44 57
313 44 58
313 45 55
313 45 59
313 46 60
313 47 57
313 47 61
313 49 62
313 49 63
313 50 64
313 50 65
313 52 66
313 53 67
313 59 61
313 61 68
313 63 69
313 64 70
313 64 71
313 67 72
314 0 1
314 0 2
314 0 3
314 1 4
314 1 5
314 2 6
314 3 7
314 3 8
314 5 9
314 5 10
314 6 11
314 6 12
314 7 13
314 7 14
314 9 15
314 9 16
314 10 17
314 11 18
314 11 19
314 11 20
314 12 21
314 13 22
314 14 21
314 14 23
314 15 24
314 16 25
314 16 26
314 17 27
314 18 28
314 22 25
314 23 29
314 24 30
314 25 31
314 26 32
314 26 33
314 29 34
314 29 35
314 29 36
314 30 37
314 30 38
314 31 39
314 32 40
314 32 41
314 33 42
314 33 43
314 34 44
314 34 45
314 34 46
314 35 47
314 36 48
314 39 46
314 39 49
314 40 50
314 41 42
314 41 51
314 42 49
314 42 52
314 42 53
314 43 54
314 46 53
314 51 55
314 52 56
314 52 57
314 53 58
314 53 59
314 53 60
314 54 61
314 55 60
314 55 62
314 60 63
314 60 64
314 60 65
314 61 64
314 61 66
314 62 67
314 63 68
314 64 69
314 65 70
314 65 71
314 65 72
314 66 73
314 66 74
315 0 1
315 0 2
315 1 3
315 1 4
315 2 5
315 4 6
315 4 7
315 5 6
315 6 8
316 0 1
316 0 2
316 0 3
316 1 4
316 2 5
316 2 6
316 2 7
316 5 8
316 6 9
316 6 10
316 6 11
316 7 12
316 7 13
316 8 14
316 9 15
316 11 16
316 11 17
316 13 18
316 13 19
316 14 20
316 15 21
316 16 22
316 17 23
316 18 24
316 18 25
316 19 26
316 19 27
316 19 28
316 19 29
316 21 30
316 23 31
316 24 32
316 25 28
316 25 33
316 25 34
316 27 35
316 28 36
316 29 37
316 29 38
316 30 39
316 32 40
316 32 41
316 33 42
316 34 43
316 34 44
316 35 45
316 37 46
316 38 47
316 40 48
316 40 49
316 41 50
316 42 48
316 42 51
316 42 52
316 43 53
316 44 50
316 44 52
316 44 54
316 45 55
316 45 56
316 46 57
316 47 58
316 47 59
316 48 60
316 49 61
316 49 62
316 50 63
316 52 63
316 52 64
316 53 65
316 55 57
316 60 66
316 61 67
316 61 68
316 61 69
316 62 70
316 62 71
316 65 72
316 67 71
316 67 73
316 73 74
317 0 1
317 0 2
317 0 3
317 1 4
317 2 5
317 2 6
317 3 7
317 4 8
317 4 9
317 4 10
317 6 11
317 6 12
317 7 13
317 7 14
317 8 15
317 8 16
317 9 17
317 10 18
317 10 19
317 11 20
317 11 21
317 12 21
317 12 22
317 13 23
317 14 24
317 15 25
317 16 26
317 16 27
317 16 28
317 17 18
317 18 20
317 18 29
317 18 30
317 18 31
317 20 32
317 21 33
317 23 34
317 27 35
317 30 36
317 30 37
317 31 38
317 32 39
317 34 40
317 35 41
317 35 42
317 35 43
317 37 39
317 37 44
317 37 45
317 39 46
317 42 45
317 42 47
317 42 48
317 42 49
317 42 50
317 43 51
317 43 52
317 44 48
317 44 52
317 45 53
317 45 54
317 46 55
317 49 56
317 50 57
317 52 58
317 53 59
317 53 60
317 54 61
317 55 62
317 55 63
317 56 57
317 57 62
317 57 64
317 57 65
317 60 66
317 60 67
317 62 68
317 67 69
317 67 70
317 69 71
317 70 72
317 70 73
318 0 1
318 1 2
318 1 3
318 1 4
318 2 5
318 2 6
318 2 7
318 2 8
318 3 9
318 3 10
318 3 11
318 3 12
318 4 7
318 4 13
318 5 14
318 5 15
318 6 16
318 6 17
318 8 18
318 8 19
318 11 20
318 12 21
318 12 22
318 13 23
318 13 24
318 15 25
318 16 18
318 16 26
318 16 27
318 17 28
318 17 29
318 18 30
318 18 31
318 20 32
318 21 33
318 22 34
318 22 35
318 24 36
318 25 32
318 27 37
318 28 38
318 28 39
318 29 40
318 29 41
318 29 42
318 30 43
318 32 44
318 33 45
318 33 46
318 34 46
318 34 47
318 35 48
318 36 49
318 38 50
318 38 51
318 39 52
318 39 53
318 39 54
318 40 55
318 42 55
318 47 51
318 49 56
318 49 57
318 49 58
318 50 59
318 51 59
318 55 60
318 56 61
318 56 62
318 58 63
318 58 64
318 59 63
318 59 65
318 60 66
318 61 67
318 63 68
318 63 69
318 65 70
318 66 71
318 67 72
318 68 73
319 0 1
319 0 2
319 0 3
319 1 4
319 1 5
319 1 6
319 3 7
319 3 8
319 4 9
319 5 10
319 5 11
319 5 12
319 6 13
319 6 14
319 7 15
319 7 16
319 8 16
319 8 17
319 9 18
319 9 19
319 9 20
319 10 21
319 14 22
319 15 23
319 15 24
319 16 25
319 16 26
319 17 27
319 18 28
319 18 29
319 19 30
319 19 31
319 20 25
319 20 32
319 20 33
319 28 34
319 30 35
319 31 36
319 32 37
319 32 38
319 32 39
319 33 40
319 33 41
319 34 42
319 35 43
319 35 44
319 36 45
319 37 46
319 38 47
319 39 48
319 39 49
319 39 50
319 40 51
319 41 52
319 41 53
319 43 54
319 44 47
319 45 55
319 45 56
319 46 57
319 46 58
319 47 48
319 47 59
319 48 60
319 48 61
319 49 62
319 51 53
319 52 56
319 53 63
319 54 64
319 54 65
319 55 66
319 56 67
319 59 68
319 59 69
319 61 70
319 61 71
319 64 72
319 66 73
319 67 74
319 68 75
319 69 70
319 70 76
319 71 77
319 72 78
319 74 78
320 0 1
320 0 2
320 1 3
320 2 4
320 2 5
320 2 6
320 3 7
320 3 8
320 3 9
320 4 10
320 4 11
320 4 12
320 5 13
320 6 14
320 6 15
320 7 16
320 8 17
320 8 18
320 8 19
320 9 20
320 10 21
320 10 22
320 12 23
320 13 24
320 14 25
320 15 26
320 16 27
320 17 28
320 17 29
320 18 30
320 18 31
320 18 32
320 19 31
320 19 33
320 20 34
320 23 35
320 24 36
320 29 35
320 29 36
320 29 37
320 30 38
320 31 39
320 31 40
320 32 40
320 32 41
320 32 42
320 33 43
320 33 44
320 33 45
320 34 46
320 34 47
320 35 48
320 36 49
320 37 39
320 38 50
320 39 51
320 42 52
320 44 53
320 45 54
320 45 55
320 46 56
320 47 57
320 47 58
320 48 50
320 48 59
320 49 60
320 49 61
320 50 62
320 50 63
320 51 64
320 51 65
320 51 66
320 51 67
320 53 68
320 54 69
320 55 69
320 56 70
320 56 71
320 59 72
320 59 73
320 62 74
320 64 75
320 64 76
320 65 68
320 65 77
320 66 78
320 69 79
320 70 80
320 71 81
320 73 82
320 75 83
320 75 84
320 76 85
320 76 86
320 76 87
320 78 83
321 0 1
321 0 2
321 0 3
321 1 4
321 2 5
321 4 6
321 5 7
321 5 8
321 6 9
321 6 10
321 7 11
321 8 12
321 8 13
321 9 14
321 10 15
321 10 16
321 10 17
321 13 18
321 13 19
321 14 20
321 15 21
321 15 22
321 16 21
321 16 23
321 16 24
321 17 25
321 18 26
321 23 27
321 23 28
321 23 29
321 25 30
321 26 31
321 26 32
321 27 33
321 27 34
321 27 35
321 28 36
321 28 37
321 28 38
321 29 39
321 30 33
321 31 40
321 31 41
321 31 42
321 32 43
321 33 44
321 33 45
321 34 46
321 34 47
321 35 38
321 35 46
321 35 48
321 35 49
321 37 50
321 38 47
321 38 51
321 38 52
321 38 53
321 39 54
321 39 55
321 39 56
321 43 57
321 44 58
321 44 59
321 44 60
321 44 61
321 45 60
321 46 62
321 47 48
321 48 63
321 48 64
321 53 64
321 57 65
321 57 66
321 57 67
321 58 62
321 58 68
322 0 1
322 0 2
322 0 3
322 0 4
322 0 5
322 1 6
322 1 7
322 2 8
322 3 9
322 3 10
322 4 11
322 7 12
322 7 13
322 7 14
322 10 13
322 11 15
322 12 16
322 14 17
322 14 18
322 14 19
322 15 17
322 15 19
322 15 20
322 16 21
322 16 22
322 17 23
322 18 24
322 19 25
322 19 26
322 21 27
322 21 28
322 22 29
322 22 30
322 22 31
322 23 32
322 23 33
322 24 34
322 25 35
322 26 36
322 26 37
322 27 38
322 28 39
322 28 40
322 29 40
322 29 41
322 31 42
322 32 43
322 33 44
322 36 45
322 36 46
322 36 47
322 37 48
322 39 42
322 39 49
322 40 50
322 40 51
322 42 52
322 43 53
322 44 53
322 44 54
322 44 55
322 46 56
322 46 57
322 48 49
322 50 58
322 53 59
322 53 60
322 54 61
322 55 62
322 56 63
322 56 64
322 58 65
322 58 66
323 0 1
323 1 2
323 2 3
323 3 4
323 3 5
323 3 6
323 4 7
323 4 8
323 4 9
323 6 10
323 7 11
323 8 12
323 10 13
323 10 14
323 11 15
323 12 16
323 12 17
323 13 18
323 14 19
323 15 20
323 16 21
323 16 22
323 18 23
323 19 24
323 20 25
323 22 26
323 22 27
323 23 28
323 23 29
323 24 30
323 28 31
323 29 32
323 30 33
323 31 34
323 32 35
323 32 36
323 33 37
323 34 38
323 35 39
323 36 40
323 36 41
323 37 42
323 38 43
323 38 44
323 39 45
323 40 46
323 41 47
323 42 48
323 42 49
323 43 45
323 43 50
323 43 51
323 44 52
323 44 53
323 44 54
323 45 55
323 46 56
323 47 57
323 48 58
323 49 58
323 57 59
323 58 60
323 58 61
323 59 62
323 59 63
323 60 64
323 61 65
323 61 66
323 61 67
323 63 68
323 64 69
323 64 70
323 66 71
323 67 72
323 68 71
323 68 73
323 68 74
323 69 75
323 69 76
323 71 77
324 0 1
324 1 2
324 1 3
324 1 4
324 2 5
324 2 6
324 2 7
324 3 8
324 5 9
324 6 10
324 6 11
324 7 12
324 8 10
324 8 13
324 9 14
324 10 15
324 12 16
324 14 17
324 14 18
324 16 19
324 17 20
324 18 21
324 18 22
324 19 23
324 20 24
324 21 25
324 21 26
324 22 27
324 23 28
324 27 29
324 29 30
324 29 31
324 30 32
324 31 33
324 31 34
324 32 35
324 33 36
324 33 37
324 34 38
324 34 39
324 35 40
324 35 41
324 36 42
324 36 43
324 40 44
324 41 45
324 42 46
324 42 47
324 43 48
324 44 49
324 45 50
324 46 51
324 47 52
324 47 53
324 48 54
324 48 55
324 49 53
324 50 56
324 51 57
324 53 58
324 54 59
324 56 60
324 57 61
324 57 62
324 58 63
324 58 64
324 58 65
324 60 66
324 61 65
324 61 67
324 61 68
324 62 69
324 63 70
324 64 71
324 66 72
324 66 73
324 70 74
324 73 75
324 74 76
325 0 1
325 0 2
325 1 3
325 1 4
325 2 5
325 3 6
325 5 7
325 7 8
325 7 9
325 8 10
325 8 11
325 9 12
325 9 13
325 11 14
325 11 15
325 13 16
325 14 17
325 14 18
325 14 19
325 15 20
325 16 21
325 17 22
325 18 23
325 19 24
325 19 25
325 20 26
325 21 27
325 21 28
325 22 29
325 23 30
325 24 31
325 25 26
326 0 1
326 1 2
326 1 3
326 2 4
326 2 5
326 2 6
326 3 7
326 3 8
326 4 9
326 5 10
326 7 11
326 8 12
326 8 13
326 9 14
326 9 15
326 11 16
326 12 17
326 12 18
326 13 19
326 14 20
326 15 17
326 15 21
326 15 22
326 16 23
326 17 24
326 18 25
326 19 26
326 20 27
326 22 28
326 23 29
326 23 30
326 24 31
326 24 32
326 25 33
326 26 34
326 27 28
326 28 33
326 28 35
326 28 36
326 29 37
326 33 38
326 34 39
326 36 40
326 37 41
326 38 42
326 39 43
326 40 44
326 40 45
326 42 46
326 42 47
326 43 48
326 44 49
326 44 50
326 44 51
326 44 52
326 45 53
326 46 54
326 47 55
326 47 56
326 49 51
326 49 57
326 50 58
326 50 59
326 52 60
326 52 61
326 53 62
326 53 63
326 54 56
326 54 64
326 54 65
326 55 66
326 56 67
326 57 68
326 59 69
326 59 70
327 0 1
327 0 2
327 1 3
327 1 4
327 1 5
327 2 6
327 2 7
327 3 8
327 3 9
327 5 10
327 5 11
327 5 12
327 6 11
327 6 13
327 6 14
327 7 15
327 7 16
327 7 17
327 7 18
327 8 19
327 8 20
327 9 17
327 9 21
327 10 22
327 13 23
327 13 24
327 13 25
327 14 26
327 14 27
327 15 28
327 15 29
327 15 30
327 15 31
327 17 32
327 17 33
327 19 34
327 19 35
327 21 32
327 21 36
327 22 37
327 23 38
327 24 39
327 25 30
327 25 40
327 26 41
327 30 42
327 31 33
327 31 43
327 31 44
327 33 38
327 34 45
327 34 46
327 35 46
327 35 47
327 35 48
327 36 49
327 37 50
327 39 51
327 39 52
327 40 53
327 40 54
327 43 55
327 44 56
327 45 48
327 51 52
327 54 57
327 55 58
327 56 59
327 57 60
327 58 61
327 60 62
327 62 63
327 62 64
327 63 65
327 63 66
327 64 67
327 65 68
327 66 69
327 67 70
327 67 71
327 67 72
327 68 73
327 68 74
327 69 75
327 71 76
327 71 77
327 72 78
327 72 79
327 73 80
328 0 1
328 0 2
328 0 3
328 1 4
328 2 5
328 3 6
328 5 7
328 5 8
328 7 9
328 7 10
328 8 11
328 9 12
328 10 13
328 11 14
328 12 15
328 13 16
328 13 17
328 14 18
328 14 19
328 14 20
328 15 21
328 15 22
328 16 23
328 16 24
328 17 25
328 18 26
328 18 27
328 19 28
328 19 29
328 21 27
328 21 30
328 21 31
328 22 32
328 22 33
328 23 34
328 24 35
328 26 36
328 27 37
328 27 38
328 29 39
328 30 40
328 31 41
328 32 42
328 32 43
328 33 44
328 33 45
328 33 46
328 34 47
328 35 48
328 39 49
328 40 50
328 40 51
328 41 52
328 42 53
328 43 54
328 43 55
328 47 56
328 48 57
328 49 58
328 50 59
328 50 60
328 51 61
328 51 62
328 51 63
328 52 64
328 53 55
328 53 65
328 53 66
328 54 67
328 54 68
328 55 69
328 58 70
328 59 71
328 60 72
328 61 72
328 63 73
328 66 74
328 67 75
328 67 76
328 67 77
329 0 1
329 0 2
329 1 3
329 1 4
329 2 5
329 2 6
329 2 7
329 3 8
329 7 9
330 0 1
330 1 2
330 1 3
330 2 4
330 4 5
330 4 6
330 4 7
330 5 8
330 6 9
330 7 10
330 7 11
330 8 12
330 9 13
330 9 14
330 10 15
330 11 16
330 11 17
330 15 18
330 15 19
330 16 20
330 16 21
330 17 22
330 18 23
330 20 24
330 22 25
330 23 26
330 23 27
330 23 28
330 24 29
330 25 30
330 25 31
330 26 32
330 27 33
330 27 34
330 27 35
330 28 36
330 30 37
330 30 38
330 30 39
330 31 40
330 31 41
330 33 42
330 34 43
330 35 44
330 36 37
330 37 45
330 38 39
330 40 46
330 40 47
330 40 48
330 41 49
330 42 50
330 44 49
330 44 51
330 44 52
330 45 53
330 45 54
330 47 55
330 48 56
330 50 56
330 50 57
330 51 57
330 52 58
330 52 59
330 53 60
330 53 61
330 53 62
330 53 63
330 56 64
330 56 65
330 57 66
330 59 67
330 60 68
330 60 69
331 0 1
331 1 2
331 2 3
331 2 4
331 2 5
331 3 6
331 3 7
331 5 8
331 7 9
331 8 10
331 9 11
331 9 12
331 10 13
331 11 14
331 12 15
331 12 16
331 14 17
331 14 18
331 15 17
331 16 19
331 16 20
331 17 21
331 17 22
331 18 23
331 20 24
331 21 25
331 22 26
331 23 27
331 23 28
331 23 29
331 23 30
331 24 31
331 25 32
331 26 33
331 27 33
331 27 34
331 27 35
331 28 36
331 29 37
331 31 38
331 32 39
331 33 40
331 34 41
331 35 42
331 35 43
331 36 37
331 36 44
331 37 45
331 37 46
331 38 47
331 39 48
331 40 49
331 40 50
331 41 47
331 41 51
331 41 52
331 41 53
331 44 53
331 45 54
331 46 55
331 47 56
331 47 57
331 48 58
331 49 59
331 50 60
331 50 61
331 50 62
331 51 63
331 51 64
331 52 53
331 52 65
331 57 66
331 58 67
331 58 68
331 59 69
331 68 70
331 69 71
331 69 72
331 69 73
331 70 74
331 71 75
331 71 76
331 72 77
331 74 78
331 74 79
331 76 78
331 76 80
331 78 81
331 78 82
332 0 1
332 0 2
332 0 3
332 0 4
332 1 3
332 1 5
332 2 6
332 3 7
332 4 8
332 4 9
332 4 10
332 5 11
332 6 12
332 6 13
332 7 10
332 7 14
332 7 15
332 8 16
332 9 17
332 10 16
332 10 18
332 11 19
332 13 20
332 13 21
332 13 22
332 14 23
332 14 24
332 16 25
332 17 26
332 18 27
332 19 28
332 20 29
332 20 30
332 21 31
332 21 32
332 21 33
332 21 34
332 22 35
332 22 36
332 23 31
332 24 37
332 25 38
332 26 39
332 27 40
332 27 41
332 27 42
332 28 43
332 29 44
332 30 42
332 30 45
332 30 46
332 30 47
332 31 39
332 31 48
332 32 36
332 32 41
332 32 49
332 32 50
332 33 51
332 36 37
332 37 52
332 37 53
332 41 54
332 41 55
332 42 56
332 42 57
332 43 58
332 44 50
332 44 59
332 45 51
332 46 51
332 46 60
332 46 61
332 46 62
332 47 63
332 48 64
332 49 65
332 50 66
332 51 67
332 51 68
332 52 69
332 52 70
332 52 71
332 58 59
332 64 70
332 69 71
333 0 1
333 1 2
333 1 3
333 1 4
333 1 5
333 2 6
333 2 7
333 4 8
333 4 9
333 5 10
333 5 11
333 5 12
333 6 13
333 7 14
333 7 15
333 9 16
333 9 17
333 9 18
333 11 19
333 12 20
333 12 21
333 14 22
333 14 23
333 14 24
333 15 25
333 17 26
333 18 26
333 19 27
333 20 28
333 20 29
333 21 30
333 23 31
333 24 32
333 24 33
333 25 34
333 26 35
333 28 36
333 29 37
333 31 38
333 32 39
333 32 40
333 33 41
333 35 42
333 36 38
333 36 42
333 39 43
333 39 44
333 39 45
333 40 46
333 40 47
333 41 48
333 41 49
333 42 50
333 43 51
333 43 52
333 44 46
333 45 53
333 45 54
333 46 55
333 47 56
333 48 52
333 53 57
333 53 58
333 54 59
333 56 60
333 57 61
333 58 62
333 58 63
333 58 64
333 60 65
333 61 66
333 62 67
333 63 68
333 63 69
333 64 70
333 64 71
334 0 1
334 0 2
334 0 3
334 2 4
335 0 1
335 0 2
335 1 3
335 2 4
335 3 5
335 3 6
335 3 7
335 4 8
335 5 9
335 6 10
335 7 11
335 7 12
335 10 13
335 11 14
335 11 15
335 12 16
335 12 17
335 14 18
335 15 19
335 15 20
335 16 21
335 16 22
335 17 23
335 18 24
335 18 25
335 19 26
335 21 27
335 21 28
335 22 29
335 22 30
335 23 31
335 23 32
335 24 33
335 25 34
335 25 35
335 26 36
335 27 37
335 27 38
335 28 35
335 28 37
335 29 39
335 30 40
335 31 41
335 33 42
335 34 43
335 35 44
335 36 45
335 39 46
335 40 47
335 40 48
335 44 49
335 45 50
335 46 51
335 46 52
335 48 53
335 51 54
335 51 55
335 52 56
335 52 57
335 52 58
335 53 59
335 53 60
335 53 61
336 0 1
336 1 2
336 2 3
336 2 4
336 3 5
336 5 6
337 0 1
337 0 2
337 1 3
337 2 4
337 2 5
337 3 6
337 4 7
337 4 8
337 5 8
337 6 9
337 7 9
337 7 10
337 10 11
337 10 12
337 10 13
337 12 14
337 12 15
337 13 16
337 13 17
337 13 18
337 14 18
337 15 19
337 15 20
337 16 21
337 16 22
337 17 19
337 17 23
337 18 24
337 20 21
337 20 25
337 21 26
337 21 27
337 21 28
337 22 27
337 22 29
337 22 30
337 22 31
337 23 32
337 24 33
337 25 34
337 26 35
337 27 30
337 28 36
337 29 37
337 33 38
337 33 39
337 35 40
337 36 41
337 37 42
337 38 43
337 38 44
337 38 45
337 39 46
337 40 47
337 40 48
337 41 49
337 41 50
337 41 51
337 41 52
337 42 53
337 42 54
337 43 55
337 44 56
337 45 51
337 45 57
337 46 51
337 46 58
337 47 59
337 48 60
337 48 61
337 50 62
337 51 63
337 53 64
337 59 65
337 60 66
337 61 62
337 61 66
337 62 67
337 62 68
337 63 69
337 66 70
337 67 71
337 67 72
337 69 73
337 71 74
338 0 1
338 0 2
338 0 3
338 3 4
338 3 5
338 4 6
338 5 7
338 5 8
338 6 9
338 7 10
338 8 11
338 9 12
338 9 13
338 10 14
338 10 15
338 10 16
338 11 17
338 12 18
338 13 19
338 16 20
338 17 21
338 18 22
338 19 23
338 19 24
338 20 25
338 21 26
338 21 27
338 21 28
338 22 29
338 23 30
338 23 31
338 24 32
338 25 33
338 25 34
338 26 35
338 28 36
338 31 37
338 32 38
338 32 39
338 33 40
338 33 41
338 33 42
338 33 43
338 34 44
338 34 45
338 34 46
338 36 47
338 37 48
338 38 49
338 39 50
338 40 51
338 41 52
338 41 53
338 41 54
338 42 55
338 42 56
338 43 57
338 43 58
338 45 59
338 45 60
338 46 61
338 47 56
338 48 62
338 49 63
338 60 64
338 61 65
338 61 66
338 61 67
338 63 68
338 66 69
339 0 1
339 1 2
339 1 3
339 1 4
339 2 5
339 2 6
339 3 4
339 4 7
339 5 8
339 5 9
339 5 10
339 6 11
339 6 12
339 6 13
339 8 14
339 8 15
339 9 16
339 9 17
339 10 15
339 11 18
339 12 16
339 12 19
339 12 20
339 13 21
339 13 22
339 17 23
339 18 20
339 18 24
339 19 25
339 20 26
339 21 27
339 21 28
339 21 29
339 22 30
339 24 31
339 28 32
339 29 33
339 30 34
339 31 35
339 31 36
339 31 37
339 32 36
339 32 38
339 34 39
339 34 40
339 34 41
339 36 42
339 37 43
339 40 44
339 42 45
339 42 46
339 43 47
339 44 48
339 46 49
339 47 50
339 48 51
339 48 52
339 48 53
339 52 54
339 54 55
339 54 56
339 56 57
339 57 58
339 58 59
339 58 60
339 60 61
339 61 62
339 61 63
339 61 64
339 62 65
339 63 66
339 64 67
339 65 68
339 65 69
340 0 1
340 1 2
340 2 3
340 2 4
340 2 5
340 4 6
340 5 7
340 6 8
340 8 9
340 9 10
340 9 11
340 10 12
340 11 13
340 12 14
340 12 15
340 13 16
340 14 17
340 15 18
340 15 19
340 16 20
340 16 21
340 17 22
340 17 23
340 21 22
340 22 24
340 23 25
340 23 26
340 24 27
340 24 28
340 25 29
340 25 30
340 25 31
340 27 32
340 27 33
340 27 34
340 29 35
340 29 36
340 30 37
340 32 38
340 32 39
340 33 40
340 37 41
340 37 42
340 39 40
340 39 43
340 39 44
340 40 45
341 0 1
341 0 2
341 0 3
341 0 4
341 1 5
341 2 6
341 3 7
341 3 8
341 3 9
341 4 10
341 4 11
341 4 12
341 5 13
341 5 14
341 7 8
341 9 15
341 9 16
341 9 17
341 10 13
341 10 18
341 11 19
341 13 20
341 14 21
341 15 22
341 16 23
341 17 24
341 18 25
341 18 26
341 18 27
341 20 28
341 20 29
341 20 30
341 21 31
341 22 32
341 23 33
341 23 34
341 24 35
341 24 36
341 24 37
341 25 38
341 26 39
341 26 40
341 26 41
341 28 42
341 29 43
341 32 44
341 32 45
341 33 46
341 33 47
341 34 48
341 35 49
341 36 50
341 36 51
341 37 52
341 37 53
341 38 54
341 39 55
341 39 56
341 39 57
341 43 58
341 45 51
341 45 59
341 46 60
341 49 61
341 50 62
341 51 53
341 51 56
341 52 63
341 53 64
341 54 65
341 56 66
341 57 67
341 57 68
341 58 69
341 58 70
341 60 71
341 66 72
341 67 73
341 68 74
341 68 75
341 70 76
341 71 72
341 73 77
341 76 78
342 0 1
342 0 2
342 1 3
342 1 4
342 1 5
342 2 6
342 2 7
342 2 8
342 3 9
342 4 5
342 5 8
342 6 9
342 7 10
342 7 11
342 8 12
342 8 13
342 9 14
342 9 15
342 10 14
342 10 16
342 10 17
342 11 18
342 12 19
342 13 20
342 14 21
342 15 22
342 15 23
342 16 24
342 16 25
342 17 26
342 17 27
342 19 28
342 20 29
342 22 30
342 22 31
342 23 32
342 23 33
342 25 34
342 26 33
342 26 35
342 27 36
342 28 37
342 28 38
342 29 39
342 30 40
342 30 41
342 30 42
342 31 43
342 32 44
342 33 45
342 35 44
342 35 46
342 35 47
342 36 46
342 37 48
342 38 49
342 38 50
342 41 48
342 41 51
342 43 52
342 43 53
342 43 54
342 46 55
342 47 56
342 48 57
342 49 51
342 49 58
342 49 59
342 50 60
342 57 61
342 58 62
342 59 63
342 60 64
342 60 65
342 61 66
342 62 67
342 62 68
342 63 66
342 63 69
342 63 70
342 65 71
342 66 72
342 66 73
342 67 74
342 68 75
342 69 76
342 69 77
342 70 78
342 74 79
342 75 80
342 75 81
342 76 79
342 76 82
342 78 83
343 0 1
343 0 2
343 1 3
343 1 4
343 2 5
343 2 6
343 3 7
343 3 8
343 5 9
343 6 10
343 6 11
343 7 12
343 9 13
343 9 14
343 9 15
343 10 15
343 10 16
343 15 17
343 15 18
343 16 19
343 16 20
343 17 21
343 17 22
343 18 23
343 19 24
343 19 25
343 20 26
343 21 27
343 22 28
343 23 25
343 23 29
343 24 30
343 24 31
343 25 32
343 28 33
343 28 34
343 29 35
343 29 36
343 31 37
343 32 35
343 32 38
343 32 39
343 33 40
343 33 41
343 34 42
343 35 43
343 35 44
343 39 45
343 39 46
343 39 47
343 40 48
343 41 49
343 42 50
343 42 51
343 43 52
343 43 53
343 44 54
343 44 55
343 44 56
343 45 57
343 46 58
343 47 59
343 47 60
343 52 61
343 53 62
343 53 63
343 54 64
343 54 65
343 55 66
343 56 67
343 58 68
343 58 69
343 59 70
343 60 71
343 60 72
343 62 73
343 62 74
343 63 75
343 63 76
343 66 70
343 68 69
344 0 1
344 1 2
344 1 3
344 1 4
344 2 5
344 2 6
344 3 7
344 3 8
344 4 9
344 4 10
344 4 11
344 5 12
344 5 13
344 5 14
344 6 15
344 6 16
344 7 17
344 8 18
344 9 19
344 9 20
344 9 21
344 10 22
344 11 17
344 11 23
344 12 24
344 15 24
344 15 25
344 16 18
344 21 26
344 22 27
344 22 28
344 23 29
344 24 30
344 25 31
344 26 32
344 27 33
344 28 34
344 28 35
344 29 36
344 30 37
344 32 38
344 33 39
344 34 40
344 35 41
344 35 42
344 36 37
344 36 43
344 36 44
344 37 45
344 37 46
344 39 47
344 40 48
344 41 49
344 41 50
344 42 51
344 42 52
344 43 53
344 43 54
344 44 55
344 46 56
344 46 57
344 46 58
344 48 59
344 51 60
344 53 61
344 53 62
344 53 63
344 53 64
344 54 65
344 55 58
344 55 62
344 55 65
344 56 64
344 59 66
344 59 67
344 59 68
344 60 69
344 62 66
344 65 68
345 0 1
345 0 2
345 0 3
345 1 4
345 1 5
345 2 6
345 2 7
345 2 8
345 2 9
345 3 10
345 7 11
345 7 12
345 8 13
345 9 14
345 9 15
345 10 16
345 10 17
345 11 18
345 11 19
345 12 20
345 12 21
345 13 22
345 13 23
345 14 24
345 14 25
345 15 26
345 15 27
345 18 28
345 18 29
345 19 30
345 20 31
345 20 32
345 20 33
345 21 34
345 21 35
345 21 36
345 22 35
345 24 25
345 24 37
345 25 38
345 26 39
345 26 40
345 27 29
345 27 31
345 27 38
345 31 33
345 34 41
345 35 42
345 36 43
345 36 44
345 37 45
345 38 46
345 38 47
345 39 40
345 39 48
345 39 49
345 40 50
345 40 51
345 41 43
345 41 52
345 44 53
345 44 54
345 44 55
345 45 56
345 45 57
345 46 58
345 47 59
345 48 60
345 50 61
345 50 62
345 50 63
345 56 64
345 62 65
345 62 66
346 0 1
346 1 2
346 1 3
346 1 4
346 3 5
346 3 6
346 4 7
346 6 8
346 7 9
346 7 10
346 8 11
346 8 12
346 9 13
346 10 14
346 12 15
346 13 16
346 13 17
346 14 18
346 14 19
346 16 20
346 19 21
346 20 22
346 20 23
346 21 24
346 22 25
346 22 26
346 23 27
346 24 28
346 24 29
346 24 30
346 25 31
346 25 32
346 26 33
346 26 34
346 26 35
346 27 36
346 31 37
346 31 38
346 32 39
346 33 40
346 34 41
346 34 42
346 37 43
346 39 44
346 39 45
346 40 46
346 40 47
346 41 47
346 42 48
346 43 49
346 44 50
346 46 51
346 46 52
346 47 53
346 48 54
346 50 55
346 50 56
346 50 57
346 52 57
346 52 58
346 54 59
346 56 59
346 56 60
346 59 61
346 60 62
346 61 63
346 63 64
346 64 65
346 64 66
346 65 66
347 0 1
347 0 2
347 1 3
347 1 4
347 2 5
347 3 6
347 4 7
347 5 8
347 5 9
347 5 10
347 6 11
347 6 12
347 7 13
347 7 14
347 7 15
347 9 16
347 9 17
347 10 18
347 10 19
347 11 20
347 11 21
347 11 22
347 12 23
347 12 24
347 14 25
347 15 26
347 16 27
347 17 28
347 18 29
347 18 30
347 19 31
347 19 32
347 20 33
347 21 24
347 21 34
347 22 35
347 23 36
347 24 37
347 24 38
347 25 39
347 26 40
347 26 41
347 30 42
347 31 43
347 32 44
347 33 45
347 34 46
347 34 47
347 36 48
347 37 49
347 38 44
347 38 50
347 39 51
347 39 52
347 40 51
347 40 53
347 40 54
347 41 55
347 41 56
347 47 57
347 47 58
347 48 57
347 48 59
347 48 60
347 49 61
347 51 58
347 52 62
347 52 63
347 54 56
347 57 58
347 60 64
347 61 65
347 61 66
347 63 67
347 65 68
347 65 69
347 66 70
347 67 71
347 67 72
347 69 73
347 72 74
347 73 75
347 75 76
347 75 77
348 0 1
348 0 2
348 1 3
348 1 4
348 3 5
348 4 6
348 5 6
348 5 7
348 6 8
348 7 9
348 7 10
348 8 11
348 8 12
348 9 13
348 9 14
348 10 15
348 10 16
348 11 17
348 11 18
348 12 18
348 12 19
348 12 20
348 12 21
348 13 22
348 13 23
348 14 16
348 14 24
348 14 25
348 15 26
348 16 25
348 17 27
348 18 28
348 19 29
348 19 30
348 20 30
348 20 31
348 21 32
348 22 33
348 23 31
348 25 34
348 26 35
348 26 36
348 27 28
348 27 37
348 28 38
348 29 39
348 31 40
348 32 41
348 32 42
348 33 43
348 34 44
348 38 45
348 38 46
348 39 43
348 39 47
348 40 47
348 40 48
348 40 49
348 41 50
348 41 51
348 42 52
348 42 53
348 43 54
348 43 55
348 44 56
348 44 57
348 46 58
348 47 59
348 48 60
348 48 61
348 48 62
348 49 63
348 51 64
348 54 65
348 55 56
348 56 66
348 56 67
348 56 68
348 56 69
348 57 70
348 58 71
349 0 1
349 0 2
349 0 3
349 0 4
349 0 5
349 1 6
349 1 7
349 3 8
349 3 9
349 4 10
349 4 11
349 5 12
349 6 7
349 6 13
349 6 14
349 9 15
349 9 16
349 10 17
349 11 18
349 11 19
349 11 20
349 12 21
349 13 22
349 13 23
349 14 16
349 14 24
349 15 24
349 15 25
349 16 26
349 16 27
349 17 28
349 17 29
349 18 30
349 18 31
349 19 26
349 19 32
349 21 33
349 22 34
349 23 35
349 24 33
349 25 36
349 27 37
349 27 38
349 29 39
349 32 40
349 34 41
349 34 42
349 35 43
349 36 44
349 37 45
349 42 46
349 43 47
349 44 48
349 44 49
349 44 50
349 44 51
349 45 52
349 45 53
349 46 54
349 48 55
349 49 56
349 49 57
349 49 58
349 50 59
349 52 60
349 57 61
349 58 62
349 58 63
349 61 64
349 62 65
349 63 66
349 65 67
349 65 68
349 67 69
349 68 70
349 70 71
349 71 72
350 0 1
350 1 2
350 1 3
350 1 4
350 2 5
350 3 6
350 3 7
350 4 8
350 4 9
350 6 10
350 6 11
350 7 12
350 8 13
350 9 14
350 10 15
350 11 16
350 13 17
350 13 18
350 14 19
350 14 20
350 17 21
350 18 22
350 18 23
350 19 24
350 21 25
350 22 26
350 22 27
350 23 28
350 23 29
350 23 30
350 25 26
350 25 29
350 25 31
350 25 32
350 28 33
350 28 34
350 30 35
350 31 36
350 31 37
350 31 38
350 32 39
350 32 40
350 35 41
350 36 42
350 36 43
350 37 44
350 38 45
350 39 46
350 39 47
350 40 48
350 40 49
350 41 50
350 41 51
350 41 52
350 42 53
350 42 54
350 43 55
350 46 56
350 47 57
350 48 58
350 49 59
350 49 60
350 51 61
350 52 62
350 54 63
350 56 64
351 0 1
351 1 2
351 1 3
351 3 4
351 3 5
351 3 6
351 5 7
351 6 8
351 6 9
351 7 10
351 8 11
351 8 12
351 9 13
351 11 14
351 11 15
351 12 16
351 12 17
351 13 18
351 13 19
351 13 20
351 14 21
351 14 22
351 14 23
351 15 24
351 16 25
351 17 26
351 21 27
351 22 28
351 24 29
351 24 30
351 26 31
351 28 29
351 30 31
351 30 32
351 30 33
351 31 34
351 32 35
351 33 36
351 35 37
351 35 38
351 35 39
351 35 40
351 36 41
351 40 42
351 41 43
351 41 44
351 42 45
351 42 46
351 43 47
351 44 48
351 44 49
351 47 50
351 48 51
351 51 52
351 51 53
351 52 54
351 53 55
351 53 56
351 55 57
351 57 58
351 58 59
351 59 60
351 60 61
351 60 62
351 61 63
351 61 64
351 62 65
351 63 66
351 63 67
351 64 68
351 65 69
351 65 70
351 65 71
351 66 72
351 67 73
351 70 74
351 71 75
351 71 76
351 72 77
351 73 78
351 74 79
351 78 80
351 79 81
352 0 1
352 0 2
352 1 3
352 1 4
352 1 5
352 3 6
352 4 7
352 4 8
352 6 9
352 8 10
352 9 11
352 9 12
352 10 13
352 12 14
352 13 15
352 14 16
352 15 17
352 16 18
352 16 19
352 17 20
352 18 21
352 20 22
352 21 23
352 23 24
352 23 25
352 24 26
352 24 27
352 25 28
352 25 29
352 27 30
352 28 31
352 28 32
352 29 33
352 29 34
352 30 35
352 31 36
352 31 37
352 32 38
352 33 39
352 35 36
352 35 40
352 36 41
352 36 42
352 37 43
352 39 44
352 39 45
352 40 46
352 41 47
352 41 48
352 42 49
352 43 50
352 45 51
352 46 52
352 47 53
352 47 54
352 48 55
352 48 56
352 50 57
352 51 58
352 52 59
352 52 60
352 52 61
352 53 62
352 54 63
352 55 64
352 55 65
352 62 66
352 63 66
352 64 67
352 64 68
352 65 69
352 65 70
352 65 71
352 66 72
353 0 1
353 0 2
353 0 3
353 0 4
353 1 3
353 1 5
353 1 6
353 1 7
353 1 8
353 2 9
353 2 10
353 3 11
353 4 12
353 4 13
353 5 14
353 5 15
353 6 16
353 6 17
353 6 18
353 7 8
353 7 19
353 8 20
353 8 21
353 8 22
353 10 15
353 11 23
353 12 24
353 13 25
353 15 26
353 17 27
353 18 28
353 18 29
353 18 30
353 19 31
353 20 30
353 20 32
353 21 33
353 25 34
353 25 35
353 25 36
353 26 37
353 26 38
353 27 37
353 27 39
353 28 40
353 30 31
353 30 41
353 31 39
353 31 42
353 31 43
353 36 44
353 37 45
353 38 46
353 39 47
353 40 48
353 42 49
353 44 50
353 44 51
353 46 52
353 46 53
353 48 54
353 48 55
353 49 56
353 50 57
353 52 58
353 52 59
353 52 60
353 54 61
353 54 62
353 55 63
353 55 64
353 57 65
353 57 66
353 58 67
353 60 68
353 62 69
353 64 70
353 65 71
353 65 72
353 65 73
353 66 74
353 66 75
353 67 76
353 68 77
353 68 78
353 68 79
353 69 71
353 69 80
353 71 81
353 71 82
353 71 83
354 0 1
354 1 2
354 1 3
354 1 4
354 2 5
354 2 6
354 3 7
354 3 8
354 4 9
354 5 8
354 5 10
354 8 11
354 8 12
354 8 13
354 10 14
354 10 15
354 12 16
354 12 17
354 12 18
354 13 19
354 13 20
354 14 21
354 15 22
354 16 23
354 16 24
354 16 25
354 17 22
354 17 26
354 18 27
354 18 28
354 19 29
354 20 30
354 20 31
354 21 32
354 22 33
354 22 34
354 22 35
354 23 36
354 26 37
354 27 38
354 31 39
354 31 40
354 32 41
354 35 42
354 36 40
354 36 43
354 36 44
354 38 45
354 38 46
354 39 47
354 40 42
354 40 48
354 41 49
354 42 49
354 43 45
354 44 50
354 44 51
354 45 52
354 45 53
354 45 54
354 45 55
354 46 56
354 47 57
354 47 58
354 47 59
354 48 60
354 48 61
354 49 62
354 50 63
354 51 64
354 52 65
354 53 66
354 57 67
354 58 68
354 63 69
354 64 70
354 65 71
354 66 72
355 0 1
355 1 2
355 2 3
355 2 4
355 3 4
355 3 5
355 4 6
355 5 7
355 6 8
355 7 9
355 7 10
355 7 11
355 8 11
355 8 12
355 8 13
355 8 14
355 9 15
355 10 16
355 11 17
355 11 18
355 15 19
355 15 20
355 16 21
355 17 22
355 18 22
355 20 23
355 22 24
355 24 25
355 25 26
355 26 27
355 26 28
355 28 29
355 28 30
355 29 31
355 31 32
355 31 33
355 31 34
355 32 35
355 34 36
355 35 37
355 35 38
355 35 39
355 37 40
355 38 41
355 39 42
355 39 43
355 40 44
355 41 45
355 42 46
355 42 47
355 43 48
355 44 49
355 44 50
355 45 51
355 46 52
355 47 53
355 47 54
355 47 55
355 48 56
355 49 57
355 50 58
355 51 59
355 52 60
355 52 61
355 52 62
355 53 63
355 54 64
355 55 65
355 56 66
355 57 67
355 58 68
355 61 63
356 0 1
356 1 2
356 1 3
356 1 4
356 4 5
357 0 1
357 1 2
357 1 3
357 2 4
357 3 5
357 3 6
357 3 7
357 4 8
357 4 9
357 5 10
357 6 11
357 9 12
357 9 13
357 10 14
357 11 15
357 11 16
357 12 17
357 12 18
357 13 19
357 15 20
357 15 21
357 16 22
357 16 23
357 17 24
357 18 25
357 19 26
357 21 27
357 21 28
357 23 29
357 24 30
357 25 31
357 25 32
357 25 33
357 26 34
357 26 35
357 27 36
357 27 37
357 29 30
357 29 38
357 31 39
357 31 40
357 32 41
357 33 42
357 34 43
357 35 37
357 36 44
357 41 45
357 41 46
357 42 47
357 42 48
357 42 49
357 43 50
357 43 51
357 43 52
357 43 53
357 44 54
357 45 55
357 46 56
357 50 57
357 51 58
357 52 59
357 53 60
357 53 61
357 54 62
357 55 63
357 56 64
357 56 65
357 56 66
357 60 67
358 0 1
358 0 2
358 0 3
358 0 4
358 1 5
358 2 6
358 3 7
358 4 8
358 4 9
358 4 10
358 5 11
358 6 12
358 6 13
358 7 14
358 9 15
358 9 16
358 10 17
358 12 18
358 13 19
358 14 20
358 14 21
358 16 22
358 16 23
358 17 24
358 18 25
358 19 26
358 19 27
358 20 28
358 20 29
358 21 30
358 22 31
358 22 32
358 22 33
358 24 34
358 25 35
358 26 36
358 27 37
358 28 38
358 28 39
358 29 40
358 29 41
358 30 42
358 31 43
358 31 44
358 32 44
358 32 45
358 33 46
358 34 47
358 35 48
358 35 49
358 37 50
358 38 51
358 38 52
358 38 53
358 40 54
358 40 55
358 43 56
358 45 57
358 46 58
358 46 59
358 47 60
358 47 61
358 47 62
358 48 58
358 48 63
358 49 64
358 50 65
358 53 54
358 55 57
358 57 61
358 61 62
359 0 1
359 0 2
359 1 3
359 3 4
359 3 5
359 4 6
359 5 7
359 5 8
359 5 9
359 6 10
359 6 11
359 7 12
359 8 10
359 8 13
359 8 14
359 11 15
359 11 16
359 11 17
359 13 18
359 15 19
359 16 19
359 16 20
359 17 21
359 18 22
359 18 23
359 18 24
359 20 25
359 21 26
359 21 27
359 22 24
359 22 28
359 23 29
359 24 30
359 24 31
359 25 32
359 25 33
359 25 34
359 26 35
359 26 36
359 27 37
359 28 38
359 30 39
359 30 40
359 31 41
359 33 42
359 35 43
359 35 44
359 36 45
359 36 46
359 36 47
359 37 44
359 37 48
359 38 49
359 39 50
359 40 41
359 41 51
359 41 52
359 42 53
359 51 54
359 51 55
359 51 56
359 53 57
359 53 58
359 54 59
359 55 60
359 56 57
359 56 61
359 58 62
359 62 63
359 62 64
359 64 65
359 65 66
359 65 67
360 0 1
360 1 2
360 1 3
360 1 4
360 2 5
360 3 6
360 3 7
360 7 8
360 7 9
360 8 10
360 9 11
360 10 12
360 11 13
360 12 14
360 13 15
360 13 16
360 14 17
360 15 18
360 15 19
360 15 20
360 16 21
360 16 22
360 16 23
360 18 24
360 18 25
360 18 26
360 19 27
360 20 28
360 21 26
360 21 29
360 21 30
360 22 31
360 23 32
360 24 33
360 25 34
360 26 35
360 27 36
360 27 37
360 28 38
360 29 39
360 29 40
360 31 41
360 31 42
360 32 43
360 33 44
360 36 45
360 36 46
360 36 47
360 37 45
360 38 48
360 39 49
360 40 50
360 41 51
360 42 52
360 42 53
360 43 44
360 43 54
360 43 55
360 43 56
360 44 57
360 45 58
360 46 56
360 46 59
360 46 60
360 47 57
360 47 61
360 47 62
360 47 63
360 49 55
360 49 64
360 49 65
360 52 66
360 53 67
360 55 60
360 66 67
360 67 68
361 0 1
361 1 2
361 2 3
361 2 4
361 3 5
361 4 6
361 5 6
361 6 7
361 6 8
361 6 9
361 7 10
361 7 11
361 8 12
361 10 13
361 11 14
361 11 15
361 12 16
361 12 17
361 14 18
361 15 19
361 18 20
361 18 21
361 19 22
361 19 23
361 20 24
361 20 25
361 21 26
361 22 27
361 23 28
361 24 29
361 25 30
361 26 31
361 27 32
361 27 33
361 28 34
361 30 35
361 31 36
361 32 37
361 32 38
361 33 39
361 34 40
361 35 41
361 36 42
361 36 43
361 37 44
361 37 45
361 37 46
361 37 47
361 38 46
361 38 48
361 39 49
361 39 50
361 42 51
361 44 52
361 44 53
361 46 54
361 46 55
361 47 50
361 47 56
361 48 57
361 48 58
361 49 59
361 50 52
361 50 60
361 51 56
361 52 61
361 53 62
361 54 63
361 54 64
361 55 65
361 55 66
361 56 59
361 56 67
361 58 68
361 60 69
361 60 70
361 67 68
361 68 71
361 68 72
361 69 73
361 69 74
361 70 75
361 71 72
362 0 1
362 0 2
362 1 3
362 2 4
362 4 5
362 5 6
362 6 7
362 6 8
362 7 9
362 8 10
362 8 11
362 8 12
362 9 13
362 11 14
362 11 15
362 12 16
362 13 17
362 13 18
362 13 19
362 14 20
362 14 21
362 14 22
362 15 23
362 15 24
362 16 25
362 18 26
362 18 27
362 18 28
362 20 29
362 21 30
362 22 31
362 23 32
362 23 33
362 23 34
362 24 35
362 26 36
362 28 37
362 28 38
362 29 39
362 30 40
362 30 41
362 30 42
362 31 43
362 32 44
362 33 45
362 33 46
362 35 38
362 35 47
362 35 48
362 35 49
362 38 50
362 39 51
362 40 52
362 41 53
362 42 54
362 43 55
362 48 56
362 50 57
362 51 58
362 52 59
362 53 60
362 56 61
362 57 62
362 58 63
362 59 64
362 61 65
362 61 66
362 61 67
362 64 68
362 66 69
362 68 70
363 0 1
363 0 2
363 0 3
363 0 4
363 2 5
363 2 6
363 3 7
363 4 8
363 5 9
363 5 10
363 6 11
363 7 12
363 7 13
363 7 14
363 9 15
363 9 16
363 10 17
363 10 18
363 10 19
363 11 20
363 11 21
363 13 22
363 13 23
363 14 22
363 14 24
363 14 25
363 14 26
363 15 27
363 15 28
363 15 29
363 16 30
363 16 31
363 17 31
363 17 32
363 19 33
363 19 34
363 20 35
363 21 33
363 21 34
363 21 35
363 23 36
363 23 37
363 24 37
363 27 35
363 27 38
363 27 39
363 27 40
363 28 41
363 29 42
363 29 43
363 30 44
363 32 45
363 33 46
363 34 47
363 35 48
363 36 49
363 37 47
363 37 50
363 38 51
363 40 52
363 41 53
363 41 54
363 47 55
363 47 56
363 47 57
363 48 58
363 51 59
363 55 60
363 55 61
363 56 62
363 57 62
363 57 63
363 57 64
363 58 59
363 60 65
363 61 66
363 61 67
363 62 68
363 62 69
363 63 66
363 63 70
363 64 71
363 65 66
363 65 72
363 67 73
364 0 1
364 1 2
364 1 3
364 1 4
364 2 5
364 2 6
364 3 7
364 3 8
364 4 9
364 6 10
364 6 11
364 6 12
364 7 13
364 8 10
364 8 14
364 9 15
364 9 16
364 9 17
364 10 18
364 11 19
364 11 20
364 13 21
364 14 22
364 14 23
364 15 24
364 16 25
364 17 26
364 17 27
364 18 28
364 19 29
364 20 30
364 21 31
364 22 23
364 22 32
364 22 33
364 27 34
364 27 35
364 28 36
364 29 37
364 31 38
364 31 39
364 31 40
364 32 41
364 32 42
364 34 43
364 34 44
364 36 37
364 36 45
364 36 46
364 37 47
364 39 44
364 39 48
364 40 49
364 40 50
364 43 51
364 43 52
364 43 53
364 44 54
364 45 53
364 46 55
364 46 56
364 47 52
364 48 57
364 48 58
364 49 51
364 49 59
364 50 60
364 51 61
364 52 62
364 53 56
364 58 63
364 63 64
364 63 65
364 64 66
364 64 67
364 65 68
364 65 69
364 65 70
364 68 71
364 69 72
364 69 73
365 0 1
365 1 2
365 1 3
365 2 4
365 2 5
365 3 6
365 4 7
365 4 8
365 5 9
365 5 10
365 6 11
365 6 12
365 6 13
365 7 14
365 7 15
365 7 16
365 7 17
365 10 18
365 12 19
365 13 20
365 13 21
365 14 22
365 16 18
365 16 23
365 18 24
365 19 25
365 21 26
365 21 27
365 26 28
365 26 29
365 27 30
365 28 31
365 29 32
365 31 33
365 32 34
365 32 35
365 33 36
365 34 37
365 34 38
365 34 39
365 35 40
365 36 41
365 37 42
365 38 43
365 38 44
365 39 42
365 39 45
365 40 46
365 40 47
365 41 48
365 42 49
365 42 50
365 42 51
365 43 52
365 44 51
365 44 53
365 45 54
365 46 55
365 46 56
365 47 57
365 49 58
365 50 59
365 53 60
365 54 61
365 55 60
365 57 62
365 58 63
365 59 64
365 59 65
365 60 66
365 60 67
365 61 68
365 62 69
365 63 70
365 66 71
365 67 72
365 68 73
365 71 74
365 72 75
365 73 76
365 74 75
366 0 1
366 1 2
366 2 3
366 3 4
366 4 5
366 5 6
366 5 7
366 5 8
366 6 9
366 7 10
366 7 11
366 8 12
366 9 13
366 9 14
366 10 15
366 11 16
366 13 17
366 13 18
366 13 19
366 14 20
366 15 21
366 16 22
366 16 23
366 17 24
366 19 25
366 19 26
366 20 27
366 20 28
366 20 29
366 22 30
366 23 31
366 24 26
366 24 32
366 25 33
366 26 34
366 27 35
366 28 34
366 28 36
366 29 32
366 29 37
366 30 38
366 32 39
366 33 38
366 33 40
366 33 41
366 34 42
366 35 37
366 36 43
366 37 44
366 38 45
366 38 46
366 39 47
366 41 48
366 42 49
366 43 50
366 43 51
366 43 52
366 44 53
366 45 54
366 46 55
366 46 56
366 47 57
366 49 58
366 51 59
366 52 55
366 52 60
366 53 61
366 54 62
366 55 63
366 60 64
366 61 65
366 63 66
366 63 67
366 63 68
366 66 69
366 67 70
366 68 71
366 68 72
366 69 73
366 71 74
366 71 75
366 74 76
366 74 77
366 74 78
366 75 79
366 76 80
366 76 81
366 77 82
366 78 83
366 79 84
366 80 85
367 0 1
367 1 2
367 2 3
367 3 4
367 3 5
367 3 6
367 6 7
367 6 8
367 7 9
367 7 10
367 7 11
367 7 12
367 7 13
367 8 14
367 9 15
367 9 16
367 9 17
367 11 18
367 12 19
367 12 20
367 13 21
367 13 22
367 14 23
367 15 24
367 15 25
367 16 26
367 17 27
367 17 28
367 17 29
367 18 30
367 21 31
367 21 32
367 22 33
367 24 34
367 25 35
367 26 36
367 26 37
367 26 38
367 27 39
367 27 40
367 27 41
367 28 34
367 29 32
367 30 42
367 30 43
367 31 44
367 31 45
367 32 46
367 33 47
367 34 48
367 35 47
367 35 49
367 36 50
367 36 51
367 38 52
367 39 53
367 39 54
367 40 55
367 40 56
367 44 57
367 45 58
367 46 59
367 47 60
367 47 61
367 48 62
367 52 63
367 53 64
367 54 65
367 55 66
367 55 67
367 55 68
367 56 69
367 56 70
367 57 68
367 57 70
367 57 71
367 57 72
367 71 73
367 71 74
367 73 75
367 74 76
367 74 77
368 0 1
368 0 2
368 1 3
368 2 4
368 3 5
368 4 6
368 6 7
368 7 8
368 8 9
368 8 10
368 8 11
368 9 12
368 10 13
368 11 14
368 11 15
368 13 16
368 14 17
368 14 18
368 15 19
368 16 20
368 16 21
368 17 22
368 17 23
368 17 24
368 20 25
368 20 26
368 22 27
368 22 28
368 24 29
368 26 30
368 27 31
368 27 32
368 28 33
368 29 34
368 30 35
368 30 36
368 30 37
368 31 38
368 32 39
368 32 40
368 33 41
368 35 42
368 35 43
368 36 44
368 37 45
368 38 46
368 38 47
368 40 48
368 41 49
368 42 50
368 43 51
368 44 52
368 45 53
368 46 54
368 46 55
368 48 56
368 48 57
368 48 58
368 48 59
368 49 60
368 50 61
368 50 62
368 53 55
368 54 63
368 55 64
368 56 65
368 56 66
368 61 67
369 0 1
369 1 2
369 2 3
369 2 4
369 3 5
369 3 6
369 4 7
369 5 6
369 7 8
369 7 9
369 8 10
369 9 11
369 9 12
369 10 13
369 11 14
369 12 15
369 13 16
369 13 17
369 15 18
369 16 19
369 17 20
369 17 21
369 20 22
370 0 1
370 0 2
370 2 3
370 3 4
370 3 5
370 3 6
370 4 7
370 4 8
370 5 9
370 6 10
370 6 11
370 6 12
370 7 13
370 8 14
370 8 15
370 9 16
370 11 17
370 11 18
370 11 19
370 12 20
370 13 21
370 13 22
370 14 22
370 14 23
370 14 24
370 15 25
370 15 26
370 15 27
370 16 28
370 16 29
370 17 30
370 17 31
370 18 26
370 21 32
370 25 33
370 26 34
370 26 35
370 27 36
370 28 37
370 28 38
370 29 34
370 29 39
370 29 40
370 29 41
370 30 42
370 30 43
370 31 44
370 32 45
370 33 46
370 33 47
370 34 41
370 34 48
370 34 49
370 35 50
370 35 51
370 35 52
370 37 53
370 37 54
370 37 55
370 38 56
370 38 57
370 39 44
370 39 58
370 40 59
370 41 60
370 43 61
370 44 62
370 45 63
370 46 49
370 46 64
370 47 65
370 49 51
370 52 62
370 55 66
370 56 67
370 57 68
370 57 69
370 58 61
370 61 70
370 64 71
370 65 72
370 66 73
370 67 74
370 71 75
370 71 76
370 72 77
370 72 78
370 73 79
370 74 80
371 0 1
371 0 2
371 0 3
371 0 4
371 1 5
371 1 6
371 1 7
371 2 4
371 3 8
371 4 9
371 4 10
371 4 11
371 5 12
371 7 13
371 7 14
371 7 15
371 9 16
371 9 17
371 9 18
371 10 19
371 11 12
371 11 20
371 11 21
371 12 22
371 12 23
371 13 24
371 13 25
371 14 17
371 15 16
371 15 26
371 15 27
371 16 28
371 19 29
371 23 30
371 24 31
371 25 32
371 25 33
371 27 34
371 31 35
371 32 36
371 34 37
371 34 38
371 37 39
371 37 40
371 37 41
371 37 42
371 37 43
371 38 44
371 39 45
371 39 46
371 40 47
371 41 46
371 41 48
371 41 49
371 42 50
371 43 51
371 44 52
371 45 46
371 45 53
371 47 54
371 48 55
371 50 51
371 50 56
371 51 57
371 51 58
371 52 59
371 53 60
372 0 1
372 0 2
372 0 3
372 0 4
372 1 5
372 1 6
372 2 6
372 2 7
372 5 8
372 5 9
372 6 10
372 7 11
372 8 12
372 8 13
372 8 14
372 10 15
372 10 16
372 11 17
372 12 18
372 12 19
372 13 20
372 13 21
372 17 22
372 19 23
372 19 24
372 19 25
372 20 26
372 23 27
372 24 28
372 24 29
372 24 30
372 25 31
372 26 32
372 26 33
372 29 34
372 30 35
372 30 36
372 30 37
372 30 38
372 31 39
372 31 40
372 32 41
372 32 42
372 33 43
372 36 44
372 38 45
372 38 46
372 39 47
372 40 48
372 40 49
372 41 42
372 41 50
372 41 51
372 43 52
372 43 53
372 44 54
372 45 55
372 46 56
372 47 57
372 47 58
372 50 59
372 54 60
372 55 57
372 55 61
372 59 62
372 60 63
372 60 64
372 61 65
372 61 66
372 64 67
372 65 68
372 65 69
372 66 70
372 68 71
372 68 72
372 68 73
372 69 74
372 69 75
372 72 76
372 72 77
372 73 78
372 73 79
372 74 80
372 75 81
372 77 82
372 78 83
372 78 84
372 81 85
373 0 1
373 0 2
373 1 3
373 2 4
373 3 5
373 5 6
373 6 7
373 6 8
373 6 9
373 6 10
373 9 11
373 10 12
373 11 13
373 11 14
373 14 15
373 14 16
373 15 17
373 16 18
373 17 19
373 18 20
373 19 21
373 19 22
373 20 23
373 20 24
373 22 25
373 22 26
373 24 27
373 26 28
373 26 29
373 26 30
373 27 31
373 27 32
373 29 33
373 30 34
373 31 35
373 32 36
373 32 37
373 34 38
373 34 39
373 35 40
373 36 41
373 36 42
373 38 43
373 38 44
373 39 45
373 40 46
373 41 47
373 41 48
373 42 49
373 43 50
373 44 51
373 45 52
373 46 53
373 48 54
373 49 55
373 49 56
373 50 57
373 51 57
373 52 58
373 53 54
373 53 59
373 56 60
373 57 61
373 58 62
373 58 63
373 59 64
373 60 65
373 62 66
373 63 67
373 64 68
373 64 69
373 65 70
373 66 71
373 68 72
373 69 73
373 69 74
373 72 75
373 73 76
373 74 77
373 75 78
373 75 79
373 75 80
373 76 81
373 76 82
373 77 83
373 78 84
373 80 85
373 81 86
373 82 87
373 83 88
374 0 1
374 1 2
374 1 3
374 3 4
374 4 5
374 5 6
374 5 7
374 5 8
374 6 9
374 6 10
374 7 11
374 7 12
374 10 13
374 10 14
374 10 15
374 11 16
374 12 17
374 14 18
374 15 19
374 16 20
374 17 21
374 18 22
374 18 23
374 20 24
374 20 25
374 21 24
374 21 26
374 22 27
374 23 28
374 24 29
374 25 30
374 26 31
374 27 32
374 28 33
374 29 34
374 31 35
374 31 36
374 31 37
374 33 36
374 33 38
374 34 39
374 36 40
374 36 41
374 37 42
374 37 43
374 38 39
374 38 44
374 40 45
374 41 46
374 42 47
374 42 48
374 44 49
374 44 50
374 45 51
374 45 52
374 46 53
374 47 54
374 47 55
374 48 56
374 48 57
374 49 58
374 50 59
374 51 60
374 51 61
374 52 62
374 53 63
374 53 64
374 57 65
374 61 62
375 0 1
375 0 2
375 2 3
375 2 4
375 3 5
375 4 6
375 4 7
375 4 8
375 5 9
375 5 10
375 7 11
375 8 12
375 9 13
375 10 14
375 11 15
375 11 16
375 11 17
375 12 18
375 12 19
375 15 20
375 17 21
375 17 22
375 17 23
375 18 24
375 19 25
375 19 26
375 19 27
375 20 28
375 21 29
375 22 30
375 24 31
375 24 32
375 25 26
375 25 33
375 26 34
375 27 35
375 28 36
375 28 37
375 28 38
375 29 39
375 30 40
375 31 41
375 35 42
375 35 43
375 36 44
375 36 45
375 37 40
375 37 46
375 38 47
375 39 48
375 39 49
375 40 50
375 40 51
375 41 52
375 41 53
375 43 54
375 43 55
375 44 56
375 45 57
375 47 58
375 48 59
375 48 60
375 49 61
375 49 62
375 50 51
375 50 63
375 50 64
375 51 65
375 52 66
375 52 67
375 53 66
375 54 68
375 55 69
375 57 70
376 0 1
376 0 2
376 0 3
376 0 4
376 1 3
376 3 5
376 3 6
376 4 7
376 5 8
376 6 9
376 7 10
376 7 11
376 10 12
376 11 13
376 12 14
376 12 15
376 13 16
376 13 17
376 14 18
376 15 19
376 15 20
376 16 21
376 17 22
376 17 23
376 18 24
376 18 25
376 19 21
376 19 26
376 19 27
376 20 28
376 20 29
376 22 30
376 22 31
376 24 32
376 25 33
376 25 34
376 26 32
376 26 35
376 26 36
376 27 37
376 29 38
376 29 39
376 30 38
376 30 40
376 31 38
376 31 41
376 32 42
376 33 43
376 35 44
376 35 45
376 37 46
376 38 39
376 38 47
376 38 48
376 40 49
376 41 50
376 42 51
376 43 52
376 44 53
376 45 54
376 46 55
376 46 56
376 47 57
376 47 58
376 48 59
376 48 60
376 49 61
376 49 62
376 49 63
376 51 64
376 52 65
376 52 66
376 52 67
376 53 67
376 53 68
376 61 62
376 62 69
376 63 70
376 64 71
376 64 72
376 72 73
376 73 74
376 73 75
377 0 1
377 1 2
377 1 3
377 1 4
377 2 5
377 3 6
377 3 7
377 3 8
377 4 9
377 5 7
377 5 10
377 6 11
377 6 12
377 8 13
377 8 14
377 9 15
377 10 16
377 12 17
377 12 18
377 13 19
377 14 20
377 16 21
377 17 22
377 17 23
377 18 24
377 19 25
377 19 26
377 20 27
377 21 28
377 22 29
377 23 30
377 24 31
377 25 32
377 26 33
377 26 34
377 27 35
377 27 36
377 28 37
377 29 34
377 29 38
377 29 39
377 30 39
377 30 40
377 31 41
377 31 42
377 31 43
377 32 41
377 32 44
377 32 45
377 33 46
377 33 47
377 33 48
377 35 49
377 36 37
377 36 50
377 36 51
377 36 52
377 39 53
377 39 54
377 40 55
377 41 56
377 41 57
377 41 58
377 41 59
377 41 60
377 41 61
377 42 62
377 44 63
377 44 64
377 45 65
377 46 64
377 46 66
377 48 67
377 49 68
377 50 69
377 51 70
377 52 71
377 54 72
377 56 59
377 56 73
377 57 74
377 57 75
377 57 76
377 59 73
377 60 77
377 60 78
377 61 79
377 62 79
377 64 80
377 65 81
377 65 82
377 66 83
377 68 84
377 68 85
377 68 86
377 70 87
377 71 88
377 73 74
378 0 1
378 0 2
378 1 3
378 2 4
378 2 5
378 2 6
378 3 7
378 5 7
378 5 8
378 6 9
378 7 10
378 7 11
378 8 12
378 9 13
378 9 14
378 12 15
378 12 16
378 13 17
378 13 18
378 13 19
378 14 20
378 15 21
378 16 17
378 16 22
378 17 23
378 17 24
378 17 25
378 18 26
378 18 27
378 19 28
378 20 29
378 21 30
378 22 31
378 22 32
378 23 32
378 23 33
378 24 34
378 24 35
378 25 36
378 25 37
378 26 38
378 27 39
378 27 40
378 28 41
378 29 42
378 31 43
378 33 35
378 33 44
378 34 45
378 34 46
378 37 47
378 37 48
378 38 49
378 39 50
378 40 51
378 41 52
378 41 53
378 42 54
378 44 45
378 44 53
378 44 55
378 44 56
378 44 57
378 46 58
378 47 57
378 47 59
378 48 57
378 48 60
378 49 61
378 50 62
378 50 63
378 51 64
378 52 63
378 53 65
378 53 66
378 53 67
378 54 68
378 55 69
378 56 70
378 56 71
378 56 72
378 57 73
378 57 74
378 60 70
378 61 75
378 62 76
378 63 77
378 63 78
378 64 79
378 64 80
378 65 81
378 66 82
378 66 83
378 71 84
378 77 82
379 0 1
379 0 2
379 0 3
379 2 4
379 3 4
379 3 5
379 4 6
379 5 7
379 5 8
379 5 9
379 5 10
379 6 11
379 7 10
379 7 12
379 7 13
379 7 14
379 7 15
379 9 16
379 10 17
379 12 18
379 12 19
379 12 20
379 13 21
379 15 22
379 15 23
379 15 24
379 16 25
379 16 26
379 17 27
379 18 20
379 18 28
379 18 29
379 19 30
379 19 31
379 22 28
379 22 32
379 23 33
379 23 34
379 24 35
379 25 36
379 25 37
379 26 38
379 27 39
379 28 32
379 28 40
379 28 41
379 29 42
379 29 43
379 31 37
379 31 44
379 31 45
379 33 42
379 33 46
379 34 47
379 37 48
379 38 49
379 43 50
379 44 51
379 44 52
379 45 53
379 46 54
379 46 55
379 47 56
379 48 57
379 48 58
379 49 59
379 50 60
379 51 60
379 54 61
379 55 62
379 56 63
379 57 64
379 58 65
379 59 62
379 59 66
379 60 62
379 60 67
379 61 68
379 61 69
379 62 70
379 67 71
379 68 72
379 68 73
379 69 74
379 70 75
379 71 76
379 71 77
379 77 78
379 78 79
380 0 1
380 0 2
380 0 3
380 0 4
380 1 5
380 1 6
380 1 7
380 4 8
380 5 9
380 6 10
380 6 11
380 6 12
380 7 13
380 7 14
380 7 15
380 8 15
380 8 16
380 10 17
380 11 18
380 11 19
380 11 20
380 12 21
380 12 22
380 13 23
380 14 24
380 14 25
380 15 26
380 17 27
380 18 28
380 18 29
380 19 30
380 20 31
380 21 32
380 21 33
380 23 34
380 24 35
380 24 36
380 25 37
380 25 38
380 26 39
380 26 40
380 26 41
380 29 42
380 29 43
380 29 44
380 31 44
380 31 45
380 32 33
380 42 43
380 43 46
380 43 47
380 44 45
380 44 48
380 45 46
380 47 49
380 48 50
380 48 51
380 48 52
380 49 53
380 51 54
380 53 55
380 53 56
380 54 57
380 54 58
380 55 59
380 56 60
380 58 61
380 59 62
380 59 63
380 60 64
380 61 65
380 62 66
380 64 67
381 0 1
381 0 2
381 0 3
381 1 4
381 2 5
381 5 6
381 6 7
381 7 8
381 8 9
381 9 10
381 10 11
382 0 1
382 0 2
382 0 3
382 0 4
382 1 5
382 2 6
382 3 7
382 3 8
382 4 8
382 4 9
382 7 10
382 7 11
382 7 12
382 10 13
382 11 14
382 11 15
382 12 16
382 14 17
382 15 18
382 16 19
382 17 20
382 17 21
382 17 22
382 19 23
382 19 24
382 20 25
382 20 26
382 21 27
382 22 23
382 22 28
382 23 29
382 24 30
382 25 31
382 25 32
382 26 33
382 26 34
382 27 32
382 28 35
382 28 36
382 29 37
382 29 38
382 31 39
382 31 40
382 32 41
382 33 42
382 34 43
382 35 44
382 36 45
382 39 46
382 39 47
382 39 48
382 40 49
382 41 50
382 41 51
382 44 52
382 44 53
382 46 54
382 47 55
382 52 56
382 52 57
382 53 58
382 54 59
382 54 60
382 55 61
382 56 62
382 58 63
382 58 64
382 59 65
382 60 66
382 60 67
382 60 68
382 64 69
382 64 70
383 0 1
383 0 2
383 1 3
383 1 4
383 1 5
383 2 6
383 2 7
383 3 8
383 4 9
383 4 10
383 4 11
383 6 12
383 7 13
383 8 14
383 8 15
383 8 16
383 9 15
383 10 17
383 11 18
383 11 19
383 12 20
383 12 21
383 13 22
383 14 23
383 14 24
383 16 25
383 18 26
383 19 27
383 19 28
383 19 29
383 20 27
383 21 28
383 22 30
383 23 31
383 23 32
383 23 33
383 24 34
383 25 35
383 25 36
383 26 37
383 27 38
383 27 39
383 28 30
383 28 40
383 28 41
383 29 39
383 30 42
383 30 43
383 32 44
383 34 45
383 35 46
383 35 47
383 35 48
383 36 49
383 37 38
383 37 50
383 37 51
383 38 52
383 38 53
383 39 54
383 39 55
383 40 56
383 42 43
383 42 57
383 43 58
383 47 59
383 47 60
383 47 61
383 48 62
383 49 63
383 49 64
383 50 65
383 51 66
383 52 67
383 53 68
383 54 65
383 54 69
383 54 70
383 54 71
383 56 72
383 57 73
383 58 74
383 60 73
383 60 75
383 61 67
383 61 76
383 61 77
383 62 76
383 63 67
383 74 78
383 74 79
383 75 80
383 75 81
383 76 81
383 76 82
383 77 83
383 78 84
383 79 85
384 0 1
384 0 2
384 1 3
384 1 4
384 1 5
384 1 6
384 3 7
384 7 8
384 8 9
384 8 10
384 9 11
384 9 12
384 11 13
384 11 14
384 12 15
384 13 16
384 15 17
384 15 18
384 15 19
384 17 20
384 17 21
384 18 22
384 19 23
384 20 24
384 22 25
384 23 26
384 23 27
384 24 28
384 25 29
384 25 30
384 26 31
384 26 32
384 27 33
384 28 34
384 28 35
384 30 36
384 30 37
384 31 32
384 33 38
384 33 39
384 35 40
384 35 41
384 36 42
384 36 43
384 37 44
384 38 45
384 38 46
384 40 47
384 41 42
384 42 46
384 42 48
384 42 49
384 44 50
384 46 51
384 47 52
384 47 53
384 47 54
384 48 55
384 48 56
384 49 57
384 49 58
384 49 59
384 50 59
384 50 60
384 51 61
384 51 62
384 57 63
384 59 64
384 59 65
384 59 66
384 59 67
384 60 68
384 61 69
384 61 70
384 62 71
384 64 72
384 65 67
384 65 73
384 66 74
384 67 71
384 67 75
384 68 76
384 70 77
384 75 76
384 75 78
384 76 79
384 77 80
384 78 81
385 0 1
385 1 2
385 1 3
385 1 4
385 4 5
385 5 6
385 5 7
385 5 8
385 6 9
385 8 10
385 9 11
385 9 12
385 9 13
385 11 14
385 12 15
385 12 16
385 13 17
385 13 18
385 13 19
385 14 20
385 15 16
385 15 21
385 17 22
385 17 23
385 18 19
385 19 24
385 20 25
385 22 26
385 23 27
385 23 28
385 25 29
385 26 30
385 28 31
385 29 31
385 29 32
385 30 33
385 32 34
385 34 35
385 35 36
385 36 37
385 37 38
385 37 39
385 38 40
385 38 41
385 38 42
385 39 43
385 39 44
385 40 45
385 40 46
385 40 47
385 42 48
385 42 49
385 43 50
385 43 51
385 44 52
385 45 53
385 45 54
385 45 55
385 46 56
385 46 57
385 46 58
385 50 59
385 51 60
385 52 61
385 53 62
385 53 63
385 53 64
385 54 65
385 55 56
385 55 66
385 56 67
385 57 68
385 58 69
385 59 70
385 60 71
385 61 72
385 61 73
385 61 74
385 64 70
385 69 70
386 0 1
386 0 2
386 1 3
386 1 4
386 3 5
386 3 6
386 4 7
386 5 8
386 6 9
386 6 10
386 7 11
386 7 12
386 8 13
386 8 14
386 9 15
386 9 16
386 10 17
386 11 18
386 11 19
386 12 14
386 13 20
386 13 21
386 14 22
386 14 23
386 15 24
386 17 25
386 17 26
386 19 27
386 20 28
386 20 29
386 20 30
386 22 31
386 23 32
386 23 33
386 24 34
386 24 35
386 24 36
386 25 26
386 26 37
386 27 38
386 27 39
386 28 31
386 28 39
386 28 40
386 28 41
386 29 42
386 30 32
386 30 43
386 31 44
386 32 45
386 32 46
386 33 47
386 35 48
386 36 49
386 37 48
386 37 50
386 38 39
386 38 51
386 38 52
386 39 53
386 42 54
386 44 55
386 44 56
386 45 57
386 45 58
386 45 59
386 47 60
386 47 61
386 48 55
386 48 62
386 49 63
386 50 64
386 51 65
386 51 66
386 52 67
386 52 68
386 54 59
386 55 69
386 55 70
386 56 71
386 56 72
386 60 73
386 62 74
386 63 64
386 64 75
386 64 76
386 65 77
386 67 78
386 68 76
386 68 78
386 70 79
386 70 80
386 71 81
387 0 1
387 1 2
387 1 3
387 1 4
387 2 5
387 3 6
387 3 7
387 3 8
387 4 9
387 4 10
387 5 11
387 6 12
387 6 13
387 7 14
387 8 15
387 8 16
387 9 17
387 9 18
387 9 19
387 10 20
387 11 21
387 12 22
387 12 23
387 13 23
387 14 19
387 14 24
387 14 25
387 20 26
387 21 27
387 21 28
387 23 29
387 24 30
387 27 31
387 29 32
387 30 33
387 31 34
387 32 35
387 33 36
387 33 37
387 35 38
387 36 37
387 36 39
387 36 40
387 37 41
387 38 42
387 39 43
387 39 44
387 40 45
387 41 46
387 42 47
387 42 48
387 43 49
387 44 50
387 44 51
387 46 52
387 47 53
387 47 54
387 48 55
387 48 56
387 48 57
387 50 58
387 53 59
387 53 60
387 54 61
387 55 62
387 56 63
387 57 64
387 61 65
388 0 1
388 1 2
388 1 3
388 2 4
388 2 5
388 2 6
388 3 7
388 4 8
388 4 9
388 4 10
388 4 11
388 5 12
388 5 13
388 5 14
388 6 15
388 7 16
388 7 17
388 7 18
388 8 19
388 12 20
388 13 21
388 13 22
388 14 15
388 15 23
388 17 24
388 18 25
388 19 21
388 22 26
388 22 27
388 23 28
388 23 29
388 26 30
388 28 29
388 28 31
388 29 32
388 29 33
388 31 34
388 31 35
388 32 36
388 32 37
388 35 38
388 37 39
388 38 40
388 38 41
388 38 42
388 38 43
388 38 44
388 39 45
388 39 46
388 40 47
388 41 48
388 41 49
388 42 50
388 43 51
388 44 52
388 45 53
388 46 54
388 46 55
388 47 56
388 48 57
388 48 58
388 52 54
388 53 59
388 55 60
388 57 61
388 58 62
388 58 63
388 58 64
388 60 65
388 60 66
388 60 67
388 61 68
388 61 69
388 67 70
388 68 71
388 68 72
388 69 73
388 72 74
388 72 75
389 0 1
389 1 2
389 1 3
389 2 4
389 3 5
389 4 6
390 0 1
390 1 2
390 2 3
390 2 4
390 2 5
390 3 6
390 4 7
390 5 8
390 5 9
390 6 10
390 7 11
390 8 12
390 8 13
390 10 14
390 11 15
390 14 16
390 14 17
390 15 18
390 15 19
390 16 20
390 17 21
390 17 22
390 18 23
390 19 24
390 21 25
390 23 26
390 23 27
390 24 28
390 26 29
390 27 30
390 28 31
390 29 32
390 29 33
390 30 34
390 31 35
390 31 36
390 32 37
390 32 38
390 33 39
390 33 40
390 34 41
390 34 42
390 35 43
390 35 44
390 35 45
390 36 46
390 37 47
390 38 48
390 38 49
390 40 50
390 40 51
390 41 50
390 41 52
390 43 45
390 43 53
390 44 53
390 44 54
390 45 55
390 46 50
390 46 56
390 47 57
390 47 58
390 50 59
390 51 53
390 51 60
390 52 61
390 53 62
390 54 63
390 54 64
390 55 65
390 55 66
390 56 67
390 57 68
390 59 69
390 63 70
390 66 69
390 67 70
390 69 71
390 70 72
391 0 1
391 0 2
391 1 3
391 1 4
391 1 5
391 2 6
391 2 7
391 3 8
391 3 9
391 5 10
391 5 11
391 6 10
391 6 12
391 6 13
391 7 14
391 7 15
391 8 16
391 8 17
391 9 11
391 9 18
391 9 19
391 9 20
391 11 20
391 12 21
391 12 22
391 13 23
391 14 24
391 15 25
391 16 26
391 18 27
391 20 28
391 21 25
391 21 29
391 22 30
391 22 31
391 22 32
391 23 33
391 23 34
391 23 35
391 24 36
391 24 37
391 25 33
391 25 38
391 26 39
391 26 40
391 27 41
391 28 42
391 29 35
391 29 43
391 29 44
391 30 45
391 31 46
391 32 47
391 33 48
391 34 37
391 34 49
391 35 44
391 35 50
391 37 51
391 41 52
391 41 53
391 41 54
391 42 55
391 42 56
391 43 57
391 43 58
391 44 59
391 45 56
391 45 60
391 45 61
391 46 62
391 46 63
391 47 64
391 48 65
391 48 66
391 50 67
391 50 68
391 52 60
391 53 69
391 53 70
391 56 71
391 57 72
391 57 73
391 58 74
391 59 75
391 59 76
391 59 77
391 60 78
391 63 66
391 65 67
391 65 70
391 65 79
391 67 80
391 67 81
391 69 82
391 70 83
391 70 84
391 70 85
391 70 86
391 71 86
391 73 87
391 74 88
391 75 89
391 76 81
391 89 90
391 89 91
392 0 1
392 0 2
392 1 3
392 2 4
392 3 5
393 0 1
393 0 2
393 0 3
393 1 4
393 2 5
393 4 6
393 5 7
393 6 8
393 7 9
394 0 1
394 1 2
394 1 3
394 1 4
394 2 5
394 2 6
394 3 7
394 3 8
394 3 9
394 4 10
394 4 11
394 4 12
394 6 13
394 7 14
394 7 15
394 8 16
394 8 17
394 8 18
394 9 19
394 10 11
394 12 20
394 13 21
394 13 22
394 14 23
394 15 24
394 17 25
394 18 26
394 19 27
394 19 28
394 20 29
394 21 30
394 21 31
394 21 32
394 22 28
394 22 33
394 22 34
394 23 35
394 23 36
394 24 33
394 24 37
394 24 38
394 25 39
394 25 40
394 26 41
394 27 29
394 28 42
394 30 43
394 36 41
394 36 44
394 36 45
394 37 46
394 40 47
394 41 48
394 41 49
394 41 50
394 42 51
394 44 52
394 44 53
394 45 54
394 45 55
394 46 56
394 46 57
394 48 50
394 51 58
394 56 59
394 57 60
395 0 1
395 1 2
395 1 3
395 1 4
395 2 5
395 3 6
395 5 7
395 5 8
395 5 9
395 6 10
395 8 11
395 8 12
395 9 13
395 9 14
395 10 15
395 10 16
395 11 17
395 11 18
395 11 19
395 12 20
395 13 18
395 13 21
395 14 22
395 14 23
395 15 24
395 16 25
395 16 26
395 16 27
395 18 20
395 18 28
395 18 29
395 20 30
395 20 31
395 20 32
395 20 33
395 21 34
395 21 35
395 23 33
395 23 36
395 24 37
395 25 38
395 25 39
395 25 40
395 26 37
395 27 40
395 27 41
395 27 42
395 28 43
395 29 40
395 29 44
395 31 45
395 34 46
395 34 47
395 35 38
395 37 48
395 37 49
395 37 50
395 38 51
395 42 51
395 44 52
395 45 53
395 45 54
395 47 51
395 47 52
395 48 55
395 48 56
395 48 57
395 50 58
395 53 59
395 54 60
395 54 61
395 55 56
395 55 62
395 57 63
395 58 64
395 58 65
395 58 66
395 59 65
395 59 67
395 60 67
395 65 68
395 65 69
395 66 70
395 66 71
395 67 72
395 67 73
395 69 74
395 69 75
395 69 76
395 70 77
395 74 76
395 74 78
395 75 76
396 0 1
396 1 2
396 1 3
396 3 4
396 3 5
396 4 6
396 4 7
396 5 8
396 5 9
396 7 10
396 8 11
396 8 12
396 9 13
396 10 11
396 10 14
396 11 15
396 11 16
396 12 17
396 12 18
396 13 19
396 14 20
396 14 21
396 15 18
396 15 22
396 15 23
396 16 24
396 17 25
396 17 26
396 18 26
396 18 27
396 18 28
396 19 25
396 19 29
396 20 30
396 20 31
396 20 32
396 21 33
396 21 34
396 23 24
396 26 35
396 27 36
396 28 37
396 28 38
396 29 30
396 30 32
396 30 39
396 30 40
396 30 41
396 32 42
396 35 43
396 36 43
396 36 44
396 37 45
396 37 46
396 38 40
396 38 47
396 39 48
396 39 49
396 39 50
396 40 43
396 40 51
396 40 52
396 40 53
396 41 54
396 42 55
396 43 56
396 45 57
396 46 58
396 47 51
396 48 59
396 48 60
396 50 61
396 53 62
396 54 63
396 54 64
396 56 65
396 56 66
396 57 67
396 57 68
396 59 69
396 61 70
396 61 71
396 63 68
396 63 72
396 67 69
396 67 73
396 69 74
396 69 75
396 72 76
396 72 77
396 73 78
397 0 1
397 0 2
397 1 3
397 2 4
398 0 1
398 1 2
398 1 3
398 3 4
398 3 5
398 3 6
398 4 7
398 4 8
398 5 9
398 8 10
398 9 11
398 9 12
398 10 13
398 11 14
398 13 15
398 13 16
398 14 17
398 15 18
398 16 19
398 19 20
398 19 21
398 20 22
398 20 23
398 21 24
398 21 25
398 22 26
398 22 27
398 23 24
398 23 28
398 23 29
398 24 30
398 25 31
398 26 32
398 26 33
398 30 34
398 31 35
398 34 36
398 35 37
398 36 38
398 37 39
398 37 40
398 39 41
398 39 42
398 39 43
398 40 44
398 40 45
398 40 46
398 41 47
398 41 48
398 42 49
398 42 50
398 43 51
398 44 52
398 45 53
398 45 54
398 45 55
398 46 56
398 46 57
398 49 50
398 49 58
398 50 59
398 50 60
398 51 60
398 51 61
398 51 62
398 53 63
398 54 64
398 55 65
398 55 66
398 57 67
398 58 68
398 59 69
398 59 70
398 60 71
398 63 72
398 64 71
398 64 73
398 66 74
398 69 75
398 74 76
398 75 77
399 0 1
399 0 2
399 1 3
399 1 4
399 2 5
399 2 6
399 3 5
399 3 7
399 4 8
399 4 9
399 4 10
399 5 9
399 5 11
399 6 12
399 7 13
399 7 14
399 8 15
399 8 16
399 9 17
399 10 18
399 11 17
399 11 19
399 11 20
399 11 21
399 13 22
399 13 23
399 13 24
399 15 25
399 17 26
399 17 27
399 18 28
399 18 29
399 18 30
399 19 25
399 19 31
399 20 32
399 20 33
399 22 34
399 23 35
399 24 36
399 24 37
399 24 38
399 27 39
399 28 34
399 28 40
399 28 41
399 29 42
399 29 43
399 30 44
399 30 45
399 30 46
399 31 47
399 32 42
399 33 35
399 33 48
399 34 49
399 34 50
399 34 51
399 35 52
399 37 53
399 37 54
399 38 54
399 38 55
399 39 52
399 39 56
399 40 57
399 41 58
399 41 59
399 41 60
399 41 61
399 42 62
399 43 62
399 44 63
399 46 64
399 46 65
399 47 66
399 47 67
399 50 68
399 50 69
399 52 58
399 53 70
399 54 71
400 0 1
400 0 2
400 1 3
400 1 4
400 1 5
400 3 6
400 3 7
400 3 8
400 5 9
400 5 10
400 6 11
400 8 12
400 9 13
400 10 14
400 10 15
400 10 16
400 10 17
400 11 18
400 11 19
400 12 20
400 16 21
400 17 22
400 17 23
400 17 24
400 18 25
400 19 24
400 19 26
400 20 27
400 22 25
400 23 28
400 24 29
400 24 30
400 25 31
400 27 32
400 29 33
400 29 34
400 31 35
400 31 36
400 32 37
400 32 38
400 33 37
400 34 39
400 34 40
400 35 37
400 35 41
400 36 37
400 37 42
400 39 43
400 40 44
400 41 45
400 43 44
400 43 46
400 44 47
400 47 48
400 48 49
400 49 50
400 50 51
400 50 52
400 51 53
400 51 54
400 51 55
400 52 56
400 52 57
400 54 58
400 55 59
400 56 60
400 57 61
400 58 62
400 58 63
400 60 64
400 62 65
400 63 66
400 63 67
400 64 68
400 65 69
400 67 70
400 67 71
400 68 72
400 70 73
400 73 74
400 73 75
400 75 76
400 76 77
400 77 78
400 78 79
401 0 1
401 0 2
401 1 3
401 1 4
401 2 5
401 3 6
401 3 7
401 4 8
401 4 9
401 4 10
401 5 11
401 5 12
401 5 13
401 6 14
401 6 15
401 8 16
401 9 17
401 9 18
401 11 19
401 12 20
401 12 21
401 13 22
401 13 23
401 15 24
401 15 25
401 16 26
401 16 27
401 16 28
401 19 29
401 20 30
401 21 31
401 21 32
401 22 33
401 23 34
401 23 35
401 24 36
401 26 37
401 26 38
401 27 39
401 27 40
401 29 41
401 29 42
401 36 37
401 38 43
401 38 44
401 39 45
401 41 46
401 42 47
401 42 48
401 42 49
401 43 50
401 45 51
401 45 52
401 48 50
401 49 53
401 50 54
401 51 55
401 53 56
402 0 1
402 0 2
402 1 3
402 1 4
402 3 5
403 0 1
403 0 2
403 0 3
403 0 4
403 4 5
403 4 6
403 5 7
403 5 8
403 6 9
403 6 10
403 7 11
403 8 12
403 8 13
403 9 11
403 10 14
403 10 15
403 10 16
403 11 17
403 12 18
403 13 18
403 13 19
403 14 15
403 14 20
403 14 21
403 15 22
403 15 23
403 15 24
403 16 25
403 17 26
403 18 27
403 18 28
403 19 29
403 19 30
403 19 31
403 22 32
403 23 33
403 24 34
403 25 35
403 26 36
403 26 37
403 33 38
403 33 39
403 34 40
403 34 41
403 35 42
403 36 43
403 37 44
403 38 44
403 38 45
403 38 46
403 39 47
403 40 48
403 40 49
403 40 50
403 40 51
403 42 52
403 43 53
403 45 54
403 46 47
403 46 55
403 46 56
403 47 57
403 48 58
403 48 59
403 50 60
403 51 61
403 51 62
403 51 63
403 52 64
403 53 65
403 54 56
403 54 66
403 54 67
403 54 68
403 61 69
403 63 65
403 63 70
403 63 71
403 64 72
403 65 73
404 0 1
404 0 2
404 1 3
404 1 4
404 1 5
404 2 6
404 4 7
404 4 8
404 4 9
404 5 10
404 5 11
404 5 12
404 6 8
404 7 11
404 7 13
404 8 14
404 8 15
404 9 14
404 9 16
404 9 17
404 9 18
404 10 19
404 11 20
404 11 21
404 11 22
404 12 17
404 12 23
404 13 24
404 13 25
404 13 26
404 15 27
404 16 28
404 17 29
404 18 30
404 19 31
404 19 32
404 20 33
404 20 34
404 21 35
404 23 36
404 23 37
404 24 27
404 27 38
404 27 39
404 28 40
404 29 41
404 30 42
404 30 43
404 31 44
404 33 45
404 34 46
404 35 41
404 35 45
404 35 47
404 36 44
404 36 46
404 37 48
404 38 49
404 38 50
404 38 51
404 39 52
404 40 42
404 41 53
404 41 54
404 41 55
404 42 56
404 44 57
404 45 46
404 46 48
404 47 58
404 47 59
404 48 60
404 48 61
404 49 62
404 49 63
404 51 64
404 52 65
404 52 66
404 52 67
404 54 55
404 54 68
404 54 69
404 54 70
404 55 71
404 55 72
404 56 73
404 56 74
404 58 75
404 58 76
404 60 77
404 60 78
404 61 79
404 62 80
404 64 81
405 0 1
405 1 2
405 1 3
405 3 4
405 3 5
405 4 6
405 4 7
405 6 8
405 6 9
405 6 10
405 7 11
405 8 12
406 0 1
406 1 2
406 1 3
406 2 4
406 3 5
406 3 6
406 4 7
406 4 8
406 7 9
406 7 10
406 8 11
406 9 12
406 9 13
406 9 14
406 10 15
406 10 16
406 11 14
406 11 17
406 12 18
406 13 19
406 14 20
406 15 21
406 16 22
406 17 23
406 19 24
406 19 25
406 20 26
406 21 27
406 21 28
406 22 29
406 22 30
406 23 31
406 25 32
406 25 33
406 26 34
406 27 35
406 30 36
406 30 37
406 30 38
406 31 39
406 31 40
406 32 41
406 32 42
406 32 43
406 32 44
406 32 45
406 34 46
406 35 47
406 36 48
406 38 49
406 41 50
406 41 51
406 42 43
406 42 52
406 42 53
406 43 54
406 44 45
406 44 55
406 44 56
406 45 48
406 45 57
406 45 58
406 46 59
406 46 60
406 46 61
406 47 62
406 51 63
406 51 64
406 52 65
406 52 66
406 53 67
406 54 55
406 54 68
406 61 69
406 62 70
406 64 71
406 66 72
406 69 73
406 69 74
407 0 1
407 0 2
407 0 3
407 0 4
407 1 5
407 1 6
407 1 7
407 2 3
407 2 8
407 2 9
407 3 4
407 3 10
407 4 11
407 4 12
407 5 13
407 7 14
407 7 15
407 8 15
407 8 16
407 9 17
407 10 18
407 10 19
407 11 20
407 12 21
407 14 22
407 15 23
407 16 24
407 17 25
407 17 26
407 17 27
407 18 28
407 20 29
407 20 30
407 21 31
407 22 24
407 22 32
407 23 33
407 23 34
407 23 35
407 24 36
407 24 37
407 25 38
407 25 39
407 25 40
407 26 36
407 26 41
407 27 42
407 29 43
407 30 44
407 31 45
407 31 46
407 33 47
407 34 48
407 34 49
407 34 50
407 34 51
407 35 52
407 36 53
407 37 53
407 39 54
407 39 55
407 39 56
407 39 57
407 40 54
407 41 58
407 42 59
407 42 60
407 47 61
407 49 62
407 49 63
407 50 64
407 50 65
407 51 66
407 52 67
407 53 68
407 57 69
407 58 70
407 62 71
407 66 72
407 67 73
407 67 74
407 67 75
407 68 76
407 69 77
407 70 78
407 72 79
407 75 80
407 77 81
407 78 82
407 78 83
407 79 83
408 0 1
408 1 2
408 2 3
408 2 4
408 2 5
408 3 6
408 3 7
408 3 8
408 4 9
408 9 10
408 9 11
408 11 12
408 12 13
408 12 14
408 13 15
408 14 16
408 16 17
408 16 18
408 17 19
408 18 20
408 18 21
408 18 22
408 19 22
408 19 23
408 20 24
408 21 25
408 21 26
408 22 27
408 22 28
408 23 29
408 24 30
408 25 31
408 26 32
408 27 33
408 28 34
408 28 35
408 29 36
408 30 37
408 31 38
408 32 34
408 33 39
408 33 40
408 33 41
408 34 42
408 35 43
408 36 44
408 37 45
408 37 46
408 39 47
408 41 48
408 42 49
408 43 50
408 45 51
408 46 52
408 49 53
408 49 54
408 50 55
408 51 56
408 53 57
408 54 58
408 54 59
408 55 60
408 56 61
408 57 59
408 57 62
408 57 63
408 58 64
408 59 64
408 59 65
408 61 66
408 63 67
408 65 68
409 0 1
409 0 2
409 0 3
409 0 4
409 1 5
409 1 6
409 2 5
409 2 7
409 3 8
409 3 9
409 4 10
409 5 11
409 5 12
409 6 13
409 7 14
409 8 15
409 9 16
409 9 17
409 11 14
409 11 18
409 12 19
409 13 20
409 13 21
409 14 22
409 15 23
409 16 24
409 17 25
409 18 26
409 18 27
409 19 28
409 20 29
409 21 30
409 22 31
409 22 32
409 23 25
409 26 33
409 27 34
409 27 35
409 27 36
409 28 37
409 29 38
409 30 39
409 30 40
409 31 41
409 31 42
409 32 43
409 32 44
409 33 45
409 33 46
409 34 47
409 35 48
409 36 49
409 37 50
409 40 41
409 48 51
409 48 52
409 49 53
409 50 54
409 51 54
409 51 55
409 51 56
409 52 57
409 53 58
409 55 59
409 56 59
409 56 60
409 56 61
410 0 1
410 1 2
410 1 3
410 1 4
410 2 5
410 3 6
410 4 7
410 4 8
410 5 9
410 5 10
410 6 11
410 7 12
410 9 13
410 9 14
410 10 15
410 11 16
410 12 17
410 12 18
410 15 19
410 16 20
410 17 20
410 17 21
410 19 22
410 19 23
410 20 24
410 20 25
410 22 26
410 22 27
410 22 28
410 24 29
410 25 30
410 26 31
410 26 32
410 26 33
410 27 34
410 27 35
410 27 36
410 28 34
410 28 37
410 29 38
410 32 39
410 32 40
410 33 41
410 34 42
410 35 43
410 35 44
410 35 45
410 37 46
410 38 47
410 38 48
410 39 49
410 40 50
410 40 51
410 41 52
410 41 53
410 42 43
410 42 54
410 42 55
410 43 45
410 44 56
410 44 57
410 45 58
410 45 59
410 46 48
410 46 60
410 47 50
410 47 61
410 48 62
410 49 63
410 49 64
410 51 65
410 54 66
410 55 67
410 56 68
410 57 69
410 57 70
410 58 71
410 62 72
410 64 73
410 64 74
411 0 1
411 0 2
411 0 3
411 0 4
411 1 5
411 2 6
411 2 7
411 3 8
411 5 9
411 5 10
411 6 11
411 6 12
411 7 13
411 7 14
411 8 15
411 9 16
411 11 17
411 11 18
411 12 18
411 12 19
411 12 20
411 12 21
411 12 22
411 13 16
411 13 23
411 13 24
411 15 22
411 15 25
411 16 26
411 16 27
411 17 25
411 17 28
411 18 29
411 19 30
411 20 31
411 20 32
411 21 25
411 21 33
411 22 30
411 22 34
411 22 35
411 23 24
411 23 35
411 23 36
411 25 35
411 25 37
411 26 38
411 27 39
411 27 40
411 28 41
411 29 42
411 31 43
411 32 44
411 32 45
411 33 35
411 33 46
411 34 40
411 34 47
411 35 46
411 35 48
411 35 49
411 36 50
411 40 51
411 40 52
411 40 53
411 41 54
411 42 43
411 42 55
411 42 56
411 43 51
411 43 57
411 43 58
411 44 59
411 44 60
411 45 61
411 45 62
411 46 47
411 48 55
411 51 52
411 51 53
411 52 54
411 53 63
411 53 64
411 56 65
411 57 66
411 58 67
411 60 68
411 61 69
411 61 70
411 61 71
411 62 72
411 62 73
411 66 74
412 0 1
412 0 2
412 1 3
412 3 4
412 3 5
412 3 6
412 4 7
412 5 8
412 6 9
412 9 10
412 9 11
412 10 12
412 12 13
412 13 14
412 13 15
412 14 16
412 14 17
412 15 18
412 17 19
412 18 20
412 18 21
412 19 22
412 19 23
412 20 24
412 21 25
412 21 26
412 22 27
412 23 28
412 24 29
412 24 30
412 25 31
412 25 32
412 26 33
412 28 31
412 28 34
412 30 35
412 33 36
412 33 37
412 34 38
412 34 39
412 35 40
412 36 41
412 40 42
412 40 43
412 41 44
412 42 45
412 43 46
412 44 47
412 45 48
412 48 49
412 48 50
412 48 51
412 50 52
412 51 53
412 52 54
412 53 55
412 54 56
412 55 57
412 56 58
412 56 59
412 57 60
412 57 61
412 58 62
412 59 63
412 60 64
412 61 65
412 61 66
412 61 67
412 63 68
412 63 69
412 66 70
412 67 71
412 68 72
412 68 73
412 71 74
412 71 75
412 72 76
412 72 77
412 73 78
412 74 79
412 76 80
412 77 81
412 77 82
412 79 83
412 80 84
412 81 85
412 82 86
412 83 87
412 84 88
412 85 89
413 0 1
413 1 2
413 1 3
413 1 4
413 3 5
413 3 6
413 3 7
413 3 8
413 4 9
413 4 10
413 4 11
413 6 8
413 7 12
413 8 13
413 8 14
413 9 15
413 9 16
413 11 17
413 12 18
413 13 19
413 16 20
413 17 19
413 18 21
413 18 22
413 19 23
413 20 24
413 21 25
413 22 26
413 23 27
413 26 28
413 27 29
413 29 30
413 29 31
413 29 32
413 30 33
413 30 34
413 33 35
413 34 36
413 35 37
413 37 38
414 0 1
414 1 2
414 1 3
414 2 4
414 2 5
414 3 6
414 3 7
414 4 8
414 5 9
414 6 10
414 9 11
414 9 12
414 11 13
414 12 14
414 14 15
414 15 16
414 15 17
414 16 18
414 17 19
414 19 20
414 19 21
414 19 22
414 20 23
414 20 24
414 21 25
414 21 26
414 22 27
414 23 28
414 25 29
414 26 30
414 27 31
414 28 32
414 29 33
414 29 34
414 30 35
414 32 36
414 32 37
414 33 38
414 33 39
414 34 40
414 35 41
414 35 42
414 37 43
414 39 44
414 39 45
414 41 46
414 42 47
414 42 48
414 43 49
414 44 50
414 45 51
414 46 52
414 47 53
414 49 54
414 50 55
414 50 56
414 50 57
414 51 58
414 52 59
414 56 60
414 57 61
414 59 62
414 59 63
414 59 64
414 61 65
414 63 66
414 63 67
415 0 1
415 1 2
415 2 3
415 2 4
415 2 5
415 2 6
415 3 7
415 4 8
415 4 9
415 6 10
415 6 11
415 6 12
415 7 13
415 7 14
415 9 15
415 9 16
415 10 17
415 14 18
415 15 19
415 17 20
415 17 21
415 18 22
415 20 23
415 21 24
415 22 25
415 23 26
415 23 27
415 24 28
415 24 29
415 25 30
415 25 31
415 26 32
415 28 30
415 29 33
415 29 34
415 29 35
415 31 36
415 31 37
415 32 38
415 32 39
415 34 40
415 35 41
415 36 39
415 36 42
415 37 43
415 37 44
415 38 45
415 39 46
415 39 47
415 40 48
415 41 49
415 41 50
415 42 51
415 42 52
415 43 53
415 44 54
415 44 55
415 45 56
415 45 57
415 47 58
415 48 59
415 49 51
415 50 60
415 51 55
416 0 1
416 0 2
416 0 3
416 1 4
416 2 5
416 4 6
416 4 7
416 5 6
416 5 8
416 5 9
416 5 10
416 6 11
416 6 12
416 7 13
416 8 14
416 11 14
416 11 15
416 12 16
416 12 17
416 12 18
416 13 19
416 14 20
416 15 21
416 15 22
416 16 23
416 18 24
416 18 25
416 19 26
416 20 27
416 22 28
416 23 29
416 23 30
416 23 31
416 24 32
416 24 33
416 25 27
416 25 34
416 25 35
416 26 30
416 26 36
416 27 37
416 28 37
416 28 38
416 28 39
416 29 40
416 29 41
416 30 42
416 30 43
416 30 44
416 32 45
416 32 46
416 33 40
416 33 47
416 33 48
416 34 49
416 36 42
416 36 50
416 36 51
416 37 52
416 37 53
416 39 41
416 39 54
416 39 55
416 39 56
416 40 57
416 41 58
416 41 59
416 42 60
416 43 61
416 46 62
416 47 63
416 47 64
416 47 65
416 52 66
416 53 67
416 53 68
416 53 69
416 53 70
416 56 71
416 57 72
416 57 73
416 58 74
416 59 75
416 60 76
416 61 77
416 61 78
416 62 79
416 62 80
416 70 81
416 71 82
416 71 83
416 73 84
416 74 85
416 75 86
416 76 78
416 80 83
416 86 87
417 0 1
417 0 2
417 2 3
417 2 4
417 2 5
417 3 6
417 4 7
417 4 8
417 4 9
417 4 10
417 6 11
417 7 12
417 7 13
417 10 14
417 12 15
417 13 16
417 13 17
417 13 18
417 14 19
417 15 20
417 15 21
417 15 22
417 16 23
417 17 24
417 18 25
417 18 26
417 22 27
417 22 28
417 22 29
417 23 30
417 24 31
417 25 32
417 25 33
417 26 34
417 27 35
417 28 36
417 28 37
417 30 38
417 31 39
417 32 40
417 33 38
417 34 41
417 35 42
417 35 43
417 35 44
417 35 45
417 36 46
417 37 47
417 38 48
417 38 49
417 38 50
417 39 50
417 42 51
417 43 52
417 44 53
417 45 54
417 46 55
417 46 56
417 52 57
417 53 58
417 54 59
417 55 60
417 55 61
417 56 60
417 56 62
417 57 63
417 57 64
417 58 63
417 58 65
417 60 66
417 61 67
417 61 68
418 0 1
418 0 2
418 0 3
418 0 4
418 1 5
418 1 6
418 1 7
418 2 8
418 2 9
418 3 10
418 3 11
418 4 12
418 4 13
418 4 14
418 5 15
418 5 16
418 5 17
418 6 18
418 6 19
418 7 20
418 8 18
418 8 21
418 9 13
418 10 22
418 11 23
418 12 24
418 12 25
418 13 14
418 15 26
418 17 27
418 17 28
418 18 29
418 19 30
418 20 31
418 20 32
418 20 33
418 21 34
418 22 35
418 22 36
418 23 37
418 23 38
418 24 35
418 24 39
418 26 30
418 29 40
418 30 32
418 30 33
418 30 37
418 30 39
418 31 41
418 32 42
418 35 43
418 36 44
418 37 45
418 37 46
418 39 47
418 39 48
418 40 49
418 40 50
418 41 51
418 44 52
418 45 53
418 45 54
418 46 52
418 47 50
418 48 55
418 48 56
418 48 57
418 48 58
418 50 54
418 51 59
418 52 53
418 53 55
418 53 60
418 53 61
418 54 62
418 54 63
418 55 62
418 56 64
418 57 58
418 57 65
418 59 60
418 59 66
418 61 67
418 61 68
418 62 69
418 62 70
418 62 71
418 64 72
418 66 73
418 68 74
418 69 75
418 70 76
418 71 77
418 72 78
418 72 79
418 75 80
418 77 81
418 79 80
418 80 82
418 82 83
419 0 1
419 0 2
419 1 3
419 2 4
419 3 5
419 4 6
419 4 7
419 4 8
419 5 9
419 5 10
419 5 11
419 6 10
419 6 12
419 6 13
419 7 14
419 7 15
419 8 16
419 8 17
419 8 18
419 8 19
419 9 20
419 10 21
419 10 22
419 12 17
419 12 23
419 13 24
419 13 25
419 14 26
419 14 27
419 15 28
419 16 29
419 16 30
419 25 31
419 26 32
419 26 33
419 26 34
419 27 35
419 28 33
419 29 36
419 29 37
419 29 38
419 30 39
419 30 40
419 31 41
419 31 42
419 32 43
419 32 44
419 35 45
419 35 46
419 35 47
419 36 48
419 36 49
419 37 50
419 37 51
419 38 45
419 38 52
419 39 53
419 39 54
419 41 55
419 41 56
419 42 57
419 43 58
419 45 58
419 45 59
419 45 60
419 46 61
419 46 62
419 47 63
419 49 64
419 50 65
419 50 66
419 52 67
419 55 66
419 55 68
419 56 69
419 57 70
419 57 71
419 57 72
419 57 73
419 59 74
419 60 75
419 61 76
419 63 77
419 63 78
419 70 79
419 70 80
419 72 81
419 73 82
419 74 81
419 74 83
419 75 84
420 0 1
420 0 2
420 1 3
420 2 4
420 2 5
420 2 6
420 2 7
420 2 8
420 3 8
420 3 9
420 6 10
420 6 11
420 6 12
420 7 13
420 7 14
420 8 15
420 9 16
420 9 17
420 10 18
420 11 19
420 12 20
420 13 21
420 13 22
420 14 23
420 18 24
420 18 25
420 18 26
420 19 27
420 20 28
420 21 29
420 22 30
420 23 31
420 24 32
420 24 33
420 26 34
420 27 35
420 27 36
420 29 34
420 29 37
420 30 38
420 31 39
420 31 40
420 32 41
420 33 42
420 33 43
420 33 44
420 34 42
420 34 45
420 37 46
420 40 47
420 40 48
420 41 49
420 41 50
420 42 51
420 42 52
420 49 53
420 50 54
420 50 55
420 51 56
420 51 57
420 53 58
420 53 59
420 55 60
420 56 61
420 58 62
420 58 63
420 58 64
420 60 65
420 61 66
420 62 67
420 65 68
421 0 1
421 0 2
421 0 3
421 2 4
421 2 5
421 3 6
421 4 7
421 7 8
421 8 9
421 8 10
421 9 11
421 10 12
421 10 13
421 11 14
421 12 15
421 12 16
421 13 17
421 13 18
421 14 19
421 15 20
421 17 21
421 17 22
421 18 23
421 19 24
421 19 25
421 20 26
421 21 27
421 22 28
421 25 29
421 26 30
421 28 31
421 28 32
421 28 33
421 29 34
421 29 35
421 30 36
421 31 37
421 32 38
421 34 39
421 35 40
421 36 41
421 36 42
421 37 43
421 38 44
421 39 45
421 40 41
421 41 46
421 41 47
421 41 48
421 43 49
421 44 50
421 45 51
421 45 52
421 46 53
421 47 54
421 48 50
421 48 55
421 49 56
421 50 57
421 51 58
421 51 59
421 52 60
421 53 61
421 53 62
421 55 63
421 56 64
421 59 65
421 62 66
421 62 67
421 63 68
421 63 69
421 63 70
421 63 71
421 63 72
421 64 73
421 66 74
421 67 75
421 67 76
421 67 77
421 68 78
421 68 79
421 68 80
421 69 79
421 70 81
421 71 82
421 81 83
422 0 1
422 1 2
422 1 3
422 2 4
422 3 5
422 3 6
422 4 7
422 4 8
422 5 9
422 5 10
422 6 11
422 7 12
422 8 13
422 10 14
422 11 15
422 12 16
422 15 17
422 16 18
422 16 19
422 18 20
422 18 21
422 19 22
422 20 23
422 21 24
422 22 25
422 22 26
422 24 27
422 25 28
422 25 29
422 26 30
422 26 31
422 26 32
422 28 33
422 29 34
422 30 35
422 31 36
422 32 37
422 33 38
422 33 39
422 34 40
422 34 41
422 36 42
422 37 43
422 38 44
422 39 45
422 39 46
422 39 47
422 40 42
422 40 48
422 40 49
422 40 50
422 41 51
422 42 52
422 42 53
422 44 54
422 44 55
422 44 56
422 46 48
422 46 57
422 47 58
422 48 59
422 48 60
422 48 61
422 49 57
422 49 62
422 49 63
422 50 64
422 50 65
422 51 66
422 52 67
422 52 68
422 52 69
422 53 70
422 55 71
422 58 72
422 58 73
422 65 74
422 65 75
422 65 76
422 68 77
422 70 78
422 71 79
422 72 74
422 74 80
422 75 81
422 76 82
422 76 83
422 79 84
422 79 85
422 81 86
422 81 87
422 82 87
422 82 88
422 85 89
423 0 1
423 0 2
423 2 3
423 2 4
423 2 5
423 3 6
423 3 7
423 4 8
423 4 9
423 6 10
423 6 11
423 7 8
423 8 12
423 8 13
423 10 14
423 10 15
423 11 13
423 11 14
423 11 16
423 12 17
423 12 18
423 12 19
423 13 19
423 13 20
423 14 21
423 15 22
423 15 23
423 16 19
423 16 24
423 16 25
423 17 26
423 19 27
423 19 28
423 22 29
423 22 30
423 24 31
423 24 32
423 25 33
423 26 34
423 26 35
423 27 36
423 28 35
423 28 37
423 29 38
423 30 39
423 32 40
423 32 41
423 33 42
423 34 43
423 34 44
423 36 45
423 36 46
423 37 44
423 38 47
423 38 48
423 39 49
423 41 49
423 41 50
423 42 51
423 43 52
423 43 53
423 44 54
423 44 55
423 45 56
423 45 57
423 47 58
423 47 59
423 47 60
423 48 59
423 49 61
423 49 62
423 50 63
423 51 64
423 54 65
423 54 66
423 54 67
423 54 68
423 55 56
423 57 58
423 57 69
423 57 70
423 58 71
423 59 72
423 60 73
423 60 74
423 60 75
423 61 76
423 63 77
423 65 78
423 67 74
423 67 79
423 70 72
423 70 73
423 71 80
423 77 81
423 77 82
423 78 82
423 78 83
424 0 1
424 0 2
424 1 3
424 2 4
424 2 5
424 5 6
424 5 7
424 6 8
424 6 9
424 7 10
424 7 11
424 7 12
424 8 13
424 8 14
424 8 15
424 9 16
424 12 17
424 12 18
424 14 19
424 14 20
424 17 21
424 18 19
424 18 22
424 19 23
424 20 21
424 20 24
424 21 25
424 22 26
424 23 27
424 24 28
424 25 29
424 25 30
424 26 31
424 27 32
424 30 33
424 31 34
424 32 35
424 33 36
424 35 37
424 35 38
424 35 39
424 36 40
424 36 41
424 36 42
424 36 43
424 37 44
424 37 45
424 38 46
424 38 47
424 39 48
424 39 49
424 39 50
424 40 51
424 41 52
424 41 53
424 49 52
424 51 54
424 51 55
424 55 56
424 55 57
424 55 58
424 56 59
424 57 60
424 58 61
424 59 62
424 61 63
424 61 64
424 62 65
424 62 66
424 64 67
424 64 68
424 67 69
424 69 70
424 70 71
424 70 72
425 0 1
425 0 2
425 1 3
425 1 4
425 3 5
425 3 6
425 4 7
425 5 8
425 7 9
425 7 10
425 9 11
425 10 12
425 10 13
425 11 14
425 12 15
425 12 16
425 13 17
425 14 18
425 14 19
425 14 20
425 14 21
425 16 22
425 17 23
425 17 24
425 18 25
425 19 26
425 21 23
425 23 27
425 23 28
425 23 29
425 25 27
425 25 30
425 25 31
425 26 32
425 27 33
425 27 34
425 28 35
425 29 36
425 30 37
425 32 38
425 32 39
425 35 40
425 36 41
425 37 42
425 38 43
425 38 44
425 39 45
425 40 41
425 40 46
425 41 47
425 42 48
425 42 49
425 43 50
425 45 51
425 46 52
425 46 53
425 47 54
425 47 55
425 48 50
425 48 56
425 49 57
425 49 58
425 50 59
425 51 60
425 52 61
425 53 62
425 55 63
425 56 58
426 0 1
426 0 2
426 1 3
426 2 4
426 3 5
426 4 6
426 5 7
426 6 8
426 7 9
426 7 10
426 10 11
426 11 12
426 12 13
426 12 14
426 13 15
426 13 16
426 14 17
426 14 18
426 15 19
426 15 20
426 16 21
426 17 22
426 18 23
426 19 20
426 19 24
426 19 25
426 20 26
426 22 27
426 23 28
426 24 29
426 25 30
426 26 31
426 26 32
426 27 28
426 27 33
426 27 34
426 28 35
426 29 36
426 30 37
426 30 38
426 31 39
426 31 40
426 32 41
426 32 42
426 34 43
426 35 38
426 35 44
426 36 45
426 37 46
426 37 47
426 37 48
426 38 44
426 38 49
426 40 50
426 41 51
426 41 52
426 42 43
426 43 53
426 44 54
426 44 55
426 45 56
426 45 57
426 45 58
426 48 59
426 50 52
426 50 60
426 52 53
426 54 61
426 55 61
426 55 62
426 57 62
426 58 63
426 59 60
426 59 64
426 59 65
426 59 66
426 61 67
426 61 68
426 61 69
426 62 70
426 63 71
426 66 72
426 68 73
426 68 74
426 74 75
426 74 76
426 75 77
426 75 78
426 75 79
427 0 1
427 0 2
427 1 3
427 3 4
427 3 5
427 4 6
427 4 7
427 5 6
427 5 7
427 5 8
427 5 9
427 6 10
427 6 11
427 6 12
427 7 13
427 7 14
427 8 15
427 9 16
427 9 17
427 10 18
427 10 19
427 11 20
427 13 21
427 13 22
427 14 23
427 15 24
427 15 25
427 16 22
427 16 26
427 17 26
427 17 27
427 20 28
427 20 29
427 20 30
427 21 31
427 22 32
427 22 33
427 23 32
427 23 34
427 23 35
427 23 36
427 24 35
427 25 37
427 25 38
427 25 39
427 26 28
427 26 40
427 28 41
427 29 30
427 30 42
427 30 43
427 31 43
427 31 44
427 32 45
427 33 40
427 33 46
427 35 47
427 35 48
427 36 45
427 36 49
427 37 50
427 38 51
427 39 52
427 39 53
427 40 54
427 40 55
427 41 56
427 42 57
427 45 48
427 45 58
427 46 59
427 47 55
427 47 60
427 47 61
427 48 62
427 49 51
427 49 63
427 50 57
427 50 64
427 51 65
427 53 66
427 54 67
427 55 58
427 55 68
427 56 57
427 56 69
427 57 70
427 58 68
427 58 71
427 59 72
427 61 73
427 62 74
427 63 75
427 64 76
427 66 77
427 67 78
427 70 79
427 71 80
427 73 81
427 75 82
427 76 83
427 76 84
427 79 81
427 80 84
427 80 85
427 83 86
427 84 87
428 0 1
428 0 2
428 1 3
428 2 4
428 3 5
428 5 6
428 6 7
428 7 8
428 7 9
428 8 10
428 8 11
428 9 12
428 10 13
428 10 14
428 11 15
428 11 16
428 12 17
428 14 18
428 14 19
428 14 20
428 15 21
428 16 22
428 16 23
428 16 24
428 17 25
428 17 26
428 18 22
428 19 27
428 19 28
428 19 29
428 20 30
428 20 31
428 21 32
428 22 23
428 22 33
428 22 34
428 24 35
428 26 36
428 27 37
428 27 38
428 28 39
428 31 40
428 32 41
428 35 39
428 35 42
428 37 43
428 37 44
428 37 45
428 37 46
428 38 47
428 39 47
428 41 48
428 43 49
428 43 50
428 45 46
428 45 51
428 47 52
428 48 53
428 50 54
428 51 55
428 52 56
428 52 57
428 53 58
428 55 59
428 56 60
428 58 61
428 59 62
428 60 63
428 60 64
428 63 65
428 64 66
428 64 67
429 0 1
429 1 2
429 1 3
429 1 4
429 4 5
429 4 6
429 5 7
429 5 8
429 6 9
429 6 10
429 10 11
429 11 12
430 0 1
430 0 2
430 1 3
430 1 4
430 2 5
430 2 6
430 3 7
430 3 8
430 3 9
430 5 10
430 6 11
430 7 12
430 7 13
430 8 10
430 8 14
430 9 15
430 10 16
430 11 17
430 12 18
430 12 19
430 13 17
430 13 20
430 14 16
430 14 21
430 16 22
430 16 23
430 17 24
430 18 22
430 18 25
430 18 26
430 18 27
430 20 28
430 20 29
430 20 30
430 21 25
430 21 31
430 21 32
430 21 33
430 22 34
430 23 35
430 23 36
430 24 37
430 28 31
430 28 38
430 28 39
430 29 40
430 31 32
430 31 41
430 32 42
430 33 43
430 33 44
430 36 44
430 36 45
430 36 46
430 37 47
430 37 48
430 38 49
430 39 50
430 45 51
430 46 52
430 47 53
430 48 54
430 48 55
430 49 56
430 49 57
430 50 58
430 50 59
430 51 60
430 51 61
431 0 1
431 1 2
431 1 3
431 2 4
431 2 5
431 2 6
431 3 7
431 4 8
431 4 9
431 4 10
431 6 11
431 7 12
431 7 13
431 7 14
431 8 15
431 8 16
431 10 17
431 11 18
431 13 19
431 13 20
431 14 21
431 15 22
431 15 23
431 16 24
431 17 25
431 17 26
431 18 27
431 18 28
431 19 25
431 20 29
431 20 30
431 21 31
431 22 32
431 22 33
431 23 34
431 24 35
431 24 36
431 26 27
431 27 37
431 27 38
431 28 39
431 28 40
431 28 41
431 29 30
431 29 42
431 30 43
431 32 44
431 33 45
431 34 46
431 34 47
431 35 47
431 35 48
431 35 49
431 36 37
431 36 50
431 37 51
431 37 52
431 38 51
431 38 53
431 39 53
431 39 54
431 45 55
431 46 56
431 47 57
431 47 58
431 47 59
431 48 60
431 49 61
431 50 62
431 51 58
432 0 1
432 0 2
432 0 3
432 1 4
432 3 5
432 3 6
432 3 7
432 6 8
432 7 9
432 8 10
432 8 11
432 8 12
432 9 13
432 9 14
432 10 15
432 10 16
432 10 17
432 12 18
432 12 19
432 12 20
432 13 21
432 13 22
432 14 19
432 14 23
432 15 24
432 15 25
432 15 26
432 16 27
432 18 28
432 19 23
432 19 29
432 21 30
432 22 31
432 22 32
432 23 33
432 24 34
432 24 35
432 24 36
432 24 37
432 25 38
432 26 39
432 29 40
432 29 41
432 32 36
432 33 42
432 33 43
432 37 44
432 38 44
432 41 45
432 41 46
432 42 47
432 42 48
432 43 49
432 44 50
432 44 51
432 46 52
432 47 53
432 48 54
432 48 55
432 49 56
432 51 57
432 51 58
432 52 58
432 52 59
432 54 60
432 55 61
432 57 62
432 57 63
432 58 62
432 58 64
432 61 65
432 62 66
432 63 67
432 63 68
432 63 69
432 64 70
432 65 69
432 67 71
432 67 72
432 68 73
432 69 74
432 70 75
432 70 76
432 70 77
432 71 78
432 71 79
433 0 1
433 1 2
433 1 3
433 1 4
433 3 5
433 4 6
433 5 7
433 5 8
433 6 9
433 7 10
433 7 11
433 8 12
433 10 13
433 12 14
433 13 15
433 13 16
433 13 17
433 15 18
433 15 19
433 15 20
433 16 21
433 17 22
433 20 23
433 21 24
433 21 25
433 21 26
433 23 27
433 24 28
433 25 29
433 25 30
433 26 31
433 26 32
433 29 33
433 29 34
433 30 35
433 30 36
433 31 37
433 31 38
433 31 39
433 36 40
433 36 41
433 37 42
433 37 43
433 38 44
433 39 45
433 40 46
433 40 47
433 41 48
433 43 49
433 44 50
433 44 51
433 45 52
433 46 53
433 48 54
433 48 55
433 49 56
433 51 57
433 53 58
433 53 59
433 54 60
433 54 61
433 59 62
433 60 63
433 61 64
433 62 65
433 63 66
433 64 67
433 65 68
433 66 68
433 67 69
433 68 70
434 0 1
434 0 2
434 0 3
434 1 4
434 2 5
434 3 6
434 3 7
434 4 8
434 4 9
434 5 10
434 5 11
434 5 12
434 6 10
434 6 13
434 6 14
434 6 15
434 6 16
434 9 17
434 10 18
434 11 19
434 11 20
434 12 21
434 13 22
434 14 23
434 15 24
434 16 22
434 16 25
434 17 26
434 17 27
434 19 28
434 21 29
434 23 30
434 24 31
434 24 32
434 25 33
434 26 34
434 26 35
434 28 35
434 28 36
434 29 37
434 29 38
434 30 39
434 33 40
434 34 35
434 34 41
434 36 42
434 36 43
434 36 44
434 37 45
434 37 46
434 38 47
434 39 42
434 40 48
434 40 49
434 42 50
434 42 51
434 45 47
434 46 52
434 47 53
434 50 54
434 51 54
434 51 55
434 52 56
434 53 57
434 53 58
434 54 59
434 55 60
434 57 61
434 58 62
434 61 63
434 63 64
435 0 1
435 1 2
435 2 3
435 2 4
435 2 5
435 2 6
435 3 7
435 3 8
435 4 9
435 4 10
435 4 11
435 6 12
435 10 11
435 10 13
435 11 14
435 12 15
435 13 16
435 13 17
435 14 18
435 14 19
435 15 20
435 15 21
435 17 22
435 17 23
435 18 22
435 18 24
435 19 25
435 19 26
435 22 27
435 23 28
435 23 29
435 24 30
435 25 31
435 26 32
435 26 33
435 30 34
435 32 35
435 34 36
435 34 37
435 35 38
435 37 39
435 37 40
435 38 41
435 39 42
435 42 43
435 43 44
436 0 1
436 0 2
436 0 3
436 1 4
436 2 5
436 2 6
436 2 7
436 3 8
436 3 9
436 3 10
436 5 11
436 5 12
436 6 13
436 7 12
436 7 14
436 7 15
436 9 16
436 10 17
436 12 18
436 12 19
436 13 20
436 14 16
436 14 21
436 15 22
436 15 23
436 16 19
436 16 24
436 17 18
436 17 25
436 18 26
436 19 27
436 19 28
436 20 29
436 21 30
436 22 31
436 22 32
436 23 33
436 24 34
436 25 35
436 26 36
436 27 31
436 27 37
436 28 38
436 29 39
436 31 40
436 32 41
436 32 42
436 33 43
436 34 44
436 35 45
436 35 46
436 36 47
436 36 48
436 37 49
436 37 50
436 37 51
436 39 52
436 39 53
436 40 54
436 41 55
436 41 56
436 42 57
436 43 58
436 45 59
436 46 60
436 47 61
436 47 62
436 47 63
436 48 64
436 49 63
436 50 65
436 51 66
436 53 67
436 54 62
436 54 68
436 55 69
436 55 70
436 55 71
436 57 72
436 62 73
436 63 66
436 63 74
436 63 75
436 63 76
436 70 73
436 70 77
436 70 78
436 71 79
436 72 77
436 72 80
436 72 81
436 75 82
436 76 83
436 78 84
436 79 85
436 80 82
436 80 86
436 81 82
436 81 87
436 82 87
437 0 1
437 0 2
437 2 3
437 3 4
437 3 5
437 4 6
437 4 7
437 5 8
437 5 9
437 6 10
437 7 11
437 8 12
437 9 13
437 9 14
437 9 15
437 10 16
437 10 17
437 11 12
437 11 18
437 11 19
437 12 20
437 12 21
437 13 22
437 13 23
437 14 24
437 17 25
437 17 26
437 18 27
437 19 28
437 20 26
437 20 29
437 21 30
437 22 31
437 23 29
437 23 32
437 23 33
437 27 34
437 28 35
437 28 36
437 29 37
437 30 38
437 30 39
437 32 40
437 34 41
437 37 40
437 37 42
437 37 43
437 38 41
437 38 44
437 38 45
437 38 46
437 38 47
437 39 41
437 40 48
437 41 49
437 42 50
437 43 51
437 44 52
437 45 53
437 45 54
437 46 55
437 47 56
437 49 55
437 50 57
437 51 58
437 52 59
437 53 60
437 54 61
437 54 62
437 56 63
437 56 64
437 57 65
437 58 61
437 58 66
437 59 67
437 60 68
437 61 69
437 61 70
437 63 71
437 66 72
437 67 73
437 67 74
437 68 75
437 69 76
437 70 77
437 70 78
437 71 79
437 71 80
437 72 81
437 73 82
437 75 83
437 76 82
437 76 84
437 77 79
437 78 85
437 82 83
438 0 1
438 1 2
438 1 3
438 1 4
438 3 5
438 4 6
438 5 7
438 6 8
438 6 9
438 6 10
438 9 11
438 10 12
438 10 13
438 11 14
438 12 15
438 14 16
438 15 17
438 15 18
438 17 19
438 18 20
438 18 21
438 18 22
438 20 23
438 22 24
438 22 25
438 24 26
438 24 27
438 25 28
438 25 29
438 25 30
438 26 31
438 26 32
438 27 33
438 27 34
438 28 35
438 29 36
438 29 37
438 30 38
438 31 39
438 32 40
438 32 41
438 34 35
438 34 42
438 34 43
438 36 43
438 38 44
438 39 45
438 40 41
438 40 46
438 40 47
438 40 48
438 41 49
438 41 50
438 41 51
438 44 52
438 44 53
438 45 54
438 48 55
438 51 55
438 51 56
438 51 57
438 52 58
438 52 59
438 52 60
438 55 61
438 56 62
438 57 63
438 57 64
438 58 65
438 59 66
438 61 62
438 62 67
438 66 68
438 66 69
438 67 70
438 69 71
438 69 72
438 70 73
438 71 74
438 74 75
439 0 1
439 0 2
439 0 3
439 1 4
439 1 5
439 1 6
439 2 7
439 2 8
439 3 9
439 3 10
439 3 11
439 4 12
439 5 13
439 6 8
439 6 14
439 6 15
439 7 16
439 7 17
439 8 11
439 8 18
439 9 14
439 9 19
439 9 20
439 10 20
439 10 21
439 11 22
439 12 23
439 12 24
439 13 25
439 14 26
439 15 27
439 16 28
439 17 27
439 17 29
439 18 30
439 18 31
439 18 32
439 19 33
439 21 34
439 22 35
439 23 24
439 23 36
439 23 37
439 26 38
439 26 39
439 26 40
439 28 41
439 28 42
439 29 43
439 29 44
439 31 45
439 31 46
439 32 37
439 34 35
439 39 47
439 40 48
439 40 49
439 40 50
439 41 51
439 44 52
439 44 53
439 45 54
439 45 55
439 46 54
439 46 56
439 47 57
439 47 58
439 49 59
439 54 60
439 58 61
439 60 62
439 61 63
439 61 64
439 62 65
439 65 66
439 65 67
439 65 68
439 65 69
439 67 70
439 68 71
439 69 72
440 0 1
440 0 2
440 1 3
440 2 4
440 2 5
440 3 6
440 3 7
440 3 8
440 4 9
440 5 10
440 7 8
440 7 11
440 8 9
440 8 12
440 9 13
440 9 14
440 10 15
440 10 16
440 10 17
440 11 14
440 14 18
440 15 18
440 15 19
440 19 20
440 20 21
440 21 22
440 22 23
440 23 24
440 23 25
440 24 26
440 24 27
440 24 28
440 25 29
440 25 30
440 26 31
440 27 32
440 28 33
440 28 34
440 29 35
440 29 36
440 30 37
440 31 38
440 31 39
440 32 40
440 33 41
440 34 42
440 35 43
440 36 44
440 36 45
440 37 46
440 37 47
440 38 47
440 39 46
440 39 48
440 40 49
440 40 50
440 40 51
440 42 52
440 43 53
440 46 48
440 46 54
440 47 55
440 53 56
441 0 1
441 0 2
441 1 3
441 1 4
441 2 3
441 2 5
441 3 6
441 5 7
441 5 8
441 6 9
441 6 10
441 7 11
441 7 12
441 7 13
441 9 14
441 10 15
441 12 16
441 13 17
441 13 18
441 15 19
441 16 20
441 17 21
441 18 22
441 18 23
441 18 24
441 19 23
441 19 25
441 19 26
441 20 27
441 22 28
441 22 29
441 23 30
441 23 31
441 24 32
441 24 33
441 25 34
441 26 35
441 27 36
441 29 37
441 30 38
441 31 39
441 31 40
441 32 41
441 32 42
441 33 43
441 35 38
441 40 44
441 40 45
441 41 46
441 41 47
441 41 48
441 45 49
441 46 50
441 47 51
441 47 52
441 48 53
441 49 54
441 50 55
441 52 56
441 53 56
441 53 57
441 53 58
441 54 59
441 56 60
441 58 61
441 60 62
441 61 63
441 62 64
441 63 65
441 64 66
441 64 67
441 64 68
441 67 69
441 67 70
441 68 69
441 69 71
442 0 1
442 1 2
442 1 3
442 2 4
442 3 5
442 4 6
442 5 7
442 5 8
442 5 9
442 6 10
442 6 11
442 7 12
442 7 13
442 9 14
442 9 15
442 10 16
442 10 17
442 10 18
442 11 19
442 12 20
442 14 19
442 18 21
442 18 22
442 19 23
442 21 24
442 22 25
442 23 26
442 23 27
442 23 28
442 25 29
442 26 30
442 27 31
442 28 32
442 28 33
442 29 34
442 30 35
442 30 36
442 30 37
442 31 38
442 32 36
442 32 39
442 32 40
442 33 41
442 35 42
442 35 43
442 36 44
442 36 45
442 37 46
442 40 43
442 42 47
442 42 48
442 44 46
442 44 49
442 45 50
442 45 51
442 45 52
442 46 53
442 47 54
442 48 55
442 48 56
442 49 57
442 49 58
442 51 59
442 51 60
442 53 61
442 53 62
442 55 63
442 57 64
442 59 65
442 60 66
442 61 67
442 62 68
442 65 69
442 67 70
442 67 71
443 0 1
443 0 2
443 0 3
443 0 4
443 2 5
443 3 6
443 3 7
443 4 8
443 5 9
443 5 10
443 5 11
443 5 12
443 6 13
443 6 14
443 6 15
443 7 15
443 7 16
443 8 17
443 8 18
443 8 19
443 8 20
443 14 21
443 14 22
443 14 23
443 15 23
443 15 24
443 16 24
443 16 25
443 16 26
443 18 27
443 20 22
443 21 28
443 21 29
443 22 25
443 23 30
443 23 31
443 25 32
443 26 33
443 27 28
443 27 34
443 28 35
443 28 36
443 29 37
443 29 38
443 31 39
443 33 40
443 35 41
443 35 42
443 36 43
443 36 44
443 38 45
443 38 46
443 39 47
443 40 48
443 41 49
443 41 50
443 42 51
443 42 52
443 42 53
443 44 54
443 44 55
443 46 56
443 46 57
443 48 58
443 49 59
443 50 60
443 51 52
443 51 61
443 52 62
443 52 63
443 53 64
443 53 65
443 54 66
443 55 57
443 58 65
443 59 67
443 60 63
443 60 68
443 61 69
443 63 70
443 63 71
443 64 72
443 67 73
443 69 74
443 69 75
444 0 1
444 0 2
444 2 3
444 3 4
444 3 5
444 4 6
444 4 7
444 5 8
444 5 9
444 7 10
444 7 11
444 9 12
444 9 13
444 10 14
444 11 15
444 12 16
444 13 14
444 13 17
444 13 18
444 13 19
444 14 20
444 14 21
444 14 22
444 17 23
444 17 24
444 18 25
444 19 26
444 20 27
444 21 28
444 22 24
444 22 29
444 23 30
444 23 31
444 23 32
444 24 30
444 25 33
444 26 34
444 26 35
444 27 36
444 27 37
444 28 38
444 29 33
444 33 36
444 34 39
444 34 40
444 35 41
444 37 42
444 37 43
444 38 44
444 40 45
444 41 46
444 42 47
444 43 48
444 44 49
444 44 50
444 45 51
444 46 52
444 47 53
444 52 54
444 53 55
444 54 56
444 55 57
444 57 58
444 57 59
444 59 60
444 60 61
444 60 62
444 60 63
444 61 64
444 61 65
444 61 66
444 62 67
444 62 68
444 65 69
444 66 70
444 67 71
445 0 1
445 1 2
445 1 3
445 1 4
445 2 5
445 2 6
445 3 7
445 4 8
445 4 9
445 7 10
445 8 11
445 8 12
445 9 13
445 12 13
445 12 14
445 13 15
445 15 16
445 15 17
445 15 18
445 17 19
445 18 20
445 18 21
445 18 22
445 18 23
445 18 24
445 19 25
445 19 26
445 19 27
445 19 28
445 21 29
445 22 30
445 23 31
445 23 32
445 24 33
445 25 34
445 26 29
445 28 35
445 28 36
445 28 37
445 31 38
445 32 38
445 32 39
445 33 40
445 33 41
445 34 42
445 34 43
445 35 44
445 35 45
445 36 46
445 37 47
445 37 48
445 38 49
445 38 50
445 39 51
445 39 52
445 39 53
445 41 54
445 41 55
445 44 56
445 44 57
445 44 58
445 46 59
445 46 60
445 49 61
445 51 62
445 52 53
445 52 63
445 53 64
445 53 65
445 54 57
445 54 66
445 55 67
445 57 68
445 58 69
446 0 1
446 0 2
446 0 3
446 1 4
446 1 5
446 3 6
446 3 7
446 3 8
446 4 6
446 5 9
446 5 10
446 5 11
446 6 12
446 6 13
446 7 14
446 8 15
446 9 16
446 10 13
446 10 17
446 11 18
446 12 19
446 12 20
446 12 21
446 13 22
446 15 23
446 15 24
446 15 25
446 16 26
446 16 27
446 19 28
446 19 29
446 19 30
446 20 31
446 20 32
446 20 33
446 21 31
446 22 34
446 24 30
446 25 29
446 26 35
446 26 36
446 26 37
446 27 38
446 28 39
446 29 37
446 29 40
446 30 41
446 31 39
446 31 42
446 32 43
446 34 44
446 35 45
446 35 46
446 38 47
446 39 48
446 40 47
446 40 49
446 40 50
446 42 50
446 42 51
446 43 52
446 44 53
446 45 54
446 45 55
446 46 53
446 48 56
446 49 57
446 49 58
446 50 58
446 52 59
446 52 60
446 54 61
446 54 62
446 54 63
446 55 64
446 56 60
446 56 65
446 56 66
446 57 67
446 61 68
446 62 69
446 63 70
446 63 71
446 64 72
446 65 73
446 65 74
446 66 75
446 66 76
446 75 76
447 0 1
447 0 2
447 1 3
447 1 4
447 2 5
447 2 6
447 3 5
447 3 7
447 4 8
447 4 9
447 4 10
447 5 11
447 6 12
447 7 13
447 7 14
447 8 15
447 9 16
447 9 17
447 10 14
447 10 18
447 11 12
447 11 19
447 12 19
447 13 15
447 13 20
447 14 21
447 14 22
447 15 23
447 16 24
447 16 25
447 17 26
447 17 27
447 17 28
447 18 29
447 18 30
447 19 23
447 21 23
447 22 31
447 23 32
447 24 31
447 24 32
447 25 33
447 26 34
447 27 35
447 27 36
447 28 37
447 28 38
447 29 39
447 29 40
447 30 41
447 30 42
447 37 43
447 37 44
447 37 45
447 38 46
447 39 40
447 41 46
447 41 47
447 41 48
447 42 49
447 42 50
447 42 51
447 43 52
447 44 46
447 44 53
447 44 54
447 44 55
447 45 56
447 45 57
447 46 58
447 46 59
447 46 60
447 48 61
447 49 62
447 49 63
447 53 54
447 53 64
447 54 65
447 54 66
447 55 67
447 56 67
447 56 68
447 56 69
447 58 65
447 58 70
447 58 71
447 59 72
447 61 73
447 61 74
447 64 75
447 65 75
447 65 76
447 66 77
447 67 68
447 70 78
447 71 79
447 71 80
447 71 81
447 75 82
447 76 77
447 76 83
447 76 84
447 77 85
447 78 86
448 0 1
448 0 2
448 0 3
448 0 4
448 1 5
448 1 6
448 3 7
448 3 8
448 4 5
448 4 9
448 6 9
448 6 10
448 6 11
448 7 12
448 7 13
448 8 14
448 8 15
448 9 16
448 9 17
448 10 18
448 11 19
448 11 20
448 13 21
448 14 22
448 15 23
448 15 24
448 17 25
448 18 23
448 18 26
448 18 27
448 19 28
448 19 29
448 20 30
448 20 31
448 21 32
448 22 33
448 22 34
448 23 35
448 24 34
448 24 36
448 25 29
448 26 37
448 26 38
448 27 39
448 27 40
448 27 41
448 37 42
448 37 43
448 38 44
448 39 45
448 39 46
448 41 47
448 42 46
448 43 48
448 43 49
448 44 50
448 45 51
448 46 47
448 46 52
448 46 53
448 46 54
448 47 55
448 48 56
448 49 52
448 49 57
448 51 58
448 52 59
448 54 60
448 55 61
448 56 62
448 56 63
448 57 64
448 58 65
448 58 66
448 59 67
448 60 68
448 62 69
448 62 70
448 63 71
448 64 69
448 65 72
448 66 73
448 66 74
448 67 75
448 67 76
448 67 77
448 68 78
449 0 1
449 0 2
449 1 3
449 3 4
449 4 5
449 4 6
449 6 7
449 6 8
449 6 9
449 6 10
449 6 11
449 7 12
449 8 10
449 8 13
449 8 14
449 9 15
449 9 16
449 10 17
449 10 18
449 11 19
449 12 20
449 12 21
449 12 22
449 14 23
449 15 24
449 16 17
449 16 25
449 16 26
449 17 27
449 17 28
449 19 29
449 19 30
449 20 31
449 20 32
449 20 33
449 22 34
449 22 35
449 24 36
449 26 37
449 26 38
449 26 39
449 27 40
449 27 41
449 28 30
449 28 40
449 28 42
449 28 43
449 30 31
449 30 44
449 30 45
449 31 46
449 32 47
449 35 47
449 35 48
449 38 49
449 38 50
449 38 51
449 39 52
449 39 53
449 40 50
449 40 54
449 43 55
449 43 56
449 44 57
449 45 58
449 46 59
449 46 60
449 46 61
449 47 48
449 47 62
449 48 63
449 48 64
449 49 63
449 49 65
449 49 66
449 51 67
449 51 68
449 52 69
449 52 70
449 53 71
449 54 72
449 54 73
449 55 57
449 61 68
449 64 74
449 66 75
449 67 76
449 67 77
449 68 76
449 68 78
449 69 79
449 70 80
449 71 77
449 71 81
449 71 82
449 73 83
449 75 84
449 76 85
449 77 86
449 78 87
449 79 88
449 79 89
449 81 90
449 82 91
449 83 89
449 83 92
449 89 93
450 0 1
450 0 2
450 0 3
450 1 4
450 2 5
450 3 6
450 4 7
450 5 8
450 5 9
450 7 10
450 8 11
450 9 12
450 10 13
450 11 14
450 12 15
450 13 16
450 15 17
450 15 18
450 15 19
450 16 20
450 19 21
450 21 22
450 21 23
450 22 24
450 22 25
450 22 26
450 23 27
450 23 28
450 25 29
450 27 30
450 28 31
450 29 32
450 30 33
450 31 34
450 34 35
450 34 36
450 35 37
450 35 38
450 36 37
450 36 39
450 37 40
450 39 41
450 39 42
450 40 43
450 41 44
450 41 45
450 42 46
450 42 47
450 44 48
450 44 49
450 45 50
450 46 51
450 48 52
450 50 53
450 51 54
450 52 55
450 52 56
450 53 57
450 53 58
450 54 59
450 54 60
450 55 61
450 56 62
450 58 63
450 59 64
450 62 65
450 63 66
450 64 67
450 65 68
450 66 69
450 66 70
450 66 71
450 68 72
450 69 73
450 71 74
450 72 75
450 75 76
451 0 1
451 0 2
451 1 3
451 3 4
451 4 5
451 5 6
451 5 7
451 6 8
451 8 9
451 8 10
451 9 11
451 9 12
451 10 13
451 10 14
451 10 15
451 11 16
451 11 17
451 11 18
451 11 19
451 12 20
451 13 21
451 13 22
451 13 23
451 14 24
451 16 25
451 16 26
451 17 27
451 17 28
451 18 29
451 18 30
451 19 20
451 19 22
451 19 28
451 19 30
451 19 31
451 20 32
451 20 33
451 21 26
451 21 29
451 22 32
451 23 34
451 23 35
451 23 36
451 25 37
451 26 38
451 27 28
451 30 39
451 31 40
451 31 41
451 31 42
451 32 43
451 33 44
451 34 45
451 35 46
451 37 41
451 37 47
451 38 48
451 38 49
451 40 50
451 42 51
451 42 52
451 43 53
451 45 54
451 47 55
451 47 56
451 48 57
451 49 58
451 50 59
451 51 60
451 52 59
451 52 61
451 53 62
451 53 63
451 53 64
451 54 63
451 54 65
451 55 66
451 56 66
451 56 67
451 56 68
451 58 69
451 58 70
451 60 71
451 63 72
451 65 73
451 66 74
451 66 75
451 66 76
451 67 75
451 69 77
451 70 73
451 70 78
451 72 79
451 73 80
451 74 81
452 0 1
452 0 2
452 1 3
452 1 4
452 1 5
452 2 6
452 3 7
452 4 8
452 4 9
452 4 10
452 5 11
452 5 12
452 6 13
452 7 14
452 7 15
452 9 16
452 11 13
452 11 17
452 12 18
452 12 19
452 13 20
452 13 21
452 13 22
452 14 23
452 14 24
452 14 25
452 15 26
452 17 27
452 18 24
452 18 28
452 19 29
452 19 30
452 20 31
452 20 32
452 21 33
452 22 34
452 23 35
452 23 36
452 25 37
452 25 38
452 26 39
452 27 40
452 29 41
452 31 42
452 32 43
452 33 44
452 34 45
452 35 38
452 35 46
452 35 47
452 35 48
452 37 49
452 37 50
452 40 51
452 40 52
452 41 43
452 42 53
452 43 46
452 43 54
452 45 55
452 45 56
452 46 57
452 48 58
452 48 59
452 49 60
452 49 61
452 50 62
452 50 63
452 53 64
452 53 65
452 54 66
452 56 67
452 61 65
452 64 66
452 67 68
452 67 69
453 0 1
453 0 2
453 1 3
453 1 4
453 2 5
453 4 6
453 5 7
453 6 8
453 6 9
453 8 10
453 8 11
453 9 12
453 9 13
453 10 14
453 11 15
453 13 16
453 13 17
453 13 18
453 14 19
453 15 20
453 15 21
453 16 22
453 16 23
453 16 24
453 16 25
453 17 26
453 18 27
453 18 28
453 18 29
453 19 27
453 23 30
453 24 31
453 26 32
453 26 33
453 27 34
453 31 35
453 31 36
453 32 37
453 33 38
453 33 39
453 34 40
453 37 41
453 37 42
453 37 43
453 38 44
453 38 45
453 38 46
453 39 47
453 40 48
453 40 49
453 41 50
453 41 51
453 42 52
453 45 51
453 45 53
453 46 54
453 47 54
453 47 55
453 48 56
453 50 57
453 50 58
453 51 59
453 51 60
453 52 61
453 53 62
453 54 58
453 54 63
453 57 64
453 58 65
453 59 66
453 59 67
453 61 68
453 62 69
453 64 70
453 66 71
453 70 72
453 70 73
454 0 1
454 1 2
454 1 3
454 2 4
454 3 4
454 3 5
454 3 6
454 3 7
454 5 8
454 6 9
454 6 10
454 6 11
454 7 12
454 8 13
454 8 14
454 8 15
454 9 16
454 11 17
454 11 18
454 12 19
454 12 20
454 13 21
454 15 22
454 15 23
454 15 24
454 19 25
454 19 26
454 20 27
454 20 28
454 20 29
454 22 26
454 23 30
454 24 31
454 24 32
454 25 33
454 28 34
454 29 35
454 30 36
454 30 37
454 30 38
454 31 39
454 31 40
454 33 34
454 35 36
454 35 41
454 35 42
454 36 43
454 37 44
454 37 45
454 38 46
454 38 47
454 38 48
454 39 42
454 39 43
454 39 49
454 39 50
454 39 51
454 41 52
454 41 53
454 43 50
454 44 54
454 45 55
454 46 56
454 46 57
454 46 58
454 48 59
454 49 60
454 53 61
454 53 62
454 56 57
455 0 1
455 0 2
455 2 3
455 3 4
455 4 5
455 4 6
455 4 7
455 5 8
455 6 9
455 6 10
455 6 11
455 7 12
455 7 13
455 7 14
455 8 15
455 8 16
455 9 17
455 9 18
455 10 19
455 10 20
455 11 21
455 11 22
455 12 23
455 13 24
455 14 20
455 14 25
455 15 26
455 15 27
455 16 27
455 16 28
455 16 29
455 16 30
455 17 31
455 17 32
455 18 33
455 19 34
455 19 35
455 20 36
455 21 37
455 22 27
455 24 32
455 24 38
455 25 39
455 25 40
455 26 40
455 27 41
455 28 42
455 29 43
455 29 44
455 30 45
455 30 46
455 31 47
455 32 48
455 33 49
455 40 45
455 40 50
455 41 42
455 42 51
455 42 52
455 42 53
455 44 54
455 45 55
455 47 56
455 47 57
455 50 58
455 51 59
455 52 60
455 52 61
455 56 62
455 57 63
455 58 59
455 58 64
455 58 65
455 59 66
455 61 63
456 0 1
456 1 2
456 2 3
456 2 4
456 3 5
456 3 6
456 4 7
456 4 8
456 4 9
456 5 10
456 7 11
456 8 12
456 9 13
456 9 14
456 9 15
456 10 13
456 10 16
456 10 17
456 11 18
456 12 19
456 13 20
456 16 21
456 16 22
456 16 23
456 17 24
456 17 25
456 18 26
456 19 27
456 20 28
456 21 29
456 22 30
456 22 31
456 22 32
456 23 33
456 23 34
456 23 35
456 25 36
456 26 37
456 27 38
456 29 39
456 30 40
456 31 32
456 32 41
456 32 42
456 32 43
456 33 44
456 34 45
456 34 46
456 35 47
456 36 48
456 37 49
456 37 50
456 38 51
456 38 52
456 39 53
456 42 45
456 43 54
456 44 55
456 44 56
456 47 50
456 48 57
456 49 58
456 50 59
456 50 60
456 51 60
456 51 61
456 52 62
456 52 63
456 53 64
456 54 65
456 55 66
456 55 67
456 56 68
456 57 65
456 60 69
456 60 70
456 61 71
456 70 72
456 70 73
456 71 74
456 71 75
456 75 76
456 76 77
457 0 1
457 1 2
457 2 3
457 2 4
457 3 5
457 3 6
457 4 7
457 4 8
457 5 9
457 6 10
457 8 11
457 9 12
457 10 13
457 10 14
457 10 15
457 11 16
457 12 16
457 12 17
457 13 18
457 14 19
457 15 20
457 16 21
457 17 22
457 18 23
457 21 24
457 22 25
457 23 26
457 24 27
457 25 28
457 26 29
457 27 30
457 29 31
457 29 32
457 30 33
457 31 34
457 31 35
457 32 36
457 33 37
457 34 38
457 34 39
457 35 40
457 35 41
457 36 42
457 36 43
457 37 42
457 37 44
457 38 44
457 41 45
457 42 46
457 42 47
457 43 48
457 43 49
457 44 50
457 45 51
457 49 52
457 49 53
457 49 54
457 51 55
457 51 56
457 52 57
457 52 58
457 52 59
457 53 60
457 56 61
457 57 62
457 57 63
457 60 64
457 61 65
457 62 66
457 64 67
457 64 68
458 0 1
458 0 2
458 1 3
458 1 4
458 1 5
458 2 6
458 2 7
458 4 8
458 4 9
458 7 10
458 10 11
458 10 12
458 11 13
458 11 14
458 11 15
458 13 16
458 13 17
458 14 18
458 15 19
458 15 20
458 16 21
458 16 22
458 17 23
458 17 24
458 18 25
458 18 26
458 18 27
458 19 27
458 19 28
458 20 24
458 20 29
458 20 30
458 21 31
458 21 32
458 23 33
458 24 34
458 24 35
458 25 36
458 26 37
458 26 38
458 28 39
458 28 40
458 30 41
458 30 42
458 32 43
458 32 44
458 33 43
458 33 45
458 33 46
458 34 47
458 35 40
458 35 48
458 36 49
458 39 50
458 39 51
458 41 52
458 43 52
458 45 53
458 45 54
458 46 54
458 46 55
458 46 56
458 47 57
458 49 58
458 50 59
458 50 60
458 51 60
458 51 61
458 51 62
458 52 61
458 52 63
458 52 64
458 53 65
458 53 66
458 54 56
458 54 67
458 55 68
458 62 69
458 62 70
458 62 71
458 64 72
458 64 73
458 65 74
458 66 75
458 67 75
459 0 1
459 0 2
459 0 3
459 0 4
459 2 5
459 2 6
459 5 6
459 6 7
459 6 8
459 7 9
459 8 10
459 9 11
459 10 12
459 11 13
459 12 14
459 13 15
459 13 16
459 14 17
459 15 18
459 15 19
459 16 20
459 16 21
459 17 22
459 17 23
459 18 19
459 18 24
459 18 25
459 19 24
459 19 26
459 20 22
459 20 27
459 21 28
459 21 29
459 22 30
459 24 31
459 25 32
459 26 33
459 27 34
459 27 35
459 28 36
459 29 37
459 29 38
459 30 39
459 30 40
459 32 41
459 34 42
459 36 43
459 36 44
459 36 45
459 38 42
459 38 46
459 38 47
459 38 48
459 39 44
459 39 49
459 43 50
459 44 51
459 44 52
459 44 53
459 46 54
459 46 55
459 47 56
459 47 57
459 48 58
459 48 59
459 54 60
459 55 61
459 57 62
459 58 63
459 58 64
459 60 65
459 60 66
459 61 65
459 61 67
459 62 68
459 63 69
459 63 70
459 64 71
459 65 72
459 67 73
459 69 74
459 70 75
459 70 76
459 71 77
459 71 78
460 0 1
460 0 2
460 0 3
460 1 4
460 1 5
460 2 6
460 2 7
460 3 8
460 4 9
460 5 10
460 5 11
460 8 9
460 9 12
460 10 13
460 10 14
460 11 15
460 14 16
460 14 17
460 15 18
460 16 19
460 17 20
460 18 21
460 18 22
460 19 23
460 19 24
460 20 25
460 22 23
460 22 26
460 22 27
460 22 28
460 23 29
460 23 30
460 23 31
460 23 32
460 24 33
460 25 34
460 26 35
460 26 36
460 27 36
460 27 37
460 28 38
460 28 39
460 29 40
460 29 41
460 29 42
460 30 43
460 31 44
460 32 45
460 35 46
460 39 47
460 44 48
460 44 49
460 44 50
460 45 51
460 47 52
460 48 53
460 49 54
460 49 55
460 49 56
460 50 57
460 50 58
460 52 59
460 52 60
460 52 61
460 53 62
460 53 63
460 55 64
461 0 1
461 0 2
461 0 3
461 2 4
461 2 5
461 4 6
461 4 7
461 6 8
461 7 9
461 7 10
461 9 11
461 11 12
461 11 13
461 12 14
461 13 15
461 14 16
462 0 1
462 0 2
462 1 3
462 2 4
463 0 1
463 0 2
463 2 3
463 3 4
463 3 5
463 4 6
463 5 7
463 6 8
463 8 9
463 8 10
463 9 11
463 9 12
463 10 13
463 10 14
463 12 15
463 12 16
463 12 17
463 14 18
463 14 19
463 15 19
463 15 20
463 15 21
463 17 22
463 18 23
463 20 24
463 21 25
463 21 26
463 22 27
463 22 28
463 24 29
463 24 30
463 26 31
463 27 32
463 27 33
463 28 34
463 28 35
463 29 36
463 29 37
463 30 38
463 32 39
463 34 40
463 34 41
463 36 42
463 36 43
463 37 44
463 38 45
463 38 46
463 39 47
463 39 48
463 39 49
463 40 50
463 40 51
463 40 52
463 41 53
463 42 54
463 43 55
463 44 56
463 44 57
463 48 58
463 49 59
463 50 60
463 50 61
463 50 62
463 53 57
463 53 59
463 54 63
463 55 64
463 55 65
463 56 66
463 56 67
463 57 68
463 58 69
463 59 70
463 59 71
463 60 72
463 60 73
463 61 74
463 71 75
463 73 76
463 74 77
463 75 78
463 78 79
463 78 80
464 0 1
464 1 2
464 2 3
464 3 4
464 3 5
464 3 6
464 4 7
464 4 8
464 4 9
464 5 10
464 5 11
464 6 12
464 6 13
464 7 8
464 7 14
464 7 15
464 7 16
464 8 9
464 8 17
464 9 18
464 10 19
464 10 20
464 10 21
464 14 22
464 14 23
464 15 24
464 17 25
464 17 26
464 17 27
464 18 28
464 19 29
464 19 30
464 20 31
464 21 31
464 21 32
464 21 33
464 24 34
464 24 35
464 25 36
464 26 32
464 27 37
464 27 38
464 28 39
464 31 40
464 33 41
464 33 42
464 34 43
464 35 38
464 36 44
464 37 45
464 38 46
464 40 47
464 41 48
464 41 49
464 42 50
464 44 51
464 46 52
464 47 53
464 47 54
464 49 55
464 50 56
464 51 57
464 51 58
464 53 59
464 53 60
464 54 61
464 54 62
465 0 1
465 0 2
465 0 3
465 0 4
465 0 5
465 1 6
465 1 7
465 4 8
465 5 9
465 6 10
465 6 11
465 6 12
465 7 13
465 8 13
465 8 14
465 8 15
465 9 16
465 10 17
465 10 18
465 10 19
465 11 17
465 11 20
465 12 21
465 13 19
465 13 22
465 13 23
465 15 24
465 15 25
465 15 26
465 17 27
465 18 28
465 20 29
465 23 30
465 25 31
465 25 32
465 26 33
465 27 34
465 28 32
465 28 35
465 29 36
465 29 37
465 30 36
465 30 38
465 31 39
465 31 40
465 32 41
465 33 40
465 33 42
465 33 43
465 33 44
465 34 45
465 35 46
465 36 47
465 37 48
465 37 49
465 38 50
465 39 51
465 39 52
465 40 53
465 41 54
465 41 55
465 41 56
465 42 55
465 43 52
465 48 57
465 48 58
465 48 59
465 49 60
465 50 61
465 51 62
465 52 63
465 53 64
465 54 65
465 55 66
465 55 67
465 55 68
465 56 69
465 57 70
465 58 71
465 58 72
465 60 73
465 60 74
465 63 75
465 63 76
465 63 77
465 64 77
465 65 78
465 66 79
465 66 80
465 67 81
466 0 1
466 0 2
466 1 3
466 1 4
466 2 5
466 3 6
466 3 7
466 3 8
466 4 9
466 5 10
466 6 11
466 6 12
466 6 13
466 7 14
466 7 15
466 7 16
466 8 15
466 9 17
466 13 18
466 13 19
466 14 20
466 14 21
466 15 22
466 16 23
466 16 24
466 17 21
466 19 25
466 19 26
466 19 27
466 24 28
466 24 29
466 24 30
466 25 31
466 25 32
466 26 33
466 28 31
466 28 34
466 30 35
466 30 36
466 34 37
466 34 38
466 34 39
466 34 40
466 35 41
466 35 42
466 35 43
466 36 44
466 37 42
466 38 39
466 38 45
466 38 46
466 41 47
466 43 48
466 44 49
466 45 50
466 45 51
466 47 52
466 47 53
466 47 54
466 51 55
466 52 56
466 52 57
466 54 58
466 54 59
466 54 60
466 56 61
466 56 62
466 57 63
466 58 64
466 59 65
466 59 66
466 59 67
466 60 68
466 61 69
466 62 70
466 62 71
466 63 72
466 64 73
466 69 74
466 69 75
466 69 76
466 70 77
466 76 78
466 77 79
466 79 80
466 79 81
466 81 82
466 81 83
466 83 84
466 84 85
466 84 86
466 85 87
466 86 88
466 86 89
467 0 1
467 0 2
467 0 3
467 2 4
467 2 5
467 3 6
467 4 7
467 5 8
467 5 9
467 7 10
467 7 11
467 8 12
467 10 13
467 11 14
467 11 15
467 11 16
467 13 17
467 13 18
467 13 19
467 14 20
467 15 21
467 15 22
467 16 23
467 17 24
467 18 25
467 19 26
467 19 27
467 19 28
467 20 29
467 21 22
467 21 30
467 22 31
467 22 32
467 28 32
467 28 33
467 28 34
467 28 35
467 28 36
467 28 37
467 29 37
467 30 38
467 31 39
467 33 35
467 33 40
467 33 41
467 34 40
467 35 42
467 35 43
467 36 44
467 43 45
467 43 46
467 44 47
467 45 48
467 45 49
467 48 50
467 48 51
467 49 52
467 49 53
467 50 54
467 50 55
467 50 56
467 51 57
467 51 58
467 51 59
467 52 60
467 53 60
467 53 61
467 56 62
467 58 63
467 58 64
467 59 65
467 59 66
467 59 67
467 61 68
467 64 69
467 65 70
467 66 71
467 66 72
467 69 73
467 71 74
467 72 75
467 74 75
468 0 1
468 0 2
468 1 3
468 3 4
468 3 5
468 3 6
468 4 7
469 0 1
469 1 2
469 1 3
469 1 4
469 3 5
469 4 6
469 5 7
469 6 8
469 6 9
469 7 10
469 7 11
469 8 12
469 9 13
469 10 14
469 10 15
469 12 16
469 12 17
469 13 18
469 14 19
469 14 20
469 15 16
469 15 21
469 16 22
469 17 23
469 18 24
469 18 25
469 19 26
469 20 27
469 20 28
469 20 29
469 25 30
469 26 31
469 26 32
469 27 33
469 28 29
469 28 34
469 29 35
469 29 36
469 30 37
469 31 38
469 33 39
469 34 40
469 37 41
469 38 42
469 38 43
469 39 44
469 40 45
469 40 46
469 42 47
469 43 48
469 44 49
469 45 50
469 46 51
469 47 52
469 48 53
469 49 54
469 50 55
469 52 56
469 52 57
469 53 58
469 54 59
469 55 60
469 55 61
469 55 62
469 56 63
469 57 64
469 57 65
469 58 66
469 58 67
469 60 68
469 61 69
469 61 70
469 61 71
469 62 72
469 62 73
469 63 74
469 64 75
469 64 76
469 64 77
469 65 70
469 66 67
469 66 78
469 66 79
469 67 79
470 0 1
470 1 2
470 1 3
470 1 4
470 2 5
470 3 6
470 3 7
470 3 8
470 4 9
470 4 10
470 5 11
470 5 12
470 5 13
470 6 14
470 7 15
470 9 16
470 10 17
470 10 18
470 11 19
470 12 20
470 13 16
470 13 21
470 14 18
470 14 22
470 14 23
470 15 21
470 18 24
470 18 25
470 19 26
470 20 27
470 22 24
470 22 28
470 23 29
470 26 30
470 27 31
470 27 32
470 28 33
470 29 34
470 30 35
470 31 36
470 31 37
470 32 38
470 35 37
470 35 39
470 35 40
470 36 41
470 37 42
470 37 43
470 37 44
470 38 45
470 39 46
470 39 47
470 41 44
470 42 48
470 43 49
470 44 50
470 46 51
470 47 52
470 47 53
470 48 54
470 49 55
470 51 56
470 52 57
470 53 58
470 54 59
470 54 60
470 55 61
470 56 62
470 57 63
470 58 64
470 59 65
470 59 66
470 59 67
470 60 67
470 60 68
470 61 69
470 61 70
470 65 69
471 0 1
471 0 2
471 2 3
471 2 4
471 3 5
471 4 6
471 5 7
471 7 8
471 7 9
471 7 10
471 8 11
471 9 12
471 9 13
471 10 14
471 12 15
471 13 16
471 13 17
471 17 18
471 17 19
471 18 20
471 20 21
471 21 22
471 21 23
471 22 24
471 22 25
471 22 26
471 23 27
471 24 28
471 25 29
471 25 30
471 26 31
471 27 32
471 28 33
471 28 34
471 28 35
471 31 36
471 32 37
471 32 38
471 33 39
471 33 40
471 34 41
471 35 42
471 36 43
471 36 44
471 37 45
471 38 43
471 38 46
471 38 47
471 39 48
471 40 49
471 41 45
471 41 50
471 42 51
471 42 52
471 43 53
471 44 54
471 53 55
471 53 56
471 53 57
471 54 58
471 54 59
471 55 60
471 56 61
471 57 62
471 57 63
471 58 64
471 62 65
471 65 66
472 0 1
472 1 2
472 2 3
472 2 4
472 2 5
472 2 6
472 4 7
472 5 8
472 5 9
472 9 10
472 10 11
472 10 12
472 11 13
472 12 14
472 12 15
472 12 16
472 12 17
472 13 18
472 13 19
472 15 20
472 15 21
472 16 22
472 17 19
472 17 23
472 18 24
472 20 25
472 20 26
472 21 27
472 23 28
472 25 29
472 29 30
472 30 31
472 30 32
472 32 33
472 33 34
473 0 1
473 0 2
473 1 3
473 2 4
473 2 5
473 2 6
473 3 7
473 4 8
473 4 9
473 4 10
473 5 11
473 5 12
473 5 13
473 6 14
473 7 15
473 7 16
473 7 17
473 7 18
473 10 19
473 10 20
473 13 21
473 13 22
473 14 23
473 14 24
473 15 24
473 15 25
473 15 26
473 15 27
473 17 28
473 17 29
473 18 30
473 19 31
473 19 32
473 20 33
473 20 34
473 22 35
473 23 33
473 23 36
473 25 37
473 27 38
473 28 39
473 28 40
473 28 41
473 29 42
473 30 43
473 31 44
473 32 36
473 32 45
473 32 46
473 32 47
473 33 48
473 33 49
473 34 43
473 34 44
473 34 50
473 35 48
473 35 51
473 36 52
473 37 53
473 38 54
473 39 55
473 40 56
473 41 57
473 42 58
473 43 59
473 43 60
473 43 61
473 45 54
473 47 59
473 54 62
473 54 63
473 62 64
473 62 65
473 62 66
473 64 67
473 65 68
474 0 1
474 1 2
474 1 3
474 2 4
474 2 5
474 2 6
474 3 7
474 3 8
474 3 9
474 4 10
474 5 11
474 6 12
474 6 13
474 8 14
474 9 15
474 9 16
474 9 17
474 10 11
474 12 18
474 13 19
474 14 20
474 17 21
474 18 21
474 19 22
474 19 23
474 20 22
474 20 24
474 20 25
474 21 26
474 22 27
474 22 28
474 24 29
474 24 30
474 25 31
474 25 32
474 26 33
474 27 34
474 28 35
474 29 36
474 29 37
474 30 38
474 32 39
474 33 36
474 34 40
474 34 41
474 34 42
474 35 43
474 36 37
474 36 44
474 37 45
474 37 46
474 39 47
474 41 48
474 42 49
474 43 50
474 44 51
474 44 52
474 46 53
474 46 54
474 46 55
474 47 56
474 47 57
474 47 58
474 50 59
474 50 60
474 51 61
474 52 60
474 54 55
475 0 1
475 0 2
475 0 3
475 2 4
475 4 5
475 4 6
475 4 7
475 5 8
475 5 9
475 5 10
475 6 11
475 6 12
475 7 13
475 8 14
475 10 13
475 10 15
475 12 16
475 15 17
475 16 18
475 16 19
475 17 20
475 18 21
475 19 22
475 20 23
475 21 24
475 21 25
475 22 26
475 22 27
475 23 28
475 23 29
475 23 30
475 25 31
475 26 32
475 26 33
475 27 34
475 28 34
475 28 35
475 29 36
475 30 37
475 31 38
475 32 39
475 32 40
475 33 41
475 34 42
475 34 43
475 34 44
475 35 45
475 36 37
475 36 43
475 37 46
475 38 47
475 38 48
475 38 49
475 39 50
475 41 51
475 42 52
475 43 53
475 43 54
475 44 55
475 45 56
475 45 57
475 46 52
475 47 56
475 52 58
475 53 59
475 53 60
475 54 61
475 55 59
475 56 62
475 58 63
475 59 64
475 59 65
475 59 66
475 60 67
475 62 68
475 63 69
475 64 70
475 69 71
476 0 1
476 1 2
476 1 3
476 3 4
476 4 5
476 4 6
476 4 7
476 5 8
476 5 9
476 5 10
476 6 11
476 6 12
476 6 13
476 9 10
476 10 14
476 13 15
476 14 16
476 15 17
476 15 18
476 16 19
476 16 20
476 17 21
476 18 22
476 20 23
476 21 24
476 21 25
476 21 26
476 24 27
476 26 28
476 27 29
476 28 30
476 29 31
476 30 32
476 31 33
476 32 34
476 33 35
476 34 36
476 35 37
476 35 38
476 35 39
476 36 40
476 37 41
476 38 42
476 38 43
476 39 44
476 39 45
476 40 46
476 41 47
476 42 48
476 43 49
476 44 50
476 46 51
476 46 52
476 47 53
476 48 54
476 50 55
476 55 56
476 56 57
476 56 58
476 57 59
476 58 60
476 58 61
476 59 62
476 59 63
476 59 64
476 60 65
476 61 66
476 62 67
476 63 68
476 64 69
476 67 70
476 69 71
476 70 72
476 71 73
476 72 74
476 72 75
476 73 76
476 73 77
476 73 78
477 0 1
477 0 2
477 0 3
477 1 4
477 2 5
477 3 6
477 4 7
477 5 8
477 5 9
477 6 10
477 6 11
477 6 12
477 6 13
477 8 14
477 9 15
477 9 16
477 10 17
477 10 18
477 11 19
477 11 20
477 12 13
477 12 21
477 13 16
477 14 22
477 14 23
477 15 24
477 15 25
477 18 26
477 19 27
477 19 28
477 20 29
477 21 30
477 22 31
477 22 32
477 23 32
477 24 33
477 24 34
477 26 35
477 26 36
477 27 37
477 27 38
477 28 31
477 28 39
477 28 40
477 28 41
477 29 42
477 30 43
477 31 43
477 32 44
477 33 45
477 33 46
477 34 47
477 34 48
477 35 42
477 35 49
477 40 50
477 41 51
477 44 52
477 44 53
477 44 54
477 44 55
477 47 56
477 48 57
477 48 58
477 49 59
477 53 56
477 56 60
477 58 61
477 60 62
478 0 1
478 1 2
478 1 3
478 2 4
478 3 5
478 3 6
478 3 7
478 4 8
478 4 9
478 4 10
478 5 11
478 6 12
478 7 8
478 7 13
478 7 14
478 8 15
478 9 16
478 9 17
478 10 18
478 10 19
478 12 20
478 12 21
478 12 22
478 14 20
478 14 23
478 14 24
478 15 25
478 15 26
478 15 27
478 16 28
478 17 29
478 19 29
478 20 21
478 21 30
478 21 31
478 21 32
478 24 33
478 24 34
478 26 35
478 27 36
478 27 37
478 28 38
478 29 31
478 30 35
478 30 39
478 30 40
478 30 41
478 31 38
478 31 42
478 31 43
478 33 44
478 34 45
478 34 46
478 35 47
478 35 48
478 36 49
478 38 50
478 38 51
478 40 52
478 41 45
478 41 53
478 42 45
478 42 54
478 43 55
478 43 56
478 44 57
478 44 58
478 49 57
478 50 59
478 50 60
478 51 61
478 52 62
478 53 54
478 53 63
478 53 64
478 53 65
478 54 66
478 54 67
478 55 68
478 57 69
478 58 70
478 58 71
478 59 62
478 61 71
478 64 71
478 64 72
478 65 73
478 66 74
478 66 75
478 71 76
478 72 74
478 72 77
478 74 78
479 0 1
479 1 2
479 1 3
479 2 4
479 3 5
479 3 6
479 4 7
479 4 8
479 5 9
479 6 10
479 6 11
479 8 12
479 8 13
479 8 14
479 9 15
479 10 16
479 11 17
479 11 18
479 11 19
479 12 20
479 13 21
479 13 22
479 14 23
479 14 24
479 15 25
479 16 26
479 17 27
479 18 28
479 19 29
479 19 30
479 19 31
479 20 32
479 21 25
479 21 33
479 21 34
479 21 35
479 22 36
479 22 37
479 23 38
479 25 39
479 25 40
479 27 29
479 32 41
479 33 42
479 33 43
479 34 44
479 35 45
479 36 40
479 36 46
479 37 47
479 38 41
479 38 48
479 39 49
479 40 50
479 41 51
479 43 52
479 44 53
479 45 54
479 46 48
479 46 55
479 48 53
479 48 56
479 48 57
479 48 58
479 48 59
479 49 57
479 49 60
479 49 61
479 51 62
479 53 57
479 54 63
479 55 63
479 55 64
479 55 65
479 56 66
479 57 66
479 57 67
479 58 68
479 59 69
479 60 70
479 61 68
479 64 71
480 0 1
480 0 2
480 1 3
480 3 4
480 3 5
480 3 6
480 4 7
480 4 8
480 5 9
480 6 10
480 7 11
480 7 12
480 8 9
480 9 13
480 9 14
480 10 15
480 11 16
480 12 17
480 12 18
480 13 19
480 13 20
480 13 21
480 14 22
480 14 23
480 15 24
480 15 25
480 16 25
480 17 26
480 18 27
480 18 28
480 19 29
480 20 30
480 20 31
480 21 32
480 22 33
480 24 34
480 24 35
480 25 36
480 25 37
480 25 38
480 26 39
480 28 40
480 28 41
480 29 42
480 29 43
480 30 44
480 31 45
480 33 46
480 34 35
480 34 47
480 34 48
480 35 49
480 36 38
480 37 50
480 39 51
480 40 45
480 40 52
480 40 53
480 41 52
480 41 54
480 41 55
480 41 56
480 42 57
480 42 58
480 43 59
480 43 60
480 44 61
480 45 62
480 46 63
480 47 60
480 47 64
480 48 65
480 49 66
480 50 67
480 50 68
480 50 69
480 51 70
480 52 71
480 53 72
480 53 73
480 54 74
480 56 75
480 71 76
480 72 77
480 73 78
480 73 79
480 74 80
481 0 1
481 0 2
481 1 3
481 2 4
481 3 5
481 3 6
481 4 7
481 4 8
481 4 9
481 6 10
481 6 11
481 8 12
481 9 13
481 9 14
481 9 15
481 10 16
481 11 17
481 12 18
481 13 19
481 14 20
481 14 21
481 15 22
481 16 23
481 17 24
481 18 22
481 19 25
481 20 26
481 24 27
481 25 28
481 25 29
481 26 30
481 26 31
481 27 32
481 27 33
481 27 34
481 28 35
481 28 36
481 29 37
481 31 38
481 32 39
481 33 40
481 33 41
481 35 42
481 36 43
481 38 44
481 38 45
481 39 46
481 41 47
481 42 48
481 45 47
481 46 49
481 48 50
481 49 51
481 51 52
481 52 53
481 52 54
481 52 55
481 53 56
481 53 57
481 53 58
481 55 59
481 56 60
481 56 61
481 56 62
481 56 63
481 56 64
481 58 62
481 61 65
481 62 66
481 63 67
482 0 1
482 1 2
482 1 3
482 2 4
482 3 5
482 3 6
482 4 7
482 5 8
482 6 9
482 7 10
482 7 11
482 8 12
482 9 13
482 11 14
482 12 15
482 12 16
482 13 17
482 13 18
482 15 19
482 16 20
482 16 21
482 17 22
482 18 23
482 18 24
482 18 25
482 19 26
482 20 27
482 21 28
482 23 29
482 24 30
482 25 30
482 25 31
482 27 32
482 28 33
482 28 34
482 28 35
482 29 36
482 30 37
482 31 38
482 31 39
482 32 40
482 32 41
482 33 39
482 33 42
482 40 43
482 41 44
482 42 45
482 43 46
482 43 47
482 44 48
482 45 49
482 46 50
482 48 51
482 49 52
482 50 53
482 51 54
482 52 55
482 53 56
482 54 57
482 54 58
482 54 59
482 55 60
482 57 61
482 58 62
482 58 63
482 61 64
482 62 65
482 63 66
482 64 67
482 65 68
482 65 69
482 66 70
482 67 71
482 67 72
482 68 73
482 69 74
482 74 75
483 0 1
483 0 2
483 2 3
483 2 4
483 2 5
483 3 5
483 3 6
483 3 7
483 5 8
483 6 9
483 6 10
483 7 11
483 9 12
483 10 13
483 11 14
483 12 15
483 12 16
483 14 17
483 14 18
483 15 19
483 15 20
483 16 21
483 17 22
483 17 23
483 17 24
483 18 25
483 21 26
483 21 27
483 22 28
483 24 29
483 24 30
483 24 31
483 25 32
483 26 33
483 26 34
483 26 35
483 27 32
483 28 36
483 28 37
483 30 38
483 31 39
483 33 40
483 33 41
483 34 42
483 34 43
483 34 44
483 35 45
483 36 46
483 37 47
483 38 48
483 41 49
483 42 50
483 43 51
483 43 52
483 43 53
483 48 54
483 48 55
483 49 56
483 50 57
483 50 58
483 53 59
483 53 60
483 53 61
483 54 56
483 55 57
483 56 62
483 57 63
483 59 64
483 59 65
483 64 66
483 64 67
483 66 68
484 0 1
484 0 2
484 0 3
484 1 4
485 0 1
485 0 2
485 1 3
485 2 4
485 2 5
485 3 6
485 3 7
485 4 8
485 5 9
485 5 10
485 6 11
485 7 12
485 8 13
485 9 14
485 9 15
485 10 16
485 12 17
485 12 18
485 13 19
485 13 20
485 14 21
485 15 22
485 15 23
485 16 24
485 17 25
485 17 26
485 19 27
485 19 28
485 19 29
485 20 30
485 20 31
485 21 32
485 22 33
485 22 34
485 23 34
485 23 35
485 24 36
485 25 28
485 25 37
485 25 38
485 26 27
485 26 28
485 27 39
485 27 40
485 28 41
485 29 42
485 30 43
485 33 44
485 34 45
485 35 46
485 35 47
485 36 45
485 38 48
485 38 49
485 40 50
485 40 51
485 41 45
485 41 48
485 41 52
485 42 53
485 42 54
485 43 54
485 43 55
485 43 56
485 44 57
485 46 47
485 53 55
485 53 56
485 56 58
485 57 59
485 57 60
485 58 61
485 59 62
485 60 63
485 60 64
486 0 1
486 0 2
486 0 3
486 0 4
486 1 5
486 1 6
486 1 7
486 2 8
486 3 9
486 4 10
486 4 11
486 4 12
486 4 13
486 5 14
486 5 15
486 6 10
486 7 16
486 8 17
486 8 18
486 9 19
486 9 20
486 9 21
486 11 22
486 12 23
486 12 24
486 12 25
486 13 26
486 15 27
486 18 28
486 19 20
486 19 29
486 19 30
486 20 31
486 22 32
486 22 33
486 24 34
486 24 35
486 24 36
486 25 37
486 26 28
486 26 38
486 27 39
486 27 40
486 29 39
486 29 41
486 35 42
486 36 41
486 37 43
486 37 44
486 41 45
486 43 46
486 43 47
486 43 48
486 43 49
486 43 50
486 45 50
486 45 51
486 47 52
486 49 53
486 50 54
486 51 55
486 51 56
486 52 57
486 56 58
486 57 59
487 0 1
487 0 2
487 0 3
487 1 4
487 2 5
487 2 6
487 2 7
487 3 8
487 6 9
487 6 10
487 6 11
487 7 12
487 9 13
487 10 14
487 10 15
487 11 16
487 12 17
487 12 18
487 13 19
487 14 20
487 15 18
487 16 21
487 17 22
487 18 23
487 18 24
487 20 25
487 23 26
487 23 27
487 23 28
487 24 29
487 24 30
487 24 31
487 26 32
487 28 33
487 28 34
487 30 35
487 30 36
487 31 37
487 31 38
487 31 39
487 32 40
487 32 41
487 32 42
487 33 42
487 34 43
487 35 44
487 37 45
487 37 46
487 38 47
487 39 48
487 39 49
487 41 50
487 42 51
487 43 52
487 43 53
487 43 54
487 45 55
487 45 56
487 45 57
487 47 54
487 47 56
488 0 1
488 1 2
488 2 3
488 3 4
488 4 5
489 0 1
489 0 2
489 1 3
489 1 4
489 2 5
489 3 6
489 3 7
489 4 6
489 4 8
489 5 9
489 6 10
489 6 11
489 8 12
489 9 13
489 10 14
489 12 15
489 13 16
489 13 17
489 13 18
489 14 19
489 15 20
489 15 21
489 16 22
489 17 23
489 18 24
489 18 25
489 19 26
489 20 27
489 21 28
489 21 29
489 21 30
489 23 31
489 24 25
489 24 32
489 24 33
489 25 34
489 26 35
489 26 36
489 26 37
489 27 37
489 34 38
489 35 37
489 35 39
489 36 38
489 36 40
489 36 41
489 36 42
489 36 43
489 37 44
489 40 45
489 40 46
489 41 47
489 43 48
489 43 49
489 44 47
489 47 50
489 48 51
489 51 52
489 52 53
489 53 54
489 54 55
489 54 56
489 55 57
489 55 58
489 56 59
489 56 60
489 56 61
489 57 62
489 59 63
489 61 64
489 62 65
489 62 66
489 63 67
489 64 68
489 65 69
489 66 70
489 66 71
489 67 72
489 67 73
490 0 1
490 1 2
490 1 3
490 1 4
490 2 5
490 2 6
490 3 4
490 3 7
490 3 8
490 6 9
490 6 10
490 6 11
490 9 12
490 9 13
490 10 14
490 10 15
490 11 16
490 12 17
490 13 18
490 14 19
490 15 20
490 16 21
490 17 22
490 18 23
490 21 24
490 23 25
490 23 26
490 24 27
490 25 28
490 26 29
490 27 30
490 27 31
490 27 32
490 28 33
490 30 34
490 30 35
490 31 35
490 31 36
490 31 37
490 32 38
490 32 39
490 33 40
490 36 41
490 37 42
490 37 43
490 39 44
490 39 45
490 40 46
490 40 47
490 41 48
490 41 49
490 41 50
490 41 51
490 43 52
490 43 53
490 43 54
490 44 55
490 45 56
490 46 57
490 46 58
490 46 59
490 47 48
490 47 60
490 49 61
490 49 62
490 50 63
490 51 64
490 51 65
490 51 66
490 53 67
490 53 68
490 53 69
490 54 70
490 54 71
490 56 59
490 56 72
490 61 64
490 61 73
490 63 74
490 64 75
490 65 76
490 66 77
490 67 75
490 77 78
491 0 1
491 0 2
491 1 3
491 1 4
491 1 5
491 2 6
491 3 7
491 3 8
491 4 9
491 4 10
491 5 11
491 6 12
491 6 13
491 7 14
491 7 15
491 7 16
491 8 17
491 8 18
491 8 19
491 9 20
491 9 21
491 9 22
491 10 12
491 10 20
491 10 23
491 10 24
491 11 13
491 12 25
491 12 26
491 14 19
491 14 27
491 14 28
491 15 29
491 16 27
491 16 30
491 25 31
491 26 32
491 26 33
491 29 34
491 29 35
491 31 36
491 31 37
491 32 38
491 33 37
491 33 39
491 34 40
491 35 41
491 35 42
491 36 43
491 36 44
491 36 45
491 37 46
491 38 47
491 39 48
491 40 49
491 41 50
491 45 51
491 46 52
491 47 53
491 48 51
491 48 54
491 48 55
491 49 53
491 49 56
491 50 57
491 50 58
491 50 59
491 57 60
491 58 61
491 59 62
491 59 63
491 60 64
491 62 65
491 63 66
491 64 67
491 66 68
491 67 69
491 68 70
491 70 71
491 70 72
491 71 73
491 73 74
492 0 1
492 0 2
492 0 3
492 0 4
492 2 5
492 3 6
492 4 7
492 5 8
492 6 9
492 6 10
492 6 11
492 7 12
492 7 13
492 8 14
492 9 15
492 10 16
492 11 17
492 11 18
492 11 19
492 12 20
492 12 21
492 14 21
492 14 22
492 15 23
492 16 17
492 16 24
492 17 25
492 19 26
492 20 27
492 21 28
492 21 29
492 22 30
492 23 31
492 24 32
492 26 33
492 27 34
492 28 35
492 28 36
492 29 37
492 29 38
492 30 39
492 30 40
492 30 41
492 31 42
492 31 43
492 32 44
492 32 45
492 33 46
492 35 47
492 37 48
492 37 49
492 38 50
492 39 51
492 40 52
492 40 53
492 42 54
492 43 55
492 45 56
492 46 57
492 49 58
492 50 58
492 50 59
492 53 60
492 53 61
492 54 62
492 55 63
492 55 64
492 55 65
492 58 66
492 59 67
492 59 68
492 60 69
492 61 70
492 62 71
492 63 72
492 64 73
492 67 68
493 0 1
493 0 2
493 0 3
493 1 2
493 1 4
493 2 5
493 3 6
493 3 7
493 4 8
493 4 9
493 5 10
493 7 11
493 7 12
493 8 13
493 10 14
493 11 15
493 12 16
493 13 17
493 15 18
493 16 19
493 18 20
493 18 21
493 18 22
493 19 23
493 19 24
493 19 25
493 20 26
493 21 27
493 21 28
493 22 29
493 23 30
493 26 31
493 27 32
493 27 33
493 29 34
493 29 35
493 30 36
493 30 37
493 31 38
493 31 39
493 33 40
493 34 41
493 35 42
493 36 43
493 36 44
493 38 45
493 38 46
493 38 47
493 39 48
493 40 49
493 40 50
493 41 45
493 41 51
493 41 52
493 41 53
493 42 54
493 42 55
493 43 56
493 45 53
493 45 57
493 45 58
493 48 59
493 48 60
493 48 61
493 48 62
493 50 63
493 50 64
493 52 65
493 53 59
493 53 66
493 53 67
493 53 68
493 53 69
493 54 70
493 60 63
493 65 71
493 66 72
494 0 1
494 1 2
494 1 3
494 1 4
494 2 5
494 3 6
494 3 7
494 4 8
494 6 9
494 6 10
494 7 11
494 7 12
494 7 13
494 8 14
494 9 15
494 10 16
494 10 17
494 11 17
494 11 18
494 11 19
494 12 18
494 12 20
494 13 21
494 14 22
494 14 23
494 16 24
494 16 25
494 17 26
494 18 27
494 18 28
494 21 29
494 24 30
494 24 31
494 25 32
494 26 33
494 26 34
494 27 35
494 27 36
494 29 37
494 29 38
494 29 39
494 29 40
494 30 41
494 30 42
494 31 43
494 31 44
494 32 34
494 32 45
494 32 46
494 33 47
494 34 36
494 37 39
494 38 48
494 39 49
494 40 49
494 40 50
494 41 51
494 41 52
494 45 53
494 45 54
494 46 55
494 47 56
494 48 57
494 48 58
494 48 59
494 49 54
494 49 60
494 49 61
494 50 62
494 50 63
494 52 64
494 52 65
494 53 66
494 55 61
494 55 67
494 56 68
494 57 69
494 57 70
494 58 71
494 58 72
494 59 73
494 59 74
494 60 73
494 60 74
494 60 75
494 61 76
494 62 68
494 62 75
494 65 77
494 66 69
494 66 78
494 66 79
494 71 77
495 0 1
495 0 2
495 1 3
495 1 4
495 1 5
495 2 6
495 2 7
495 2 8
495 3 9
495 4 10
495 4 11
495 4 12
495 5 13
495 5 14
495 7 14
495 7 15
495 7 16
495 7 17
495 8 9
495 8 11
495 8 18
495 9 19
495 10 20
495 11 21
495 11 22
495 13 14
495 14 21
495 14 23
495 14 24
495 14 25
495 15 20
495 16 26
495 16 27
495 17 28
495 18 25
495 18 26
495 18 29
495 19 30
495 20 31
495 21 32
495 23 33
495 25 34
495 25 35
495 25 36
495 26 37
495 26 38
495 28 33
495 28 39
495 28 40
495 29 41
495 29 42
495 33 37
495 33 43
495 34 44
495 35 45
495 36 46
495 38 47
495 39 48
495 39 49
495 40 50
495 40 51
495 41 47
495 41 52
495 43 53
495 44 45
495 44 54
495 45 47
495 45 55
495 46 56
495 47 57
495 48 58
495 48 59
495 49 51
495 51 60
495 52 61
495 52 62
495 53 63
495 55 56
495 57 64
495 58 61
495 58 63
495 59 65
495 59 66
495 62 67
495 62 68
495 62 69
495 62 70
495 64 71
495 67 72
495 68 73
495 68 74
496 0 1
496 1 2
496 2 3
496 2 4
496 2 5
496 2 6
496 2 7
496 3 5
496 4 8
496 5 6
496 5 9
496 7 10
496 7 11
496 8 12
496 8 13
496 9 14
496 10 14
496 10 15
496 12 16
496 13 17
496 13 18
496 15 19
496 17 20
496 17 21
496 18 22
496 18 23
496 18 24
496 19 25
496 20 26
496 20 27
496 21 28
496 21 29
496 22 30
496 22 31
496 22 32
496 24 33
496 25 28
496 25 34
496 26 35
496 27 31
496 28 36
496 29 37
496 29 38
496 31 39
496 34 40
496 34 41
496 35 42
496 36 43
496 37 39
496 37 44
496 37 45
496 38 46
496 38 47
496 39 48
496 40 46
496 40 49
496 41 50
496 44 51
496 47 52
496 48 53
496 48 54
496 50 55
496 51 56
496 52 57
496 53 58
496 53 59
496 54 60
496 55 61
496 56 62
496 57 62
496 58 63
496 59 64
496 59 65
496 60 66
496 61 67
496 62 68
496 63 69
496 63 70
496 64 71
496 64 72
496 65 73
496 66 74
496 67 75
496 68 76
496 69 77
496 70 78
496 70 79
497 0 1
497 0 2
497 0 3
497 0 4
497 1 5
497 1 6
497 2 7
497 3 4
497 4 8
497 5 9
497 5 10
497 5 11
497 5 12
497 5 13
497 6 14
497 7 13
497 7 15
497 7 16
497 7 17
497 8 14
497 8 18
497 9 13
497 10 19
497 10 20
497 11 13
497 11 21
497 11 22
497 12 23
497 15 24
497 18 25
497 19 26
497 22 27
497 23 28
497 24 26
497 24 29
497 24 30
497 24 31
497 26 32
497 27 33
497 29 34
497 30 35
497 31 36
497 32 37
497 33 38
497 34 39
497 34 40
497 35 41
497 35 42
497 37 38
497 37 43
497 38 44
497 38 45
497 39 46
497 40 47
497 40 48
497 40 49
497 41 42
497 42 50
497 46 48
497 46 51
497 47 52
497 47 53
497 47 54
497 49 50
497 49 52
497 49 55
497 50 56
497 50 57
497 51 58
497 52 59
497 53 60
497 54 61
497 54 62
497 55 62
497 56 63
497 57 64
497 57 65
497 58 66
497 58 67
497 58 68
497 60 69
497 61 68
497 66 70
497 68 71
498 0 1
498 0 2
498 0 3
498 0 4
498 0 5
498 0 6
498 0 7
498 1 8
498 1 9
498 2 10
498 3 9
498 3 11
498 4 5
498 4 12
498 4 13
498 4 14
498 6 15
498 7 16
498 8 17
498 8 18
498 8 19
498 9 20
498 9 21
498 10 22
498 11 23
498 12 24
498 14 25
498 14 26
498 15 27
498 15 28
498 16 29
498 16 30
498 17 31
498 17 32
498 17 33
498 19 29
498 21 34
498 22 35
498 22 36
498 26 37
498 27 38
498 28 39
498 28 40
498 28 41
498 29 34
498 30 42
498 32 43
498 32 44
498 33 45
498 35 46
498 35 47
498 37 48
498 38 49
498 38 50
498 38 51
498 39 52
498 40 48
498 40 53
498 44 54
498 44 55
498 44 56
498 45 56
498 45 57
498 45 58
498 45 59
498 50 60
498 53 61
498 54 62
498 55 63
498 56 64
498 57 65
498 59 66
498 59 67
498 60 63
498 60 68
498 60 69
498 60 70
498 61 71
498 61 72
498 63 69
498 63 72
499 0 1
499 0 2
499 1 3
499 1 4
499 1 5
499 2 6
499 3 7
499 3 8
499 4 9
499 5 10
499 5 11
499 6 12
499 6 13
499 7 14
499 7 15
499 7 16
499 8 17
499 8 18
499 10 11
499 10 19
499 10 20
499 10 21
499 11 22
499 11 23
499 14 23
499 14 24
499 14 25
499 15 22
499 15 26
499 15 27
499 16 28
499 16 29
499 17 26
499 17 30
499 19 31
499 23 32
499 26 33
499 26 34
499 26 35
499 27 36
499 28 35
499 28 37
499 29 38
499 30 39
499 30 40
499 31 35
499 31 41
499 33 42
499 38 43
499 39 44
499 40 45
499 40 46
499 40 47
499 42 48
499 42 49
499 47 50
499 47 51
499 48 52
499 48 53
499 50 54
499 52 55
499 52 56
499 54 57
499 54 58
499 55 59
499 56 60
499 56 61
499 57 62
499 57 63
499 58 64
499 59 65
499 60 66
499 60 67
499 61 68
499 62 69
499 65 70
499 66 71
499 69 72
499 72 73
