0 0 1
0 1 2
0 2 3
0 3 4
0 3 5
0 3 6
0 4 7
0 4 8
0 5 9
0 6 10
0 7 11
0 8 12
0 9 13
0 10 14
0 10 15
0 11 16
0 12 17
0 14 18
0 14 19
0 15 20
0 16 21
0 17 22
0 18 23
0 18 24
0 19 25
0 20 22
0 20 26
0 21 27
0 22 28
0 22 29
0 23 30
0 23 31
0 23 32
0 23 33
0 24 34
0 25 35
0 26 36
0 27 29
0 28 37
0 30 38
0 31 39
0 32 40
0 33 41
0 34 42
0 35 43
0 36 44
0 36 45
0 37 46
0 38 47
0 39 48
0 40 49
0 41 50
0 42 51
0 43 52
0 44 53
0 45 54
0 46 55
0 47 56
0 48 57
0 49 58
0 50 59
0 51 60
0 52 61
0 53 62
0 53 63
0 54 64
1 0 1
1 1 2
1 2 3
1 3 4
1 3 5
1 3 6
1 4 7
1 5 8
1 5 9
1 6 10
1 7 11
1 8 12
1 9 13
1 10 14
1 10 15
1 12 16
1 13 17
1 14 18
1 15 19
1 15 20
1 16 21
1 17 22
1 18 22
1 18 23
1 19 24
1 20 25
1 20 26
1 21 27
1 22 28
1 22 29
1 23 30
1 24 31
1 25 32
1 26 33
1 26 34
1 26 35
1 26 36
1 27 29
1 28 37
1 30 38
1 30 39
1 31 40
1 32 41
1 33 42
1 34 43
1 35 44
1 36 45
1 37 46
1 38 47
1 39 48
1 40 49
1 41 50
1 42 51
1 43 52
1 44 53
1 45 54
1 46 55
1 47 56
1 47 57
1 48 58
1 49 59
1 50 60
1 51 61
1 52 62
1 53 63
1 54 64
1 56 65
1 56 66
1 57 67
1 58 68
1 59 69
1 60 70
1 60 71
1 61 72
1 62 73
1 62 74
1 62 75
1 63 76
1 64 77
1 65 78
1 66 79
1 66 80
1 67 81
1 68 82
1 69 83
1 70 84
2 0 1
2 0 2
2 2 3
2 3 4
2 4 5
2 5 6
2 6 7
2 7 8
2 8 9
2 9 10
2 10 11
2 11 12
2 12 13
2 13 14
2 13 15
2 14 16
2 15 17
2 15 18
2 16 19
2 17 20
2 18 21
2 19 22
2 20 23
2 21 23
2 22 24
2 23 25
2 23 26
2 24 27
2 25 28
2 26 29
2 27 30
2 28 31
2 29 32
2 30 33
2 32 34
2 33 35
2 33 36
2 34 37
2 35 38
2 36 39
2 37 40
2 37 41
2 38 42
2 38 43
2 38 44
2 38 45
2 39 46
2 40 47
2 41 48
2 42 49
2 43 50
2 44 51
2 45 52
2 46 53
2 47 54
2 48 55
2 49 56
2 50 57
2 51 58
2 52 59
2 53 60
2 54 61
2 55 62
2 56 63
2 57 64
2 58 65
2 59 66
2 60 67
2 61 68
2 62 68
2 62 69
2 62 70
2 63 71
3 0 1
3 0 2
3 1 3
3 2 4
3 3 5
3 4 6
3 4 7
3 5 8
3 6 9
3 7 10
3 8 11
3 9 12
3 10 13
3 11 14
3 12 15
3 13 16
3 15 17
3 16 18
3 16 19
3 17 20
3 18 21
3 18 22
3 19 23
3 20 24
3 20 25
3 21 26
3 22 27
3 23 28
3 23 29
3 24 30
3 25 31
3 26 32
3 27 29
3 28 33
3 28 34
3 28 35
3 29 35
3 29 36
3 30 37
3 30 38
3 31 39
3 32 40
3 33 41
3 34 42
3 36 43
3 36 44
3 37 45
3 38 46
3 39 47
3 40 48
3 41 49
3 42 50
3 43 51
3 44 52
3 45 53
3 46 54
3 47 55
3 47 56
3 48 57
3 49 58
3 50 59
3 51 60
3 52 61
3 53 62
3 54 63
3 55 64
3 56 65
3 57 66
3 58 67
3 59 68
3 60 69
3 61 70
3 61 71
3 62 72
3 63 73
3 65 74
3 66 75
3 68 76
4 0 1
4 1 2
4 2 3
4 3 4
4 3 5
4 4 6
4 5 7
4 5 8
4 6 9
4 6 10
4 7 11
4 8 12
4 9 13
4 9 14
4 10 15
4 11 14
4 11 16
4 12 17
4 15 18
4 15 19
4 16 20
4 17 21
4 17 22
4 18 23
4 19 24
4 20 25
4 21 26
4 22 27
4 23 28
4 24 29
4 26 30
4 27 31
4 27 32
4 28 33
4 29 34
4 30 35
4 31 36
4 32 37
4 32 38
4 33 39
4 34 40
4 35 36
4 36 41
4 37 42
4 38 43
4 39 44
4 40 45
4 41 46
4 42 47
4 43 48
4 44 49
4 45 50
4 45 51
4 46 52
4 47 53
4 48 54
4 49 55
4 50 56
4 51 57
4 53 58
4 54 59
4 54 60
4 56 61
4 57 62
4 58 63
4 59 64
4 59 65
4 60 66
4 60 67
4 62 68
4 63 69
4 64 69
4 65 70
4 66 71
4 67 72
4 68 73
4 70 74
4 70 75
4 71 76
4 72 77
4 72 78
4 73 79
5 0 1
5 0 2
5 0 3
5 1 4
5 2 5
5 3 6
5 4 7
5 5 8
5 6 9
5 7 10
5 8 11
5 9 12
5 10 13
5 11 14
5 12 15
5 13 16
5 14 17
5 15 18
5 16 19
5 17 20
5 18 21
5 19 22
5 20 23
5 21 24
5 23 25
5 24 26
5 24 27
5 24 28
5 25 29
5 25 30
5 26 31
5 27 32
5 27 33
5 28 34
5 29 35
5 30 36
5 31 37
5 32 38
5 33 37
5 34 39
5 35 40
5 36 41
5 36 42
5 37 43
5 38 44
5 39 45
5 40 46
5 41 47
5 42 48
5 44 49
5 45 50
5 46 51
5 47 52
5 48 53
5 49 54
5 50 55
5 51 56
5 52 57
5 53 58
5 54 59
5 54 60
5 55 61
5 56 62
5 57 63
5 58 64
5 58 65
5 59 66
5 60 67
5 60 68
5 61 69
5 62 70
5 63 71
6 0 1
6 0 2
6 1 3
6 2 4
6 3 5
6 4 6
6 5 7
6 6 8
6 7 9
6 8 10
6 9 11
6 10 12
6 11 13
6 12 14
6 12 15
6 13 16
6 15 17
6 16 18
6 17 19
6 18 20
6 19 21
6 20 22
6 20 23
6 20 24
6 21 25
6 22 26
6 23 27
6 23 28
6 24 29
6 25 30
6 26 31
6 27 31
6 28 32
6 29 33
6 30 34
6 30 35
6 30 36
6 31 37
6 32 38
6 33 39
6 34 40
6 35 41
6 36 42
6 38 43
6 39 44
6 40 45
6 41 46
6 42 47
6 43 48
6 44 49
6 45 50
6 46 51
6 47 52
6 48 53
6 48 54
6 49 55
6 50 56
6 52 57
6 53 58
6 53 59
6 54 60
6 55 61
6 56 62
6 57 63
6 58 64
6 59 65
6 60 66
6 61 67
6 61 68
6 62 69
6 62 70
7 0 1
7 0 2
7 0 3
7 1 4
7 1 5
7 2 6
7 3 7
7 4 8
7 5 9
7 6 10
7 7 11
7 9 12
7 10 13
7 11 13
7 12 14
7 12 15
7 13 16
7 14 17
7 15 18
7 16 19
7 16 20
7 17 21
7 17 22
7 17 23
7 17 24
7 18 25
7 18 26
7 19 27
7 20 28
7 21 29
7 21 30
7 22 31
7 22 32
7 23 26
7 24 33
7 24 34
7 25 35
7 26 36
7 27 37
7 28 38
7 29 39
7 30 40
7 31 41
7 31 42
7 32 43
7 33 44
7 34 45
7 35 46
7 36 47
7 36 48
7 36 49
7 36 50
7 37 51
7 38 52
7 39 53
7 40 54
7 41 48
7 42 44
7 43 46
7 43 55
7 44 56
7 45 57
7 47 49
7 47 56
7 51 58
7 51 59
7 51 60
7 52 61
7 52 62
7 52 63
7 53 64
7 54 65
7 55 66
7 57 67
7 58 68
7 59 69
7 60 70
7 61 71
7 62 72
7 63 73
7 64 74
7 64 75
7 65 76
8 0 1
8 0 2
8 1 3
8 2 4
8 3 5
8 4 6
8 5 7
8 6 8
8 7 9
8 8 10
8 9 11
8 10 12
8 11 13
8 12 14
8 13 15
8 14 16
8 15 17
8 16 18
8 17 19
8 18 20
8 19 21
8 20 22
8 21 23
8 22 24
8 23 25
8 25 26
8 26 27
8 27 28
8 28 29
8 29 30
8 30 31
8 31 32
8 32 33
8 33 34
8 34 35
8 35 36
8 36 37
8 37 38
8 38 39
8 39 40
8 40 41
8 41 42
8 41 43
8 42 44
8 42 45
8 43 46
8 44 47
8 45 48
8 46 49
8 47 50
8 47 51
8 48 52
8 49 53
8 50 54
8 51 55
8 52 56
8 53 57
8 54 58
8 55 59
8 56 60
8 57 61
8 58 62
8 59 63
8 59 64
8 60 65
8 61 66
8 62 65
8 63 67
8 64 68
8 64 69
8 66 70
8 67 71
8 67 72
8 68 73
8 68 74
9 0 1
9 0 2
9 1 3
9 2 4
9 2 5
9 3 6
9 4 7
9 5 8
9 6 9
9 7 10
9 8 11
9 8 12
9 9 13
9 10 14
9 11 15
9 11 16
9 12 17
9 13 18
9 13 19
9 14 20
9 16 21
9 17 22
9 17 23
9 18 24
9 19 25
9 20 26
9 21 27
9 21 28
9 22 29
9 23 27
9 23 30
9 24 31
9 25 32
9 26 33
9 28 34
9 29 35
9 30 36
9 31 37
9 33 38
9 34 39
9 36 40
9 37 41
9 40 42
9 40 43
9 41 44
9 42 45
9 43 46
9 44 47
9 45 48
9 45 49
9 46 50
9 48 51
9 49 52
9 49 53
9 50 54
9 51 54
9 51 55
9 52 56
9 53 57
9 55 58
9 56 59
9 57 60
9 58 61
10 0 1
10 0 2
10 1 3
10 2 4
10 3 5
10 5 6
10 6 7
10 7 8
10 8 9
10 9 10
10 10 11
10 11 12
10 12 13
10 13 14
10 14 15
10 15 16
10 16 17
10 17 18
10 17 19
10 18 20
10 19 21
10 20 22
10 21 23
10 22 24
10 23 25
10 24 26
10 25 27
10 27 28
10 27 29
10 27 30
10 28 31
10 29 32
10 30 33
10 31 34
10 31 35
10 32 36
10 33 37
10 34 38
10 35 39
10 36 38
10 37 40
10 40 41
10 40 42
10 41 43
10 42 44
10 42 45
10 43 46
10 44 47
10 45 48
10 46 49
10 47 50
10 48 51
10 49 52
10 49 53
10 49 54
10 50 55
10 51 55
10 52 56
10 53 57
10 54 58
11 0 1
11 0 2
11 1 3
11 2 4
11 3 5
11 4 6
11 5 7
11 5 8
11 5 9
11 6 7
11 6 10
11 8 11
11 9 12
11 10 13
11 11 14
11 12 15
11 14 16
11 15 17
11 16 18
11 17 19
11 17 20
11 18 21
11 18 22
11 19 23
11 20 24
11 20 25
11 21 26
11 22 27
11 23 28
11 24 29
11 25 30
11 26 31
11 27 32
11 28 33
11 29 34
11 30 35
11 31 36
11 32 37
11 33 38
11 33 39
11 33 40
11 34 41
11 35 41
11 36 42
11 37 43
11 38 44
11 39 45
11 40 46
11 41 47
11 43 48
11 44 49
11 45 50
11 46 51
11 47 52
11 47 53
11 48 54
11 49 55
11 50 56
11 50 57
11 51 58
11 52 59
11 53 60
11 54 61
11 55 62
11 55 63
11 56 62
11 57 64
11 58 65
11 58 66
11 58 67
11 58 68
11 59 69
11 61 70
11 63 71
11 64 72
11 65 73
11 65 74
11 66 72
11 67 75
12 0 1
12 0 2
12 1 3
12 1 4
12 2 5
12 3 6
12 3 7
12 4 8
12 4 9
12 4 10
12 4 11
12 5 12
12 6 13
12 7 14
12 7 15
12 8 16
12 9 17
12 10 18
12 11 19
12 12 20
12 13 21
12 14 22
12 15 23
12 16 24
12 17 25
12 18 26
12 19 27
12 20 28
12 20 29
12 21 30
12 22 31
12 22 32
12 23 33
12 23 34
12 23 35
12 24 36
12 25 37
12 26 38
12 27 39
12 28 40
12 29 41
12 30 42
12 31 43
12 32 44
12 32 45
12 32 46
12 33 47
12 34 48
12 34 49
12 35 50
12 36 51
12 37 52
12 38 53
12 39 54
12 39 55
12 39 56
12 40 57
12 40 58
12 42 59
12 43 60
12 43 61
12 44 62
12 45 63
12 46 64
12 47 65
12 48 66
12 49 64
12 50 67
12 53 68
12 53 69
12 54 70
12 55 69
12 56 71
12 57 68
12 58 71
12 59 72
12 60 73
12 61 74
12 62 75
12 63 76
12 66 77
12 70 78
12 72 79
12 73 80
12 76 77
13 0 1
13 0 2
13 1 3
13 2 4
13 3 5
13 4 6
13 5 7
13 6 8
13 7 9
13 8 10
13 9 11
13 10 12
13 11 13
13 13 14
13 13 15
13 14 16
13 15 17
13 15 18
13 16 19
13 17 20
13 18 21
13 19 22
13 20 23
13 21 23
13 22 24
13 23 25
13 23 26
13 24 27
13 25 28
13 26 29
13 27 30
13 28 31
13 29 32
13 30 33
13 31 34
13 33 35
13 33 36
13 34 37
13 35 38
13 36 39
13 37 40
13 37 41
13 38 42
13 39 43
13 39 44
13 39 45
13 39 46
13 40 47
13 41 48
13 42 49
13 43 50
13 44 51
13 45 52
13 46 53
13 47 54
13 48 55
13 49 56
13 50 57
13 51 58
13 52 59
13 53 60
13 54 61
13 55 62
13 56 63
13 57 64
13 58 65
13 59 66
13 60 67
13 61 68
13 62 68
13 62 69
13 62 70
13 63 71
14 0 1
14 0 2
14 1 3
14 2 4
14 3 5
14 4 6
14 5 7
14 6 8
14 7 9
14 8 10
14 9 11
14 10 12
14 10 13
14 11 14
14 12 15
14 14 16
14 15 17
14 16 18
14 17 19
14 18 20
14 19 21
14 20 22
14 21 23
14 22 24
14 22 25
14 22 26
14 23 27
14 23 28
14 23 29
14 24 30
14 25 31
14 25 32
14 26 33
14 27 34
14 28 35
14 29 36
14 30 37
14 31 38
14 32 39
14 33 38
14 34 40
14 35 41
14 36 42
14 37 43
14 38 44
14 39 45
14 40 46
14 41 47
14 42 48
14 43 49
14 45 50
14 46 51
14 47 52
14 49 53
14 50 54
14 51 55
14 52 56
14 53 57
14 54 58
14 54 59
14 55 60
14 55 61
14 56 62
14 57 63
14 58 64
14 58 65
14 59 66
14 60 67
14 61 68
14 62 69
14 63 70
14 63 71
14 64 72
14 65 73
14 66 74
14 67 75
14 68 76
14 69 77
14 70 78
14 71 79
14 72 80
14 72 81
14 73 82
14 74 83
14 75 84
14 76 85
14 77 86
14 78 87
14 79 88
14 80 89
14 82 90
14 83 86
14 84 91
15 0 1
15 0 2
15 1 3
15 1 4
15 3 5
15 4 6
15 4 7
15 5 8
15 6 9
15 7 10
15 9 11
15 10 12
15 11 13
15 12 14
15 13 15
15 14 16
15 15 17
15 16 18
15 17 19
15 18 20
15 19 21
15 20 22
15 21 23
15 22 24
15 23 25
15 25 26
15 25 27
15 26 28
15 27 29
15 28 30
15 29 31
15 29 32
15 30 33
15 31 34
15 32 35
15 33 36
15 34 37
15 35 38
15 36 39
15 37 40
15 38 41
15 39 42
15 40 43
15 41 44
15 41 45
15 42 46
15 43 47
15 44 48
15 45 49
15 46 50
15 47 51
15 47 52
15 49 53
15 50 54
15 50 55
15 51 56
15 52 57
15 54 58
15 55 59
15 56 60
15 57 61
15 58 62
15 59 63
15 60 64
15 61 65
15 62 66
15 63 67
15 64 68
16 0 1
16 0 2
16 1 3
16 2 4
16 3 5
16 3 6
16 4 7
16 4 8
16 5 9
16 5 10
16 6 11
16 7 12
16 8 13
16 8 14
16 8 15
16 8 16
16 9 17
16 9 18
16 10 19
16 11 20
16 12 21
16 12 22
16 13 23
16 13 24
16 14 25
16 14 26
16 15 27
16 16 28
16 17 29
16 17 30
16 18 31
16 19 32
16 20 33
16 21 23
16 22 34
16 23 35
16 24 36
16 25 37
16 26 38
16 27 39
16 27 40
16 28 41
16 28 42
16 29 43
16 29 44
16 30 32
16 31 32
16 33 45
16 34 41
16 34 46
16 35 47
16 36 48
16 36 49
16 37 50
16 38 51
16 39 52
16 40 42
16 41 46
16 41 47
16 41 53
16 42 54
16 43 55
16 44 56
16 45 57
16 45 58
16 48 59
16 49 60
16 50 61
16 51 62
16 52 63
16 54 59
16 55 64
16 56 65
16 56 66
16 57 67
16 58 68
16 60 69
16 60 70
16 61 71
16 62 72
16 62 73
16 63 74
16 66 67
17 0 1
17 0 2
17 1 3
17 2 4
17 3 5
17 4 6
17 5 7
17 6 8
17 6 9
17 7 10
17 8 11
17 9 12
17 10 13
17 11 14
17 12 15
17 13 16
17 14 17
17 16 18
17 17 19
17 18 20
17 19 21
17 20 22
17 21 23
17 22 24
17 23 25
17 25 26
17 26 27
17 27 28
17 28 29
17 29 30
17 30 31
17 31 32
17 32 33
17 33 34
17 34 35
17 35 36
17 36 37
17 37 38
17 38 39
17 39 40
17 40 41
17 41 42
17 42 43
17 43 44
17 44 45
17 45 46
17 46 47
17 47 48
17 48 49
17 49 50
17 50 51
17 51 52
17 52 53
17 53 54
17 54 55
17 55 56
17 56 57
17 56 58
17 56 59
17 57 60
17 58 61
17 59 62
17 60 63
17 61 64
17 62 65
17 63 66
17 63 67
17 64 68
17 65 69
17 66 70
17 67 71
17 68 72
17 70 73
17 70 74
17 71 75
17 72 76
17 73 77
17 74 78
17 75 79
18 0 1
18 0 2
18 1 3
18 1 4
18 2 5
18 2 6
18 2 7
18 2 8
18 3 9
18 4 10
18 5 11
18 6 12
18 7 13
18 8 14
18 9 15
18 10 16
18 11 17
18 12 18
18 13 19
18 14 20
18 15 21
18 16 22
18 17 23
18 18 24
18 19 25
18 20 26
18 21 27
18 22 28
18 23 29
18 24 30
18 25 31
18 26 32
18 27 33
18 28 34
18 29 35
18 30 36
18 31 37
18 33 38
18 34 39
18 35 40
18 36 41
18 37 42
18 38 43
18 39 44
18 40 45
18 41 46
18 41 47
18 42 48
18 43 49
18 43 50
18 44 51
18 45 52
18 46 53
18 47 54
18 49 55
18 49 56
18 50 57
18 51 58
18 52 59
18 53 60
18 54 61
18 55 62
18 56 63
18 57 64
18 58 65
18 59 66
18 60 67
18 61 68
18 62 69
18 63 69
18 64 70
18 65 71
18 66 72
18 67 68
18 69 73
18 69 74
19 0 1
19 0 2
19 1 3
19 2 4
19 3 5
19 4 6
19 5 7
19 6 8
19 7 9
19 8 10
19 9 11
19 10 12
19 11 13
19 12 14
19 12 15
19 13 16
19 13 17
19 14 18
19 15 19
19 15 20
19 16 21
19 17 22
19 18 23
19 19 24
19 20 25
19 21 26
19 21 27
19 21 28
19 21 29
19 22 30
19 23 31
19 24 32
19 24 33
19 24 34
19 25 35
19 25 36
19 26 37
19 27 38
19 28 39
19 29 40
19 30 41
19 31 42
19 32 43
19 33 44
19 34 42
19 35 45
19 36 46
19 37 47
19 38 48
19 39 49
19 40 50
19 41 51
19 43 52
19 44 53
19 45 54
19 45 55
19 46 56
19 47 57
19 48 58
19 49 59
19 50 60
19 51 61
19 52 62
19 52 63
19 53 64
19 53 65
19 54 66
19 54 67
19 55 68
19 55 69
19 55 70
19 55 71
19 56 72
19 57 73
19 58 74
19 59 75
19 60 76
19 61 77
19 62 78
19 64 79
19 65 80
19 66 81
19 67 82
19 68 83
20 0 1
20 0 2
20 1 3
20 2 4
20 3 5
20 4 6
20 5 7
20 6 8
20 6 9
20 7 10
20 8 11
20 9 12
20 10 13
20 11 14
20 12 15
20 13 16
20 15 17
20 16 18
20 17 19
20 18 20
20 19 21
20 20 22
20 21 23
20 22 24
20 23 25
20 25 26
20 26 27
20 27 28
20 28 29
20 29 30
20 30 31
20 31 32
20 32 33
20 33 34
20 34 35
20 35 36
20 36 37
20 37 38
20 38 39
20 39 40
20 40 41
20 41 42
20 42 43
20 43 44
20 44 45
20 45 46
20 46 47
20 47 48
20 48 49
20 49 50
20 50 51
20 51 52
20 52 53
20 53 54
20 54 55
20 55 56
20 56 57
20 56 58
20 56 59
20 57 60
20 58 61
20 59 62
20 60 63
20 61 64
20 62 65
20 63 66
20 64 67
20 64 68
20 65 69
20 67 70
20 68 71
20 69 72
20 70 73
20 71 74
20 71 75
20 72 76
20 73 77
21 0 1
21 0 2
21 0 3
21 1 4
21 2 5
21 3 6
21 4 7
21 5 8
21 6 9
21 7 10
21 9 11
21 10 12
21 11 13
21 12 14
21 13 15
21 14 16
21 15 17
21 16 18
21 17 19
21 18 20
21 19 21
21 20 22
21 21 23
21 22 24
21 23 25
21 24 26
21 25 27
21 26 28
21 27 29
21 28 30
21 29 31
21 30 32
21 32 33
21 33 34
21 34 35
21 35 36
21 36 37
21 37 38
21 38 39
21 39 40
21 40 41
21 41 42
21 42 43
21 43 44
21 44 45
21 45 46
21 46 47
21 47 48
21 48 49
21 49 50
21 50 51
21 51 52
21 52 53
21 53 54
21 54 55
21 55 56
21 56 57
21 56 58
21 56 59
21 57 60
21 58 61
21 59 62
21 60 63
21 61 64
21 62 65
21 63 66
21 64 67
21 64 68
21 65 69
21 67 70
21 68 71
21 69 72
21 70 73
21 71 74
21 71 75
21 72 76
21 73 77
22 0 1
22 0 2
22 1 3
22 1 4
22 1 5
22 2 6
22 2 7
22 3 8
22 4 9
22 5 10
22 6 11
22 7 12
22 8 13
22 9 14
22 10 15
22 12 14
22 13 16
22 15 17
22 16 18
22 16 19
22 17 20
22 18 21
22 19 22
22 19 23
22 20 24
22 20 25
22 21 26
22 22 27
22 23 28
22 24 29
22 25 30
22 26 31
22 27 32
22 28 33
22 29 34
22 30 35
22 31 36
22 31 37
22 31 38
22 32 39
22 33 39
22 34 40
22 35 41
22 36 42
22 37 43
22 38 44
22 39 45
22 40 46
22 41 47
22 42 48
22 43 49
22 44 50
22 45 51
22 45 52
22 46 53
22 48 54
22 49 55
22 50 56
22 50 57
22 51 58
22 52 59
22 53 60
22 54 61
22 54 62
22 55 63
22 55 64
22 55 65
22 55 66
22 56 61
22 57 67
22 58 68
22 60 69
22 62 70
22 63 71
22 64 72
22 65 73
22 66 74
22 66 75
22 67 73
22 68 76
22 68 77
22 69 78
22 70 79
22 70 80
23 0 1
23 0 2
23 1 3
23 2 4
23 3 5
23 4 6
23 5 7
23 6 8
23 6 9
23 7 10
23 8 11
23 9 12
23 10 13
23 11 14
23 12 15
23 13 16
23 14 17
23 15 18
23 16 19
23 17 20
23 18 21
23 19 22
23 20 23
23 21 24
23 23 25
23 24 26
23 24 27
23 24 28
23 25 29
23 26 30
23 27 31
23 28 32
23 29 33
23 30 34
23 31 35
23 32 36
23 33 37
23 34 38
23 35 39
23 36 40
23 37 41
23 39 42
23 40 43
23 41 44
23 41 45
23 42 46
23 43 47
23 44 48
23 45 49
23 46 50
23 46 51
23 47 52
23 48 53
23 49 54
23 49 55
23 51 56
23 52 57
23 53 58
23 54 59
23 55 60
23 56 61
23 57 62
23 58 63
23 59 64
23 60 65
23 61 66
24 0 1
24 0 2
24 1 3
24 2 4
24 3 5
24 4 6
24 4 7
24 6 8
24 6 9
24 7 10
24 8 11
24 9 12
24 10 13
24 10 14
24 11 15
24 12 16
24 14 17
24 15 18
24 16 19
24 18 20
24 19 21
24 20 22
24 20 23
24 21 24
24 22 25
24 23 26
24 23 27
24 23 28
24 24 29
24 25 30
24 25 31
24 26 32
24 27 33
24 28 30
24 29 34
24 32 35
24 33 36
24 34 37
24 35 38
24 36 39
24 37 40
24 38 41
24 39 42
24 40 43
24 41 44
24 42 45
24 43 46
24 44 47
24 45 48
24 46 49
24 47 50
24 48 51
24 49 52
24 50 53
24 50 54
24 51 55
24 52 56
24 53 57
24 54 58
24 55 59
24 56 60
24 56 61
24 56 62
24 57 63
24 58 64
24 59 65
24 60 66
24 61 67
24 62 68
24 63 69
24 64 70
24 65 71
24 66 72
24 67 73
24 68 74
24 69 75
24 70 76
24 71 77
24 72 78
24 73 79
24 74 80
24 75 81
24 76 82
24 77 83
24 78 84
24 79 85
24 81 86
24 82 87
24 83 88
25 0 1
25 0 2
25 2 3
25 3 4
25 4 5
25 5 6
25 6 7
25 7 8
25 7 9
25 8 10
25 9 11
25 10 12
25 11 13
25 13 14
25 14 15
25 15 16
25 16 17
25 16 18
25 17 19
25 18 20
25 19 21
25 20 22
25 20 23
25 21 24
25 22 25
25 22 26
25 23 27
25 24 28
25 25 29
25 27 30
25 27 31
25 28 32
25 29 33
25 29 34
25 30 33
25 30 35
25 31 36
25 32 37
25 34 38
25 35 39
25 36 40
25 37 41
25 38 42
25 39 43
25 43 44
25 43 45
25 44 46
25 45 47
25 46 48
25 47 49
25 47 50
25 48 51
25 49 52
25 50 53
25 50 54
25 51 52
25 52 55
25 53 56
25 54 57
25 55 58
25 56 59
25 57 60
25 58 61
25 59 62
25 60 63
25 62 64
25 63 65
25 63 66
25 64 67
25 65 68
26 0 1
26 0 2
26 1 3
26 3 4
26 4 5
26 5 6
26 6 7
26 7 8
26 7 9
26 8 10
26 9 11
26 10 12
26 11 13
26 13 14
26 14 15
26 15 16
26 16 17
26 16 18
26 17 19
26 18 20
26 19 21
26 20 22
26 20 23
26 21 24
26 22 25
26 23 26
26 23 27
26 24 28
26 25 29
26 25 30
26 27 31
26 28 32
26 29 33
26 29 34
26 30 35
26 31 34
26 31 36
26 32 37
26 33 38
26 35 39
26 36 40
26 37 41
26 38 42
26 40 43
26 42 44
26 42 45
26 44 46
26 45 47
26 46 48
26 47 49
26 47 50
26 48 51
26 49 52
26 49 53
26 50 54
26 51 54
26 52 55
26 53 56
26 54 57
26 55 58
26 56 59
26 57 60
26 58 61
26 59 62
26 60 63
26 61 64
26 62 65
26 62 66
26 64 67
26 65 68
26 65 69
26 66 70
26 66 71
26 67 72
26 68 73
26 69 72
27 0 1
27 0 2
27 1 3
27 2 4
27 3 5
27 4 6
27 4 7
27 4 8
27 4 9
27 5 10
27 6 11
27 7 12
27 8 13
27 9 14
27 10 15
27 11 16
27 12 17
27 13 18
27 14 19
27 14 20
27 15 21
27 16 22
27 17 23
27 18 24
27 19 25
27 20 26
27 21 27
27 22 28
27 23 29
27 24 30
27 25 31
27 26 32
27 27 33
27 29 34
27 30 35
27 31 36
27 32 37
27 33 38
27 34 39
27 35 40
27 36 41
27 37 42
27 38 43
27 39 44
27 40 45
27 40 46
27 41 47
27 42 48
27 43 49
27 45 50
27 46 51
27 47 52
27 48 53
27 49 54
27 50 55
27 51 56
27 52 57
27 53 58
27 54 59
27 55 60
27 56 61
27 57 62
27 57 63
27 58 64
27 59 65
27 60 61
27 62 66
27 63 67
27 63 68
27 64 69
27 65 70
27 66 71
27 67 72
27 68 73
27 69 74
27 70 75
27 71 76
27 72 77
27 73 77
27 74 78
27 75 79
27 76 80
27 77 81
27 77 82
27 78 83
27 79 84
27 80 85
27 81 86
28 0 1
28 0 2
28 0 3
28 1 4
28 1 5
28 2 6
28 3 7
28 3 8
28 3 9
28 3 10
28 4 11
28 4 12
28 5 13
28 6 14
28 7 15
28 8 16
28 9 17
28 10 18
28 11 19
28 12 20
28 13 21
28 14 22
28 15 23
28 16 24
28 17 25
28 18 26
28 19 27
28 19 28
28 19 29
28 20 30
28 20 31
28 21 32
28 22 33
28 23 34
28 24 35
28 25 36
28 26 37
28 27 38
28 28 39
28 29 40
28 29 41
28 30 42
28 31 43
28 31 44
28 31 45
28 32 46
28 33 47
28 33 48
28 34 49
28 34 50
28 34 51
28 35 52
28 36 53
28 37 54
28 38 55
28 39 56
28 40 57
28 41 58
28 42 59
28 42 60
28 43 61
28 44 58
28 45 62
28 46 63
28 47 64
29 0 1
29 0 2
29 1 3
29 2 4
29 3 5
29 3 6
29 4 7
29 5 8
29 5 9
29 6 10
29 7 11
29 7 12
29 8 13
29 9 14
29 9 15
29 10 16
29 11 17
29 12 18
29 13 19
29 14 20
29 14 21
29 15 22
29 16 23
29 17 24
29 17 25
29 18 26
29 18 27
29 19 21
29 19 22
29 20 28
29 20 29
29 23 30
29 23 31
29 24 32
29 25 33
29 25 34
29 25 35
29 26 36
29 26 37
29 27 38
29 28 36
29 29 39
29 30 40
29 31 41
29 31 42
29 31 43
29 31 44
29 32 45
29 32 46
29 33 47
29 34 48
29 35 49
29 36 50
29 37 51
29 38 52
29 39 53
29 40 54
29 40 55
29 41 56
29 42 57
29 43 58
29 43 59
30 0 1
30 0 2
30 1 3
30 1 4
30 2 5
30 3 6
30 4 7
30 4 8
30 5 9
30 5 10
30 6 11
30 6 12
30 7 13
30 7 14
30 8 15
30 9 16
30 10 17
30 11 18
30 11 19
30 12 20
30 13 21
30 14 22
30 14 23
30 15 21
30 15 24
30 16 25
30 17 26
30 17 27
30 18 28
30 19 29
30 19 30
30 20 31
30 22 32
30 22 33
30 23 24
30 25 34
30 26 35
30 26 36
30 27 37
30 28 38
30 29 39
30 30 40
30 31 41
30 32 42
30 33 43
30 34 44
30 35 45
30 36 46
30 37 47
30 38 48
30 39 49
30 40 50
30 40 51
30 42 52
30 43 53
30 44 54
30 45 55
30 46 56
30 47 57
30 48 58
30 48 59
30 49 60
30 50 53
30 51 61
30 52 62
30 54 57
30 55 63
30 56 64
30 58 65
30 58 66
30 59 67
30 60 68
30 61 69
31 0 1
31 1 2
31 1 3
31 2 4
31 3 5
31 4 6
31 5 7
31 6 8
31 7 9
31 8 10
31 9 11
31 10 12
31 11 13
31 12 14
31 12 15
31 12 16
31 13 17
31 14 18
31 15 19
31 16 20
31 17 21
31 18 22
31 19 23
31 20 24
31 21 25
31 22 26
31 23 27
31 24 28
31 25 29
31 26 30
31 28 31
31 29 32
31 30 33
31 31 34
31 32 35
31 33 36
31 33 37
31 34 38
31 35 39
31 36 40
31 37 41
31 38 42
31 39 43
31 40 44
31 41 45
31 42 46
31 43 47
31 44 48
31 45 49
31 46 50
31 47 51
31 48 52
31 49 53
31 50 54
31 51 55
31 51 56
31 51 57
31 52 58
31 53 59
31 54 60
31 55 61
31 56 62
31 57 63
31 57 64
31 58 65
31 59 66
31 60 67
31 61 68
31 62 69
31 63 70
31 64 68
31 65 71
31 66 72
31 67 73
31 68 74
31 69 75
31 70 76
31 71 77
31 72 78
31 73 79
31 75 80
31 76 81
31 77 82
31 78 83
31 79 81
31 79 84
31 80 85
32 0 1
32 0 2
32 1 3
32 2 4
32 3 5
32 3 6
32 4 7
32 4 8
32 5 9
32 6 10
32 6 11
32 6 12
32 6 13
32 7 14
32 8 15
32 9 16
32 10 17
32 11 18
32 11 19
32 12 20
32 12 21
32 13 22
32 14 23
32 15 23
32 15 24
32 16 25
32 17 26
32 17 27
32 18 28
32 19 29
32 20 30
32 21 31
32 21 32
32 22 33
32 22 34
32 24 25
32 26 33
32 26 35
32 27 36
32 27 37
32 27 38
32 27 39
32 28 32
32 28 40
32 29 41
32 30 42
32 30 43
32 31 39
32 34 44
32 35 45
32 36 38
32 38 40
32 41 46
32 42 45
32 43 47
32 44 48
32 46 49
32 46 50
32 47 51
32 47 52
32 48 53
32 48 54
32 49 55
32 49 56
32 50 57
32 51 58
32 52 59
32 52 60
32 53 61
32 53 62
32 54 63
32 55 64
32 56 65
32 56 66
33 0 1
33 0 2
33 0 3
33 1 4
33 2 5
33 2 6
33 3 7
33 3 8
33 4 9
33 5 10
33 6 11
33 7 12
33 8 13
33 8 14
33 8 15
33 8 16
33 9 17
33 10 18
33 10 19
33 11 20
33 11 21
33 11 22
33 12 23
33 13 24
33 14 25
33 15 26
33 16 27
33 17 28
33 18 29
33 19 30
33 19 31
33 19 32
33 20 33
33 21 34
33 21 35
33 22 36
33 23 37
33 24 38
33 25 39
33 26 40
33 27 41
33 28 42
33 29 43
33 29 44
33 30 45
33 31 46
33 32 47
33 33 48
33 34 46
33 35 49
33 36 50
33 37 51
33 38 52
33 39 53
33 40 54
33 41 55
33 42 56
33 43 57
33 44 58
33 45 59
33 47 60
33 49 61
33 51 62
33 51 63
33 52 64
33 52 65
33 52 66
33 53 67
33 54 68
33 55 69
33 56 70
33 57 71
33 57 72
33 58 73
33 60 61
34 0 1
34 0 2
34 1 3
34 2 4
34 3 5
34 4 6
34 5 7
34 6 8
34 7 9
34 8 10
34 9 11
34 10 12
34 11 13
34 12 14
34 13 15
34 14 16
34 15 17
34 16 18
34 17 19
34 18 20
34 19 21
34 20 22
34 20 23
34 20 24
34 21 25
34 22 26
34 23 27
34 24 28
34 25 29
34 26 30
34 27 31
34 28 32
34 29 33
34 30 34
34 30 35
34 31 36
34 32 37
34 33 38
34 34 39
34 35 40
34 36 41
34 38 42
34 39 43
34 39 44
34 40 45
34 41 46
34 42 47
34 43 48
34 44 49
34 45 50
34 46 51
34 47 52
34 48 53
34 49 54
34 50 55
34 51 56
34 52 57
34 53 58
34 54 59
34 55 60
34 56 61
34 56 62
34 57 63
34 58 64
34 59 65
34 61 66
34 62 67
34 63 68
34 64 69
34 65 70
34 66 71
34 67 72
34 68 73
34 69 74
34 70 75
34 71 76
34 72 77
34 74 76
35 0 1
35 0 2
35 2 3
35 3 4
35 4 5
35 5 6
35 6 7
35 7 8
35 8 9
35 9 10
35 10 11
35 11 12
35 12 13
35 13 14
35 14 15
35 14 16
35 15 17
35 16 18
35 17 19
35 18 20
35 19 21
35 21 22
35 22 23
35 23 24
35 24 25
35 25 26
35 26 27
35 27 28
35 28 29
35 29 30
35 30 31
35 31 32
35 32 33
35 33 34
35 34 35
35 35 36
35 36 37
35 37 38
35 38 39
35 39 40
35 40 41
35 41 42
35 42 43
35 43 44
35 44 45
35 45 46
35 46 47
35 47 48
35 48 49
35 49 50
35 50 51
35 51 52
35 52 53
35 53 54
35 54 55
35 55 56
35 56 57
35 56 58
35 56 59
35 57 60
35 58 61
35 59 62
35 60 63
35 61 64
35 62 65
35 63 66
35 63 67
35 64 68
35 65 69
35 66 70
35 67 71
35 68 72
35 70 73
35 71 74
35 71 75
35 72 76
36 0 1
36 0 2
36 1 3
36 2 4
36 2 5
36 2 6
36 3 7
36 3 8
36 4 9
36 5 7
36 6 10
36 8 11
36 8 12
36 9 13
36 10 14
36 11 15
36 12 16
36 14 17
36 15 18
36 16 19
36 17 20
36 18 21
36 19 22
36 20 23
36 20 24
36 21 25
36 22 26
36 23 27
36 24 28
36 25 29
36 26 30
36 27 31
36 28 32
36 29 33
36 30 34
36 31 35
36 32 36
36 33 37
36 34 38
36 35 39
36 35 40
36 35 41
36 36 40
36 37 42
36 38 43
36 38 44
36 39 45
36 41 46
36 42 47
36 43 48
36 44 49
36 45 50
36 46 51
36 47 52
36 48 53
36 49 54
36 49 55
36 49 56
36 49 57
36 50 58
36 51 59
36 52 60
36 53 61
36 54 62
36 55 63
36 56 64
36 57 65
36 58 66
36 59 67
36 60 68
36 61 69
37 0 1
37 0 2
37 1 3
37 2 4
37 2 5
37 2 6
37 3 7
37 4 8
37 5 9
37 6 10
37 7 11
37 8 12
37 9 13
37 10 11
37 10 14
37 12 15
37 13 16
37 14 17
37 15 18
37 15 19
37 16 20
37 18 21
37 19 22
37 19 23
37 20 24
37 20 25
37 21 26
37 22 27
37 23 28
37 24 29
37 25 30
37 26 31
37 27 32
37 28 33
37 29 34
37 30 35
37 31 36
37 31 37
37 31 38
37 32 39
37 33 39
37 34 40
37 35 41
37 36 42
37 37 43
37 38 44
37 39 45
37 40 46
37 41 47
37 42 48
37 43 49
37 44 50
37 45 51
37 45 52
37 47 53
37 48 54
37 48 55
37 49 56
37 50 57
37 51 58
37 52 59
37 53 60
37 54 61
37 55 62
37 56 62
37 56 63
37 57 64
37 57 65
37 57 66
37 57 67
37 59 68
37 60 69
37 61 70
37 63 71
37 64 72
37 64 73
37 65 74
37 66 75
37 67 70
37 68 76
37 68 77
37 69 78
37 71 79
37 71 80
37 72 81
37 72 82
37 73 83
37 74 84
37 75 85
37 76 86
37 77 87
38 0 1
38 0 2
38 1 3
38 2 4
38 3 5
38 3 6
38 3 7
38 4 8
38 5 9
38 6 10
38 7 11
38 8 12
38 9 13
38 9 14
38 10 15
38 11 16
38 12 13
38 13 17
38 14 18
38 15 19
38 15 20
38 16 21
38 16 22
38 17 23
38 18 24
38 18 25
38 19 26
38 20 27
38 22 28
38 23 29
38 24 30
38 25 31
38 26 32
38 27 33
38 28 34
38 29 35
38 30 36
38 30 37
38 31 38
38 32 39
38 33 40
38 34 41
38 35 42
38 36 43
38 36 44
38 36 45
38 36 46
38 37 47
38 37 48
38 38 49
38 39 50
38 40 51
38 41 52
38 42 53
38 43 54
38 44 55
38 44 56
38 45 57
38 45 58
38 46 59
38 47 60
38 48 61
38 49 59
38 49 62
38 50 63
38 51 63
38 51 64
38 52 65
38 53 66
38 54 62
38 54 67
38 55 68
38 56 60
38 57 69
38 58 70
38 59 71
38 60 72
38 61 71
38 64 73
38 65 74
38 66 75
39 0 1
39 1 2
39 2 3
39 3 4
39 4 5
39 5 6
39 5 7
39 5 8
39 5 9
39 6 10
39 7 11
39 7 12
39 8 13
39 9 14
39 10 15
39 11 16
39 12 17
39 12 18
39 13 19
39 14 20
39 15 21
39 16 22
39 17 23
39 17 24
39 18 25
39 19 26
39 20 27
39 21 28
39 22 29
39 23 30
39 24 31
39 25 32
39 26 33
39 27 34
39 27 35
39 27 36
39 28 37
39 28 38
39 29 39
39 30 40
39 30 41
39 30 42
39 31 43
39 31 44
39 32 45
39 34 38
39 35 46
39 36 47
39 37 48
39 39 49
39 39 50
39 40 51
39 41 52
39 42 53
39 42 54
39 43 55
39 43 56
39 43 57
39 44 58
39 45 59
39 46 60
39 47 61
39 48 62
39 49 63
39 50 62
39 51 64
39 52 65
39 53 66
39 54 67
39 55 66
39 56 68
39 57 69
39 58 70
39 58 71
39 59 72
39 60 62
39 61 73
39 67 74
39 68 75
39 69 76
39 70 77
39 71 78
39 72 79
39 73 80
39 74 76
40 0 1
40 0 2
40 1 3
40 1 4
40 2 5
40 3 6
40 4 7
40 5 6
40 5 8
40 6 9
40 7 8
40 8 10
40 9 11
40 9 12
40 10 13
40 10 14
40 11 15
40 12 16
40 13 17
40 14 18
40 15 19
40 16 20
40 16 21
40 17 22
40 18 23
40 19 24
40 19 25
40 20 26
40 20 27
40 21 28
40 22 29
40 23 30
40 24 31
40 25 32
40 26 33
40 26 34
40 27 35
40 28 36
40 29 37
40 30 38
40 30 39
40 31 40
40 31 41
40 32 42
40 33 37
40 34 43
40 35 44
40 36 45
40 37 46
40 38 47
40 38 48
40 38 49
40 38 50
40 39 51
40 40 52
40 40 53
40 41 54
40 42 55
40 43 56
40 44 57
40 46 58
40 47 59
40 47 60
40 48 61
40 49 62
40 50 63
40 50 64
40 51 65
40 51 66
40 52 67
40 53 68
40 54 69
40 60 66
41 0 1
41 0 2
41 0 3
41 1 4
41 2 5
41 2 6
41 3 7
41 4 8
41 5 9
41 6 10
41 7 11
41 8 12
41 9 13
41 10 11
41 10 14
41 11 15
41 11 16
41 12 17
41 13 18
41 14 15
41 14 19
41 14 20
41 16 21
41 16 22
41 17 23
41 18 24
41 18 25
41 19 26
41 20 27
41 21 28
41 22 29
41 23 30
41 24 31
41 25 32
41 26 33
41 27 34
41 28 35
41 29 36
41 30 37
41 31 38
41 32 39
41 33 40
41 34 41
41 35 42
41 36 43
41 36 44
41 37 45
41 38 46
41 39 47
41 40 48
41 41 49
41 42 50
41 43 51
41 44 52
41 45 53
41 46 54
41 47 55
41 48 56
41 48 57
41 48 58
41 50 59
41 51 60
41 52 61
41 53 62
41 54 63
41 55 64
42 0 1
42 1 2
42 2 3
42 3 4
42 4 5
42 5 6
42 6 7
42 7 8
42 8 9
42 9 10
42 10 11
42 11 12
42 12 13
42 12 14
42 13 15
42 14 16
42 15 17
42 16 18
42 17 19
42 18 20
42 19 21
42 20 22
42 21 23
42 22 24
42 23 25
42 24 26
42 24 27
42 24 28
42 25 29
42 26 30
42 27 31
42 28 32
42 29 33
42 30 34
42 31 35
42 32 36
42 33 37
42 34 38
42 35 39
42 36 40
42 37 41
42 38 42
42 39 43
42 41 44
42 41 45
42 42 46
42 43 47
42 44 48
42 45 49
42 46 50
42 46 51
42 47 52
42 48 53
42 49 54
42 49 55
42 51 56
42 52 57
42 53 58
42 54 59
42 55 60
42 56 61
42 57 62
42 58 63
42 59 64
42 60 65
42 61 66
42 62 67
42 63 68
42 64 69
43 0 1
43 0 2
43 1 3
43 2 4
43 3 5
43 4 6
43 5 7
43 6 8
43 7 9
43 8 10
43 9 11
43 10 12
43 11 13
43 12 14
43 12 15
43 12 16
43 13 17
43 14 18
43 15 19
43 16 20
43 17 21
43 18 22
43 19 23
43 20 24
43 21 25
43 22 26
43 23 27
43 24 28
43 24 29
43 25 30
43 27 31
43 28 32
43 29 33
43 30 34
43 31 35
43 32 36
43 33 37
43 33 38
43 34 39
43 35 40
43 36 41
43 37 42
43 38 43
43 39 44
43 40 45
43 41 46
43 42 47
43 43 48
43 44 49
43 45 50
43 45 51
43 46 52
43 47 53
43 48 54
43 49 55
43 50 56
43 51 57
43 53 58
43 54 59
43 55 60
43 56 61
43 57 62
43 58 63
43 59 64
43 60 65
43 61 66
43 62 67
43 63 68
43 64 69
43 65 70
43 66 69
43 67 71
43 68 72
43 70 73
43 71 74
43 72 75
43 73 76
43 75 77
43 76 78
43 77 79
43 78 80
43 79 81
43 79 82
44 0 1
44 0 2
44 1 3
44 2 4
44 4 5
44 5 6
44 6 7
44 7 8
44 8 9
44 9 10
44 10 11
44 11 12
44 12 13
44 13 14
44 13 15
44 14 16
44 15 17
44 15 18
44 16 19
44 17 20
44 18 21
44 19 22
44 20 23
44 20 24
44 21 25
44 22 26
44 23 27
44 24 28
44 25 29
44 26 30
44 27 31
44 28 32
44 29 33
44 30 34
44 31 35
44 31 36
44 32 37
44 33 38
44 34 39
44 35 40
44 36 41
44 36 42
44 37 38
44 39 43
44 40 44
44 40 45
44 41 46
44 42 47
44 42 48
44 43 49
44 44 50
44 44 51
44 45 52
44 46 53
44 46 54
44 47 55
44 47 56
44 48 54
44 49 57
44 50 58
44 51 59
44 51 60
44 52 61
44 53 56
44 55 62
44 55 63
44 57 64
44 58 65
44 59 66
44 60 67
44 61 68
44 62 69
44 63 70
44 64 71
44 65 72
44 66 73
44 67 74
44 67 75
44 69 76
44 70 77
44 71 78
44 72 79
44 72 80
44 73 81
44 74 77
45 0 1
45 0 2
45 1 3
45 2 4
45 3 5
45 4 6
45 5 7
45 5 8
45 5 9
45 6 10
45 6 11
45 7 12
45 8 13
45 9 14
45 10 15
45 12 16
45 13 17
45 14 18
45 15 19
45 16 20
45 17 21
45 18 22
45 19 23
45 20 24
45 22 25
45 23 26
45 24 27
45 25 28
45 26 29
45 27 30
45 28 31
45 28 32
45 29 33
45 30 34
45 31 35
45 32 36
45 33 37
45 34 38
45 35 39
45 36 40
45 37 41
45 38 42
45 39 43
45 40 44
45 41 45
45 42 46
45 43 47
45 44 48
45 45 49
45 46 50
45 47 51
45 48 52
45 49 53
45 50 54
45 51 55
45 52 56
45 53 57
45 54 58
45 55 59
45 56 60
45 57 61
45 58 62
45 59 63
46 0 1
46 0 2
46 1 3
46 2 4
46 3 5
46 4 6
46 5 7
46 6 8
46 6 9
46 6 10
46 7 11
46 8 12
46 9 13
46 10 14
46 11 15
46 12 16
46 13 17
46 14 18
46 15 19
46 16 20
46 17 21
46 18 22
46 18 23
46 19 24
46 20 25
46 22 26
46 23 27
46 24 28
46 25 29
46 26 30
46 26 31
46 27 32
46 28 33
46 29 34
46 30 35
46 31 36
46 32 37
46 33 38
46 34 39
46 35 40
46 36 41
46 37 42
46 38 43
46 39 44
46 39 45
46 40 46
46 41 47
46 42 48
46 43 49
46 44 50
46 45 51
46 46 52
46 47 53
46 49 54
46 50 55
46 51 56
46 52 57
46 53 58
46 54 59
46 55 60
46 56 61
46 57 62
46 58 63
46 59 64
46 60 65
46 61 63
46 62 66
46 64 67
46 65 68
46 66 69
46 67 70
46 69 71
46 70 72
46 71 73
46 72 74
46 73 75
47 0 1
47 0 2
47 0 3
47 1 4
47 2 5
47 3 6
47 4 7
47 5 8
47 6 9
47 8 10
47 9 11
47 10 12
47 11 13
47 12 14
47 13 15
47 14 16
47 15 17
47 16 18
47 17 19
47 18 20
47 19 21
47 20 22
47 21 23
47 22 24
47 23 25
47 24 26
47 25 27
47 26 28
47 27 29
47 28 30
47 29 31
47 31 32
47 32 33
47 33 34
47 34 35
47 35 36
47 36 37
47 37 38
47 38 39
47 39 40
47 40 41
47 41 42
47 42 43
47 43 44
47 44 45
47 45 46
47 46 47
47 47 48
47 48 49
47 49 50
47 50 51
47 51 52
47 52 53
47 53 54
47 54 55
47 55 56
47 56 57
47 56 58
47 56 59
47 57 60
47 58 61
47 59 62
47 60 63
47 61 64
47 62 65
47 63 66
47 63 67
47 64 68
48 0 1
48 0 2
48 1 3
48 1 4
48 2 5
48 4 6
48 5 7
48 6 8
48 7 9
48 8 10
48 9 11
48 10 12
48 11 13
48 12 14
48 13 15
48 14 16
48 15 17
48 16 18
48 17 19
48 18 20
48 19 21
48 20 22
48 21 23
48 22 24
48 23 25
48 24 26
48 25 27
48 26 28
48 27 29
48 28 30
48 30 31
48 31 32
48 32 33
48 33 34
48 34 35
48 35 36
48 36 37
48 37 38
48 38 39
48 39 40
48 39 41
48 40 42
48 40 43
48 41 44
48 43 45
48 44 46
48 46 47
48 47 48
49 0 1
49 0 2
49 1 3
49 2 4
49 2 5
49 3 6
49 4 7
49 5 8
49 6 9
49 7 10
49 8 11
49 9 12
49 10 13
49 11 14
49 12 15
49 13 16
49 14 17
49 15 18
49 16 19
49 17 20
49 18 21
49 18 22
49 18 23
49 19 24
49 20 25
49 21 26
49 22 27
49 23 28
49 23 29
49 24 30
49 25 31
49 26 32
49 27 33
49 28 32
49 29 34
49 30 35
49 32 36
49 33 37
49 34 38
49 35 39
49 35 40
49 37 41
49 38 42
49 39 43
49 40 44
49 41 45
49 42 46
49 43 47
49 43 48
49 44 49
49 45 50
49 46 51
49 46 52
49 47 53
49 48 54
49 49 55
49 50 56
49 51 57
49 52 58
49 52 59
49 53 60
49 54 61
49 55 62
49 56 63
49 57 64
49 58 65
49 59 66
49 60 67
49 61 68
49 62 69
49 63 70
49 64 71
49 65 72
49 65 73
49 66 74
49 67 75
49 68 76
49 68 77
50 0 1
50 0 2
50 1 3
50 2 4
50 2 5
50 3 6
50 4 7
50 5 8
50 6 9
50 7 10
50 8 11
50 9 12
50 9 13
50 9 14
50 10 15
50 12 16
50 14 17
50 15 18
50 17 19
50 18 20
50 19 21
50 20 22
50 21 23
50 22 24
50 23 25
50 23 26
50 23 27
50 24 28
50 25 29
50 26 30
50 26 31
50 27 31
50 28 32
50 29 33
50 30 34
50 31 35
50 31 36
50 32 37
50 33 38
50 34 39
50 34 40
50 35 41
50 35 42
50 36 43
50 37 44
50 38 45
50 39 43
50 39 46
50 40 47
50 41 48
50 42 49
50 46 50
50 47 51
50 48 52
50 49 53
50 50 54
50 51 55
50 52 56
50 52 57
50 53 58
50 54 59
50 55 60
50 55 61
50 56 62
50 57 63
50 58 64
50 59 65
50 60 66
50 61 67
50 62 68
50 63 69
50 64 70
50 65 71
50 66 72
50 67 73
50 68 74
50 69 75
50 71 76
50 72 77
50 73 78
50 74 79
50 75 80
50 76 81
50 77 82
50 78 83
51 0 1
51 0 2
51 0 3
51 1 4
51 2 5
51 3 6
51 4 7
51 5 8
51 6 9
51 7 10
51 8 11
51 9 12
51 10 11
51 12 13
51 13 14
51 14 15
51 15 16
51 15 17
51 15 18
51 15 19
51 16 20
51 17 21
51 18 22
51 19 23
51 20 24
51 21 25
51 22 26
51 22 27
51 23 28
51 24 29
51 25 30
51 26 31
51 27 32
51 28 33
51 29 34
51 30 35
51 31 36
51 32 37
51 33 38
51 35 39
51 36 40
51 37 41
51 38 42
51 39 43
51 40 44
51 41 45
51 42 46
51 43 47
51 44 48
51 45 49
51 46 50
51 48 51
51 49 52
51 50 53
51 51 54
51 52 55
51 53 56
51 54 57
51 54 58
51 55 59
51 56 60
51 57 61
51 58 62
51 58 63
51 59 64
51 60 65
51 61 66
51 62 67
51 63 68
51 64 69
51 65 70
51 66 71
51 67 72
51 68 72
51 69 73
51 70 74
51 71 75
52 0 1
52 0 2
52 1 3
52 2 4
52 3 5
52 3 6
52 3 7
52 4 8
52 5 9
52 6 10
52 7 11
52 8 12
52 8 13
52 9 14
52 10 15
52 11 16
52 11 17
52 12 18
52 13 19
52 14 20
52 15 21
52 16 20
52 17 22
52 18 23
52 19 24
52 21 25
52 21 26
52 23 27
52 24 28
52 25 29
52 25 30
52 26 31
52 27 32
52 28 33
52 29 34
52 30 35
52 31 36
52 33 37
52 34 38
52 35 39
52 36 40
52 37 41
52 38 42
52 39 42
52 40 43
52 40 44
52 40 45
52 41 46
52 42 47
52 43 48
52 44 49
52 45 50
52 46 51
52 47 52
52 47 53
52 48 54
52 49 55
52 50 56
52 51 57
52 52 58
52 53 59
52 54 60
52 54 61
52 55 62
52 56 63
52 57 64
52 59 65
52 60 66
52 61 67
52 62 67
52 62 68
52 63 69
52 63 70
52 63 71
52 63 72
52 64 73
52 65 74
52 65 75
52 66 76
52 68 77
52 69 78
52 69 79
52 71 76
53 0 1
53 0 2
53 1 3
53 2 4
53 2 5
53 3 6
53 3 7
53 3 8
53 4 9
53 4 10
53 5 11
53 6 12
53 7 13
53 7 14
53 8 9
53 8 12
53 10 15
53 11 16
53 12 17
53 12 18
53 13 19
53 14 20
53 15 21
53 16 22
53 17 23
53 18 24
53 19 25
53 20 26
53 21 27
53 22 28
53 23 29
53 24 30
53 25 31
53 25 32
53 26 33
53 27 34
53 27 35
53 28 36
53 29 37
53 30 38
53 31 39
53 32 40
53 33 41
53 34 42
53 35 43
53 36 44
53 37 45
53 38 46
53 39 47
53 40 48
53 41 49
53 42 50
53 43 51
53 44 52
53 45 53
53 45 54
53 45 55
53 47 56
53 48 57
53 50 58
53 51 59
53 52 60
53 53 61
53 54 62
53 56 63
53 57 64
53 58 65
53 59 66
53 60 67
53 61 68
54 0 1
54 0 2
54 1 3
54 2 4
54 4 5
54 5 6
54 6 7
54 7 8
54 8 9
54 9 10
54 10 11
54 11 12
54 12 13
54 13 14
54 14 15
54 15 16
54 16 17
54 17 18
54 17 19
54 18 20
54 19 21
54 20 22
54 21 23
54 22 24
54 23 25
54 24 26
54 25 27
54 27 28
54 27 29
54 27 30
54 28 31
54 29 32
54 30 33
54 31 34
54 32 35
54 33 36
54 33 37
54 34 38
54 35 39
54 36 40
54 37 39
54 38 41
54 38 42
54 41 43
54 41 44
54 42 45
54 43 46
54 44 47
54 45 48
54 46 49
54 47 50
54 48 51
54 49 52
54 50 52
54 51 53
54 51 54
54 51 55
54 52 56
54 53 57
54 54 58
54 55 59
54 56 60
54 56 61
54 57 62
54 58 63
54 59 64
54 60 65
54 61 66
54 62 67
54 63 68
54 63 69
54 64 70
54 65 71
54 67 72
54 67 73
54 68 73
54 69 74
54 70 75
54 70 76
54 70 77
54 70 78
54 71 79
54 71 80
54 72 81
55 0 1
55 0 2
55 1 3
55 2 4
55 3 5
55 4 6
55 5 7
55 6 8
55 8 9
55 8 10
55 8 11
55 8 12
55 9 13
55 10 14
55 11 15
55 12 16
55 13 17
55 14 18
55 14 19
55 15 20
55 16 21
55 17 22
55 18 23
55 19 24
55 20 25
55 21 26
55 22 27
55 23 28
55 24 29
55 25 30
55 26 31
55 28 32
55 29 33
55 30 34
55 31 35
55 32 36
55 33 37
55 34 38
55 35 39
55 36 40
55 37 41
55 38 42
55 38 43
55 39 44
55 40 45
55 41 46
55 42 47
55 43 48
55 44 49
55 45 50
55 46 51
55 47 52
55 48 53
55 49 54
55 50 55
55 51 56
55 51 57
55 52 58
55 53 59
55 54 60
55 55 61
55 56 62
55 56 63
55 57 64
55 58 59
55 60 65
55 61 66
55 62 67
55 63 68
55 64 69
55 65 70
55 66 71
55 67 72
55 68 72
55 69 73
55 70 74
55 71 75
55 72 76
55 72 77
55 73 78
55 74 79
55 75 80
55 75 81
55 76 82
55 77 83
55 78 84
55 79 85
56 0 1
56 0 2
56 1 3
56 2 4
56 3 5
56 4 6
56 4 7
56 6 8
56 6 9
56 7 10
56 8 11
56 9 12
56 10 13
56 10 14
56 11 15
56 12 16
56 14 17
56 15 18
56 16 19
56 18 20
56 19 21
56 20 22
56 21 23
56 21 24
56 22 25
56 23 26
56 24 27
56 24 28
56 24 29
56 25 30
56 26 31
56 26 32
56 27 33
56 28 34
56 29 32
56 30 35
56 33 36
56 34 37
56 35 38
56 36 39
56 37 40
56 38 41
56 39 42
56 40 43
56 41 44
56 42 45
56 43 46
56 44 47
56 45 48
56 46 49
56 47 50
56 48 51
56 49 52
56 50 53
56 51 54
56 51 55
56 52 56
56 53 57
56 53 58
56 53 59
56 54 60
56 55 61
56 56 62
56 57 63
56 58 64
56 59 65
56 60 66
56 61 67
56 62 68
56 63 69
56 64 70
57 0 1
57 0 2
57 1 3
57 2 4
57 3 5
57 4 6
57 5 7
57 6 8
57 8 9
57 9 10
57 9 11
57 10 12
57 11 13
57 11 14
57 12 15
57 13 16
57 14 17
57 15 18
57 17 19
57 18 20
57 20 21
57 21 22
57 22 23
57 23 24
57 24 25
57 25 26
57 25 27
57 26 28
57 27 29
57 28 30
57 28 31
57 29 32
57 30 33
57 31 34
57 32 35
57 33 36
57 34 37
57 35 38
57 36 39
57 37 40
57 38 41
57 39 42
57 40 43
57 40 44
57 41 45
57 42 46
57 43 47
57 44 48
57 45 49
57 46 50
57 46 51
57 48 52
57 49 53
57 50 54
57 51 55
57 53 56
57 53 57
57 54 58
57 55 59
57 56 60
57 57 61
57 58 62
57 59 63
57 60 64
57 61 65
57 62 66
57 63 67
57 63 68
57 64 69
57 65 70
57 66 71
58 0 1
58 0 2
58 1 3
58 2 4
58 3 5
58 3 6
58 4 7
58 5 8
58 5 9
58 6 10
58 7 11
58 8 12
58 9 13
58 10 14
58 11 15
58 12 16
58 13 17
58 13 18
58 14 19
58 15 20
58 16 21
58 17 22
58 18 23
58 19 24
58 20 25
58 21 26
58 22 27
58 23 28
58 24 29
58 25 30
58 26 31
58 27 32
58 28 33
58 28 34
58 29 35
58 30 36
58 31 32
58 33 37
58 34 38
58 34 39
58 35 40
58 36 41
58 37 42
58 37 43
58 38 44
58 38 45
58 39 46
58 40 47
58 41 48
58 42 49
58 43 50
58 43 51
58 44 52
58 45 53
58 45 54
58 46 52
58 46 55
58 47 56
58 49 57
58 50 58
58 51 59
58 51 60
58 53 61
58 53 62
58 54 55
59 0 1
59 0 2
59 0 3
59 1 4
59 2 5
59 3 6
59 4 7
59 5 8
59 6 9
59 7 10
59 8 11
59 9 12
59 10 13
59 11 14
59 12 15
59 13 16
59 14 17
59 15 18
59 16 19
59 17 20
59 18 21
59 18 22
59 18 23
59 19 24
59 20 25
59 21 26
59 22 27
59 23 28
59 24 29
59 25 30
59 26 31
59 27 32
59 28 33
59 29 34
59 30 35
59 31 36
59 32 37
59 33 38
59 34 39
59 35 40
59 36 41
59 37 42
59 39 43
59 40 44
59 40 45
59 41 46
59 42 47
59 44 48
59 45 49
59 46 50
59 46 51
59 47 52
59 48 53
59 48 54
59 49 55
59 50 56
59 52 57
59 53 58
59 54 59
59 55 60
59 56 61
59 57 62
59 58 63
59 59 64
59 60 65
59 61 66
59 62 67
59 63 68
59 64 69
59 64 70
59 64 71
60 0 1
60 0 2
60 2 3
60 3 4
60 3 5
60 4 6
60 5 7
60 6 8
60 7 9
60 7 10
60 8 11
60 9 12
60 9 13
60 10 14
60 11 14
60 12 15
60 13 16
60 14 17
60 15 18
60 16 19
60 17 20
60 18 21
60 19 22
60 20 23
60 21 24
60 21 25
60 22 26
60 23 27
60 23 28
60 24 29
60 24 30
60 25 31
60 25 32
60 26 33
60 27 34
60 27 35
60 28 36
60 29 37
60 30 38
60 31 39
60 32 40
60 33 37
60 34 41
60 35 42
60 36 43
60 36 44
60 38 45
60 38 46
60 39 47
60 39 48
60 40 49
60 41 50
60 42 51
60 42 52
60 43 53
60 44 52
60 45 54
60 46 55
60 47 56
60 48 57
60 48 58
60 49 59
60 51 60
60 52 61
60 53 62
60 54 63
60 55 64
60 55 65
60 56 66
60 57 67
60 57 68
60 58 69
60 60 70
60 60 71
60 63 72
60 64 73
60 65 74
60 65 75
61 0 1
61 0 2
61 0 3
61 0 4
61 1 5
61 2 6
61 3 7
61 4 8
61 5 9
61 6 10
61 7 11
61 7 12
61 8 13
61 9 14
61 10 15
61 11 16
61 12 17
61 13 16
61 14 18
61 15 19
61 15 20
61 18 21
61 18 22
61 19 23
61 19 24
61 20 25
61 21 26
61 22 27
61 23 28
61 24 29
61 25 30
61 26 31
61 27 32
61 28 33
61 29 34
61 30 35
61 31 36
61 32 37
61 33 38
61 34 38
61 35 39
61 35 40
61 35 41
61 36 42
61 37 43
61 38 44
61 39 45
61 40 46
61 41 47
61 42 48
61 44 49
61 44 50
61 45 51
61 46 52
61 47 53
61 48 54
61 49 55
61 50 56
61 51 57
61 51 58
61 52 59
61 53 60
61 54 61
61 56 62
61 57 63
61 58 64
61 59 65
61 59 66
61 59 67
61 59 68
61 60 63
61 60 69
61 61 70
61 62 71
61 62 72
61 64 73
61 65 74
61 66 73
62 0 1
62 0 2
62 1 3
62 1 4
62 1 5
62 2 6
62 3 7
62 4 8
62 4 9
62 5 10
62 7 11
62 7 12
62 8 13
62 9 14
62 10 15
62 11 16
62 12 17
62 12 18
62 13 19
62 14 20
62 16 21
62 16 22
62 17 23
62 18 24
62 18 25
62 19 22
62 20 26
62 21 27
62 22 28
62 22 29
62 23 30
62 24 31
62 25 32
62 25 33
62 25 34
62 25 35
62 26 36
62 27 37
62 27 38
62 28 36
62 29 39
62 30 40
62 31 41
62 32 42
62 33 43
62 34 44
62 35 45
62 37 46
62 38 47
62 39 48
62 40 49
62 41 50
62 42 51
62 43 52
62 44 53
62 45 54
62 46 55
62 47 56
62 47 57
62 48 58
62 49 59
62 50 60
62 51 61
62 52 62
62 53 63
62 54 64
62 55 65
62 56 66
62 56 67
62 57 68
62 59 69
62 60 70
62 60 71
62 61 72
62 61 73
62 61 74
62 62 75
62 63 76
62 64 77
62 65 78
62 66 79
62 66 80
62 67 81
62 68 82
63 0 1
63 0 2
63 1 3
63 2 4
63 3 5
63 4 6
63 5 7
63 6 8
63 7 9
63 8 10
63 9 11
63 10 12
63 11 13
63 12 14
63 13 15
63 14 16
63 15 17
63 15 18
63 16 19
63 18 20
63 19 21
63 20 22
63 21 23
63 22 24
63 23 25
63 24 26
63 25 27
63 26 28
63 27 29
63 28 30
63 29 31
63 30 32
63 31 33
63 31 34
63 32 35
63 33 36
63 34 37
63 34 38
63 35 39
63 36 40
63 38 41
63 39 42
63 40 43
63 42 44
63 43 45
63 43 46
63 44 47
63 46 48
63 46 49
63 47 50
63 48 51
63 49 52
63 50 53
63 51 54
63 51 55
63 52 56
63 52 57
63 54 57
63 55 58
63 56 59
63 58 60
63 59 61
63 60 62
63 61 63
63 63 64
63 64 65
63 65 66
63 66 67
63 67 68
63 68 69
63 69 70
63 70 71
63 71 72
63 71 73
63 71 74
63 72 75
63 73 76
64 0 1
64 0 2
64 1 3
64 2 4
64 3 5
64 4 6
64 5 7
64 6 8
64 7 9
64 8 10
64 9 11
64 10 12
64 11 13
64 11 14
64 13 15
64 14 16
64 15 17
64 16 18
64 17 19
64 19 20
64 20 21
64 20 22
64 20 23
64 21 24
64 23 25
64 25 26
64 26 27
64 27 28
64 28 29
64 28 30
64 28 31
64 29 32
64 29 33
64 30 34
64 31 32
64 32 35
64 32 36
64 33 37
64 34 38
64 35 39
64 36 40
64 36 41
64 37 42
64 37 43
64 38 44
64 39 42
64 40 45
64 41 46
64 42 47
64 43 48
64 44 49
64 45 50
64 46 51
64 47 52
64 48 53
64 50 54
64 50 55
64 51 56
64 52 57
64 53 58
64 54 59
64 55 60
64 56 61
64 57 62
64 58 63
64 58 64
64 59 65
64 60 66
64 61 67
64 62 68
64 63 69
64 64 70
64 65 71
64 66 72
64 68 73
64 69 74
64 70 75
65 0 1
65 0 2
65 1 3
65 2 4
65 3 5
65 4 6
65 5 7
65 6 8
65 7 9
65 8 10
65 9 11
65 10 12
65 11 13
65 12 14
65 12 15
65 13 16
65 14 17
65 14 18
65 15 19
65 16 20
65 17 21
65 19 22
65 20 23
65 22 24
65 23 25
65 24 26
65 24 27
65 25 28
65 27 29
65 27 30
65 28 31
65 29 32
65 30 33
65 31 34
65 32 35
65 32 36
65 33 37
65 33 38
65 34 39
65 35 40
65 36 37
65 38 41
65 39 42
65 40 43
65 41 44
65 42 45
65 43 46
65 44 47
65 45 48
65 45 49
65 47 50
65 49 51
65 50 52
65 51 53
65 52 54
65 53 55
65 54 56
65 55 57
65 56 58
65 57 59
65 58 60
65 59 61
65 60 62
66 0 1
66 0 2
66 1 3
66 1 4
66 2 5
66 3 6
66 3 7
66 3 8
66 4 9
66 5 10
66 6 11
66 7 12
66 8 13
66 9 14
66 10 15
66 10 16
66 10 17
66 11 18
66 12 19
66 12 20
66 13 21
66 14 22
66 15 23
66 16 24
66 17 20
66 17 25
66 19 26
66 19 27
66 22 23
66 24 28
66 25 29
66 26 30
66 27 31
66 27 32
66 28 33
66 29 34
66 29 35
66 30 36
66 31 37
66 31 38
66 31 39
66 31 40
66 32 41
66 34 42
66 35 43
66 36 44
66 37 45
66 38 46
66 39 47
66 40 48
66 41 49
66 42 50
66 42 51
66 43 52
66 44 53
66 45 54
66 46 55
66 47 56
66 48 57
66 49 58
66 50 59
66 51 60
66 51 61
66 52 62
66 53 63
67 0 1
67 0 2
67 1 3
67 2 4
67 3 5
67 4 6
67 5 7
67 6 8
67 7 9
67 8 10
67 8 11
67 8 12
67 8 13
67 9 14
67 10 15
67 11 16
67 12 17
67 13 18
67 14 19
67 15 20
67 16 21
67 17 22
67 18 23
67 18 24
67 19 25
67 20 26
67 21 27
67 22 28
67 23 29
67 24 30
67 25 31
67 26 32
67 27 33
67 28 34
67 29 35
67 30 36
67 31 37
67 33 38
67 34 39
67 35 40
67 36 41
67 37 42
67 38 43
67 39 44
67 40 45
67 41 46
67 42 47
67 43 48
67 44 49
67 44 50
67 45 51
67 46 52
67 47 53
67 49 54
67 50 55
67 51 56
67 52 57
67 53 58
67 54 59
67 55 60
67 56 61
67 57 62
67 58 63
67 59 64
67 60 65
67 61 66
67 64 65
68 0 1
68 0 2
68 1 3
68 2 4
68 3 5
68 4 6
68 5 7
68 6 8
68 7 9
68 7 10
68 8 11
68 9 12
68 10 13
68 11 14
68 11 15
68 12 16
68 13 17
68 14 18
68 15 19
68 16 20
68 17 21
68 18 22
68 19 23
68 19 24
68 20 25
68 21 26
68 22 27
68 23 28
68 24 29
68 25 30
68 26 31
68 27 32
68 28 33
68 29 34
68 30 35
68 31 36
68 32 37
68 33 38
68 34 39
68 35 40
68 36 41
68 37 42
68 38 43
68 38 44
68 39 45
68 41 46
68 41 47
68 41 48
68 42 49
68 43 50
68 44 51
68 45 52
68 46 53
68 47 54
68 47 55
68 48 56
68 49 57
68 50 58
68 52 59
68 52 60
68 53 61
68 54 62
68 55 63
68 56 63
68 57 64
68 59 65
68 60 66
68 61 67
68 62 68
68 63 69
68 64 70
68 64 71
68 65 72
68 66 73
68 67 74
68 68 75
68 70 76
68 70 77
68 71 78
68 72 79
68 73 80
68 74 81
68 75 82
68 76 83
69 0 1
69 0 2
69 1 3
69 2 4
69 3 5
69 4 6
69 5 7
69 6 8
69 7 9
69 8 10
69 9 11
69 10 12
69 11 13
69 12 14
69 13 15
69 14 16
69 15 17
69 16 18
69 17 19
69 18 20
69 19 21
69 20 22
69 21 23
69 22 24
69 22 25
69 22 26
69 23 27
69 24 28
69 25 29
69 26 30
69 27 31
69 28 32
69 29 33
69 30 34
69 31 35
69 32 36
69 32 37
69 33 38
69 34 39
69 35 40
69 36 41
69 37 42
69 39 43
69 40 44
69 41 45
69 41 46
69 42 47
69 43 48
69 44 49
69 45 50
69 46 51
69 47 52
69 48 53
69 49 54
69 50 55
69 51 56
69 52 57
69 53 58
69 54 59
69 55 60
69 56 61
69 57 62
69 58 63
69 58 64
69 59 65
69 60 66
69 61 67
69 63 68
69 64 69
69 65 70
69 66 71
69 67 72
69 68 73
70 0 1
70 0 2
70 1 3
70 2 4
70 3 5
70 4 6
70 5 7
70 6 8
70 6 9
70 7 10
70 8 11
70 9 12
70 10 13
70 11 14
70 11 15
70 12 16
70 13 14
70 15 17
70 15 18
70 16 19
70 16 20
70 17 21
70 18 22
70 19 23
70 19 24
70 20 25
70 21 26
70 22 27
70 23 28
70 23 29
70 24 30
70 25 31
70 25 32
70 26 33
70 27 34
70 28 35
70 29 36
70 29 37
70 30 35
70 30 38
70 31 39
70 32 40
70 32 41
70 33 42
70 34 43
70 36 44
70 36 45
70 37 38
70 39 46
70 40 47
70 41 48
70 41 49
70 42 50
70 43 51
70 44 52
70 45 53
70 46 54
70 47 55
70 48 56
70 49 57
70 50 58
70 51 59
70 52 60
70 53 61
70 55 62
70 56 63
70 57 64
70 57 65
70 58 66
70 59 67
70 60 68
70 61 64
70 62 69
70 62 70
70 63 71
70 65 72
70 66 73
70 67 74
70 68 75
71 0 1
71 0 2
71 1 3
71 2 4
71 3 5
71 4 6
71 4 7
71 5 8
71 6 9
71 8 10
71 9 11
71 10 12
71 11 13
71 12 14
71 13 15
71 14 16
71 15 17
71 16 18
71 17 19
71 18 20
71 19 21
71 20 22
71 21 23
71 22 24
71 23 25
71 24 26
71 25 27
71 26 28
71 27 29
71 28 30
71 29 31
71 30 32
71 31 33
71 32 34
71 33 35
71 34 36
71 36 37
71 37 38
71 38 39
71 39 40
71 39 41
71 40 42
71 40 43
71 41 44
71 43 45
71 44 46
71 46 47
71 47 48
71 47 49
71 48 50
71 48 51
71 50 52
71 51 53
71 52 54
71 52 55
71 53 56
71 53 57
71 54 56
71 55 58
71 57 59
71 58 60
71 59 61
71 60 62
71 61 63
71 63 64
71 64 65
71 65 66
71 66 67
71 67 68
71 68 69
71 69 70
71 70 71
71 71 72
71 71 73
72 0 1
72 0 2
72 1 3
72 1 4
72 2 5
72 3 6
72 4 7
72 4 8
72 5 9
72 5 10
72 6 11
72 6 12
72 7 13
72 8 14
72 9 15
72 10 16
72 11 17
72 12 18
72 13 19
72 14 18
72 14 20
72 15 21
72 15 22
72 16 23
72 17 24
72 18 25
72 20 26
72 21 27
72 21 28
72 22 29
72 23 30
72 26 31
72 26 32
72 27 33
72 28 34
72 29 30
72 29 35
72 31 36
72 32 37
72 33 38
72 34 39
72 35 40
72 36 41
72 37 42
72 38 43
72 39 44
72 40 45
72 41 46
72 42 47
72 43 48
72 43 49
72 44 50
72 46 51
72 47 52
72 48 53
72 48 54
72 49 55
72 49 56
72 50 57
72 51 58
72 52 59
72 53 60
72 54 61
72 55 62
72 56 63
72 57 62
72 58 64
72 59 65
72 59 66
72 60 67
72 61 68
73 0 1
73 0 2
73 1 3
73 2 4
73 3 5
73 5 6
73 6 7
73 7 8
73 8 9
73 8 10
73 9 11
73 10 12
73 11 13
73 12 14
73 13 15
73 14 16
73 15 17
73 16 18
73 16 19
73 17 20
73 18 21
73 18 22
73 19 23
73 20 24
73 20 25
73 21 26
73 22 27
73 23 28
73 23 29
73 24 30
73 25 31
73 26 32
73 27 28
73 28 33
73 28 34
73 29 34
73 29 35
73 29 36
73 30 37
73 30 38
73 31 39
73 32 40
73 33 41
73 33 42
73 35 43
73 36 44
73 37 45
73 38 46
73 39 47
73 40 48
73 41 49
73 42 50
73 43 51
73 44 52
73 45 53
73 46 54
73 47 55
73 47 56
73 48 57
73 49 58
73 50 59
73 51 60
73 52 61
73 53 62
73 54 63
73 55 64
73 56 65
73 57 66
73 58 67
73 58 68
73 59 69
73 60 70
73 61 71
73 62 72
73 63 73
73 65 74
73 66 75
74 0 1
74 0 2
74 1 3
74 2 4
74 3 5
74 4 6
74 4 7
74 5 8
74 6 9
74 6 10
74 7 11
74 8 12
74 9 13
74 10 14
74 11 15
74 12 16
74 13 17
74 13 18
74 14 19
74 14 20
74 15 21
74 16 22
74 17 23
74 18 24
74 19 25
74 20 26
74 21 22
74 21 27
74 22 28
74 23 25
74 24 29
74 26 30
74 27 31
74 27 32
74 28 33
74 29 34
74 29 35
74 31 36
74 32 37
74 33 38
74 33 39
74 34 40
74 34 41
74 35 42
74 36 43
74 37 44
74 37 45
74 38 46
74 39 47
74 40 48
74 41 49
74 42 50
74 42 51
74 43 52
74 44 53
74 45 54
74 45 55
74 46 56
74 47 57
74 47 58
74 48 59
74 49 60
74 49 61
74 50 60
74 51 62
74 53 63
74 54 64
75 0 1
75 0 2
75 1 3
75 2 4
75 2 5
75 3 6
75 3 7
75 4 7
75 4 8
75 5 9
75 5 10
75 6 9
75 8 11
75 8 12
75 10 13
75 10 14
75 11 15
75 12 16
75 13 17
75 14 18
75 15 19
75 16 20
75 16 21
75 17 22
75 18 23
75 19 24
75 19 25
75 20 26
75 21 27
75 21 28
75 22 29
75 23 30
75 24 31
75 25 32
75 26 33
75 27 34
75 27 35
75 28 36
75 29 37
75 29 38
75 30 39
75 31 40
75 32 41
75 32 42
75 33 43
75 34 44
75 35 39
75 36 45
75 37 46
75 37 47
75 37 48
75 37 49
75 38 50
75 39 51
75 40 52
75 41 53
75 41 54
75 42 55
75 44 56
75 45 57
75 46 58
75 46 59
75 47 60
75 48 61
75 48 62
75 49 63
75 50 64
75 50 65
75 51 66
75 52 67
75 53 68
75 54 69
75 55 70
75 56 71
75 57 72
75 57 73
75 58 74
75 59 75
75 62 65
76 0 1
76 1 2
76 2 3
76 3 4
76 4 5
76 5 6
76 5 7
76 5 8
76 5 9
76 6 10
76 6 11
76 7 12
76 8 13
76 9 14
76 10 15
76 10 16
76 11 17
76 12 18
76 13 19
76 14 20
76 15 21
76 15 22
76 16 23
76 17 24
76 18 25
76 19 26
76 20 27
76 21 28
76 22 29
76 23 30
76 24 31
76 25 32
76 25 33
76 25 34
76 26 35
76 27 36
76 28 37
76 28 38
76 29 39
76 29 40
76 29 41
76 30 42
76 31 43
76 32 44
76 33 45
76 34 46
76 35 44
76 35 47
76 37 48
76 38 49
76 38 50
76 38 51
76 39 52
76 39 53
76 40 54
76 41 55
76 42 56
76 43 57
76 43 58
76 45 59
76 46 60
76 47 61
76 48 62
76 48 63
76 49 64
76 50 65
76 51 66
76 52 67
76 53 64
76 54 68
76 55 69
76 56 70
76 57 71
76 58 72
76 59 71
76 60 73
76 61 71
76 62 74
76 63 75
77 0 1
77 1 2
77 2 3
77 3 4
77 4 5
77 5 6
77 5 7
77 6 8
77 7 9
77 8 10
77 9 11
77 10 12
77 11 13
77 12 14
77 13 15
77 14 16
77 15 17
77 15 18
77 15 19
77 16 20
77 17 21
77 18 22
77 19 23
77 20 24
77 21 25
77 21 26
77 22 27
77 23 28
77 24 29
77 25 30
77 26 31
77 27 30
77 28 32
77 29 33
77 32 34
77 32 35
77 33 36
77 34 37
77 34 38
77 35 39
77 36 40
77 37 41
77 38 42
77 39 43
77 40 44
77 41 45
77 42 46
77 43 47
77 44 48
77 45 49
77 46 49
77 47 50
77 47 51
77 47 52
77 48 53
77 49 54
77 50 55
77 51 56
77 52 57
77 53 58
77 54 59
77 54 60
77 55 61
77 56 62
77 57 63
77 58 64
77 59 65
78 0 1
78 0 2
78 1 3
78 2 4
78 3 5
78 4 6
78 5 7
78 5 8
78 5 9
78 6 10
78 6 11
78 7 12
78 8 13
78 9 14
78 11 15
78 12 16
78 13 17
78 14 18
78 15 19
78 16 20
78 17 21
78 18 22
78 19 23
78 21 24
78 22 25
78 23 26
78 24 27
78 25 28
78 26 29
78 27 30
78 28 31
78 28 32
78 29 33
78 30 34
78 31 35
78 32 36
78 33 37
78 34 38
78 35 39
78 36 40
78 37 41
78 38 42
78 39 43
78 40 44
78 41 45
78 42 46
78 43 47
78 44 48
78 45 49
78 46 50
78 47 51
78 48 52
78 49 53
78 50 54
78 51 55
78 52 56
78 53 57
78 54 58
78 55 59
78 56 60
78 57 61
78 58 62
78 59 63
78 60 64
78 61 65
78 62 66
78 62 67
78 63 68
78 64 69
78 65 70
78 66 71
78 67 72
78 67 73
78 68 74
78 69 75
78 70 76
78 70 77
78 70 78
78 71 79
78 72 80
78 73 81
78 74 82
78 75 83
78 75 84
78 76 85
78 77 86
78 78 87
79 0 1
79 0 2
79 1 3
79 1 4
79 2 5
79 2 6
79 3 7
79 4 8
79 5 9
79 6 10
79 7 11
79 8 12
79 9 13
79 10 14
79 11 15
79 12 16
79 12 17
79 12 18
79 13 19
79 14 20
79 15 21
79 16 22
79 17 23
79 18 24
79 19 25
79 20 26
79 21 27
79 22 28
79 23 29
79 24 30
79 25 31
79 26 32
79 28 33
79 29 34
79 30 35
79 31 36
79 32 37
79 33 38
79 35 39
79 36 40
79 37 41
79 38 42
79 39 43
79 40 44
79 41 45
79 42 46
79 43 47
79 44 48
79 45 49
79 46 50
79 47 51
79 48 52
79 49 53
79 50 54
79 51 52
79 51 55
79 53 56
79 53 57
79 54 58
79 55 59
79 56 60
79 57 61
79 58 62
79 59 63
79 60 64
79 61 65
79 62 66
79 63 67
79 64 68
79 65 69
79 66 70
79 67 71
79 68 72
79 69 73
79 70 74
79 71 75
79 72 76
80 0 1
80 0 2
80 1 3
80 2 4
80 2 5
80 3 6
80 3 7
80 4 8
80 5 9
80 6 10
80 7 11
80 7 12
80 8 13
80 9 14
80 9 15
80 10 16
80 10 17
80 11 18
80 12 19
80 13 20
80 14 21
80 15 22
80 15 23
80 16 24
80 17 25
80 18 25
80 18 26
80 19 27
80 20 21
80 21 28
80 22 29
80 23 30
80 24 31
80 25 32
80 26 33
80 28 34
80 29 35
80 30 36
80 33 37
80 33 38
80 34 39
80 35 40
80 36 41
80 37 42
80 38 43
80 40 44
80 40 45
80 41 46
80 42 47
80 43 48
80 44 49
80 44 50
80 45 51
80 45 52
80 46 53
80 47 54
80 48 55
80 49 56
80 50 57
80 51 58
80 52 59
80 53 58
80 54 60
80 55 61
80 56 62
80 57 63
80 57 64
80 59 65
80 59 66
80 60 67
80 61 68
80 62 69
80 63 70
80 64 71
80 64 72
80 65 73
80 66 74
80 67 75
80 67 76
80 68 77
81 0 1
81 0 2
81 0 3
81 1 4
81 2 5
81 2 6
81 3 7
81 4 8
81 4 9
81 6 10
81 7 11
81 7 12
81 8 13
81 9 14
81 10 15
81 10 16
81 11 17
81 12 16
81 12 18
81 13 19
81 14 20
81 15 21
81 17 22
81 18 23
81 19 24
81 20 25
81 21 26
81 23 27
81 24 28
81 25 29
81 27 30
81 27 31
81 28 32
81 29 33
81 30 34
81 31 35
81 32 36
81 33 37
81 33 38
81 34 39
81 34 40
81 35 41
81 36 42
81 37 43
81 38 44
81 39 45
81 39 46
81 40 47
81 41 48
81 43 49
81 44 50
81 45 51
81 46 52
81 47 48
81 47 53
81 49 54
81 51 55
81 52 56
81 53 57
81 54 58
81 55 59
81 56 60
81 57 61
81 58 62
81 59 63
81 59 64
81 60 65
81 62 66
81 63 67
81 63 68
81 64 69
82 0 1
82 0 2
82 2 3
82 3 4
82 4 5
82 5 6
82 6 7
82 7 8
82 8 9
82 8 10
82 9 11
82 10 12
82 11 13
82 12 14
82 13 15
82 14 16
82 15 17
82 16 18
82 17 19
82 18 20
82 19 21
82 20 22
82 21 23
82 22 24
82 23 25
82 23 26
82 23 27
82 24 28
82 25 29
82 26 30
82 26 31
82 27 32
82 28 33
82 28 34
82 29 35
82 30 36
82 31 37
82 32 36
82 33 38
82 34 39
82 35 40
82 36 41
82 37 42
82 38 43
82 38 44
82 39 45
82 40 46
82 42 47
82 43 48
82 44 49
82 45 50
82 46 51
82 47 52
82 48 53
82 49 54
82 50 55
82 51 56
82 52 57
82 52 58
82 53 59
82 54 60
82 55 61
82 56 62
82 57 63
82 58 64
82 58 65
82 59 66
82 59 67
82 60 68
82 61 69
82 62 70
82 63 71
82 64 72
82 65 73
82 66 74
83 0 1
83 0 2
83 1 3
83 1 4
83 2 5
83 3 6
83 3 7
83 4 8
83 5 9
83 6 10
83 6 11
83 7 12
83 8 13
83 8 14
83 10 15
83 11 16
83 12 17
83 13 18
83 13 19
83 14 20
83 15 21
83 15 22
83 16 23
83 17 24
83 18 25
83 19 26
83 19 27
83 20 28
83 21 29
83 22 30
83 23 31
83 24 32
83 24 33
83 25 34
83 25 35
83 26 36
83 26 37
83 27 34
83 28 38
83 28 39
83 29 40
83 29 41
83 30 42
83 31 43
83 32 44
83 32 45
83 33 46
83 35 37
83 36 47
83 36 48
83 38 49
83 39 50
83 40 51
83 41 52
83 41 53
83 41 54
83 42 48
83 43 55
83 44 56
83 45 57
83 46 55
83 47 58
83 49 59
83 50 60
83 50 61
83 51 62
83 51 63
83 52 64
83 53 65
83 54 66
83 56 67
83 56 68
83 57 69
83 57 70
83 58 71
83 59 72
84 0 1
84 0 2
84 0 3
84 0 4
84 1 5
84 2 6
84 3 7
84 4 8
84 5 9
84 6 10
84 7 11
84 8 12
84 9 13
84 10 14
84 11 15
84 11 16
84 12 17
84 13 18
84 13 19
84 14 20
84 14 21
84 14 22
84 14 23
84 15 18
84 16 24
84 17 25
84 17 26
84 19 27
84 20 28
84 20 29
84 21 30
84 22 31
84 23 32
84 24 31
84 25 33
84 25 34
84 26 35
84 27 36
84 27 37
84 28 38
84 29 39
84 29 40
84 30 41
84 32 42
84 33 43
84 34 44
84 35 45
84 36 46
84 37 47
84 38 47
84 39 48
84 39 49
84 40 50
84 41 51
84 42 52
84 43 53
84 44 54
84 45 55
85 0 1
85 0 2
85 1 3
85 2 4
85 3 5
85 4 6
85 5 7
85 6 8
85 7 9
85 8 10
85 9 11
85 10 12
85 11 13
85 12 14
85 13 15
85 14 16
85 15 17
85 16 18
85 17 19
85 18 20
85 19 21
85 20 22
85 21 23
85 22 24
85 22 25
85 23 26
85 23 27
85 24 28
85 26 29
85 26 30
85 27 31
85 28 32
85 29 33
85 31 34
85 32 35
85 34 36
85 35 37
85 36 38
85 36 39
85 37 40
85 39 41
85 39 42
85 40 43
85 41 44
85 42 45
85 43 46
85 44 47
85 44 48
85 45 49
85 45 50
85 46 51
85 47 50
85 48 52
85 49 53
85 51 54
85 52 55
85 53 56
85 54 57
85 55 58
85 56 59
85 57 60
85 59 61
85 60 62
85 61 63
85 62 64
85 63 65
85 64 66
85 65 67
85 67 68
85 68 69
85 69 70
85 70 71
85 71 72
85 71 73
85 71 74
85 72 75
85 73 76
85 74 77
85 75 78
86 0 1
86 0 2
86 1 3
86 2 4
86 3 5
86 4 6
86 5 7
86 6 8
86 7 9
86 8 10
86 8 11
86 9 12
86 10 13
86 11 14
86 12 15
86 13 16
86 13 17
86 14 18
86 15 19
86 15 20
86 16 21
86 17 22
86 18 23
86 19 24
86 20 25
86 21 26
86 22 27
86 23 28
86 24 29
86 25 30
86 26 31
86 27 32
86 27 33
86 27 34
86 28 35
86 29 36
86 30 37
86 31 38
86 32 39
86 33 40
86 34 41
86 35 42
86 36 43
86 37 44
86 38 45
86 39 46
86 40 47
86 41 48
86 42 49
86 43 50
86 44 51
86 46 52
86 47 53
86 48 54
86 49 55
86 50 56
86 50 57
86 50 58
86 51 59
86 52 60
86 54 61
86 55 62
86 56 63
86 57 64
86 58 65
86 59 66
86 60 67
86 61 68
86 62 69
86 63 70
86 64 71
87 0 1
87 0 2
87 1 3
87 2 4
87 3 5
87 4 6
87 5 7
87 7 8
87 8 9
87 9 10
87 10 11
87 11 12
87 12 13
87 13 14
87 13 15
87 14 16
87 14 17
87 15 18
87 16 19
87 17 20
87 18 21
87 19 22
87 20 23
87 20 24
87 21 25
87 22 26
87 23 27
87 24 28
87 25 29
87 26 30
87 27 31
87 28 32
87 29 33
87 30 34
87 31 35
87 31 36
87 32 37
87 33 38
87 34 37
87 35 39
87 35 40
87 36 41
87 38 42
87 39 43
87 40 44
87 40 45
87 41 46
87 41 47
87 42 48
87 43 49
87 43 50
87 44 51
87 44 52
87 45 49
87 46 53
87 46 54
87 47 55
87 48 56
87 50 51
87 52 57
87 52 58
87 53 59
87 54 60
87 54 61
87 55 62
87 56 63
87 57 64
87 58 65
87 59 66
87 60 67
87 61 68
87 62 69
87 63 70
87 64 71
88 0 1
88 1 2
88 2 3
88 3 4
88 4 5
88 4 6
88 5 7
88 6 8
88 7 9
88 7 10
88 8 11
88 9 12
88 9 13
88 10 11
88 11 14
88 13 15
88 14 16
88 15 17
88 16 18
88 17 19
88 18 20
88 19 21
88 19 22
88 20 23
88 21 24
88 21 25
88 22 26
88 23 27
88 25 28
88 26 29
88 27 30
88 29 31
88 30 32
88 31 33
88 32 34
88 33 35
88 34 36
88 35 37
88 36 38
88 37 39
88 38 40
88 39 41
88 40 42
88 40 43
88 40 44
88 41 45
88 42 46
88 43 47
88 44 48
88 45 49
88 46 50
88 47 51
88 48 52
88 49 53
88 50 54
88 51 55
88 52 56
88 53 57
88 54 58
88 55 59
88 56 58
88 56 60
88 57 61
88 59 62
88 60 63
89 0 1
89 0 2
89 1 3
89 2 4
89 2 5
89 3 6
89 3 7
89 4 8
89 5 9
89 6 10
89 7 9
89 8 11
89 9 12
89 10 13
89 11 14
89 12 15
89 12 16
89 13 17
89 14 18
89 15 19
89 18 20
89 19 21
89 20 22
89 21 23
89 22 24
89 23 25
89 23 26
89 24 27
89 25 28
89 25 29
89 26 30
89 27 31
89 28 32
89 30 33
89 31 34
89 33 35
89 34 36
89 35 37
89 36 38
89 36 39
89 36 40
89 37 41
89 38 42
89 39 43
89 40 44
89 41 45
89 42 46
89 43 47
89 44 48
89 45 49
89 46 50
89 47 51
89 48 52
89 49 53
89 50 54
89 50 55
89 51 55
89 52 56
89 53 57
89 54 58
89 56 59
89 57 60
89 58 61
89 59 62
89 60 63
89 61 64
89 63 65
89 64 66
89 65 67
89 66 68
89 66 69
89 66 70
89 67 71
89 68 72
89 69 73
89 70 74
89 71 75
89 72 76
89 73 76
89 74 77
89 75 78
89 76 79
89 78 80
89 79 81
89 79 82
90 0 1
90 0 2
90 0 3
90 0 4
90 1 5
90 2 6
90 3 7
90 4 8
90 5 9
90 6 9
90 7 10
90 8 11
90 9 12
90 10 13
90 12 14
90 12 15
90 13 16
90 14 17
90 15 18
90 16 19
90 16 20
90 17 21
90 18 22
90 19 23
90 20 24
90 21 25
90 22 26
90 23 27
90 24 28
90 25 29
90 26 30
90 27 31
90 28 32
90 29 33
90 30 34
90 31 35
90 31 36
90 31 37
90 32 36
90 33 38
90 34 39
90 35 40
90 37 41
90 38 42
90 39 43
90 40 44
90 41 45
90 42 46
90 43 47
90 43 48
90 44 49
90 45 50
90 46 51
90 47 52
90 48 53
90 49 54
90 50 55
90 51 56
90 52 57
90 53 58
90 53 59
90 53 60
90 53 61
90 54 62
90 55 63
90 56 64
90 57 65
90 58 66
90 59 67
90 60 68
91 0 1
91 0 2
91 1 3
91 1 4
91 2 5
91 3 6
91 4 7
91 5 7
91 6 8
91 7 9
91 8 10
91 9 11
91 10 12
91 11 13
91 12 14
91 13 14
91 14 15
91 15 16
91 15 17
91 15 18
91 15 19
91 16 20
91 17 21
91 18 22
91 18 23
91 19 24
91 19 25
91 20 26
91 20 27
91 21 28
91 21 29
91 22 30
91 22 31
91 23 32
91 24 33
91 25 34
91 26 29
91 26 35
91 27 36
91 27 37
91 27 38
91 27 39
91 28 40
91 30 39
91 31 33
91 32 41
91 32 42
91 33 43
91 34 44
91 35 45
91 36 37
91 36 43
91 40 46
91 41 45
91 42 47
91 44 48
91 46 49
91 46 50
91 47 51
91 47 52
91 48 53
91 48 54
91 49 55
91 50 56
91 50 57
91 51 58
91 52 59
91 52 60
91 53 61
91 54 62
91 54 63
91 56 64
91 57 65
91 58 66
91 58 67
91 58 68
91 59 69
91 60 70
91 61 71
91 62 72
92 0 1
92 0 2
92 2 3
92 3 4
92 4 5
92 5 6
92 6 7
92 7 8
92 8 9
92 9 10
92 10 11
92 11 12
92 12 13
92 12 14
92 13 15
92 14 16
92 15 17
92 16 18
92 17 19
92 18 20
92 19 21
92 20 22
92 21 23
92 22 24
92 23 25
92 23 26
92 23 27
92 24 28
92 25 29
92 26 30
92 27 31
92 28 32
92 29 33
92 30 34
92 31 35
92 32 36
92 33 37
92 34 38
92 35 39
92 36 40
92 37 41
92 38 42
92 40 43
92 41 44
92 42 45
92 43 46
92 43 47
92 44 48
92 44 49
92 45 50
92 46 51
92 47 52
92 49 53
92 50 54
92 51 55
92 52 56
92 52 57
92 53 58
92 54 59
92 55 60
92 56 61
92 57 62
92 58 63
92 59 64
92 60 65
92 61 66
92 62 67
92 63 68
92 64 69
92 65 70
92 66 71
92 67 72
92 67 73
92 67 74
92 68 75
92 69 76
92 70 77
92 71 78
92 72 79
92 73 80
93 0 1
93 0 2
93 0 3
93 1 4
93 2 5
93 2 6
93 3 7
93 4 8
93 5 9
93 6 10
93 7 11
93 8 12
93 10 13
93 11 14
93 12 15
93 14 16
93 15 17
93 16 18
93 17 19
93 18 20
93 19 21
93 20 22
93 21 23
93 22 24
93 23 25
93 25 26
93 25 27
93 26 28
93 27 29
93 28 30
93 28 31
93 29 32
93 30 33
93 31 34
93 32 35
93 33 36
93 34 37
93 35 38
93 36 39
93 37 40
93 38 41
93 39 42
93 40 43
93 40 44
93 41 45
93 42 46
93 43 47
93 44 48
93 45 49
93 46 50
93 46 51
93 48 52
93 49 53
93 50 54
93 51 55
93 53 56
93 53 57
93 54 58
93 55 59
93 56 60
93 57 61
93 58 62
93 59 63
93 60 64
93 61 65
93 62 66
94 0 1
94 0 2
94 1 3
94 2 4
94 3 5
94 4 6
94 5 7
94 7 8
94 8 9
94 8 10
94 8 11
94 8 12
94 9 13
94 10 14
94 11 15
94 12 16
94 13 17
94 14 18
94 15 19
94 16 20
94 16 21
94 17 22
94 18 23
94 19 24
94 20 25
94 21 26
94 22 27
94 23 28
94 24 29
94 25 30
94 26 31
94 28 32
94 29 33
94 30 34
94 31 35
94 32 36
94 33 37
94 34 38
94 35 39
94 36 40
94 36 41
94 37 42
94 38 43
94 39 44
94 40 45
94 41 46
94 42 47
94 43 48
94 44 49
94 45 50
94 46 51
94 47 52
94 48 53
94 49 54
94 50 55
94 51 56
94 52 57
94 53 58
94 54 59
94 54 60
94 55 56
94 57 61
94 58 62
94 59 63
94 60 64
94 60 65
94 61 66
94 62 67
94 63 68
94 64 69
94 65 70
94 66 71
94 67 72
94 68 73
94 69 74
94 70 74
94 71 75
94 72 76
94 73 77
94 74 78
94 74 79
94 75 80
95 0 1
95 1 2
95 2 3
95 3 4
95 3 5
95 4 6
95 4 7
95 5 8
95 6 9
95 7 10
95 8 11
95 8 12
95 9 13
95 10 14
95 10 15
95 11 16
95 12 15
95 12 17
95 13 18
95 13 19
95 14 20
95 16 21
95 16 22
95 18 23
95 19 24
95 20 25
95 21 26
95 22 27
95 23 28
95 23 29
95 24 30
95 26 31
95 27 32
95 28 33
95 29 34
95 29 35
95 30 36
95 31 37
95 32 38
95 33 36
95 33 39
95 34 40
95 35 41
95 37 42
95 38 43
95 39 44
95 40 45
95 41 46
95 42 47
95 43 48
95 44 49
95 45 50
95 46 51
95 47 52
95 47 53
95 48 54
95 50 55
95 50 56
95 51 57
95 52 58
95 53 59
95 54 60
95 55 61
95 55 62
95 56 63
95 56 64
95 57 65
95 58 66
95 59 67
95 61 68
95 62 69
95 63 70
95 65 68
96 0 1
96 0 2
96 1 3
96 2 4
96 3 5
96 4 6
96 5 7
96 6 8
96 7 9
96 8 10
96 9 11
96 10 12
96 11 13
96 13 14
96 14 15
96 15 16
96 16 17
96 17 18
96 17 19
96 18 20
96 19 21
96 20 22
96 21 23
96 22 24
96 23 25
96 24 26
96 25 27
96 27 28
96 27 29
96 27 30
96 28 31
96 29 32
96 30 33
96 31 34
96 32 35
96 32 36
96 33 37
96 34 38
96 35 39
96 36 40
96 37 39
96 38 41
96 38 42
96 41 43
96 42 44
96 42 45
96 43 46
96 44 47
96 45 48
96 46 49
96 47 50
96 48 51
96 49 52
96 49 53
96 49 54
96 50 55
96 51 55
96 52 56
96 53 57
96 54 58
96 55 59
96 56 60
96 57 61
96 58 62
96 59 63
96 59 64
96 60 65
96 61 66
96 61 67
96 62 68
96 63 69
96 64 70
96 65 71
96 65 72
96 66 73
96 67 72
96 68 74
96 68 75
96 68 76
96 68 77
97 0 1
97 0 2
97 1 3
97 2 4
97 3 5
97 5 6
97 6 7
97 7 8
97 8 9
97 9 10
97 10 11
97 11 12
97 12 13
97 12 14
97 13 15
97 14 16
97 15 17
97 16 18
97 18 19
97 19 20
97 20 21
97 20 22
97 20 23
97 21 24
97 23 25
97 24 26
97 26 27
97 27 28
97 28 29
97 28 30
97 28 31
97 29 32
97 30 32
97 30 33
97 31 34
97 32 35
97 32 36
97 33 37
97 34 38
97 35 39
97 36 40
97 36 41
97 37 42
97 37 43
97 38 44
97 39 42
97 40 45
97 41 46
97 42 47
97 43 48
97 44 49
97 45 50
97 46 51
97 47 52
97 48 53
97 50 54
97 50 55
97 51 56
97 52 57
97 53 58
97 54 59
97 55 60
97 56 61
97 57 62
97 58 63
97 58 64
97 59 65
97 60 66
97 61 67
97 62 68
97 63 69
97 64 70
97 65 71
98 0 1
98 0 2
98 1 3
98 1 4
98 2 5
98 2 6
98 3 7
98 3 8
98 3 9
98 4 8
98 4 10
98 4 11
98 5 12
98 5 13
98 6 14
98 7 15
98 9 16
98 10 17
98 10 18
98 11 13
98 12 19
98 14 20
98 15 21
98 16 22
98 17 23
98 18 24
98 19 25
98 20 26
98 21 27
98 22 28
98 23 29
98 24 30
98 25 31
98 26 32
98 26 33
98 27 34
98 28 35
98 29 36
98 30 37
98 30 38
98 31 39
98 32 40
98 33 41
98 34 42
98 34 43
98 34 44
98 36 45
98 37 46
98 38 47
98 39 48
98 40 49
98 41 50
98 43 51
98 44 52
98 45 53
98 46 54
98 47 55
98 48 56
98 49 57
98 50 58
98 51 59
98 54 60
98 55 61
98 56 62
98 57 63
98 58 64
98 59 65
98 60 66
98 61 67
98 62 68
98 63 69
98 64 70
98 65 71
98 66 72
98 67 72
98 67 73
98 68 74
98 69 75
98 69 76
98 70 77
98 71 78
98 71 79
98 73 80
98 74 81
98 75 82
98 76 83
98 77 84
99 0 1
99 0 2
99 1 3
99 2 4
99 3 5
99 4 6
99 5 7
99 6 8
99 7 9
99 8 10
99 9 11
99 10 12
99 11 13
99 12 14
99 13 15
99 14 16
99 15 17
99 16 18
99 16 19
99 17 20
99 18 21
99 19 22
99 19 23
99 20 24
99 21 25
99 23 26
99 24 27
99 25 28
99 27 29
99 28 30
99 28 31
99 29 32
99 31 33
99 31 34
99 32 35
99 33 36
99 34 37
99 35 38
99 35 39
99 36 40
99 36 41
99 37 42
99 37 43
99 38 44
99 40 45
99 41 42
99 43 46
99 44 47
99 45 48
99 46 49
99 47 50
99 48 51
99 49 52
99 50 53
99 51 54
99 53 55
99 54 56
99 55 57
99 56 58
99 57 59
99 58 60
99 59 61
99 60 62
99 61 63
99 62 64
99 63 65
99 64 66
99 65 67
99 66 68
99 67 69
99 68 70
99 68 71
99 68 72
99 69 73
99 70 74
99 71 75
99 72 76
99 73 77
99 74 78
99 75 79
99 76 80
100 0 1
100 0 2
100 1 3
100 2 4
100 3 5
100 3 6
100 3 7
100 4 8
100 5 9
100 6 10
100 7 9
100 7 11
100 8 12
100 8 13
100 8 14
100 9 15
100 9 16
100 10 17
100 11 18
100 12 19
100 14 20
100 15 21
100 15 22
100 16 23
100 17 24
100 18 25
100 18 26
100 19 27
100 21 28
100 22 29
100 23 25
100 24 30
100 25 31
100 26 32
100 27 33
100 28 34
100 29 35
100 31 36
100 32 37
100 33 38
100 34 39
100 35 40
100 35 41
100 36 42
100 37 43
100 38 44
100 38 45
100 39 46
100 40 47
100 41 48
100 42 49
100 43 50
100 43 51
100 44 52
100 45 53
100 46 54
100 47 55
100 48 56
100 49 57
100 50 58
100 51 59
100 52 60
100 53 61
100 55 62
100 56 63
100 57 64
101 0 1
101 0 2
101 1 3
101 2 4
101 3 5
101 4 6
101 5 7
101 5 8
101 5 9
101 6 10
101 7 11
101 7 12
101 8 13
101 9 14
101 10 15
101 11 16
101 12 17
101 13 18
101 14 16
101 15 19
101 15 20
101 16 21
101 17 22
101 18 23
101 19 24
101 20 25
101 22 26
101 23 27
101 24 28
101 25 29
101 26 30
101 27 31
101 28 32
101 29 33
101 30 34
101 30 35
101 31 36
101 32 37
101 33 38
101 34 39
101 34 40
101 35 41
101 36 42
101 37 43
101 38 44
101 39 45
101 40 46
101 41 47
101 42 48
101 43 49
101 44 50
101 45 51
101 45 52
101 46 53
101 47 54
101 48 55
101 49 56
101 50 57
101 52 58
101 53 59
101 54 60
101 55 61
101 56 62
101 59 63
101 60 64
101 61 65
101 62 66
101 62 67
101 64 68
102 0 1
102 0 2
102 1 3
102 2 4
102 3 5
102 4 6
102 5 7
102 6 8
102 8 9
102 8 10
102 9 11
102 10 12
102 11 13
102 12 14
102 13 15
102 14 16
102 15 17
102 16 18
102 17 19
102 18 20
102 19 21
102 20 22
102 21 23
102 22 24
102 23 25
102 23 26
102 23 27
102 24 28
102 25 29
102 26 30
102 27 31
102 27 32
102 28 33
102 28 34
102 29 35
102 30 36
102 31 37
102 32 35
102 33 38
102 34 39
102 35 40
102 36 41
102 37 42
102 38 43
102 39 44
102 39 45
102 41 46
102 42 47
102 43 48
102 44 49
102 45 50
102 46 51
102 47 52
102 48 53
102 49 54
102 50 55
102 51 56
102 52 57
102 52 58
102 53 59
102 54 60
102 55 61
102 56 62
103 0 1
103 0 2
103 1 3
103 2 4
103 3 5
103 3 6
103 4 7
103 5 8
103 6 9
103 7 10
103 8 11
103 9 12
103 9 13
103 10 14
103 11 15
103 12 16
103 13 17
103 14 18
103 15 19
103 16 20
103 17 21
103 18 22
103 19 23
103 20 24
103 20 25
103 20 26
103 21 27
103 22 28
103 23 29
103 24 30
103 25 31
103 26 32
103 27 33
103 28 34
103 29 35
103 30 36
103 31 37
103 32 38
103 33 39
103 34 40
103 35 41
103 36 42
103 37 43
103 38 44
103 40 45
103 40 46
103 41 47
103 43 48
103 44 49
103 45 50
103 46 51
103 47 52
103 48 53
103 49 51
103 50 54
103 52 55
103 52 56
103 53 57
103 54 58
103 55 59
103 56 60
103 57 61
103 58 62
103 59 63
103 60 64
103 61 65
103 62 66
103 63 67
103 64 68
103 65 69
104 0 1
104 0 2
104 1 3
104 1 4
104 2 5
104 3 6
104 4 7
104 5 8
104 5 9
104 6 10
104 7 9
104 7 11
104 8 12
104 10 13
104 11 14
104 11 15
104 12 16
104 14 17
104 16 18
104 17 19
104 18 20
104 19 21
104 20 22
104 21 23
104 21 24
104 22 25
104 23 26
104 24 27
104 24 28
104 25 29
104 26 30
104 28 31
104 29 32
104 30 33
104 32 34
104 33 35
104 34 36
104 35 37
104 36 38
104 37 39
104 38 40
104 38 41
104 38 42
104 39 43
104 40 44
104 41 45
104 42 46
104 43 47
104 44 48
104 45 49
104 46 50
104 47 51
104 48 52
104 49 53
104 50 54
104 51 55
104 52 56
104 53 57
104 54 57
104 54 58
104 55 59
104 56 60
104 58 61
104 59 62
104 60 63
104 61 64
105 0 1
105 0 2
105 1 3
105 2 4
105 3 5
105 4 6
105 4 7
105 5 8
105 6 9
105 7 10
105 9 11
105 9 12
105 10 13
105 11 14
105 12 15
105 13 16
105 13 17
105 13 18
105 14 19
105 15 20
105 16 21
105 17 22
105 18 23
105 19 24
105 20 25
105 21 26
105 22 27
105 23 28
105 24 29
105 25 30
105 26 31
105 27 32
105 28 33
105 29 34
105 30 35
105 32 36
105 33 37
105 34 38
105 35 39
105 36 40
105 37 41
105 38 42
105 39 43
105 40 44
105 41 45
105 42 46
105 43 47
105 44 48
105 45 49
105 46 50
105 47 51
105 48 52
105 48 53
105 49 54
105 50 55
105 51 53
105 52 56
105 54 57
105 55 58
105 55 59
105 56 60
105 57 61
105 58 62
105 59 63
105 60 64
105 61 65
105 62 66
105 63 67
105 64 68
105 65 69
105 66 70
105 67 71
105 68 72
105 69 73
105 70 74
105 71 75
105 73 76
106 0 1
106 0 2
106 1 3
106 1 4
106 2 5
106 3 6
106 3 7
106 4 8
106 5 9
106 6 10
106 7 11
106 8 12
106 8 13
106 9 14
106 10 15
106 11 16
106 12 17
106 13 18
106 14 19
106 15 20
106 16 21
106 17 22
106 18 23
106 19 24
106 20 25
106 21 26
106 22 24
106 23 27
106 23 28
106 25 29
106 26 30
106 27 31
106 28 32
106 28 33
106 29 34
106 30 35
106 31 36
106 31 37
106 32 38
106 32 39
106 33 40
106 34 41
106 35 42
106 36 43
106 36 44
106 37 45
106 38 46
106 39 47
106 39 48
106 40 46
106 40 49
106 41 50
106 42 51
106 43 52
106 44 53
106 44 54
106 45 55
106 47 49
106 48 56
106 48 57
106 50 58
106 51 59
106 52 60
106 53 61
106 54 62
106 55 63
106 56 64
106 57 65
106 58 66
106 59 67
106 60 68
107 0 1
107 0 2
107 1 3
107 2 4
107 3 5
107 4 6
107 4 7
107 4 8
107 4 9
107 5 10
107 5 11
107 6 12
107 7 13
107 8 14
107 8 15
107 9 16
107 10 17
107 11 18
107 12 19
107 13 20
107 14 21
107 14 22
107 15 23
107 16 24
107 17 25
107 18 26
107 19 27
107 20 26
107 21 28
107 22 29
107 22 30
107 23 31
107 24 32
107 25 33
107 25 34
107 26 35
107 26 36
107 27 37
107 28 38
107 29 39
107 30 40
107 31 41
107 32 42
107 33 43
107 34 44
107 35 44
107 36 45
107 38 46
107 39 47
107 39 48
107 39 49
107 40 50
107 40 51
107 41 43
107 43 52
107 45 53
107 46 54
107 47 55
107 48 56
107 49 57
107 49 58
107 50 59
107 51 60
107 51 61
107 51 62
107 52 63
107 53 64
107 54 65
107 55 66
107 56 67
107 57 68
107 58 69
107 59 70
107 60 68
108 0 1
108 0 2
108 1 3
108 2 4
108 4 5
108 5 6
108 6 7
108 7 8
108 8 9
108 9 10
108 10 11
108 11 12
108 12 13
108 13 14
108 14 15
108 14 16
108 15 17
108 16 18
108 17 19
108 18 20
108 20 21
108 21 22
108 22 23
108 23 24
108 24 25
108 25 26
108 26 27
108 27 28
108 28 29
108 29 30
108 30 31
108 31 32
108 32 33
108 33 34
108 34 35
108 35 36
108 36 37
108 37 38
108 38 39
108 39 40
108 40 41
108 41 42
108 42 43
108 43 44
108 44 45
108 45 46
108 46 47
108 47 48
108 48 49
108 49 50
108 50 51
108 51 52
108 52 53
108 53 54
108 54 55
108 55 56
108 56 57
108 56 58
108 56 59
108 57 60
108 58 61
108 59 62
108 60 63
108 61 64
108 62 65
109 0 1
109 0 2
109 1 3
109 1 4
109 2 5
109 3 6
109 5 7
109 6 8
109 7 9
109 8 10
109 9 11
109 10 12
109 11 13
109 11 14
109 11 15
109 12 16
109 13 17
109 14 18
109 15 19
109 16 20
109 17 21
109 18 22
109 19 23
109 20 24
109 21 25
109 22 26
109 23 27
109 24 28
109 25 29
109 27 30
109 28 31
109 29 32
109 30 33
109 31 34
109 32 35
109 32 36
109 33 37
109 34 38
109 35 39
109 36 40
109 37 41
109 38 42
109 39 43
109 40 44
109 41 45
109 42 46
109 43 47
109 44 48
109 45 49
109 46 50
109 47 51
109 48 52
109 49 53
109 50 54
109 51 55
109 52 56
109 53 57
109 54 58
109 54 59
109 54 60
109 55 61
109 56 62
109 57 63
109 58 64
109 59 65
109 60 66
109 60 67
109 61 68
109 62 69
109 63 70
109 64 71
109 65 72
109 66 72
109 67 73
109 68 74
109 69 75
109 70 76
109 71 77
109 72 78
109 73 79
109 74 80
109 75 81
109 76 82
109 76 83
109 77 84
109 79 82
109 80 85
109 81 86
110 0 1
110 0 2
110 1 3
110 1 4
110 2 5
110 3 6
110 3 7
110 4 8
110 5 9
110 6 10
110 7 11
110 8 12
110 9 13
110 10 14
110 11 14
110 12 15
110 13 16
110 14 17
110 14 18
110 15 19
110 16 20
110 17 21
110 18 22
110 19 23
110 20 24
110 21 25
110 22 26
110 23 27
110 24 28
110 24 29
110 25 30
110 27 31
110 28 32
110 29 33
110 30 34
110 31 35
110 32 36
110 32 37
110 32 38
110 32 39
110 33 40
110 34 41
110 34 42
110 35 43
110 36 44
110 37 45
110 38 46
110 39 47
110 40 48
110 41 49
110 42 50
110 43 51
110 44 52
110 45 53
110 46 54
110 47 55
110 48 56
110 49 57
110 50 58
110 51 59
110 52 60
110 53 61
110 54 62
110 55 63
110 56 64
110 57 65
110 58 66
110 59 67
110 60 68
110 61 69
110 62 70
110 63 71
110 64 72
110 65 73
110 66 73
110 66 74
110 66 75
111 0 1
111 0 2
111 1 3
111 2 4
111 3 5
111 4 6
111 5 7
111 6 8
111 7 9
111 8 10
111 9 11
111 10 12
111 11 13
111 12 14
111 13 15
111 14 16
111 15 17
111 15 18
111 16 19
111 17 20
111 18 21
111 20 22
111 21 23
111 22 24
111 23 25
111 24 26
111 25 27
111 27 28
111 27 29
111 27 30
111 28 31
111 29 32
111 30 33
111 31 34
111 31 35
111 32 36
111 33 37
111 34 38
111 35 39
111 36 40
111 37 38
111 40 41
111 40 42
111 41 43
111 42 44
111 42 45
111 43 46
111 44 47
111 45 48
111 46 49
111 47 50
111 48 51
111 49 52
111 49 53
111 49 54
111 50 55
111 51 55
111 52 56
111 53 57
111 54 58
111 55 59
111 56 60
111 57 61
111 58 62
111 59 63
111 59 64
111 60 65
111 61 66
111 62 67
111 62 68
111 63 69
111 64 70
111 65 71
112 0 1
112 0 2
112 1 3
112 2 4
112 3 5
112 4 6
112 5 7
112 6 8
112 7 9
112 8 10
112 9 11
112 10 12
112 11 13
112 12 14
112 13 15
112 14 16
112 15 17
112 15 18
112 15 19
112 16 20
112 17 21
112 18 22
112 19 23
112 20 24
112 21 25
112 22 26
112 23 27
112 24 28
112 25 29
112 26 30
112 27 31
112 27 32
112 28 33
112 30 34
112 31 35
112 32 36
112 33 37
112 34 38
112 35 39
112 35 40
112 36 41
112 37 42
112 38 43
112 39 44
112 40 45
112 41 46
112 42 47
112 43 48
112 44 49
112 45 50
112 46 51
112 47 52
112 48 53
112 48 54
112 49 55
112 50 56
112 51 57
112 52 58
112 53 59
112 54 60
112 55 61
112 56 62
112 58 63
112 59 64
112 60 65
112 61 66
112 62 67
112 63 68
112 64 69
112 65 70
112 66 71
112 67 72
112 68 73
112 69 72
112 70 74
112 71 75
112 73 76
112 74 77
113 0 1
113 0 2
113 1 3
113 2 4
113 2 5
113 3 6
113 4 7
113 5 8
113 6 9
113 7 10
113 8 11
113 9 11
113 10 12
113 12 13
113 13 14
113 14 15
113 15 16
113 15 17
113 15 18
113 15 19
113 16 20
113 17 21
113 18 22
113 19 23
113 20 24
113 20 25
113 21 26
113 22 27
113 23 28
113 24 29
113 25 30
113 26 31
113 27 32
113 28 33
113 29 34
113 30 35
113 31 36
113 32 37
113 33 38
113 34 39
113 35 40
113 36 41
113 38 42
113 39 43
113 40 44
113 41 45
113 42 46
113 43 47
113 44 48
113 45 49
113 46 50
113 47 51
113 48 52
113 49 53
113 51 54
113 52 55
113 53 56
113 54 57
113 55 58
113 55 59
113 56 60
113 57 61
113 58 62
113 59 63
113 59 64
113 60 65
113 61 66
113 62 67
113 63 68
113 64 69
114 0 1
114 1 2
114 2 3
114 3 4
114 4 5
114 5 6
114 5 7
114 5 8
114 5 9
114 6 10
114 7 11
114 7 12
114 8 13
114 9 14
114 10 15
114 11 16
114 11 17
114 12 18
114 13 19
114 14 20
114 15 21
114 16 22
114 16 23
114 17 24
114 18 25
114 19 26
114 20 27
114 21 28
114 22 29
114 23 30
114 24 31
114 25 32
114 26 33
114 26 34
114 26 35
114 27 36
114 28 37
114 28 38
114 29 39
114 29 40
114 30 41
114 30 42
114 30 43
114 31 44
114 32 45
114 33 38
114 34 46
114 35 47
114 37 48
114 39 49
114 39 50
114 39 51
114 40 52
114 41 53
114 42 54
114 43 55
114 43 56
114 44 57
114 45 58
114 45 59
114 46 60
114 47 61
114 48 62
114 49 63
114 50 64
114 51 65
114 52 66
114 52 67
114 53 68
114 54 69
114 55 65
114 56 70
114 57 71
114 58 72
114 59 62
114 60 73
114 61 62
114 63 74
114 64 75
114 66 76
114 67 77
114 70 78
114 71 79
114 73 80
114 73 81
114 74 78
114 75 82
114 76 83
114 76 84
115 0 1
115 0 2
115 1 3
115 2 4
115 3 5
115 4 6
115 5 7
115 5 8
115 5 9
115 5 10
115 6 11
115 7 12
115 8 13
115 9 14
115 10 15
115 11 16
115 11 17
115 12 18
115 13 19
115 13 20
115 14 21
115 15 22
115 16 23
115 17 24
115 18 25
115 19 26
115 20 27
115 21 28
115 22 29
115 23 30
115 24 31
115 25 32
115 26 33
115 27 34
115 28 35
115 29 36
115 30 37
115 31 38
115 32 39
115 33 40
115 34 41
115 35 42
115 37 38
115 39 43
115 40 44
115 41 45
115 42 46
115 43 47
115 44 48
115 45 49
115 46 50
115 48 51
115 49 52
115 50 53
115 51 54
115 52 55
115 53 56
115 54 57
115 54 58
115 55 59
115 56 60
115 57 61
115 57 62
115 58 63
115 59 64
115 60 65
115 61 66
115 62 67
115 63 68
116 0 1
116 0 2
116 1 3
116 2 4
116 3 5
116 5 6
116 6 7
116 7 8
116 8 9
116 9 10
116 9 11
116 10 12
116 10 13
116 11 14
116 12 15
116 13 16
116 14 17
116 15 18
116 17 19
116 19 20
116 20 21
116 21 22
116 22 23
116 23 24
116 24 25
116 25 26
116 25 27
116 26 28
116 27 29
116 28 30
116 28 31
116 29 32
116 30 33
116 31 34
116 32 35
116 33 36
116 34 37
116 35 38
116 36 39
116 37 40
116 38 41
116 39 42
116 40 43
116 40 44
116 41 45
116 42 46
116 43 47
116 44 48
116 45 49
116 46 50
116 46 51
116 48 52
116 49 53
116 50 54
116 51 55
116 53 56
116 53 57
116 54 58
116 55 59
116 56 60
116 57 61
116 58 62
116 59 63
116 60 64
116 61 65
117 0 1
117 0 2
117 1 3
117 2 4
117 3 5
117 4 6
117 5 7
117 6 8
117 7 9
117 8 10
117 9 11
117 10 12
117 11 13
117 12 14
117 13 15
117 14 16
117 15 17
117 16 18
117 17 19
117 18 20
117 19 21
117 20 22
117 21 23
117 22 24
117 23 25
117 24 26
117 25 27
117 26 28
117 27 29
117 29 30
117 30 31
117 31 32
117 32 33
117 33 34
117 34 35
117 35 36
117 36 37
117 37 38
117 38 39
117 39 40
117 40 41
117 41 42
117 41 43
117 42 44
117 43 45
117 43 46
117 44 47
117 45 48
117 46 49
117 47 50
117 48 51
117 49 52
117 49 53
117 50 54
117 51 55
117 52 56
117 53 57
117 54 58
117 55 59
117 56 60
117 57 61
117 58 62
117 59 63
117 60 64
117 60 65
117 61 66
117 62 67
117 63 66
117 64 68
117 65 69
117 65 70
117 67 71
117 68 72
117 68 73
117 69 74
117 69 75
118 0 1
118 0 2
118 1 3
118 2 4
118 3 5
118 3 6
118 4 7
118 5 8
118 6 9
118 7 10
118 7 11
118 7 12
118 8 13
118 9 14
118 10 15
118 11 16
118 12 17
118 13 18
118 14 19
118 15 20
118 15 21
118 16 22
118 17 23
118 18 24
118 19 25
118 20 26
118 21 27
118 22 28
118 23 27
118 24 29
118 28 30
118 28 31
118 29 32
118 30 33
118 30 34
118 31 35
118 32 36
118 33 37
118 34 38
118 35 39
118 36 40
118 37 41
118 38 42
118 39 43
118 40 44
118 41 45
118 42 45
118 43 46
118 43 47
118 43 48
118 44 49
118 45 50
118 46 51
118 47 52
118 48 53
118 49 54
118 50 55
118 50 56
118 51 57
118 52 58
118 53 59
118 54 60
118 55 61
118 56 62
118 57 63
118 58 64
118 58 65
118 59 66
118 60 67
118 62 68
118 63 69
118 63 70
118 64 71
118 65 70
119 0 1
119 0 2
119 1 3
119 2 4
119 3 5
119 4 6
119 5 7
119 6 8
119 7 9
119 8 10
119 8 11
119 9 12
119 10 13
119 11 14
119 12 15
119 13 16
119 14 17
119 15 18
119 16 19
119 18 20
119 19 21
119 20 22
119 21 23
119 22 24
119 23 25
119 24 26
119 25 27
119 26 28
119 27 29
119 28 30
119 29 31
119 30 32
119 31 33
119 32 34
119 33 35
119 34 36
119 35 37
119 36 38
119 37 39
119 38 40
119 40 41
119 41 42
119 42 43
119 43 44
119 44 45
119 45 46
119 46 47
119 47 48
119 48 49
119 49 50
119 50 51
119 51 52
119 52 53
119 53 54
119 54 55
119 55 56
119 56 57
119 56 58
119 56 59
119 57 60
119 58 61
119 59 62
119 60 63
119 61 64
120 0 1
120 0 2
120 2 3
120 2 4
120 3 5
120 4 6
120 4 7
120 5 8
120 6 9
120 7 10
120 8 11
120 8 12
120 9 13
120 10 14
120 11 15
120 12 16
120 13 17
120 14 17
120 15 18
120 15 19
120 15 20
120 15 21
120 16 22
120 16 23
120 17 24
120 18 25
120 18 26
120 19 27
120 19 28
120 20 29
120 20 30
120 21 22
120 22 31
120 23 32
120 24 33
120 24 34
120 25 35
120 25 36
120 26 37
120 27 38
120 28 39
120 29 40
120 30 41
120 31 42
120 31 43
120 31 44
120 31 45
120 32 46
120 33 47
120 34 48
120 35 41
120 36 45
120 37 46
120 37 49
120 38 50
120 39 51
120 40 52
120 41 53
120 42 44
120 44 53
120 47 54
120 48 55
120 49 56
120 50 57
120 51 58
120 52 59
120 54 60
120 55 61
120 56 62
120 56 63
120 57 64
120 57 65
120 58 66
120 59 67
120 59 68
120 60 69
120 60 70
120 60 71
120 61 72
120 61 73
120 61 74
120 62 75
120 63 76
120 63 77
120 64 78
120 65 79
120 66 78
120 67 80
121 0 1
121 0 2
121 1 3
121 2 4
121 3 5
121 4 6
121 6 7
121 7 8
121 7 9
121 8 10
121 9 11
121 10 12
121 11 13
121 13 14
121 14 15
121 15 16
121 16 17
121 16 18
121 17 19
121 18 20
121 19 21
121 19 22
121 20 23
121 21 24
121 21 25
121 22 26
121 23 27
121 25 28
121 26 29
121 26 30
121 27 31
121 28 32
121 28 33
121 29 32
121 29 34
121 30 35
121 31 36
121 33 37
121 34 38
121 35 39
121 36 40
121 37 41
121 38 42
121 40 43
121 42 44
121 42 45
121 44 46
121 45 47
121 46 48
121 47 49
121 47 50
121 48 51
121 49 52
121 49 53
121 50 54
121 51 54
121 52 55
121 53 56
121 54 57
121 55 58
121 56 59
121 57 60
121 58 61
121 59 62
121 60 63
121 61 64
121 61 65
121 62 66
121 64 67
121 64 68
121 65 69
121 65 70
121 66 71
121 67 72
122 0 1
122 0 2
122 1 3
122 2 4
122 3 5
122 4 6
122 5 7
122 6 8
122 7 9
122 8 10
122 9 11
122 10 12
122 10 13
122 11 14
122 11 15
122 12 16
122 13 17
122 14 18
122 15 19
122 16 20
122 17 21
122 17 22
122 18 23
122 19 24
122 20 25
122 21 26
122 22 27
122 23 28
122 24 29
122 25 30
122 26 31
122 27 32
122 28 33
122 29 34
122 30 35
122 31 36
122 31 37
122 31 38
122 32 39
122 33 40
122 34 41
122 35 42
122 36 43
122 37 44
122 38 45
122 39 46
122 40 47
122 40 48
122 40 49
122 41 50
122 42 51
122 43 52
122 44 53
122 45 54
122 46 55
122 47 56
122 48 57
122 49 58
122 50 59
122 51 60
122 52 61
122 53 62
122 54 63
122 56 64
122 57 65
122 58 66
122 59 67
122 60 68
122 61 69
122 62 70
122 64 71
122 65 72
122 66 73
122 67 74
122 68 75
122 69 76
122 70 77
122 71 78
122 73 79
122 74 80
123 0 1
123 0 2
123 1 3
123 2 4
123 3 5
123 4 6
123 5 7
123 6 8
123 7 9
123 8 10
123 9 11
123 10 12
123 11 13
123 12 14
123 13 15
123 14 16
123 15 17
123 16 18
123 17 19
123 18 20
123 19 21
123 20 22
123 21 23
123 22 24
123 23 25
123 23 26
123 24 27
123 25 28
123 25 29
123 26 30
123 27 31
123 28 32
123 29 33
123 30 34
123 31 35
123 32 36
123 33 37
123 33 38
123 34 39
123 35 40
123 36 41
123 37 42
123 38 43
123 39 44
123 40 45
123 41 46
123 42 47
123 43 48
123 44 49
123 45 50
123 46 51
123 47 52
123 47 53
123 48 54
123 49 55
123 50 56
123 51 54
123 52 57
123 53 58
123 53 59
123 55 60
123 56 61
123 57 62
123 57 63
123 58 64
123 58 65
123 59 66
123 60 67
123 61 68
123 62 69
123 62 70
123 63 71
123 64 72
123 64 73
123 65 74
123 66 74
123 66 75
123 67 76
123 68 77
123 69 78
123 70 79
123 70 80
123 71 81
123 72 75
124 0 1
124 1 2
124 2 3
124 3 4
124 3 5
124 3 6
124 4 7
124 5 8
124 6 9
124 6 10
124 7 11
124 8 12
124 8 13
124 9 14
124 10 15
124 12 16
124 13 17
124 13 18
124 14 19
124 15 20
124 16 21
124 16 22
124 17 23
124 17 24
124 18 25
124 19 26
124 20 21
124 21 27
124 21 28
124 22 29
124 23 30
124 24 31
124 24 32
124 24 33
124 24 34
124 25 35
124 26 36
124 27 37
124 28 36
124 29 38
124 29 39
124 30 40
124 31 41
124 32 42
124 33 43
124 34 44
124 35 45
124 37 46
124 38 47
124 39 48
124 40 49
124 41 50
124 42 51
124 43 52
124 44 53
124 45 54
124 46 55
124 47 56
124 47 57
124 48 58
124 49 59
124 50 60
124 51 61
124 52 62
124 53 63
124 54 64
124 56 65
124 56 66
124 57 67
124 58 68
124 59 69
124 59 70
124 60 71
124 61 72
124 62 73
124 63 74
124 63 75
124 63 76
124 64 77
124 65 78
124 65 79
124 66 80
124 67 81
125 0 1
125 0 2
125 1 3
125 2 4
125 3 5
125 3 6
125 4 7
125 5 8
125 6 9
125 7 10
125 8 11
125 9 12
125 10 13
125 10 14
125 11 15
125 12 16
125 13 17
125 14 18
125 15 19
125 15 20
125 16 21
125 17 22
125 17 23
125 18 24
125 19 25
125 20 26
125 20 27
125 21 28
125 22 29
125 23 30
125 24 31
125 25 32
125 25 33
125 26 34
125 27 35
125 28 36
125 29 37
125 30 38
125 31 39
125 31 40
125 32 41
125 32 42
125 32 43
125 33 35
125 33 43
125 33 44
125 34 45
125 36 46
125 37 47
125 38 48
125 39 49
125 40 50
125 41 51
125 42 52
125 44 53
125 44 54
125 45 55
125 47 56
125 48 57
125 50 58
125 51 59
125 52 60
125 53 61
125 54 62
125 55 63
125 56 64
125 57 65
125 59 66
125 60 67
126 0 1
126 0 2
126 1 3
126 2 4
126 3 5
126 4 6
126 5 7
126 6 8
126 6 9
126 7 10
126 8 11
126 9 12
126 10 13
126 11 14
126 11 15
126 12 16
126 13 17
126 14 18
126 15 19
126 16 20
126 17 21
126 18 22
126 19 23
126 20 24
126 21 25
126 21 26
126 22 27
126 22 28
126 22 29
126 23 30
126 24 31
126 25 32
126 26 33
126 27 34
126 28 35
126 29 36
126 30 37
126 31 38
126 32 39
126 33 40
126 34 41
126 35 42
126 36 43
126 37 44
126 38 45
126 39 46
126 40 47
126 41 48
126 42 49
126 43 50
126 45 51
126 46 52
126 47 53
126 49 54
126 50 55
126 51 56
126 52 57
126 53 58
126 54 59
126 55 60
126 56 61
126 57 62
126 58 63
126 58 64
126 58 65
126 59 66
126 60 67
126 61 68
126 62 69
126 63 70
126 64 71
126 65 72
126 66 68
126 67 73
126 68 74
126 69 75
126 70 76
127 0 1
127 0 2
127 0 3
127 0 4
127 0 5
127 1 6
127 1 7
127 2 8
127 3 4
127 4 9
127 6 10
127 6 11
127 7 12
127 8 13
127 9 14
127 10 15
127 11 16
127 12 17
127 12 18
127 12 19
127 12 20
127 13 17
127 13 21
127 14 21
127 14 22
127 15 19
127 15 23
127 16 24
127 17 25
127 18 26
127 18 27
127 20 22
127 20 28
127 23 29
127 24 30
127 25 30
127 26 31
127 27 32
127 28 33
127 29 34
127 30 35
127 31 36
127 32 37
127 33 38
127 34 39
127 34 40
127 35 41
127 36 42
127 37 43
127 38 44
127 39 45
127 39 46
127 40 47
127 41 48
127 41 49
127 42 50
127 42 51
127 43 52
127 44 53
127 44 54
127 45 55
127 46 56
127 48 57
127 49 58
127 49 59
127 50 60
127 51 61
127 52 61
127 53 62
127 54 63
127 54 64
127 55 65
127 56 66
127 57 67
127 57 68
127 57 69
127 58 70
127 59 71
127 60 72
127 61 72
127 62 73
127 63 74
128 0 1
128 0 2
128 0 3
128 1 4
128 2 5
128 3 6
128 4 7
128 5 8
128 6 9
128 8 10
128 9 11
128 10 12
128 11 13
128 12 14
128 13 15
128 14 16
128 15 17
128 16 18
128 17 19
128 18 20
128 19 21
128 20 22
128 21 23
128 22 24
128 23 25
128 24 26
128 25 27
128 26 28
128 27 29
128 28 30
128 29 31
128 30 32
128 32 33
128 33 34
128 34 35
128 35 36
128 36 37
128 37 38
128 38 39
128 39 40
128 40 41
128 41 42
128 42 43
128 43 44
128 44 45
128 45 46
128 46 47
128 47 48
128 48 49
128 49 50
128 50 51
128 51 52
128 52 53
128 53 54
128 54 55
128 55 56
128 56 57
128 56 58
128 56 59
128 57 60
128 58 61
128 59 62
128 60 63
128 61 64
128 62 65
128 63 66
128 64 67
128 64 68
128 65 69
128 67 70
128 68 71
128 69 72
128 70 73
128 71 74
128 71 75
128 72 76
128 73 77
128 74 78
128 75 79
128 76 80
129 0 1
129 0 2
129 1 3
129 2 4
129 3 5
129 4 6
129 5 7
129 6 8
129 8 9
129 9 10
129 10 11
129 11 12
129 12 13
129 13 14
129 13 15
129 14 16
129 15 17
129 15 18
129 16 19
129 17 20
129 18 21
129 19 22
129 20 23
129 21 23
129 22 24
129 23 25
129 23 26
129 24 27
129 25 28
129 26 29
129 27 30
129 28 31
129 29 32
129 30 33
129 31 34
129 33 35
129 33 36
129 34 37
129 35 38
129 36 39
129 37 40
129 37 41
129 38 42
129 39 43
129 39 44
129 39 45
129 39 46
129 40 47
129 41 48
129 42 49
129 43 50
129 44 51
129 45 52
129 46 53
129 47 54
129 48 55
129 49 56
129 50 57
129 51 58
129 52 59
129 53 60
129 54 61
129 55 62
129 56 63
129 57 64
129 58 65
129 59 66
129 60 67
129 61 68
129 62 68
129 62 69
129 62 70
129 63 71
129 64 72
129 65 73
130 0 1
130 0 2
130 1 3
130 2 4
130 3 5
130 3 6
130 4 7
130 5 8
130 7 9
130 8 10
130 9 11
130 10 12
130 11 13
130 12 14
130 13 15
130 14 16
130 15 17
130 16 18
130 17 19
130 18 20
130 19 21
130 20 22
130 21 23
130 22 24
130 23 25
130 24 26
130 25 27
130 26 28
130 27 29
130 28 30
130 29 31
130 30 32
130 31 33
130 32 34
130 33 35
130 35 36
130 36 37
130 37 38
130 38 39
130 39 40
130 39 41
130 40 42
130 40 43
130 41 44
130 43 45
130 44 46
130 46 47
130 47 48
130 47 49
130 48 50
130 48 51
130 50 52
130 51 53
130 52 54
130 52 55
130 53 56
130 53 57
130 54 58
130 55 56
130 57 59
130 58 60
130 59 61
130 60 62
130 61 63
130 63 64
130 64 65
130 65 66
130 66 67
130 67 68
130 68 69
130 69 70
130 70 71
130 71 72
130 71 73
130 71 74
131 0 1
131 1 2
131 2 3
131 3 4
131 4 5
131 4 6
131 4 7
131 5 8
131 6 9
131 7 10
131 7 11
131 8 12
131 9 13
131 10 14
131 11 15
131 12 16
131 13 17
131 14 18
131 14 19
131 15 20
131 15 21
131 16 22
131 17 23
131 17 24
131 18 25
131 19 26
131 20 24
131 21 27
131 21 28
131 22 23
131 24 29
131 24 30
131 25 31
131 26 32
131 26 33
131 27 34
131 27 35
131 28 36
131 29 37
131 30 38
131 31 39
131 32 40
131 32 41
131 33 42
131 34 43
131 35 44
131 35 45
131 35 46
131 35 47
131 36 48
131 37 49
131 38 50
131 39 51
131 40 52
131 41 53
131 41 54
131 42 55
131 43 56
131 44 57
131 45 58
131 46 59
131 47 60
131 48 61
132 0 1
132 0 2
132 1 3
132 1 4
132 2 5
132 3 6
132 4 7
132 5 8
132 5 9
132 6 10
132 7 11
132 7 12
132 8 13
132 8 14
132 9 15
132 10 16
132 11 17
132 12 18
132 12 19
132 13 20
132 14 21
132 14 22
132 15 23
132 15 24
132 16 25
132 17 26
132 18 27
132 19 28
132 20 29
132 20 30
132 21 31
132 21 32
132 22 29
132 23 33
132 23 34
132 24 35
132 25 36
132 26 37
132 27 38
132 28 39
132 30 31
132 32 40
132 32 41
132 33 42
132 34 43
132 34 44
132 35 45
132 36 37
132 38 46
132 39 47
132 40 48
132 41 49
132 42 50
132 43 51
132 44 52
132 45 53
132 46 54
132 47 55
132 48 56
132 49 57
132 50 58
132 51 59
132 52 60
132 52 61
132 54 62
132 55 63
132 56 64
132 57 60
132 58 65
132 58 66
132 59 67
132 61 68
132 62 69
132 63 70
132 64 71
132 64 72
132 65 73
132 66 74
133 0 1
133 0 2
133 1 3
133 2 4
133 3 5
133 4 6
133 5 7
133 6 8
133 7 9
133 8 10
133 9 11
133 10 12
133 11 13
133 12 14
133 13 15
133 14 16
133 15 17
133 15 18
133 15 19
133 16 20
133 17 21
133 18 22
133 19 23
133 20 24
133 21 25
133 22 26
133 23 27
133 24 28
133 25 29
133 25 30
133 26 31
133 27 32
133 28 33
133 29 34
133 30 35
133 31 36
133 33 37
133 34 38
133 35 39
133 35 40
133 36 41
133 37 42
133 38 43
133 39 44
133 40 45
133 41 46
133 42 47
133 43 48
133 44 49
133 45 50
133 46 51
133 47 52
133 48 53
133 49 54
133 50 55
133 51 56
133 51 57
133 52 58
133 54 59
133 55 60
133 56 61
133 57 62
133 58 63
133 59 64
133 60 65
133 61 66
133 62 67
133 63 68
133 64 69
133 65 70
133 66 71
133 67 72
133 69 71
134 0 1
134 0 2
134 1 3
134 2 4
134 3 5
134 4 6
134 5 7
134 6 8
134 7 9
134 8 10
134 9 11
134 9 12
134 10 13
134 11 13
134 12 14
134 13 15
134 14 16
134 15 17
134 15 18
134 16 19
134 16 20
134 17 21
134 18 22
134 19 23
134 20 24
134 20 25
134 21 26
134 22 27
134 23 28
134 23 29
134 24 30
134 25 31
134 25 32
134 26 33
134 27 34
134 28 35
134 28 36
134 29 37
134 30 38
134 30 39
134 31 40
134 31 41
134 32 39
134 33 42
134 34 43
134 35 44
134 36 45
134 36 46
134 37 47
134 38 40
134 41 48
134 41 49
134 42 50
134 43 51
134 44 52
134 45 53
134 46 54
134 47 55
134 48 56
134 49 57
134 50 58
134 51 59
134 52 60
134 53 61
134 54 62
134 54 63
134 56 64
134 57 65
134 58 66
134 59 67
134 60 68
134 60 69
134 61 70
134 62 71
134 63 64
135 0 1
135 0 2
135 1 3
135 2 4
135 4 5
135 5 6
135 6 7
135 7 8
135 8 9
135 9 10
135 10 11
135 11 12
135 12 13
135 12 14
135 13 15
135 14 16
135 15 17
135 16 18
135 17 19
135 18 20
135 19 21
135 20 22
135 21 23
135 22 24
135 23 25
135 24 26
135 24 27
135 24 28
135 25 29
135 26 30
135 27 31
135 28 32
135 29 33
135 30 34
135 31 35
135 32 36
135 33 37
135 34 38
135 35 39
135 36 40
135 37 41
135 38 42
135 39 43
135 41 44
135 41 45
135 42 46
135 43 47
135 44 48
135 45 49
135 46 50
135 47 51
135 47 52
135 48 53
135 48 54
135 49 55
135 50 56
135 51 57
135 53 58
135 54 59
135 55 60
135 56 61
135 57 62
135 58 63
135 59 64
135 60 65
135 61 66
135 62 67
135 63 68
135 64 69
135 64 70
135 64 71
135 65 72
135 66 73
135 67 74
135 68 75
135 69 76
135 70 77
135 71 78
136 0 1
136 0 2
136 1 3
136 2 4
136 3 5
136 4 6
136 5 7
136 6 8
136 7 9
136 7 10
136 8 11
136 9 12
136 10 13
136 10 14
136 11 15
136 12 16
136 13 17
136 14 18
136 15 19
136 16 20
136 17 21
136 18 22
136 18 23
136 19 24
136 20 25
136 21 26
136 22 27
136 23 28
136 24 29
136 25 30
136 26 31
136 27 32
136 28 33
136 29 34
136 30 35
136 31 36
136 32 37
136 32 38
136 33 39
136 34 40
136 35 41
136 36 39
136 37 42
136 38 43
136 38 44
136 40 45
136 41 46
136 42 47
136 42 48
136 43 49
136 43 50
136 44 51
136 45 52
136 46 53
136 47 54
136 48 55
136 48 56
136 49 57
136 50 58
136 50 59
136 51 57
136 51 60
136 52 61
136 53 62
136 54 63
136 55 64
136 55 65
136 56 66
136 58 60
136 59 67
136 59 68
137 0 1
137 0 2
137 1 3
137 2 4
137 3 5
137 4 6
137 6 7
137 7 8
137 7 9
137 8 10
137 9 11
137 10 12
137 11 13
137 12 14
137 14 15
137 15 16
137 16 17
137 16 18
137 17 19
137 18 20
137 19 21
137 19 22
137 20 23
137 21 24
137 22 25
137 22 26
137 23 27
137 24 28
137 24 29
137 25 30
137 27 31
137 28 32
137 29 33
137 29 34
137 30 34
137 30 35
137 31 36
137 32 37
137 33 38
137 35 39
137 36 40
137 38 41
137 39 42
137 40 43
137 41 44
137 41 45
137 44 46
137 45 47
137 46 48
137 47 49
137 47 50
137 48 51
137 49 52
137 50 53
137 50 54
137 51 52
137 52 55
137 53 56
137 54 57
137 55 58
137 56 59
137 57 60
137 58 61
137 59 62
137 60 63
137 62 64
137 62 65
137 63 66
137 64 67
137 64 68
137 65 69
137 65 70
138 0 1
138 0 2
138 1 3
138 3 4
138 4 5
138 5 6
138 6 7
138 7 8
138 8 9
138 9 10
138 10 11
138 11 12
138 12 13
138 12 14
138 13 15
138 14 16
138 15 17
138 16 18
138 17 19
138 19 20
138 20 21
138 20 22
138 20 23
138 22 24
138 23 25
138 24 26
138 26 27
138 27 28
138 28 29
138 28 30
138 28 31
138 29 32
138 29 33
138 30 34
138 31 32
138 32 35
138 32 36
138 33 37
138 34 38
138 35 39
138 36 40
138 36 41
138 37 42
138 37 43
138 38 44
138 39 42
138 40 45
138 41 46
138 42 47
138 43 48
138 44 49
138 45 50
138 46 51
138 47 52
138 48 53
138 50 54
138 51 55
138 51 56
138 52 57
138 53 58
138 54 59
138 55 60
138 56 61
138 57 62
138 58 63
138 58 64
138 59 65
138 60 66
138 61 67
138 62 68
138 63 69
138 64 70
138 66 71
138 67 72
138 68 73
138 69 74
138 70 75
138 71 76
138 72 77
138 73 78
138 74 79
138 75 80
138 76 81
138 77 81
138 77 82
138 78 83
139 0 1
139 0 2
139 1 3
139 2 4
139 3 5
139 4 6
139 5 7
139 7 8
139 8 9
139 9 10
139 10 11
139 11 12
139 12 13
139 13 14
139 14 15
139 15 16
139 16 17
139 16 18
139 18 19
139 19 20
139 20 21
139 20 22
139 20 23
139 21 24
139 22 25
139 23 26
139 24 27
139 25 28
139 26 29
139 26 30
139 27 31
139 28 32
139 28 33
139 29 34
139 30 35
139 30 36
139 31 37
139 32 38
139 33 39
139 34 40
139 34 41
139 35 42
139 36 37
139 38 43
139 39 44
139 40 45
139 41 46
139 42 47
139 43 48
139 44 49
139 45 50
139 45 51
139 46 52
139 47 53
139 48 54
139 49 55
139 50 56
139 50 57
139 50 58
139 50 59
139 51 60
139 51 61
139 52 62
139 53 63
139 54 64
139 55 64
139 55 65
139 56 66
139 56 67
139 57 68
139 57 69
139 58 70
139 59 71
139 60 72
139 62 71
139 66 72
140 0 1
140 0 2
140 1 3
140 2 4
140 3 5
140 4 6
140 4 7
140 4 8
140 5 9
140 6 10
140 7 11
140 8 12
140 9 13
140 9 14
140 10 15
140 11 16
140 12 17
140 13 18
140 14 19
140 15 20
140 16 21
140 17 22
140 18 23
140 19 24
140 20 25
140 21 26
140 23 27
140 24 28
140 25 29
140 26 30
140 27 31
140 28 32
140 29 33
140 29 34
140 30 35
140 31 36
140 32 37
140 33 38
140 35 39
140 36 40
140 37 41
140 38 42
140 39 43
140 40 44
140 41 45
140 42 46
140 43 47
140 44 48
140 45 49
140 46 50
140 47 51
140 48 52
140 49 53
140 50 54
140 51 55
140 52 56
140 53 57
140 54 58
140 55 59
140 56 60
140 57 61
140 57 62
140 58 63
140 59 64
140 61 65
140 62 66
140 63 67
140 64 68
140 65 69
140 66 70
140 66 71
140 67 72
140 68 73
140 68 74
140 69 75
140 70 76
140 71 77
141 0 1
141 1 2
141 1 3
141 2 4
141 2 5
141 3 6
141 4 7
141 5 8
141 7 9
141 8 10
141 9 11
141 10 12
141 11 13
141 12 14
141 12 15
141 13 16
141 14 17
141 14 18
141 16 19
141 17 20
141 18 21
141 19 22
141 20 23
141 20 24
141 21 25
141 21 26
141 22 27
141 23 28
141 24 25
141 26 29
141 27 30
141 28 31
141 29 32
141 30 33
141 31 34
141 32 35
141 33 36
141 35 37
141 36 38
141 37 39
141 38 40
141 39 41
141 40 42
141 41 43
141 42 44
141 43 45
141 44 46
141 45 47
141 46 48
141 47 49
141 48 50
141 49 51
141 50 52
141 51 53
141 51 54
141 51 55
141 52 56
141 53 57
141 54 58
141 55 59
141 56 60
141 57 61
141 58 62
141 59 63
141 60 64
141 61 65
141 62 66
141 63 67
141 64 68
141 64 69
141 65 70
141 66 71
141 67 70
141 67 72
141 69 73
141 71 74
141 72 75
141 73 76
141 74 77
141 75 78
141 76 79
141 78 80
141 79 81
141 80 82
141 81 83
142 0 1
142 0 2
142 1 3
142 2 4
142 3 5
142 4 6
142 5 7
142 6 8
142 7 9
142 8 10
142 9 11
142 9 12
142 10 13
142 11 14
142 12 15
142 13 16
142 14 17
142 15 18
142 17 19
142 18 20
142 19 21
142 20 22
142 21 23
142 22 24
142 23 25
142 24 26
142 24 27
142 24 28
142 25 29
142 26 30
142 27 31
142 28 32
142 29 33
142 30 34
142 31 35
142 32 36
142 33 37
142 34 38
142 35 39
142 36 40
142 37 41
142 38 42
142 39 43
142 41 44
142 41 45
142 42 46
142 43 47
142 44 48
142 45 49
142 46 50
142 47 51
142 47 52
142 48 53
142 49 54
142 49 55
142 50 56
142 51 57
142 53 58
142 54 59
142 55 60
142 56 61
142 57 62
142 58 63
142 59 64
142 60 65
142 61 66
142 62 67
142 63 68
142 64 69
142 65 70
142 65 71
142 65 72
142 66 73
142 67 74
142 68 75
143 0 1
143 1 2
143 2 3
143 3 4
143 4 5
143 5 6
143 6 7
143 7 8
143 8 9
143 9 10
143 9 11
143 10 12
143 10 13
143 11 14
143 12 15
143 13 16
143 14 17
143 16 18
143 17 19
143 19 20
143 20 21
143 21 22
143 22 23
143 23 24
143 24 25
143 25 26
143 25 27
143 26 28
143 27 29
143 28 30
143 29 31
143 29 32
143 30 33
143 31 34
143 32 35
143 33 36
143 34 37
143 35 38
143 36 39
143 37 40
143 38 41
143 39 42
143 40 43
143 41 44
143 41 45
143 42 46
143 43 47
143 44 48
143 45 49
143 46 50
143 47 51
143 47 52
143 48 53
143 50 54
143 50 55
143 51 56
143 52 57
143 54 58
143 55 59
143 56 60
143 57 61
143 58 62
143 59 63
143 60 64
143 61 65
143 62 66
143 63 67
143 64 68
143 64 69
143 65 70
143 66 71
143 67 72
143 68 73
143 68 74
143 69 75
144 0 1
144 0 2
144 1 3
144 2 4
144 2 5
144 3 6
144 4 7
144 5 8
144 6 9
144 6 10
144 7 11
144 8 12
144 9 13
144 9 14
144 10 15
144 11 16
144 12 17
144 13 18
144 14 19
144 15 20
144 15 21
144 16 22
144 17 23
144 18 21
144 19 24
144 20 25
144 20 26
144 20 27
144 21 27
144 21 28
144 22 29
144 23 30
144 24 31
144 25 32
144 26 33
144 28 34
144 28 35
144 29 36
144 30 37
144 30 38
144 31 39
144 32 40
144 33 41
144 34 42
144 35 43
144 36 44
144 37 45
144 38 46
144 39 47
144 40 48
144 41 49
144 42 50
144 43 51
144 45 52
144 46 53
144 46 54
144 47 55
144 48 56
144 49 57
144 50 58
144 50 59
144 51 60
144 52 61
144 53 62
144 54 63
144 55 64
144 57 65
144 57 66
144 57 67
144 58 68
144 59 69
144 60 70
144 61 71
144 61 72
144 62 73
144 63 74
144 64 75
145 0 1
145 0 2
145 1 3
145 2 4
145 3 5
145 3 6
145 4 7
145 4 8
145 5 9
145 6 10
145 6 11
145 7 9
145 8 12
145 8 13
145 10 14
145 11 15
145 12 16
145 13 17
145 14 18
145 15 19
145 16 20
145 18 21
145 19 22
145 20 23
145 20 24
145 21 25
145 21 26
145 21 27
145 22 28
145 22 29
145 22 30
145 23 31
145 24 32
145 25 33
145 26 34
145 27 35
145 28 36
145 29 37
145 30 38
145 31 39
145 31 40
145 32 41
145 32 42
145 32 43
145 32 44
145 33 45
145 34 46
145 34 47
145 35 48
145 36 49
145 37 50
145 38 51
145 39 52
145 40 41
145 40 53
145 42 54
145 42 55
145 43 56
145 43 57
145 44 58
145 44 59
145 45 60
145 46 60
145 47 61
145 48 62
145 49 63
145 50 64
145 50 65
145 51 66
145 52 67
145 53 68
145 53 69
145 53 70
145 53 71
145 54 72
145 54 73
145 55 74
145 56 75
145 57 76
145 58 77
145 59 78
145 62 79
145 63 80
145 65 80
145 67 74
145 68 72
145 70 71
145 73 77
146 0 1
146 0 2
146 1 3
146 2 4
146 3 5
146 4 6
146 5 7
146 6 8
146 7 9
146 8 10
146 9 11
146 10 12
146 11 13
146 12 14
146 13 15
146 14 16
146 15 17
146 15 18
146 15 19
146 16 20
146 16 21
146 17 22
146 18 23
146 19 24
146 19 25
146 20 26
146 22 27
146 23 28
146 24 28
146 25 29
146 26 30
146 27 31
146 28 32
146 29 33
146 30 34
146 31 35
146 33 36
146 34 37
146 35 38
146 36 39
146 37 40
146 38 41
146 39 42
146 39 43
146 40 44
146 40 45
146 40 46
146 41 47
146 42 48
146 43 49
146 43 50
146 44 51
146 45 52
146 46 53
146 47 54
146 47 55
146 48 56
146 49 57
146 50 58
146 51 59
146 52 60
146 53 61
146 54 62
146 55 63
146 56 64
146 57 65
146 57 66
146 58 67
146 59 68
146 60 69
146 61 70
146 62 71
146 63 72
146 64 73
146 66 74
146 67 75
146 69 76
146 70 77
146 71 78
146 72 79
146 73 80
146 75 81
147 0 1
147 0 2
147 1 3
147 2 4
147 3 5
147 4 6
147 5 7
147 6 8
147 6 9
147 7 10
147 8 11
147 9 12
147 10 13
147 11 14
147 12 15
147 13 16
147 14 17
147 15 18
147 16 19
147 17 20
147 18 21
147 19 22
147 21 23
147 21 24
147 21 25
147 22 26
147 23 27
147 24 28
147 25 29
147 26 30
147 27 31
147 27 32
147 28 33
147 29 34
147 30 35
147 31 36
147 32 37
147 33 38
147 34 36
147 35 39
147 38 40
147 38 41
147 39 42
147 40 43
147 40 44
147 41 45
147 43 46
147 44 47
147 45 48
147 46 49
147 47 50
147 48 51
147 49 52
147 50 52
147 51 53
147 51 54
147 51 55
147 52 56
147 53 57
147 54 58
147 55 59
147 56 60
147 56 61
147 57 62
147 58 63
147 59 64
147 60 65
147 61 66
147 62 67
147 63 68
147 64 69
147 64 70
147 65 71
147 67 72
147 67 73
147 68 74
147 68 75
147 68 76
147 68 77
147 69 72
147 70 78
148 0 1
148 0 2
148 2 3
148 3 4
148 3 5
148 4 6
148 5 7
148 6 8
148 7 9
148 8 10
148 9 11
148 10 12
148 11 13
148 12 14
148 13 15
148 14 16
148 15 17
148 16 18
148 17 19
148 18 20
148 19 21
148 20 22
148 21 23
148 22 24
148 23 25
148 24 26
148 25 27
148 26 28
148 27 29
148 28 30
148 29 31
148 31 32
148 32 33
148 33 34
148 34 35
148 35 36
148 36 37
148 37 38
148 38 39
148 39 40
148 40 41
148 41 42
148 42 43
148 43 44
148 44 45
148 45 46
148 46 47
148 47 48
148 48 49
148 49 50
148 50 51
148 51 52
148 52 53
148 53 54
148 54 55
148 55 56
148 56 57
148 56 58
148 56 59
148 57 60
148 58 61
148 59 62
148 60 63
148 61 64
148 62 65
148 63 66
148 64 67
148 65 68
148 65 69
148 66 70
148 68 71
148 69 72
148 70 73
148 71 74
148 72 75
148 72 76
149 0 1
149 0 2
149 1 3
149 2 4
149 3 5
149 4 6
149 5 7
149 6 8
149 7 9
149 7 10
149 9 11
149 10 12
149 11 13
149 12 14
149 13 15
149 14 16
149 15 17
149 15 18
149 16 19
149 17 20
149 17 21
149 18 22
149 19 23
149 20 24
149 21 25
149 22 26
149 22 27
149 23 28
149 23 29
149 24 27
149 25 30
149 26 31
149 26 32
149 26 33
149 27 32
149 27 34
149 28 35
149 29 36
149 30 37
149 31 38
149 33 39
149 34 40
149 34 41
149 35 42
149 36 43
149 36 44
149 37 45
149 38 46
149 39 47
149 40 48
149 41 49
149 42 50
149 43 51
149 44 52
149 45 53
149 46 54
149 47 55
149 48 56
149 49 57
149 50 58
149 50 59
149 51 60
149 52 61
150 0 1
150 0 2
150 1 3
150 2 4
150 3 5
150 4 6
150 5 7
150 6 8
150 7 9
150 7 10
150 9 11
150 10 12
150 11 13
150 12 14
150 13 15
150 14 16
150 15 17
150 16 18
150 16 19
150 17 20
150 18 21
150 19 22
150 19 23
150 20 24
150 20 25
150 21 26
150 21 27
150 22 28
150 23 29
150 24 30
150 25 31
150 26 28
150 26 32
150 26 33
150 27 33
150 27 34
150 27 35
150 29 36
150 30 37
150 30 38
150 31 39
150 32 40
150 32 41
150 34 42
150 35 43
150 36 44
150 37 45
150 38 46
150 39 47
150 40 48
150 41 49
150 42 50
150 43 51
150 44 52
150 45 53
150 46 54
150 47 55
150 47 56
150 48 57
150 49 58
150 50 59
150 51 60
150 52 61
150 53 62
150 54 63
150 55 64
150 56 65
150 57 66
150 57 67
150 58 68
150 59 69
150 60 70
150 61 71
151 0 1
151 0 2
151 1 3
151 2 4
151 2 5
151 2 6
151 3 7
151 4 8
151 5 9
151 6 10
151 7 11
151 7 12
151 7 13
151 7 14
151 8 15
151 9 16
151 10 17
151 11 18
151 11 19
151 12 20
151 13 21
151 14 22
151 15 23
151 15 24
151 16 25
151 17 26
151 18 27
151 18 28
151 19 29
151 20 30
151 21 31
151 22 32
151 23 31
151 24 33
151 25 34
151 25 35
151 26 33
151 26 36
151 27 37
151 27 38
151 28 39
151 29 40
151 30 41
151 32 42
151 34 43
151 35 44
151 35 45
151 36 46
151 37 47
151 38 48
151 39 49
151 40 50
151 41 51
151 42 52
151 43 53
151 44 54
151 45 55
151 46 50
151 46 56
151 47 57
151 47 58
151 47 59
151 48 60
151 48 61
151 49 62
151 53 63
151 54 64
151 55 65
151 56 66
151 57 67
151 57 68
151 58 69
151 59 70
151 60 71
151 61 72
152 0 1
152 0 2
152 0 3
152 1 4
152 2 5
152 3 6
152 4 7
152 5 8
152 6 9
152 7 10
152 8 11
152 9 12
152 10 13
152 11 14
152 12 15
152 13 16
152 14 17
152 15 18
152 17 19
152 18 20
152 19 21
152 20 22
152 21 23
152 22 24
152 22 25
152 22 26
152 23 27
152 24 28
152 25 29
152 26 30
152 27 31
152 28 32
152 29 33
152 30 34
152 31 35
152 32 36
152 32 37
152 33 38
152 34 39
152 35 37
152 35 40
152 36 41
152 39 42
152 40 43
152 41 44
152 42 45
152 43 46
152 44 47
152 45 48
152 46 49
152 47 50
152 48 51
152 49 52
152 50 53
152 51 54
152 52 55
152 54 56
152 55 57
152 56 58
152 57 59
152 58 60
152 59 61
152 60 62
152 61 63
152 62 64
152 63 65
152 64 66
152 65 67
152 65 68
152 66 69
152 67 70
152 68 71
152 69 72
153 0 1
153 0 2
153 1 3
153 2 4
153 3 5
153 4 6
153 5 7
153 6 8
153 7 9
153 8 10
153 8 11
153 9 12
153 11 13
153 12 14
153 13 15
153 14 16
153 15 17
153 15 18
153 15 19
153 16 20
153 17 21
153 18 22
153 19 23
153 20 24
153 21 25
153 21 26
153 22 27
153 23 28
153 24 29
153 25 30
153 25 31
153 26 32
153 27 33
153 27 34
153 28 35
153 29 36
153 30 37
153 31 38
153 32 39
153 32 40
153 33 41
153 34 42
153 35 37
153 38 43
153 39 44
153 40 45
153 41 46
153 42 47
153 43 48
153 44 49
153 45 50
153 45 51
153 46 52
153 47 53
153 48 54
153 49 55
153 50 56
153 50 57
153 51 58
153 51 59
153 51 60
153 51 61
153 52 62
153 53 63
153 54 64
153 55 65
153 55 66
153 56 67
153 57 68
153 58 69
153 58 70
153 59 66
153 60 71
153 61 72
153 61 73
153 62 74
153 63 74
153 65 71
153 68 70
154 0 1
154 0 2
154 0 3
154 1 4
154 2 5
154 3 6
154 3 7
154 4 8
154 4 9
154 5 10
154 5 11
154 6 12
154 8 13
154 9 11
154 10 14
154 12 15
154 13 16
154 14 17
154 15 18
154 16 19
154 17 20
154 18 21
154 18 22
154 20 23
154 21 24
154 22 25
154 22 26
154 23 27
154 24 28
154 25 29
154 27 30
154 28 31
154 30 32
154 31 33
154 32 34
154 33 35
154 34 36
154 35 37
154 36 38
154 37 39
154 38 40
154 39 41
154 40 42
154 40 43
154 40 44
154 41 45
154 42 46
154 43 47
154 44 48
154 45 49
154 46 50
154 47 51
154 48 52
154 49 53
154 50 54
154 51 55
154 52 56
154 53 57
154 54 58
154 55 58
154 55 59
154 56 60
154 57 61
154 59 62
154 60 63
154 61 64
154 62 65
154 63 66
154 64 67
154 65 68
154 67 69
154 68 70
154 69 71
154 70 72
154 70 73
154 70 74
154 71 75
154 72 76
154 73 77
154 74 78
154 75 79
154 76 80
154 77 80
154 78 81
154 79 82
155 0 1
155 0 2
155 1 3
155 2 4
155 3 5
155 4 6
155 5 7
155 6 8
155 7 9
155 8 10
155 9 11
155 10 12
155 11 13
155 12 14
155 13 15
155 14 16
155 15 17
155 17 18
155 18 19
155 19 20
155 20 21
155 20 22
155 20 23
155 20 24
155 21 25
155 22 26
155 23 27
155 24 28
155 25 29
155 25 30
155 26 31
155 27 32
155 28 33
155 29 34
155 30 35
155 31 36
155 32 37
155 33 38
155 34 39
155 35 40
155 36 41
155 37 42
155 38 43
155 39 44
155 40 45
155 42 46
155 43 47
155 44 48
155 45 49
155 46 50
155 47 51
155 48 52
155 49 53
155 50 54
155 50 55
155 51 56
155 52 57
155 53 58
155 54 59
155 55 60
155 57 61
155 58 62
155 59 63
155 60 64
155 61 65
155 61 66
155 62 67
155 63 68
155 64 69
155 65 70
155 66 71
155 66 72
155 67 73
155 68 69
155 70 74
155 71 75
156 0 1
156 0 2
156 1 3
156 2 4
156 2 5
156 2 6
156 2 7
156 3 8
156 4 9
156 5 10
156 6 11
156 6 12
156 7 13
156 8 14
156 9 15
156 10 16
156 11 17
156 11 18
156 12 19
156 13 20
156 15 21
156 16 22
156 17 23
156 18 24
156 18 25
156 19 26
156 20 27
156 21 28
156 22 29
156 22 30
156 22 31
156 23 32
156 24 33
156 25 34
156 26 35
156 27 36
156 29 37
156 30 38
156 31 39
156 32 40
156 33 41
156 33 42
156 33 43
156 34 44
156 34 45
156 35 46
156 36 37
156 36 47
156 38 48
156 39 49
156 40 50
156 41 51
156 42 52
156 43 53
156 43 54
156 44 55
156 44 56
156 44 57
156 45 58
156 46 59
156 46 60
156 47 61
156 48 62
156 49 63
156 50 64
156 51 65
156 52 66
156 53 67
156 54 68
156 55 69
156 56 70
156 57 68
156 58 71
156 58 72
156 59 62
156 60 73
156 61 62
156 63 74
156 63 75
156 64 76
156 67 77
156 69 78
156 70 79
156 71 80
156 72 81
156 74 82
156 77 79
157 0 1
157 0 2
157 1 3
157 2 4
157 4 5
157 5 6
157 6 7
157 6 8
157 7 9
157 7 10
157 7 11
157 8 12
157 9 13
157 10 14
157 11 13
157 11 15
157 12 16
157 13 17
157 13 18
157 14 19
157 15 20
157 16 21
157 16 22
157 17 23
157 18 24
157 19 20
157 19 25
157 20 26
157 21 27
157 22 28
157 23 29
157 24 30
157 25 31
157 26 32
157 27 33
157 28 34
157 29 35
157 30 36
157 31 37
157 32 38
157 33 39
157 34 40
157 35 41
157 36 42
157 37 43
157 38 44
157 39 45
157 40 46
157 42 47
157 42 48
157 42 49
157 43 50
157 44 51
157 44 52
157 45 53
157 46 53
157 46 54
157 48 55
157 49 56
157 50 57
157 51 58
157 52 59
157 54 60
157 55 61
157 57 62
157 58 63
157 59 64
157 60 65
157 61 66
158 0 1
158 1 2
158 2 3
158 3 4
158 3 5
158 4 6
158 5 7
158 6 8
158 6 9
158 7 10
158 7 11
158 8 12
158 9 13
158 9 14
158 11 14
158 11 15
158 12 16
158 13 17
158 15 18
158 16 19
158 16 20
158 17 21
158 18 22
158 18 23
158 19 24
158 20 25
158 22 26
158 23 27
158 24 28
158 24 29
158 25 30
158 26 31
158 27 32
158 28 33
158 29 34
158 29 35
158 30 36
158 31 37
158 32 38
158 33 36
158 33 39
158 34 40
158 35 41
158 37 42
158 38 43
158 39 44
158 40 45
158 41 46
158 42 47
158 43 48
158 44 49
158 45 50
158 46 51
158 47 52
158 48 53
158 48 54
158 50 55
158 51 56
158 51 57
158 52 58
158 53 59
158 54 60
158 55 61
158 56 62
158 56 63
158 57 64
158 57 65
158 59 66
158 60 67
158 61 68
158 62 69
158 63 68
158 64 70
158 65 71
158 67 72
158 69 73
158 69 74
158 70 75
158 71 76
158 71 77
158 72 78
158 73 79
158 74 80
158 75 81
158 76 82
158 77 83
158 77 84
159 0 1
159 0 2
159 1 3
159 2 4
159 3 5
159 3 6
159 4 7
159 4 8
159 5 9
159 6 10
159 6 11
159 6 12
159 6 13
159 7 14
159 8 15
159 9 16
159 10 17
159 11 18
159 11 19
159 12 20
159 13 21
159 13 22
159 14 23
159 14 24
159 15 24
159 16 25
159 17 26
159 17 27
159 18 28
159 19 29
159 19 30
159 20 31
159 20 32
159 21 33
159 22 34
159 23 25
159 26 35
159 27 31
159 28 36
159 28 37
159 29 34
159 30 38
159 31 39
159 32 38
159 32 40
159 32 41
159 32 42
159 33 43
159 34 44
159 35 45
159 36 46
159 37 47
159 39 46
159 40 41
159 41 44
159 43 48
159 45 49
159 45 50
159 47 51
159 47 52
159 48 53
159 48 54
159 49 55
159 49 56
159 50 57
159 51 58
159 51 59
159 52 60
159 53 61
159 53 62
159 54 63
159 55 64
159 56 65
159 58 66
160 0 1
160 0 2
160 1 3
160 2 4
160 3 5
160 4 6
160 5 7
160 6 8
160 7 9
160 8 10
160 9 11
160 10 12
160 12 13
160 13 14
160 13 15
160 14 16
160 15 17
160 15 18
160 16 19
160 17 20
160 18 21
160 19 22
160 20 23
160 20 24
160 21 25
160 22 26
160 23 27
160 24 28
160 25 29
160 26 30
160 27 31
160 28 32
160 29 33
160 30 34
160 31 35
160 32 36
160 32 37
160 33 38
160 34 39
160 35 38
160 36 40
160 36 41
160 37 42
160 39 43
160 40 44
160 41 45
160 41 46
160 42 47
160 42 48
160 43 49
160 44 50
160 44 51
160 45 50
160 46 52
160 46 53
160 47 54
160 48 55
160 48 56
160 49 57
160 51 53
160 52 58
160 52 59
160 54 60
160 55 61
160 55 62
160 56 63
160 57 64
160 58 65
160 59 66
160 60 67
160 61 68
160 62 69
160 63 70
160 64 71
160 65 72
160 66 73
160 68 74
160 69 75
160 69 76
160 70 77
160 71 78
160 72 75
160 73 79
160 74 80
161 0 1
161 1 2
161 2 3
161 3 4
161 3 5
161 4 6
161 4 7
161 5 8
161 6 9
161 7 10
161 8 11
161 8 12
161 9 13
161 10 14
161 10 15
161 11 14
161 11 16
161 12 17
161 13 18
161 13 19
161 15 20
161 17 21
161 17 22
161 18 23
161 19 24
161 20 25
161 21 26
161 22 27
161 23 28
161 24 29
161 24 30
161 26 31
161 27 32
161 28 33
161 29 34
161 30 35
161 30 36
161 31 37
161 32 38
161 33 34
161 34 39
161 35 40
161 36 41
161 37 42
161 38 43
161 39 44
161 40 45
161 41 46
161 42 47
161 43 48
161 44 49
161 45 50
161 46 51
161 47 52
161 47 53
161 48 54
161 50 55
161 51 56
161 51 57
161 52 58
161 53 59
161 54 60
161 55 61
161 56 62
161 56 63
161 57 64
161 57 65
161 58 66
161 59 67
161 61 68
161 62 69
161 63 70
161 64 71
161 65 68
161 67 72
161 69 73
161 70 74
161 70 75
161 71 76
161 71 77
162 0 1
162 0 2
162 1 3
162 2 4
162 3 5
162 4 6
162 5 7
162 6 8
162 7 9
162 8 10
162 9 11
162 10 12
162 11 13
162 12 14
162 13 15
162 14 16
162 15 17
162 16 18
162 17 19
162 18 20
162 18 21
162 19 22
162 20 23
162 21 24
162 22 25
162 23 26
162 24 27
162 25 28
162 27 29
162 28 30
162 29 31
162 30 32
162 31 33
162 32 34
162 33 35
162 34 36
162 35 37
162 36 38
162 37 39
162 38 40
162 39 41
162 40 42
162 41 43
162 42 44
162 43 45
162 44 46
162 45 47
162 46 48
162 47 49
162 48 50
162 50 51
162 51 52
162 52 53
162 53 54
162 54 55
162 55 56
162 56 57
162 56 58
162 56 59
162 57 60
162 58 61
162 59 62
162 60 63
162 61 64
162 62 65
162 63 66
162 64 67
162 64 68
163 0 1
163 0 2
163 0 3
163 1 4
163 2 5
163 2 6
163 3 7
163 4 8
163 5 9
163 6 10
163 7 11
163 7 12
163 8 13
163 9 11
163 10 14
163 11 15
163 11 16
163 12 15
163 12 17
163 12 18
163 13 19
163 13 20
163 14 21
163 16 22
163 16 23
163 17 24
163 18 25
163 19 26
163 20 27
163 21 28
163 22 29
163 23 30
163 24 31
163 25 32
163 26 33
163 27 34
163 28 35
163 29 36
163 30 37
163 31 38
163 32 39
163 33 40
163 34 41
163 35 42
163 36 43
163 36 44
163 37 45
163 38 46
163 39 47
163 40 48
163 41 49
163 42 50
163 43 51
163 44 52
163 45 53
163 47 54
163 47 55
163 47 56
163 48 57
163 49 58
163 50 59
163 51 60
163 52 61
163 53 62
163 55 63
163 56 64
163 57 65
163 58 66
163 58 67
163 59 68
163 60 69
163 61 70
163 64 71
163 65 72
163 66 73
163 67 74
163 68 75
163 69 76
163 70 77
163 71 78
163 73 79
163 73 80
164 0 1
164 0 2
164 1 3
164 1 4
164 2 5
164 2 6
164 3 7
164 3 8
164 4 9
164 5 10
164 5 11
164 5 12
164 6 12
164 6 13
164 6 14
164 7 14
164 8 15
164 9 16
164 10 17
164 11 18
164 13 19
164 13 20
164 15 21
164 16 22
164 17 23
164 18 24
164 19 25
164 20 26
164 21 27
164 22 28
164 22 29
164 23 30
164 24 31
164 25 32
164 26 33
164 27 34
164 28 35
164 29 36
164 30 37
164 31 38
164 32 39
164 33 40
164 33 41
164 34 42
164 35 43
164 36 44
164 38 45
164 38 46
164 38 47
164 39 48
164 40 49
164 41 50
164 42 51
164 43 52
164 44 53
164 45 54
164 46 55
164 48 56
164 49 57
164 50 58
164 51 59
164 52 60
164 53 61
164 55 62
164 57 63
164 58 64
164 59 65
164 60 66
164 61 67
164 62 68
164 63 69
164 64 70
164 65 71
164 66 72
164 66 73
164 67 74
164 68 75
164 69 76
164 70 76
164 70 77
164 71 78
164 72 79
164 73 80
164 74 81
164 75 82
165 0 1
165 0 2
165 1 3
165 2 4
165 3 5
165 3 6
165 5 7
165 6 8
165 7 9
165 8 10
165 8 11
165 9 11
165 9 12
165 10 13
165 10 14
165 12 15
165 13 16
165 15 17
165 16 18
165 17 19
165 18 20
165 19 21
165 20 22
165 20 23
165 21 24
165 22 25
165 23 26
165 23 27
165 24 28
165 25 29
165 26 30
165 28 31
165 29 32
165 31 33
165 32 34
165 33 35
165 34 36
165 35 37
165 36 38
165 37 39
165 38 40
165 39 41
165 39 42
165 39 43
165 40 44
165 41 45
165 42 46
165 43 47
165 44 48
165 45 49
165 46 50
165 47 51
165 48 52
165 49 53
165 50 54
165 51 55
165 52 56
165 53 57
165 54 58
165 55 58
165 55 59
165 56 60
165 57 61
165 59 62
165 60 63
165 61 64
165 62 65
165 63 66
166 0 1
166 0 2
166 1 3
166 2 4
166 4 5
166 5 6
166 6 7
166 7 8
166 8 9
166 8 10
166 8 11
166 8 12
166 9 13
166 10 14
166 11 15
166 12 16
166 13 17
166 13 18
166 14 19
166 15 20
166 16 21
166 17 22
166 18 23
166 19 24
166 20 25
166 21 26
166 22 27
166 23 28
166 24 29
166 25 30
166 26 31
166 27 32
166 28 33
166 30 34
166 31 35
166 32 36
166 33 37
166 34 38
166 35 39
166 36 40
166 37 41
166 38 42
166 39 43
166 39 44
166 40 45
166 41 46
166 42 47
166 43 48
166 44 49
166 45 50
166 46 51
166 47 52
166 48 53
166 49 54
166 50 55
166 50 56
166 51 57
166 52 58
166 53 59
166 54 60
166 55 61
166 55 62
166 56 63
166 57 64
166 58 65
166 59 60
166 61 66
166 62 67
166 63 68
166 64 69
166 65 70
166 66 71
166 67 71
166 68 72
167 0 1
167 0 2
167 2 3
167 3 4
167 3 5
167 3 6
167 4 7
167 5 8
167 5 9
167 6 10
167 7 11
167 7 12
167 8 13
167 9 14
167 10 15
167 11 16
167 12 17
167 12 18
167 13 19
167 14 20
167 16 21
167 16 22
167 17 23
167 18 24
167 18 25
167 19 21
167 20 26
167 21 27
167 21 28
167 22 29
167 23 30
167 24 31
167 24 32
167 24 33
167 24 34
167 25 35
167 26 36
167 27 37
167 28 36
167 29 38
167 29 39
167 30 40
167 31 41
167 32 42
167 33 43
167 34 44
167 35 45
167 37 46
167 38 47
167 39 48
167 40 49
167 41 50
167 42 51
167 43 52
167 44 53
167 45 54
167 46 55
167 47 56
167 47 57
167 48 58
167 49 59
168 0 1
168 0 2
168 1 3
168 2 4
168 2 5
168 3 6
168 4 7
168 5 8
168 6 9
168 7 10
168 8 11
168 9 12
168 9 13
168 9 14
168 9 15
168 10 16
168 10 17
168 11 18
168 11 19
168 11 20
168 12 21
168 13 22
168 14 23
168 15 24
168 15 25
168 16 26
168 17 27
168 18 22
168 19 26
168 20 28
168 21 29
168 23 30
168 24 31
168 24 32
168 25 33
168 27 34
168 27 35
168 28 36
168 29 37
168 30 38
168 31 39
168 32 40
168 32 41
168 33 42
168 34 42
168 35 43
168 36 44
168 37 45
168 38 46
168 39 47
168 40 48
168 41 49
168 44 50
168 44 51
168 47 52
168 48 53
168 48 54
168 49 55
168 49 56
168 49 57
168 50 58
168 51 59
168 51 60
168 52 61
168 53 62
168 54 63
168 54 64
168 54 65
168 55 66
168 56 67
168 56 68
168 57 69
168 58 70
168 59 71
168 60 72
168 61 73
168 62 74
168 62 75
168 63 76
168 64 77
168 65 78
168 66 79
168 67 77
168 68 80
169 0 1
169 0 2
169 1 3
169 2 4
169 2 5
169 3 6
169 4 7
169 6 8
169 7 9
169 8 10
169 9 11
169 9 12
169 9 13
169 10 14
169 11 15
169 12 16
169 13 17
169 14 18
169 15 19
169 16 20
169 16 21
169 17 22
169 18 23
169 19 24
169 20 25
169 20 26
169 21 27
169 22 28
169 22 29
169 23 30
169 24 31
169 25 31
169 26 32
169 27 33
169 27 34
169 28 35
169 29 36
169 30 37
169 32 38
169 33 39
169 34 40
169 35 41
169 36 42
169 37 43
169 38 44
169 39 45
169 40 46
169 40 47
169 41 48
169 42 49
169 43 50
169 44 51
169 45 52
169 46 53
169 46 54
169 47 55
169 47 56
169 47 57
169 47 58
169 48 59
169 49 60
169 50 61
169 51 62
169 52 63
169 52 64
169 53 65
169 54 66
169 55 64
169 56 67
169 56 68
169 57 69
169 58 70
169 58 71
169 59 72
169 60 72
169 60 73
169 61 74
169 62 75
169 63 69
169 64 76
169 65 67
169 65 77
169 66 76
169 68 78
169 69 79
169 70 80
169 71 81
169 73 82
169 74 83
169 75 84
170 0 1
170 0 2
170 1 3
170 1 4
170 2 5
170 3 6
170 3 7
170 4 8
170 4 9
170 5 10
170 6 11
170 7 12
170 8 13
170 9 14
170 10 15
170 10 16
170 11 17
170 11 18
170 12 19
170 13 20
170 13 21
170 14 22
170 15 23
170 16 24
170 16 25
170 17 26
170 18 27
170 18 28
170 19 29
170 20 30
170 21 31
170 22 32
170 23 33
170 24 34
170 25 35
170 26 36
170 27 37
170 27 38
170 28 39
170 30 40
170 31 41
170 31 42
170 32 43
170 33 43
170 34 44
170 34 45
170 35 46
170 35 47
170 36 48
170 36 49
170 37 50
170 38 51
170 38 52
170 39 50
170 39 53
170 40 54
170 41 55
170 42 56
170 42 57
170 42 58
170 44 59
170 45 60
170 46 61
170 47 62
170 48 63
170 49 64
170 51 53
170 52 54
170 52 65
170 55 66
170 55 67
170 56 68
170 57 69
170 58 70
170 59 61
170 60 71
170 62 72
170 63 73
170 64 74
171 0 1
171 1 2
171 2 3
171 3 4
171 4 5
171 5 6
171 6 7
171 7 8
171 8 9
171 9 10
171 10 11
171 11 12
171 12 13
171 13 14
171 14 15
171 15 16
171 16 17
171 17 18
171 18 19
171 19 20
171 20 21
171 20 22
171 20 23
171 20 24
171 21 25
171 22 26
171 23 27
171 24 28
171 25 29
171 26 30
171 27 31
171 28 32
171 28 33
171 29 34
171 30 35
171 31 36
171 32 37
171 33 38
171 34 39
171 35 40
171 36 41
171 37 42
171 38 43
171 39 44
171 41 45
171 42 46
171 43 47
171 44 48
171 45 49
171 46 50
171 47 51
171 48 52
171 49 53
171 49 54
171 50 55
171 51 56
171 53 57
171 54 58
171 55 59
171 56 60
171 57 61
171 58 62
171 59 63
171 60 64
171 61 65
171 62 66
171 63 67
171 64 68
171 64 69
171 65 66
171 67 70
171 68 71
171 69 72
171 69 73
171 70 74
171 71 75
172 0 1
172 0 2
172 1 3
172 2 4
172 3 5
172 4 6
172 5 7
172 6 8
172 7 9
172 8 10
172 9 11
172 10 12
172 11 13
172 12 14
172 13 15
172 15 16
172 16 17
172 17 18
172 17 19
172 18 20
172 19 21
172 20 22
172 21 23
172 22 24
172 23 25
172 24 26
172 25 27
172 26 28
172 26 29
172 26 30
172 28 31
172 29 32
172 30 33
172 31 34
172 32 35
172 33 36
172 33 37
172 34 38
172 35 39
172 36 40
172 37 38
172 39 41
172 39 42
172 41 43
172 42 44
172 42 45
172 43 46
172 44 47
172 45 48
172 46 49
172 47 50
172 48 51
172 49 52
172 49 53
172 49 54
172 50 55
172 51 55
172 52 56
172 53 57
172 54 58
172 55 59
172 56 60
172 57 61
172 58 62
172 59 63
172 59 64
172 60 65
172 61 66
172 62 67
172 62 68
172 63 69
172 64 70
172 65 71
172 65 72
172 65 73
172 65 74
172 66 75
172 66 76
172 67 75
172 68 77
172 69 78
173 0 1
173 0 2
173 1 3
173 2 4
173 3 5
173 4 6
173 5 7
173 6 8
173 7 9
173 8 10
173 9 11
173 9 12
173 10 13
173 11 14
173 12 15
173 13 16
173 14 17
173 15 18
173 16 19
173 16 20
173 17 21
173 18 22
173 19 23
173 20 24
173 21 25
173 22 26
173 23 27
173 24 28
173 24 29
173 25 30
173 26 31
173 27 32
173 28 33
173 29 34
173 31 35
173 32 36
173 33 37
173 34 38
173 35 37
173 36 39
173 37 40
173 37 41
173 38 42
173 39 43
173 40 44
173 41 45
173 42 46
173 43 47
173 44 48
173 45 49
173 46 50
173 47 51
173 48 52
173 49 53
173 51 54
173 53 55
173 54 56
173 55 57
173 56 58
173 56 59
173 57 60
173 58 61
173 59 62
173 60 63
173 61 64
173 62 65
173 63 66
173 64 67
173 65 68
173 66 69
173 67 70
173 68 71
173 69 72
173 70 73
173 71 74
174 0 1
174 0 2
174 1 3
174 1 4
174 2 5
174 3 6
174 3 7
174 4 8
174 4 9
174 5 10
174 6 11
174 7 12
174 8 13
174 9 14
174 10 15
174 10 16
174 11 17
174 12 18
174 12 19
174 13 20
174 13 21
174 14 22
174 15 23
174 16 24
174 16 25
174 17 26
174 18 27
174 18 28
174 19 29
174 20 30
174 21 31
174 22 32
174 23 33
174 24 34
174 25 35
174 27 36
174 27 37
174 28 38
174 29 39
174 30 40
174 30 41
174 31 42
174 32 43
174 33 43
174 34 44
174 34 45
174 35 46
174 35 47
174 36 48
174 36 49
174 37 50
174 38 50
174 38 51
174 39 52
174 39 53
174 40 54
174 41 55
174 41 56
174 41 57
174 42 58
174 48 51
174 49 58
175 0 1
175 0 2
175 1 3
175 2 4
175 3 5
175 4 6
175 5 7
175 6 8
175 7 9
175 7 10
175 8 11
175 9 12
175 10 13
175 11 14
175 12 15
175 12 16
175 13 17
175 14 18
175 15 19
175 16 20
175 17 21
175 18 22
175 18 23
175 19 24
175 20 25
175 21 26
175 22 27
175 23 28
175 24 29
175 24 30
175 24 31
175 25 32
175 26 33
175 27 34
175 28 35
175 29 36
175 30 37
175 31 38
175 32 39
175 33 40
175 34 41
175 35 42
175 36 43
175 37 44
175 38 45
175 39 46
175 40 47
175 41 48
175 42 49
175 43 50
175 44 51
175 45 52
175 47 53
175 48 54
175 49 55
175 51 56
175 52 57
175 53 58
175 54 59
175 54 60
175 54 61
175 55 62
175 56 63
175 57 64
175 58 65
175 59 66
175 60 67
175 61 68
175 62 69
175 63 70
175 64 71
175 65 72
175 66 73
175 67 74
175 68 75
175 69 76
175 70 72
175 71 77
175 72 78
175 73 79
175 74 80
175 75 81
175 76 82
175 77 83
175 78 84
175 79 85
175 80 86
176 0 1
176 0 2
176 1 3
176 2 4
176 3 5
176 3 6
176 4 7
176 5 8
176 6 9
176 6 10
176 7 11
176 8 12
176 9 13
176 10 14
176 11 13
176 12 15
176 13 16
176 13 17
176 14 18
176 14 19
176 15 20
176 16 21
176 17 22
176 18 23
176 19 24
176 20 25
176 21 26
176 22 27
176 23 28
176 23 29
176 24 30
176 25 31
176 26 32
176 26 33
176 27 34
176 27 35
176 28 36
176 28 37
176 28 38
176 28 39
176 29 40
176 29 41
176 30 42
176 31 43
176 32 44
176 34 45
176 35 46
176 36 47
176 36 48
176 37 49
176 38 50
176 38 51
176 39 52
176 40 53
176 41 54
176 42 52
176 42 55
176 43 56
176 44 57
176 45 58
176 46 59
176 47 60
176 48 53
176 49 55
176 49 61
176 50 62
176 51 63
176 52 64
176 53 65
176 54 64
176 56 66
176 57 67
176 58 68
176 59 69
176 60 70
176 61 71
176 62 72
176 63 73
176 64 74
176 64 75
176 65 74
177 0 1
177 0 2
177 0 3
177 1 4
177 2 5
177 2 6
177 4 7
177 4 8
177 5 9
177 6 10
177 7 11
177 8 12
177 9 12
177 9 13
177 10 14
177 10 15
177 11 16
177 12 17
177 13 18
177 14 19
177 15 20
177 17 21
177 18 22
177 19 23
177 20 24
177 21 25
177 23 26
177 24 27
177 25 28
177 25 29
177 26 30
177 27 31
177 28 32
177 29 33
177 30 34
177 31 35
177 32 36
177 33 37
177 33 38
177 34 39
177 35 40
177 35 41
177 36 42
177 37 43
177 38 44
177 38 45
177 39 46
177 40 47
177 41 48
177 42 43
177 43 49
177 44 50
177 45 51
177 47 52
177 48 53
177 49 54
177 50 55
177 51 56
177 53 57
177 54 58
177 55 59
177 56 60
177 57 61
177 59 62
177 59 63
177 60 64
177 61 65
177 62 66
177 62 67
177 63 68
177 63 69
177 64 70
177 65 71
177 66 72
177 67 73
177 68 74
177 69 75
177 70 74
178 0 1
178 0 2
178 1 3
178 2 4
178 3 5
178 4 6
178 5 7
178 6 8
178 6 9
178 7 10
178 8 11
178 8 12
178 9 13
178 10 14
178 10 15
178 11 16
178 12 17
178 13 18
178 14 19
178 15 20
178 16 21
178 17 21
178 18 22
178 19 23
178 20 24
178 20 25
178 20 26
178 20 27
178 21 28
178 21 29
178 22 30
178 23 31
178 24 32
178 25 33
178 26 34
178 27 35
178 28 36
178 29 37
178 30 38
178 31 39
178 32 40
178 33 41
178 34 42
178 35 43
178 36 44
178 37 45
178 38 46
178 39 47
178 40 48
178 41 49
178 42 50
178 43 51
178 44 52
178 46 53
178 47 54
178 48 55
178 49 56
178 50 57
178 51 58
178 52 59
178 53 60
178 54 61
178 55 62
178 56 63
178 58 64
178 59 65
178 59 66
178 60 67
178 61 68
178 62 69
178 63 70
178 64 71
178 65 72
179 0 1
179 0 2
179 0 3
179 1 4
179 2 5
179 4 6
179 5 7
179 6 8
179 6 9
179 6 10
179 7 11
179 8 12
179 9 13
179 10 14
179 11 15
179 12 16
179 12 17
179 13 18
179 14 19
179 15 20
179 16 21
179 17 22
179 17 23
179 18 24
179 19 25
179 19 26
179 20 27
179 21 28
179 21 29
179 22 30
179 23 31
179 24 30
179 25 32
179 26 33
179 27 34
179 28 35
179 29 36
179 31 37
179 32 38
179 33 39
179 34 40
179 35 41
179 36 42
179 36 43
179 37 44
179 38 45
179 39 46
179 40 47
179 41 48
179 42 49
179 42 50
179 42 51
179 42 52
179 43 53
179 43 54
179 44 55
179 45 56
179 46 57
179 47 58
179 48 59
179 48 60
179 49 61
179 50 62
179 50 63
179 51 60
179 52 64
179 52 65
179 53 66
179 54 67
179 55 68
179 56 69
179 56 70
179 57 69
179 58 71
179 59 61
179 60 72
179 61 73
179 62 74
179 63 67
179 64 75
179 66 72
180 0 1
180 0 2
180 1 3
180 1 4
180 2 5
180 4 6
180 5 7
180 6 8
180 7 9
180 8 10
180 9 11
180 10 12
180 11 13
180 12 14
180 13 15
180 14 16
180 15 17
180 16 18
180 17 19
180 18 20
180 19 21
180 20 22
180 21 23
180 22 24
180 23 25
180 24 26
180 25 27
180 26 28
180 27 29
180 28 30
180 30 31
180 31 32
180 32 33
180 33 34
180 34 35
180 35 36
180 36 37
180 37 38
180 38 39
180 39 40
180 39 41
180 40 42
180 40 43
180 41 44
180 42 45
180 44 46
180 46 47
180 47 48
180 47 49
180 48 50
180 48 51
180 50 52
180 51 53
180 52 54
180 52 55
180 53 56
180 53 57
180 54 57
180 55 58
180 56 59
180 58 60
180 59 61
180 60 62
180 61 63
180 63 64
180 64 65
180 65 66
180 66 67
180 67 68
180 68 69
180 69 70
180 70 71
180 71 72
180 71 73
180 71 74
180 72 75
180 73 76
180 74 77
180 75 78
180 76 79
180 77 80
180 78 81
180 79 82
180 80 83
181 0 1
181 0 2
181 1 3
181 2 4
181 2 5
181 3 6
181 3 7
181 4 8
181 5 9
181 5 10
181 6 11
181 7 12
181 9 13
181 10 14
181 11 15
181 11 16
181 12 17
181 12 18
181 12 19
181 12 20
181 13 21
181 14 22
181 15 23
181 16 18
181 16 24
181 17 25
181 17 26
181 19 27
181 19 28
181 20 29
181 20 30
181 21 31
181 22 31
181 23 32
181 24 33
181 24 34
181 24 35
181 24 36
181 25 37
181 26 38
181 27 39
181 28 40
181 28 41
181 29 42
181 30 43
181 31 44
181 32 39
181 33 34
181 34 45
181 35 41
181 37 46
181 38 47
181 39 48
181 40 43
181 42 49
181 43 45
181 44 50
181 44 51
181 46 52
181 47 53
181 48 54
181 49 55
181 50 56
181 51 57
181 52 58
181 52 59
181 53 60
181 54 61
181 54 62
181 55 63
181 55 64
181 56 65
181 57 66
181 58 67
181 59 68
181 60 67
181 61 69
181 62 70
182 0 1
182 0 2
182 1 3
182 2 4
182 3 5
182 4 6
182 5 7
182 6 8
182 7 9
182 8 10
182 9 11
182 10 12
182 11 13
182 12 14
182 12 15
182 13 16
182 15 17
182 16 18
182 17 19
182 19 20
182 20 21
182 21 22
182 22 23
182 23 24
182 24 25
182 25 26
182 26 27
182 27 28
182 28 29
182 29 30
182 30 31
182 31 32
182 32 33
182 33 34
182 34 35
182 35 36
182 36 37
182 37 38
182 38 39
182 39 40
182 39 41
182 40 42
182 41 43
182 41 44
182 42 45
182 43 46
182 45 47
182 47 48
182 47 49
182 49 50
182 49 51
182 50 52
182 51 53
182 52 54
182 52 55
182 53 56
182 53 57
182 54 58
182 55 57
182 56 59
182 58 60
182 59 61
182 60 62
182 61 63
182 63 64
182 64 65
182 65 66
182 66 67
182 67 68
183 0 1
183 0 2
183 1 3
183 2 4
183 2 5
183 2 6
183 3 7
183 4 8
183 5 9
183 5 10
183 6 11
183 7 12
183 8 13
183 9 14
183 10 15
183 11 16
183 12 17
183 13 18
183 14 19
183 14 20
183 15 21
183 15 22
183 16 23
183 17 23
183 19 24
183 20 25
183 20 26
183 21 27
183 22 28
183 23 24
183 24 29
183 24 30
183 25 31
183 26 32
183 26 33
183 27 34
183 27 35
183 28 36
183 29 37
183 30 38
183 31 39
183 32 40
183 32 41
183 32 42
183 32 43
183 33 44
183 34 45
183 34 46
183 35 47
183 36 48
183 37 49
183 38 50
183 39 51
183 40 52
183 41 53
183 42 54
183 43 55
183 44 56
183 45 57
183 45 58
183 46 59
183 47 60
183 48 61
183 51 62
183 52 63
183 53 64
183 54 65
183 55 66
183 56 67
183 57 68
183 58 69
183 59 70
183 60 71
183 61 72
183 61 73
183 62 74
183 63 75
183 64 76
183 65 77
183 66 78
183 67 79
183 68 80
183 68 81
183 69 82
183 70 83
183 71 84
183 72 85
183 73 86
183 73 87
183 74 88
183 75 89
183 76 90
183 80 87
184 0 1
184 0 2
184 1 3
184 2 4
184 2 5
184 3 6
184 4 7
184 5 8
184 6 9
184 7 10
184 8 11
184 9 12
184 10 13
184 12 14
184 12 15
184 13 16
184 14 17
184 15 18
184 16 19
184 17 20
184 17 21
184 18 22
184 19 23
184 20 24
184 20 25
184 21 26
184 22 27
184 25 28
184 26 29
184 26 30
184 27 31
184 28 32
184 28 33
184 29 32
184 29 34
184 30 35
184 31 36
184 33 37
184 34 38
184 35 39
184 36 40
184 37 41
184 38 42
184 40 43
184 42 44
184 42 45
184 44 46
184 45 47
184 46 48
184 46 49
184 47 50
184 48 51
184 49 52
184 49 53
184 50 54
184 51 54
184 51 55
184 52 56
184 53 57
184 55 58
184 56 59
184 57 60
184 58 61
184 59 62
184 60 63
184 62 64
184 62 65
184 63 66
184 64 67
184 64 68
185 0 1
185 0 2
185 1 3
185 2 4
185 3 5
185 4 6
185 5 7
185 6 8
185 7 9
185 8 10
185 9 11
185 10 12
185 11 13
185 12 14
185 13 15
185 14 16
185 15 17
185 16 18
185 17 19
185 18 20
185 19 21
185 20 22
185 21 23
185 22 24
185 23 25
185 24 26
185 25 27
185 26 28
185 27 29
185 27 30
185 28 31
185 29 32
185 29 33
185 30 34
185 31 35
185 32 36
185 33 37
185 34 38
185 35 39
185 36 40
185 36 41
185 37 42
185 38 43
185 39 44
185 40 45
185 41 46
185 42 47
185 43 48
185 44 49
185 45 50
185 46 51
185 47 52
185 48 53
185 49 54
185 50 55
185 50 56
185 51 57
185 52 58
185 53 59
185 54 60
185 55 61
185 56 62
185 56 63
185 57 58
185 59 64
185 60 65
186 0 1
186 0 2
186 0 3
186 1 4
186 1 5
186 2 6
186 3 7
186 4 8
186 5 9
186 6 10
186 7 11
186 7 12
186 8 13
186 8 14
186 9 15
186 11 16
186 12 13
186 12 17
186 14 18
186 15 19
186 15 20
186 16 21
186 16 22
186 18 23
186 19 24
186 20 25
186 21 26
186 22 27
186 24 28
186 24 29
186 25 30
186 26 31
186 27 32
186 28 33
186 28 34
186 29 35
186 30 36
186 31 37
186 32 38
186 33 39
186 34 40
186 35 36
186 35 41
186 37 42
186 38 43
186 39 44
186 40 45
186 41 46
186 42 47
186 43 48
186 44 49
186 45 50
186 46 51
186 47 52
186 48 53
186 48 54
186 49 55
186 50 56
186 50 57
186 52 58
186 53 59
186 54 60
186 55 61
186 56 62
186 56 63
186 57 64
186 57 65
186 59 66
186 60 67
186 61 68
186 62 69
186 63 70
186 64 68
186 65 71
186 66 72
186 69 73
186 69 74
186 70 75
186 71 76
186 71 77
186 72 78
186 73 79
186 74 80
186 74 81
186 75 82
186 76 83
187 0 1
187 0 2
187 1 3
187 1 4
187 2 5
187 2 6
187 3 7
187 4 8
187 5 9
187 6 10
187 7 11
187 8 12
187 9 13
187 10 14
187 11 15
187 12 16
187 13 17
187 14 18
187 15 19
187 16 20
187 17 21
187 17 22
187 18 23
187 19 24
187 20 25
187 21 26
187 22 27
187 23 28
187 24 29
187 25 30
187 26 31
187 28 32
187 28 33
187 29 34
187 30 35
187 32 36
187 33 37
187 34 38
187 35 39
187 36 40
187 37 41
187 38 42
187 38 43
187 39 44
187 40 45
187 41 46
187 42 47
187 43 48
187 44 49
187 44 50
187 45 51
187 45 52
187 46 53
187 47 54
187 48 55
187 49 56
187 49 57
187 50 58
187 51 59
187 51 60
187 52 61
187 53 62
187 54 63
187 55 64
187 56 65
187 57 66
187 58 67
187 59 68
188 0 1
188 0 2
188 1 3
188 2 4
188 3 5
188 4 6
188 5 7
188 6 8
188 7 9
188 8 10
188 9 11
188 10 12
188 11 13
188 12 14
188 13 15
188 14 16
188 15 17
188 16 18
188 17 19
188 18 20
188 19 21
188 20 22
188 21 23
188 22 24
188 23 25
188 24 26
188 25 27
188 26 28
188 27 29
188 28 30
188 29 31
188 30 32
188 31 33
188 32 34
188 32 35
188 33 36
188 34 37
188 35 38
188 36 39
188 37 40
188 38 41
188 39 42
188 40 43
188 42 44
188 43 45
188 44 46
188 45 47
188 46 48
188 47 49
188 48 50
188 48 51
188 48 52
188 49 53
188 50 54
188 51 55
188 52 56
188 53 57
188 54 58
188 55 59
188 56 60
188 57 61
188 58 62
188 59 63
188 59 64
188 60 65
188 61 66
188 63 67
188 64 68
188 65 69
188 66 70
188 67 71
188 67 72
188 68 73
188 69 74
188 70 75
188 71 76
188 72 77
188 73 78
188 74 79
189 0 1
189 0 2
189 1 3
189 2 4
189 3 5
189 4 6
189 5 7
189 6 8
189 7 9
189 8 10
189 9 11
189 10 12
189 11 13
189 12 14
189 13 15
189 14 16
189 15 17
189 15 18
189 16 19
189 17 20
189 18 21
189 18 22
189 19 23
189 20 24
189 21 25
189 22 26
189 23 27
189 24 28
189 25 29
189 25 30
189 26 31
189 27 32
189 28 33
189 29 34
189 30 35
189 31 36
189 32 37
189 33 38
189 34 39
189 35 40
189 36 41
189 37 42
189 38 43
189 39 44
189 40 45
189 40 46
189 41 47
189 42 48
189 43 49
189 44 47
189 45 50
189 46 51
189 46 52
189 48 53
189 49 54
189 50 55
189 50 56
189 51 57
189 51 58
189 52 59
189 53 60
189 54 61
189 55 62
189 55 63
189 56 64
189 57 65
189 57 66
189 58 67
189 59 67
189 59 68
189 60 69
189 61 70
189 62 71
189 63 72
189 63 73
189 64 74
189 65 68
189 66 75
189 66 76
189 69 77
190 0 1
190 0 2
190 1 3
190 2 4
190 3 5
190 3 6
190 5 7
190 6 8
190 7 9
190 8 10
190 8 11
190 9 10
190 9 12
190 11 13
190 11 14
190 12 15
190 14 16
190 15 17
190 16 18
190 17 19
190 18 20
190 19 21
190 20 22
190 20 23
190 21 24
190 22 25
190 22 26
190 23 27
190 24 28
190 25 29
190 27 30
190 28 31
190 30 32
190 31 33
190 32 34
190 33 35
190 34 36
190 35 37
190 36 38
190 37 39
190 38 40
190 39 41
190 39 42
190 39 43
190 40 44
190 41 45
190 42 46
190 43 47
190 44 48
190 45 49
190 46 50
190 47 51
190 48 52
190 49 53
190 50 54
190 51 55
190 52 56
190 53 57
190 54 58
190 54 59
190 55 58
190 56 60
190 57 61
190 59 62
190 60 63
190 61 64
190 62 65
191 0 1
191 0 2
191 1 3
191 2 4
191 3 5
191 4 6
191 5 7
191 6 8
191 7 9
191 8 10
191 9 11
191 10 12
191 11 13
191 12 14
191 13 15
191 14 16
191 15 17
191 16 18
191 17 19
191 18 20
191 19 21
191 20 22
191 20 23
191 21 24
191 22 25
191 23 26
191 23 27
191 24 28
191 25 29
191 26 30
191 27 31
191 28 32
191 29 33
191 30 34
191 31 35
191 31 36
191 32 37
191 33 38
191 34 39
191 35 40
191 36 41
191 37 42
191 38 43
191 39 44
191 40 45
191 41 46
191 42 47
191 43 48
191 44 49
191 45 50
191 45 51
191 46 52
191 47 53
191 48 54
191 49 52
191 50 55
191 51 56
191 51 57
191 53 58
191 54 59
191 55 60
191 55 61
191 56 62
191 57 63
191 57 64
191 58 65
191 59 66
191 60 67
191 61 68
191 61 69
191 62 70
191 62 71
191 63 72
191 64 70
191 71 72
192 0 1
192 1 2
192 2 3
192 3 4
192 4 5
192 5 6
192 6 7
192 7 8
192 8 9
192 8 10
192 9 11
192 10 12
192 11 13
192 12 14
192 13 15
192 14 16
192 15 17
192 16 18
192 17 19
192 18 20
192 19 21
192 20 22
192 21 23
192 22 24
192 23 25
192 24 26
192 24 27
192 24 28
192 25 29
192 25 30
192 26 31
192 26 32
192 27 33
192 28 34
192 29 35
192 30 36
192 31 37
192 32 38
192 33 38
192 34 39
192 35 40
192 36 41
192 36 42
192 37 43
192 38 44
192 39 45
192 40 46
192 41 47
192 42 48
192 43 49
192 45 50
192 46 51
192 47 52
192 48 53
192 49 54
192 50 55
192 51 56
192 52 57
192 53 58
192 54 59
192 54 60
192 55 61
192 56 62
192 57 63
192 57 64
192 58 65
192 59 66
192 59 67
192 60 68
192 61 69
192 62 70
192 63 71
193 0 1
193 0 2
193 1 3
193 2 4
193 3 5
193 4 6
193 5 7
193 6 8
193 7 9
193 7 10
193 8 11
193 9 12
193 11 13
193 12 14
193 13 15
193 14 16
193 14 17
193 14 18
193 15 19
193 16 20
193 17 21
193 18 22
193 19 23
193 20 24
193 20 25
193 21 26
193 22 27
193 23 28
193 24 29
193 25 30
193 25 31
193 26 32
193 27 33
193 27 34
193 28 35
193 29 36
193 29 37
193 30 38
193 31 39
193 32 39
193 33 40
193 34 41
193 35 42
193 36 43
193 37 44
193 38 45
193 40 46
193 41 47
193 43 48
193 43 49
193 44 50
193 45 51
193 46 52
193 47 53
193 48 54
193 48 55
193 49 56
193 49 57
193 49 58
193 49 59
193 50 60
193 51 61
193 52 62
193 53 63
193 54 64
193 55 65
193 56 66
193 56 67
193 57 68
193 58 69
193 58 70
193 59 71
193 60 71
193 60 72
193 61 73
193 65 66
193 68 72
194 0 1
194 0 2
194 1 3
194 1 4
194 2 5
194 2 6
194 3 7
194 4 8
194 4 9
194 4 10
194 5 11
194 6 12
194 6 13
194 7 14
194 7 15
194 8 16
194 9 17
194 10 18
194 11 19
194 11 20
194 11 21
194 12 22
194 13 23
194 13 24
194 14 25
194 15 26
194 16 27
194 17 28
194 18 29
194 19 27
194 19 30
194 20 31
194 21 32
194 22 33
194 23 34
194 24 35
194 24 36
194 24 37
194 24 38
194 25 39
194 26 40
194 26 41
194 28 42
194 29 43
194 30 44
194 31 45
194 32 46
194 33 47
194 34 48
194 35 49
194 36 50
194 37 51
194 38 52
194 39 53
194 40 54
194 40 55
194 41 56
194 42 44
194 47 57
194 48 58
194 49 59
194 50 60
194 51 61
194 52 62
194 53 63
194 54 64
194 55 65
194 55 66
194 56 67
194 57 68
194 58 69
194 59 70
194 60 71
194 61 72
194 62 73
194 63 74
194 63 75
194 64 76
195 0 1
195 0 2
195 1 3
195 2 4
195 3 5
195 4 6
195 5 7
195 6 8
195 7 9
195 8 10
195 9 11
195 10 12
195 11 13
195 11 14
195 12 15
195 13 16
195 14 17
195 14 18
195 16 19
195 17 20
195 18 21
195 19 22
195 20 23
195 21 23
195 22 24
195 23 25
195 23 26
195 24 27
195 25 28
195 26 29
195 27 30
195 28 31
195 29 32
195 30 33
195 32 34
195 33 35
195 33 36
195 34 37
195 35 38
195 36 39
195 37 40
195 37 41
195 38 42
195 38 43
195 38 44
195 38 45
195 39 46
195 40 47
195 41 48
195 42 49
195 43 50
195 44 51
195 45 52
195 46 53
195 47 54
195 48 55
195 49 56
195 50 57
195 51 58
195 52 59
195 53 60
195 54 61
195 55 62
195 56 63
195 57 64
195 58 65
195 59 66
195 60 67
195 61 68
195 61 69
195 61 70
195 62 68
195 63 71
195 64 72
195 65 73
195 66 74
195 67 75
195 69 76
195 70 77
195 71 78
195 73 79
195 74 80
195 75 81
195 76 82
195 77 83
196 0 1
196 0 2
196 1 3
196 2 4
196 4 5
196 5 6
196 6 7
196 7 8
196 8 9
196 9 10
196 10 11
196 11 12
196 12 13
196 13 14
196 14 15
196 15 16
196 15 17
196 17 18
196 18 19
196 19 20
196 20 21
196 21 22
196 22 23
196 23 24
196 24 25
196 25 26
196 26 27
196 27 28
196 28 29
196 29 30
196 30 31
196 31 32
196 32 33
196 33 34
196 34 35
196 35 36
196 36 37
196 37 38
196 38 39
196 39 40
196 39 41
196 40 42
196 40 43
196 41 44
196 42 45
196 44 46
196 46 47
196 47 48
196 47 49
196 48 50
196 48 51
196 50 52
196 51 53
196 52 54
196 52 55
196 53 56
196 53 57
196 54 58
196 55 57
196 56 59
196 58 60
196 59 61
196 60 62
197 0 1
197 0 2
197 1 3
197 1 4
197 1 5
197 2 6
197 3 7
197 4 8
197 4 9
197 5 8
197 6 10
197 7 11
197 8 12
197 8 13
197 9 14
197 10 15
197 11 16
197 12 17
197 13 18
197 13 19
197 14 20
197 14 21
197 15 22
197 15 23
197 15 24
197 16 25
197 17 20
197 18 26
197 19 27
197 20 28
197 21 29
197 22 30
197 24 31
197 26 32
197 27 33
197 28 34
197 29 35
197 30 36
197 32 37
197 33 38
197 33 39
197 34 40
197 35 41
197 36 42
197 37 43
197 38 44
197 39 45
197 40 46
197 41 47
197 41 48
197 42 49
197 43 50
197 44 51
197 45 52
197 46 53
197 47 54
197 48 55
197 49 56
197 49 57
197 51 58
197 52 59
197 53 60
197 54 61
197 55 62
197 56 63
197 57 64
197 58 65
197 59 66
197 60 67
197 61 68
197 62 69
197 63 70
197 64 71
197 65 72
197 65 73
197 66 72
197 67 74
197 68 75
197 69 76
197 71 77
197 73 78
197 74 79
197 75 80
197 76 81
198 0 1
198 0 2
198 1 3
198 2 4
198 3 5
198 4 6
198 5 7
198 6 8
198 8 9
198 9 10
198 10 11
198 11 12
198 12 13
198 12 14
198 13 15
198 14 16
198 15 17
198 16 18
198 17 19
198 19 20
198 20 21
198 20 22
198 20 23
198 21 24
198 23 25
198 24 26
198 26 27
198 27 28
198 28 29
198 28 30
198 28 31
198 29 32
198 30 33
198 30 34
198 31 33
198 32 35
198 33 36
198 33 37
198 34 38
198 35 39
198 36 40
198 36 41
198 37 42
198 38 43
198 38 44
198 39 45
198 40 46
198 41 47
198 42 44
198 43 48
198 44 49
198 46 50
198 47 51
198 48 52
198 49 53
198 50 54
198 51 55
198 51 56
198 52 57
198 53 58
198 54 59
198 55 60
198 56 61
198 57 62
198 57 63
198 58 64
198 59 65
198 60 66
198 61 67
198 62 68
198 63 69
198 64 70
198 66 71
198 67 72
198 68 73
198 69 74
198 70 75
198 71 76
199 0 1
199 0 2
199 1 3
199 2 4
199 3 5
199 4 6
199 5 7
199 6 8
199 7 9
199 8 10
199 9 11
199 10 12
199 11 13
199 12 14
199 13 15
199 14 16
199 15 17
199 16 18
199 17 19
199 18 20
199 19 21
199 20 22
199 21 23
199 22 24
199 23 25
199 24 26
199 25 27
199 26 28
199 27 29
199 28 30
199 29 31
199 30 32
199 31 33
199 32 34
199 33 35
199 34 36
199 35 37
199 36 38
199 37 39
199 38 40
199 38 41
199 39 42
199 40 43
199 41 44
199 41 45
199 42 46
199 43 47
199 44 48
199 45 49
199 47 50
199 48 51
199 49 52
199 49 53
199 50 54
199 51 55
199 52 56
199 53 57
199 54 58
199 55 59
199 56 60
199 57 61
199 58 62
199 59 63
199 60 64
199 60 65
199 61 66
199 62 67
199 63 66
199 64 68
199 64 69
199 65 70
199 67 71
199 68 72
199 69 73
200 0 1
200 0 2
200 1 3
200 3 4
200 3 5
200 3 6
200 4 7
200 5 8
200 6 9
200 7 10
200 8 10
200 9 11
200 10 12
200 11 13
200 12 14
200 12 15
200 13 16
200 14 17
200 15 18
200 16 19
200 16 20
200 17 21
200 18 22
200 19 23
200 20 24
200 21 25
200 22 26
200 23 27
200 24 28
200 25 29
200 26 30
200 27 31
200 28 32
200 29 33
200 30 34
200 31 35
200 31 36
200 31 37
200 32 36
200 33 38
200 34 39
200 35 40
200 37 41
200 38 42
200 39 43
200 40 44
200 41 45
200 42 46
200 43 47
200 43 48
200 44 49
200 45 50
200 46 51
200 47 52
200 48 53
200 49 54
200 50 55
200 51 56
200 52 57
200 52 58
200 52 59
200 52 60
200 53 61
200 54 62
200 55 63
200 56 64
200 57 65
200 58 66
200 59 67
200 60 68
200 61 69
200 62 70
200 63 71
200 64 72
200 65 73
200 66 74
200 67 75
200 68 76
200 69 77
200 70 78
201 0 1
201 0 2
201 1 3
201 1 4
201 2 5
201 3 6
201 4 7
201 6 8
201 6 9
201 7 10
201 7 11
201 9 12
201 9 13
201 10 14
201 11 13
201 11 15
201 12 16
201 14 17
201 15 18
201 16 19
201 16 20
201 17 21
201 17 22
201 18 23
201 19 24
201 20 25
201 21 26
201 22 27
201 24 28
201 25 29
201 26 30
201 27 31
201 27 32
201 28 33
201 29 34
201 30 35
201 31 36
201 31 37
201 32 38
201 33 39
201 34 40
201 35 38
201 36 41
201 37 42
201 38 43
201 39 44
201 40 45
201 41 46
201 42 47
201 43 48
201 44 49
201 44 50
201 45 51
201 46 52
201 47 53
201 48 54
201 49 55
201 50 56
201 51 57
201 52 58
201 52 59
201 53 60
201 55 61
201 56 62
201 58 63
201 58 64
201 59 65
201 59 66
201 60 67
201 62 68
201 63 69
201 64 70
201 65 71
201 66 72
201 67 71
201 68 73
201 69 74
201 70 75
201 70 76
201 72 77
201 72 78
201 73 79
201 74 80
201 75 81
202 0 1
202 0 2
202 1 3
202 2 4
202 3 5
202 4 6
202 5 7
202 6 8
202 7 9
202 9 10
202 10 11
202 11 12
202 12 13
202 13 14
202 14 15
202 15 16
202 16 17
202 17 18
202 17 19
202 18 20
202 19 21
202 20 22
202 21 23
202 22 24
202 23 25
202 24 26
202 25 27
202 26 28
202 26 29
202 26 30
202 28 31
202 29 32
202 30 33
202 31 34
202 31 35
202 32 36
202 33 37
202 34 38
202 35 39
202 36 40
202 37 38
202 40 41
202 40 42
202 41 43
202 41 44
202 42 45
202 43 46
202 44 47
202 45 48
202 46 49
202 47 50
202 48 51
202 49 52
202 50 52
202 51 53
202 51 54
202 51 55
202 52 56
202 53 57
202 54 58
202 55 59
202 56 60
202 56 61
202 57 62
202 58 63
202 59 64
202 60 65
202 61 66
202 62 67
202 62 68
202 63 69
202 64 70
202 66 71
202 67 72
202 68 73
202 69 73
202 69 74
202 70 75
202 70 76
202 70 77
202 70 78
203 0 1
203 0 2
203 1 3
203 2 4
203 3 5
203 3 6
203 4 7
203 4 8
203 5 9
203 5 10
203 6 11
203 7 12
203 8 13
203 9 14
203 9 15
203 9 16
203 9 17
203 10 18
203 11 19
203 11 20
203 12 21
203 12 22
203 13 18
203 13 23
203 15 17
203 15 24
203 16 25
203 18 19
203 18 26
203 18 27
203 20 28
203 21 29
203 21 30
203 22 31
203 23 25
203 23 32
203 24 33
203 26 34
203 26 35
203 27 36
203 27 37
203 28 38
203 29 39
203 30 40
203 31 41
203 31 42
203 31 43
203 32 33
203 33 37
203 34 44
203 35 45
203 36 46
203 38 47
203 38 48
203 39 49
203 40 50
203 41 51
203 42 52
203 43 53
203 44 54
203 45 55
203 46 56
203 47 57
203 47 58
203 48 59
203 49 60
203 50 61
203 51 62
203 52 60
203 53 63
203 54 64
203 55 65
203 56 66
203 57 67
204 0 1
204 0 2
204 1 3
204 2 4
204 2 5
204 3 6
204 4 7
204 5 8
204 6 9
204 7 10
204 8 11
204 9 12
204 9 13
204 9 14
204 10 15
204 13 16
204 14 17
204 15 18
204 17 19
204 18 20
204 19 21
204 20 22
204 21 23
204 22 24
204 23 25
204 23 26
204 23 27
204 24 28
204 25 29
204 25 30
204 26 29
204 27 31
204 28 32
204 29 33
204 29 34
204 30 35
204 31 36
204 32 37
204 33 38
204 33 39
204 34 40
204 35 41
204 35 42
204 36 43
204 37 44
204 38 45
204 39 46
204 40 42
204 41 47
204 42 48
204 43 49
204 45 50
204 46 51
204 47 52
204 48 53
204 50 54
204 50 55
204 51 56
204 52 57
204 53 58
204 54 59
204 55 60
204 56 61
204 57 62
204 57 63
204 58 64
204 59 65
204 60 66
204 61 67
204 62 68
204 63 69
204 64 70
205 0 1
205 0 2
205 1 3
205 1 4
205 2 5
205 2 6
205 3 7
205 4 8
205 5 9
205 6 10
205 6 11
205 7 12
205 8 13
205 9 14
205 10 15
205 11 16
205 12 17
205 13 18
205 13 19
205 14 20
205 15 21
205 16 22
205 17 23
205 18 24
205 19 25
205 19 26
205 20 27
205 21 28
205 22 29
205 23 27
205 24 30
205 24 31
205 25 32
205 26 33
205 26 34
205 28 35
205 29 36
205 30 37
205 30 38
205 31 39
205 32 40
205 32 41
205 33 40
205 34 42
205 34 43
205 35 44
205 36 45
205 37 46
205 37 47
205 38 48
205 39 49
205 41 43
205 42 50
205 42 51
205 44 52
205 45 53
205 46 54
205 47 55
205 48 56
205 49 57
205 50 58
205 51 59
205 52 60
205 53 61
205 54 62
205 54 63
205 55 64
205 56 65
205 58 66
205 59 67
205 60 68
205 61 69
205 62 66
205 63 70
205 64 71
205 65 72
205 65 73
206 0 1
206 0 2
206 1 3
206 1 4
206 2 5
206 3 6
206 3 7
206 4 8
206 5 9
206 6 10
206 7 11
206 8 12
206 9 13
206 9 14
206 9 15
206 10 16
206 11 17
206 12 18
206 13 19
206 14 20
206 15 21
206 16 22
206 17 22
206 18 23
206 18 24
206 18 25
206 19 26
206 20 27
206 21 28
206 22 29
206 23 30
206 24 31
206 25 32
206 26 33
206 27 34
206 28 35
206 28 36
206 29 37
206 29 38
206 30 39
206 30 40
206 31 41
206 32 42
206 33 43
206 33 44
206 34 45
206 34 46
206 34 47
206 34 48
206 35 49
206 36 44
206 37 50
206 38 51
206 39 52
206 40 53
206 41 54
206 42 53
206 43 55
206 45 56
206 45 57
206 46 58
206 47 59
206 48 60
206 49 58
206 50 61
206 54 62
206 55 63
206 55 64
206 56 65
206 56 66
206 57 67
206 59 68
206 60 69
206 61 70
206 61 71
206 62 72
206 62 73
206 63 74
206 64 75
206 65 76
206 65 77
206 67 75
207 0 1
207 0 2
207 1 3
207 2 4
207 3 5
207 4 6
207 5 7
207 6 8
207 7 9
207 8 10
207 9 11
207 10 12
207 11 13
207 12 14
207 13 15
207 14 16
207 15 17
207 16 18
207 17 19
207 18 20
207 19 21
207 20 22
207 21 23
207 22 24
207 23 25
207 25 26
207 26 27
207 27 28
207 28 29
207 29 30
207 30 31
207 31 32
207 32 33
207 33 34
207 34 35
207 35 36
207 36 37
207 37 38
207 38 39
207 39 40
207 40 41
207 41 42
207 41 43
207 42 44
207 42 45
207 43 46
207 44 47
207 45 48
207 46 49
207 47 50
207 48 51
207 48 52
207 49 53
207 50 54
207 51 55
207 52 56
207 53 57
207 54 58
207 55 59
207 56 60
207 57 61
207 58 62
207 59 63
207 60 64
207 60 65
207 61 66
207 62 63
207 64 67
207 64 68
208 0 1
208 0 2
208 1 3
208 2 4
208 2 5
208 3 6
208 4 7
208 5 6
208 6 8
208 7 9
208 8 10
208 9 11
208 10 12
208 11 13
208 11 14
208 12 15
208 13 16
208 13 17
208 13 18
208 13 19
208 14 15
208 16 20
208 17 21
208 18 22
208 18 23
208 19 24
208 19 25
208 20 26
208 20 27
208 21 28
208 21 29
208 22 30
208 23 31
208 23 32
208 24 33
208 25 34
208 26 28
208 26 35
208 27 36
208 27 37
208 27 38
208 27 39
208 29 40
208 30 41
208 30 42
208 31 36
208 32 33
208 33 43
208 34 44
208 35 45
208 37 39
208 39 43
208 40 46
208 41 47
208 42 45
208 44 48
208 46 49
208 46 50
208 47 51
208 47 52
208 48 53
208 48 54
208 49 55
208 50 56
208 50 57
208 51 58
208 52 59
208 52 60
208 53 61
208 54 62
208 54 63
208 56 64
208 57 65
208 58 66
208 58 67
208 58 68
208 59 69
208 60 70
208 61 71
208 62 72
208 63 73
208 63 74
208 64 75
208 65 76
208 66 77
208 67 78
208 68 79
209 0 1
209 0 2
209 1 3
209 2 4
209 3 5
209 4 6
209 5 7
209 5 8
209 6 9
209 6 10
209 6 11
209 8 12
209 9 13
209 10 14
209 11 15
209 12 16
209 13 17
209 14 18
209 15 19
209 16 20
209 17 21
209 18 22
209 19 23
209 20 24
209 22 25
209 23 26
209 24 27
209 25 28
209 26 29
209 27 30
209 28 31
209 29 32
209 29 33
209 30 34
209 31 35
209 32 36
209 33 37
209 34 38
209 35 39
209 36 40
209 37 41
209 38 42
209 39 43
209 40 44
209 41 45
209 42 46
209 43 47
209 44 48
209 45 49
209 46 50
209 47 51
209 48 52
209 49 53
209 50 54
209 51 55
209 52 56
209 53 57
209 54 58
209 55 59
209 56 60
209 57 61
209 58 62
209 59 63
209 60 64
209 61 65
209 62 66
210 0 1
210 0 2
210 1 3
210 1 4
210 1 5
210 2 6
210 3 7
210 4 8
210 5 9
210 6 10
210 7 11
210 8 12
210 9 13
210 10 14
210 10 15
210 11 16
210 12 17
210 13 18
210 14 16
210 15 19
210 17 20
210 18 21
210 19 22
210 20 23
210 21 24
210 22 25
210 23 26
210 24 27
210 25 28
210 26 29
210 28 30
210 28 31
210 28 32
210 29 33
210 30 34
210 31 35
210 32 36
210 33 37
210 34 38
210 35 39
210 36 39
210 37 40
210 39 41
210 40 42
210 41 43
210 41 44
210 42 45
210 42 46
210 43 47
210 44 48
210 45 49
210 46 50
210 47 51
210 48 52
210 49 53
210 50 54
210 50 55
210 51 56
210 52 57
210 53 55
210 53 58
210 54 59
210 54 60
210 56 61
210 57 62
210 58 63
210 59 64
210 61 65
210 62 66
210 63 67
210 64 68
210 65 69
210 66 70
210 67 71
210 68 72
210 69 73
210 70 74
211 0 1
211 0 2
211 1 3
211 2 4
211 3 5
211 3 6
211 4 7
211 5 8
211 5 9
211 6 10
211 7 11
211 8 12
211 9 13
211 10 14
211 11 15
211 12 16
211 14 17
211 15 18
211 17 19
211 18 20
211 19 21
211 21 22
211 22 23
211 23 24
211 24 25
211 25 26
211 25 27
211 26 28
211 27 29
211 28 30
211 29 31
211 29 32
211 30 33
211 31 34
211 32 35
211 33 36
211 34 37
211 35 38
211 36 39
211 37 40
211 38 41
211 39 42
211 40 43
211 41 44
211 41 45
211 42 46
211 43 47
211 44 48
211 45 49
211 46 50
211 47 51
211 47 52
211 49 53
211 50 54
211 50 55
211 51 56
211 52 57
211 54 58
211 55 59
211 56 60
211 57 61
211 58 62
211 59 63
211 60 64
211 61 65
211 62 66
211 63 67
211 64 68
211 64 69
211 65 70
211 66 71
211 67 72
211 68 73
211 68 74
212 0 1
212 0 2
212 1 3
212 2 4
212 3 5
212 4 6
212 5 7
212 7 8
212 8 9
212 9 10
212 9 11
212 10 12
212 10 13
212 11 14
212 12 15
212 13 16
212 14 17
212 16 18
212 17 19
212 19 20
212 20 21
212 21 22
212 22 23
212 23 24
212 24 25
212 25 26
212 25 27
212 26 28
212 27 29
212 28 30
212 29 31
212 29 32
212 30 33
212 31 34
212 32 35
212 33 36
212 34 37
212 35 38
212 36 39
212 37 40
212 38 41
212 39 42
212 40 43
212 40 44
212 41 45
212 42 46
212 43 47
212 44 48
212 45 49
212 46 50
212 47 51
212 49 52
212 49 53
212 50 54
212 50 55
212 52 56
212 53 57
212 54 58
212 55 59
212 56 60
212 57 61
212 58 62
212 59 63
212 60 64
212 61 65
212 62 66
212 63 67
212 64 68
212 65 69
212 65 70
212 66 71
212 67 72
212 68 73
212 69 74
212 70 75
212 70 76
212 71 77
212 72 78
212 73 79
213 0 1
213 0 2
213 1 3
213 2 4
213 3 5
213 3 6
213 4 7
213 5 8
213 5 9
213 6 10
213 6 11
213 7 12
213 8 13
213 8 14
213 8 15
213 8 16
213 9 17
213 10 18
213 11 19
213 12 20
213 13 21
213 14 22
213 15 23
213 16 24
213 17 25
213 18 26
213 18 27
213 19 28
213 19 29
213 19 30
213 20 31
213 21 32
213 22 33
213 23 34
213 24 35
213 25 36
213 26 37
213 27 38
213 27 39
213 27 40
213 28 41
213 29 42
213 30 43
213 30 44
213 32 45
213 33 46
213 34 47
213 35 48
213 36 49
213 37 50
213 37 51
213 38 52
213 39 53
213 40 54
213 41 55
213 42 56
213 43 57
213 44 54
213 45 58
213 45 59
213 45 60
213 46 61
213 47 62
213 48 63
213 49 64
213 49 65
213 50 66
213 51 67
213 52 68
213 53 69
213 57 70
213 58 71
213 59 72
213 60 73
213 62 72
213 62 74
213 64 75
213 65 76
213 66 77
213 66 78
213 67 79
213 68 70
213 69 80
213 71 81
213 73 82
213 74 83
213 75 82
213 75 83
213 77 84
213 77 85
213 78 86
213 79 87
213 81 88
214 0 1
214 0 2
214 0 3
214 1 4
214 2 5
214 4 6
214 5 7
214 6 8
214 7 9
214 8 10
214 9 11
214 10 12
214 11 13
214 12 14
214 13 15
214 13 16
214 13 17
214 14 18
214 15 19
214 16 20
214 17 21
214 18 22
214 19 23
214 20 24
214 21 25
214 22 26
214 23 27
214 24 28
214 25 29
214 26 30
214 28 31
214 29 32
214 30 33
214 31 34
214 32 35
214 33 36
214 34 37
214 35 38
214 35 39
214 36 40
214 37 41
214 38 42
214 39 43
214 40 44
214 41 45
214 42 46
214 43 47
214 44 48
214 45 49
214 46 50
214 47 51
214 48 52
214 48 53
214 48 54
214 49 55
214 50 56
214 51 57
214 52 58
214 52 59
214 53 60
214 54 61
214 55 62
214 56 63
214 57 64
214 58 65
214 59 66
214 60 66
214 61 67
214 62 68
214 63 69
214 64 70
214 65 71
214 66 72
214 67 73
214 68 74
214 69 75
214 70 76
214 71 77
214 73 78
214 74 79
214 75 80
214 76 81
214 77 79
214 78 82
214 79 83
214 80 84
214 81 85
215 0 1
215 0 2
215 1 3
215 2 4
215 3 5
215 4 6
215 5 7
215 6 8
215 8 9
215 8 10
215 8 11
215 8 12
215 9 13
215 10 14
215 11 15
215 12 16
215 13 17
215 14 18
215 15 19
215 15 20
215 16 21
215 17 22
215 18 23
215 19 24
215 20 25
215 21 26
215 22 27
215 23 28
215 24 29
215 25 30
215 26 31
215 28 32
215 29 33
215 30 34
215 31 35
215 32 36
215 33 37
215 34 38
215 35 39
215 36 40
215 36 41
215 37 42
215 38 43
215 39 44
215 40 45
215 41 46
215 42 47
215 43 48
215 44 49
215 45 50
215 46 51
215 47 52
215 48 53
215 49 54
215 50 55
215 51 56
215 52 57
215 53 58
215 53 59
215 54 60
215 55 56
215 57 61
215 58 62
215 58 63
215 59 64
215 60 65
215 61 66
215 62 67
215 63 68
215 64 69
215 65 70
215 66 71
215 67 72
215 68 72
215 69 73
216 0 1
216 0 2
216 1 3
216 2 4
216 3 5
216 4 6
216 5 7
216 6 8
216 7 9
216 8 10
216 9 11
216 10 12
216 11 13
216 12 14
216 13 15
216 14 16
216 15 17
216 16 18
216 17 19
216 18 20
216 19 21
216 20 22
216 21 23
216 22 24
216 23 25
216 24 26
216 25 27
216 26 28
216 27 29
216 28 30
216 29 31
216 30 32
216 31 33
216 32 34
216 32 35
216 32 36
216 33 37
216 34 38
216 35 39
216 36 40
216 37 41
216 38 42
216 39 43
216 40 44
216 41 45
216 42 46
216 42 47
216 43 48
216 44 49
216 45 50
216 46 51
216 47 52
216 49 53
216 50 54
216 51 55
216 52 56
216 52 57
216 53 58
216 54 59
216 55 60
216 56 61
216 57 62
216 58 63
216 59 64
216 59 65
216 60 66
216 61 67
216 62 68
216 63 69
216 64 70
216 65 71
216 66 72
216 67 73
216 68 74
216 69 75
217 0 1
217 0 2
217 1 3
217 2 4
217 3 5
217 4 6
217 5 7
217 5 8
217 6 9
217 7 10
217 7 11
217 8 12
217 8 13
217 9 14
217 10 15
217 11 16
217 12 17
217 12 18
217 12 19
217 12 20
217 13 21
217 15 22
217 15 23
217 16 24
217 16 25
217 16 26
217 17 27
217 18 28
217 19 29
217 20 30
217 21 31
217 22 32
217 22 33
217 22 34
217 23 35
217 24 36
217 25 37
217 26 38
217 26 39
217 27 40
217 28 41
217 29 42
217 30 43
217 31 44
217 32 45
217 33 46
217 34 47
217 35 48
217 35 49
217 36 50
217 37 51
217 38 46
217 39 52
217 40 53
217 41 54
217 42 55
217 43 56
217 44 57
217 45 58
217 47 59
217 48 60
217 49 61
217 52 62
217 53 63
217 54 64
217 54 65
217 54 66
217 55 67
217 56 68
217 57 69
217 57 70
217 58 62
217 59 71
217 60 72
217 61 73
217 61 74
217 64 75
217 67 75
218 0 1
218 0 2
218 1 3
218 2 4
218 2 5
218 2 6
218 3 7
218 3 8
218 4 9
218 5 10
218 6 11
218 7 12
218 8 13
218 9 14
218 10 15
218 10 16
218 11 17
218 12 18
218 13 19
218 14 20
218 15 21
218 16 22
218 16 23
218 17 24
218 17 25
218 18 26
218 19 27
218 20 28
218 21 29
218 21 30
218 22 28
218 23 31
218 25 32
218 26 33
218 27 34
218 29 35
218 30 36
218 31 37
218 32 38
218 33 39
218 34 39
218 34 40
218 35 41
218 36 42
218 36 43
218 37 44
218 38 45
218 40 46
218 41 47
218 42 48
218 42 49
218 43 50
218 43 51
218 43 52
218 43 53
218 44 54
218 45 55
218 46 56
218 47 57
218 47 58
218 48 59
218 49 60
218 50 61
218 51 62
218 51 63
218 52 58
218 53 64
218 53 65
218 54 66
218 55 67
218 56 68
218 56 69
218 57 61
218 58 70
218 59 63
218 59 71
218 60 70
218 61 72
218 62 73
218 64 74
218 65 75
218 66 76
218 67 77
219 0 1
219 0 2
219 0 3
219 1 4
219 2 5
219 3 6
219 4 7
219 5 8
219 5 9
219 6 9
219 7 10
219 8 11
219 10 12
219 10 13
219 11 14
219 12 15
219 12 16
219 12 17
219 12 18
219 13 19
219 14 19
219 15 20
219 16 21
219 16 22
219 17 23
219 17 24
219 18 25
219 20 26
219 20 27
219 21 28
219 21 29
219 22 30
219 23 31
219 24 32
219 25 33
219 25 34
219 26 35
219 26 36
219 26 37
219 26 38
219 27 34
219 27 39
219 28 35
219 29 31
219 30 40
219 30 41
219 31 42
219 32 43
219 33 44
219 37 38
219 37 42
219 39 45
219 40 46
219 41 45
219 43 47
219 44 48
219 46 49
219 46 50
219 47 51
219 47 52
219 48 53
219 48 54
219 49 55
219 50 56
219 50 57
219 51 58
219 51 59
219 52 60
219 53 61
219 54 62
219 54 63
219 55 64
219 55 65
219 55 66
219 56 67
219 57 68
220 0 1
220 0 2
220 1 3
220 2 4
220 4 5
220 5 6
220 6 7
220 7 8
220 8 9
220 9 10
220 10 11
220 11 12
220 12 13
220 12 14
220 13 15
220 14 16
220 14 17
220 15 18
220 16 19
220 17 20
220 18 20
220 18 21
220 18 22
220 19 23
220 20 24
220 21 25
220 21 26
220 22 24
220 23 27
220 24 28
220 24 29
220 25 30
220 26 31
220 27 32
220 27 33
220 28 34
220 29 35
220 30 36
220 31 37
220 32 38
220 33 39
220 34 40
220 35 41
220 36 42
220 37 43
220 37 44
220 38 45
220 39 46
220 40 47
220 41 48
220 42 49
220 43 50
220 44 51
220 45 52
220 46 53
220 47 54
220 48 55
220 49 56
220 50 57
220 51 58
220 52 59
220 53 60
220 55 61
220 55 62
220 55 63
220 57 64
220 58 65
220 59 66
220 60 67
220 61 68
220 63 69
220 64 70
220 65 71
221 0 1
221 0 2
221 1 3
221 1 4
221 2 5
221 2 6
221 3 7
221 4 8
221 5 9
221 6 10
221 6 11
221 7 12
221 8 9
221 9 13
221 11 14
221 12 15
221 13 16
221 14 17
221 16 18
221 17 19
221 18 20
221 19 21
221 19 22
221 20 23
221 21 24
221 21 25
221 22 26
221 23 27
221 24 28
221 26 29
221 27 30
221 29 31
221 30 32
221 31 33
221 32 34
221 33 35
221 34 36
221 35 37
221 36 38
221 37 39
221 38 40
221 39 41
221 40 42
221 40 43
221 40 44
221 41 45
221 42 46
221 43 47
221 44 48
221 45 49
221 46 50
221 47 51
221 48 52
221 49 53
221 50 54
221 51 55
221 52 56
221 53 57
221 54 58
221 55 59
221 55 60
221 56 59
221 57 61
221 58 62
221 60 63
221 61 64
222 0 1
222 0 2
222 1 3
222 2 4
222 3 5
222 4 6
222 5 7
222 6 8
222 7 9
222 8 10
222 9 11
222 9 12
222 9 13
222 10 14
222 11 15
222 12 16
222 13 17
222 14 18
222 15 19
222 16 20
222 17 21
222 18 22
222 18 23
222 19 24
222 20 25
222 21 26
222 22 27
222 23 28
222 24 29
222 25 30
222 25 31
222 26 31
222 27 32
222 27 33
222 28 34
222 29 35
222 30 36
222 32 37
222 32 38
222 33 34
222 34 39
222 35 40
222 36 41
222 38 42
222 39 43
222 41 44
222 42 45
222 43 46
222 44 47
222 45 48
222 46 49
222 47 50
222 47 51
222 47 52
222 48 53
222 48 54
222 50 55
222 51 56
222 52 57
222 53 58
222 54 59
222 54 60
222 55 61
222 56 62
222 57 62
222 58 63
222 60 64
222 62 65
222 63 66
222 65 67
222 65 68
222 66 69
222 67 70
222 68 71
222 69 72
222 70 73
222 71 74
222 72 75
222 73 76
223 0 1
223 0 2
223 1 3
223 1 4
223 1 5
223 2 6
223 3 7
223 4 8
223 5 9
223 6 10
223 7 11
223 8 12
223 9 13
223 9 14
223 10 15
223 10 16
223 11 17
223 12 18
223 13 19
223 14 17
223 15 20
223 16 21
223 16 22
223 18 23
223 20 24
223 21 25
223 22 26
223 23 27
223 23 28
223 24 29
223 25 30
223 26 31
223 27 32
223 28 33
223 29 34
223 29 35
223 29 36
223 30 37
223 31 37
223 32 38
223 33 39
223 34 40
223 35 41
223 36 42
223 37 43
223 38 44
223 39 45
223 40 46
223 41 47
223 42 48
223 43 49
223 43 50
223 44 51
223 45 52
223 46 53
223 46 54
223 47 55
223 48 56
223 49 57
223 50 58
223 52 59
223 53 60
223 54 61
223 55 62
223 55 63
223 55 64
223 55 65
223 56 60
223 56 66
223 58 67
223 59 68
223 61 69
223 62 70
223 63 71
223 64 69
223 65 72
223 65 73
223 66 74
223 67 75
223 67 76
223 68 77
223 70 78
223 71 79
223 72 80
223 73 81
223 73 82
223 74 83
224 0 1
224 1 2
224 2 3
224 3 4
224 4 5
224 5 6
224 5 7
224 5 8
224 6 9
224 6 10
224 7 10
224 8 11
224 9 12
224 10 13
224 10 14
224 11 15
224 12 16
224 12 17
224 13 18
224 14 19
224 14 20
224 15 21
224 16 22
224 17 18
224 17 23
224 19 24
224 20 25
224 21 26
224 22 27
224 23 28
224 24 29
224 25 30
224 26 31
224 26 32
224 26 33
224 27 34
224 28 35
224 29 36
224 30 37
224 30 38
224 31 39
224 32 40
224 34 41
224 34 42
224 35 43
224 36 44
224 37 45
224 38 46
224 39 47
224 41 48
224 42 49
224 43 50
224 44 51
224 45 52
224 46 53
224 47 54
224 48 55
224 49 56
224 50 57
224 52 58
224 53 59
224 54 60
224 55 61
225 0 1
225 0 2
225 1 3
225 1 4
225 2 5
225 3 6
225 4 7
225 4 8
225 5 9
225 6 10
225 7 11
225 8 12
225 9 13
225 10 14
225 11 15
225 13 16
225 14 17
225 16 18
225 17 19
225 18 20
225 19 21
225 20 22
225 21 23
225 22 24
225 23 25
225 24 26
225 24 27
225 26 28
225 27 29
225 28 30
225 29 31
225 29 32
225 30 33
225 31 34
225 32 35
225 33 36
225 34 37
225 35 38
225 36 39
225 37 40
225 38 41
225 39 42
225 40 43
225 40 44
225 41 45
225 42 46
225 43 47
225 44 48
225 45 49
225 46 50
225 48 51
225 49 52
225 49 53
225 50 54
225 50 55
225 52 56
225 53 57
225 54 58
225 55 59
225 56 60
225 57 61
225 58 62
225 59 63
225 60 64
225 61 65
225 62 66
225 63 67
225 64 68
225 64 69
225 65 70
226 0 1
226 0 2
226 1 3
226 2 4
226 3 5
226 4 6
226 5 7
226 6 8
226 7 9
226 8 10
226 9 11
226 9 12
226 10 13
226 11 14
226 12 15
226 13 16
226 14 17
226 15 18
226 17 19
226 18 20
226 19 21
226 20 22
226 21 23
226 22 24
226 23 25
226 24 26
226 24 27
226 24 28
226 25 29
226 26 30
226 27 31
226 28 32
226 29 33
226 30 34
226 31 35
226 32 36
226 33 37
226 34 38
226 35 39
226 36 40
226 37 41
226 38 42
226 39 43
226 41 44
226 41 45
226 42 46
226 43 47
226 44 48
226 45 49
226 46 50
226 46 51
226 47 52
226 48 53
226 48 54
226 49 55
226 51 56
226 52 57
226 53 58
226 54 59
226 55 60
226 56 61
226 57 62
226 58 63
226 59 64
226 60 65
226 61 66
226 62 67
226 63 68
226 63 69
226 63 70
226 64 71
226 65 72
226 66 73
226 67 74
226 68 75
226 69 76
226 70 77
226 71 78
227 0 1
227 0 2
227 1 3
227 2 4
227 2 5
227 3 6
227 4 7
227 5 8
227 6 9
227 7 10
227 8 11
227 8 12
227 9 13
227 10 14
227 11 15
227 12 16
227 12 17
227 13 18
227 14 19
227 15 20
227 15 21
227 16 22
227 18 23
227 19 24
227 20 25
227 21 26
227 21 27
227 22 26
227 22 28
227 24 29
227 24 30
227 25 31
227 27 32
227 28 33
227 29 34
227 30 35
227 32 36
227 33 37
227 34 38
227 35 39
227 36 40
227 36 41
227 38 42
227 40 43
227 41 44
227 42 45
227 43 46
227 43 47
227 44 48
227 45 49
227 46 50
227 46 51
227 47 52
227 48 53
227 49 54
227 50 55
227 51 56
227 52 53
227 52 57
227 55 58
227 56 59
227 57 60
227 58 61
227 59 62
227 60 63
227 61 64
227 62 65
227 62 66
227 64 67
227 65 68
227 65 69
227 66 70
227 66 71
228 0 1
228 0 2
228 1 3
228 2 4
228 2 5
228 3 6
228 4 7
228 4 8
228 4 9
228 5 10
228 6 11
228 7 12
228 8 12
228 8 13
228 9 14
228 10 15
228 11 16
228 12 17
228 12 18
228 13 19
228 14 20
228 15 21
228 15 22
228 17 23
228 18 24
228 19 20
228 19 25
228 20 26
228 21 27
228 22 28
228 23 29
228 24 30
228 25 31
228 26 32
228 27 33
228 28 34
228 29 35
228 30 36
228 31 37
228 32 38
228 33 39
228 34 40
228 35 41
228 36 42
228 37 43
228 38 44
228 39 45
228 40 46
228 42 47
228 42 48
228 42 49
228 43 50
228 43 51
228 44 52
228 45 53
228 46 53
228 46 54
228 47 55
228 49 56
228 50 57
228 51 58
228 52 59
228 54 60
228 56 61
228 57 62
228 58 63
228 59 64
228 60 65
228 61 66
228 62 67
228 63 68
228 64 69
228 65 70
228 65 71
229 0 1
229 0 2
229 2 3
229 2 4
229 2 5
229 4 6
229 5 7
229 6 8
229 7 9
229 8 10
229 9 11
229 10 12
229 11 13
229 12 14
229 12 15
229 12 16
229 13 17
229 13 18
229 14 19
229 15 20
229 15 21
229 16 20
229 17 22
229 18 23
229 19 24
229 20 25
229 20 26
229 21 27
229 22 28
229 23 29
229 24 30
229 25 31
229 26 32
229 26 33
229 27 34
229 27 35
229 29 36
229 30 37
229 31 34
229 32 38
229 33 39
229 34 40
229 35 41
229 36 42
229 38 43
229 39 44
229 40 45
229 41 46
229 42 47
229 43 48
229 44 49
229 44 50
229 45 51
229 46 52
229 47 53
229 48 54
229 49 55
229 50 56
229 51 57
229 52 58
229 52 59
229 53 60
229 54 61
229 55 62
229 56 63
229 57 64
229 58 65
229 59 66
229 60 67
229 62 68
229 63 69
229 64 70
229 65 71
229 66 72
229 67 73
229 68 74
229 69 75
230 0 1
230 0 2
230 1 3
230 2 4
230 3 5
230 4 6
230 5 7
230 6 8
230 7 9
230 8 10
230 9 11
230 10 12
230 11 13
230 12 14
230 13 15
230 14 16
230 15 17
230 16 18
230 17 19
230 18 20
230 19 21
230 20 22
230 21 23
230 22 24
230 23 25
230 24 26
230 25 27
230 26 28
230 27 29
230 28 30
230 29 31
230 30 32
230 31 33
230 32 34
230 33 35
230 34 36
230 35 37
230 35 38
230 36 39
230 37 40
230 38 41
230 39 42
230 40 43
230 41 44
230 42 45
230 44 46
230 45 47
230 45 48
230 45 49
230 46 50
230 47 51
230 48 52
230 49 53
230 50 54
230 51 55
230 52 56
230 53 57
230 54 58
230 55 59
230 55 60
230 56 61
230 57 62
230 58 63
230 59 64
230 60 65
230 62 66
230 63 67
230 64 68
230 64 69
230 65 70
230 66 71
230 67 72
230 68 73
230 69 74
230 70 75
230 71 76
230 72 77
230 73 78
230 74 79
230 75 80
230 76 81
230 77 82
230 78 83
230 79 84
230 80 85
230 81 86
230 81 87
230 82 88
231 0 1
231 0 2
231 1 3
231 2 4
231 3 5
231 4 6
231 5 7
231 6 8
231 7 9
231 8 10
231 9 11
231 10 12
231 11 13
231 12 14
231 13 15
231 14 16
231 16 17
231 16 18
231 18 19
231 19 20
231 20 21
231 20 22
231 20 23
231 21 24
231 22 25
231 23 26
231 24 27
231 24 28
231 25 29
231 26 30
231 27 31
231 27 32
231 28 33
231 29 34
231 29 35
231 30 36
231 31 37
231 32 38
231 33 39
231 33 40
231 34 41
231 35 42
231 36 37
231 38 43
231 39 44
231 40 45
231 41 46
231 42 47
231 43 48
231 44 49
231 44 50
231 45 51
231 46 52
231 47 53
231 48 54
231 49 55
231 49 56
231 49 57
231 49 58
231 50 59
231 50 60
231 51 61
231 52 62
231 53 63
231 54 64
231 55 65
231 56 66
231 56 67
231 61 65
232 0 1
232 0 2
232 1 3
232 3 4
232 4 5
232 5 6
232 6 7
232 7 8
232 8 9
232 9 10
232 9 11
232 10 12
232 10 13
232 11 14
232 12 15
232 13 16
232 14 17
232 15 18
232 17 19
232 19 20
232 20 21
232 21 22
232 22 23
232 23 24
232 24 25
232 25 26
232 25 27
232 26 28
232 27 29
232 28 30
232 28 31
232 29 32
232 30 33
232 31 34
232 32 35
232 33 36
232 34 37
232 35 38
232 36 39
232 37 40
232 38 41
232 39 42
232 40 43
232 40 44
232 41 45
232 42 46
232 43 47
232 44 48
232 45 49
232 46 50
232 46 51
232 47 52
232 49 53
232 50 54
232 51 55
232 53 56
232 53 57
232 54 58
232 55 59
232 56 60
232 57 61
232 58 62
232 59 63
232 60 64
232 61 65
232 62 66
232 63 67
232 63 68
232 64 69
232 65 70
232 66 71
232 67 72
233 0 1
233 0 2
233 1 3
233 2 4
233 3 5
233 4 6
233 5 7
233 6 8
233 7 9
233 8 10
233 9 11
233 10 12
233 12 13
233 13 14
233 14 15
233 15 16
233 16 17
233 17 18
233 18 19
233 19 20
233 20 21
233 21 22
233 22 23
233 23 24
233 24 25
233 25 26
233 26 27
233 27 28
233 28 29
233 29 30
233 30 31
233 31 32
233 32 33
233 33 34
233 34 35
233 35 36
233 36 37
233 37 38
233 38 39
233 39 40
233 40 41
233 41 42
233 41 43
233 42 44
233 43 45
233 43 46
233 44 47
233 45 48
233 46 49
233 47 50
233 48 51
233 49 52
233 49 53
233 50 54
233 51 55
233 52 56
233 53 57
233 54 58
233 55 59
233 56 60
233 57 61
233 58 62
233 59 63
233 60 64
233 60 65
233 61 66
233 63 66
234 0 1
234 0 2
234 1 3
234 2 4
234 3 5
234 3 6
234 4 7
234 5 8
234 6 9
234 8 10
234 9 11
234 10 12
234 11 13
234 12 14
234 13 15
234 14 16
234 14 17
234 14 18
234 15 19
234 16 20
234 17 21
234 18 22
234 19 23
234 20 24
234 21 25
234 21 26
234 22 27
234 23 28
234 24 29
234 25 30
234 26 31
234 27 31
234 28 32
234 29 33
234 29 34
234 32 35
234 33 36
234 33 37
234 34 38
234 35 39
234 36 40
234 37 41
234 38 42
234 39 43
234 40 44
234 41 45
234 42 46
234 43 47
234 44 48
234 45 48
234 46 49
234 46 50
234 46 51
234 47 52
234 48 53
234 49 54
234 50 55
234 51 56
234 52 57
234 53 58
234 53 59
234 54 60
234 55 61
234 56 62
234 57 63
234 58 64
234 59 65
234 60 66
234 61 67
234 62 68
234 62 69
234 63 70
234 64 71
234 66 72
234 66 73
234 66 74
234 66 75
234 67 76
234 68 76
235 0 1
235 0 2
235 1 3
235 2 4
235 3 5
235 4 6
235 4 7
235 5 8
235 6 9
235 7 10
235 7 11
235 7 12
235 9 13
235 10 14
235 11 14
235 11 15
235 12 16
235 13 17
235 13 18
235 14 19
235 14 20
235 15 21
235 16 22
235 17 23
235 18 24
235 19 25
235 20 26
235 21 22
235 21 27
235 22 28
235 23 29
235 24 30
235 25 31
235 26 32
235 27 33
235 28 34
235 29 35
235 30 36
235 31 37
235 32 38
235 33 39
235 34 40
235 35 41
235 36 42
235 37 43
235 38 44
235 39 45
235 40 46
235 41 47
235 42 47
235 42 48
235 44 49
235 44 50
235 44 51
235 45 52
235 45 53
235 46 54
235 48 55
235 49 56
235 51 57
235 52 58
235 53 59
235 54 60
235 55 61
235 57 62
235 58 63
235 59 64
235 60 65
235 61 66
235 61 67
235 61 68
235 62 69
235 63 70
235 64 71
235 65 72
235 66 73
236 0 1
236 0 2
236 1 3
236 2 4
236 3 5
236 4 6
236 4 7
236 5 8
236 6 9
236 7 10
236 8 11
236 9 12
236 10 13
236 11 14
236 11 15
236 12 16
236 12 17
236 12 18
236 13 15
236 14 19
236 16 20
236 17 21
236 18 22
236 19 23
236 20 24
236 21 25
236 22 26
236 22 27
236 23 28
236 23 29
236 24 30
236 25 31
236 25 32
236 26 33
236 27 34
236 27 35
236 28 36
236 29 37
236 29 38
236 29 39
236 30 40
236 32 41
236 33 42
236 33 43
236 34 40
236 35 44
236 36 45
236 37 46
236 38 46
236 38 47
236 39 48
236 41 49
236 42 50
236 43 51
236 44 52
236 45 53
236 46 54
236 46 55
236 47 56
236 48 57
236 49 58
236 50 59
236 50 60
236 51 61
236 52 62
236 53 63
236 54 64
236 55 65
236 56 57
236 56 66
236 57 67
236 58 68
236 59 69
236 59 70
236 59 71
236 59 72
236 60 73
236 60 74
236 61 75
236 62 76
236 63 77
236 64 78
236 65 79
237 0 1
237 1 2
237 1 3
237 2 4
237 2 5
237 3 6
237 4 7
237 5 8
237 7 9
237 8 10
237 9 11
237 10 12
237 11 13
237 12 14
237 12 15
237 13 16
237 14 17
237 14 18
237 16 19
237 17 20
237 18 21
237 19 22
237 20 23
237 20 24
237 21 25
237 21 26
237 22 27
237 23 25
237 24 28
237 26 29
237 27 30
237 28 31
237 29 32
237 30 33
237 31 34
237 32 35
237 33 36
237 35 37
237 36 38
237 37 39
237 38 40
237 39 41
237 40 42
237 41 43
237 42 44
237 43 45
237 44 46
237 45 47
237 46 48
237 47 49
237 48 50
237 49 51
237 50 52
237 51 53
237 51 54
237 51 55
237 52 56
237 53 57
237 54 58
237 55 59
237 56 60
237 57 61
237 58 62
237 59 63
237 60 64
237 61 65
237 62 66
237 63 67
238 0 1
238 0 2
238 0 3
238 0 4
238 1 5
238 2 6
238 3 7
238 4 8
238 5 9
238 6 10
238 7 11
238 8 12
238 9 13
238 9 14
238 10 15
238 11 16
238 12 17
238 13 18
238 14 19
238 15 20
238 15 21
238 16 22
238 16 23
238 16 24
238 16 25
238 17 19
238 17 26
238 18 27
238 20 28
238 21 29
238 21 30
238 22 27
238 23 31
238 24 32
238 25 33
238 25 34
238 26 35
238 28 36
238 29 37
238 30 38
238 31 39
238 32 40
238 33 41
238 34 42
238 34 43
238 35 44
238 35 45
238 36 46
238 37 47
238 38 48
238 39 49
238 40 50
238 41 51
238 42 52
238 43 53
238 43 54
238 44 51
238 45 55
238 46 56
238 46 57
238 46 58
238 47 59
238 48 59
238 49 60
238 50 61
238 52 62
239 0 1
239 0 2
239 1 3
239 2 4
239 2 5
239 2 6
239 3 7
239 4 8
239 5 9
239 6 10
239 7 11
239 8 12
239 9 13
239 10 14
239 11 15
239 12 16
239 13 17
239 14 18
239 14 19
239 15 20
239 17 21
239 18 22
239 19 23
239 20 24
239 21 25
239 22 26
239 23 27
239 23 28
239 24 29
239 24 30
239 25 31
239 26 32
239 27 33
239 28 34
239 29 35
239 30 36
239 31 37
239 32 38
239 33 39
239 34 40
239 35 41
239 36 42
239 37 43
239 38 44
239 39 45
239 40 46
239 41 47
239 42 48
239 43 49
239 45 50
239 46 51
239 47 52
239 48 53
239 49 54
239 50 55
239 51 56
239 52 57
239 53 56
239 54 58
239 55 59
239 58 60
239 59 61
239 60 62
239 61 63
239 62 64
240 0 1
240 0 2
240 0 3
240 1 4
240 1 5
240 2 6
240 3 7
240 4 8
240 5 9
240 6 10
240 7 11
240 8 12
240 9 13
240 9 14
240 10 15
240 11 16
240 12 17
240 14 18
240 15 19
240 16 20
240 17 21
240 19 22
240 19 23
240 20 24
240 22 25
240 22 26
240 22 27
240 23 28
240 24 29
240 25 30
240 26 31
240 27 32
240 28 30
240 28 33
240 29 34
240 31 35
240 32 36
240 34 37
240 35 38
240 36 39
240 37 40
240 38 41
240 39 42
240 40 43
240 41 44
240 42 45
240 43 46
240 44 47
240 45 48
240 46 49
240 47 50
240 48 51
240 49 52
240 50 53
240 51 54
240 51 55
240 52 56
240 53 57
240 54 58
241 0 1
241 0 2
241 1 3
241 2 4
241 3 5
241 4 6
241 5 7
241 6 8
241 7 9
241 8 10
241 9 11
241 10 12
241 11 13
241 12 14
241 13 15
241 14 16
241 15 17
241 16 18
241 17 19
241 18 20
241 19 21
241 20 22
241 21 23
241 22 24
241 23 25
241 24 26
241 25 27
241 26 28
241 27 29
241 27 30
241 28 31
241 29 32
241 30 33
241 31 34
241 32 35
241 33 36
241 34 37
241 36 38
241 37 39
241 38 40
241 39 41
241 40 42
241 41 43
241 42 44
241 43 45
241 44 46
241 45 47
241 46 48
241 47 49
241 48 50
241 49 51
241 50 52
241 51 53
241 52 54
241 53 55
241 53 56
241 53 57
241 54 58
241 55 59
241 56 60
241 57 61
241 58 62
241 59 63
241 60 64
241 61 65
241 63 66
241 64 67
241 65 68
241 65 69
241 66 70
241 68 71
241 69 72
241 70 73
241 71 74
241 72 75
241 72 76
241 73 77
241 74 78
241 75 79
241 76 80
241 77 81
241 78 82
241 79 83
241 80 84
241 81 85
241 81 86
241 82 87
241 83 88
241 84 89
241 85 90
241 86 91
241 88 92
241 89 93
241 90 94
241 91 95
242 0 1
242 0 2
242 1 3
242 2 4
242 3 5
242 4 6
242 5 7
242 5 8
242 6 9
242 7 10
242 8 11
242 9 12
242 10 13
242 11 14
242 12 15
242 13 16
242 14 17
242 15 18
242 16 19
242 17 20
242 18 21
242 19 22
242 20 23
242 21 24
242 22 25
242 24 26
242 24 27
242 25 28
242 26 29
242 27 30
242 28 31
242 28 32
242 28 33
242 29 34
242 30 35
242 30 36
242 31 35
242 32 37
242 33 38
242 34 39
242 36 40
242 37 41
242 38 42
242 39 43
242 40 44
242 41 45
242 42 46
242 43 47
242 44 48
242 45 49
242 47 50
242 48 51
242 49 52
242 50 53
242 51 54
242 52 55
242 53 56
242 55 57
242 56 58
242 57 59
242 58 60
242 59 61
242 60 62
242 60 63
242 61 64
242 62 65
242 63 66
242 64 67
242 65 68
242 66 69
242 67 70
242 68 71
243 0 1
243 0 2
243 1 3
243 2 4
243 3 5
243 4 6
243 5 7
243 5 8
243 6 9
243 7 10
243 8 11
243 9 12
243 10 13
243 11 14
243 12 15
243 14 16
243 15 17
243 16 18
243 17 19
243 18 20
243 18 21
243 18 22
243 19 23
243 21 24
243 22 25
243 24 26
243 26 27
243 27 28
243 28 29
243 28 30
243 28 31
243 29 32
243 30 32
243 30 33
243 31 34
243 32 35
243 32 36
243 33 37
243 34 38
243 35 39
243 36 40
243 36 41
243 37 42
243 37 43
243 38 44
243 39 43
243 40 45
243 41 46
243 42 47
243 43 48
243 44 49
243 45 50
243 46 51
243 47 52
243 48 53
243 50 54
243 51 55
243 51 56
243 52 57
243 53 58
243 54 59
243 55 60
243 56 61
243 57 62
243 57 63
243 58 64
243 59 65
243 60 66
243 61 67
243 62 68
243 63 69
243 64 70
243 66 71
243 67 72
243 68 73
243 69 74
243 70 75
243 71 76
243 72 77
243 73 78
243 74 79
243 75 80
243 76 81
243 77 81
243 77 82
243 78 83
243 79 84
243 80 85
244 0 1
244 0 2
244 1 3
244 2 4
244 3 5
244 4 6
244 5 7
244 6 8
244 7 9
244 7 10
244 8 11
244 9 12
244 9 13
244 10 14
244 11 15
244 11 16
244 12 17
244 13 18
244 13 19
244 14 20
244 14 21
244 15 22
244 15 23
244 16 17
244 18 24
244 19 25
244 20 26
244 21 27
244 22 28
244 23 29
244 24 30
244 24 31
244 25 32
244 26 33
244 26 34
244 27 35
244 28 36
244 28 37
244 29 38
244 29 39
244 30 40
244 30 41
244 31 42
244 32 43
244 33 44
244 34 45
244 34 46
244 34 47
244 35 48
244 36 49
244 37 50
244 38 51
244 39 52
244 40 53
244 41 54
244 41 55
244 42 56
244 44 57
244 44 58
244 45 59
244 46 60
244 47 61
244 48 62
244 49 63
244 50 51
244 52 64
244 53 65
244 53 66
244 54 62
244 54 67
244 55 65
244 66 67
245 0 1
245 0 2
245 1 3
245 2 4
245 3 5
245 4 6
245 4 7
245 5 8
245 6 9
245 7 10
245 8 11
245 9 12
245 9 13
245 9 14
245 9 15
245 10 16
245 11 17
245 12 18
245 13 19
245 14 20
245 15 21
245 16 22
245 17 23
245 18 24
245 19 25
245 20 26
245 21 27
245 22 28
245 23 29
245 24 30
245 25 31
245 26 32
245 27 33
245 28 34
245 29 35
245 30 36
245 31 37
245 32 38
245 33 39
245 34 40
245 35 41
245 36 42
245 38 43
245 39 44
245 40 45
245 41 46
245 42 47
245 43 48
245 44 49
245 45 50
245 45 51
245 46 52
245 46 53
245 47 54
245 48 55
245 49 56
245 49 57
245 50 58
245 50 59
245 51 60
245 52 61
245 52 62
245 53 63
245 55 64
245 56 65
245 57 66
245 58 67
245 59 68
245 60 69
245 61 70
245 62 71
245 63 72
246 0 1
246 0 2
246 1 3
246 2 4
246 2 5
246 3 6
246 4 7
246 5 8
246 6 9
246 7 10
246 8 11
246 9 12
246 11 13
246 12 14
246 13 15
246 15 16
246 16 17
246 16 18
246 17 19
246 18 20
246 19 21
246 20 22
246 20 23
246 21 24
246 22 25
246 23 26
246 23 27
246 24 28
246 25 29
246 25 30
246 27 31
246 28 32
246 29 33
246 30 34
246 30 35
246 31 35
246 31 36
246 32 37
246 33 38
246 34 39
246 36 40
246 37 41
246 39 42
246 40 43
246 42 44
246 42 45
246 44 46
246 45 47
246 46 48
246 47 49
246 47 50
246 48 51
246 49 52
246 50 53
246 50 54
246 51 52
246 52 55
246 53 56
246 54 57
246 55 58
246 56 59
246 57 60
246 58 61
246 59 62
246 60 63
247 0 1
247 0 2
247 1 3
247 2 4
247 3 5
247 4 6
247 5 7
247 6 8
247 7 9
247 8 10
247 9 11
247 11 12
247 12 13
247 12 14
247 13 15
247 14 16
247 15 17
247 16 18
247 17 19
247 18 20
247 19 21
247 20 22
247 21 23
247 22 24
247 23 25
247 23 26
247 23 27
247 24 28
247 25 29
247 26 30
247 27 31
247 28 32
247 29 33
247 30 34
247 31 35
247 32 36
247 33 37
247 34 38
247 35 39
247 36 40
247 37 41
247 39 42
247 40 43
247 41 44
247 42 45
247 43 46
247 43 47
247 44 48
247 44 49
247 45 50
247 46 51
247 47 52
247 48 53
247 50 54
247 51 55
247 51 56
247 52 57
247 53 58
247 54 59
247 55 60
247 56 61
247 57 62
247 58 63
247 59 64
247 60 65
247 61 66
247 62 67
247 63 68
247 64 69
247 65 70
247 66 71
247 66 72
247 66 73
247 67 74
247 68 75
247 69 76
247 70 77
247 71 78
247 72 79
247 73 80
248 0 1
248 0 2
248 1 3
248 2 4
248 2 5
248 3 6
248 4 7
248 5 8
248 6 9
248 7 10
248 8 11
248 9 12
248 10 13
248 11 14
248 12 15
248 13 16
248 14 17
248 15 18
248 16 19
248 17 20
248 18 21
248 19 22
248 20 23
248 21 24
248 21 25
248 22 26
248 23 27
248 24 28
248 25 29
248 26 30
248 26 31
248 26 32
248 28 33
248 29 34
248 29 35
248 30 36
248 31 37
248 31 38
248 32 39
248 33 40
248 34 41
248 35 42
248 36 43
248 37 44
248 38 43
248 39 45
248 40 46
248 41 47
248 42 48
248 43 49
248 44 50
248 45 51
248 46 52
248 47 53
248 48 54
248 50 55
248 51 56
248 52 57
248 53 58
248 53 59
248 54 60
248 55 61
248 56 62
249 0 1
249 0 2
249 1 3
249 2 4
249 3 5
249 4 6
249 5 7
249 6 8
249 7 9
249 7 10
249 8 11
249 9 12
249 10 13
249 11 14
249 12 15
249 13 16
249 13 17
249 14 18
249 15 19
249 16 20
249 17 21
249 18 22
249 18 23
249 19 24
249 20 25
249 21 26
249 22 27
249 23 28
249 24 29
249 25 30
249 25 31
249 25 32
249 26 33
249 27 34
249 28 35
249 29 36
249 30 37
249 31 38
249 32 39
249 33 40
249 34 41
249 35 42
249 36 43
249 37 44
249 38 45
249 39 46
249 40 47
249 41 48
249 42 49
249 43 50
249 44 51
249 45 52
249 46 53
249 48 54
249 49 55
249 50 56
249 52 57
249 53 58
249 54 59
249 55 60
249 55 61
249 55 62
249 56 63
249 57 64
249 58 65
249 59 66
249 60 67
249 61 68
249 62 69
249 63 70
249 64 71
249 65 72
249 66 73
249 67 74
249 70 72
250 0 1
250 0 2
250 1 3
250 2 4
250 3 5
250 4 6
250 5 7
250 6 8
250 7 9
250 8 10
250 9 11
250 10 12
250 11 13
250 12 14
250 13 15
250 14 16
250 14 17
250 16 18
250 18 19
250 19 20
250 20 21
250 21 22
250 22 23
250 23 24
250 24 25
250 25 26
250 26 27
250 27 28
250 28 29
250 29 30
250 30 31
250 31 32
250 32 33
250 33 34
250 34 35
250 35 36
250 36 37
250 37 38
250 38 39
250 39 40
250 39 41
250 40 42
250 41 43
250 41 44
250 42 45
250 43 46
250 45 47
250 47 48
250 47 49
250 49 50
250 49 51
250 50 52
250 51 53
250 52 54
250 52 55
250 53 56
250 53 57
250 54 56
250 55 58
250 57 59
250 58 60
250 59 61
250 60 62
250 61 63
250 62 64
250 64 65
250 65 66
250 66 67
250 67 68
250 68 69
250 69 70
250 70 71
250 71 72
250 71 73
250 71 74
250 72 75
250 73 76
250 74 77
251 0 1
251 0 2
251 1 3
251 2 4
251 2 5
251 3 6
251 4 7
251 5 8
251 6 9
251 7 10
251 7 11
251 8 12
251 9 13
251 10 14
251 11 15
251 12 16
251 13 17
251 14 18
251 15 19
251 16 20
251 17 21
251 18 22
251 19 23
251 20 24
251 21 25
251 22 26
251 22 27
251 23 28
251 24 29
251 25 30
251 25 31
251 26 32
251 27 33
251 28 34
251 29 35
251 30 36
251 31 37
251 33 38
251 34 39
251 34 40
251 35 41
251 36 42
251 37 43
251 39 44
251 40 45
251 41 46
251 42 47
251 43 48
251 44 49
251 45 50
251 46 51
251 46 52
251 47 53
251 48 54
251 49 55
251 50 56
251 51 57
251 51 58
251 52 59
251 53 60
251 54 61
251 55 62
251 56 63
251 56 64
251 57 65
251 58 66
251 59 67
251 60 68
251 61 69
251 62 70
251 63 71
251 63 72
251 64 73
251 66 74
251 67 75
251 68 76
251 69 77
251 70 78
251 71 79
251 72 80
252 0 1
252 0 2
252 1 3
252 2 4
252 3 5
252 4 6
252 4 7
252 4 8
252 4 9
252 6 10
252 7 11
252 8 12
252 8 13
252 9 14
252 10 15
252 11 16
252 12 17
252 12 18
252 13 19
252 14 20
252 15 21
252 16 22
252 17 23
252 17 24
252 18 25
252 19 26
252 20 27
252 21 28
252 22 29
252 22 30
252 22 31
252 23 32
252 24 33
252 25 34
252 26 35
252 27 36
252 28 37
252 28 38
252 29 39
252 30 40
252 31 38
252 32 41
252 32 42
252 32 43
252 33 44
252 33 45
252 34 46
252 35 47
252 37 48
252 39 49
252 40 50
252 41 51
252 42 52
252 42 53
252 43 54
252 44 55
252 45 56
252 45 57
252 45 58
252 46 59
252 47 60
252 47 61
252 48 62
252 49 62
252 50 63
252 51 64
252 52 65
252 53 66
252 54 67
252 55 68
252 55 69
252 56 70
252 57 71
252 58 65
252 61 62
253 0 1
253 0 2
253 1 3
253 2 4
253 3 5
253 4 6
253 5 7
253 6 8
253 7 9
253 8 10
253 9 11
253 10 12
253 11 13
253 12 14
253 13 15
253 14 16
253 15 17
253 16 18
253 17 19
253 18 20
253 19 21
253 20 22
253 21 23
253 22 24
253 23 25
253 24 26
253 25 27
253 25 28
253 26 29
253 27 30
253 28 31
253 28 32
253 29 33
253 30 34
253 31 35
253 32 36
253 33 37
253 34 38
253 35 39
253 36 40
253 36 41
253 37 42
253 38 43
253 39 44
253 40 45
253 41 46
253 42 47
253 43 48
253 44 49
253 45 50
253 46 51
253 47 52
253 48 53
253 49 54
253 50 55
253 51 56
253 51 57
253 52 58
253 53 59
253 54 55
253 56 60
253 57 61
253 57 62
253 58 63
253 59 64
253 60 65
253 60 66
253 61 67
253 61 68
253 62 69
253 63 70
253 64 71
253 65 72
253 65 73
253 66 74
253 67 75
253 67 76
253 68 77
253 69 77
253 69 78
253 70 79
253 76 78
254 0 1
254 0 2
254 1 3
254 2 4
254 3 5
254 4 6
254 5 7
254 6 8
254 7 9
254 8 10
254 9 11
254 10 12
254 11 13
254 12 14
254 13 15
254 14 16
254 15 17
254 16 18
254 17 19
254 18 20
254 19 21
254 20 22
254 21 23
254 22 24
254 23 25
254 24 26
254 25 27
254 26 28
254 27 29
254 28 30
254 29 31
254 30 32
254 31 33
254 31 34
254 32 35
254 33 36
254 33 37
254 34 38
254 35 39
254 36 40
254 37 41
254 38 42
254 39 43
254 40 44
254 40 45
254 41 46
254 42 47
254 43 48
254 44 49
254 45 50
254 46 51
254 47 52
254 48 53
254 49 54
254 50 55
254 51 56
254 52 57
254 53 58
254 54 59
254 55 60
254 55 61
254 56 62
254 57 63
254 58 64
254 59 62
254 60 65
254 61 66
254 61 67
254 63 68
254 64 69
254 65 70
254 65 71
254 66 72
254 66 73
254 67 74
254 68 75
255 0 1
255 0 2
255 1 3
255 2 4
255 3 5
255 4 6
255 5 7
255 6 8
255 7 9
255 8 10
255 8 11
255 9 12
255 10 13
255 12 14
255 13 15
255 14 16
255 15 17
255 16 18
255 17 19
255 18 20
255 19 21
255 20 22
255 21 23
255 21 24
255 21 25
255 22 26
255 23 27
255 24 28
255 25 29
255 26 30
255 26 31
255 26 32
255 27 33
255 28 34
255 29 35
255 30 36
255 31 37
255 32 38
255 32 39
255 33 40
255 34 41
255 35 42
255 36 43
255 37 44
255 38 43
255 39 45
255 40 46
255 41 47
255 43 48
255 44 49
255 45 50
255 46 51
255 47 52
255 49 53
255 50 54
255 51 55
255 52 56
255 52 57
255 53 58
255 54 59
255 55 60
255 56 61
255 57 62
255 58 63
255 59 64
255 59 65
255 60 66
255 61 67
255 62 68
255 63 69
255 64 70
255 64 71
255 65 72
255 66 73
255 67 74
255 68 75
255 69 76
256 0 1
256 0 2
256 1 3
256 2 4
256 3 5
256 3 6
256 3 7
256 4 8
256 5 9
256 6 10
256 7 11
256 8 12
256 9 13
256 10 14
256 11 15
256 12 16
256 13 17
256 14 18
256 15 19
256 17 20
256 18 21
256 19 21
256 19 22
256 20 23
256 22 24
256 23 25
256 24 26
256 25 27
256 26 28
256 27 29
256 28 30
256 29 31
256 30 32
256 30 33
256 30 34
256 31 35
256 32 36
256 33 37
256 34 38
256 35 39
256 36 40
256 37 41
256 38 40
256 39 42
256 39 43
256 40 44
256 42 45
256 43 46
256 44 47
256 44 48
256 45 49
256 45 50
256 46 51
256 47 52
256 48 53
256 49 51
256 50 54
256 50 55
256 51 56
256 52 57
256 53 58
256 55 59
256 56 60
256 57 61
256 58 62
256 59 63
256 60 64
256 61 65
256 62 66
256 63 67
256 64 68
256 65 69
256 66 70
257 0 1
257 0 2
257 1 3
257 2 4
257 3 5
257 3 6
257 3 7
257 4 8
257 4 9
257 4 10
257 4 11
257 5 12
257 6 13
257 7 14
257 8 15
257 9 16
257 10 17
257 11 18
257 11 19
257 12 20
257 13 21
257 14 22
257 15 23
257 16 24
257 17 25
257 18 26
257 19 27
257 19 28
257 20 29
257 20 30
257 21 31
257 22 32
257 23 30
257 24 33
257 25 34
257 26 35
257 27 36
257 28 37
257 28 38
257 29 39
257 31 40
257 31 41
257 32 39
257 32 42
257 33 43
257 34 44
257 35 45
257 36 46
257 37 47
257 38 48
257 40 49
257 41 50
257 41 51
257 42 52
257 45 52
257 46 53
257 47 54
257 47 55
257 48 56
257 48 57
257 48 58
257 49 59
257 50 60
257 51 61
257 52 62
257 53 63
257 54 64
257 54 65
257 54 66
257 55 67
257 56 68
257 57 69
257 57 70
257 58 71
257 59 72
257 60 73
258 0 1
258 0 2
258 1 3
258 1 4
258 2 5
258 3 6
258 4 7
258 4 8
258 5 9
258 6 10
258 7 11
258 8 12
258 9 13
258 10 14
258 11 15
258 11 16
258 12 17
258 12 18
258 12 19
258 13 18
258 14 20
258 15 21
258 16 22
258 17 23
258 19 24
258 20 25
258 21 26
258 22 27
258 22 28
258 23 29
258 24 30
258 25 31
258 26 32
258 27 33
258 27 34
258 27 35
258 27 36
258 28 37
258 28 38
258 29 39
258 29 40
258 30 41
258 30 42
258 31 43
258 32 44
258 32 45
258 33 46
258 33 47
258 34 48
258 35 45
258 36 49
258 36 50
258 37 51
258 38 52
258 39 53
258 40 54
258 42 55
258 43 56
258 44 48
258 45 57
258 46 58
258 47 51
258 48 59
258 49 60
258 50 61
258 51 62
258 52 57
258 53 63
258 54 64
259 0 1
259 0 2
259 1 3
259 2 4
259 3 5
259 4 6
259 5 7
259 6 8
259 7 9
259 7 10
259 8 11
259 9 12
259 11 13
259 12 14
259 13 15
259 14 16
259 15 17
259 16 18
259 17 19
259 18 20
259 19 21
259 20 22
259 21 23
259 22 24
259 23 25
259 24 26
259 25 27
259 26 28
259 27 29
259 28 30
259 29 31
259 30 32
259 31 33
259 32 34
259 33 35
259 34 36
259 35 37
259 36 38
259 37 39
259 39 40
259 39 41
259 40 42
259 40 43
259 41 44
259 43 45
259 44 46
259 46 47
259 47 48
259 47 49
259 49 50
259 49 51
259 50 52
259 51 53
259 52 54
259 52 55
259 53 56
259 53 57
259 54 57
259 55 58
259 56 59
259 58 60
259 59 61
259 60 62
259 61 63
259 62 64
259 64 65
259 65 66
259 66 67
259 67 68
259 68 69
259 69 70
259 70 71
259 71 72
259 71 73
259 71 74
259 72 75
259 73 76
259 74 77
259 75 78
259 76 79
259 77 80
259 78 81
259 79 82
259 80 83
259 81 84
259 81 85
259 82 84
259 83 86
260 0 1
260 0 2
260 1 3
260 2 4
260 3 5
260 4 6
260 5 7
260 6 8
260 7 9
260 8 10
260 9 11
260 10 12
260 10 13
260 11 14
260 12 15
260 12 16
260 13 17
260 14 18
260 15 19
260 16 20
260 17 21
260 18 22
260 19 23
260 19 24
260 20 25
260 21 26
260 22 27
260 23 28
260 24 29
260 25 30
260 26 31
260 27 32
260 28 33
260 29 34
260 30 35
260 31 36
260 32 37
260 33 38
260 33 39
260 34 40
260 35 41
260 36 42
260 37 43
260 38 44
260 39 45
260 39 46
260 40 41
260 42 47
260 43 48
260 44 49
260 44 50
260 45 51
260 46 52
260 46 53
260 47 54
260 48 55
260 49 56
260 50 57
260 50 58
260 51 59
260 51 60
260 52 59
260 53 61
260 53 62
260 54 63
260 55 64
260 56 65
260 57 66
260 58 67
260 58 68
260 60 61
260 62 69
260 62 70
260 63 71
261 0 1
261 0 2
261 1 3
261 2 4
261 3 5
261 4 6
261 5 7
261 5 8
261 6 9
261 7 10
261 8 11
261 9 12
261 10 13
261 11 14
261 12 15
261 13 16
261 14 17
261 15 18
261 16 19
261 17 20
261 18 21
261 19 22
261 20 23
261 21 24
261 21 25
261 22 26
261 23 27
261 23 28
261 23 29
261 24 30
261 25 31
261 26 32
261 27 33
261 28 34
261 29 35
261 30 36
261 31 37
261 31 38
261 32 39
261 33 40
261 34 41
261 35 42
261 36 43
261 37 44
261 38 45
261 39 46
261 40 47
261 41 48
261 42 49
261 43 50
261 44 51
261 45 52
261 46 53
261 47 54
261 48 55
261 50 56
261 51 57
261 51 58
261 51 59
261 52 60
261 53 61
261 54 62
261 55 63
261 56 64
261 57 65
261 58 66
262 0 1
262 0 2
262 1 3
262 2 4
262 3 5
262 4 6
262 5 7
262 6 8
262 7 9
262 8 10
262 9 11
262 10 12
262 11 13
262 12 14
262 13 15
262 14 16
262 14 17
262 14 18
262 15 19
262 16 20
262 16 21
262 17 22
262 18 23
262 19 24
262 19 25
262 20 26
262 21 27
262 22 28
262 23 27
262 24 29
262 26 30
262 27 31
262 28 32
262 29 33
262 30 34
262 32 35
262 33 36
262 34 37
262 35 38
262 36 39
262 37 40
262 37 41
262 38 42
262 39 43
262 40 44
262 40 45
262 41 46
262 42 47
262 43 48
262 43 49
262 43 50
262 44 51
262 45 52
262 46 53
262 47 54
262 47 55
262 48 56
262 49 57
262 50 58
262 51 59
262 51 60
262 52 61
262 53 62
262 54 63
262 55 64
262 56 65
262 57 66
262 58 67
262 60 68
263 0 1
263 0 2
263 1 3
263 2 4
263 2 5
263 3 6
263 3 7
263 3 8
263 3 9
263 4 10
263 4 11
263 5 12
263 7 13
263 7 14
263 8 9
263 9 15
263 10 16
263 11 13
263 11 17
263 11 18
263 11 19
263 12 15
263 12 20
263 14 21
263 14 22
263 16 23
263 16 24
263 17 20
263 17 25
263 18 26
263 18 27
263 19 28
263 21 28
263 22 29
263 23 30
263 24 29
263 25 31
263 26 32
263 27 33
263 28 34
263 30 35
263 30 36
263 31 37
263 32 38
263 33 39
263 34 40
263 35 41
263 36 42
263 36 43
263 37 44
263 38 45
263 39 46
263 40 47
263 41 48
263 41 49
263 41 50
263 42 51
263 43 52
263 44 53
263 44 54
263 45 55
263 46 56
263 46 57
263 47 58
263 47 59
263 48 60
263 49 61
263 50 62
263 51 63
263 52 64
263 53 65
263 54 66
263 54 67
263 55 68
263 56 69
263 57 68
263 58 70
263 59 71
263 59 72
263 60 73
263 61 74
263 62 75
263 63 76
263 64 73
263 65 77
264 0 1
264 0 2
264 1 3
264 2 4
264 3 5
264 3 6
264 3 7
264 4 8
264 5 9
264 6 10
264 7 10
264 7 11
264 8 12
264 8 13
264 8 14
264 9 15
264 10 16
264 10 17
264 11 18
264 12 19
264 13 20
264 15 21
264 16 22
264 17 23
264 17 24
264 18 25
264 18 26
264 20 27
264 21 28
264 22 26
264 23 29
264 24 30
264 25 31
264 26 32
264 27 33
264 29 34
264 30 35
264 31 36
264 32 37
264 33 38
264 34 39
264 35 40
264 35 41
264 36 42
264 37 43
264 38 44
264 38 45
264 39 46
264 40 47
264 41 48
264 42 49
264 42 50
264 43 51
264 44 52
264 45 53
264 46 54
264 47 55
264 48 56
264 49 57
264 50 58
264 51 59
264 52 60
264 53 61
264 55 62
264 56 63
264 57 64
264 58 65
264 59 66
264 60 67
264 62 68
264 63 69
264 64 70
264 65 71
264 66 72
264 67 73
264 68 74
264 69 74
264 69 75
264 70 76
264 71 77
264 72 78
264 73 79
264 75 80
264 76 81
264 77 82
264 78 83
265 0 1
265 0 2
265 1 3
265 2 4
265 3 5
265 4 6
265 5 7
265 6 8
265 7 9
265 8 10
265 9 11
265 10 12
265 11 13
265 12 14
265 13 15
265 14 16
265 15 17
265 16 18
265 17 19
265 18 20
265 19 21
265 20 22
265 21 23
265 22 24
265 23 25
265 24 26
265 25 27
265 26 28
265 27 29
265 28 30
265 29 31
265 30 32
265 31 33
265 32 34
265 33 35
265 34 36
265 35 37
265 36 38
265 36 39
265 37 40
265 38 41
265 39 42
265 40 43
265 41 44
265 42 45
265 43 46
265 43 47
265 43 48
265 44 49
265 46 50
265 47 51
265 48 52
265 49 53
265 50 54
265 51 55
265 52 56
265 53 57
265 54 58
265 54 59
265 55 60
265 56 61
265 57 62
265 58 63
265 59 64
265 61 65
265 62 66
265 63 67
265 63 68
265 64 69
265 65 70
265 66 71
265 67 72
265 68 73
265 69 74
265 70 75
265 71 76
265 72 77
265 73 78
265 74 79
265 75 80
265 76 81
265 77 82
265 78 83
265 79 84
265 80 85
266 0 1
266 0 2
266 1 3
266 2 4
266 3 5
266 4 6
266 5 7
266 6 8
266 7 9
266 8 10
266 9 11
266 10 12
266 11 13
266 12 14
266 13 15
266 14 16
266 16 17
266 17 18
266 17 19
266 18 20
266 19 21
266 20 22
266 21 23
266 22 24
266 23 25
266 24 26
266 25 27
266 27 28
266 27 29
266 27 30
266 28 31
266 29 32
266 30 33
266 31 34
266 32 35
266 32 36
266 33 37
266 34 38
266 35 39
266 36 38
266 37 40
266 40 41
266 40 42
266 41 43
266 42 44
266 42 45
266 43 46
266 44 47
266 45 48
266 46 49
266 47 50
266 48 51
266 49 52
266 49 53
266 49 54
266 50 55
266 51 55
266 52 56
266 53 57
266 54 58
266 55 59
266 56 60
266 57 61
266 58 62
266 59 63
266 59 64
266 60 65
266 60 66
266 61 67
266 62 68
266 63 69
266 64 70
266 65 71
266 66 72
266 67 73
266 67 74
266 67 75
266 67 76
266 68 71
266 68 77
266 69 78
266 72 79
266 73 79
267 0 1
267 0 2
267 1 3
267 2 4
267 3 5
267 4 6
267 5 7
267 6 8
267 7 9
267 8 10
267 9 11
267 10 12
267 11 13
267 12 14
267 13 15
267 14 16
267 15 17
267 16 18
267 17 19
267 18 20
267 19 21
267 20 22
267 21 23
267 22 24
267 23 25
267 24 26
267 25 27
267 26 28
267 27 29
267 29 30
267 30 31
267 31 32
267 32 33
267 33 34
267 34 35
267 35 36
267 36 37
267 37 38
267 38 39
267 39 40
267 40 41
267 41 42
267 41 43
267 42 44
267 42 45
267 43 46
267 44 47
267 45 48
267 46 49
267 47 50
267 48 51
267 48 52
267 49 53
267 50 54
267 51 55
267 52 56
267 53 57
267 54 58
267 55 59
267 56 60
267 57 61
267 58 62
267 59 63
267 60 64
267 60 65
267 61 66
267 62 63
267 64 67
267 65 68
267 65 69
267 66 70
267 67 71
267 67 72
267 68 73
267 68 74
267 69 75
268 0 1
268 0 2
268 1 3
268 2 4
268 3 5
268 4 6
268 5 7
268 6 8
268 7 9
268 8 10
268 9 11
268 10 12
268 12 13
268 13 14
268 14 15
268 15 16
268 16 17
268 16 18
268 18 19
268 19 20
268 20 21
268 20 22
268 20 23
268 21 24
268 22 25
268 23 26
268 24 27
268 25 28
268 25 29
268 26 30
268 27 31
268 27 32
268 28 33
268 29 34
268 29 35
268 30 36
268 31 37
268 32 38
268 33 39
268 33 40
268 34 41
268 35 42
268 36 42
268 37 43
268 38 44
268 39 45
268 40 46
268 41 47
268 43 48
268 44 49
268 45 50
268 46 51
268 46 52
268 47 53
268 48 54
268 49 55
268 50 56
268 51 57
268 51 58
268 52 59
268 52 60
268 52 61
268 52 62
268 53 63
268 54 64
268 54 65
268 55 65
268 56 66
268 56 67
268 57 68
268 58 69
268 59 70
268 60 66
268 68 70
269 0 1
269 0 2
269 1 3
269 1 4
269 2 5
269 3 6
269 4 7
269 5 8
269 6 9
269 7 10
269 7 11
269 8 12
269 9 13
269 10 14
269 11 15
269 12 16
269 13 17
269 14 18
269 15 19
269 16 20
269 17 21
269 18 22
269 19 23
269 20 24
269 21 25
269 22 26
269 22 27
269 23 28
269 24 29
269 25 30
269 26 31
269 27 32
269 28 33
269 29 34
269 30 35
269 31 36
269 33 37
269 33 38
269 34 39
269 34 40
269 35 41
269 35 42
269 37 43
269 38 44
269 39 45
269 40 46
269 40 47
269 41 48
269 42 49
269 43 50
269 44 51
269 45 52
269 46 53
269 47 54
269 48 55
269 49 56
269 50 57
269 51 58
269 52 59
269 53 60
269 55 61
269 56 62
269 57 63
269 57 64
269 58 65
269 59 66
269 61 67
269 62 68
269 63 69
269 63 70
269 64 71
269 65 72
269 66 73
270 0 1
270 0 2
270 1 3
270 2 4
270 3 5
270 4 6
270 5 7
270 6 8
270 7 9
270 8 10
270 8 11
270 9 12
270 10 13
270 11 14
270 12 15
270 13 16
270 14 17
270 15 18
270 16 19
270 17 20
270 19 21
270 20 22
270 21 23
270 22 24
270 23 25
270 24 26
270 24 27
270 24 28
270 25 29
270 26 30
270 27 31
270 28 32
270 29 33
270 30 34
270 31 35
270 32 36
270 33 37
270 34 38
270 35 39
270 36 40
270 37 41
270 38 42
270 40 43
270 41 44
270 41 45
270 42 46
270 43 47
270 44 48
270 45 49
270 46 50
270 46 51
270 47 52
270 48 53
270 49 54
270 49 55
270 50 56
270 52 57
270 53 58
270 54 59
270 55 60
270 56 61
270 57 62
270 58 63
270 59 64
270 60 65
270 61 66
270 62 67
270 63 68
270 64 69
270 65 70
271 0 1
271 0 2
271 1 3
271 2 4
271 3 5
271 4 6
271 6 7
271 7 8
271 8 9
271 8 10
271 9 11
271 10 12
271 11 13
271 12 14
271 12 15
271 13 16
271 14 17
271 15 18
271 15 19
271 16 20
271 17 21
271 17 22
271 18 23
271 20 24
271 21 25
271 22 26
271 22 27
271 23 27
271 23 28
271 24 29
271 24 30
271 25 31
271 26 32
271 28 33
271 29 34
271 30 35
271 32 36
271 33 37
271 34 38
271 35 39
271 36 40
271 36 41
271 39 42
271 40 43
271 41 44
271 42 45
271 43 46
271 44 47
271 44 48
271 45 49
271 46 50
271 47 51
271 47 52
271 48 53
271 49 54
271 50 53
271 51 55
271 52 56
271 53 57
271 55 58
271 56 59
271 57 60
271 58 61
271 59 62
271 60 63
271 61 64
271 62 65
271 62 66
272 0 1
272 0 2
272 1 3
272 3 4
272 4 5
272 5 6
272 6 7
272 7 8
272 8 9
272 9 10
272 10 11
272 11 12
272 12 13
272 13 14
272 14 15
272 14 16
272 15 17
272 16 18
272 17 19
272 18 20
272 20 21
272 21 22
272 22 23
272 23 24
272 24 25
272 25 26
272 26 27
272 27 28
272 28 29
272 29 30
272 30 31
272 31 32
272 32 33
272 33 34
272 34 35
272 35 36
272 36 37
272 37 38
272 38 39
272 39 40
272 40 41
272 41 42
272 42 43
272 43 44
272 44 45
272 45 46
272 46 47
272 47 48
272 48 49
272 49 50
272 50 51
272 51 52
272 52 53
272 53 54
272 54 55
272 55 56
272 56 57
272 56 58
272 56 59
272 57 60
272 58 61
272 59 62
272 60 63
272 61 64
272 62 65
272 63 66
272 64 67
272 65 68
272 65 69
272 67 70
272 68 71
272 69 72
273 0 1
273 0 2
273 1 3
273 1 4
273 2 5
273 2 6
273 3 7
273 3 8
273 4 9
273 4 10
273 5 11
273 6 8
273 7 11
273 7 12
273 9 13
273 10 14
273 12 15
273 12 16
273 13 17
273 13 18
273 14 19
273 15 20
273 16 21
273 17 22
273 17 23
273 18 24
273 19 25
273 19 26
273 20 27
273 21 28
273 22 29
273 22 30
273 23 31
273 24 32
273 25 33
273 26 34
273 27 35
273 28 36
273 29 37
273 30 38
273 31 39
273 32 40
273 33 41
273 34 42
273 34 43
273 35 44
273 35 45
273 36 37
273 37 46
273 38 47
273 39 48
273 41 49
273 42 50
273 43 51
273 43 52
273 44 53
273 44 54
273 44 55
273 44 56
273 45 57
273 46 58
273 47 59
273 48 60
273 48 61
273 49 62
273 50 63
273 51 64
273 52 65
273 53 66
273 53 67
273 54 68
273 55 69
273 55 70
273 56 71
273 57 72
273 57 73
273 58 74
273 58 75
273 59 76
273 67 73
274 0 1
274 0 2
274 1 3
274 2 4
274 4 5
274 5 6
274 6 7
274 7 8
274 8 9
274 9 10
274 10 11
274 11 12
274 12 13
274 13 14
274 13 15
274 14 16
274 15 17
274 15 18
274 16 19
274 17 20
274 18 21
274 19 22
274 20 23
274 20 24
274 21 25
274 22 26
274 23 27
274 24 28
274 25 29
274 26 30
274 27 31
274 28 32
274 29 33
274 30 34
274 31 35
274 32 36
274 32 37
274 33 38
274 34 39
274 35 38
274 36 40
274 37 41
274 37 42
274 39 43
274 40 44
274 40 45
274 41 46
274 41 47
274 42 48
274 43 49
274 44 50
274 44 51
274 45 52
274 46 53
274 47 54
274 47 55
274 48 53
274 48 56
274 49 57
274 50 58
274 50 59
274 51 60
274 52 61
274 54 56
274 55 62
274 55 63
274 57 64
274 58 65
274 59 66
274 60 67
274 61 68
274 62 69
274 63 70
274 64 71
274 65 72
274 65 73
274 66 74
274 67 75
274 69 76
274 72 76
275 0 1
275 0 2
275 0 3
275 0 4
275 0 5
275 2 3
275 2 6
275 4 7
275 4 8
275 5 9
275 6 10
275 7 11
275 7 12
275 8 13
275 9 14
275 10 15
275 10 16
275 11 17
275 12 18
275 13 19
275 13 20
275 13 21
275 13 22
275 14 16
275 14 20
275 15 19
275 17 21
275 17 23
275 18 24
275 19 25
275 20 26
275 22 27
275 22 28
275 23 29
275 24 30
275 25 31
275 26 30
275 27 32
275 28 33
275 29 34
275 30 35
275 31 36
275 32 37
275 33 38
275 34 39
275 34 40
275 35 41
275 36 42
275 37 43
275 38 44
275 39 45
275 39 46
275 40 47
275 41 48
275 41 49
275 42 50
275 42 51
275 43 52
275 44 53
275 44 54
275 45 55
275 46 56
275 48 57
275 49 58
275 49 59
275 50 60
275 51 61
275 51 62
275 52 63
275 53 63
275 54 64
275 55 65
275 56 66
275 57 67
275 57 68
275 57 69
275 58 70
275 59 71
275 60 72
275 61 73
275 61 74
275 62 75
275 63 76
275 64 76
275 65 77
275 66 77
275 67 78
275 68 79
275 69 80
275 70 81
275 71 82
275 72 83
275 73 84
275 74 85
275 74 86
275 75 87
275 84 87
275 86 87
276 0 1
276 1 2
276 2 3
276 3 4
276 4 5
276 4 6
276 5 7
276 6 8
276 6 9
276 7 10
276 7 11
276 8 12
276 9 13
276 9 14
276 10 15
276 10 16
276 11 17
276 12 18
276 13 19
276 14 20
276 15 21
276 16 22
276 16 23
276 17 24
276 18 25
276 19 26
276 20 27
276 20 28
276 21 29
276 21 30
276 22 31
276 22 32
276 23 29
276 24 33
276 24 34
276 25 35
276 25 36
276 26 37
276 27 38
276 28 39
276 30 32
276 31 40
276 31 41
276 33 42
276 34 43
276 35 44
276 35 45
276 36 46
276 37 47
276 38 48
276 39 49
276 39 50
276 40 51
276 41 48
276 42 52
276 43 53
276 43 54
276 44 55
276 45 56
276 46 57
276 47 57
276 49 58
276 49 59
276 49 60
276 50 61
276 51 62
276 52 63
276 53 64
276 53 65
276 54 66
276 55 67
276 55 68
276 56 69
276 56 70
276 58 71
277 0 1
277 0 2
277 1 3
277 2 4
277 3 5
277 4 6
277 5 7
277 6 8
277 7 9
277 8 10
277 9 11
277 10 12
277 11 13
277 11 14
277 12 15
277 14 16
277 15 17
277 16 18
277 17 19
277 18 20
277 18 21
277 18 22
277 19 23
277 20 24
277 21 25
277 22 26
277 24 27
277 25 28
277 26 29
277 26 30
277 27 31
277 27 32
277 28 33
277 29 34
277 29 35
277 30 36
277 31 37
277 32 38
277 33 39
277 34 39
277 35 40
277 36 41
277 36 42
277 37 43
277 38 44
277 40 45
277 41 46
277 42 47
277 43 48
277 44 49
277 45 50
277 46 51
277 46 52
277 47 53
277 48 54
277 49 55
277 50 56
277 51 57
277 51 58
277 52 59
277 52 60
277 52 61
277 52 62
277 53 63
277 54 64
277 55 64
277 55 65
277 56 66
277 57 67
277 58 68
277 59 69
277 59 70
277 60 71
277 68 71
278 0 1
278 0 2
278 1 3
278 2 4
278 3 5
278 4 6
278 5 7
278 6 8
278 7 9
278 8 10
278 9 11
278 9 12
278 10 13
278 11 14
278 12 15
278 13 16
278 14 17
278 15 18
278 16 19
278 17 20
278 18 21
278 19 22
278 20 23
278 21 24
278 22 25
278 24 26
278 24 27
278 24 28
278 25 29
278 26 30
278 27 31
278 28 32
278 29 33
278 30 34
278 31 35
278 31 36
278 32 37
278 34 38
278 35 38
278 36 39
278 37 40
278 40 41
278 40 42
278 41 43
278 42 44
278 42 45
278 43 46
278 44 47
278 45 48
278 46 49
278 47 50
278 48 51
278 49 52
278 49 53
278 49 54
278 50 55
278 51 55
278 52 56
278 53 57
278 54 58
278 55 59
278 56 60
278 57 61
278 58 62
278 59 63
278 59 64
278 60 65
278 60 66
278 61 67
278 62 68
278 63 69
278 64 70
278 65 71
278 66 72
278 67 73
278 67 74
278 67 75
278 67 76
278 68 72
278 68 77
278 70 78
278 71 79
278 73 79
279 0 1
279 1 2
279 2 3
279 3 4
279 4 5
279 5 6
279 6 7
279 7 8
279 8 9
279 9 10
279 10 11
279 11 12
279 12 13
279 13 14
279 14 15
279 15 16
279 15 17
279 16 18
279 18 19
279 19 20
279 20 21
279 21 22
279 22 23
279 23 24
279 24 25
279 25 26
279 26 27
279 27 28
279 28 29
279 29 30
279 30 31
279 31 32
279 32 33
279 33 34
279 34 35
279 35 36
279 36 37
279 37 38
279 38 39
279 39 40
279 39 41
279 40 42
279 41 43
279 41 44
279 42 45
279 43 46
279 45 47
279 47 48
279 47 49
279 48 50
279 48 51
279 50 52
279 51 53
279 52 54
279 52 55
279 53 56
279 53 57
279 54 58
279 55 56
279 57 59
279 58 60
279 59 61
279 60 62
279 61 63
279 62 64
279 64 65
279 65 66
279 66 67
279 67 68
279 68 69
279 69 70
279 70 71
279 71 72
279 71 73
279 71 74
279 72 75
279 73 76
280 0 1
280 0 2
280 1 3
280 2 4
280 3 5
280 4 6
280 5 7
280 6 8
280 7 9
280 7 10
280 8 11
280 9 12
280 10 13
280 11 14
280 12 15
280 12 16
280 13 17
280 14 18
280 14 19
280 15 20
280 16 21
280 17 22
280 18 23
280 19 24
280 19 25
280 20 26
280 21 27
280 22 28
280 23 29
280 24 30
280 25 31
280 26 32
280 27 33
280 28 34
280 29 35
280 31 36
280 32 37
280 33 38
280 33 39
280 34 40
280 35 41
280 37 42
280 38 43
280 39 44
280 40 45
280 41 46
280 42 47
280 42 48
280 44 49
280 45 50
280 46 51
280 47 52
280 48 53
280 50 54
280 50 55
280 51 56
280 52 57
280 53 58
280 54 59
280 55 60
280 56 61
280 57 62
280 58 63
280 59 64
280 60 65
280 62 66
280 62 67
280 63 68
280 64 69
280 65 70
280 66 71
280 66 72
280 67 73
280 68 74
280 69 75
280 70 76
280 71 77
280 72 78
280 73 79
280 73 80
280 74 81
280 77 79
281 0 1
281 0 2
281 1 3
281 2 4
281 3 5
281 4 6
281 5 7
281 5 8
281 6 9
281 6 10
281 7 11
281 8 12
281 9 13
281 10 14
281 11 15
281 12 16
281 12 17
281 13 18
281 14 19
281 15 20
281 16 21
281 16 22
281 17 23
281 18 24
281 20 25
281 22 26
281 23 27
281 23 28
281 24 29
281 25 30
281 26 31
281 26 32
281 27 32
281 27 33
281 28 34
281 29 35
281 30 36
281 31 37
281 33 38
281 34 39
281 35 40
281 36 41
281 37 42
281 38 43
281 43 44
281 43 45
281 44 46
281 45 47
281 46 48
281 46 49
281 47 50
281 48 51
281 48 52
281 49 53
281 50 54
281 51 55
281 52 56
281 53 54
281 53 57
281 55 58
281 56 59
281 57 60
281 58 61
281 59 62
281 60 63
281 61 64
282 0 1
282 0 2
282 1 3
282 3 4
282 3 5
282 4 6
282 4 7
282 5 8
282 6 9
282 7 10
282 9 11
282 10 12
282 11 13
282 12 14
282 13 15
282 14 16
282 15 17
282 16 18
282 17 19
282 18 20
282 19 21
282 20 22
282 21 23
282 22 24
282 24 25
282 25 26
282 25 27
282 26 28
282 27 29
282 28 30
282 28 31
282 29 32
282 30 33
282 31 34
282 32 35
282 33 36
282 34 37
282 35 38
282 36 39
282 37 40
282 38 41
282 39 42
282 40 43
282 40 44
282 41 45
282 42 46
282 43 47
282 44 48
282 45 49
282 46 50
282 46 51
282 48 52
282 49 53
282 50 54
282 51 55
282 53 56
282 53 57
282 54 58
282 55 59
282 56 60
282 57 61
282 58 62
282 59 63
282 60 64
282 61 65
282 62 66
282 63 67
282 63 68
282 64 69
282 65 70
282 66 71
283 0 1
283 1 2
283 2 3
283 3 4
283 3 5
283 4 6
283 5 7
283 6 8
283 6 9
283 7 10
283 7 11
283 8 12
283 8 13
283 10 14
283 11 13
283 11 15
283 12 16
283 14 17
283 15 18
283 16 19
283 16 20
283 17 21
283 17 22
283 18 23
283 19 24
283 20 25
283 21 26
283 22 27
283 24 28
283 25 29
283 26 30
283 26 31
283 27 32
283 28 33
283 29 34
283 30 35
283 31 36
283 31 37
283 32 38
283 33 39
283 34 40
283 35 38
283 35 41
283 36 42
283 37 43
283 39 44
283 40 45
283 41 46
283 42 47
283 43 48
283 44 49
283 44 50
283 45 51
283 46 52
283 47 53
283 48 54
283 49 55
283 50 56
283 51 57
283 53 58
283 53 59
283 54 60
283 55 61
283 56 62
283 58 63
283 58 64
283 59 65
283 59 66
283 60 67
283 62 68
283 63 69
283 64 70
283 65 71
283 66 72
283 67 70
283 68 73
283 69 74
283 69 75
283 71 76
283 71 77
284 0 1
284 0 2
284 1 3
284 2 4
284 2 5
284 2 6
284 3 7
284 4 8
284 5 9
284 6 10
284 7 11
284 8 12
284 9 13
284 9 14
284 10 15
284 11 16
284 11 17
284 12 18
284 13 19
284 14 18
284 15 20
284 16 21
284 17 22
284 20 23
284 20 24
284 21 25
284 22 26
284 23 27
284 23 28
284 24 29
284 25 30
284 26 31
284 27 32
284 28 33
284 29 34
284 30 35
284 31 36
284 32 37
284 33 38
284 34 39
284 35 40
284 37 41
284 38 41
284 39 42
284 39 43
284 39 44
284 40 45
284 41 46
284 42 47
284 43 48
284 44 49
284 45 50
284 46 51
284 46 52
284 47 53
284 48 54
284 49 55
284 50 56
284 51 57
284 52 58
284 53 59
284 54 60
284 54 61
284 55 62
284 56 63
284 58 64
284 59 65
284 59 66
284 60 65
284 61 67
284 62 68
284 62 69
284 62 70
284 62 71
284 63 72
284 64 73
284 64 74
284 66 75
285 0 1
285 0 2
285 1 3
285 2 4
285 3 5
285 4 6
285 5 7
285 5 8
285 6 9
285 6 10
285 7 11
285 8 12
285 9 13
285 10 14
285 11 15
285 11 16
285 12 17
285 13 18
285 14 19
285 15 20
285 16 21
285 16 22
285 17 23
285 19 24
285 20 25
285 20 26
285 21 27
285 23 28
285 24 29
285 25 30
285 25 31
285 26 32
285 27 31
285 27 33
285 28 34
285 29 35
285 30 36
285 32 37
285 33 38
285 34 39
285 35 40
285 36 41
285 38 42
285 39 43
285 41 44
285 41 45
285 44 46
285 45 47
285 46 48
285 46 49
285 47 50
285 48 51
285 48 52
285 49 53
285 50 54
285 51 55
285 52 56
285 53 54
285 53 57
285 55 58
285 56 59
285 57 60
285 58 61
285 59 62
285 60 63
285 61 64
285 62 65
285 62 66
285 64 67
285 65 68
285 65 69
285 66 70
285 66 71
285 67 72
285 68 73
285 69 74
285 70 75
285 71 72
285 73 76
285 74 77
285 74 78
285 75 79
285 75 80
285 76 81
285 77 82
285 77 83
285 78 84
285 79 85
285 80 86
285 82 87
285 83 88
285 83 89
286 0 1
286 0 2
286 0 3
286 1 4
286 2 5
286 3 6
286 3 7
286 4 8
286 5 9
286 5 10
286 6 11
286 7 12
286 7 13
286 8 14
286 8 15
286 9 16
286 10 17
286 10 18
286 11 19
286 11 20
286 12 21
286 12 22
286 13 19
286 14 23
286 15 24
286 16 25
286 17 26
286 17 27
286 18 28
286 20 22
286 21 29
286 21 30
286 23 31
286 23 32
286 24 33
286 25 34
286 26 35
286 27 36
286 28 37
286 29 38
286 30 39
286 31 40
286 32 41
286 32 42
286 33 43
286 35 44
286 36 45
286 36 46
286 37 47
286 38 48
286 39 49
286 40 50
286 41 51
286 42 52
286 43 53
286 44 54
286 45 49
286 46 55
286 47 56
286 47 57
286 48 58
286 50 59
286 51 60
286 52 61
286 53 62
286 54 63
286 55 64
286 55 65
286 56 66
286 56 67
286 57 68
286 58 69
286 58 70
286 59 62
287 0 1
287 0 2
287 1 3
287 2 4
287 3 5
287 4 6
287 6 7
287 7 8
287 8 9
287 9 10
287 9 11
287 10 12
287 11 13
287 11 14
287 12 15
287 13 16
287 14 17
287 15 18
287 16 19
287 18 20
287 20 21
287 21 22
287 22 23
287 23 24
287 24 25
287 25 26
287 25 27
287 26 28
287 27 29
287 28 30
287 29 31
287 29 32
287 30 33
287 31 34
287 32 35
287 33 36
287 34 37
287 35 38
287 36 39
287 37 40
287 38 41
287 39 42
287 40 43
287 41 44
287 41 45
287 42 46
287 43 47
287 44 48
287 45 49
287 46 50
287 47 51
287 47 52
287 49 53
287 50 54
287 50 55
287 51 56
287 52 57
287 54 58
287 55 59
287 56 60
287 57 61
287 58 62
287 59 63
288 0 1
288 0 2
288 1 3
288 2 4
288 3 5
288 4 6
288 5 7
288 6 8
288 7 9
288 7 10
288 7 11
288 8 12
288 9 13
288 10 14
288 11 15
288 12 16
288 13 17
288 14 18
288 15 19
288 16 20
288 17 21
288 18 22
288 19 23
288 20 24
288 21 25
288 21 26
288 22 27
288 23 26
288 24 28
288 24 29
288 25 30
288 27 31
288 28 32
288 29 33
288 30 34
288 31 35
288 32 36
288 33 37
288 33 38
288 34 39
288 36 37
288 36 40
288 38 41
288 38 42
288 39 43
288 40 44
288 41 45
288 43 46
288 43 47
288 43 48
288 44 49
288 45 50
288 46 51
288 47 52
288 48 53
288 49 54
288 50 55
288 51 56
288 52 56
288 53 57
288 55 58
288 55 59
288 56 60
288 58 61
288 58 62
288 59 63
288 60 64
288 60 65
288 62 66
288 63 67
288 64 68
288 65 69
288 67 70
288 68 71
288 69 72
288 70 73
288 71 74
288 72 75
288 73 76
288 74 77
288 75 78
288 76 79
288 77 80
288 78 81
289 0 1
289 0 2
289 1 3
289 2 4
289 2 5
289 3 6
289 3 7
289 4 8
289 4 9
289 5 10
289 5 11
289 6 10
289 7 11
289 8 12
289 9 13
289 10 14
289 12 15
289 13 16
289 14 17
289 14 18
289 15 19
289 16 20
289 17 21
289 18 22
289 19 23
289 20 24
289 20 25
289 21 26
289 21 27
289 22 28
289 23 29
289 23 30
289 24 31
289 24 32
289 24 33
289 24 34
289 25 35
289 26 36
289 26 37
289 27 38
289 28 39
289 28 40
289 29 37
289 30 41
289 31 42
289 31 43
289 32 44
289 32 45
289 33 46
289 34 47
289 35 48
289 35 49
289 36 50
289 37 51
289 38 52
289 39 53
289 40 54
289 41 55
289 41 56
289 42 57
289 43 58
289 44 59
289 45 49
289 45 60
289 46 61
289 46 62
289 47 63
289 47 64
289 48 65
289 50 66
289 51 67
289 52 68
289 53 69
289 53 70
289 54 71
289 61 65
289 62 63
290 0 1
290 0 2
290 0 3
290 1 4
290 1 5
290 2 6
290 3 7
290 4 8
290 5 9
290 6 10
290 6 11
290 7 12
290 7 13
290 7 14
290 8 15
290 9 16
290 10 17
290 11 18
290 12 19
290 13 20
290 14 21
290 15 22
290 16 23
290 17 24
290 17 25
290 18 26
290 19 27
290 20 22
290 21 28
290 23 29
290 24 30
290 24 31
290 25 32
290 25 33
290 25 34
290 25 35
290 26 36
290 27 37
290 27 38
290 28 39
290 28 40
290 29 41
290 30 42
290 31 43
290 32 44
290 33 45
290 33 46
290 34 47
290 34 48
290 35 49
290 36 44
290 36 50
290 37 51
290 38 52
290 39 53
290 41 54
290 42 47
290 42 55
290 43 56
290 44 56
290 45 57
290 46 58
290 48 59
290 49 50
290 49 60
290 51 61
290 52 62
290 53 63
291 0 1
291 0 2
291 1 3
291 2 4
291 3 5
291 4 6
291 4 7
291 4 8
291 4 9
291 5 10
291 6 11
291 7 12
291 8 13
291 9 14
291 10 15
291 11 16
291 12 17
291 12 18
291 13 19
291 14 20
291 15 21
291 16 22
291 17 23
291 18 24
291 19 25
291 20 26
291 21 27
291 22 28
291 23 29
291 24 30
291 25 31
291 26 32
291 27 33
291 28 34
291 29 35
291 30 36
291 31 37
291 33 38
291 34 39
291 35 40
291 36 41
291 37 42
291 38 43
291 39 44
291 39 45
291 40 46
291 41 47
291 42 48
291 43 49
291 44 50
291 45 51
291 46 52
291 47 53
291 49 54
291 50 55
291 51 56
291 52 57
291 53 58
291 54 59
291 55 60
291 56 61
291 57 62
291 57 63
291 58 64
291 59 65
291 60 61
291 62 66
291 63 67
291 63 68
291 64 69
291 65 70
291 66 71
292 0 1
292 0 2
292 0 3
292 1 4
292 2 5
292 3 6
292 4 7
292 5 8
292 6 9
292 7 10
292 8 11
292 9 12
292 9 13
292 10 14
292 11 15
292 12 16
292 13 17
292 13 18
292 13 19
292 14 20
292 15 20
292 15 21
292 16 22
292 17 23
292 18 24
292 19 23
292 19 25
292 21 26
292 22 27
292 23 28
292 23 29
292 24 30
292 25 31
292 26 32
292 27 33
292 28 34
292 29 35
292 30 31
292 30 36
292 31 37
292 32 38
292 32 39
292 32 40
292 33 41
292 34 42
292 35 43
292 36 44
292 37 45
292 38 46
292 39 47
292 40 48
292 42 49
292 43 50
292 44 51
292 45 52
292 46 53
292 47 54
292 48 55
292 48 56
292 49 57
292 50 58
292 51 59
292 52 60
292 53 61
292 54 62
292 54 63
292 55 64
292 56 65
292 56 66
292 58 67
292 58 68
292 58 69
293 0 1
293 0 2
293 1 3
293 2 4
293 2 5
293 3 6
293 4 7
293 5 8
293 6 9
293 7 10
293 8 11
293 8 12
293 9 13
293 10 14
293 10 15
293 10 16
293 11 17
293 12 18
293 14 19
293 15 20
293 16 21
293 17 22
293 18 23
293 19 24
293 20 25
293 21 26
293 22 27
293 23 28
293 24 29
293 25 30
293 26 31
293 27 32
293 28 33
293 29 34
293 30 35
293 32 36
293 33 37
293 34 38
293 35 39
293 36 40
293 37 41
293 38 42
293 39 43
293 40 44
293 41 45
293 42 46
293 43 47
293 44 48
293 45 49
293 46 50
293 46 51
293 47 52
293 48 53
293 49 54
293 50 55
293 51 53
293 52 56
293 54 57
293 55 58
293 56 59
293 57 60
293 57 61
293 58 62
293 59 63
293 60 64
293 61 65
293 62 66
293 63 67
293 64 68
293 65 69
293 66 70
293 67 71
293 68 72
293 69 73
293 71 74
293 72 75
293 73 76
293 74 77
293 75 78
293 76 79
293 77 80
294 0 1
294 0 2
294 1 3
294 2 4
294 3 5
294 3 6
294 4 7
294 5 8
294 6 9
294 6 10
294 8 11
294 8 12
294 9 13
294 10 14
294 11 15
294 13 16
294 14 17
294 16 18
294 17 19
294 18 20
294 19 21
294 20 22
294 20 23
294 21 24
294 22 25
294 23 26
294 23 27
294 23 28
294 24 29
294 25 30
294 25 31
294 26 32
294 27 33
294 28 30
294 29 34
294 32 35
294 33 36
294 34 37
294 35 38
294 36 39
294 37 40
294 38 41
294 39 42
294 40 43
294 41 44
294 42 45
294 43 46
294 44 47
294 45 48
294 46 49
294 47 50
294 48 51
294 49 52
294 50 53
294 51 54
294 51 55
294 52 56
294 53 57
294 54 58
294 55 59
294 56 60
294 56 61
294 56 62
294 57 63
294 58 64
294 59 65
294 60 66
294 61 67
294 62 68
294 63 69
294 64 70
294 65 71
294 66 72
294 67 73
295 0 1
295 0 2
295 1 3
295 2 4
295 3 5
295 4 6
295 5 7
295 6 8
295 7 9
295 8 10
295 9 11
295 10 12
295 11 13
295 12 14
295 13 15
295 14 16
295 14 17
295 17 18
295 18 19
295 19 20
295 20 21
295 21 22
295 22 23
295 23 24
295 24 25
295 25 26
295 26 27
295 27 28
295 28 29
295 29 30
295 30 31
295 31 32
295 32 33
295 33 34
295 34 35
295 35 36
295 36 37
295 37 38
295 38 39
295 39 40
295 39 41
295 40 42
295 41 43
295 41 44
295 42 45
295 43 46
295 45 47
295 47 48
295 47 49
295 48 50
295 48 51
295 50 52
295 51 53
295 52 54
295 52 55
295 53 56
295 53 57
295 54 56
295 55 58
295 57 59
295 58 60
295 59 61
295 60 62
295 61 63
295 62 64
295 64 65
295 65 66
295 66 67
295 67 68
295 68 69
295 69 70
296 0 1
296 0 2
296 1 3
296 2 4
296 3 5
296 4 6
296 5 7
296 6 8
296 7 9
296 8 10
296 9 11
296 10 12
296 11 13
296 12 14
296 13 15
296 14 16
296 15 17
296 16 18
296 17 19
296 18 20
296 19 21
296 20 22
296 21 23
296 22 24
296 22 25
296 23 26
296 23 27
296 24 28
296 26 29
296 27 30
296 27 31
296 28 32
296 29 33
296 30 34
296 32 35
296 33 36
296 35 37
296 36 38
296 36 39
296 37 40
296 38 41
296 38 42
296 40 43
296 41 44
296 42 45
296 43 46
296 44 47
296 44 48
296 45 49
296 45 50
296 46 51
296 47 49
296 48 52
296 50 53
296 51 54
296 52 55
296 53 56
296 54 57
296 55 58
296 56 59
296 57 60
296 59 61
296 60 62
296 61 63
296 62 64
296 63 65
296 64 66
296 65 67
296 67 68
296 68 69
296 69 70
296 70 71
296 71 72
296 71 73
296 71 74
296 72 75
296 73 76
296 74 77
296 75 78
297 0 1
297 0 2
297 1 3
297 1 4
297 2 5
297 3 6
297 3 7
297 3 8
297 4 9
297 5 10
297 6 11
297 7 12
297 8 13
297 9 14
297 10 15
297 10 16
297 10 17
297 11 18
297 12 19
297 12 20
297 13 21
297 14 22
297 15 19
297 15 23
297 16 24
297 17 25
297 20 26
297 20 27
297 22 24
297 23 28
297 25 29
297 26 30
297 27 31
297 27 32
297 28 33
297 28 34
297 29 35
297 30 36
297 31 37
297 31 38
297 31 39
297 31 40
297 32 41
297 33 42
297 34 43
297 36 44
297 37 45
297 38 46
297 39 47
297 40 48
297 41 49
297 42 50
297 42 51
297 43 52
297 44 53
297 45 54
297 46 55
297 47 56
297 48 57
297 49 58
297 50 59
297 50 60
297 51 61
297 52 62
297 53 63
297 54 64
297 55 65
297 56 66
297 57 67
297 58 68
297 59 69
297 59 70
297 60 71
297 61 72
297 62 73
297 63 74
297 64 75
297 65 76
297 66 77
298 0 1
298 0 2
298 0 3
298 1 4
298 2 5
298 2 6
298 3 7
298 4 8
298 4 9
298 5 10
298 6 11
298 7 12
298 8 13
298 9 14
298 10 15
298 11 13
298 11 16
298 12 17
298 12 18
298 13 19
298 14 20
298 16 21
298 17 22
298 18 23
298 21 24
298 21 25
298 22 26
298 23 27
298 23 28
298 24 29
298 25 30
298 26 31
298 27 32
298 27 33
298 28 34
298 29 35
298 30 36
298 31 34
298 32 37
298 33 38
298 34 39
298 35 40
298 36 41
298 37 42
298 38 43
298 39 44
298 40 45
298 41 46
298 42 47
298 43 48
298 44 49
298 45 50
298 46 51
298 47 52
298 47 53
298 48 54
298 50 55
298 50 56
298 51 57
298 52 58
298 52 59
298 53 60
298 53 61
298 54 62
298 55 63
298 56 64
298 57 65
298 58 66
298 59 67
298 60 68
298 61 69
298 62 67
299 0 1
299 0 2
299 1 3
299 1 4
299 2 5
299 3 6
299 4 7
299 6 8
299 8 9
299 9 10
299 9 11
299 10 12
299 11 13
299 12 14
299 13 15
299 13 16
299 14 17
299 15 18
299 16 19
299 17 20
299 18 21
299 19 22
299 20 23
299 21 24
299 22 25
299 23 26
299 23 27
299 24 28
299 25 29
299 26 30
299 27 31
299 28 32
299 29 33
299 30 34
299 31 35
299 32 36
299 33 37
299 34 38
299 35 39
299 36 40
299 37 41
299 38 42
299 38 43
299 39 44
299 40 45
299 41 46
299 42 47
299 43 48
299 43 49
299 44 50
299 45 51
299 46 52
299 46 53
299 47 54
299 47 55
299 48 56
299 49 57
299 50 58
299 51 59
299 51 60
299 52 61
299 53 62
299 54 57
299 54 63
299 54 64
299 55 64
299 55 65
299 55 66
299 56 67
299 58 68
299 59 69
299 59 70
299 60 71
299 61 72
299 62 73
299 63 74
299 63 75
299 65 76
299 66 77
299 67 78
300 0 1
300 0 2
300 1 3
300 2 4
300 3 5
300 4 6
300 5 7
300 6 8
300 7 9
300 8 10
300 9 11
300 10 12
300 11 13
300 12 14
300 13 15
300 13 16
300 14 17
300 16 18
300 17 19
300 18 20
300 20 21
300 20 22
300 20 23
300 21 24
300 22 25
300 23 26
300 24 27
300 24 28
300 25 29
300 26 30
300 27 31
300 27 32
300 28 33
300 29 34
300 30 35
300 30 36
300 31 37
300 32 38
300 33 39
300 33 40
300 34 37
300 35 41
300 36 42
300 38 43
300 39 44
300 40 45
300 41 46
300 42 47
300 43 48
300 44 49
300 44 50
300 45 51
300 46 52
300 47 53
300 48 54
300 49 55
300 49 56
300 50 57
300 50 58
300 50 59
300 50 60
300 51 61
300 52 62
300 53 63
300 54 64
300 55 65
300 56 66
300 57 67
300 58 68
300 58 69
300 59 70
300 60 71
300 60 72
300 61 67
300 61 73
300 62 74
300 62 75
300 63 75
300 64 76
300 65 72
300 65 77
300 66 78
300 67 78
300 68 79
300 69 80
300 70 73
300 70 81
300 71 82
300 74 83
300 76 84
300 77 85
300 78 85
300 78 86
301 0 1
301 0 2
301 1 3
301 2 4
301 3 5
301 4 6
301 5 7
301 5 8
301 6 9
301 7 10
301 8 11
301 9 12
301 9 13
301 9 14
301 9 15
301 10 16
301 11 17
301 12 18
301 13 19
301 14 20
301 15 21
301 16 22
301 17 23
301 18 24
301 18 25
301 19 26
301 20 27
301 21 28
301 22 23
301 24 29
301 25 30
301 26 31
301 27 32
301 28 33
301 29 34
301 30 35
301 31 36
301 32 37
301 33 38
301 34 39
301 35 40
301 37 41
301 38 42
301 39 43
301 40 44
301 41 45
301 42 46
301 43 47
301 44 48
301 45 49
301 46 50
301 47 51
301 48 52
301 49 53
301 51 54
301 52 55
301 53 56
301 54 57
301 54 58
301 55 59
301 56 60
301 57 61
301 57 62
301 58 63
301 59 64
301 60 65
301 61 66
301 62 67
301 63 68
301 64 69
302 0 1
302 0 2
302 0 3
302 1 4
302 1 5
302 1 6
302 1 7
302 2 8
302 2 9
302 3 10
302 4 11
302 5 6
302 5 12
302 8 13
302 9 14
302 10 15
302 10 16
302 10 17
302 10 18
302 11 19
302 12 20
302 13 15
302 13 21
302 14 22
302 16 23
302 16 24
302 17 25
302 17 26
302 18 19
302 18 27
302 19 28
302 20 24
302 20 28
302 21 29
302 22 30
302 23 31
302 25 32
302 26 33
302 27 30
302 29 34
302 30 35
302 31 36
302 32 37
302 33 38
302 34 39
302 34 40
302 35 41
302 36 42
302 37 43
302 38 44
302 39 45
302 39 46
302 40 47
302 41 48
302 41 49
302 42 50
302 42 51
302 43 52
302 44 53
302 44 54
302 45 55
302 46 56
302 48 57
302 48 58
302 49 59
302 50 60
302 51 61
302 51 62
302 52 63
302 53 64
302 54 63
302 55 65
302 56 66
302 57 67
302 58 68
302 59 69
302 59 70
302 59 71
302 60 72
302 61 73
302 61 74
302 62 75
302 63 76
302 64 76
302 65 77
302 66 77
303 0 1
303 0 2
303 1 3
303 2 4
303 2 5
303 2 6
303 3 7
303 4 8
303 6 9
303 7 10
303 9 11
303 10 12
303 10 13
303 10 14
303 11 15
303 12 16
303 13 17
303 14 17
303 14 18
303 15 19
303 16 20
303 17 21
303 17 22
303 18 23
303 19 24
303 19 25
303 20 26
303 21 27
303 21 28
303 22 29
303 23 30
303 23 31
303 24 32
303 25 33
303 26 34
303 27 35
303 28 36
303 29 30
303 30 37
303 31 38
303 32 39
303 33 40
303 35 41
303 36 42
303 37 43
303 38 44
303 40 45
303 41 46
303 42 47
303 42 48
303 43 49
303 44 50
303 45 51
303 46 52
303 47 53
303 48 54
303 49 55
303 50 56
303 50 57
303 51 58
303 52 59
303 53 60
303 54 61
303 55 62
303 56 63
303 57 64
303 58 65
303 60 66
303 61 67
303 62 68
303 63 69
303 64 70
303 65 71
303 66 72
303 67 73
303 68 74
303 69 75
303 70 76
303 71 77
304 0 1
304 0 2
304 0 3
304 0 4
304 0 5
304 1 6
304 2 7
304 3 8
304 4 9
304 5 10
304 6 11
304 7 12
304 7 13
304 8 14
304 9 15
304 10 16
304 11 17
304 12 18
304 13 19
304 14 20
304 15 21
304 16 22
304 17 23
304 18 24
304 19 25
304 20 26
304 21 27
304 22 28
304 24 29
304 25 30
304 26 31
304 27 32
304 28 33
304 29 34
304 30 35
304 31 36
304 32 37
304 33 38
304 34 39
304 35 40
304 36 41
304 37 42
304 38 43
304 38 44
304 39 45
304 40 46
304 42 47
304 43 48
304 44 49
304 45 50
304 46 51
304 47 52
304 48 53
304 49 54
304 50 55
304 51 56
304 51 57
304 52 58
304 53 59
304 54 60
304 55 61
304 56 62
304 57 63
304 57 64
304 58 65
304 59 60
304 61 66
304 62 67
304 63 68
304 64 69
304 65 70
304 66 71
304 67 72
304 68 73
304 69 73
305 0 1
305 0 2
305 1 3
305 2 4
305 3 5
305 3 6
305 3 7
305 3 8
305 4 9
305 5 10
305 6 11
305 7 12
305 8 13
305 9 14
305 10 15
305 11 16
305 11 17
305 12 18
305 13 19
305 14 20
305 15 21
305 16 22
305 17 23
305 18 24
305 19 25
305 20 26
305 21 27
305 22 28
305 23 29
305 24 30
305 25 31
305 27 32
305 28 33
305 29 34
305 31 35
305 32 36
305 33 37
305 34 38
305 35 39
305 36 40
305 36 41
305 37 42
305 38 43
305 39 44
305 40 45
305 41 46
305 42 47
305 43 48
305 44 49
305 45 50
305 46 51
305 47 52
305 48 53
305 49 54
305 50 55
305 51 56
305 52 57
305 52 58
305 53 59
305 54 60
305 55 56
305 57 61
305 57 62
305 58 63
305 59 64
305 60 65
305 61 66
305 62 67
305 63 68
306 0 1
306 0 2
306 1 3
306 2 4
306 3 5
306 4 6
306 4 7
306 4 8
306 5 9
306 5 10
306 6 11
306 7 12
306 8 13
306 9 14
306 10 15
306 11 16
306 12 17
306 13 17
306 14 18
306 15 19
306 17 20
306 18 21
306 19 22
306 20 23
306 20 24
306 21 25
306 21 26
306 21 27
306 22 27
306 23 28
306 24 29
306 25 30
306 26 31
306 28 32
306 29 33
306 30 34
306 31 35
306 32 36
306 33 37
306 34 38
306 35 39
306 36 40
306 37 41
306 38 42
306 39 43
306 40 44
306 41 45
306 42 46
306 43 47
306 44 48
306 45 49
306 46 50
306 47 51
306 48 52
306 49 53
306 51 54
306 52 55
306 52 56
306 53 57
306 54 58
306 55 59
306 56 60
306 57 61
306 58 62
306 59 63
306 59 64
306 59 65
306 59 66
306 60 67
306 61 68
306 62 69
306 63 70
306 64 71
306 65 72
307 0 1
307 0 2
307 1 3
307 2 4
307 3 5
307 3 6
307 4 7
307 5 8
307 6 9
307 7 10
307 7 11
307 9 12
307 9 13
307 10 14
307 10 15
307 10 16
307 10 17
307 11 18
307 11 19
307 12 20
307 13 21
307 14 22
307 15 23
307 16 24
307 17 25
307 18 26
307 19 27
307 19 28
307 20 29
307 21 30
307 22 31
307 23 32
307 24 33
307 25 34
307 26 35
307 27 36
307 28 37
307 29 38
307 29 39
307 30 40
307 31 41
307 32 40
307 33 42
307 34 39
307 35 43
307 36 44
307 36 45
307 36 46
307 37 47
307 37 48
307 38 49
307 40 49
307 40 50
307 41 51
307 42 52
307 43 53
307 44 54
307 44 55
307 45 56
307 46 57
307 47 58
307 48 59
307 48 60
307 48 61
307 50 62
307 53 63
307 54 64
307 55 65
307 56 66
307 57 67
307 58 68
307 58 69
307 59 65
307 60 70
307 61 71
307 62 72
307 63 73
307 64 74
307 68 75
307 69 76
307 70 77
307 71 78
307 72 79
307 74 78
308 0 1
308 0 2
308 1 3
308 2 4
308 3 5
308 4 6
308 4 7
308 5 8
308 6 9
308 8 10
308 9 11
308 10 12
308 11 13
308 12 14
308 13 15
308 14 16
308 15 17
308 16 18
308 17 19
308 18 20
308 19 21
308 20 22
308 21 23
308 22 24
308 23 25
308 24 26
308 25 27
308 26 28
308 27 29
308 28 30
308 29 31
308 30 32
308 31 33
308 32 34
308 33 35
308 34 36
308 36 37
308 37 38
308 38 39
308 39 40
308 39 41
308 40 42
308 40 43
308 41 44
308 43 45
308 44 46
308 46 47
308 47 48
308 47 49
308 49 50
308 49 51
308 50 52
308 51 53
308 52 54
308 52 55
308 53 56
308 53 57
308 54 56
308 55 58
308 57 59
309 0 1
309 0 2
309 1 3
309 1 4
309 2 5
309 3 6
309 4 7
309 5 8
309 6 9
309 6 10
309 8 11
309 9 12
309 10 13
309 11 14
309 11 15
309 12 16
309 13 17
309 14 18
309 14 19
309 15 20
309 15 21
309 15 22
309 15 23
309 16 24
309 17 25
309 17 26
309 18 27
309 18 28
309 19 29
309 20 30
309 21 31
309 22 32
309 23 33
309 24 34
309 24 35
309 24 36
309 25 37
309 26 36
309 27 38
309 28 39
309 29 40
309 30 41
309 31 37
309 32 35
309 33 42
309 34 43
309 38 44
309 38 45
309 39 46
309 39 47
309 39 48
309 40 49
309 41 50
309 42 51
309 43 52
309 44 53
309 45 54
309 45 55
309 45 56
309 46 57
309 47 58
309 47 59
309 48 60
309 49 61
309 50 62
309 51 63
309 52 64
309 53 65
309 53 66
309 54 67
309 55 68
309 56 69
309 57 70
309 58 69
309 59 71
310 0 1
310 0 2
310 1 3
310 2 4
310 3 5
310 4 6
310 5 7
310 6 8
310 7 9
310 8 10
310 9 11
310 10 12
310 11 13
310 12 14
310 13 15
310 15 16
310 16 17
310 16 18
310 18 19
310 19 20
310 20 21
310 20 22
310 20 23
310 21 24
310 22 25
310 23 26
310 24 27
310 25 28
310 26 29
310 26 30
310 27 31
310 28 32
310 28 33
310 29 34
310 30 35
310 30 36
310 31 37
310 32 38
310 33 39
310 34 40
310 34 41
310 35 37
310 36 42
310 38 43
310 39 44
310 40 45
310 41 46
310 42 47
310 43 48
310 44 49
310 45 50
310 46 51
310 46 52
310 47 53
310 48 54
310 49 55
310 50 56
310 51 57
310 51 58
310 52 59
310 52 60
310 52 61
310 52 62
310 53 63
310 54 64
310 55 64
310 55 65
310 56 66
310 56 67
310 57 68
310 58 69
310 59 70
310 60 71
310 60 72
310 61 66
310 62 73
310 62 74
310 63 75
310 65 76
310 66 77
310 67 70
310 68 77
310 69 72
310 69 78
310 70 79
311 0 1
311 0 2
311 1 3
311 1 4
311 2 5
311 3 6
311 4 7
311 5 8
311 6 9
311 7 10
311 8 11
311 9 12
311 11 13
311 12 14
311 13 15
311 14 16
311 15 17
311 16 18
311 17 19
311 18 20
311 19 21
311 20 22
311 21 23
311 22 24
311 23 25
311 24 26
311 25 27
311 26 28
311 27 29
311 28 30
311 30 31
311 31 32
311 32 33
311 33 34
311 34 35
311 35 36
311 36 37
311 37 38
311 38 39
311 39 40
311 40 41
311 41 42
311 42 43
311 43 44
311 44 45
311 45 46
311 46 47
311 47 48
311 48 49
311 49 50
311 50 51
311 51 52
311 52 53
311 53 54
311 54 55
311 55 56
311 56 57
311 56 58
311 56 59
311 57 60
311 58 61
311 59 62
311 60 63
311 61 64
311 62 65
311 63 66
311 64 67
311 64 68
311 65 69
311 67 70
311 68 71
311 69 72
311 70 73
312 0 1
312 0 2
312 1 3
312 1 4
312 1 5
312 1 6
312 2 7
312 3 8
312 4 9
312 5 10
312 6 11
312 7 12
312 8 13
312 9 14
312 10 15
312 11 16
312 11 17
312 12 18
312 13 19
312 14 20
312 15 21
312 16 22
312 17 23
312 18 24
312 19 25
312 20 26
312 21 27
312 22 28
312 23 29
312 24 30
312 25 31
312 26 32
312 28 33
312 29 34
312 30 35
312 31 36
312 32 37
312 33 38
312 34 39
312 35 40
312 36 41
312 37 42
312 37 43
312 38 44
312 39 45
312 40 46
312 42 47
312 43 48
312 44 49
312 45 50
312 46 51
312 47 52
312 48 53
312 49 54
312 50 55
312 51 56
312 52 57
312 53 58
312 54 59
312 54 60
312 55 61
312 56 62
312 57 58
312 59 63
312 60 64
312 60 65
312 61 66
312 62 67
312 63 68
312 64 69
312 65 70
312 66 71
312 67 72
312 68 73
312 69 74
312 70 74
312 71 75
312 72 76
312 73 77
312 74 78
312 74 79
312 75 80
312 76 81
312 77 82
312 78 83
312 79 84
313 0 1
313 0 2
313 1 3
313 2 4
313 3 5
313 4 6
313 5 7
313 6 8
313 7 9
313 8 10
313 9 11
313 11 12
313 12 13
313 13 14
313 14 15
313 15 16
313 16 17
313 17 18
313 17 19
313 18 20
313 19 21
313 20 22
313 21 23
313 22 24
313 23 25
313 24 26
313 25 27
313 27 28
313 27 29
313 27 30
313 28 31
313 29 32
313 30 33
313 31 34
313 32 35
313 33 36
313 33 37
313 34 38
313 35 39
313 36 40
313 37 38
313 39 41
313 39 42
313 41 43
313 41 44
313 42 45
313 43 46
313 44 47
313 45 48
313 46 49
313 47 50
313 48 51
313 49 52
313 50 52
313 51 53
313 51 54
313 51 55
313 52 56
313 53 57
313 54 58
313 55 59
313 56 60
313 56 61
313 57 62
313 58 63
313 59 64
313 60 65
314 0 1
314 0 2
314 1 3
314 2 4
314 3 5
314 4 6
314 5 7
314 6 8
314 6 9
314 7 10
314 8 11
314 9 12
314 10 13
314 11 14
314 12 15
314 13 16
314 14 17
314 15 18
314 16 19
314 17 20
314 18 21
314 19 22
314 20 23
314 21 24
314 23 25
314 24 26
314 24 27
314 24 28
314 25 29
314 26 30
314 27 31
314 28 32
314 29 33
314 30 34
314 31 35
314 32 36
314 33 37
314 34 38
314 35 39
314 36 40
314 37 41
314 38 42
314 40 43
314 41 44
314 41 45
314 42 46
314 43 47
314 44 48
314 45 49
314 46 50
314 46 51
314 47 52
314 48 53
314 48 54
314 49 55
314 50 56
314 52 57
314 53 58
314 54 59
314 55 60
314 56 61
314 57 62
314 58 63
314 59 64
314 60 65
314 61 66
314 62 67
314 63 68
314 64 69
314 64 70
314 64 71
314 65 72
314 66 73
314 67 74
314 68 75
314 69 76
314 70 77
314 71 78
314 72 79
314 73 80
314 74 81
315 0 1
315 0 2
315 1 3
315 2 4
315 3 5
315 4 6
315 5 7
315 5 8
315 6 9
315 7 10
315 7 11
315 8 12
315 9 13
315 10 14
315 11 15
315 12 16
315 13 17
315 14 18
315 14 19
315 15 20
315 16 21
315 17 22
315 18 23
315 20 24
315 21 25
315 22 26
315 24 27
315 25 28
315 25 29
315 26 30
315 28 31
315 28 32
315 28 33
315 29 34
315 30 35
315 31 36
315 32 37
315 33 38
315 34 36
315 34 39
315 35 40
315 37 41
315 38 42
315 40 43
315 41 44
315 42 45
315 43 46
315 43 47
315 43 48
315 44 49
315 45 50
315 46 51
315 47 52
315 48 53
315 49 54
315 50 55
315 51 56
315 52 57
315 53 58
315 54 59
315 55 60
315 56 61
315 57 62
315 58 63
315 59 64
315 60 65
315 61 66
315 62 67
315 64 68
315 64 69
315 65 70
315 66 71
315 67 72
315 68 73
315 69 74
316 0 1
316 0 2
316 1 3
316 2 4
316 3 5
316 4 6
316 5 7
316 6 8
316 7 9
316 9 10
316 9 11
316 10 12
316 10 13
316 11 14
316 12 15
316 13 16
316 14 17
316 15 18
316 17 19
316 19 20
316 20 21
316 21 22
316 22 23
316 23 24
316 24 25
316 25 26
316 25 27
316 26 28
316 27 29
316 28 30
316 28 31
316 29 32
316 30 33
316 31 34
316 32 35
316 33 36
316 34 37
316 35 38
316 36 39
316 37 40
316 38 41
316 39 42
316 39 43
316 40 44
316 41 45
316 42 46
316 43 47
316 44 48
316 45 49
316 46 50
316 48 51
316 48 52
316 49 53
316 51 54
316 52 55
316 53 56
316 53 57
316 54 58
316 55 59
316 56 60
316 57 61
316 58 62
316 59 63
316 60 64
316 61 65
316 62 66
316 63 67
316 63 68
316 64 69
316 65 70
316 66 71
316 67 72
317 0 1
317 0 2
317 1 3
317 2 4
317 3 5
317 4 6
317 5 7
317 6 8
317 7 9
317 7 10
317 7 11
317 7 12
317 9 13
317 10 14
317 11 15
317 12 16
317 13 17
317 14 18
317 14 19
317 15 20
317 16 21
317 17 22
317 18 23
317 19 24
317 20 25
317 21 26
317 22 27
317 23 28
317 24 29
317 25 30
317 26 31
317 28 32
317 29 33
317 30 34
317 31 35
317 32 36
317 33 37
317 34 38
317 35 39
317 36 40
317 37 41
317 38 42
317 39 43
317 39 44
317 40 45
317 41 46
317 42 47
317 43 48
317 44 49
317 45 50
317 46 51
317 47 52
317 48 53
317 49 54
317 50 55
317 51 56
317 51 57
317 52 58
317 53 59
317 54 60
317 55 61
317 56 62
317 56 63
317 57 64
317 58 65
317 59 60
317 61 66
317 62 67
317 63 68
317 64 69
318 0 1
318 0 2
318 0 3
318 1 4
318 1 5
318 2 6
318 3 7
318 4 8
318 5 9
318 6 10
318 7 11
318 8 12
318 8 13
318 9 14
318 10 15
318 11 16
318 12 17
318 14 18
318 15 19
318 16 20
318 18 21
318 19 22
318 20 23
318 20 24
318 22 25
318 23 26
318 24 27
318 24 28
318 24 29
318 25 30
318 26 31
318 26 32
318 27 33
318 28 31
318 29 34
318 30 35
318 33 36
318 34 37
318 35 38
318 36 39
318 37 40
318 38 41
318 39 42
318 40 43
318 41 44
318 42 45
318 43 46
318 44 47
318 45 48
318 46 49
318 47 50
318 48 51
318 49 52
318 50 53
318 51 54
318 52 55
318 52 56
318 53 57
318 53 58
318 53 59
318 54 60
318 55 61
318 56 62
318 57 63
318 58 64
318 59 65
318 60 66
318 61 67
318 62 68
318 63 69
318 64 70
318 65 71
318 66 72
318 67 73
318 68 74
318 69 75
318 70 76
318 71 77
318 72 78
318 73 79
318 74 80
318 75 81
318 76 82
318 78 83
318 79 84
318 80 85
318 81 86
318 82 87
318 83 88
318 84 89
318 85 90
318 86 88
319 0 1
319 0 2
319 1 3
319 1 4
319 2 5
319 3 6
319 4 7
319 5 8
319 6 9
319 7 10
319 8 11
319 9 12
319 10 13
319 11 14
319 12 15
319 13 16
319 14 17
319 15 18
319 15 19
319 15 20
319 17 21
319 18 22
319 19 23
319 20 24
319 21 25
319 22 26
319 23 27
319 23 28
319 24 29
319 25 30
319 26 31
319 27 31
319 28 32
319 29 33
319 30 34
319 33 35
319 33 36
319 34 37
319 35 38
319 35 39
319 36 40
319 37 41
319 38 42
319 39 43
319 40 44
319 41 45
319 42 46
319 43 47
319 44 48
319 45 49
319 46 50
319 47 50
319 48 51
319 48 52
319 48 53
319 49 54
319 50 55
319 51 56
319 52 57
319 53 58
319 54 59
319 55 60
319 55 61
319 56 62
319 57 63
319 58 64
319 60 65
319 61 66
319 62 67
319 63 68
319 63 69
319 64 70
319 66 71
319 67 72
319 67 73
319 67 74
319 67 75
319 68 76
319 69 77
319 70 77
319 70 78
319 71 79
320 0 1
320 0 2
320 1 3
320 2 4
320 3 5
320 4 6
320 5 7
320 6 8
320 6 9
320 8 10
320 9 11
320 10 12
320 11 13
320 13 14
320 14 15
320 15 16
320 16 17
320 16 18
320 17 19
320 18 20
320 19 21
320 19 22
320 20 23
320 21 24
320 22 25
320 22 26
320 23 27
320 24 28
320 24 29
320 26 30
320 27 31
320 28 32
320 28 33
320 29 34
320 30 32
320 30 35
320 31 36
320 33 37
320 34 38
320 35 39
320 36 40
320 37 41
320 39 42
320 40 43
320 41 44
320 41 45
320 44 46
320 45 47
320 46 48
320 46 49
320 47 50
320 48 51
320 48 52
320 49 53
320 50 54
320 51 55
320 52 56
320 53 54
320 53 57
320 55 58
320 56 59
320 57 60
320 58 61
320 59 62
320 60 63
320 61 64
320 62 65
320 62 66
320 64 67
320 65 68
320 65 69
320 66 70
320 66 71
320 67 72
320 68 73
320 69 74
320 70 72
320 71 75
320 73 76
320 74 77
320 74 78
320 75 79
320 75 80
320 76 81
320 77 82
320 77 83
320 78 84
320 79 85
320 80 86
320 82 87
320 82 88
320 83 89
320 84 90
320 85 91
320 85 92
320 86 93
321 0 1
321 0 2
321 1 3
321 1 4
321 2 5
321 3 6
321 3 7
321 3 8
321 3 9
321 4 10
321 5 11
321 6 12
321 6 13
321 7 14
321 8 15
321 8 16
321 9 17
321 10 18
321 10 19
321 11 20
321 11 21
321 12 22
321 13 19
321 13 23
321 14 24
321 14 25
321 15 26
321 16 27
321 17 28
321 17 29
321 18 30
321 20 31
321 20 32
321 21 33
321 22 34
321 22 35
321 23 36
321 24 30
321 24 36
321 24 37
321 24 38
321 25 28
321 25 39
321 26 40
321 27 41
321 29 42
321 30 38
321 31 43
321 31 44
321 32 45
321 33 46
321 34 47
321 35 48
321 39 48
321 40 49
321 41 50
321 42 51
321 43 52
321 44 53
321 44 54
321 45 55
321 46 56
321 47 57
321 47 58
321 49 59
321 50 60
321 50 61
321 51 62
321 51 63
321 52 55
321 53 55
321 54 64
321 54 65
321 56 66
321 57 67
321 57 68
321 58 69
321 59 70
321 60 70
321 61 71
321 62 72
321 62 73
321 63 74
321 64 75
321 65 76
321 66 77
321 66 78
321 67 79
321 68 80
321 69 81
321 69 82
321 69 83
321 70 84
321 71 84
321 72 85
321 73 86
321 75 87
321 75 88
321 76 89
321 77 90
322 0 1
322 0 2
322 1 3
322 1 4
322 2 5
322 3 6
322 3 7
322 4 8
322 6 9
322 7 10
322 9 11
322 10 12
322 11 13
322 12 14
322 13 15
322 14 16
322 15 17
322 16 18
322 17 19
322 18 20
322 19 21
322 20 22
322 21 23
322 22 24
322 24 25
322 25 26
322 25 27
322 26 28
322 27 29
322 28 30
322 28 31
322 29 32
322 30 33
322 31 34
322 32 35
322 33 36
322 34 37
322 35 38
322 36 39
322 37 40
322 38 41
322 39 42
322 39 43
322 40 44
322 41 45
322 42 46
322 43 47
322 44 48
322 45 49
322 46 50
322 48 51
322 48 52
322 49 53
322 51 54
322 52 55
322 53 56
322 53 57
322 54 58
322 55 59
322 56 60
322 57 61
322 58 62
322 59 63
322 60 64
322 61 65
322 62 66
322 63 67
323 0 1
323 0 2
323 1 3
323 3 4
323 4 5
323 5 6
323 6 7
323 7 8
323 8 9
323 8 10
323 8 11
323 8 12
323 9 13
323 10 14
323 11 15
323 12 16
323 13 17
323 14 18
323 15 19
323 16 20
323 16 21
323 17 22
323 18 23
323 19 24
323 20 25
323 21 26
323 22 27
323 23 28
323 24 29
323 25 30
323 26 31
323 27 32
323 28 33
323 30 34
323 31 35
323 32 36
323 33 37
323 34 38
323 35 39
323 36 40
323 37 41
323 37 42
323 38 43
323 39 44
323 40 45
323 41 46
323 42 47
323 43 48
323 44 49
323 45 50
323 46 51
323 47 52
323 48 53
323 49 54
323 50 55
323 51 56
323 52 57
323 53 58
323 53 59
323 54 60
323 55 61
323 56 57
323 58 62
323 59 63
323 59 64
323 60 65
323 61 66
323 62 67
323 63 68
324 0 1
324 0 2
324 1 3
324 2 4
324 2 5
324 4 6
324 4 7
324 5 8
324 6 9
324 7 10
324 9 11
324 10 12
324 11 13
324 12 14
324 13 15
324 14 16
324 15 17
324 16 18
324 17 19
324 18 20
324 19 21
324 20 22
324 21 23
324 22 24
324 24 25
324 25 26
324 25 27
324 26 28
324 27 29
324 28 30
324 28 31
324 29 32
324 30 33
324 31 34
324 32 35
324 33 36
324 34 37
324 35 38
324 36 39
324 37 40
324 38 41
324 39 42
324 40 43
324 40 44
324 41 45
324 42 46
324 43 47
324 44 48
324 45 49
324 46 50
324 46 51
324 48 52
324 49 53
324 50 54
324 51 55
324 53 56
324 53 57
324 54 58
324 55 59
324 56 60
324 57 61
324 58 62
324 59 63
324 60 64
324 61 65
324 62 66
324 63 67
324 63 68
324 64 69
324 65 70
324 66 71
324 67 72
325 0 1
325 0 2
325 0 3
325 1 4
325 2 5
325 2 6
325 3 7
325 3 8
325 4 9
325 5 10
325 6 11
325 7 12
325 7 13
325 8 14
325 9 13
325 9 14
325 10 15
325 11 16
325 12 17
325 12 18
325 15 19
325 16 20
325 17 21
325 18 22
325 19 23
325 19 24
325 20 25
325 21 26
325 21 27
325 22 28
325 23 29
325 23 30
325 23 31
325 23 32
325 24 33
325 25 34
325 25 35
325 26 36
325 27 37
325 27 38
325 28 39
325 28 40
325 29 41
325 29 42
325 30 43
325 31 44
325 32 45
325 32 46
325 33 47
325 33 48
325 34 37
325 35 49
325 36 50
325 37 51
325 38 52
325 39 53
325 40 54
325 41 55
325 42 56
325 43 57
325 43 58
325 44 59
325 44 60
325 45 61
325 46 48
325 46 62
325 47 63
325 49 64
325 49 65
325 50 66
325 51 67
325 52 68
325 53 69
325 53 70
325 54 71
325 55 72
325 56 73
325 58 60
325 59 63
326 0 1
326 0 2
326 1 3
326 1 4
326 1 5
326 1 6
326 2 7
326 3 8
326 4 9
326 5 10
326 6 11
326 7 12
326 8 13
326 9 14
326 10 15
326 10 16
326 11 17
326 12 18
326 13 19
326 14 20
326 15 21
326 16 22
326 17 23
326 18 24
326 19 25
326 20 26
326 21 27
326 22 28
326 23 29
326 24 30
326 25 31
326 26 32
326 27 33
326 28 34
326 30 35
326 31 36
326 32 37
326 33 38
326 34 39
326 35 40
326 36 41
326 36 42
326 37 43
326 38 44
326 39 45
326 40 46
326 41 47
326 42 48
326 44 49
326 45 50
326 46 51
326 47 52
326 48 53
326 49 54
326 50 55
326 51 56
326 52 57
326 53 58
326 54 59
326 55 60
326 55 61
326 56 62
326 57 58
326 59 63
326 60 64
326 61 65
326 61 66
326 62 67
326 63 68
326 64 69
326 65 70
326 66 71
326 67 72
326 68 73
326 69 74
326 70 75
326 71 75
326 72 76
326 73 77
326 74 78
327 0 1
327 0 2
327 1 3
327 2 4
327 4 5
327 5 6
327 5 7
327 5 8
327 6 9
327 6 10
327 7 9
327 8 11
327 9 12
327 9 13
327 10 14
327 11 15
327 12 16
327 13 17
327 13 18
327 14 19
327 14 20
327 15 21
327 16 19
327 17 22
327 18 23
327 19 24
327 20 25
327 21 26
327 22 27
327 23 28
327 24 29
327 25 30
327 26 31
327 26 32
327 26 33
327 27 34
327 27 35
327 28 36
327 29 37
327 30 38
327 32 39
327 33 40
327 34 41
327 35 42
327 36 43
327 37 44
327 38 45
327 38 46
327 39 47
327 41 48
327 42 49
327 43 50
327 44 51
327 45 52
327 46 53
327 47 54
327 48 55
327 49 56
327 51 57
327 52 58
327 53 59
327 54 60
327 55 61
327 56 62
327 57 63
327 58 64
327 59 65
327 60 66
327 60 67
327 61 68
327 61 69
327 62 68
327 63 70
327 64 71
327 65 72
327 66 73
327 67 74
327 69 75
327 70 76
327 71 77
327 72 78
327 73 79
327 74 80
327 75 81
327 76 82
327 77 83
328 0 1
328 0 2
328 1 3
328 1 4
328 2 5
328 2 6
328 2 7
328 3 8
328 4 9
328 5 10
328 6 11
328 7 12
328 8 13
328 10 13
328 11 14
328 12 15
328 14 16
328 15 17
328 16 18
328 16 19
328 17 20
328 18 21
328 19 22
328 19 23
328 20 24
328 20 25
328 21 26
328 22 27
328 23 28
328 24 29
328 25 30
328 26 31
328 27 32
328 28 33
328 29 34
328 30 35
328 31 36
328 31 37
328 31 38
328 32 39
328 33 39
328 34 40
328 35 41
328 36 42
328 37 43
328 38 44
328 39 45
328 40 46
328 41 47
328 42 48
328 43 49
328 44 50
328 45 51
328 45 52
328 47 53
328 48 54
328 49 55
328 50 56
328 50 57
328 51 58
328 52 59
328 53 60
328 54 61
328 54 62
328 54 63
328 54 64
328 55 65
328 55 66
328 56 65
328 57 67
328 58 68
328 60 69
328 61 70
328 62 71
328 62 72
328 63 73
328 64 74
328 66 75
328 67 73
328 68 76
328 68 77
328 69 78
328 70 79
328 71 80
328 71 81
328 72 82
329 0 1
329 0 2
329 1 3
329 2 4
329 3 5
329 4 6
329 4 7
329 5 8
329 6 9
329 7 10
329 8 9
329 10 11
329 11 12
329 12 13
329 13 14
329 14 15
329 15 16
329 15 17
329 15 18
329 15 19
329 16 20
329 17 21
329 18 22
329 19 23
329 20 24
329 21 25
329 22 26
329 23 27
329 23 28
329 24 29
329 25 30
329 26 31
329 27 32
329 28 33
329 29 34
329 30 35
329 31 36
329 32 37
329 33 38
329 34 39
329 35 40
329 37 41
329 38 42
329 39 43
329 40 44
329 41 45
329 42 46
329 43 47
329 44 48
329 45 49
329 46 50
329 48 51
329 49 52
329 50 53
329 51 54
329 52 55
329 53 56
329 54 57
329 55 58
329 55 59
329 56 60
329 57 61
329 58 62
329 59 63
329 59 64
329 60 65
329 61 66
329 62 67
329 63 68
329 64 69
329 65 70
329 66 71
329 67 72
329 68 73
329 69 73
329 70 74
329 71 75
329 72 76
329 73 77
329 73 78
329 74 79
329 75 80
329 76 81
329 77 82
329 78 83
330 0 1
330 0 2
330 1 3
330 2 4
330 3 5
330 4 6
330 5 7
330 6 8
330 7 9
330 8 10
330 9 11
330 10 12
330 11 13
330 12 14
330 13 15
330 14 16
330 15 17
330 16 18
330 17 19
330 18 20
330 19 21
330 20 22
330 21 23
330 22 24
330 23 25
330 24 26
330 25 27
330 26 28
330 27 29
330 28 30
330 29 31
330 31 32
330 32 33
330 33 34
330 34 35
330 35 36
330 36 37
330 37 38
330 38 39
330 39 40
330 40 41
330 41 42
330 41 43
330 42 44
330 42 45
330 43 46
330 44 47
330 45 48
330 46 49
330 47 50
330 48 51
330 48 52
330 49 53
330 50 54
330 51 55
330 52 56
330 53 57
330 54 58
330 55 59
330 56 60
330 57 61
330 58 62
330 59 63
330 59 64
330 60 65
330 61 66
330 62 65
330 63 67
330 64 68
330 64 69
330 66 70
330 67 71
330 67 72
330 68 73
330 68 74
330 69 75
330 70 76
330 71 77
330 72 78
331 0 1
331 0 2
331 0 3
331 1 4
331 2 5
331 2 6
331 3 7
331 3 8
331 4 9
331 5 10
331 6 11
331 7 12
331 7 13
331 8 14
331 9 13
331 9 14
331 10 15
331 11 16
331 12 17
331 12 18
331 15 19
331 16 20
331 17 21
331 18 22
331 19 23
331 20 24
331 20 25
331 21 26
331 21 27
331 22 28
331 23 29
331 23 30
331 24 31
331 24 32
331 24 33
331 24 34
331 25 35
331 26 36
331 26 37
331 27 38
331 28 39
331 28 40
331 29 37
331 30 41
331 31 42
331 32 43
331 32 44
331 33 45
331 33 46
331 34 47
331 35 48
331 35 49
331 36 50
331 37 51
331 38 52
331 39 53
331 40 54
331 41 55
331 41 56
331 42 57
331 42 58
331 43 59
331 44 49
331 44 60
331 45 61
331 46 62
331 47 63
331 57 63
332 0 1
332 0 2
332 1 3
332 2 4
332 2 5
332 3 6
332 4 7
332 6 8
332 7 9
332 8 10
332 9 11
332 10 12
332 11 13
332 12 14
332 13 15
332 14 16
332 15 17
332 16 18
332 17 19
332 18 20
332 19 21
332 20 22
332 21 23
332 22 24
332 23 25
332 24 26
332 25 27
332 26 28
332 27 29
332 29 30
332 30 31
332 31 32
332 32 33
332 33 34
332 34 35
332 35 36
332 36 37
332 37 38
332 38 39
332 39 40
332 39 41
332 40 42
332 40 43
332 41 44
332 42 45
332 44 46
332 46 47
332 47 48
332 47 49
332 48 50
332 48 51
332 50 52
332 51 53
332 52 54
332 52 55
332 53 56
332 53 57
332 54 56
332 55 58
332 57 59
332 58 60
332 59 61
332 60 62
332 61 63
332 62 64
332 64 65
332 65 66
332 66 67
332 67 68
332 68 69
332 69 70
332 70 71
332 71 72
332 71 73
332 71 74
332 72 75
332 73 76
332 74 77
332 75 78
333 0 1
333 1 2
333 2 3
333 3 4
333 4 5
333 5 6
333 6 7
333 7 8
333 8 9
333 9 10
333 10 11
333 11 12
333 12 13
333 13 14
333 14 15
333 15 16
333 15 17
333 16 18
333 18 19
333 19 20
333 20 21
333 21 22
333 22 23
333 23 24
333 24 25
333 25 26
333 26 27
333 27 28
333 28 29
333 29 30
333 30 31
333 31 32
333 32 33
333 33 34
333 34 35
333 35 36
333 36 37
333 37 38
333 38 39
333 39 40
333 39 41
333 40 42
333 40 43
333 41 44
333 42 45
333 44 46
333 46 47
333 47 48
333 47 49
333 49 50
333 49 51
333 50 52
333 51 53
333 52 54
333 52 55
333 53 56
333 53 57
333 54 56
333 55 58
333 57 59
333 58 60
333 59 61
333 60 62
333 61 63
333 62 64
333 64 65
333 65 66
333 66 67
333 67 68
333 68 69
333 69 70
333 70 71
333 71 72
333 71 73
333 71 74
333 72 75
333 73 76
333 74 77
333 75 78
333 76 79
333 77 80
333 78 81
333 79 82
333 80 83
333 81 84
333 82 85
333 83 84
333 83 86
333 85 87
333 86 88
334 0 1
334 0 2
334 1 3
334 1 4
334 2 5
334 3 6
334 4 7
334 5 8
334 5 9
334 5 10
334 6 11
334 7 12
334 8 13
334 9 14
334 10 15
334 11 16
334 12 17
334 13 18
334 14 19
334 14 20
334 15 21
334 16 22
334 17 23
334 18 24
334 19 25
334 20 26
334 20 27
334 21 28
334 21 29
334 22 30
334 23 30
334 23 31
334 24 32
334 25 33
334 25 34
334 26 32
334 27 35
334 29 36
334 31 37
334 33 38
334 34 39
334 35 40
334 36 41
334 37 42
334 38 43
334 38 44
334 39 45
334 40 46
334 41 47
334 42 48
334 42 49
334 43 50
334 43 51
334 44 52
334 44 53
334 44 54
334 44 55
334 45 56
334 46 57
334 47 58
334 48 59
334 48 60
334 48 61
334 49 62
334 50 63
334 51 64
334 52 65
334 53 66
334 56 65
335 0 1
335 0 2
335 1 3
335 1 4
335 2 5
335 3 6
335 4 7
335 5 8
335 6 9
335 6 10
335 7 11
335 8 12
335 8 13
335 8 14
335 9 15
335 10 16
335 11 17
335 11 18
335 12 19
335 13 20
335 14 18
335 15 21
335 17 22
335 19 23
335 20 24
335 21 25
335 22 26
335 23 27
335 24 28
335 25 29
335 26 30
335 27 31
335 27 32
335 28 29
335 28 30
335 28 33
335 28 34
335 29 35
335 31 36
335 31 37
335 32 38
335 33 39
335 34 40
335 35 41
335 35 42
335 36 43
335 37 44
335 38 45
335 39 46
335 40 47
335 41 48
335 41 49
335 42 50
335 43 51
335 44 52
335 45 53
335 46 54
335 47 55
335 48 56
335 49 57
335 50 58
335 51 59
335 52 59
335 53 60
335 53 61
335 53 62
335 54 63
335 55 64
335 56 65
335 56 66
335 57 67
335 57 68
335 57 69
335 58 70
335 59 71
335 60 72
336 0 1
336 0 2
336 1 3
336 2 4
336 3 5
336 3 6
336 4 7
336 5 8
336 7 9
336 8 10
336 9 11
336 10 12
336 11 13
336 12 14
336 13 15
336 14 16
336 15 17
336 16 18
336 16 19
336 16 20
336 17 21
336 18 22
336 19 23
336 20 24
336 21 25
336 22 26
336 23 27
336 24 28
336 25 29
336 26 30
336 27 31
336 28 32
336 29 33
336 31 34
336 32 35
336 33 36
336 34 37
336 35 38
336 36 39
336 37 40
336 37 41
336 38 42
336 39 43
336 39 44
336 39 45
336 40 46
336 41 47
336 42 48
336 43 49
336 44 50
336 45 51
336 45 52
336 46 53
336 47 54
336 48 55
336 49 56
336 50 57
336 51 57
336 52 58
336 53 59
336 54 60
336 55 61
336 56 62
336 57 63
336 58 64
336 59 65
336 60 66
336 61 67
336 62 68
336 64 69
336 65 70
336 66 71
336 67 72
336 68 73
336 69 74
336 70 75
336 71 76
336 72 77
337 0 1
337 0 2
337 1 3
337 2 4
337 3 5
337 4 6
337 5 7
337 6 8
337 7 9
337 8 10
337 9 11
337 10 12
337 10 13
337 10 14
337 10 15
337 11 16
337 12 17
337 13 18
337 14 19
337 15 20
337 16 21
337 17 22
337 17 23
337 18 24
337 19 25
337 20 26
337 21 27
337 22 28
337 23 29
337 24 30
337 25 31
337 26 32
337 27 33
337 28 34
337 29 35
337 30 36
337 31 37
337 32 38
337 33 39
337 34 40
337 35 41
337 36 42
337 38 43
337 39 44
337 40 45
337 41 46
337 42 47
337 43 48
337 44 49
337 45 50
337 46 51
337 47 52
337 47 53
337 48 54
337 49 55
337 50 56
337 51 57
337 52 58
337 53 59
337 55 60
337 56 61
337 57 62
337 58 63
337 59 64
337 61 65
337 61 66
338 0 1
338 0 2
338 1 3
338 2 4
338 3 5
338 4 6
338 5 7
338 6 8
338 6 9
338 6 10
338 6 11
338 7 12
338 8 13
338 9 14
338 10 15
338 11 16
338 12 17
338 13 18
338 14 19
338 15 20
338 16 21
338 16 22
338 17 23
338 18 24
338 19 25
338 20 26
338 21 27
338 22 28
338 23 29
338 24 30
338 25 31
338 26 32
338 27 33
338 28 34
338 29 35
338 30 36
338 31 37
338 33 38
338 34 39
338 35 40
338 36 41
338 37 42
338 38 43
338 39 44
338 40 45
338 41 46
338 42 47
338 42 48
338 43 49
338 44 50
338 45 51
338 47 52
338 48 53
338 49 54
338 50 55
338 51 56
338 52 57
338 53 58
338 54 59
338 55 60
338 56 61
338 57 62
338 58 63
338 59 64
338 59 65
338 60 66
338 61 67
338 62 63
338 64 68
338 65 69
338 65 70
338 66 71
338 67 72
338 68 73
338 69 74
338 70 75
338 71 76
338 72 77
338 73 78
339 0 1
339 0 2
339 1 3
339 2 4
339 3 5
339 3 6
339 4 7
339 4 8
339 5 9
339 6 10
339 6 11
339 7 9
339 8 12
339 8 13
339 10 14
339 11 15
339 12 16
339 13 17
339 14 18
339 15 19
339 16 20
339 18 21
339 19 22
339 20 23
339 20 24
339 21 25
339 21 26
339 21 27
339 22 28
339 22 29
339 22 30
339 23 31
339 24 32
339 25 33
339 26 34
339 27 35
339 28 36
339 29 37
339 30 38
339 31 39
339 31 40
339 32 41
339 32 42
339 32 43
339 32 44
339 33 45
339 34 46
339 35 47
339 35 48
339 36 49
339 37 50
339 38 51
339 39 52
339 40 43
339 40 53
339 41 54
339 41 55
339 42 56
339 42 57
339 44 58
339 44 59
339 45 60
339 46 61
339 47 61
339 48 62
339 49 63
339 50 64
339 51 65
339 51 66
339 52 67
339 53 68
339 53 69
339 53 70
339 53 71
339 54 72
339 55 73
339 56 74
339 57 75
339 57 76
339 58 77
339 67 74
339 68 69
339 71 76
339 72 75
340 0 1
340 1 2
340 2 3
340 3 4
340 3 5
340 4 6
340 4 7
340 5 8
340 6 9
340 7 10
340 8 11
340 8 12
340 9 13
340 9 14
340 10 15
340 11 14
340 11 16
340 12 17
340 13 18
340 15 19
340 15 20
340 17 21
340 17 22
340 18 23
340 19 24
340 20 25
340 21 26
340 22 27
340 24 28
340 24 29
340 25 30
340 26 31
340 27 32
340 28 33
340 29 34
340 29 35
340 30 36
340 31 37
340 32 38
340 33 36
340 33 39
340 34 40
340 35 41
340 37 42
340 38 43
340 39 44
340 40 45
340 41 46
340 42 47
340 43 48
340 44 49
340 45 50
340 46 51
340 47 52
340 47 53
340 48 54
340 50 55
340 50 56
340 51 57
340 52 58
340 53 59
340 54 60
341 0 1
341 0 2
341 1 3
341 2 4
341 3 5
341 4 6
341 5 7
341 6 8
341 7 9
341 8 10
341 8 11
341 9 12
341 10 13
341 10 14
341 11 15
341 12 16
341 13 17
341 14 18
341 15 19
341 16 20
341 17 21
341 17 22
341 18 23
341 19 24
341 20 25
341 21 26
341 22 27
341 23 28
341 24 29
341 25 30
341 26 31
341 27 32
341 28 33
341 29 34
341 30 35
341 31 36
341 32 37
341 32 38
341 33 39
341 34 40
341 35 41
341 36 39
341 37 42
341 37 43
341 38 44
341 40 45
341 41 46
341 42 47
341 43 48
341 43 49
341 44 50
341 44 51
341 45 52
341 46 53
341 47 54
341 47 55
341 48 55
341 49 56
341 49 57
341 50 58
341 50 59
341 51 60
341 52 61
341 53 62
341 54 57
341 56 63
341 56 64
341 58 65
342 0 1
342 0 2
342 1 3
342 1 4
342 2 5
342 3 6
342 4 7
342 5 8
342 5 9
342 5 10
342 6 11
342 7 12
342 8 13
342 9 14
342 10 15
342 11 16
342 12 17
342 12 18
342 13 19
342 14 17
342 15 20
342 16 21
342 18 22
342 19 21
342 20 23
342 21 24
342 21 25
342 21 26
342 22 27
342 22 28
342 23 29
342 23 30
342 24 31
342 25 32
342 25 33
342 26 34
342 27 35
342 28 36
342 29 37
342 29 38
342 30 39
342 31 40
342 32 41
342 33 42
342 33 43
342 34 44
342 36 41
342 37 45
342 38 46
342 39 47
342 40 48
342 42 49
342 42 50
342 43 51
342 44 52
342 45 53
342 46 54
342 47 55
342 48 56
342 49 57
342 50 58
342 51 59
342 52 60
342 53 61
342 54 61
342 55 62
342 55 63
342 55 64
342 57 65
342 57 66
342 58 67
342 58 68
342 58 69
343 0 1
343 0 2
343 1 3
343 2 4
343 3 5
343 4 6
343 5 7
343 5 8
343 5 9
343 6 10
343 7 11
343 8 12
343 9 13
343 10 14
343 11 15
343 12 16
343 13 17
343 14 18
343 15 19
343 16 20
343 17 21
343 18 22
343 20 23
343 21 24
343 22 25
343 23 26
343 24 27
343 25 28
343 26 29
343 26 30
343 27 31
343 27 32
343 28 33
343 30 34
343 31 35
343 32 36
343 33 37
343 34 38
343 35 39
343 36 40
343 37 41
343 38 42
343 39 43
343 40 44
343 41 45
343 41 46
343 42 47
343 43 48
343 44 49
343 45 50
343 45 51
343 46 52
343 47 53
343 48 54
343 49 55
343 50 56
343 51 57
343 52 58
343 53 59
343 54 60
343 55 61
343 56 62
343 56 63
343 57 64
343 58 65
343 59 66
343 60 67
343 61 68
343 63 69
343 64 70
343 65 71
343 66 72
343 67 73
343 68 74
343 70 75
343 71 76
343 71 77
343 72 78
343 73 79
343 74 80
344 0 1
344 0 2
344 1 3
344 1 4
344 1 5
344 2 6
344 3 7
344 4 8
344 5 9
344 6 10
344 7 11
344 8 12
344 9 13
344 9 14
344 10 15
344 10 16
344 11 17
344 12 18
344 13 17
344 14 19
344 15 20
344 15 21
344 16 22
344 18 23
344 20 24
344 21 25
344 22 26
344 23 27
344 23 28
344 24 29
344 25 30
344 26 31
344 27 32
344 28 33
344 29 34
344 30 34
344 31 35
344 31 36
344 31 37
344 32 38
344 33 39
344 34 40
344 35 41
344 36 42
344 37 43
344 38 44
344 39 45
344 40 46
344 40 47
344 41 48
344 42 49
344 43 50
344 44 51
344 45 52
344 46 53
344 47 54
344 48 55
344 49 56
344 50 57
344 50 58
344 52 59
344 54 60
344 55 61
344 55 62
344 55 63
344 55 64
344 56 65
344 56 66
344 57 65
344 58 67
344 59 68
344 60 69
344 60 70
344 61 71
344 62 72
344 62 73
344 63 74
344 67 71
345 0 1
345 0 2
345 1 3
345 1 4
345 2 5
345 3 6
345 4 7
345 4 8
345 5 9
345 6 10
345 7 11
345 8 12
345 9 13
345 10 14
345 11 15
345 12 16
345 12 17
345 13 18
345 13 19
345 14 20
345 15 21
345 17 22
345 18 23
345 19 24
345 19 25
345 19 26
345 20 27
345 21 28
345 23 29
345 23 30
345 24 31
345 25 32
345 26 30
345 27 33
345 31 34
345 32 35
345 33 36
345 34 37
345 35 38
345 36 39
345 37 40
345 38 41
345 39 42
345 40 43
345 41 44
345 42 45
345 43 46
345 44 47
345 45 48
345 46 49
345 47 50
345 48 51
345 49 52
345 49 53
345 50 54
345 51 55
345 52 56
345 53 57
345 54 58
345 55 59
345 56 60
345 57 61
345 58 62
345 59 63
345 59 64
345 59 65
345 60 66
345 61 67
345 62 68
345 63 69
345 64 70
345 65 71
345 66 72
345 67 73
345 68 74
345 69 75
345 70 76
345 71 77
345 72 78
346 0 1
346 0 2
346 1 3
346 2 4
346 2 5
346 3 6
346 4 7
346 5 8
346 6 9
346 7 10
346 8 11
346 9 12
346 9 13
346 9 14
346 9 15
346 10 16
346 10 17
346 10 18
346 11 19
346 11 20
346 12 21
346 12 22
346 13 23
346 14 24
346 15 25
346 16 24
346 17 26
346 18 27
346 19 27
346 20 28
346 21 29
346 21 30
346 22 31
346 23 32
346 25 33
346 26 34
346 28 35
346 28 36
346 29 37
346 30 38
346 30 39
346 31 40
346 32 41
346 33 42
346 34 43
346 35 40
346 36 44
346 37 45
346 38 46
346 39 47
346 41 48
346 42 49
346 43 50
346 43 51
346 45 52
346 46 53
346 46 54
346 46 55
346 47 56
346 47 57
346 50 58
346 51 59
346 51 60
346 52 61
346 53 62
346 54 63
346 55 64
346 55 65
346 56 66
346 57 67
346 57 68
346 57 69
346 58 70
346 59 71
346 60 72
346 61 73
346 62 74
346 63 75
346 64 76
346 65 77
346 66 78
346 66 79
346 67 80
346 68 77
347 0 1
347 0 2
347 1 3
347 2 4
347 3 5
347 5 6
347 5 7
347 5 8
347 6 9
347 7 10
347 8 9
347 8 11
347 9 12
347 9 13
347 10 14
347 11 15
347 12 16
347 13 17
347 13 18
347 14 19
347 15 20
347 15 21
347 16 21
347 17 22
347 18 23
347 19 24
347 20 25
347 21 26
347 22 27
347 23 28
347 24 29
347 24 30
347 24 31
347 25 32
347 26 33
347 27 34
347 27 35
347 28 36
347 29 37
347 31 38
347 32 39
347 33 40
347 34 41
347 35 42
347 36 43
347 38 44
347 39 45
347 39 46
347 40 47
347 41 48
347 42 49
347 43 50
347 44 51
347 45 52
347 46 53
347 47 54
347 48 55
347 49 56
347 51 57
347 52 58
347 53 59
347 54 60
347 55 61
347 56 62
347 57 63
347 57 64
347 58 65
347 59 66
347 60 67
347 61 68
347 62 68
347 62 69
347 63 70
347 64 71
347 65 72
347 66 73
347 67 74
347 69 75
347 70 76
347 71 77
347 72 78
347 73 79
347 74 80
347 75 81
348 0 1
348 0 2
348 1 3
348 2 4
348 3 5
348 4 6
348 5 7
348 6 8
348 7 9
348 8 10
348 9 11
348 10 12
348 11 13
348 12 14
348 13 15
348 14 16
348 15 17
348 16 18
348 17 19
348 18 20
348 19 21
348 20 22
348 21 23
348 22 24
348 23 25
348 24 26
348 24 27
348 25 28
348 26 29
348 27 30
348 28 31
348 29 32
348 30 33
348 31 34
348 33 35
348 34 36
348 35 37
348 36 38
348 37 39
348 38 40
348 39 41
348 40 42
348 41 43
348 42 44
348 43 45
348 44 46
348 45 47
348 46 48
348 47 49
348 48 50
348 49 51
348 50 52
348 51 53
348 52 54
348 53 55
348 54 56
348 56 57
348 56 58
348 56 59
348 57 60
348 58 61
348 59 62
348 60 63
348 61 64
348 62 65
348 63 66
348 64 67
348 64 68
348 65 69
348 67 70
348 68 71
348 69 72
348 70 73
348 70 74
348 71 75
348 72 76
349 0 1
349 0 2
349 1 3
349 2 4
349 3 5
349 3 6
349 4 7
349 5 8
349 6 9
349 7 10
349 8 11
349 9 12
349 9 13
349 10 14
349 10 15
349 11 16
349 12 17
349 13 18
349 14 19
349 15 20
349 16 21
349 16 22
349 17 23
349 18 24
349 19 25
349 20 26
349 21 27
349 22 28
349 23 29
349 24 30
349 25 31
349 26 32
349 27 33
349 29 34
349 30 35
349 31 36
349 31 37
349 32 38
349 34 39
349 35 40
349 36 41
349 37 42
349 37 43
349 38 44
349 39 45
349 40 46
349 41 47
349 41 48
349 42 49
349 43 50
349 44 51
349 45 52
349 46 53
349 47 54
349 47 55
349 47 56
349 48 49
349 48 55
349 48 57
349 50 58
349 51 59
349 52 60
349 53 61
349 54 62
349 56 63
349 57 64
349 57 65
349 58 66
349 60 67
349 60 68
349 61 69
349 62 70
349 63 71
349 64 72
349 65 73
349 66 74
349 67 75
349 68 76
349 69 77
349 69 78
349 70 79
349 71 80
349 72 81
349 73 82
349 74 83
349 75 84
349 76 85
349 77 86
349 78 87
349 78 88
350 0 1
350 0 2
350 0 3
350 0 4
350 1 5
350 2 6
350 3 7
350 4 8
350 5 9
350 6 10
350 7 11
350 7 12
350 8 13
350 9 14
350 9 15
350 10 16
350 11 17
350 12 18
350 12 19
350 13 20
350 13 21
350 14 22
350 16 23
350 17 24
350 17 25
350 18 26
350 19 23
350 20 27
350 21 28
350 22 29
350 24 30
350 25 31
350 26 32
350 27 33
350 28 34
350 29 35
350 30 36
350 30 37
350 31 38
350 32 39
350 33 40
350 34 41
350 35 42
350 36 43
350 36 44
350 36 45
350 36 46
350 37 47
350 37 48
350 38 49
350 39 50
350 40 51
350 41 52
350 42 53
350 43 54
350 44 55
350 45 56
350 45 57
350 46 58
350 46 59
350 47 60
350 48 61
350 49 55
350 49 62
350 50 63
350 51 64
350 51 65
350 52 65
350 53 66
350 54 62
350 54 67
350 55 68
350 56 69
350 57 70
350 58 61
350 59 71
350 60 68
350 61 72
350 63 73
350 64 74
350 66 75
350 67 76
350 68 77
350 68 78
350 68 79
350 69 80
350 70 81
350 72 79
350 78 79
351 0 1
351 0 2
351 0 3
351 0 4
351 1 5
351 2 6
351 3 7
351 4 8
351 5 9
351 6 10
351 7 9
351 8 11
351 9 12
351 10 13
351 12 14
351 12 15
351 13 16
351 14 17
351 15 18
351 16 19
351 16 20
351 17 21
351 18 22
351 19 23
351 20 24
351 21 25
351 22 26
351 23 27
351 24 28
351 25 29
351 26 30
351 27 31
351 28 32
351 29 33
351 30 34
351 31 35
351 31 36
351 31 37
351 32 36
351 33 38
351 34 39
351 35 40
351 37 41
351 38 42
351 39 43
351 40 44
351 41 45
351 42 46
351 43 47
351 43 48
351 44 49
351 45 50
351 46 51
351 47 52
351 48 53
351 49 54
351 50 55
351 51 56
351 52 57
351 53 58
351 53 59
351 53 60
351 53 61
351 54 62
351 55 63
351 56 64
351 57 65
351 58 66
351 59 67
351 60 68
351 61 69
352 0 1
352 0 2
352 1 3
352 2 4
352 3 5
352 4 6
352 5 7
352 6 8
352 7 9
352 8 10
352 8 11
352 9 12
352 10 13
352 11 14
352 11 15
352 12 16
352 13 17
352 15 18
352 16 19
352 17 20
352 19 21
352 20 22
352 20 23
352 21 24
352 22 25
352 22 26
352 24 27
352 25 28
352 26 29
352 27 30
352 28 31
352 28 32
352 29 33
352 29 34
352 30 35
352 31 36
352 32 34
352 33 37
352 35 38
352 36 39
352 37 40
352 38 41
352 39 42
352 40 43
352 41 44
352 43 45
352 44 46
352 45 47
352 46 48
352 47 49
352 48 50
352 49 51
352 50 52
352 50 53
352 51 54
352 52 55
352 54 56
352 55 57
352 56 58
352 57 59
352 58 60
352 59 61
352 60 62
352 60 63
352 60 64
352 61 65
352 62 66
352 63 67
352 64 68
352 65 69
352 66 70
352 67 71
352 68 72
352 69 73
352 70 74
352 71 75
352 72 76
352 73 77
352 74 78
352 76 78
353 0 1
353 0 2
353 1 3
353 2 4
353 3 5
353 4 6
353 4 7
353 5 8
353 5 9
353 5 10
353 5 11
353 6 12
353 7 13
353 8 14
353 9 15
353 10 16
353 11 17
353 11 18
353 12 19
353 13 20
353 14 21
353 15 22
353 16 23
353 17 24
353 17 25
353 18 26
353 19 27
353 19 28
353 20 22
353 20 29
353 20 30
353 21 31
353 23 32
353 24 33
353 24 34
353 25 35
353 26 36
353 27 37
353 28 38
353 29 39
353 30 38
353 31 40
353 32 41
353 33 42
353 34 43
353 35 44
353 36 45
353 37 45
353 37 46
353 39 47
353 42 48
353 42 49
353 43 50
353 43 51
353 43 52
353 44 53
353 46 54
353 47 55
353 48 56
353 48 57
353 48 58
353 49 59
353 50 60
353 50 61
353 51 62
353 52 63
353 53 64
353 55 65
353 55 66
353 56 67
353 57 68
353 58 69
353 59 70
353 59 71
353 60 72
353 61 68
353 62 73
353 63 74
353 64 75
353 65 76
353 65 77
353 66 78
353 67 79
354 0 1
354 0 2
354 1 3
354 2 4
354 3 5
354 4 6
354 4 7
354 4 8
354 6 9
354 7 10
354 8 10
354 8 11
354 9 12
354 10 13
354 10 14
354 11 15
354 12 16
354 13 17
354 14 18
354 14 19
354 15 20
354 15 21
354 16 22
354 17 21
354 18 23
354 19 24
354 20 25
354 21 26
354 22 27
354 22 28
354 22 29
354 23 30
354 24 31
354 25 32
354 26 33
354 27 34
354 29 35
354 30 36
354 31 37
354 31 38
354 32 39
354 33 40
354 34 41
354 36 42
354 37 43
354 38 44
354 39 45
354 39 46
354 40 47
354 41 48
354 42 49
354 43 50
354 44 51
354 45 52
354 46 53
354 47 54
354 48 55
354 50 56
354 51 57
354 52 58
354 53 59
354 54 60
354 55 61
354 55 62
354 56 63
354 57 64
354 58 65
354 59 66
354 60 67
354 61 68
354 62 69
355 0 1
355 0 2
355 1 3
355 1 4
355 2 5
355 2 6
355 3 7
355 4 8
355 4 9
355 5 10
355 6 11
355 7 11
355 7 12
355 9 13
355 10 14
355 12 15
355 13 16
355 14 17
355 15 18
355 16 19
355 17 20
355 18 21
355 19 22
355 19 23
355 20 24
355 22 25
355 23 26
355 23 27
355 24 28
355 25 29
355 26 30
355 28 31
355 29 32
355 31 33
355 32 34
355 33 35
355 34 36
355 35 37
355 36 38
355 37 39
355 38 40
355 39 41
355 39 42
355 39 43
355 40 44
355 41 45
355 42 46
355 43 47
355 44 48
355 45 49
355 46 50
355 47 51
355 48 52
355 49 53
355 50 54
355 51 55
355 52 56
355 53 57
355 54 58
355 55 57
355 55 59
355 56 60
355 58 61
355 59 62
355 60 63
355 61 64
355 62 65
355 63 66
355 65 67
355 66 68
355 67 69
355 68 70
355 69 71
355 69 72
355 69 73
355 70 74
355 71 75
355 72 76
355 73 77
355 74 78
355 75 79
355 77 79
356 0 1
356 0 2
356 2 3
356 3 4
356 4 5
356 5 6
356 6 7
356 7 8
356 7 9
356 8 10
356 9 11
356 10 12
356 11 13
356 12 14
356 14 15
356 15 16
356 16 17
356 16 18
356 17 19
356 18 20
356 19 21
356 19 22
356 20 23
356 21 24
356 22 25
356 22 26
356 23 27
356 24 28
356 24 29
356 25 30
356 27 31
356 28 32
356 28 33
356 29 34
356 30 33
356 30 35
356 31 36
356 32 37
356 34 38
356 35 39
356 36 40
356 37 41
356 39 42
356 40 43
356 41 44
356 41 45
356 44 46
356 45 47
356 46 48
356 47 49
356 47 50
356 48 51
356 49 52
356 50 53
356 50 54
356 51 52
356 52 55
356 53 56
356 54 57
356 55 58
356 56 59
356 57 60
356 58 61
356 59 62
356 60 63
356 62 64
356 62 65
356 63 66
356 64 67
356 64 68
356 65 69
356 65 70
356 66 71
356 67 72
356 68 73
356 69 74
356 70 75
356 71 74
356 72 76
356 72 77
356 73 78
356 75 79
356 75 80
356 76 81
357 0 1
357 0 2
357 0 3
357 1 4
357 2 5
357 3 6
357 3 7
357 4 8
357 5 9
357 6 10
357 7 11
357 8 12
357 9 13
357 10 14
357 10 15
357 10 16
357 11 17
357 11 18
357 12 19
357 13 20
357 14 21
357 15 22
357 16 19
357 17 23
357 18 24
357 20 25
357 21 26
357 22 27
357 23 28
357 24 29
357 24 30
357 25 31
357 26 32
357 26 33
357 27 34
357 27 35
357 28 36
357 29 37
357 29 38
357 29 39
357 29 40
357 30 41
357 30 42
357 31 43
357 32 44
357 34 45
357 35 46
357 36 47
357 36 48
357 37 47
357 38 49
357 39 50
357 39 51
357 40 52
357 40 53
357 41 54
357 42 55
357 43 56
357 44 57
357 45 58
357 46 59
357 47 60
357 48 49
357 49 61
357 50 62
357 51 63
357 52 55
357 53 64
357 54 60
357 55 65
357 56 66
357 57 67
357 58 68
357 59 69
357 60 70
357 60 71
357 60 72
357 61 73
357 62 74
357 63 75
357 65 72
357 70 72
358 0 1
358 0 2
358 0 3
358 0 4
358 1 5
358 2 6
358 3 7
358 4 8
358 4 9
358 5 10
358 6 11
358 7 12
358 8 13
358 9 14
358 10 15
358 11 16
358 12 17
358 13 18
358 13 19
358 14 20
358 14 21
358 15 22
358 15 23
358 17 24
358 18 25
358 19 26
358 20 27
358 20 28
358 21 23
358 22 24
358 23 29
358 23 30
358 25 31
358 26 32
358 26 33
358 27 34
358 27 35
358 28 36
358 29 37
358 30 38
358 31 39
358 32 40
358 32 41
358 33 42
358 34 43
358 35 44
358 35 45
358 35 46
358 35 47
358 36 48
358 37 49
358 38 50
358 39 51
358 40 52
358 40 53
358 41 54
358 42 55
358 43 56
358 44 57
358 45 58
358 46 59
358 47 60
358 48 61
358 51 62
358 51 63
358 52 64
358 53 65
358 54 66
358 55 67
358 56 68
358 57 69
358 58 70
358 59 71
358 60 72
358 61 73
358 62 74
359 0 1
359 1 2
359 2 3
359 3 4
359 3 5
359 4 6
359 5 7
359 5 8
359 7 9
359 8 10
359 9 11
359 10 12
359 11 13
359 12 14
359 13 15
359 14 16
359 15 17
359 16 18
359 17 19
359 18 20
359 19 21
359 20 22
359 21 23
359 22 24
359 23 25
359 25 26
359 25 27
359 26 28
359 27 29
359 28 30
359 29 31
359 29 32
359 30 33
359 31 34
359 32 35
359 33 36
359 34 37
359 35 38
359 36 39
359 37 40
359 38 41
359 39 42
359 40 43
359 41 44
359 41 45
359 42 46
359 43 47
359 44 48
359 45 49
359 46 50
359 47 51
359 47 52
359 49 53
359 50 54
359 50 55
359 51 56
359 52 57
359 54 58
359 55 59
359 56 60
359 57 61
359 58 62
359 59 63
359 60 64
359 61 65
359 62 66
359 63 67
359 64 68
359 65 69
359 65 70
359 66 71
359 67 72
359 68 73
359 69 74
359 70 75
359 70 76
359 71 77
360 0 1
360 0 2
360 0 3
360 0 4
360 0 5
360 1 6
360 1 7
360 2 8
360 3 9
360 3 10
360 4 11
360 5 12
360 5 13
360 6 14
360 7 15
360 7 16
360 8 17
360 8 18
360 9 19
360 10 20
360 11 21
360 11 22
360 12 23
360 13 24
360 14 25
360 14 26
360 15 23
360 16 27
360 17 28
360 18 22
360 19 29
360 20 30
360 21 27
360 21 31
360 21 32
360 21 33
360 22 34
360 23 35
360 24 36
360 25 37
360 26 38
360 28 39
360 29 40
360 30 41
360 31 32
360 32 35
360 34 38
360 36 42
360 37 43
360 37 44
360 39 45
360 39 46
360 40 47
360 40 48
360 41 49
360 42 50
360 42 51
360 43 52
360 44 53
360 44 54
360 45 55
360 46 56
360 46 57
360 47 58
360 48 59
360 49 59
360 50 60
360 51 61
360 51 62
360 52 63
360 52 64
360 52 65
360 53 66
360 54 67
360 56 68
360 57 69
360 58 70
360 59 70
360 60 71
360 61 72
360 61 73
360 62 74
360 63 75
360 64 76
360 65 77
360 66 78
360 67 79
360 68 80
360 69 81
360 71 82
360 72 83
361 0 1
361 0 2
361 1 3
361 2 4
361 2 5
361 3 6
361 4 7
361 5 8
361 5 9
361 6 10
361 7 11
361 8 12
361 8 13
361 9 14
361 10 15
361 10 16
361 11 17
361 12 18
361 12 19
361 13 20
361 14 21
361 15 22
361 16 23
361 17 24
361 17 25
361 18 21
361 19 26
361 19 27
361 20 21
361 22 28
361 22 29
361 23 30
361 23 31
361 24 32
361 25 33
361 25 34
361 25 35
361 25 36
361 26 37
361 27 38
361 28 39
361 29 40
361 29 41
361 29 42
361 30 37
361 30 43
361 31 44
361 32 45
361 32 46
361 33 47
361 33 48
361 34 49
361 34 50
361 35 51
361 36 52
361 37 53
361 38 54
361 39 55
361 39 56
361 40 57
361 41 58
361 42 59
361 43 60
361 44 61
361 45 50
361 46 62
361 47 63
361 48 64
361 49 65
361 50 66
361 51 67
361 51 68
361 52 69
361 52 70
361 53 71
361 54 72
361 54 73
361 62 67
361 68 69
362 0 1
362 0 2
362 1 3
362 2 4
362 2 5
362 2 6
362 3 7
362 4 8
362 5 9
362 6 10
362 7 11
362 8 12
362 9 13
362 10 14
362 11 15
362 12 16
362 13 17
362 14 15
362 15 18
362 16 19
362 17 20
362 18 21
362 19 22
362 20 23
362 21 24
362 22 25
362 23 26
362 24 27
362 25 28
362 27 29
362 28 30
362 29 31
362 29 32
362 29 33
362 30 34
362 31 35
362 32 36
362 33 37
362 34 38
362 35 39
362 36 39
362 37 40
362 38 41
362 39 42
362 41 43
362 41 44
362 42 45
362 42 46
362 43 47
362 44 48
362 45 49
362 46 50
362 47 51
362 47 52
362 48 53
362 49 54
362 50 55
362 51 53
362 52 56
362 52 57
362 53 58
362 54 59
362 55 60
362 56 61
362 58 62
362 59 63
362 60 64
362 61 65
362 62 66
362 63 67
362 64 68
362 65 69
362 66 70
362 67 71
362 68 72
362 69 73
362 69 74
363 0 1
363 0 2
363 1 3
363 1 4
363 3 5
363 4 6
363 5 7
363 5 8
363 6 9
363 7 10
363 8 11
363 9 12
363 10 13
363 11 14
363 12 15
363 13 16
363 13 17
363 14 18
363 15 19
363 15 20
363 16 21
363 17 22
363 18 22
363 18 23
363 18 24
363 19 25
363 19 26
363 20 27
363 20 28
363 20 29
363 20 30
363 21 31
363 23 32
363 24 33
363 25 34
363 26 35
363 26 36
363 27 37
363 28 31
363 29 38
363 30 33
363 32 39
363 34 40
363 35 41
363 36 42
363 37 43
363 38 44
363 39 45
363 40 46
363 41 47
363 41 48
363 42 49
363 42 50
363 42 51
363 43 52
363 44 53
363 45 54
363 45 55
363 46 56
363 47 57
363 47 58
363 47 59
363 48 60
363 49 61
363 50 62
363 50 63
363 51 64
363 52 65
363 53 66
363 54 67
363 55 68
363 55 69
363 56 70
363 57 71
363 58 72
363 59 73
363 60 74
363 60 75
363 61 76
363 62 71
363 63 77
363 64 78
363 67 79
364 0 1
364 0 2
364 1 3
364 2 4
364 3 5
364 5 6
364 6 7
364 7 8
364 8 9
364 9 10
364 10 11
364 11 12
364 12 13
364 13 14
364 13 15
364 14 16
364 14 17
364 15 18
364 16 19
364 17 20
364 18 21
364 19 22
364 20 23
364 20 24
364 21 25
364 22 26
364 23 27
364 24 28
364 25 29
364 26 30
364 27 31
364 28 32
364 29 33
364 30 34
364 31 35
364 31 36
364 32 37
364 33 38
364 34 37
364 35 39
364 36 40
364 36 41
364 38 42
364 39 43
364 39 44
364 40 45
364 41 46
364 41 47
364 42 48
364 43 49
364 44 50
364 44 51
364 45 52
364 45 53
364 46 52
364 47 54
364 47 55
364 48 56
364 49 57
364 50 58
364 51 59
364 51 60
364 53 54
364 55 61
364 55 62
364 56 63
364 57 64
364 58 65
364 59 66
364 60 67
364 61 68
364 62 69
364 63 70
364 65 71
364 66 72
364 66 73
364 67 74
364 68 75
364 69 76
364 70 77
364 73 75
365 0 1
365 0 2
365 1 3
365 1 4
365 1 5
365 1 6
365 2 7
365 2 8
365 3 9
365 4 10
365 5 11
365 6 12
365 7 13
365 8 14
365 9 15
365 10 16
365 11 17
365 12 18
365 13 19
365 14 20
365 15 21
365 16 22
365 17 23
365 18 24
365 19 25
365 20 26
365 21 27
365 22 28
365 23 29
365 24 30
365 25 31
365 26 32
365 28 33
365 29 34
365 30 35
365 31 36
365 32 37
365 33 38
365 34 39
365 35 40
365 36 41
365 37 42
365 38 43
365 38 44
365 39 45
365 40 46
365 41 47
365 42 48
365 43 49
365 44 50
365 45 51
365 47 52
365 47 53
365 48 54
365 49 55
365 50 56
365 51 57
365 52 58
365 53 59
365 53 60
365 54 61
365 55 62
365 56 63
365 57 64
365 58 65
365 59 66
365 60 67
365 61 68
365 62 63
365 64 69
365 65 70
365 66 71
365 67 71
365 68 72
365 69 73
365 70 74
365 71 75
365 71 76
365 72 77
365 73 78
365 74 79
365 75 80
366 0 1
366 0 2
366 1 3
366 2 4
366 2 5
366 2 6
366 3 7
366 4 8
366 5 9
366 6 10
366 7 11
366 7 12
366 8 13
366 8 14
366 9 15
366 10 16
366 11 17
366 12 18
366 12 19
366 13 20
366 14 21
366 15 22
366 16 20
366 17 23
366 18 24
366 19 25
366 22 26
366 23 27
366 24 28
366 25 29
366 26 30
366 26 31
366 27 32
366 27 33
366 27 34
366 28 35
366 29 35
366 30 36
366 31 37
366 32 38
366 33 39
366 34 40
366 35 41
366 36 42
366 37 43
366 38 44
366 39 45
366 40 46
366 41 47
366 41 48
366 42 49
366 43 50
366 44 51
366 44 52
366 45 53
366 46 54
366 47 55
366 48 56
366 49 57
366 50 58
366 51 59
366 52 60
366 53 60
366 53 61
366 54 62
366 54 63
366 54 64
366 54 65
366 56 66
366 57 67
366 59 68
366 61 69
366 62 70
366 62 71
366 63 68
366 64 72
366 65 73
366 66 74
366 66 75
366 67 76
366 69 77
366 69 78
367 0 1
367 0 2
367 1 3
367 2 4
367 2 5
367 3 6
367 4 7
367 6 8
367 7 9
367 8 10
367 9 11
367 10 12
367 11 13
367 12 14
367 13 15
367 14 16
367 15 17
367 15 18
367 15 19
367 16 20
367 17 21
367 18 22
367 19 23
367 20 24
367 21 25
367 22 26
367 23 27
367 24 28
367 25 29
367 26 30
367 27 31
367 28 32
367 30 33
367 31 34
367 32 35
367 33 36
367 34 37
367 35 38
367 36 39
367 37 40
367 37 41
367 38 42
367 39 43
367 40 44
367 41 45
367 42 46
367 42 47
367 42 48
367 43 49
367 44 50
367 45 51
367 46 52
367 47 53
367 48 54
367 48 55
367 49 56
367 50 57
367 51 58
367 52 59
367 53 60
367 54 60
367 55 61
367 56 62
367 57 63
367 58 64
367 59 65
367 60 66
367 61 67
367 62 68
367 63 69
367 64 70
367 65 71
367 67 72
367 68 73
367 69 74
367 70 75
367 71 76
367 72 77
367 73 78
367 74 79
367 75 80
367 76 81
367 77 78
368 0 1
368 0 2
368 1 3
368 2 4
368 3 5
368 4 6
368 5 7
368 6 8
368 7 9
368 8 10
368 9 11
368 10 12
368 10 13
368 10 14
368 10 15
368 11 16
368 12 17
368 13 18
368 14 19
368 15 20
368 16 21
368 17 22
368 18 23
368 19 24
368 20 25
368 20 26
368 21 27
368 22 28
368 23 29
368 24 30
368 25 31
368 26 32
368 27 33
368 28 34
368 29 35
368 30 36
368 31 37
368 32 38
368 33 39
368 35 40
368 36 41
368 37 42
368 38 43
368 39 44
368 40 45
368 41 46
368 42 47
368 43 48
368 44 49
368 45 50
368 46 51
368 46 52
368 47 53
368 48 54
368 49 55
368 51 56
368 52 57
368 53 58
368 54 59
368 55 60
368 56 61
368 57 62
368 58 63
368 59 64
368 61 65
368 62 66
368 63 67
368 64 68
368 64 69
368 65 66
368 67 70
369 0 1
369 0 2
369 0 3
369 1 4
369 2 5
369 3 6
369 4 7
369 5 8
369 5 9
369 6 10
369 7 11
369 8 12
369 9 13
369 10 14
369 11 15
369 12 16
369 13 17
369 14 18
369 14 19
369 15 20
369 16 21
369 17 22
369 18 23
369 19 24
369 20 25
369 20 26
369 21 27
369 22 28
369 24 29
369 25 30
369 26 31
369 27 32
369 28 33
369 30 34
369 31 35
369 32 36
369 33 37
369 34 38
369 35 39
369 36 40
369 37 41
369 38 42
369 38 43
369 39 44
369 40 45
369 41 46
369 42 47
369 42 48
369 43 49
369 44 50
369 45 51
369 45 52
369 46 53
369 47 54
369 48 55
369 49 56
369 49 57
369 50 58
369 51 59
369 52 60
369 53 61
369 53 62
369 54 63
369 55 57
369 56 64
369 56 65
369 56 66
369 57 65
370 0 1
370 0 2
370 1 3
370 2 4
370 2 5
370 3 6
370 4 7
370 5 8
370 6 9
370 7 10
370 8 11
370 9 12
370 10 13
370 11 14
370 12 15
370 13 16
370 14 17
370 15 18
370 16 19
370 17 20
370 18 21
370 19 22
370 20 23
370 21 24
370 21 25
370 22 26
370 23 27
370 24 28
370 25 29
370 27 30
370 27 31
370 27 32
370 28 33
370 29 34
370 29 35
370 30 36
370 30 37
370 31 38
370 32 39
370 33 40
370 34 41
370 35 42
370 36 43
370 37 44
370 38 43
370 39 45
370 40 46
370 41 47
370 42 48
370 43 49
370 44 50
370 45 51
370 46 52
370 47 53
370 48 54
370 50 55
370 51 56
370 52 57
370 53 58
370 53 59
370 54 60
370 55 61
370 56 62
370 57 63
370 58 64
370 59 65
370 60 66
370 61 67
370 61 68
370 62 69
370 63 70
370 64 71
370 66 72
370 66 73
370 67 74
370 67 75
370 68 76
370 69 77
370 70 78
370 72 79
370 73 80
370 74 81
370 75 82
370 76 83
370 77 84
370 78 85
371 0 1
371 1 2
371 2 3
371 3 4
371 4 5
371 5 6
371 6 7
371 7 8
371 8 9
371 8 10
371 9 11
371 10 12
371 11 13
371 12 14
371 13 15
371 14 16
371 15 17
371 15 18
371 16 19
371 17 20
371 18 21
371 18 22
371 19 23
371 20 24
371 20 25
371 21 26
371 22 27
371 23 28
371 23 29
371 24 30
371 24 31
371 24 32
371 25 26
371 25 32
371 25 33
371 27 34
371 28 35
371 29 36
371 30 37
371 31 38
371 33 39
371 33 40
371 34 41
371 35 42
371 36 43
371 36 44
371 37 45
371 38 46
371 39 47
371 40 48
371 41 49
371 42 50
371 43 51
371 44 52
371 45 53
371 46 54
371 47 55
371 48 56
371 49 57
371 50 58
371 50 59
371 51 60
371 52 61
371 53 62
371 54 63
371 55 64
371 55 65
371 56 66
371 57 67
371 58 68
371 59 69
371 60 70
371 61 71
371 62 72
371 62 73
371 62 74
371 64 75
371 65 76
371 66 77
371 67 78
371 68 79
371 70 80
371 71 81
372 0 1
372 0 2
372 1 3
372 2 4
372 3 5
372 4 6
372 6 7
372 7 8
372 8 9
372 9 10
372 10 11
372 11 12
372 12 13
372 13 14
372 14 15
372 15 16
372 16 17
372 17 18
372 17 19
372 18 20
372 19 21
372 20 22
372 21 23
372 22 24
372 23 25
372 24 26
372 25 27
372 27 28
372 27 29
372 27 30
372 28 31
372 29 32
372 30 33
372 31 34
372 31 35
372 32 36
372 33 37
372 34 38
372 35 39
372 36 38
372 37 40
372 40 41
372 40 42
372 41 43
372 41 44
372 42 45
372 43 46
372 44 47
372 45 48
372 46 49
372 47 50
372 48 51
372 49 52
372 50 52
372 51 53
372 51 54
372 51 55
372 52 56
372 53 57
372 54 58
372 55 59
372 56 60
372 56 61
372 57 62
372 58 63
372 59 64
372 60 65
372 61 66
372 62 67
372 63 68
372 64 69
372 64 70
372 66 71
372 67 72
372 67 73
372 68 74
372 68 75
372 68 76
372 68 77
372 69 78
372 70 73
372 71 79
372 71 80
372 72 81
372 74 82
372 74 83
373 0 1
373 0 2
373 1 3
373 2 4
373 4 5
373 5 6
373 5 7
373 5 8
373 5 9
373 6 10
373 7 11
373 7 12
373 8 13
373 9 14
373 10 15
373 11 16
373 12 17
373 12 18
373 13 19
373 14 20
373 15 21
373 16 22
373 17 23
373 18 24
373 18 25
373 19 26
373 20 27
373 21 28
373 22 29
373 23 30
373 24 31
373 25 32
373 26 33
373 27 34
373 27 35
373 27 36
373 29 37
373 30 38
373 31 39
373 31 40
373 31 41
373 32 42
373 32 43
373 33 44
373 33 45
373 34 44
373 35 46
373 36 47
373 37 48
373 37 49
373 38 50
373 39 51
373 39 52
373 40 53
373 41 54
373 42 55
373 43 56
373 43 57
373 43 58
373 45 59
373 46 60
373 47 61
373 48 62
373 49 63
373 50 64
373 51 65
373 52 66
373 53 67
373 54 68
373 55 69
373 57 66
373 59 62
373 61 62
374 0 1
374 0 2
374 1 3
374 2 4
374 3 5
374 3 6
374 4 7
374 5 8
374 6 9
374 7 10
374 8 11
374 9 12
374 9 13
374 10 14
374 11 15
374 11 16
374 12 17
374 13 18
374 13 19
374 14 20
374 15 21
374 15 22
374 16 23
374 17 20
374 18 24
374 19 25
374 21 26
374 21 27
374 22 28
374 23 29
374 23 30
374 24 31
374 25 32
374 26 33
374 27 34
374 27 35
374 28 33
374 28 36
374 29 37
374 29 38
374 30 39
374 31 40
374 32 41
374 34 36
374 35 42
374 35 43
374 37 44
374 38 45
374 38 46
374 39 47
374 40 48
374 41 49
374 42 50
374 43 51
374 44 52
374 45 53
374 46 54
374 47 55
374 48 56
374 49 57
374 50 58
374 51 59
374 52 60
374 53 61
374 53 62
374 54 63
374 56 64
374 57 65
374 58 61
374 59 66
374 60 67
374 60 68
374 62 69
374 63 70
375 0 1
375 0 2
375 1 3
375 2 4
375 3 5
375 4 6
375 4 7
375 5 8
375 6 9
375 6 10
375 7 11
375 7 12
375 8 13
375 9 14
375 10 15
375 11 16
375 12 17
375 12 18
375 12 19
375 12 20
375 13 21
375 14 22
375 14 23
375 14 24
375 15 25
375 15 26
375 16 27
375 17 28
375 18 29
375 19 30
375 20 31
375 22 32
375 23 33
375 24 34
375 24 35
375 25 36
375 26 37
375 26 38
375 26 39
375 27 40
375 28 41
375 29 42
375 30 43
375 31 44
375 32 45
375 33 46
375 34 47
375 35 48
375 36 49
375 36 50
375 37 51
375 38 52
375 39 48
375 40 53
375 41 54
375 42 55
375 43 56
375 44 57
375 47 58
375 49 59
375 50 60
375 51 61
375 52 62
375 53 63
375 53 64
375 54 65
375 55 66
375 56 67
375 56 68
375 56 69
375 57 70
375 58 62
375 59 71
375 60 72
375 60 73
375 61 74
375 63 75
375 64 76
376 0 1
376 0 2
376 0 3
376 1 4
376 2 5
376 2 6
376 2 7
376 3 6
376 3 8
376 3 9
376 4 10
376 4 11
376 5 12
376 7 13
376 8 14
376 8 15
376 9 16
376 10 17
376 11 16
376 11 18
376 12 19
376 13 20
376 14 21
376 15 22
376 17 23
376 18 24
376 19 25
376 20 26
376 21 27
376 22 28
376 23 29
376 24 30
376 25 31
376 26 32
376 27 33
376 27 34
376 28 35
376 29 36
376 29 37
376 30 38
376 32 39
376 32 40
376 32 41
376 33 42
376 34 43
376 35 44
376 36 45
376 37 46
376 38 47
376 40 48
376 41 49
376 42 50
376 43 51
376 44 52
376 45 53
376 46 54
376 47 55
376 49 56
376 50 57
376 51 58
376 53 59
376 54 60
376 55 61
376 56 62
376 57 63
376 58 64
376 59 65
376 60 66
376 61 67
376 62 68
377 0 1
377 0 2
377 1 3
377 2 4
377 3 5
377 4 6
377 5 7
377 5 8
377 6 9
377 7 10
377 8 11
377 9 12
377 10 13
377 11 14
377 12 15
377 13 16
377 14 17
377 15 18
377 16 19
377 17 20
377 18 21
377 19 22
377 20 23
377 21 24
377 22 25
377 23 26
377 23 27
377 23 28
377 25 29
377 26 30
377 27 31
377 28 32
377 29 33
377 30 34
377 31 35
377 32 36
377 33 37
377 34 38
377 35 39
377 36 40
377 37 41
377 38 42
377 39 43
377 41 44
377 41 45
377 42 46
377 43 47
377 44 48
377 45 49
377 46 50
377 46 51
377 47 52
377 48 53
377 49 54
377 49 55
377 50 56
377 52 57
377 53 58
377 54 59
377 55 60
377 56 61
377 57 62
377 58 63
377 59 64
377 60 65
377 61 66
377 62 67
377 63 68
377 64 69
377 64 70
377 64 71
377 65 72
377 66 73
377 67 74
377 68 75
377 69 76
377 70 77
377 71 78
377 72 79
377 73 80
377 74 81
377 75 82
377 76 83
377 77 84
377 78 85
377 79 86
377 80 87
378 0 1
378 0 2
378 1 3
378 2 4
378 3 5
378 5 6
378 6 7
378 7 8
378 7 9
378 7 10
378 8 11
378 9 12
378 10 13
378 11 14
378 12 15
378 13 16
378 14 17
378 15 18
378 16 19
378 17 20
378 18 21
378 19 21
378 19 22
378 20 23
378 22 24
378 23 25
378 24 26
378 25 27
378 26 28
378 27 29
378 28 30
378 29 31
378 30 32
378 30 33
378 30 34
378 31 35
378 32 36
378 33 37
378 34 38
378 35 39
378 36 40
378 37 40
378 38 41
378 39 42
378 39 43
378 40 44
378 42 45
378 43 46
378 44 47
378 44 48
378 45 49
378 46 50
378 46 51
378 47 52
378 48 53
378 49 50
378 49 54
378 51 55
378 51 56
378 52 57
378 53 58
378 54 59
378 55 60
378 57 61
378 58 62
378 59 63
378 60 64
378 61 65
378 62 66
378 63 67
378 64 68
378 65 69
379 0 1
379 1 2
379 2 3
379 3 4
379 4 5
379 5 6
379 6 7
379 7 8
379 8 9
379 9 10
379 10 11
379 11 12
379 12 13
379 12 14
379 13 15
379 14 16
379 15 17
379 16 18
379 17 19
379 18 20
379 19 21
379 20 22
379 21 23
379 22 24
379 23 25
379 24 26
379 24 27
379 24 28
379 25 29
379 26 30
379 27 31
379 28 32
379 29 33
379 30 34
379 31 35
379 32 36
379 33 37
379 34 38
379 35 39
379 36 40
379 37 41
379 38 42
379 39 43
379 41 44
379 41 45
379 42 46
379 43 47
379 44 48
379 45 49
379 46 50
379 47 51
379 47 52
379 48 53
379 49 54
379 49 55
379 50 56
379 51 57
379 53 58
379 54 59
379 55 60
379 56 61
379 57 62
379 58 63
379 59 64
379 60 65
379 61 66
379 62 67
379 63 68
380 0 1
380 1 2
380 2 3
380 3 4
380 3 5
380 3 6
380 4 7
380 5 8
380 5 9
380 6 10
380 7 11
380 7 12
380 8 13
380 9 14
380 10 15
380 11 16
380 11 17
380 12 18
380 13 19
380 14 20
380 16 21
380 16 22
380 17 23
380 18 24
380 18 25
380 19 25
380 20 26
380 21 27
380 21 28
380 21 29
380 21 30
380 22 31
380 23 32
380 24 33
380 25 34
380 25 35
380 26 36
380 27 37
380 28 38
380 29 39
380 30 40
380 31 41
380 32 42
380 33 43
380 33 44
380 34 45
380 35 36
380 37 46
380 38 47
380 39 48
380 40 49
380 41 50
380 42 51
380 43 52
380 44 53
380 45 54
380 46 55
380 47 56
380 48 57
380 49 58
380 50 59
380 51 60
380 52 61
380 53 62
380 53 63
380 54 64
380 55 65
380 55 66
380 55 67
380 56 68
381 0 1
381 0 2
381 1 3
381 2 4
381 3 5
381 4 6
381 5 7
381 5 8
381 5 9
381 6 10
381 7 11
381 8 12
381 9 13
381 10 14
381 11 15
381 12 16
381 13 17
381 14 18
381 14 19
381 15 20
381 16 21
381 16 22
381 17 23
381 18 24
381 19 25
381 20 26
381 21 27
381 22 28
381 24 29
381 25 30
381 26 31
381 27 32
381 28 33
381 28 34
381 29 35
381 30 36
381 31 37
381 32 38
381 33 39
381 34 40
381 35 41
381 36 42
381 37 43
381 38 44
381 39 45
381 40 46
381 41 47
381 42 48
381 43 49
381 44 50
381 45 51
381 46 52
381 47 53
381 49 54
381 51 55
381 52 53
381 54 56
381 55 57
381 56 58
381 57 59
381 58 60
381 59 61
381 60 62
381 61 63
381 62 64
381 63 65
381 64 66
381 65 67
381 66 68
381 67 69
381 67 70
381 68 71
381 69 72
381 70 73
381 71 74
381 72 75
381 73 76
381 74 77
381 75 78
381 76 79
381 77 80
381 78 81
381 79 82
381 80 83
381 81 84
381 82 85
381 83 86
381 84 87
381 84 88
382 0 1
382 0 2
382 1 3
382 2 4
382 3 5
382 4 6
382 5 7
382 6 8
382 7 9
382 8 10
382 9 11
382 10 12
382 10 13
382 11 14
382 12 15
382 13 16
382 14 17
382 15 18
382 16 19
382 17 20
382 19 21
382 20 22
382 21 23
382 22 24
382 23 25
382 24 26
382 25 27
382 26 28
382 27 29
382 28 30
382 29 31
382 30 32
382 31 33
382 32 34
382 33 35
382 34 36
382 35 37
382 36 38
382 37 39
382 38 40
382 39 41
382 40 42
382 42 43
382 43 44
382 44 45
382 45 46
382 46 47
382 47 48
382 48 49
382 49 50
382 50 51
382 51 52
382 52 53
382 53 54
382 54 55
382 55 56
382 56 57
382 56 58
382 56 59
382 57 60
382 58 61
382 59 62
382 60 63
382 61 64
382 62 65
382 63 66
382 64 67
382 64 68
382 65 69
383 0 1
383 0 2
383 0 3
383 1 4
383 1 5
383 2 6
383 2 7
383 3 8
383 4 9
383 4 10
383 5 11
383 6 12
383 7 13
383 7 14
383 8 12
383 9 15
383 10 16
383 11 12
383 13 17
383 14 18
383 15 19
383 16 20
383 17 21
383 18 22
383 18 23
383 19 24
383 20 25
383 21 26
383 21 27
383 22 28
383 22 29
383 23 30
383 24 31
383 24 32
383 25 33
383 26 34
383 27 35
383 28 36
383 29 37
383 29 38
383 30 39
383 31 40
383 31 41
383 31 42
383 31 43
383 32 44
383 33 37
383 33 45
383 34 46
383 34 47
383 35 48
383 36 49
383 38 50
383 39 51
383 40 52
383 40 53
383 41 54
383 42 55
383 42 56
383 43 57
383 44 58
383 44 59
383 45 60
383 46 61
383 46 62
383 47 63
383 48 64
383 49 65
383 50 66
383 52 67
383 53 68
383 54 69
383 54 70
383 55 59
383 55 71
383 56 72
383 57 73
383 57 74
383 69 74
384 0 1
384 0 2
384 1 3
384 1 4
384 2 5
384 3 6
384 4 7
384 5 8
384 6 9
384 7 10
384 8 11
384 9 11
384 10 12
384 12 13
384 13 14
384 14 15
384 15 16
384 15 17
384 15 18
384 15 19
384 16 20
384 17 21
384 18 22
384 19 23
384 20 24
384 21 25
384 21 26
384 22 27
384 23 28
384 24 29
384 25 30
384 26 31
384 27 32
384 28 33
384 29 34
384 30 35
384 31 36
384 32 37
384 33 38
384 34 39
384 35 40
384 36 41
384 38 42
384 39 43
384 40 44
384 41 45
384 42 46
384 43 47
384 44 48
384 45 49
384 46 50
384 47 51
384 48 52
384 49 53
384 51 54
384 52 55
384 53 56
384 54 57
384 55 58
384 55 59
384 56 60
384 57 61
384 58 62
384 58 63
385 0 1
385 0 2
385 1 3
385 2 4
385 3 5
385 4 6
385 5 7
385 6 8
385 7 9
385 8 10
385 9 11
385 10 12
385 11 13
385 12 14
385 13 15
385 14 16
385 15 17
385 16 18
385 17 19
385 18 20
385 19 21
385 20 22
385 21 23
385 22 24
385 22 25
385 22 26
385 23 27
385 24 28
385 25 29
385 26 30
385 27 31
385 28 32
385 29 33
385 30 34
385 31 35
385 32 36
385 32 37
385 33 38
385 34 39
385 35 40
385 36 41
385 37 42
385 39 43
385 40 44
385 41 45
385 41 46
385 42 47
385 43 48
385 44 49
385 45 50
385 46 51
385 47 52
385 48 53
385 49 54
385 50 55
385 51 56
385 52 57
385 53 58
385 54 59
385 55 60
385 56 61
385 57 62
385 58 63
385 58 64
385 59 65
385 60 66
385 61 67
385 63 68
385 64 69
385 65 70
385 66 71
385 67 72
385 68 73
385 69 74
385 70 75
385 71 76
385 72 77
385 73 78
385 77 78
386 0 1
386 0 2
386 1 3
386 2 4
386 3 5
386 4 6
386 4 7
386 5 8
386 6 9
386 6 10
386 7 11
386 8 12
386 9 13
386 10 14
386 11 15
386 12 16
386 13 17
386 14 18
386 14 19
386 15 20
386 16 21
386 17 22
386 19 23
386 20 24
386 21 25
386 22 26
386 24 27
386 24 28
386 25 29
386 27 30
386 27 31
386 27 32
386 28 33
386 29 34
386 30 35
386 31 36
386 32 37
386 33 35
386 33 38
386 34 39
386 36 40
386 37 41
386 39 42
386 40 43
386 41 44
386 42 45
386 43 46
386 44 47
386 45 48
386 45 49
386 45 50
386 46 51
386 47 52
386 48 53
386 49 54
386 50 55
386 51 56
386 52 57
386 53 58
386 54 59
386 55 60
386 56 61
386 57 62
386 58 63
386 59 64
386 60 65
386 61 66
386 61 67
387 0 1
387 0 2
387 1 3
387 2 4
387 3 5
387 3 6
387 3 7
387 4 8
387 5 9
387 6 10
387 7 11
387 8 12
387 8 13
387 9 14
387 10 15
387 11 16
387 11 17
387 12 18
387 13 19
387 14 20
387 15 21
387 16 22
387 17 20
387 18 23
387 19 24
387 21 25
387 21 26
387 23 27
387 24 28
387 25 29
387 25 30
387 26 31
387 27 32
387 28 33
387 29 34
387 30 35
387 31 36
387 32 37
387 34 38
387 35 39
387 36 40
387 37 41
387 38 42
387 39 42
387 40 43
387 40 44
387 40 45
387 41 46
387 42 47
387 43 48
387 44 49
387 45 50
387 46 51
387 47 52
387 47 53
387 48 54
387 49 55
387 50 56
387 51 57
387 52 58
387 53 59
387 54 60
387 55 61
387 55 62
387 56 63
387 57 64
388 0 1
388 0 2
388 1 3
388 2 4
388 3 5
388 4 6
388 5 7
388 6 8
388 7 9
388 8 10
388 9 11
388 10 12
388 11 13
388 12 14
388 13 15
388 14 16
388 15 17
388 16 18
388 17 19
388 18 20
388 19 21
388 20 22
388 21 23
388 22 24
388 23 25
388 24 26
388 25 27
388 26 28
388 27 29
388 28 30
388 30 31
388 31 32
388 32 33
388 33 34
388 34 35
388 35 36
388 36 37
388 37 38
388 38 39
388 39 40
388 40 41
388 41 42
388 41 43
388 42 44
388 42 45
388 43 46
388 44 47
388 45 48
388 46 49
388 47 50
388 48 51
388 48 52
388 49 53
388 50 54
388 51 55
388 52 56
388 53 57
388 54 58
388 55 59
388 56 60
388 57 61
388 58 62
388 59 63
388 59 64
388 60 65
388 61 66
388 62 65
388 63 67
388 63 68
388 64 69
388 66 70
388 67 71
388 68 72
388 68 73
388 69 74
388 69 75
388 70 76
388 71 77
389 0 1
389 0 2
389 1 3
389 2 4
389 3 5
389 4 6
389 5 7
389 6 8
389 7 9
389 8 10
389 9 11
389 10 12
389 11 13
389 12 14
389 13 15
389 14 16
389 15 17
389 16 18
389 17 19
389 18 20
389 19 21
389 20 22
389 21 23
389 22 24
389 23 25
389 24 26
389 25 27
389 26 28
389 27 29
389 28 30
389 29 31
389 30 32
389 30 33
389 31 34
389 32 35
389 33 36
389 34 37
389 35 38
389 36 39
389 37 40
389 38 41
389 40 42
389 41 43
389 42 44
389 43 45
389 44 46
389 45 47
389 46 48
389 47 49
389 48 50
389 49 51
389 50 52
389 50 53
389 50 54
389 51 55
389 52 56
389 53 57
389 54 58
389 55 59
389 56 60
389 57 61
389 58 62
389 59 63
389 60 64
389 61 65
389 62 66
389 62 67
389 63 68
389 65 69
389 66 70
389 67 71
389 68 72
390 0 1
390 1 2
390 2 3
390 3 4
390 4 5
390 5 6
390 6 7
390 7 8
390 8 9
390 9 10
390 10 11
390 11 12
390 12 13
390 12 14
390 13 15
390 14 16
390 15 17
390 16 18
390 17 19
390 18 20
390 19 21
390 20 22
390 21 23
390 22 24
390 23 25
390 24 26
390 24 27
390 24 28
390 25 29
390 26 30
390 27 31
390 28 32
390 29 33
390 30 34
390 31 35
390 32 36
390 33 37
390 34 38
390 35 39
390 36 40
390 37 41
390 38 42
390 40 43
390 41 44
390 41 45
390 42 46
390 43 47
390 44 48
390 45 49
390 46 50
390 46 51
390 47 52
390 48 53
390 49 54
390 49 55
390 51 56
390 52 57
390 53 58
390 54 59
390 55 60
390 56 61
390 57 62
390 58 63
390 59 64
390 60 65
390 61 66
390 62 67
390 63 68
390 64 69
390 64 70
390 64 71
390 65 72
390 66 73
390 67 74
390 68 75
391 0 1
391 0 2
391 0 3
391 1 4
391 2 5
391 3 6
391 4 7
391 4 8
391 5 9
391 5 10
391 6 11
391 7 12
391 7 13
391 7 14
391 8 15
391 9 16
391 10 17
391 10 18
391 11 19
391 12 20
391 13 21
391 14 22
391 15 23
391 15 24
391 16 25
391 17 26
391 18 27
391 18 28
391 19 29
391 20 30
391 21 31
391 22 32
391 23 33
391 24 34
391 24 35
391 25 36
391 26 37
391 27 38
391 28 39
391 29 40
391 29 41
391 30 42
391 31 43
391 32 44
391 33 42
391 33 45
391 33 46
391 34 47
391 35 48
391 35 49
391 36 50
391 37 51
391 38 52
391 39 53
391 39 54
391 40 55
391 41 56
391 41 57
391 42 58
391 44 59
391 45 60
391 46 61
391 47 62
391 48 63
391 49 64
391 49 65
391 49 66
391 49 67
391 50 68
391 51 69
391 51 70
391 52 71
391 53 56
391 53 72
391 54 73
391 55 74
391 56 75
391 58 59
392 0 1
392 0 2
392 1 3
392 1 4
392 2 5
392 3 6
392 5 7
392 6 8
392 7 9
392 8 10
392 9 11
392 10 12
392 11 13
392 11 14
392 11 15
392 12 16
392 13 17
392 14 18
392 15 19
392 16 20
392 17 21
392 18 22
392 19 23
392 20 24
392 21 25
392 22 26
392 23 27
392 24 28
392 25 29
392 27 30
392 28 31
392 29 32
392 30 33
392 31 34
392 32 35
392 33 36
392 33 37
392 34 38
392 35 39
392 36 40
392 37 41
392 38 42
392 39 43
392 40 44
392 41 45
392 42 46
392 43 47
392 44 48
392 45 49
392 46 50
392 47 51
392 48 52
392 49 53
392 50 54
392 51 55
392 52 56
392 53 57
392 54 58
392 54 59
392 54 60
392 55 61
392 56 62
392 57 63
392 58 64
392 59 65
392 59 66
392 60 67
392 61 68
392 62 69
393 0 1
393 0 2
393 1 3
393 2 4
393 3 5
393 4 6
393 5 7
393 6 8
393 8 9
393 9 10
393 10 11
393 11 12
393 12 13
393 13 14
393 13 15
393 14 16
393 15 17
393 15 18
393 16 19
393 17 20
393 18 21
393 19 22
393 20 23
393 20 24
393 21 25
393 22 26
393 23 27
393 24 28
393 25 29
393 26 30
393 27 31
393 28 32
393 29 33
393 30 34
393 31 35
393 32 36
393 32 37
393 33 38
393 34 39
393 35 38
393 36 40
393 37 41
393 37 42
393 39 43
393 40 44
393 40 45
393 41 46
393 41 47
393 42 48
393 43 49
393 44 50
393 44 51
393 45 52
393 46 53
393 47 54
393 47 55
393 48 53
393 48 56
393 49 57
393 50 58
393 51 59
393 51 60
393 52 61
393 54 62
393 54 63
393 55 56
394 0 1
394 0 2
394 1 3
394 1 4
394 1 5
394 2 6
394 3 7
394 4 8
394 5 9
394 6 10
394 7 11
394 8 12
394 9 13
394 10 14
394 11 15
394 12 16
394 13 17
394 13 18
394 14 19
394 16 20
394 17 21
394 18 22
394 19 23
394 20 24
394 21 25
394 21 26
394 22 27
394 23 28
394 24 29
394 25 30
394 26 31
394 27 32
394 28 33
394 29 34
394 30 35
394 31 36
394 32 37
394 33 38
394 34 39
394 34 40
394 35 41
394 36 42
394 37 43
394 38 44
394 39 45
394 40 46
394 41 47
394 42 48
394 44 49
394 45 50
394 46 51
394 47 52
394 48 53
394 49 54
394 50 55
394 51 56
394 52 57
394 53 58
394 54 59
394 55 58
394 56 60
394 57 61
394 59 62
394 60 63
394 61 64
394 62 65
394 64 66
394 65 67
394 66 68
394 67 69
394 68 70
394 68 71
394 69 72
394 70 73
394 71 74
394 72 75
395 0 1
395 0 2
395 1 3
395 2 4
395 3 5
395 3 6
395 4 7
395 4 8
395 5 9
395 5 10
395 6 11
395 7 12
395 8 13
395 9 14
395 9 15
395 9 16
395 9 17
395 10 18
395 11 19
395 11 20
395 12 18
395 12 21
395 13 22
395 13 23
395 15 24
395 16 17
395 16 25
395 18 20
395 18 26
395 18 27
395 19 28
395 21 24
395 21 29
395 22 30
395 23 31
395 23 32
395 25 33
395 26 34
395 26 35
395 27 36
395 27 37
395 28 38
395 29 33
395 30 39
395 30 40
395 30 41
395 31 42
395 32 43
395 33 37
395 34 44
395 35 45
395 36 46
395 38 47
395 38 48
395 39 49
395 40 50
395 41 51
395 42 52
395 43 53
395 44 54
395 45 55
395 46 56
395 47 57
395 47 58
395 48 59
395 49 60
395 50 61
395 51 62
395 52 63
395 53 60
395 54 64
395 55 65
395 56 66
395 57 67
395 58 68
395 61 69
395 61 70
395 62 71
395 62 72
395 63 73
395 64 74
395 64 75
395 65 76
395 66 77
395 66 78
395 67 79
395 68 80
396 0 1
396 0 2
396 0 3
396 1 4
396 2 5
396 3 6
396 3 7
396 4 8
396 5 8
396 6 9
396 7 10
396 8 11
396 8 12
396 9 13
396 10 14
396 11 15
396 12 16
396 13 17
396 14 18
396 15 19
396 16 20
396 17 21
396 18 22
396 20 23
396 21 24
396 22 25
396 23 26
396 24 27
396 25 28
396 26 29
396 26 30
396 27 31
396 28 32
396 29 33
396 30 34
396 31 35
396 31 36
396 32 37
396 33 38
396 34 39
396 35 40
396 36 41
396 37 42
396 38 43
396 39 44
396 40 45
396 40 46
396 40 47
396 40 48
396 41 49
396 42 50
396 43 51
396 43 52
396 43 53
396 44 52
396 45 54
396 46 55
396 47 56
396 48 57
396 49 58
396 50 59
396 51 60
396 53 61
396 54 62
396 55 63
396 56 64
396 57 65
396 58 66
396 59 67
396 60 68
396 61 69
396 62 70
396 63 71
396 64 72
396 65 73
397 0 1
397 0 2
397 1 3
397 2 4
397 3 5
397 4 6
397 4 7
397 5 8
397 6 9
397 7 10
397 8 9
397 10 11
397 11 12
397 12 13
397 13 14
397 14 15
397 15 16
397 15 17
397 15 18
397 15 19
397 16 20
397 17 21
397 18 22
397 19 23
397 20 24
397 21 25
397 22 26
397 22 27
397 23 28
397 24 29
397 25 30
397 26 31
397 27 32
397 28 33
397 29 34
397 30 35
397 31 36
397 32 37
397 33 38
397 34 39
397 35 40
397 36 41
397 37 42
397 39 43
397 40 44
397 41 45
397 42 46
397 43 47
397 44 48
397 45 49
397 46 50
397 47 51
397 49 52
397 50 53
397 51 54
397 52 55
397 53 56
397 54 57
397 55 58
397 55 59
397 56 60
397 57 61
397 58 62
397 58 63
397 59 64
397 60 65
397 61 66
397 62 67
398 0 1
398 0 2
398 1 3
398 1 4
398 2 5
398 3 6
398 4 7
398 5 8
398 6 9
398 7 10
398 8 11
398 9 12
398 10 13
398 11 14
398 11 15
398 11 16
398 12 17
398 13 18
398 14 19
398 15 20
398 16 21
398 17 22
398 19 23
398 20 24
398 21 25
398 21 26
398 22 27
398 23 28
398 24 29
398 25 30
398 26 28
398 27 31
398 29 32
398 29 33
398 31 34
398 32 35
398 32 36
398 33 37
398 34 38
398 35 39
398 36 40
398 37 41
398 38 42
398 39 43
398 40 44
398 41 45
398 42 46
398 43 47
398 44 47
398 45 48
398 45 49
398 45 50
398 46 51
398 47 52
398 48 53
398 49 54
398 50 55
398 51 56
398 52 57
398 52 58
398 53 59
398 54 60
398 55 61
398 56 62
398 57 63
398 58 64
398 59 65
398 60 66
398 61 67
398 61 68
398 62 69
398 64 70
398 65 71
398 65 72
398 66 73
398 66 74
398 66 75
398 66 76
398 67 77
398 68 71
398 69 78
398 70 79
398 70 80
398 72 81
399 0 1
399 0 2
399 1 3
399 2 4
399 3 5
399 3 6
399 4 7
399 5 8
399 6 9
399 7 10
399 8 11
399 9 12
399 10 13
399 11 14
399 13 15
399 14 16
399 15 17
399 16 18
399 17 19
399 18 20
399 19 21
399 20 22
399 21 23
399 22 24
399 23 25
399 24 26
399 25 27
399 26 28
399 28 29
399 29 30
399 30 31
399 31 32
399 32 33
399 33 34
399 34 35
399 35 36
399 36 37
399 37 38
399 38 39
399 39 40
399 40 41
399 41 42
399 42 43
399 43 44
399 44 45
399 45 46
399 46 47
399 47 48
399 48 49
399 49 50
399 50 51
399 51 52
399 52 53
399 53 54
399 54 55
399 55 56
399 56 57
399 56 58
399 56 59
399 57 60
399 58 61
399 59 62
399 60 63
399 61 64
399 62 65
399 63 66
399 64 67
399 65 68
399 65 69
399 66 70
400 0 1
400 0 2
400 1 3
400 2 4
400 2 5
400 3 6
400 3 7
400 3 8
400 4 9
400 4 10
400 5 11
400 6 9
400 6 12
400 7 13
400 7 14
400 8 12
400 10 15
400 11 16
400 12 17
400 12 18
400 13 19
400 14 20
400 15 21
400 16 22
400 17 23
400 18 24
400 19 25
400 20 26
400 21 27
400 22 28
400 23 29
400 24 30
400 25 31
400 26 32
400 26 33
400 27 34
400 27 35
400 28 36
400 29 37
400 30 38
400 31 39
400 32 40
400 33 41
400 34 42
400 35 43
400 36 44
400 37 45
400 38 46
400 39 47
400 40 48
400 41 49
400 42 50
400 43 51
400 44 52
400 46 53
400 46 54
400 46 55
400 48 56
400 49 57
400 50 58
400 51 59
400 52 60
400 53 61
400 55 62
400 56 63
400 57 64
400 58 65
400 59 66
400 60 67
400 62 68
400 63 69
400 63 70
400 64 70
400 65 71
400 66 72
400 67 73
400 68 74
400 69 75
400 71 76
400 72 77
400 72 78
400 73 79
400 74 80
400 75 81
400 76 82
400 77 83
400 78 84
401 0 1
401 0 2
401 1 3
401 2 4
401 3 5
401 4 6
401 4 7
401 5 8
401 6 9
401 7 10
401 8 11
401 9 12
401 10 13
401 11 14
401 12 15
401 13 16
401 14 17
401 15 18
401 16 19
401 17 20
401 17 21
401 18 22
401 19 23
401 20 24
401 21 25
401 22 26
401 23 27
401 24 28
401 24 29
401 25 30
401 26 31
401 27 32
401 28 33
401 29 34
401 30 35
401 32 36
401 32 37
401 32 38
401 33 39
401 34 40
401 35 41
401 36 42
401 36 43
401 37 44
401 38 45
401 39 46
401 40 47
401 41 48
401 42 49
401 43 50
401 44 50
401 45 51
401 46 52
401 47 53
401 47 54
401 48 55
401 49 56
401 50 57
401 51 58
401 52 59
401 53 60
401 54 61
401 55 62
401 56 63
401 58 64
401 59 65
401 59 66
401 61 67
401 62 68
401 63 69
401 64 70
401 65 71
401 66 72
401 68 73
401 69 74
401 69 75
401 70 76
401 71 77
401 72 78
401 73 79
401 73 80
402 0 1
402 0 2
402 0 3
402 1 4
402 2 5
402 3 6
402 4 7
402 4 8
402 5 8
402 6 9
402 7 10
402 9 11
402 10 12
402 11 13
402 12 14
402 13 14
402 14 15
402 15 16
402 15 17
402 15 18
402 15 19
402 16 20
402 16 21
402 17 22
402 17 23
402 18 24
402 19 25
402 20 26
402 21 27
402 22 28
402 22 29
402 23 30
402 24 31
402 24 32
402 25 33
402 25 34
402 26 29
402 26 35
402 27 36
402 28 37
402 30 38
402 30 39
402 31 37
402 31 40
402 31 41
402 31 42
402 32 33
402 32 43
402 34 44
402 35 41
402 36 45
402 38 46
402 39 47
402 41 42
402 43 46
402 44 48
402 45 49
402 45 50
402 47 51
402 47 52
402 48 53
402 48 54
402 49 55
402 50 56
402 50 57
402 51 58
402 51 59
402 52 60
402 53 61
402 54 62
402 54 63
402 55 64
402 56 65
402 56 66
402 57 67
402 58 68
402 59 69
402 60 70
402 60 71
402 60 72
402 62 73
402 63 74
402 64 75
402 65 76
402 66 77
402 66 78
402 67 79
402 68 80
402 76 79
402 78 79
403 0 1
403 0 2
403 1 3
403 2 4
403 3 5
403 3 6
403 4 7
403 5 8
403 6 9
403 7 10
403 8 11
403 9 12
403 10 13
403 12 14
403 14 15
403 15 16
403 16 17
403 16 18
403 17 19
403 18 20
403 19 21
403 20 22
403 20 23
403 21 24
403 22 25
403 22 26
403 23 27
403 24 28
403 26 29
403 27 30
403 27 31
403 28 32
403 29 33
403 29 34
403 30 35
403 31 34
403 31 36
403 32 37
403 33 38
403 35 39
403 36 40
403 37 41
403 38 42
403 40 43
403 43 44
403 43 45
403 44 46
403 45 47
403 46 48
403 47 49
403 47 50
403 48 51
403 49 52
403 49 53
403 50 54
403 51 54
403 52 55
403 53 56
403 54 57
403 55 58
403 56 59
403 57 60
403 58 61
403 59 62
403 60 63
403 61 64
403 61 65
403 62 66
403 64 67
403 64 68
403 65 69
403 65 70
403 66 71
403 67 72
403 68 73
403 69 74
403 70 75
403 71 73
403 72 76
403 72 77
403 74 78
403 75 79
403 75 80
403 76 81
403 77 82
404 0 1
404 0 2
404 1 3
404 1 4
404 2 5
404 3 6
404 4 7
404 4 8
404 5 9
404 6 10
404 7 11
404 8 12
404 9 10
404 9 13
404 12 14
404 13 15
404 13 16
404 14 17
404 14 18
404 15 19
404 16 20
404 17 21
404 18 22
404 19 23
404 20 24
404 21 25
404 21 26
404 22 27
404 22 28
404 22 29
404 22 30
404 23 31
404 24 32
404 25 33
404 26 27
404 26 34
404 28 35
404 28 36
404 29 37
404 29 38
404 30 39
404 30 40
404 31 41
404 31 42
404 31 43
404 32 44
404 32 45
404 32 46
404 33 47
404 34 48
404 34 49
404 34 50
404 34 51
404 35 52
404 36 53
404 37 54
404 38 55
404 39 56
404 39 57
404 40 58
404 41 59
404 42 60
404 43 61
404 44 62
404 45 63
404 46 64
404 47 58
404 49 51
404 49 65
404 50 57
404 52 66
404 53 56
404 53 65
404 54 67
404 55 68
404 58 69
404 59 70
404 60 71
404 61 72
404 62 73
404 63 74
404 63 75
405 0 1
405 0 2
405 2 3
405 3 4
405 4 5
405 5 6
405 6 7
405 7 8
405 8 9
405 8 10
405 8 11
405 8 12
405 9 13
405 10 14
405 11 15
405 12 16
405 13 17
405 14 18
405 15 19
405 15 20
405 16 21
405 17 22
405 18 23
405 19 24
405 20 25
405 21 26
405 22 27
405 23 28
405 24 29
405 25 30
405 26 31
405 28 32
405 29 33
405 30 34
405 31 35
405 32 36
405 33 37
405 34 38
405 35 39
405 36 40
405 36 41
405 37 42
405 38 43
405 39 44
405 40 45
405 41 46
405 42 47
405 43 48
405 44 49
405 45 50
405 46 51
405 47 52
405 48 53
405 49 54
405 50 55
405 51 56
405 52 57
405 52 58
405 53 59
405 54 60
405 55 56
405 57 61
405 58 62
405 58 63
405 59 64
405 60 65
405 61 66
405 62 67
405 63 68
405 64 69
405 65 70
405 66 71
405 67 72
405 68 72
405 69 73
405 70 74
405 71 75
405 72 76
405 72 77
405 73 78
405 74 79
405 75 80
405 76 81
405 77 82
405 78 83
405 78 84
405 79 85
405 80 86
405 81 87
405 82 88
405 83 89
406 0 1
406 0 2
406 1 3
406 1 4
406 1 5
406 1 6
406 2 7
406 3 8
406 3 9
406 4 10
406 5 11
406 6 12
406 7 13
406 8 14
406 9 15
406 9 16
406 10 17
406 11 18
406 12 19
406 13 20
406 14 21
406 15 22
406 16 23
406 16 24
406 17 25
406 18 26
406 19 27
406 21 28
406 22 29
406 23 30
406 24 31
406 25 32
406 26 33
406 27 34
406 27 35
406 27 36
406 28 37
406 29 38
406 30 39
406 30 40
406 30 41
406 31 42
406 31 43
406 32 44
406 32 45
406 34 46
406 35 45
406 36 47
406 37 48
406 37 49
406 38 50
406 39 51
406 39 52
406 40 53
406 41 54
406 42 55
406 43 56
406 43 57
406 43 58
406 44 59
406 46 60
406 47 61
406 48 62
406 49 63
406 59 63
406 61 63
407 0 1
407 0 2
407 1 3
407 2 4
407 2 5
407 4 6
407 5 7
407 6 8
407 7 9
407 8 10
407 9 11
407 10 12
407 11 13
407 12 14
407 13 15
407 14 16
407 15 17
407 15 18
407 17 19
407 18 20
407 19 21
407 20 22
407 20 23
407 21 24
407 22 25
407 23 26
407 23 27
407 24 28
407 25 29
407 25 30
407 27 31
407 28 32
407 29 33
407 30 34
407 30 35
407 31 34
407 31 36
407 32 37
407 33 38
407 35 39
407 36 40
407 37 41
407 39 42
407 40 43
407 42 44
407 42 45
407 44 46
407 45 47
407 46 48
407 46 49
407 47 50
407 48 51
407 48 52
407 49 53
407 50 54
407 51 55
407 52 56
407 53 54
407 53 57
407 55 58
407 56 59
407 57 60
407 58 61
407 59 62
407 60 63
407 61 64
407 61 65
407 62 66
407 64 67
407 64 68
407 65 69
407 65 70
407 66 71
407 67 72
407 68 73
407 69 74
407 71 74
408 0 1
408 0 2
408 1 3
408 1 4
408 2 5
408 3 6
408 4 7
408 5 8
408 6 9
408 7 10
408 8 11
408 9 12
408 10 13
408 11 14
408 12 15
408 13 16
408 14 17
408 15 18
408 16 19
408 17 20
408 18 21
408 19 22
408 20 23
408 20 24
408 20 25
408 21 26
408 22 27
408 23 28
408 24 29
408 25 30
408 25 31
408 26 32
408 28 33
408 29 34
408 30 33
408 31 35
408 32 36
408 32 37
408 33 38
408 34 39
408 35 40
408 36 41
408 37 42
408 39 43
408 40 44
408 41 45
408 42 46
408 42 47
408 43 48
408 44 49
408 45 50
408 46 51
408 47 52
408 48 53
408 49 54
408 49 55
408 50 56
408 51 57
408 52 58
408 53 59
408 54 60
408 54 61
408 55 62
408 56 63
408 57 64
408 58 65
408 59 66
408 60 67
408 61 68
408 62 69
408 63 70
408 64 71
408 65 72
408 65 73
408 66 74
408 67 75
408 67 76
408 68 77
408 69 78
408 70 79
409 0 1
409 0 2
409 1 3
409 2 4
409 3 5
409 4 6
409 4 7
409 4 8
409 4 9
409 5 10
409 5 11
409 6 12
409 7 13
409 7 14
409 8 15
409 9 16
409 10 17
409 11 18
409 12 19
409 13 20
409 14 21
409 14 22
409 15 23
409 16 24
409 17 25
409 18 26
409 19 27
409 20 28
409 21 29
409 21 30
409 22 31
409 23 32
409 24 26
409 25 33
409 25 34
409 26 35
409 26 36
409 27 37
409 28 38
409 29 39
409 30 40
409 31 41
409 32 42
409 33 43
409 34 44
409 35 45
409 36 44
409 38 43
409 39 46
409 39 47
409 39 48
409 40 49
409 40 50
409 41 51
409 43 52
409 45 53
409 46 54
409 46 55
409 47 56
409 48 57
409 49 58
409 50 59
409 50 60
409 50 61
409 51 62
409 52 63
409 53 64
409 54 65
409 55 66
409 56 67
409 57 68
409 58 69
409 58 70
409 59 71
409 60 72
409 61 65
410 0 1
410 0 2
410 1 3
410 2 4
410 4 5
410 5 6
410 6 7
410 7 8
410 7 9
410 7 10
410 8 11
410 9 12
410 10 13
410 11 14
410 12 15
410 13 16
410 14 17
410 15 18
410 16 19
410 17 20
410 18 20
410 18 21
410 19 22
410 21 23
410 22 24
410 23 25
410 24 26
410 25 27
410 26 28
410 27 29
410 28 30
410 29 31
410 29 32
410 29 33
410 30 34
410 31 35
410 32 36
410 33 37
410 34 38
410 35 39
410 36 40
410 37 39
410 38 41
410 39 42
410 41 43
410 41 44
410 42 45
410 42 46
410 43 47
410 44 48
410 45 49
410 46 50
410 47 51
410 47 52
410 48 53
410 49 54
410 50 55
410 51 53
410 52 56
410 52 57
410 53 58
410 54 59
410 55 60
410 57 61
410 58 62
410 59 63
410 60 64
410 61 65
410 62 66
410 63 67
410 64 68
410 65 69
410 66 70
410 67 71
410 68 72
410 69 73
410 69 74
410 71 75
410 72 76
410 73 77
410 74 78
411 0 1
411 0 2
411 1 3
411 2 4
411 3 5
411 3 6
411 4 6
411 4 7
411 5 8
411 7 9
411 8 10
411 9 11
411 10 12
411 11 13
411 12 14
411 13 14
411 13 15
411 15 16
411 15 17
411 15 18
411 15 19
411 16 20
411 17 21
411 17 22
411 18 23
411 19 24
411 19 25
411 20 26
411 20 27
411 21 28
411 22 29
411 23 30
411 23 31
411 24 32
411 24 33
411 25 34
411 26 31
411 26 35
411 27 36
411 27 37
411 27 38
411 27 39
411 28 40
411 29 32
411 29 41
411 30 42
411 33 37
411 34 43
411 34 44
411 35 45
411 36 39
411 36 41
411 40 46
411 42 47
411 43 45
411 44 48
411 46 49
411 46 50
411 47 51
411 47 52
411 48 53
411 48 54
411 49 55
411 49 56
411 50 57
411 51 58
411 51 59
411 52 60
411 53 61
411 53 62
411 54 63
411 55 64
411 55 65
411 56 66
411 57 67
411 58 68
411 59 69
411 61 70
411 62 71
411 63 72
411 63 73
412 0 1
412 0 2
412 1 3
412 2 4
412 4 5
412 5 6
412 5 7
412 6 8
412 7 9
412 7 10
412 8 11
412 8 12
412 9 13
412 10 14
412 12 15
412 13 16
412 14 17
412 16 18
412 17 19
412 18 20
412 19 21
412 20 22
412 20 23
412 21 24
412 22 25
412 23 26
412 23 27
412 23 28
412 24 29
412 25 30
412 25 31
412 26 32
412 27 30
412 28 33
412 29 34
412 32 35
412 33 36
412 34 37
412 35 38
412 36 39
412 37 40
412 38 41
412 39 42
412 40 43
412 41 44
412 42 45
412 43 46
412 44 47
412 45 48
412 46 49
412 47 50
412 48 51
412 49 52
412 50 53
412 51 54
412 51 55
412 52 56
412 53 57
412 54 58
413 0 1
413 0 2
413 1 3
413 1 4
413 2 5
413 3 6
413 4 7
413 4 8
413 4 9
413 5 10
413 6 11
413 6 12
413 7 12
413 8 13
413 9 14
413 10 15
413 13 16
413 14 17
413 15 18
413 15 19
413 16 20
413 17 21
413 18 22
413 19 23
413 19 24
413 20 25
413 21 26
413 22 27
413 23 28
413 24 29
413 25 30
413 26 31
413 27 32
413 28 33
413 28 34
413 29 35
413 30 36
413 31 37
413 32 38
413 33 39
413 35 40
413 36 41
413 37 42
413 38 43
413 40 44
413 41 45
413 41 46
413 42 47
413 43 48
413 45 49
413 46 50
413 47 51
413 48 52
413 49 53
413 50 54
413 51 55
413 52 56
413 53 57
413 54 58
413 55 59
413 56 60
413 57 61
413 58 62
413 59 63
413 60 64
413 61 65
413 62 66
413 63 67
413 64 68
414 0 1
414 0 2
414 1 3
414 2 4
414 3 5
414 4 6
414 4 7
414 4 8
414 5 9
414 6 10
414 7 11
414 8 12
414 9 13
414 9 14
414 10 15
414 11 16
414 12 17
414 13 18
414 14 19
414 15 20
414 16 21
414 17 22
414 18 23
414 19 24
414 21 25
414 22 26
414 23 27
414 24 28
414 25 29
414 26 30
414 27 31
414 28 32
414 29 33
414 29 34
414 30 35
414 31 36
414 32 37
414 34 38
414 35 39
414 36 40
414 37 41
414 38 42
414 39 43
414 40 44
414 41 45
414 42 46
414 43 47
414 44 48
414 45 49
414 46 50
414 47 51
414 48 52
414 49 53
414 50 54
414 51 55
414 52 56
414 53 57
414 54 58
414 55 59
414 56 60
414 56 61
414 57 62
414 58 63
414 59 64
414 60 65
414 61 66
414 63 67
414 64 68
414 65 69
414 65 70
414 66 71
414 67 72
414 68 73
414 68 74
414 69 75
414 70 76
414 71 77
414 72 78
414 73 79
414 74 80
414 74 81
414 75 82
415 0 1
415 0 2
415 1 3
415 2 4
415 2 5
415 3 6
415 4 7
415 5 8
415 6 9
415 7 10
415 8 11
415 10 12
415 11 13
415 12 14
415 13 15
415 14 16
415 15 17
415 15 18
415 15 19
415 16 20
415 17 21
415 18 22
415 19 23
415 20 24
415 21 25
415 21 26
415 22 27
415 23 28
415 24 29
415 25 30
415 26 31
415 27 32
415 28 30
415 29 33
415 32 34
415 32 35
415 33 36
415 34 37
415 35 38
415 35 39
415 36 40
415 37 41
415 38 42
415 39 43
415 40 44
415 41 45
415 42 46
415 43 47
415 44 48
415 45 49
415 45 50
415 45 51
415 46 52
415 47 52
415 48 53
415 49 54
415 50 55
415 51 56
415 52 57
415 53 58
415 54 59
415 55 60
415 56 61
415 57 62
415 57 63
415 58 64
415 59 65
415 60 66
415 61 67
416 0 1
416 0 2
416 0 3
416 1 4
416 2 5
416 3 6
416 3 7
416 3 8
416 4 9
416 4 10
416 5 11
416 5 12
416 6 13
416 7 14
416 8 15
416 9 16
416 9 17
416 10 18
416 11 19
416 12 20
416 13 21
416 14 22
416 15 23
416 16 24
416 17 25
416 17 26
416 18 27
416 18 28
416 18 29
416 19 30
416 19 31
416 20 32
416 21 33
416 22 29
416 23 34
416 24 35
416 25 36
416 25 37
416 25 38
416 25 39
416 26 40
416 27 41
416 28 42
416 29 43
416 30 44
416 30 45
416 31 46
416 32 47
416 34 48
416 35 49
416 36 50
416 37 51
416 38 52
416 39 53
416 40 54
416 41 55
416 42 56
416 43 48
416 44 57
416 45 58
416 45 59
416 46 60
416 47 61
416 49 62
416 50 63
416 51 64
416 52 65
416 53 66
416 54 67
416 57 68
416 58 69
416 59 70
416 60 71
416 61 72
416 61 73
416 62 74
416 63 75
416 64 76
416 65 77
416 66 78
416 67 79
416 68 80
416 69 81
417 0 1
417 0 2
417 1 3
417 2 4
417 2 5
417 2 6
417 3 7
417 4 8
417 5 9
417 6 10
417 7 11
417 8 12
417 9 13
417 10 14
417 11 15
417 12 16
417 13 17
417 14 18
417 15 19
417 16 20
417 17 21
417 17 22
417 18 22
417 19 23
417 20 24
417 21 25
417 23 26
417 24 27
417 25 28
417 26 29
417 28 30
417 29 31
417 30 32
417 31 33
417 32 34
417 32 35
417 32 36
417 33 37
417 33 38
417 34 39
417 35 40
417 36 41
417 37 42
417 38 43
417 39 44
417 40 45
417 41 45
417 42 46
417 42 47
417 43 48
417 45 49
417 46 50
417 46 51
417 47 48
417 48 52
417 49 53
417 49 54
417 50 55
417 52 56
417 53 57
417 54 58
417 55 59
417 56 60
417 57 61
417 58 62
417 59 63
417 60 64
417 61 65
417 62 66
417 63 67
417 63 68
417 65 69
417 66 70
417 67 71
417 68 72
417 68 73
417 69 74
417 70 75
417 71 76
418 0 1
418 0 2
418 1 3
418 1 4
418 3 5
418 4 6
418 5 7
418 6 8
418 6 9
418 6 10
418 7 11
418 8 12
418 9 13
418 10 11
418 12 14
418 13 15
418 14 16
418 15 17
418 16 18
418 17 19
418 17 20
418 18 21
418 18 22
418 19 23
418 19 24
418 20 25
418 21 26
418 22 27
418 23 28
418 24 29
418 25 30
418 26 31
418 27 32
418 28 33
418 29 34
418 30 35
418 31 36
418 32 37
418 33 38
418 34 38
418 35 39
418 35 40
418 35 41
418 36 42
418 37 43
418 38 44
418 39 45
418 40 46
418 41 47
418 42 48
418 44 49
418 44 50
418 45 51
418 46 52
418 47 53
418 48 54
418 49 55
418 50 56
418 51 57
418 52 58
418 52 59
418 53 60
418 54 61
418 56 62
418 57 63
418 57 64
418 57 65
418 57 66
418 58 67
418 59 68
418 60 67
418 60 69
418 61 70
418 62 71
419 0 1
419 0 2
419 1 3
419 2 4
419 2 5
419 2 6
419 3 7
419 4 8
419 5 9
419 6 10
419 7 11
419 8 12
419 9 12
419 10 13
419 11 14
419 11 15
419 12 16
419 14 17
419 15 18
419 16 19
419 16 20
419 17 21
419 18 22
419 19 23
419 20 24
419 21 25
419 22 26
419 23 27
419 24 28
419 25 29
419 25 30
419 25 31
419 26 29
419 27 32
419 28 33
419 30 34
419 31 35
419 32 36
419 33 37
419 34 38
419 35 39
419 36 40
419 37 41
419 38 42
419 39 43
419 40 44
419 41 45
419 42 46
419 43 47
419 44 48
419 45 49
419 46 50
419 47 51
419 48 52
419 48 53
419 49 54
419 50 55
419 51 56
419 52 57
419 53 58
419 54 59
419 56 60
419 57 61
419 57 62
419 57 63
419 57 64
419 58 65
419 59 66
419 60 67
419 61 68
419 62 69
419 63 70
419 64 71
419 65 72
419 66 73
419 67 74
419 68 75
419 69 76
419 70 77
419 71 78
419 72 79
419 73 80
419 74 81
419 75 82
420 0 1
420 0 2
420 0 3
420 1 4
420 2 5
420 3 6
420 4 7
420 5 8
420 7 9
420 9 10
420 9 11
420 10 12
420 11 13
420 12 14
420 13 15
420 13 16
420 14 17
420 15 18
420 16 19
420 17 20
420 18 21
420 19 22
420 20 23
420 21 24
420 22 25
420 23 26
420 23 27
420 24 28
420 25 29
420 26 30
420 27 31
420 28 32
420 29 33
420 30 34
420 31 35
420 32 36
420 33 37
420 34 38
420 35 39
420 36 40
420 37 41
420 38 42
420 39 43
420 39 44
420 40 45
420 41 46
420 42 47
420 43 48
420 44 49
420 44 50
420 45 51
420 45 52
420 46 53
420 47 54
420 48 55
420 48 56
420 49 57
420 50 58
420 51 59
420 52 60
420 53 61
420 53 62
420 54 63
420 55 57
420 55 64
420 55 65
420 56 64
420 56 66
420 56 67
420 58 68
420 59 69
420 60 70
420 61 71
420 61 72
420 62 73
420 65 74
420 65 75
420 66 76
420 67 77
421 0 1
421 0 2
421 1 3
421 2 4
421 3 5
421 4 6
421 5 7
421 6 8
421 7 9
421 8 10
421 9 11
421 10 12
421 11 13
421 12 14
421 13 15
421 14 16
421 15 17
421 16 18
421 17 19
421 18 20
421 19 21
421 21 22
421 22 23
421 23 24
421 24 25
421 25 26
421 26 27
421 27 28
421 28 29
421 29 30
421 30 31
421 31 32
421 32 33
421 33 34
421 34 35
421 35 36
421 36 37
421 37 38
421 38 39
421 39 40
421 40 41
421 41 42
421 41 43
421 42 44
421 42 45
421 43 46
421 44 47
421 45 48
421 46 49
421 47 50
421 48 51
421 48 52
421 49 53
421 50 54
421 51 55
421 52 56
421 53 57
421 54 58
421 55 59
421 56 60
421 57 61
421 58 62
421 59 63
421 59 64
421 60 65
421 61 66
421 62 65
421 63 67
421 63 68
421 64 69
421 66 70
421 67 71
421 67 72
421 68 73
421 69 74
421 69 75
421 70 76
421 71 77
421 71 78
421 72 79
421 73 79
421 73 80
421 74 81
421 75 82
421 75 83
421 77 80
422 0 1
422 0 2
422 1 3
422 2 4
422 3 5
422 3 6
422 4 7
422 5 8
422 6 9
422 7 10
422 8 11
422 9 12
422 10 13
422 11 14
422 13 15
422 14 16
422 15 17
422 16 18
422 17 19
422 18 20
422 19 21
422 20 22
422 21 23
422 22 24
422 23 25
422 24 26
422 25 27
422 26 28
422 27 29
422 28 30
422 29 31
422 30 32
422 31 33
422 32 34
422 33 35
422 35 36
422 36 37
422 37 38
422 38 39
422 39 40
422 40 41
422 41 42
422 42 43
422 43 44
422 44 45
422 45 46
422 46 47
422 47 48
422 48 49
422 49 50
422 50 51
422 51 52
422 52 53
422 53 54
422 54 55
422 55 56
422 56 57
422 56 58
422 56 59
422 57 60
422 58 61
422 59 62
422 60 63
422 61 64
422 62 65
422 63 66
422 63 67
422 64 68
422 65 69
422 66 70
422 67 71
423 0 1
423 0 2
423 1 3
423 2 4
423 3 5
423 4 6
423 4 7
423 5 8
423 6 9
423 7 10
423 8 11
423 9 12
423 10 13
423 11 14
423 12 15
423 13 16
423 14 17
423 15 18
423 16 19
423 17 20
423 18 21
423 19 22
423 20 23
423 21 24
423 21 25
423 21 26
423 22 27
423 23 28
423 23 29
423 24 30
423 25 31
423 26 32
423 27 33
423 28 34
423 29 35
423 30 36
423 31 37
423 32 38
423 33 39
423 34 40
423 35 41
423 35 42
423 36 43
423 37 44
423 38 45
423 39 46
423 40 47
423 41 48
423 42 49
423 44 50
423 45 51
423 46 52
423 47 53
423 48 54
423 49 55
423 50 56
423 51 57
423 52 58
423 53 59
423 54 60
424 0 1
424 0 2
424 1 3
424 2 4
424 3 5
424 4 6
424 5 7
424 6 8
424 7 9
424 8 10
424 9 11
424 10 12
424 10 13
424 11 14
424 12 15
424 13 16
424 14 17
424 15 18
424 16 19
424 17 20
424 19 21
424 20 22
424 21 23
424 22 24
424 23 25
424 24 26
424 25 27
424 26 28
424 27 29
424 28 30
424 29 31
424 30 32
424 31 33
424 32 34
424 33 35
424 34 36
424 35 37
424 36 38
424 37 39
424 38 40
424 39 41
424 40 42
424 42 43
424 43 44
424 44 45
424 45 46
424 46 47
424 47 48
424 48 49
424 49 50
424 50 51
424 51 52
424 52 53
424 53 54
424 54 55
424 55 56
424 56 57
424 56 58
424 56 59
424 57 60
424 58 61
424 59 62
424 60 63
424 61 64
424 62 65
424 63 66
424 63 67
424 64 68
424 65 69
424 66 70
424 67 71
424 69 72
424 70 73
424 70 74
424 71 75
424 72 76
425 0 1
425 0 2
425 1 3
425 2 4
425 3 5
425 3 6
425 4 7
425 5 8
425 6 9
425 7 10
425 8 11
425 9 12
425 10 13
425 11 14
425 13 15
425 14 16
425 15 17
425 16 18
425 17 19
425 18 20
425 19 21
425 20 22
425 21 23
425 22 24
425 23 25
425 24 26
425 25 27
425 26 28
425 28 29
425 29 30
425 30 31
425 31 32
425 32 33
425 33 34
425 34 35
425 35 36
425 36 37
425 37 38
425 38 39
425 39 40
425 40 41
425 41 42
425 42 43
425 43 44
425 44 45
425 45 46
425 46 47
425 47 48
425 48 49
425 49 50
425 50 51
425 51 52
425 52 53
425 53 54
425 54 55
425 55 56
425 56 57
425 56 58
425 56 59
425 57 60
425 58 61
425 59 62
425 60 63
425 61 64
425 62 65
425 63 66
425 63 67
425 64 68
425 65 69
425 66 70
425 67 71
426 0 1
426 0 2
426 1 3
426 1 4
426 2 5
426 3 6
426 4 7
426 5 7
426 5 8
426 6 8
426 7 9
426 8 10
426 9 11
426 9 12
426 10 13
426 10 14
426 11 15
426 12 16
426 13 17
426 14 18
426 15 19
426 16 20
426 16 21
426 17 22
426 18 23
426 19 24
426 19 25
426 20 26
426 20 27
426 21 28
426 22 29
426 23 30
426 24 31
426 25 32
426 26 33
426 26 34
426 27 35
426 28 36
426 29 37
426 30 38
426 30 39
426 31 40
426 32 41
426 32 42
426 33 43
426 34 37
426 35 44
426 36 45
426 37 46
426 38 47
426 38 48
426 38 49
426 38 50
426 39 51
426 40 52
426 41 53
426 41 54
426 42 55
426 43 56
426 44 57
426 46 58
426 47 59
426 48 60
426 48 61
426 49 62
426 50 63
426 50 64
426 51 65
426 51 66
426 52 67
426 53 68
426 54 69
426 55 70
426 56 71
426 57 72
426 57 73
426 58 74
426 58 75
426 59 76
426 59 77
426 60 78
426 61 79
426 62 80
426 62 81
426 63 66
426 63 82
426 64 83
426 76 81
427 0 1
427 0 2
427 1 3
427 2 4
427 3 5
427 4 6
427 4 7
427 5 8
427 6 9
427 7 10
427 7 11
427 8 12
427 9 13
427 9 14
427 10 15
427 11 16
427 12 17
427 13 18
427 14 19
427 15 20
427 16 21
427 17 19
427 18 22
427 20 23
427 21 24
427 22 25
427 22 26
427 23 27
427 24 28
427 25 29
427 25 30
427 26 31
427 27 32
427 28 33
427 29 34
427 30 35
427 30 36
427 31 37
427 31 38
427 32 39
427 33 40
427 34 41
427 34 42
427 35 43
427 35 44
427 36 42
427 37 45
427 37 46
427 38 47
427 39 48
427 40 49
427 41 44
427 43 50
427 43 51
427 45 52
427 45 53
427 46 54
427 47 55
427 48 56
427 49 57
427 50 58
427 51 59
427 52 60
427 53 61
427 54 62
427 55 63
427 56 64
427 57 65
427 58 66
427 59 67
427 60 68
427 61 69
427 61 70
427 62 71
427 64 72
427 65 73
427 66 74
427 67 69
427 68 75
427 70 76
427 71 77
427 71 78
427 72 79
427 73 80
427 74 81
427 74 82
427 75 83
428 0 1
428 0 2
428 1 3
428 2 4
428 3 5
428 4 6
428 5 7
428 6 8
428 6 9
428 6 10
428 7 11
428 7 12
428 8 13
428 9 14
428 10 12
428 11 15
428 12 16
428 13 17
428 14 18
428 15 19
428 16 20
428 17 21
428 17 22
428 18 23
428 18 24
428 19 25
428 20 26
428 20 27
428 21 28
428 23 29
428 24 30
428 25 31
428 26 32
428 27 33
428 28 34
428 29 35
428 30 36
428 31 37
428 32 38
428 32 39
428 33 40
428 34 41
428 35 42
428 36 43
428 37 44
428 38 45
428 38 46
428 38 47
428 38 48
428 39 49
428 39 50
428 40 51
428 41 52
428 42 53
428 43 54
428 44 55
428 45 56
428 45 57
428 46 58
428 47 59
428 48 60
428 48 61
428 49 62
428 50 63
428 51 58
428 51 64
428 52 65
428 53 66
428 54 66
428 54 67
428 55 68
428 56 62
428 57 69
428 58 70
428 59 64
428 59 71
428 60 72
428 63 70
429 0 1
429 0 2
429 1 3
429 2 4
429 2 5
429 3 6
429 5 7
429 6 8
429 7 9
429 8 10
429 9 11
429 10 12
429 11 13
429 12 14
429 13 15
429 14 16
429 15 17
429 15 18
429 15 19
429 16 20
429 17 21
429 18 22
429 19 23
429 20 24
429 21 25
429 22 26
429 23 27
429 24 28
429 25 29
429 26 30
429 27 31
429 28 32
429 30 33
429 31 34
429 32 35
429 33 36
429 34 37
429 35 38
429 36 39
429 36 40
429 37 41
429 38 42
429 39 43
429 40 44
429 41 45
429 42 46
429 42 47
429 42 48
429 43 49
429 44 50
429 45 51
429 46 52
429 47 53
429 48 54
429 48 55
429 49 56
429 50 57
429 51 58
430 0 1
430 0 2
430 1 3
430 2 4
430 3 5
430 5 6
430 6 7
430 7 8
430 8 9
430 9 10
430 10 11
430 11 12
430 12 13
430 12 14
430 13 15
430 14 16
430 15 17
430 16 18
430 17 19
430 18 20
430 19 21
430 20 22
430 21 23
430 22 24
430 23 25
430 24 26
430 24 27
430 24 28
430 25 29
430 26 30
430 27 31
430 28 32
430 29 33
430 30 34
430 31 35
430 32 36
430 33 37
430 34 38
430 35 39
430 36 40
430 37 41
430 38 42
430 39 43
430 41 44
430 41 45
430 42 46
430 43 47
430 44 48
430 45 49
430 46 50
430 47 51
430 47 52
430 48 53
430 49 54
430 49 55
430 50 56
430 51 57
430 53 58
430 54 59
430 55 60
430 56 61
430 57 62
430 58 63
430 59 64
430 60 65
430 61 66
430 62 67
430 63 68
431 0 1
431 0 2
431 1 3
431 2 4
431 3 5
431 4 6
431 5 7
431 7 8
431 8 9
431 9 10
431 10 11
431 11 12
431 12 13
431 13 14
431 14 15
431 15 16
431 16 17
431 17 18
431 18 19
431 19 20
431 20 21
431 21 22
431 22 23
431 23 24
431 24 25
431 25 26
431 26 27
431 27 28
431 28 29
431 29 30
431 30 31
431 31 32
431 32 33
431 33 34
431 34 35
431 35 36
431 36 37
431 37 38
431 38 39
431 39 40
431 40 41
431 41 42
431 41 43
431 42 44
431 42 45
431 43 46
431 44 47
431 45 48
431 46 49
431 47 50
431 48 51
431 48 52
431 49 53
431 50 54
431 51 55
431 52 56
431 53 57
431 54 58
431 55 59
431 56 60
431 57 61
431 58 62
431 59 63
431 60 64
431 60 65
431 61 66
431 62 63
431 64 67
431 65 68
431 65 69
431 66 70
431 67 71
431 67 72
431 68 73
432 0 1
432 0 2
432 1 3
432 2 4
432 3 5
432 4 6
432 5 7
432 5 8
432 5 9
432 5 10
432 6 11
432 7 12
432 8 13
432 9 14
432 10 15
432 11 16
432 11 17
432 12 18
432 13 19
432 14 20
432 15 21
432 15 22
432 16 23
432 17 24
432 18 25
432 19 26
432 20 27
432 21 28
432 22 29
432 23 30
432 24 31
432 25 32
432 26 33
432 27 34
432 28 35
432 29 36
432 30 37
432 31 38
432 33 39
432 34 40
432 35 41
432 36 42
432 37 38
432 39 43
432 40 44
432 41 45
432 42 46
432 43 47
432 44 48
432 45 49
432 46 50
432 47 51
432 49 52
432 50 53
432 51 54
432 52 55
432 53 56
432 54 57
432 55 58
432 56 59
432 56 60
432 57 61
432 58 62
432 59 63
432 59 64
432 60 65
432 61 66
432 62 67
432 63 68
432 64 69
433 0 1
433 0 2
433 1 3
433 2 4
433 3 5
433 4 6
433 5 7
433 6 8
433 7 9
433 7 10
433 8 11
433 9 12
433 10 13
433 11 14
433 12 15
433 13 16
433 14 17
433 15 18
433 16 19
433 17 20
433 17 21
433 18 22
433 19 23
433 20 24
433 21 25
433 22 26
433 23 27
433 24 28
433 24 29
433 25 30
433 26 31
433 27 32
433 27 33
433 27 34
433 28 35
433 29 36
433 30 37
433 31 38
433 32 39
433 33 40
433 34 41
433 35 42
433 36 43
433 37 44
433 38 45
433 39 46
433 40 47
433 41 48
433 42 49
433 43 50
433 43 51
433 43 52
433 44 53
433 45 54
433 46 55
433 47 56
433 48 57
433 49 58
433 50 59
433 51 60
433 52 61
433 53 62
433 54 63
433 55 64
433 57 65
433 58 66
433 59 67
433 60 68
433 61 69
433 62 70
433 63 71
433 64 72
433 65 73
433 67 74
433 68 75
433 69 76
433 70 77
433 72 78
433 72 79
433 73 80
434 0 1
434 0 2
434 2 3
434 3 4
434 4 5
434 4 6
434 5 7
434 6 8
434 7 9
434 8 10
434 8 11
434 9 11
434 9 12
434 10 13
434 10 14
434 12 15
434 14 16
434 15 17
434 16 18
434 17 19
434 18 20
434 19 21
434 20 22
434 20 23
434 21 24
434 22 25
434 23 26
434 23 27
434 24 28
434 25 29
434 27 30
434 28 31
434 29 32
434 31 33
434 32 34
434 33 35
434 34 36
434 35 37
434 36 38
434 37 39
434 38 40
434 39 41
434 39 42
434 39 43
434 40 44
434 41 45
434 42 46
434 43 47
434 44 48
434 45 49
434 46 50
434 47 51
434 48 52
434 49 53
434 50 54
434 51 55
434 52 56
434 53 57
434 54 58
434 55 58
434 55 59
434 56 60
434 57 61
434 59 62
434 60 63
434 61 64
434 62 65
434 63 66
434 65 67
434 66 68
434 67 69
434 68 70
434 69 71
434 69 72
434 69 73
434 70 74
434 71 75
434 72 76
434 73 77
435 0 1
435 0 2
435 1 3
435 2 4
435 2 5
435 2 6
435 3 7
435 4 8
435 5 9
435 6 10
435 7 11
435 8 12
435 9 13
435 10 14
435 11 15
435 12 16
435 13 17
435 14 18
435 15 19
435 16 20
435 17 21
435 17 22
435 18 22
435 19 23
435 20 24
435 21 25
435 23 26
435 24 27
435 25 28
435 26 29
435 28 30
435 29 31
435 30 32
435 31 33
435 32 34
435 32 35
435 32 36
435 33 37
435 33 38
435 34 39
435 35 40
435 36 41
435 37 42
435 38 43
435 39 44
435 40 45
435 41 44
435 42 46
435 42 47
435 43 48
435 44 49
435 46 48
435 47 50
435 47 51
435 48 52
435 49 53
435 49 54
435 51 55
435 52 56
435 53 57
435 54 58
435 55 59
435 56 60
435 57 61
435 58 62
435 59 63
435 60 64
435 61 65
435 62 66
435 63 67
435 63 68
435 65 69
435 66 70
435 67 71
435 67 72
435 68 73
435 69 74
435 70 75
435 72 76
435 73 77
435 74 78
436 0 1
436 1 2
436 1 3
436 2 4
436 2 5
436 3 6
436 4 7
436 5 8
436 7 9
436 8 10
436 9 11
436 10 12
436 11 13
436 11 14
436 12 15
436 13 16
436 13 17
436 15 18
436 16 19
436 17 20
436 18 21
436 19 22
436 19 23
436 20 24
436 20 25
436 21 26
436 22 27
436 23 25
436 24 28
436 26 29
436 27 30
436 28 31
436 29 32
436 30 33
436 31 34
436 32 35
436 34 36
436 35 37
436 36 38
436 37 39
436 38 40
436 39 41
436 40 42
436 41 43
436 42 44
436 43 45
436 44 46
436 45 47
436 46 48
436 47 49
436 48 50
436 49 51
436 50 52
436 50 53
436 50 54
436 51 55
436 52 56
436 53 57
436 54 58
436 55 59
436 56 60
436 57 61
436 58 62
436 59 63
436 60 64
436 61 65
436 62 66
436 63 67
436 64 68
436 64 69
436 65 68
436 66 70
437 0 1
437 0 2
437 1 3
437 1 4
437 2 5
437 3 6
437 4 7
437 5 8
437 6 9
437 6 10
437 7 9
437 8 11
437 8 12
437 10 13
437 11 14
437 12 15
437 12 16
437 12 17
437 12 18
437 13 19
437 14 19
437 15 20
437 16 21
437 17 22
437 17 23
437 18 24
437 18 25
437 20 26
437 20 27
437 21 28
437 21 29
437 22 30
437 23 31
437 24 32
437 25 33
437 25 34
437 26 28
437 26 35
437 27 36
437 27 37
437 27 38
437 27 39
437 29 40
437 30 33
437 30 41
437 31 42
437 32 43
437 32 44
437 34 36
437 35 45
437 37 39
437 37 41
437 40 46
437 42 47
437 43 45
437 44 48
437 46 49
437 46 50
437 47 51
437 47 52
437 48 53
437 48 54
437 49 55
437 50 56
437 50 57
437 51 58
437 51 59
437 52 60
437 53 61
437 54 62
437 54 63
437 56 64
437 57 65
437 58 66
438 0 1
438 0 2
438 1 3
438 2 4
438 3 5
438 3 6
438 4 7
438 5 8
438 6 9
438 7 10
438 8 11
438 9 12
438 11 13
438 12 14
438 13 15
438 14 16
438 15 17
438 16 18
438 17 19
438 18 20
438 19 21
438 20 22
438 21 23
438 21 24
438 21 25
438 22 26
438 23 27
438 24 28
438 25 29
438 26 30
438 27 31
438 28 32
438 29 33
438 30 34
438 31 35
438 31 36
438 32 37
438 33 38
438 34 39
438 35 40
438 36 39
438 37 41
438 39 42
438 40 43
438 41 44
438 42 45
438 43 46
438 44 47
438 45 48
438 46 49
438 47 50
438 48 51
438 49 52
438 50 53
438 51 54
438 53 55
438 54 56
438 55 57
438 56 58
438 57 59
438 58 60
438 59 61
438 60 62
438 61 63
438 62 64
438 63 65
438 64 66
438 65 67
438 66 68
438 66 69
438 67 70
438 68 71
438 69 72
438 70 73
438 71 74
439 0 1
439 0 2
439 1 3
439 2 4
439 2 5
439 3 6
439 4 7
439 4 8
439 5 9
439 6 10
439 6 11
439 7 12
439 8 13
439 9 11
439 10 14
439 10 15
439 12 16
439 13 17
439 14 18
439 15 19
439 16 20
439 17 21
439 19 22
439 20 23
439 20 24
439 20 25
439 21 26
439 21 27
439 21 28
439 22 29
439 22 30
439 23 31
439 24 32
439 25 33
439 26 34
439 27 35
439 28 36
439 29 37
439 30 38
439 31 39
439 32 40
439 33 41
439 34 42
439 35 43
439 35 44
439 36 45
439 37 46
439 37 47
439 38 48
439 38 49
439 38 50
439 38 51
439 39 52
439 39 53
439 40 54
439 41 55
439 42 56
439 43 57
439 44 56
439 45 58
439 46 48
439 46 59
439 47 60
439 49 61
439 49 62
439 50 63
439 50 64
439 51 65
439 51 66
439 52 67
439 53 68
439 54 69
439 54 70
439 54 71
439 54 72
439 55 67
439 55 73
439 58 74
439 59 75
439 59 76
439 59 77
440 0 1
440 0 2
440 1 3
440 2 4
440 2 5
440 3 6
440 3 7
440 3 8
440 4 6
440 6 9
440 7 10
440 8 11
440 9 12
440 10 13
440 11 14
440 12 15
440 13 16
440 14 17
440 15 18
440 16 19
440 17 20
440 18 21
440 19 22
440 20 23
440 21 24
440 21 25
440 22 26
440 23 27
440 24 28
440 25 29
440 25 30
440 26 31
440 27 32
440 28 33
440 29 34
440 30 35
440 31 36
440 32 37
440 32 38
440 33 39
440 34 40
440 35 41
440 35 42
440 36 43
440 37 44
440 38 45
440 39 46
440 40 47
440 41 48
440 43 49
440 44 50
440 45 51
440 46 52
440 47 53
440 49 54
440 50 55
440 51 56
440 52 57
440 54 58
440 55 59
440 56 60
440 57 61
440 58 62
441 0 1
441 0 2
441 1 3
441 2 4
441 3 5
441 4 6
441 5 7
441 6 8
441 7 9
441 8 10
441 9 11
441 10 12
441 10 13
441 11 14
441 11 15
441 12 16
441 13 17
441 14 18
441 15 19
441 16 20
441 17 21
441 17 22
441 18 23
441 19 24
441 20 25
441 21 26
441 22 27
441 23 28
441 24 29
441 25 30
441 26 31
441 27 32
441 28 33
441 29 34
441 30 35
441 31 36
441 32 37
441 32 38
441 32 39
441 33 40
441 34 41
441 35 42
441 36 43
441 37 44
441 38 45
441 39 46
441 40 47
441 40 48
441 40 49
441 41 50
441 42 51
441 43 52
441 44 53
441 45 54
441 46 55
441 47 56
441 48 57
441 49 58
441 50 59
441 51 60
441 53 61
441 54 62
441 55 63
441 56 64
441 57 65
441 58 66
441 59 67
441 60 68
441 62 69
441 63 70
441 64 71
441 65 72
441 66 73
441 67 74
442 0 1
442 1 2
442 2 3
442 3 4
442 4 5
442 4 6
442 5 7
442 6 8
442 6 9
442 7 10
442 7 11
442 8 12
442 9 13
442 9 14
442 10 15
442 11 16
442 11 17
442 12 18
442 13 19
442 14 20
442 15 21
442 16 22
442 16 23
442 17 24
442 18 25
442 19 26
442 19 27
442 20 28
442 21 29
442 21 30
442 22 31
442 23 32
442 23 33
442 24 31
442 24 34
442 25 35
442 25 36
442 26 37
442 27 38
442 28 39
442 29 40
442 30 41
442 32 42
442 32 43
442 33 34
442 35 44
442 35 45
442 36 46
442 37 47
442 37 48
442 38 49
442 39 50
442 40 51
442 40 52
442 41 53
442 42 49
442 43 54
442 44 55
442 45 56
442 46 57
442 47 58
442 47 59
442 47 60
442 48 61
442 50 57
442 51 62
442 51 63
442 52 64
442 53 65
442 54 66
442 55 67
442 55 68
442 56 69
442 56 70
442 58 71
442 59 72
442 60 73
442 61 74
442 61 75
442 62 76
442 63 77
443 0 1
443 0 2
443 1 3
443 2 4
443 2 5
443 3 6
443 3 7
443 3 8
443 4 9
443 5 10
443 6 11
443 7 12
443 8 13
443 9 14
443 10 15
443 11 16
443 12 17
443 12 18
443 13 19
443 14 20
443 15 21
443 16 22
443 17 23
443 18 24
443 18 25
443 19 26
443 19 27
443 20 28
443 21 29
443 22 30
443 23 31
443 23 32
443 24 33
443 25 30
443 27 34
443 28 35
443 29 35
443 29 36
443 31 37
443 32 38
443 33 39
443 34 40
443 36 41
443 37 42
443 38 43
443 38 44
443 39 45
443 40 46
443 41 47
443 42 48
443 43 49
443 43 50
443 43 51
443 43 52
443 44 53
443 44 54
443 45 55
443 46 56
443 47 57
443 47 58
443 48 59
443 48 60
443 49 61
443 49 62
443 50 63
443 51 64
443 51 65
443 52 59
443 53 66
443 54 67
443 55 68
443 56 69
443 57 70
443 57 71
443 57 72
443 58 73
443 59 74
443 60 63
443 61 67
443 62 75
443 63 76
443 64 77
443 65 78
443 66 74
443 67 79
443 68 80
443 69 81
443 70 82
443 71 82
444 0 1
444 0 2
444 1 3
444 2 4
444 3 5
444 4 6
444 5 7
444 6 8
444 7 9
444 8 10
444 9 11
444 10 12
444 11 13
444 12 14
444 12 15
444 13 16
444 14 17
444 16 18
444 17 19
444 18 20
444 19 21
444 19 22
444 19 23
444 21 24
444 22 25
444 23 26
444 24 27
444 25 28
444 25 29
444 26 30
444 27 31
444 27 32
444 28 33
444 28 34
444 29 35
444 30 36
444 31 37
444 32 38
444 33 39
444 34 40
444 35 41
444 35 42
444 36 40
444 37 43
444 38 44
444 39 45
444 41 46
444 42 47
444 43 48
444 44 49
444 45 50
444 46 51
444 46 52
444 47 53
444 48 54
444 49 55
444 50 56
444 51 57
444 51 58
444 52 59
444 52 60
444 52 61
444 52 62
444 53 63
444 54 64
444 54 65
444 55 65
444 56 66
444 57 67
444 58 68
444 59 69
444 59 70
444 60 71
444 60 72
444 61 73
444 62 74
444 63 73
444 63 75
444 64 76
444 66 77
444 67 78
444 68 72
444 68 79
444 69 80
444 73 78
444 74 75
445 0 1
445 0 2
445 1 3
445 3 4
445 3 5
445 4 6
445 5 7
445 6 8
445 6 9
445 7 10
445 8 11
445 8 12
445 9 13
445 10 14
445 11 15
445 12 16
445 13 14
445 13 17
445 15 18
445 16 19
445 17 20
445 18 21
445 19 22
445 20 23
445 21 24
445 22 25
445 22 26
445 23 27
445 23 28
445 24 29
445 25 30
445 25 31
445 26 32
445 26 33
445 27 34
445 27 35
445 28 36
445 29 37
445 30 38
445 31 39
445 32 40
445 33 37
445 34 41
445 35 42
445 36 43
445 36 44
445 38 45
445 38 46
445 39 47
445 40 48
445 40 49
445 41 50
445 41 51
445 42 52
445 43 50
445 44 53
445 45 54
445 45 55
445 46 56
445 47 57
445 48 58
445 49 59
445 50 60
445 51 61
445 53 62
445 54 63
445 54 64
445 55 65
445 56 66
445 58 67
445 58 68
445 59 69
445 61 70
445 61 71
445 63 72
445 64 73
445 65 72
446 0 1
446 0 2
446 1 3
446 2 4
446 3 5
446 4 6
446 5 7
446 6 8
446 7 9
446 8 10
446 9 11
446 10 12
446 11 13
446 12 14
446 12 15
446 13 16
446 14 17
446 16 18
446 17 19
446 19 20
446 20 21
446 21 22
446 22 23
446 23 24
446 24 25
446 25 26
446 26 27
446 27 28
446 28 29
446 29 30
446 30 31
446 31 32
446 32 33
446 33 34
446 34 35
446 35 36
446 36 37
446 37 38
446 38 39
446 39 40
446 39 41
446 40 42
446 40 43
446 41 44
446 43 45
446 44 46
446 46 47
446 47 48
446 47 49
446 48 50
446 48 51
446 50 52
446 51 53
446 52 54
446 52 55
446 53 56
446 53 57
446 54 57
446 55 58
446 56 59
446 58 60
446 59 61
446 60 62
446 61 63
446 63 64
446 64 65
446 65 66
446 66 67
446 67 68
446 68 69
446 69 70
446 70 71
446 71 72
446 71 73
446 71 74
446 72 75
446 73 76
446 74 77
446 75 78
446 76 79
446 77 80
446 78 81
446 79 82
446 80 83
446 81 84
446 82 85
446 82 86
446 83 86
446 84 87
446 85 88
446 87 89
446 88 90
446 90 91
446 91 92
446 92 93
446 92 94
446 92 95
446 93 96
446 94 97
446 95 98
446 96 99
447 0 1
447 0 2
447 1 3
447 1 4
447 2 5
447 3 6
447 4 7
447 5 7
447 6 8
447 7 9
447 8 10
447 9 11
447 10 12
447 11 13
447 12 14
447 13 14
447 14 15
447 15 16
447 15 17
447 15 18
447 15 19
447 16 20
447 16 21
447 17 22
447 18 23
447 19 24
447 19 25
447 20 26
447 21 27
447 21 28
447 22 29
447 22 30
447 23 31
447 23 32
447 24 33
447 25 34
447 26 35
447 26 36
447 27 34
447 28 37
447 29 38
447 30 31
447 31 39
447 32 37
447 32 40
447 32 41
447 32 42
447 33 43
447 34 44
447 35 45
447 36 46
447 38 47
447 39 45
447 40 41
447 40 44
447 43 48
447 46 49
447 46 50
447 47 51
447 47 52
447 48 53
447 48 54
447 49 55
447 50 56
447 50 57
447 51 58
447 51 59
447 52 60
447 53 61
447 53 62
447 54 63
447 55 64
447 55 65
447 55 66
447 56 67
447 57 68
447 58 69
447 59 70
447 61 71
447 62 72
447 62 73
447 63 74
447 64 75
448 0 1
448 0 2
448 1 3
448 2 4
448 3 5
448 4 6
448 5 7
448 6 8
448 6 9
448 7 10
448 8 11
448 9 12
448 10 13
448 11 14
448 12 15
448 12 16
448 13 17
448 14 18
448 15 19
448 16 20
448 17 21
448 18 22
448 19 23
448 20 24
448 21 25
448 22 26
448 23 27
448 24 28
448 24 29
448 24 30
448 25 31
448 25 32
448 26 33
448 27 34
448 28 35
448 29 36
448 30 37
448 31 38
448 32 39
448 33 40
448 34 41
448 35 42
448 36 43
448 37 44
448 38 45
448 39 46
448 40 47
448 42 48
448 43 49
448 44 50
448 45 51
448 46 48
448 47 52
448 50 53
448 51 54
448 52 55
448 53 56
448 54 57
448 55 58
448 55 59
448 56 60
448 58 61
448 59 62
448 60 63
448 61 64
449 0 1
449 0 2
449 1 2
449 1 3
449 1 4
449 1 5
449 2 6
449 3 7
449 4 8
449 4 9
449 6 10
449 7 11
449 8 12
449 8 13
449 9 14
449 10 15
449 10 16
449 11 16
449 11 17
449 12 18
449 13 19
449 14 17
449 14 20
449 14 21
449 14 22
449 15 20
449 17 23
449 18 24
449 19 22
449 19 25
449 20 26
449 21 27
449 21 28
449 23 29
449 24 29
449 25 30
449 26 31
449 27 32
449 28 33
449 29 34
449 30 35
449 31 36
449 32 37
449 33 38
449 34 39
449 35 40
449 35 41
449 36 42
449 37 43
449 38 44
449 39 45
449 39 46
449 40 47
449 41 48
449 41 49
449 42 50
449 42 51
449 43 52
449 43 53
449 44 54
449 45 55
449 46 56
449 46 57
449 48 58
449 49 59
449 50 60
449 51 61
449 51 62
449 52 63
449 53 64
449 54 63
449 55 65
449 55 66
449 55 67
449 56 68
450 0 1
450 0 2
450 1 3
450 2 4
450 3 5
450 4 6
450 5 7
450 6 8
450 6 9
450 7 10
450 8 11
450 9 12
450 9 13
450 10 14
450 11 15
450 12 16
450 13 17
450 14 18
450 15 19
450 16 20
450 16 21
450 17 22
450 18 23
450 19 24
450 21 25
450 22 26
450 23 27
450 24 28
450 24 29
450 26 30
450 27 31
450 28 32
450 28 33
450 28 34
450 29 35
450 31 36
450 32 37
450 33 38
450 34 39
450 35 38
450 35 40
450 36 41
450 37 42
450 39 43
450 41 44
450 41 45
450 41 46
450 42 47
450 43 48
450 44 49
450 45 50
450 46 51
450 47 52
450 48 53
450 49 54
450 50 55
450 51 56
450 52 57
450 53 58
450 54 59
450 55 60
450 56 61
450 57 62
450 58 63
450 59 64
450 61 65
450 62 66
450 63 67
450 64 68
450 65 69
450 66 70
450 66 71
450 67 72
450 68 73
450 68 74
450 69 75
450 69 76
450 70 77
450 71 78
450 72 79
450 74 80
451 0 1
451 0 2
451 1 3
451 2 4
451 2 5
451 3 6
451 4 7
451 5 8
451 6 9
451 7 10
451 8 11
451 8 12
451 8 13
451 8 14
451 9 15
451 10 16
451 11 17
451 12 18
451 13 19
451 14 20
451 15 21
451 16 22
451 17 23
451 18 24
451 19 25
451 20 26
451 21 27
451 22 28
451 23 29
451 24 30
451 25 31
451 26 32
451 27 33
451 27 34
451 28 35
451 29 36
451 30 37
451 31 38
451 32 39
451 33 40
451 33 41
451 34 42
451 35 43
451 36 44
451 38 45
451 39 46
451 40 47
451 41 48
451 42 49
451 43 50
451 44 51
451 45 52
451 46 53
451 47 54
451 48 54
451 49 55
451 50 56
451 51 57
451 51 58
451 52 59
451 53 60
451 54 61
451 54 62
451 55 63
451 56 64
451 57 65
451 58 66
451 60 67
451 61 68
451 62 69
451 63 70
451 64 71
451 65 72
451 66 73
451 67 74
451 68 75
451 69 76
451 70 77
451 71 78
451 72 79
451 73 80
451 74 81
451 79 80
452 0 1
452 0 2
452 1 3
452 2 4
452 3 5
452 4 6
452 5 7
452 6 8
452 7 9
452 7 10
452 7 11
452 8 12
452 8 13
452 9 14
452 9 15
452 10 16
452 11 17
452 12 18
452 13 19
452 14 20
452 15 21
452 16 22
452 17 21
452 18 23
452 19 24
452 20 25
452 21 26
452 22 27
452 23 28
452 24 29
452 25 30
452 27 31
452 28 32
452 29 33
452 30 34
452 31 35
452 32 36
452 33 37
452 34 38
452 34 39
452 35 40
452 36 41
452 37 42
452 38 43
452 38 44
452 39 45
452 40 46
452 41 47
452 42 48
452 43 49
452 44 50
452 45 51
452 46 52
452 48 53
452 49 54
452 50 55
452 50 56
452 51 57
452 52 58
452 53 59
452 53 60
452 54 61
452 56 62
452 57 63
452 58 64
452 59 65
452 60 66
453 0 1
453 0 2
453 1 3
453 2 4
453 3 5
453 4 6
453 5 7
453 6 8
453 7 9
453 7 10
453 8 11
453 9 12
453 9 13
453 10 14
453 11 15
453 12 16
453 13 17
453 14 18
453 15 19
453 16 20
453 17 21
453 17 22
453 18 23
453 19 24
453 20 25
453 21 26
453 23 27
453 24 28
453 25 29
453 27 30
453 27 31
453 28 32
453 30 33
453 30 34
453 30 35
453 31 36
453 32 37
453 33 38
453 34 39
453 35 40
453 36 40
453 36 41
453 37 42
453 37 43
453 37 44
453 38 45
453 39 46
453 42 47
453 43 48
453 44 49
453 45 50
453 46 51
453 47 52
453 48 53
453 49 54
453 50 55
453 51 56
453 52 57
453 53 58
453 54 59
453 55 60
453 56 61
453 58 62
453 59 63
453 60 64
453 61 65
453 62 66
453 63 67
453 64 68
453 65 69
454 0 1
454 0 2
454 1 3
454 2 4
454 3 5
454 3 6
454 4 7
454 4 8
454 4 9
454 5 10
454 5 11
454 5 12
454 6 13
454 7 14
454 8 15
454 8 16
454 9 17
454 10 18
454 11 19
454 12 20
454 13 21
454 14 22
454 15 23
454 16 19
454 17 24
454 18 25
454 19 26
454 20 27
454 21 22
454 23 28
454 23 29
454 24 30
454 26 31
454 26 32
454 28 33
454 29 34
454 31 35
454 31 36
454 32 37
454 33 38
454 34 39
454 34 40
454 35 41
454 35 42
454 35 43
454 35 44
454 36 45
454 37 46
454 38 47
454 39 48
454 39 49
454 40 50
454 41 51
454 42 52
454 43 53
454 44 54
454 45 55
454 46 56
454 47 57
454 48 58
454 48 59
454 49 60
454 50 61
454 51 62
454 52 63
454 53 64
454 54 65
454 55 66
454 56 67
454 57 68
454 57 69
455 0 1
455 0 2
455 1 3
455 2 4
455 2 5
455 4 6
455 5 7
455 6 8
455 6 9
455 7 10
455 8 11
455 9 12
455 9 13
455 10 14
455 11 14
455 11 15
455 12 16
455 13 17
455 15 18
455 16 19
455 17 20
455 18 21
455 19 22
455 20 23
455 21 24
455 21 25
455 22 26
455 22 27
455 23 28
455 24 29
455 24 30
455 25 31
455 26 32
455 26 33
455 27 34
455 27 35
455 28 36
455 29 37
455 30 38
455 31 39
455 31 40
455 32 41
455 33 42
455 34 43
455 35 44
455 36 44
455 37 45
455 37 46
455 38 47
455 39 48
455 40 45
455 41 49
455 42 50
455 42 51
455 43 52
455 43 53
455 45 54
455 46 55
455 48 56
455 49 57
455 50 58
455 51 59
455 51 60
455 52 61
455 53 62
456 0 1
456 0 2
456 1 3
456 2 4
456 3 5
456 4 6
456 6 7
456 7 8
456 8 9
456 9 10
456 10 11
456 11 12
456 12 13
456 13 14
456 14 15
456 15 16
456 16 17
456 17 18
456 18 19
456 19 20
456 20 21
456 20 22
456 20 23
456 20 24
456 21 25
456 22 26
456 23 27
456 24 28
456 25 29
456 25 30
456 26 31
456 27 32
456 28 33
456 29 34
456 30 35
456 31 36
456 32 37
456 33 38
456 34 39
456 35 40
456 36 41
456 37 42
456 38 43
456 39 44
456 40 45
456 41 46
456 43 47
456 44 48
456 45 49
456 46 50
456 47 51
456 48 52
456 49 53
456 50 54
456 51 55
456 51 56
456 52 57
456 53 58
456 55 59
456 56 60
456 57 61
456 58 62
456 59 63
456 60 64
456 61 65
456 61 66
456 62 67
456 63 68
456 64 69
456 65 70
456 65 71
456 66 72
456 67 73
456 68 69
456 70 74
457 0 1
457 0 2
457 1 3
457 2 4
457 3 5
457 4 6
457 4 7
457 4 8
457 5 9
457 5 10
457 5 11
457 6 12
457 7 13
457 9 14
457 10 15
457 10 16
457 11 16
457 13 17
457 14 18
457 15 19
457 16 20
457 16 21
457 17 22
457 18 23
457 19 24
457 19 25
457 20 26
457 20 27
457 21 28
457 22 29
457 23 30
457 24 31
457 25 28
457 25 32
457 26 33
457 27 34
457 29 35
457 29 36
457 31 37
457 32 38
457 33 39
457 34 40
457 35 41
457 36 42
457 37 43
457 38 44
457 39 45
457 39 46
457 40 47
457 41 48
457 42 49
457 43 50
457 43 51
457 44 52
457 45 53
457 46 54
457 47 55
457 49 56
457 50 57
457 51 58
457 52 59
457 53 60
457 54 61
457 55 62
457 56 63
457 57 64
458 0 1
458 0 2
458 0 3
458 1 4
458 2 5
458 3 6
458 4 7
458 5 8
458 6 9
458 8 10
458 9 11
458 10 12
458 11 13
458 12 14
458 13 15
458 14 16
458 14 17
458 15 18
458 16 19
458 17 20
458 19 21
458 20 22
458 20 23
458 21 24
458 22 25
458 22 26
458 23 27
458 24 28
458 25 29
458 27 30
458 27 31
458 28 32
458 29 33
458 29 34
458 30 35
458 31 33
458 31 36
458 32 37
458 34 38
458 35 39
458 36 40
458 37 41
458 38 42
458 40 43
458 43 44
458 43 45
458 44 46
458 45 47
458 46 48
458 46 49
458 47 50
458 48 51
458 49 52
458 49 53
458 50 54
458 51 54
458 51 55
458 52 56
458 53 57
458 55 58
458 56 59
458 57 60
458 58 61
458 59 62
458 60 63
458 62 64
458 63 65
458 63 66
458 64 67
458 65 68
458 65 69
458 66 70
458 66 71
458 67 72
458 70 72
459 0 1
459 0 2
459 1 3
459 2 4
459 3 5
459 4 6
459 5 7
459 7 8
459 8 9
459 9 10
459 10 11
459 11 12
459 12 13
459 13 14
459 14 15
459 15 16
459 15 17
459 17 18
459 18 19
459 19 20
459 20 21
459 21 22
459 22 23
459 23 24
459 24 25
459 25 26
459 26 27
459 27 28
459 28 29
459 29 30
459 30 31
459 31 32
459 32 33
459 33 34
459 34 35
459 35 36
459 36 37
459 37 38
459 38 39
459 39 40
459 39 41
459 40 42
459 40 43
459 41 44
459 43 45
459 44 46
459 46 47
459 47 48
459 47 49
459 49 50
459 49 51
459 50 52
459 51 53
459 52 54
459 52 55
459 53 56
459 53 57
459 54 58
459 55 56
459 57 59
459 58 60
459 59 61
459 60 62
459 61 63
459 63 64
459 64 65
459 65 66
460 0 1
460 0 2
460 1 3
460 2 4
460 3 5
460 4 6
460 5 7
460 6 8
460 7 9
460 8 10
460 9 11
460 10 12
460 11 13
460 11 14
460 11 15
460 12 16
460 13 17
460 14 18
460 15 19
460 16 20
460 17 21
460 18 22
460 19 23
460 20 24
460 21 25
460 22 26
460 23 27
460 24 28
460 24 29
460 26 30
460 27 31
460 28 32
460 29 33
460 29 34
460 30 35
460 31 36
460 32 37
460 33 38
460 34 39
460 35 40
460 35 41
460 36 42
460 36 43
460 37 44
460 38 45
460 39 46
460 39 47
460 40 48
460 41 49
460 43 50
460 44 51
460 45 52
460 47 53
460 48 54
460 49 55
460 50 56
460 51 57
460 51 58
460 52 59
460 54 60
460 55 61
460 56 62
460 57 63
460 58 64
460 58 65
460 58 66
460 60 67
460 61 68
460 62 69
460 63 70
460 63 71
460 64 72
460 65 71
460 66 73
461 0 1
461 0 2
461 1 3
461 1 4
461 2 5
461 2 6
461 3 7
461 4 8
461 5 9
461 5 10
461 5 11
461 5 12
461 6 13
461 7 9
461 7 14
461 8 15
461 8 16
461 9 17
461 10 18
461 10 19
461 11 20
461 12 21
461 13 22
461 14 23
461 15 16
461 16 21
461 16 23
461 16 24
461 17 25
461 18 26
461 19 27
461 20 28
461 20 29
461 21 30
461 22 31
461 25 32
461 25 33
461 26 34
461 27 35
461 28 30
461 29 36
461 30 37
461 31 38
461 31 39
461 32 40
461 33 41
461 34 42
461 35 43
461 36 44
461 37 40
461 38 45
461 38 46
461 39 47
461 41 48
461 41 49
461 42 50
461 42 51
461 43 52
461 44 53
461 44 54
461 45 55
461 46 56
461 46 57
461 47 58
461 48 59
461 48 60
461 49 61
461 50 62
461 51 63
461 52 63
461 53 64
461 54 65
461 54 66
461 55 67
461 56 68
461 57 69
461 57 70
461 58 71
461 59 72
461 67 68
461 67 69
462 0 1
462 0 2
462 1 3
462 2 4
462 2 5
462 3 6
462 4 7
462 5 8
462 5 9
462 5 10
462 6 11
462 7 12
462 8 13
462 9 14
462 10 15
462 11 16
462 12 17
462 13 18
462 14 19
462 14 20
462 15 21
462 16 17
462 17 22
462 17 23
462 19 23
462 20 24
462 20 25
462 22 26
462 23 27
462 24 28
462 25 29
462 25 30
462 26 31
462 27 32
462 28 33
462 29 34
462 29 35
462 29 36
462 29 37
462 30 38
462 31 39
462 32 40
462 32 41
462 33 42
462 34 43
462 35 44
462 36 45
462 37 46
462 38 47
462 40 48
462 41 49
462 42 50
462 43 51
462 44 52
462 45 53
462 46 54
462 47 55
462 48 56
462 48 57
462 49 58
462 50 59
462 51 60
462 52 61
462 53 62
462 54 63
462 55 64
462 56 65
462 57 66
462 57 67
462 58 68
462 59 69
462 60 70
462 61 71
462 62 72
462 63 73
462 63 74
462 63 75
462 64 76
462 64 77
462 65 78
462 66 79
462 66 80
462 67 81
462 68 82
462 69 83
462 70 84
462 70 85
462 73 86
462 75 85
463 0 1
463 0 2
463 1 3
463 2 4
463 3 5
463 4 6
463 5 7
463 5 8
463 6 9
463 7 10
463 8 11
463 9 12
463 10 13
463 10 14
463 10 15
463 10 16
463 11 17
463 12 18
463 13 19
463 14 20
463 15 21
463 16 22
463 17 23
463 18 24
463 19 25
463 20 26
463 21 27
463 22 28
463 23 29
463 24 30
463 25 31
463 26 32
463 27 33
463 28 34
463 29 35
463 30 36
463 31 37
463 32 38
463 33 39
463 34 40
463 35 41
463 36 42
463 37 43
463 38 44
463 39 45
463 41 46
463 42 47
463 42 48
463 43 49
463 44 50
463 45 51
463 46 52
463 46 53
463 47 54
463 47 55
463 48 56
463 49 57
463 50 58
463 51 59
463 51 60
463 52 61
463 52 62
463 53 63
463 54 64
463 55 65
463 56 66
463 58 67
463 59 68
463 60 69
463 61 70
463 62 71
463 63 72
463 64 73
464 0 1
464 0 2
464 1 3
464 2 4
464 4 5
464 5 6
464 6 7
464 7 8
464 8 9
464 8 10
464 9 11
464 10 12
464 11 13
464 12 14
464 13 15
464 14 16
464 15 17
464 16 18
464 16 19
464 17 20
464 18 21
464 19 22
464 19 23
464 20 24
464 20 25
464 21 26
464 21 27
464 22 28
464 23 29
464 24 30
464 25 31
464 26 29
464 26 32
464 26 33
464 27 32
464 27 34
464 27 35
464 28 36
464 30 37
464 30 38
464 31 39
464 33 40
464 33 41
464 34 42
464 35 43
464 36 44
464 37 45
464 38 46
464 39 47
464 40 48
464 41 49
464 42 50
464 43 51
464 44 52
464 45 53
464 46 54
464 47 55
464 47 56
464 48 57
464 49 58
464 50 59
464 51 60
464 52 61
464 53 62
464 54 63
464 55 64
464 56 65
464 57 66
464 58 67
464 58 68
464 59 69
464 60 70
464 61 71
464 62 72
464 63 73
465 0 1
465 0 2
465 1 3
465 2 4
465 3 5
465 4 6
465 5 7
465 6 8
465 7 9
465 8 10
465 9 11
465 10 12
465 11 13
465 11 14
465 12 15
465 12 16
465 13 17
465 14 18
465 15 19
465 16 20
465 17 21
465 18 22
465 19 23
465 20 24
465 20 25
465 21 26
465 22 27
465 23 28
465 24 29
465 25 30
465 26 31
465 27 32
465 28 33
465 29 34
465 30 35
465 31 36
465 32 37
465 33 38
465 34 39
465 34 40
465 34 41
465 35 42
465 37 39
465 38 43
465 40 44
465 41 45
465 42 46
465 43 47
465 44 48
465 45 49
465 46 50
465 47 51
465 48 52
465 49 53
465 51 54
465 53 55
465 54 56
465 55 57
465 56 58
465 56 59
466 0 1
466 0 2
466 1 3
466 2 4
466 3 5
466 4 6
466 5 7
466 6 8
466 7 9
466 8 10
466 9 11
466 10 12
466 11 13
466 11 14
466 12 15
466 14 16
466 15 17
466 16 18
466 17 19
466 18 20
466 20 21
466 21 22
466 22 23
466 23 24
466 24 25
466 25 26
466 26 27
466 27 28
466 28 29
466 29 30
466 30 31
466 31 32
466 32 33
466 33 34
466 34 35
466 35 36
466 36 37
466 37 38
466 38 39
466 39 40
466 39 41
466 40 42
466 41 43
466 41 44
466 42 45
466 44 46
466 45 47
466 47 48
466 47 49
466 48 50
466 48 51
466 50 52
466 51 53
466 52 54
466 52 55
466 53 56
466 53 57
466 54 56
466 55 58
466 57 59
466 58 60
466 59 61
466 60 62
466 61 63
466 62 64
466 64 65
466 65 66
466 66 67
466 67 68
466 68 69
466 69 70
466 70 71
467 0 1
467 0 2
467 1 3
467 2 4
467 2 5
467 3 6
467 3 7
467 3 8
467 4 9
467 6 10
467 7 11
467 8 12
467 9 13
467 10 14
467 10 15
467 11 16
467 12 17
467 13 18
467 14 19
467 14 20
467 15 21
467 16 22
467 16 23
467 17 24
467 18 25
467 19 26
467 20 27
467 21 28
467 21 29
467 22 30
467 23 31
467 24 27
467 25 32
467 26 33
467 28 34
467 29 35
467 30 36
467 31 37
467 32 38
467 33 39
467 34 40
467 35 41
467 35 42
467 36 43
467 37 44
467 38 45
467 39 46
467 40 47
467 41 48
467 41 49
467 41 50
467 41 51
467 42 52
467 42 53
467 43 54
467 44 55
467 45 56
467 46 57
467 47 58
468 0 1
468 0 2
468 1 3
468 2 4
468 3 5
468 4 6
468 5 7
468 6 8
468 7 9
468 8 10
468 9 11
468 10 12
468 11 13
468 12 14
468 14 15
468 15 16
468 16 17
468 17 18
468 17 19
468 18 20
468 19 21
468 20 22
468 21 23
468 22 24
468 23 25
468 24 26
468 25 27
468 26 28
468 26 29
468 26 30
468 28 31
468 29 32
468 30 33
468 31 34
468 32 35
468 33 36
468 33 37
468 34 38
468 35 39
468 36 38
468 37 40
468 39 41
468 39 42
468 41 43
468 41 44
468 42 45
468 43 46
468 44 47
468 45 48
468 46 49
468 47 50
468 48 51
468 49 52
468 50 52
468 51 53
468 51 54
468 51 55
468 52 56
468 53 57
468 54 58
468 55 59
468 56 60
468 56 61
468 57 62
468 58 63
468 59 64
468 60 65
468 61 66
468 62 67
468 63 68
468 63 69
468 64 70
468 65 71
468 67 72
468 67 73
468 67 74
468 67 75
468 68 76
468 69 77
468 70 76
468 70 78
468 71 79
468 71 80
468 72 81
468 73 82
468 74 83
468 74 84
469 0 1
469 0 2
469 0 3
469 0 4
469 0 5
469 1 6
469 2 7
469 2 8
469 3 9
469 3 10
469 4 11
469 4 12
469 5 13
469 6 14
469 6 15
469 7 16
469 8 17
469 9 18
469 10 19
469 11 20
469 11 21
469 12 22
469 13 23
469 13 24
469 14 25
469 15 24
469 16 26
469 17 27
469 18 28
469 19 20
469 19 29
469 21 30
469 22 31
469 22 32
469 23 30
469 23 33
469 23 34
469 23 35
469 24 36
469 25 37
469 26 38
469 27 39
469 28 40
469 29 33
469 31 41
469 32 42
469 33 34
469 36 41
469 37 43
469 37 44
469 38 45
469 38 46
469 39 47
469 40 48
469 40 49
469 42 50
469 42 51
469 43 52
469 43 53
469 44 54
469 45 55
469 46 56
469 47 55
469 48 57
469 49 58
469 49 59
469 50 60
469 51 61
469 51 62
469 52 63
469 53 64
469 55 65
469 56 65
469 57 66
469 58 67
469 59 68
469 59 69
469 60 70
469 60 71
469 60 72
469 61 73
469 62 74
469 63 75
469 64 76
469 66 77
469 67 78
469 68 79
469 68 80
469 69 81
469 78 80
469 78 81
470 0 1
470 0 2
470 0 3
470 1 4
470 2 5
470 3 6
470 3 7
470 4 8
470 5 9
470 5 10
470 6 11
470 7 12
470 8 13
470 9 14
470 10 15
470 11 16
470 12 17
470 13 18
470 14 19
470 15 20
470 16 21
470 17 22
470 18 23
470 19 24
470 19 25
470 20 26
470 21 27
470 22 28
470 23 26
470 24 29
470 24 30
470 25 31
470 27 32
470 28 33
470 29 34
470 29 35
470 30 36
470 31 37
470 31 38
470 32 39
470 33 40
470 34 41
470 34 42
470 35 43
470 36 43
470 36 44
470 37 45
470 37 46
470 38 47
470 39 48
470 40 49
470 41 50
470 41 51
470 42 44
470 45 52
470 46 53
470 46 54
470 47 55
470 48 56
470 49 57
470 50 58
470 51 59
470 52 60
470 53 61
470 54 62
470 55 63
470 56 64
470 57 65
470 58 66
470 59 67
470 60 68
471 0 1
471 0 2
471 1 3
471 2 4
471 3 5
471 3 6
471 4 7
471 5 8
471 6 9
471 7 10
471 7 11
471 8 12
471 9 10
471 9 13
471 11 14
471 13 15
471 13 16
471 14 17
471 15 18
471 16 19
471 17 20
471 17 21
471 18 22
471 19 23
471 20 24
471 20 25
471 21 26
471 22 27
471 23 28
471 24 29
471 25 30
471 26 31
471 26 32
471 27 33
471 27 34
471 28 35
471 29 36
471 30 37
471 30 38
471 31 37
471 32 39
471 33 40
471 33 41
471 34 42
471 34 43
471 35 44
471 37 45
471 38 46
471 39 47
471 40 48
471 41 49
471 42 50
471 43 51
471 44 49
471 46 52
471 46 53
471 48 54
471 48 55
471 50 56
471 50 57
471 51 58
471 52 59
471 53 60
471 54 61
471 55 62
471 56 63
471 56 64
471 57 65
471 58 66
471 59 67
471 60 68
471 61 69
471 61 70
471 62 71
472 0 1
472 0 2
472 1 3
472 2 4
472 3 5
472 4 6
472 5 7
472 6 8
472 7 9
472 8 10
472 9 11
472 10 12
472 11 13
472 12 14
472 12 15
472 12 16
472 12 17
472 13 18
472 14 19
472 15 20
472 16 21
472 17 22
472 18 23
472 19 24
472 20 25
472 21 26
472 22 27
472 22 28
472 23 29
472 24 30
472 25 31
472 26 32
472 27 33
472 28 34
472 29 35
472 30 36
472 31 37
472 32 38
472 33 39
472 34 40
472 35 41
472 37 42
472 38 43
472 39 44
472 40 45
472 41 46
472 42 47
472 43 48
472 44 49
472 45 50
472 46 51
472 47 52
472 47 53
472 48 54
472 49 55
472 50 56
472 52 57
472 53 58
472 55 59
472 56 60
472 57 61
472 58 62
472 59 63
473 0 1
473 0 2
473 1 3
473 2 4
473 4 5
473 5 6
473 6 7
473 7 8
473 8 9
473 8 10
473 9 11
473 10 12
473 11 13
473 12 14
473 13 15
473 14 16
473 15 17
473 16 18
473 17 19
473 18 20
473 19 21
473 20 22
473 21 23
473 22 24
473 23 25
473 24 26
473 24 27
473 24 28
473 25 29
473 25 30
473 26 31
473 26 32
473 27 33
473 28 34
473 29 35
473 30 36
473 31 37
473 32 38
473 33 38
473 34 39
473 35 40
473 35 41
473 36 42
473 37 43
473 38 44
473 39 45
473 40 46
473 41 47
473 42 48
473 43 49
473 45 50
473 46 51
473 47 52
473 48 53
473 49 54
473 50 55
473 51 56
473 52 57
473 53 58
473 54 59
473 54 60
473 55 61
473 56 62
473 57 63
473 57 64
473 58 65
473 59 66
473 60 67
473 60 68
473 61 69
473 62 70
474 0 1
474 0 2
474 1 3
474 2 4
474 3 5
474 4 6
474 5 7
474 6 8
474 7 9
474 8 10
474 10 11
474 11 12
474 12 13
474 12 14
474 13 15
474 14 16
474 14 17
474 15 18
474 16 19
474 17 20
474 18 20
474 18 21
474 18 22
474 19 23
474 20 24
474 21 25
474 21 26
474 22 24
474 23 27
474 24 28
474 24 29
474 25 30
474 26 31
474 27 32
474 27 33
474 28 34
474 29 35
474 30 36
474 31 37
474 32 38
474 33 39
474 34 40
474 35 41
474 36 42
474 37 43
474 37 44
474 38 45
474 39 46
474 40 47
474 41 48
474 42 49
474 43 50
474 44 51
474 45 52
474 46 53
474 47 54
474 48 55
474 49 56
474 50 57
474 51 58
474 52 59
474 53 60
474 54 61
474 54 62
474 54 63
474 57 64
474 58 65
474 59 66
474 60 67
474 61 68
474 62 69
474 64 70
474 65 71
474 66 72
474 67 73
474 67 74
474 68 75
474 70 76
474 71 76
474 71 77
474 72 78
474 73 79
474 74 80
474 75 81
474 77 82
475 0 1
475 0 2
475 1 3
475 2 4
475 3 5
475 4 6
475 5 7
475 6 8
475 7 9
475 7 10
475 8 11
475 9 12
475 10 13
475 11 14
475 11 15
475 12 16
475 13 17
475 13 18
475 14 19
475 15 20
475 16 21
475 17 22
475 18 23
475 19 24
475 20 25
475 21 26
475 22 27
475 23 28
475 24 29
475 25 30
475 26 31
475 27 32
475 28 33
475 29 34
475 30 35
475 31 36
475 32 37
475 33 38
475 33 39
475 34 40
475 35 41
475 36 42
475 37 43
475 38 44
475 39 45
475 40 46
475 41 47
475 42 48
475 43 49
475 43 50
475 44 51
475 46 52
475 47 53
475 48 54
475 49 55
475 50 56
475 52 57
475 52 58
475 52 59
475 54 60
475 54 61
475 55 62
475 56 63
475 57 64
475 58 65
475 58 66
475 59 67
475 60 68
476 0 1
476 1 2
476 2 3
476 2 4
476 3 5
476 4 6
476 5 7
476 5 8
476 6 9
476 7 10
476 8 11
476 9 12
476 10 13
476 11 14
476 12 15
476 13 16
476 13 17
476 14 18
476 15 19
476 15 20
476 16 21
476 17 22
476 18 22
476 18 23
476 18 24
476 19 25
476 19 26
476 20 27
476 20 28
476 20 29
476 20 30
476 21 31
476 23 32
476 24 33
476 25 34
476 25 35
476 26 36
476 27 31
476 28 33
476 29 37
476 30 38
476 32 39
476 34 40
476 35 41
476 36 42
476 37 43
476 38 44
476 39 45
476 40 46
476 40 47
476 41 48
476 41 49
476 41 50
476 42 51
476 43 52
476 44 53
476 45 54
476 45 55
476 46 56
476 46 57
476 46 58
476 47 59
477 0 1
477 0 2
477 1 3
477 2 4
477 3 5
477 4 6
477 5 7
477 6 8
477 7 9
477 8 10
477 9 11
477 10 12
477 11 13
477 12 14
477 13 15
477 14 16
477 15 17
477 16 18
477 17 19
477 18 20
477 19 21
477 20 22
477 21 23
477 22 24
477 23 25
477 24 26
477 25 27
477 26 28
477 27 29
477 27 30
477 28 31
477 29 32
477 30 33
477 30 34
477 31 35
477 32 36
477 33 37
477 34 38
477 35 39
477 36 40
477 37 41
477 37 42
477 38 43
477 39 44
477 40 45
477 41 46
477 42 47
477 43 48
477 44 49
477 45 50
477 46 51
477 47 52
477 48 53
477 49 54
477 50 55
477 51 56
477 52 57
477 52 58
477 53 59
477 54 60
477 55 61
477 56 59
477 57 62
477 58 63
477 58 64
477 60 65
477 61 66
477 62 67
477 62 68
477 63 69
477 63 70
477 64 71
477 65 72
477 66 73
477 67 74
477 68 75
477 68 76
477 69 77
477 71 77
478 0 1
478 0 2
478 1 3
478 2 4
478 3 5
478 4 6
478 4 7
478 5 8
478 5 9
478 6 10
478 6 11
478 6 12
478 7 13
478 8 14
478 9 15
478 9 16
478 10 17
478 11 18
478 12 19
478 13 17
478 13 20
478 14 21
478 15 22
478 16 23
478 18 24
478 19 25
478 21 26
478 22 27
478 23 28
478 23 29
478 24 30
478 25 31
478 26 32
478 27 33
478 28 34
478 30 35
478 31 36
478 32 37
478 33 38
478 35 39
478 36 40
478 37 41
478 39 42
478 40 43
478 41 44
478 42 45
478 43 46
478 44 47
478 45 48
478 46 49
478 46 50
478 47 51
478 48 52
478 49 53
478 50 54
478 51 55
478 52 56
478 53 57
478 54 58
478 55 59
478 56 60
478 57 61
478 58 62
478 59 63
478 60 64
478 61 65
478 62 66
479 0 1
479 0 2
479 1 3
479 2 4
479 3 5
479 4 6
479 5 7
479 6 8
479 6 9
479 7 10
479 8 11
479 8 12
479 9 13
479 10 14
479 11 15
479 12 16
479 13 17
479 14 18
479 15 19
479 15 20
479 16 21
479 17 22
479 18 23
479 19 24
479 21 25
479 22 26
479 23 27
479 25 28
479 26 29
479 26 30
479 27 31
479 29 32
479 29 33
479 29 34
479 30 35
479 31 36
479 32 37
479 33 38
479 34 39
479 35 38
479 35 40
479 36 41
479 37 42
479 39 43
479 41 44
479 41 45
479 41 46
479 42 47
479 43 48
479 44 49
479 45 50
479 46 51
479 47 52
479 48 53
479 49 54
479 50 55
479 51 56
479 52 57
479 53 58
479 54 59
479 55 60
479 56 61
479 57 62
479 58 63
479 59 64
480 0 1
480 0 2
480 1 3
480 2 4
480 3 5
480 4 6
480 5 7
480 6 8
480 7 9
480 8 10
480 8 11
480 8 12
480 8 13
480 9 14
480 10 15
480 11 16
480 12 17
480 13 18
480 14 19
480 15 20
480 16 21
480 17 22
480 17 23
480 18 24
480 19 25
480 20 26
480 21 27
480 22 28
480 23 29
480 24 30
480 25 31
480 26 32
480 27 33
480 28 34
480 29 35
480 30 36
480 31 37
480 32 38
480 33 39
480 34 40
480 35 41
480 37 42
480 38 43
480 39 44
480 40 45
480 41 46
480 42 47
480 43 48
480 43 49
480 44 50
480 45 51
480 46 52
480 47 53
480 48 54
480 49 55
480 51 56
480 52 57
480 53 58
480 54 59
480 55 60
480 56 61
480 57 62
480 58 63
481 0 1
481 0 2
481 1 3
481 2 4
481 3 5
481 4 6
481 5 7
481 6 8
481 7 9
481 8 10
481 8 11
481 8 12
481 9 13
481 10 14
481 11 15
481 12 16
481 13 17
481 14 18
481 15 19
481 16 20
481 17 21
481 18 22
481 19 23
481 20 24
481 21 25
481 23 26
481 24 27
481 25 28
481 26 29
481 27 30
481 28 31
481 29 32
481 29 33
481 30 34
481 30 35
481 31 36
481 31 37
481 32 38
481 33 39
481 34 40
481 36 41
481 36 42
481 37 43
481 38 44
481 39 45
481 40 46
481 41 47
481 42 48
481 43 49
481 44 50
481 45 51
481 46 52
481 47 53
481 48 54
481 48 55
481 49 56
481 50 57
481 51 58
481 52 59
481 53 60
481 54 61
481 56 62
481 57 63
481 58 64
481 59 65
481 60 66
482 0 1
482 0 2
482 1 3
482 2 4
482 3 5
482 4 6
482 5 7
482 6 8
482 7 9
482 9 10
482 10 11
482 11 12
482 12 13
482 12 14
482 13 15
482 13 16
482 14 17
482 15 18
482 16 19
482 17 20
482 18 21
482 19 20
482 19 22
482 20 23
482 20 24
482 21 25
482 22 24
482 22 26
482 22 27
482 23 28
482 23 29
482 25 30
482 25 31
482 26 32
482 27 33
482 28 34
482 29 35
482 30 36
482 31 37
482 32 38
482 33 39
482 34 40
482 35 41
482 36 42
482 37 43
482 38 44
482 39 45
482 40 46
482 40 47
482 41 48
482 42 49
482 43 50
482 44 51
482 45 52
482 46 53
482 47 54
482 48 55
482 49 56
482 50 57
482 52 58
482 52 59
482 52 60
482 53 61
482 54 62
482 55 63
483 0 1
483 0 2
483 1 3
483 1 4
483 2 5
483 2 6
483 3 7
483 4 8
483 5 9
483 5 10
483 6 7
483 6 11
483 8 11
483 9 12
483 10 13
483 11 14
483 12 15
483 13 16
483 13 17
483 14 18
483 14 19
483 15 20
483 15 21
483 16 22
483 16 23
483 17 24
483 18 25
483 19 26
483 20 27
483 21 28
483 22 29
483 23 30
483 23 31
483 24 32
483 25 33
483 26 34
483 27 35
483 28 36
483 28 37
483 29 38
483 30 39
483 31 40
483 32 41
483 33 42
483 34 43
483 35 44
483 36 45
483 37 46
483 37 47
483 38 48
483 39 49
483 40 43
483 40 50
483 42 51
483 42 52
483 44 53
483 45 54
483 46 55
483 47 56
483 48 57
483 48 58
483 49 59
483 50 60
483 51 61
483 51 62
483 51 63
483 51 64
483 52 65
484 0 1
484 0 2
484 1 3
484 2 4
484 3 5
484 4 6
484 5 7
484 6 8
484 6 9
484 7 10
484 8 11
484 9 12
484 10 13
484 11 14
484 11 15
484 12 16
484 13 17
484 14 16
484 15 18
484 15 19
484 16 20
484 17 21
484 19 22
484 20 23
484 21 24
484 22 25
484 23 26
484 24 27
484 24 28
484 24 29
484 25 30
484 26 31
484 27 32
484 28 33
484 29 34
484 30 35
484 30 36
484 32 37
484 33 38
484 34 39
484 35 40
484 36 41
484 36 42
484 37 43
484 38 44
484 39 45
484 40 46
484 42 47
484 43 48
484 44 49
484 45 49
484 45 50
484 46 51
484 48 52
484 50 53
484 51 54
484 52 55
484 53 56
484 54 57
484 56 58
484 57 59
484 58 60
484 59 61
484 60 62
484 60 63
484 60 64
484 61 65
484 62 66
484 63 67
484 64 68
484 65 69
484 66 70
484 67 71
484 68 71
484 69 72
484 71 73
484 72 74
484 73 75
484 73 76
484 74 77
484 75 78
484 76 79
484 77 80
484 78 81
485 0 1
485 0 2
485 0 3
485 1 4
485 2 5
485 2 6
485 3 7
485 4 8
485 5 9
485 6 10
485 7 11
485 8 12
485 9 13
485 10 14
485 11 12
485 12 15
485 13 16
485 14 17
485 15 18
485 15 19
485 16 20
485 16 21
485 16 22
485 17 23
485 17 24
485 17 25
485 18 26
485 19 27
485 20 28
485 21 29
485 22 30
485 23 31
485 24 32
485 25 33
485 26 34
485 28 35
485 29 36
485 30 37
485 31 38
485 32 39
485 33 40
485 33 41
485 34 42
485 34 43
485 35 44
485 36 45
485 37 46
485 37 47
485 38 48
485 39 49
485 40 50
485 41 48
485 42 51
485 43 52
485 44 53
485 44 54
485 45 55
485 45 56
485 45 57
485 45 58
485 46 54
485 47 59
485 49 60
485 51 61
485 51 62
485 52 63
485 52 64
485 52 65
485 52 66
485 53 67
485 55 68
485 56 69
485 57 70
485 57 71
485 58 72
485 59 72
485 60 73
485 60 74
485 61 64
485 61 75
485 62 76
485 63 77
485 63 78
485 65 79
486 0 1
486 0 2
486 1 3
486 2 4
486 3 5
486 4 6
486 6 7
486 7 8
486 8 9
486 9 10
486 10 11
486 11 12
486 12 13
486 13 14
486 14 15
486 15 16
486 15 17
486 17 18
486 18 19
486 19 20
486 20 21
486 21 22
486 22 23
486 23 24
486 24 25
486 25 26
486 26 27
486 27 28
486 28 29
486 29 30
486 30 31
486 31 32
486 32 33
486 33 34
486 34 35
486 35 36
486 36 37
486 37 38
486 38 39
486 39 40
486 39 41
486 40 42
486 41 43
486 41 44
486 42 45
486 43 46
486 45 47
486 47 48
486 47 49
486 49 50
486 49 51
486 50 52
486 51 53
486 52 54
486 52 55
486 53 56
486 53 57
486 54 56
486 55 58
486 57 59
486 58 60
486 59 61
486 60 62
486 61 63
486 63 64
486 64 65
486 65 66
486 66 67
486 67 68
486 68 69
486 69 70
486 70 71
486 71 72
486 71 73
486 71 74
486 72 75
486 73 76
486 74 77
486 75 78
486 76 79
486 77 80
486 78 81
487 0 1
487 1 2
487 2 3
487 3 4
487 4 5
487 4 6
487 4 7
487 5 8
487 6 9
487 7 10
487 8 11
487 9 12
487 10 13
487 11 14
487 12 15
487 13 16
487 14 17
487 15 18
487 16 19
487 17 20
487 18 21
487 19 22
487 20 23
487 20 24
487 21 25
487 22 26
487 22 27
487 24 28
487 25 29
487 26 30
487 27 31
487 28 32
487 29 33
487 30 34
487 31 35
487 32 36
487 33 37
487 34 38
487 35 39
487 36 40
487 37 41
487 38 42
487 39 43
487 40 44
487 41 45
487 42 46
487 43 47
487 44 48
487 45 49
487 46 50
487 47 51
487 48 52
487 49 53
487 50 54
487 51 55
487 52 56
487 53 57
487 54 58
487 55 59
487 56 60
487 57 61
487 57 62
487 58 63
487 59 64
487 60 65
487 61 66
487 61 67
487 62 68
487 63 69
487 64 70
487 65 71
487 66 72
487 67 73
487 68 74
487 69 75
487 69 76
487 70 77
487 71 78
487 72 79
487 73 80
487 73 81
487 74 82
488 0 1
488 0 2
488 1 3
488 2 4
488 3 5
488 4 6
488 4 7
488 5 8
488 6 9
488 7 10
488 8 11
488 9 12
488 10 13
488 11 14
488 12 15
488 13 16
488 14 17
488 15 18
488 16 19
488 17 20
488 18 21
488 19 22
488 20 23
488 21 24
488 22 25
488 22 26
488 22 27
488 23 28
488 23 29
488 24 30
488 25 31
488 26 32
488 27 33
488 28 34
488 29 35
488 30 36
488 31 37
488 32 38
488 33 39
488 34 40
488 35 41
488 35 42
488 36 43
488 37 44
488 38 45
488 39 46
488 40 47
488 41 48
488 42 49
488 43 50
488 44 51
488 46 52
488 47 53
488 48 54
488 49 55
488 50 56
488 51 57
488 52 58
488 53 59
488 54 60
489 0 1
489 0 2
489 1 3
489 2 4
489 3 5
489 4 6
489 5 7
489 6 8
489 6 9
489 7 10
489 7 11
489 7 12
489 8 10
489 8 13
489 9 14
489 11 15
489 12 16
489 13 17
489 14 18
489 15 19
489 16 20
489 17 21
489 17 22
489 18 23
489 19 24
489 19 25
489 20 26
489 20 27
489 21 28
489 22 29
489 23 30
489 24 31
489 25 32
489 26 33
489 28 34
489 28 35
489 29 36
489 30 37
489 31 38
489 32 39
489 33 40
489 34 41
489 34 42
489 34 43
489 34 44
489 35 45
489 35 46
489 36 47
489 37 48
489 38 49
489 39 50
489 40 51
489 41 52
489 41 53
489 42 54
489 43 55
489 43 56
489 44 57
489 45 58
489 46 59
489 47 57
489 47 60
489 48 61
489 49 62
489 50 63
489 51 64
489 52 65
489 53 66
489 54 60
489 54 67
489 55 68
489 56 58
489 57 69
489 58 70
489 59 69
489 61 71
489 62 72
489 63 72
490 0 1
490 0 2
490 1 3
490 2 4
490 3 5
490 4 6
490 5 7
490 6 8
490 6 9
490 7 10
490 8 11
490 8 12
490 9 13
490 10 14
490 11 15
490 12 16
490 13 17
490 14 18
490 15 19
490 16 19
490 17 20
490 18 21
490 19 22
490 19 23
490 20 24
490 21 25
490 22 26
490 23 27
490 24 28
490 25 29
490 26 30
490 27 31
490 28 32
490 31 33
490 32 34
490 33 35
490 34 36
490 34 37
490 35 38
490 35 39
490 36 40
490 37 41
490 38 42
490 39 43
490 40 44
490 40 45
490 40 46
490 40 47
490 41 48
490 42 49
490 43 50
490 44 51
490 45 52
490 46 53
490 47 54
490 48 55
490 49 56
490 50 57
490 51 58
490 52 59
490 53 60
490 54 61
490 55 62
490 56 63
490 56 64
490 56 65
490 57 64
490 58 66
490 59 67
490 60 68
490 61 69
490 62 70
490 63 71
490 65 72
490 66 73
491 0 1
491 0 2
491 1 3
491 2 4
491 3 5
491 4 6
491 5 7
491 6 8
491 7 9
491 8 10
491 9 11
491 10 12
491 11 13
491 12 14
491 13 15
491 14 16
491 15 17
491 16 18
491 17 19
491 18 20
491 19 21
491 20 22
491 20 23
491 21 24
491 22 25
491 23 26
491 23 27
491 24 28
491 25 29
491 26 30
491 27 31
491 28 32
491 29 33
491 30 34
491 30 35
491 31 36
491 32 37
491 33 38
491 34 39
491 35 40
491 36 41
491 37 42
491 38 43
491 39 44
491 40 45
491 41 46
491 42 47
491 43 48
491 44 49
491 44 50
491 45 51
491 46 52
491 47 53
491 48 54
491 49 55
491 49 56
491 50 57
491 51 52
491 53 58
491 54 59
491 55 60
491 55 61
491 56 62
491 57 63
491 57 64
491 58 65
491 59 66
491 60 67
491 60 68
491 61 69
491 62 69
491 62 70
491 63 71
491 64 72
491 64 73
491 67 70
492 0 1
492 1 2
492 2 3
492 3 4
492 4 5
492 4 6
492 5 7
492 6 8
492 6 9
492 7 10
492 7 11
492 8 12
492 8 13
492 9 14
492 10 15
492 11 16
492 11 17
492 12 18
492 13 19
492 14 20
492 15 21
492 16 22
492 17 23
492 17 24
492 18 25
492 18 26
492 19 27
492 20 28
492 21 29
492 21 30
492 22 31
492 22 32
492 23 32
492 24 33
492 24 34
492 25 35
492 26 36
492 27 37
492 28 38
492 28 39
492 29 40
492 30 41
492 31 33
492 34 42
492 34 43
492 35 44
492 36 45
492 36 46
492 37 47
492 38 48
492 38 49
492 39 50
492 40 51
492 41 52
492 41 53
492 42 54
492 43 44
492 45 55
492 45 56
492 45 57
492 46 58
492 47 59
492 48 60
492 49 61
492 50 59
492 51 62
492 52 63
492 53 64
492 53 65
492 54 66
492 55 67
492 56 68
492 57 69
492 58 70
492 58 71
492 60 72
492 60 73
492 61 74
492 61 75
492 62 76
493 0 1
493 1 2
493 2 3
493 3 4
493 4 5
493 5 6
493 6 7
493 7 8
493 8 9
493 9 10
493 10 11
493 11 12
493 12 13
493 13 14
493 14 15
493 15 16
493 16 17
493 17 18
493 17 19
493 18 20
493 19 21
493 20 22
493 21 23
493 22 24
493 23 25
493 24 26
493 25 27
493 26 28
493 26 29
493 26 30
493 28 31
493 29 32
493 30 33
493 31 34
493 32 35
493 33 36
493 33 37
493 34 38
493 35 39
493 36 39
493 37 40
493 38 41
493 38 42
493 41 43
493 42 44
493 42 45
493 43 46
493 44 47
493 45 48
493 46 49
493 47 50
493 48 51
493 49 52
493 49 53
493 49 54
493 50 55
493 51 55
493 52 56
493 53 57
493 54 58
493 55 59
493 56 60
493 57 61
493 58 62
493 59 63
493 59 64
493 60 65
493 61 66
493 62 67
493 62 68
493 63 69
493 64 70
493 65 71
493 65 72
494 0 1
494 1 2
494 2 3
494 3 4
494 3 5
494 4 6
494 5 7
494 6 8
494 7 9
494 8 10
494 9 11
494 10 12
494 11 13
494 12 14
494 13 15
494 14 16
494 15 17
494 16 18
494 17 19
494 18 20
494 19 21
494 20 22
494 21 23
494 22 24
494 23 25
494 24 26
494 25 27
494 26 28
494 27 29
494 28 30
494 29 31
494 31 32
494 32 33
494 33 34
494 34 35
494 35 36
494 36 37
494 37 38
494 38 39
494 39 40
494 40 41
494 41 42
494 42 43
494 43 44
494 44 45
494 45 46
494 46 47
494 47 48
494 48 49
494 49 50
494 50 51
494 51 52
494 52 53
494 53 54
494 54 55
494 55 56
494 56 57
494 56 58
494 56 59
494 57 60
494 58 61
494 59 62
494 60 63
494 61 64
494 62 65
494 63 66
494 63 67
494 64 68
494 65 69
494 66 70
494 67 71
494 69 72
494 70 73
494 70 74
494 71 75
494 72 76
494 73 77
494 74 78
494 75 79
495 0 1
495 0 2
495 1 3
495 2 4
495 3 5
495 4 6
495 5 7
495 6 8
495 7 9
495 8 10
495 8 11
495 9 12
495 10 13
495 11 14
495 12 15
495 13 16
495 14 17
495 15 18
495 16 19
495 17 20
495 19 21
495 20 22
495 21 23
495 22 24
495 23 25
495 24 26
495 24 27
495 24 28
495 25 29
495 26 30
495 27 31
495 28 32
495 29 33
495 30 34
495 31 35
495 32 36
495 33 37
495 34 38
495 35 39
495 36 40
495 37 41
495 39 42
495 40 43
495 41 44
495 41 45
495 42 46
495 43 47
495 44 48
495 45 49
495 46 50
495 47 51
495 47 52
495 48 53
495 49 54
495 49 55
495 50 56
495 51 57
495 53 58
495 54 59
495 55 60
495 56 61
495 57 62
495 58 63
495 59 64
495 60 65
495 61 66
495 62 67
495 63 68
495 64 69
495 65 70
495 65 71
495 65 72
495 66 73
496 0 1
496 0 2
496 1 3
496 2 4
496 3 5
496 4 6
496 5 7
496 5 8
496 6 9
496 8 10
496 9 11
496 10 12
496 11 13
496 12 14
496 13 15
496 14 16
496 15 17
496 16 18
496 17 19
496 18 20
496 19 21
496 20 22
496 21 23
496 22 24
496 23 25
496 24 26
496 26 27
496 27 28
496 28 29
496 29 30
496 30 31
496 31 32
496 32 33
496 33 34
496 34 35
496 35 36
496 36 37
496 37 38
496 38 39
496 39 40
496 39 41
496 40 42
496 40 43
496 41 44
496 42 45
496 44 46
496 46 47
496 47 48
496 47 49
496 48 50
496 48 51
496 50 52
496 51 53
496 52 54
496 52 55
496 53 56
496 53 57
496 54 58
496 55 57
496 56 59
496 58 60
496 59 61
496 60 62
496 61 63
496 63 64
496 64 65
496 65 66
497 0 1
497 0 2
497 1 3
497 1 4
497 2 5
497 3 6
497 4 7
497 5 8
497 6 9
497 7 10
497 8 11
497 9 12
497 10 13
497 11 14
497 12 15
497 13 16
497 14 17
497 15 18
497 16 19
497 17 20
497 18 21
497 19 22
497 20 23
497 21 24
497 22 25
497 23 26
497 23 27
497 24 28
497 24 29
497 24 30
497 26 31
497 27 32
497 28 33
497 29 34
497 30 35
497 30 36
497 31 37
497 31 38
497 32 39
497 33 40
497 34 41
497 35 41
497 36 42
497 37 43
497 38 44
497 39 45
497 40 46
497 41 47
497 42 48
497 43 49
497 44 50
497 45 51
497 46 52
497 48 53
497 49 54
497 50 55
497 51 56
497 52 57
497 53 58
497 54 59
497 55 60
497 55 61
497 56 62
497 57 63
497 58 64
497 58 65
497 59 66
497 60 67
497 61 68
497 62 69
497 63 70
497 64 71
498 0 1
498 0 2
498 1 3
498 1 4
498 2 5
498 3 6
498 3 7
498 4 8
498 4 9
498 4 10
498 4 11
498 5 12
498 6 13
498 7 14
498 7 15
498 8 16
498 9 17
498 10 18
498 11 19
498 12 20
498 13 21
498 14 22
498 15 23
498 16 24
498 17 25
498 18 26
498 19 27
498 20 28
498 20 29
498 21 30
498 22 31
498 22 32
498 22 33
498 23 34
498 23 35
498 24 36
498 25 37
498 26 38
498 27 39
498 28 40
498 29 41
498 30 42
498 31 43
498 32 44
498 33 45
498 33 46
498 34 47
498 34 48
498 34 49
498 35 50
498 36 51
498 36 52
498 36 53
498 37 54
498 38 55
498 39 56
498 41 57
498 41 58
498 42 59
499 0 1
499 0 2
499 1 3
499 2 4
499 3 5
499 4 6
499 5 7
499 5 8
499 5 9
499 6 10
499 7 11
499 8 12
499 9 13
499 10 14
499 11 15
499 12 16
499 13 17
499 14 18
499 15 19
499 16 20
499 17 21
499 18 22
499 19 23
499 20 24
499 22 25
499 23 26
499 24 27
499 25 28
499 26 29
499 26 30
499 27 31
499 27 32
499 28 33
499 29 34
499 30 35
499 31 36
499 33 37
499 34 38
499 35 39
499 36 40
499 37 41
499 38 42
499 39 43
499 40 44
499 41 45
499 41 46
499 42 47
499 43 48
499 44 49
499 45 50
499 46 51
499 46 52
499 47 53
499 48 54
499 49 55
499 50 56
499 51 57
499 52 58
499 53 59
499 54 60
499 55 61
499 56 62
499 57 63
499 57 64
499 58 65
499 59 66
499 60 67
499 61 68
499 62 69
499 64 70
499 65 71
499 66 72
499 67 73
499 68 74
499 69 75
