Job: 03_graphDDPM_model_train
Running on: node11
Python version:Python 3.11.14

Load local functions...
Load parameters...
Define output settings...
Read data set / test set (collection of subgraphs)...
Convert graph from data set / test set from networkx to torch_geometric...
Number of graphs in list for data set: 500
Number of graphs in list for test set: 100
Compute statistics (marginal) on nodes features of graphs in data set...
Mean of stats on node features for every graph separately
mean_of_min  =  -398.880004883  -236.766784668
mean_of_max  =   399.438293457   237.925308228
mean_of_mean =    -0.000000092    -0.000000018
mean_of_var  = 49168.085937500 16598.726562500

Variance of stats on node features for every graph separately
var_of_mean  =     0.000000000     0.000000000

Stats on node features for all graphs together
min_all      =  -977.283630371  -628.072204590
max_all      =  1045.421386719   648.185302734
mean_all     =    -0.000000238    -0.000000048
var_all      = 56156.785156250 19358.023437500
std_all      =   236.974227905   139.133117676

Global variance = mean of variance + variance of mean
                    [internal var. + between variance]
mean_of_var + var_of_mean
             = 49168.085937500 16598.726562500
Set "shift" and "scaling factor" from data set...
"shift"         : node_features_shift        = 2.3829e-07, 4.7659e-08
"scaling factor": node_features_scale_factor = 0.0042199, 0.0071874
Rescale (center and rescale) data set and test set...
Compute statistics (marginal) on nodes features of graphs in "rescaled" data set...
Mean of stats on node features for every graph separately
mean_of_min  =    -1.683221102    -1.701728582
mean_of_max  =     1.685577035     1.710055351
mean_of_mean =    -0.000000001     0.000000000
mean_of_var  =     0.875550151     0.857459724

Variance of stats on node features for every graph separately
var_of_mean  =     0.000000000     0.000000000

Stats on node features for all graphs together
min_all      =    -4.124008179    -4.514182091
max_all      =     4.411540508     4.658741951
mean_all     =     0.000000000     0.000000000
var_all      =     1.000000000     1.000000000
std_all      =     1.000000000     1.000000000

Global variance = mean of variance + variance of mean
                    [internal var. + between variance]
mean_of_var + var_of_mean
             =     0.875550151     0.857459724
Compute statistics (marginal) on nodes features of graphs in "rescaled" test set...
Mean of stats on node features for every graph separately
mean_of_min  =    -1.659059405    -1.694114208
mean_of_max  =     1.542542577     1.632747650
mean_of_mean =    -0.000000000     0.000000001
mean_of_var  =     0.819195986     0.867829442

Variance of stats on node features for every graph separately
var_of_mean  =     0.000000000     0.000000000

Stats on node features for all graphs together
min_all      =    -3.999581337    -4.310426235
max_all      =     4.361534595     3.707322121
mean_all     =    -0.000000003    -0.000000000
var_all      =     0.991683066     1.063308716
std_all      =     0.995832860     1.031168580

Global variance = mean of variance + variance of mean
                    [internal var. + between variance]
mean_of_var + var_of_mean
             =     0.819195986     0.867829442
Define the data set / test set for graphDDPM...
Define data loader...
Plot first batches (2D)...
Split the data set into training set and validation set (random sampling)...
Define the model (design)...
Display the model (graphDDPM)...
Graph_DDPM(
  (net): Graph_DDPM_net_model(
    (te_down): ModuleList(
      (0): Sequential(
        (0): Linear(in_features=64, out_features=2, bias=True)
        (1): LeakyReLU(negative_slope=0.01)
        (2): Linear(in_features=2, out_features=2, bias=True)
      )
      (1): Sequential(
        (0): Linear(in_features=64, out_features=128, bias=True)
        (1): LeakyReLU(negative_slope=0.01)
        (2): Linear(in_features=128, out_features=128, bias=True)
      )
      (2-3): 2 x Sequential(
        (0): Linear(in_features=64, out_features=64, bias=True)
        (1): LeakyReLU(negative_slope=0.01)
        (2): Linear(in_features=64, out_features=64, bias=True)
      )
      (4-5): 2 x Sequential(
        (0): Linear(in_features=64, out_features=32, bias=True)
        (1): LeakyReLU(negative_slope=0.01)
        (2): Linear(in_features=32, out_features=32, bias=True)
      )
      (6-7): 2 x Sequential(
        (0): Linear(in_features=64, out_features=16, bias=True)
        (1): LeakyReLU(negative_slope=0.01)
        (2): Linear(in_features=16, out_features=16, bias=True)
      )
      (8): Sequential(
        (0): Linear(in_features=64, out_features=8, bias=True)
        (1): LeakyReLU(negative_slope=0.01)
        (2): Linear(in_features=8, out_features=8, bias=True)
      )
    )
    (laynorm_down): ModuleList(
      (0): LayerNorm(2, affine=True, mode=graph)
      (1): LayerNorm(128, affine=True, mode=graph)
      (2-3): 2 x LayerNorm(64, affine=True, mode=graph)
      (4-5): 2 x LayerNorm(32, affine=True, mode=graph)
      (6-7): 2 x LayerNorm(16, affine=True, mode=graph)
      (8): LayerNorm(8, affine=True, mode=graph)
    )
    (layop_down1): ModuleList(
      (0): SAGEConv(2, 128, aggr=mean)
      (1): SAGEConv(128, 64, aggr=mean)
      (2): SAGEConv(64, 64, aggr=mean)
      (3): SAGEConv(64, 32, aggr=mean)
      (4): SAGEConv(32, 32, aggr=mean)
      (5): SAGEConv(32, 16, aggr=mean)
      (6): SAGEConv(16, 16, aggr=mean)
      (7): SAGEConv(16, 8, aggr=mean)
      (8): SAGEConv(8, 8, aggr=mean)
    )
    (layop_down2): ModuleList(
      (0): SAGEConv(128, 128, aggr=mean)
      (1-2): 2 x SAGEConv(64, 64, aggr=mean)
      (3-4): 2 x SAGEConv(32, 32, aggr=mean)
      (5-6): 2 x SAGEConv(16, 16, aggr=mean)
      (7-8): 2 x SAGEConv(8, 8, aggr=mean)
    )
    (te_mid): Sequential(
      (0): Linear(in_features=64, out_features=8, bias=True)
      (1): LeakyReLU(negative_slope=0.01)
      (2): Linear(in_features=8, out_features=8, bias=True)
    )
    (laynorm_mid): LayerNorm(8, affine=True, mode=graph)
    (layop_mid1): SAGEConv(8, 8, aggr=mean)
    (layop_mid2): SAGEConv(8, 8, aggr=mean)
    (te_up): ModuleList(
      (0): Sequential(
        (0): Linear(in_features=64, out_features=8, bias=True)
        (1): LeakyReLU(negative_slope=0.01)
        (2): Linear(in_features=8, out_features=8, bias=True)
      )
      (1): Sequential(
        (0): Linear(in_features=64, out_features=16, bias=True)
        (1): LeakyReLU(negative_slope=0.01)
        (2): Linear(in_features=16, out_features=16, bias=True)
      )
      (2-3): 2 x Sequential(
        (0): Linear(in_features=64, out_features=32, bias=True)
        (1): LeakyReLU(negative_slope=0.01)
        (2): Linear(in_features=32, out_features=32, bias=True)
      )
      (4-5): 2 x Sequential(
        (0): Linear(in_features=64, out_features=64, bias=True)
        (1): LeakyReLU(negative_slope=0.01)
        (2): Linear(in_features=64, out_features=64, bias=True)
      )
      (6-7): 2 x Sequential(
        (0): Linear(in_features=64, out_features=128, bias=True)
        (1): LeakyReLU(negative_slope=0.01)
        (2): Linear(in_features=128, out_features=128, bias=True)
      )
      (8): Sequential(
        (0): Linear(in_features=64, out_features=256, bias=True)
        (1): LeakyReLU(negative_slope=0.01)
        (2): Linear(in_features=256, out_features=256, bias=True)
      )
    )
    (laynorm_up): ModuleList(
      (0): LayerNorm(8, affine=True, mode=graph)
      (1): LayerNorm(16, affine=True, mode=graph)
      (2-3): 2 x LayerNorm(32, affine=True, mode=graph)
      (4-5): 2 x LayerNorm(64, affine=True, mode=graph)
      (6-7): 2 x LayerNorm(128, affine=True, mode=graph)
      (8): LayerNorm(256, affine=True, mode=graph)
    )
    (layop_up1): ModuleList(
      (0): SAGEConv(8, 8, aggr=mean)
      (1): SAGEConv(16, 8, aggr=mean)
      (2-3): 2 x SAGEConv(32, 16, aggr=mean)
      (4-5): 2 x SAGEConv(64, 32, aggr=mean)
      (6-7): 2 x SAGEConv(128, 64, aggr=mean)
      (8): SAGEConv(256, 128, aggr=mean)
    )
    (layop_up2): ModuleList(
      (0): SAGEConv(8, 8, aggr=mean)
      (1): SAGEConv(8, 16, aggr=mean)
      (2): SAGEConv(16, 16, aggr=mean)
      (3): SAGEConv(16, 32, aggr=mean)
      (4): SAGEConv(32, 32, aggr=mean)
      (5): SAGEConv(32, 64, aggr=mean)
      (6): SAGEConv(64, 64, aggr=mean)
      (7): SAGEConv(64, 128, aggr=mean)
      (8): SAGEConv(128, 128, aggr=mean)
    )
    (layop_last): Linear(in_features=128, out_features=2, bias=True)
    (activation): LeakyReLU(negative_slope=0.01)
  )
)
Number of (learnable) params: 474934
Do some check (plot): noise schedule and variance of features as function of time step...
Do some check (plot): features after all time steps VS N(0,1)...
Set loss function...
[Re-]initialize the model parameters...
Train the model...
*** Training on cuda:0 ***
epoch 1 of 4001, loss : train:   0.73809340, valid:   0.42750162
epoch 2 of 4001, loss : train:   0.37611644, valid:   0.24751244
epoch 3 of 4001, loss : train:   0.22397604, valid:   0.25097620
epoch 4 of 4001, loss : train:   0.21803446, valid:   0.21788500
epoch 5 of 4001, loss : train:   0.20861589, valid:   0.16745998
epoch 6 of 4001, loss : train:   0.18336456, valid:   0.15060608
epoch 7 of 4001, loss : train:   0.16498945, valid:   0.16617469
epoch 8 of 4001, loss : train:   0.15902661, valid:   0.16355380
epoch 9 of 4001, loss : train:   0.20226992, valid:   0.15524933
epoch 10 of 4001, loss : train:   0.16385066, valid:   0.19630438
epoch 11 of 4001, loss : train:   0.16461831, valid:   0.17405406
epoch 12 of 4001, loss : train:   0.17128835, valid:   0.18253215
epoch 13 of 4001, loss : train:   0.16846233, valid:   0.16207211
epoch 14 of 4001, loss : train:   0.17186315, valid:   0.14428851
epoch 15 of 4001, loss : train:   0.15693091, valid:   0.17499377
epoch 16 of 4001, loss : train:   0.18468096, valid:   0.15984111
epoch 17 of 4001, loss : train:   0.17361629, valid:   0.17787622
epoch 18 of 4001, loss : train:   0.16571405, valid:   0.15476193
epoch 19 of 4001, loss : train:   0.15478232, valid:   0.16169472
epoch 20 of 4001, loss : train:   0.17049726, valid:   0.17067148
epoch 21 of 4001, loss : train:   0.16609018, valid:   0.14390036
epoch 22 of 4001, loss : train:   0.15802294, valid:   0.15384038
epoch 23 of 4001, loss : train:   0.16287129, valid:   0.14243543
epoch 24 of 4001, loss : train:   0.16049659, valid:   0.16136424
epoch 25 of 4001, loss : train:   0.13833330, valid:   0.13516571
epoch 26 of 4001, loss : train:   0.14441196, valid:   0.14844461
epoch 27 of 4001, loss : train:   0.17247569, valid:   0.13719796
epoch 28 of 4001, loss : train:   0.15973060, valid:   0.17919807
epoch 29 of 4001, loss : train:   0.16473527, valid:   0.16149212
epoch 30 of 4001, loss : train:   0.17202158, valid:   0.18072087
epoch 31 of 4001, loss : train:   0.15753724, valid:   0.15952273
epoch 32 of 4001, loss : train:   0.14654927, valid:   0.15769711
epoch 33 of 4001, loss : train:   0.15698863, valid:   0.14220200
epoch 34 of 4001, loss : train:   0.15318365, valid:   0.15193982
epoch 35 of 4001, loss : train:   0.15075842, valid:   0.15384346
epoch 36 of 4001, loss : train:   0.15309430, valid:   0.14800802
epoch 37 of 4001, loss : train:   0.15634607, valid:   0.11904293
epoch 38 of 4001, loss : train:   0.15324024, valid:   0.14913620
epoch 39 of 4001, loss : train:   0.14934968, valid:   0.15659247
epoch 40 of 4001, loss : train:   0.16384007, valid:   0.16569346
epoch 41 of 4001, loss : train:   0.15208377, valid:   0.16516040
epoch 42 of 4001, loss : train:   0.14651023, valid:   0.15768613
epoch 43 of 4001, loss : train:   0.15522288, valid:   0.14180426
epoch 44 of 4001, loss : train:   0.15513466, valid:   0.14055769
epoch 45 of 4001, loss : train:   0.14817393, valid:   0.15633994
epoch 46 of 4001, loss : train:   0.15366307, valid:   0.15853202
epoch 47 of 4001, loss : train:   0.15585488, valid:   0.14549269
epoch 48 of 4001, loss : train:   0.14609971, valid:   0.14786881
epoch 49 of 4001, loss : train:   0.15604162, valid:   0.16175081
epoch 50 of 4001, loss : train:   0.15456484, valid:   0.14401609
epoch 51 of 4001, loss : train:   0.15000926, valid:   0.14685090
epoch 52 of 4001, loss : train:   0.14527983, valid:   0.12677965
epoch 53 of 4001, loss : train:   0.15805941, valid:   0.13134149
epoch 54 of 4001, loss : train:   0.15280982, valid:   0.10491805
epoch 55 of 4001, loss : train:   0.15115390, valid:   0.13901240
epoch 56 of 4001, loss : train:   0.13379228, valid:   0.14062914
epoch 57 of 4001, loss : train:   0.13079858, valid:   0.16400078
epoch 58 of 4001, loss : train:   0.13999171, valid:   0.17213640
epoch 59 of 4001, loss : train:   0.15522180, valid:   0.13510063
epoch 60 of 4001, loss : train:   0.15640269, valid:   0.16459596
epoch 61 of 4001, loss : train:   0.15736406, valid:   0.14404973
epoch 62 of 4001, loss : train:   0.16280415, valid:   0.16096285
epoch 63 of 4001, loss : train:   0.14730432, valid:   0.12814787
epoch 64 of 4001, loss : train:   0.15499314, valid:   0.15133442
epoch 65 of 4001, loss : train:   0.15526013, valid:   0.15377825
epoch 66 of 4001, loss : train:   0.14554302, valid:   0.13945454
epoch 67 of 4001, loss : train:   0.15072997, valid:   0.15427835
epoch 68 of 4001, loss : train:   0.15981644, valid:   0.14438801
epoch 69 of 4001, loss : train:   0.15261525, valid:   0.16456664
epoch 70 of 4001, loss : train:   0.14818981, valid:   0.14884493
epoch 71 of 4001, loss : train:   0.13979633, valid:   0.17591183
epoch 72 of 4001, loss : train:   0.13695588, valid:   0.12440007
epoch 73 of 4001, loss : train:   0.15404874, valid:   0.16206434
epoch 74 of 4001, loss : train:   0.14164313, valid:   0.17805630
epoch 75 of 4001, loss : train:   0.15548472, valid:   0.16124393
epoch 76 of 4001, loss : train:   0.12792695, valid:   0.15670356
epoch 77 of 4001, loss : train:   0.14184008, valid:   0.10593889
epoch 78 of 4001, loss : train:   0.14473218, valid:   0.13969988
epoch 79 of 4001, loss : train:   0.14545260, valid:   0.16167703
epoch 80 of 4001, loss : train:   0.14939656, valid:   0.13143229
epoch 81 of 4001, loss : train:   0.14796163, valid:   0.14212207
epoch 82 of 4001, loss : train:   0.13855606, valid:   0.14077038
epoch 83 of 4001, loss : train:   0.15955660, valid:   0.12762733
epoch 84 of 4001, loss : train:   0.14384265, valid:   0.16276738
epoch 85 of 4001, loss : train:   0.15937989, valid:   0.14079292
epoch 86 of 4001, loss : train:   0.14289070, valid:   0.13627104
epoch 87 of 4001, loss : train:   0.14555907, valid:   0.12457076
epoch 88 of 4001, loss : train:   0.13068738, valid:   0.11563285
epoch 89 of 4001, loss : train:   0.15788528, valid:   0.12597454
epoch 90 of 4001, loss : train:   0.14658946, valid:   0.12022788
epoch 91 of 4001, loss : train:   0.14669140, valid:   0.12833679
epoch 92 of 4001, loss : train:   0.14435353, valid:   0.17581804
epoch 93 of 4001, loss : train:   0.16370974, valid:   0.13511938
epoch 94 of 4001, loss : train:   0.14004910, valid:   0.16358677
epoch 95 of 4001, loss : train:   0.14978500, valid:   0.13215408
epoch 96 of 4001, loss : train:   0.15017447, valid:   0.13320687
epoch 97 of 4001, loss : train:   0.14205442, valid:   0.14578441
epoch 98 of 4001, loss : train:   0.14016765, valid:   0.13864638
epoch 99 of 4001, loss : train:   0.14676202, valid:   0.11931993
epoch 100 of 4001, loss : train:   0.15130742, valid:   0.13528408
epoch 101 of 4001, loss : train:   0.13348998, valid:   0.13265233
epoch 102 of 4001, loss : train:   0.14121304, valid:   0.13009322
epoch 103 of 4001, loss : train:   0.15430247, valid:   0.12999894
epoch 104 of 4001, loss : train:   0.15574946, valid:   0.14070919
epoch 105 of 4001, loss : train:   0.14159514, valid:   0.12493919
epoch 106 of 4001, loss : train:   0.13773531, valid:   0.12390631
epoch 107 of 4001, loss : train:   0.14617360, valid:   0.13069437
epoch 108 of 4001, loss : train:   0.13748814, valid:   0.12145703
epoch 109 of 4001, loss : train:   0.13382485, valid:   0.11688999
epoch 110 of 4001, loss : train:   0.13974456, valid:   0.14717521
epoch 111 of 4001, loss : train:   0.13111809, valid:   0.14494483
epoch 112 of 4001, loss : train:   0.13762483, valid:   0.12426958
epoch 113 of 4001, loss : train:   0.14043542, valid:   0.13344598
epoch 114 of 4001, loss : train:   0.14081272, valid:   0.13533410
epoch 115 of 4001, loss : train:   0.14581129, valid:   0.13521014
epoch 116 of 4001, loss : train:   0.13956297, valid:   0.14085367
epoch 117 of 4001, loss : train:   0.13789208, valid:   0.15876047
epoch 118 of 4001, loss : train:   0.14981703, valid:   0.11912779
epoch 119 of 4001, loss : train:   0.14437233, valid:   0.14147344
epoch 120 of 4001, loss : train:   0.13790842, valid:   0.12001557
epoch 121 of 4001, loss : train:   0.13788360, valid:   0.13198924
epoch 122 of 4001, loss : train:   0.14078757, valid:   0.13416505
epoch 123 of 4001, loss : train:   0.13204540, valid:   0.12961625
epoch 124 of 4001, loss : train:   0.15183029, valid:   0.11162152
epoch 125 of 4001, loss : train:   0.13291772, valid:   0.12323714
epoch 126 of 4001, loss : train:   0.14509299, valid:   0.15212704
epoch 127 of 4001, loss : train:   0.14295456, valid:   0.13788788
epoch 128 of 4001, loss : train:   0.16214356, valid:   0.12033629
epoch 129 of 4001, loss : train:   0.14551196, valid:   0.11412220
epoch 130 of 4001, loss : train:   0.14443836, valid:   0.12434149
epoch 131 of 4001, loss : train:   0.14991285, valid:   0.12183120
epoch 132 of 4001, loss : train:   0.14733708, valid:   0.13073191
epoch 133 of 4001, loss : train:   0.13412869, valid:   0.14179927
epoch 134 of 4001, loss : train:   0.14260236, valid:   0.12862664
epoch 135 of 4001, loss : train:   0.14225320, valid:   0.15313564
epoch 136 of 4001, loss : train:   0.14030387, valid:   0.12113424
epoch 137 of 4001, loss : train:   0.13919772, valid:   0.13186310
epoch 138 of 4001, loss : train:   0.15197191, valid:   0.13958757
epoch 139 of 4001, loss : train:   0.14500511, valid:   0.11846284
epoch 140 of 4001, loss : train:   0.13525082, valid:   0.11609264
epoch 141 of 4001, loss : train:   0.14147054, valid:   0.13475464
epoch 142 of 4001, loss : train:   0.12851288, valid:   0.12214016
epoch 143 of 4001, loss : train:   0.14690067, valid:   0.14681621
epoch 144 of 4001, loss : train:   0.14577504, valid:   0.13171202
epoch 145 of 4001, loss : train:   0.14206348, valid:   0.13682005
epoch 146 of 4001, loss : train:   0.13268039, valid:   0.14069957
epoch 147 of 4001, loss : train:   0.14305240, valid:   0.14835159
epoch 148 of 4001, loss : train:   0.14279397, valid:   0.14282207
epoch 149 of 4001, loss : train:   0.13682804, valid:   0.13287610
epoch 150 of 4001, loss : train:   0.12664772, valid:   0.12277059
epoch 151 of 4001, loss : train:   0.13975012, valid:   0.13341413
epoch 152 of 4001, loss : train:   0.12953451, valid:   0.14082152
epoch 153 of 4001, loss : train:   0.13496103, valid:   0.17701159
epoch 154 of 4001, loss : train:   0.14645030, valid:   0.14537510
epoch 155 of 4001, loss : train:   0.14144169, valid:   0.14458033
epoch 156 of 4001, loss : train:   0.15550371, valid:   0.12609285
epoch 157 of 4001, loss : train:   0.13020620, valid:   0.12333501
epoch 158 of 4001, loss : train:   0.14342687, valid:   0.13038822
epoch 159 of 4001, loss : train:   0.13759476, valid:   0.13660391
epoch 160 of 4001, loss : train:   0.13177512, valid:   0.14772105
epoch 161 of 4001, loss : train:   0.13661914, valid:   0.12109570
epoch 162 of 4001, loss : train:   0.13415738, valid:   0.14153570
epoch 163 of 4001, loss : train:   0.14501080, valid:   0.14988977
epoch 164 of 4001, loss : train:   0.13475832, valid:   0.12270178
epoch 165 of 4001, loss : train:   0.13952319, valid:   0.15522926
epoch 166 of 4001, loss : train:   0.13342934, valid:   0.13074581
epoch 167 of 4001, loss : train:   0.14071131, valid:   0.13236171
epoch 168 of 4001, loss : train:   0.14069608, valid:   0.12003899
epoch 169 of 4001, loss : train:   0.13038432, valid:   0.15489165
epoch 170 of 4001, loss : train:   0.13688223, valid:   0.17099965
epoch 171 of 4001, loss : train:   0.14333181, valid:   0.13986513
epoch 172 of 4001, loss : train:   0.14333449, valid:   0.12731348
epoch 173 of 4001, loss : train:   0.14242012, valid:   0.12457359
epoch 174 of 4001, loss : train:   0.13918245, valid:   0.13900225
epoch 175 of 4001, loss : train:   0.13927717, valid:   0.13075846
epoch 176 of 4001, loss : train:   0.12400461, valid:   0.15040240
epoch 177 of 4001, loss : train:   0.14599092, valid:   0.17226924
epoch 178 of 4001, loss : train:   0.13956339, valid:   0.12258378
epoch 179 of 4001, loss : train:   0.12987167, valid:   0.14030629
epoch 180 of 4001, loss : train:   0.13486771, valid:   0.13974194
epoch 181 of 4001, loss : train:   0.14235589, valid:   0.12827766
epoch 182 of 4001, loss : train:   0.14713422, valid:   0.12407737
epoch 183 of 4001, loss : train:   0.12634661, valid:   0.13653684
epoch 184 of 4001, loss : train:   0.13507702, valid:   0.14000890
epoch 185 of 4001, loss : train:   0.12967881, valid:   0.12503386
epoch 186 of 4001, loss : train:   0.14456032, valid:   0.14311515
epoch 187 of 4001, loss : train:   0.15170136, valid:   0.13662608
epoch 188 of 4001, loss : train:   0.13500905, valid:   0.12380028
epoch 189 of 4001, loss : train:   0.13212888, valid:   0.10611825
epoch 190 of 4001, loss : train:   0.13696076, valid:   0.12226386
epoch 191 of 4001, loss : train:   0.13501836, valid:   0.11149737
epoch 192 of 4001, loss : train:   0.13851713, valid:   0.12143340
epoch 193 of 4001, loss : train:   0.13049959, valid:   0.13746411
epoch 194 of 4001, loss : train:   0.13880110, valid:   0.14445521
epoch 195 of 4001, loss : train:   0.14152936, valid:   0.14581005
epoch 196 of 4001, loss : train:   0.14008340, valid:   0.14414679
epoch 197 of 4001, loss : train:   0.13112996, valid:   0.13427754
epoch 198 of 4001, loss : train:   0.13928799, valid:   0.13435955
epoch 199 of 4001, loss : train:   0.13925615, valid:   0.11870463
epoch 200 of 4001, loss : train:   0.15034520, valid:   0.14910619
epoch 201 of 4001, loss : train:   0.14096983, valid:   0.14449520
epoch 202 of 4001, loss : train:   0.13124929, valid:   0.14937699
epoch 203 of 4001, loss : train:   0.13098093, valid:   0.13840699
epoch 204 of 4001, loss : train:   0.13512629, valid:   0.15396814
epoch 205 of 4001, loss : train:   0.14324864, valid:   0.14037806
epoch 206 of 4001, loss : train:   0.13970997, valid:   0.13053890
epoch 207 of 4001, loss : train:   0.14069458, valid:   0.13004126
epoch 208 of 4001, loss : train:   0.12878723, valid:   0.11533384
epoch 209 of 4001, loss : train:   0.12631589, valid:   0.13469076
epoch 210 of 4001, loss : train:   0.12599080, valid:   0.12323757
epoch 211 of 4001, loss : train:   0.12679589, valid:   0.12196465
epoch 212 of 4001, loss : train:   0.13215363, valid:   0.12412594
epoch 213 of 4001, loss : train:   0.15073046, valid:   0.13081613
epoch 214 of 4001, loss : train:   0.13546853, valid:   0.15073009
epoch 215 of 4001, loss : train:   0.13694919, valid:   0.13890354
epoch 216 of 4001, loss : train:   0.13970938, valid:   0.11834508
epoch 217 of 4001, loss : train:   0.13240702, valid:   0.11651413
epoch 218 of 4001, loss : train:   0.13878466, valid:   0.13155003
epoch 219 of 4001, loss : train:   0.13319897, valid:   0.15288821
epoch 220 of 4001, loss : train:   0.13873180, valid:   0.14846817
epoch 221 of 4001, loss : train:   0.13485279, valid:   0.11603630
epoch 222 of 4001, loss : train:   0.12542229, valid:   0.13399589
epoch 223 of 4001, loss : train:   0.15106583, valid:   0.11691525
epoch 224 of 4001, loss : train:   0.13451347, valid:   0.13379195
epoch 225 of 4001, loss : train:   0.14272507, valid:   0.14552474
epoch 226 of 4001, loss : train:   0.13337293, valid:   0.14974907
epoch 227 of 4001, loss : train:   0.14870120, valid:   0.14979345
epoch 228 of 4001, loss : train:   0.13641668, valid:   0.12433098
epoch 229 of 4001, loss : train:   0.13090925, valid:   0.13819097
epoch 230 of 4001, loss : train:   0.14221119, valid:   0.14626637
epoch 231 of 4001, loss : train:   0.12936883, valid:   0.12948419
epoch 232 of 4001, loss : train:   0.13522514, valid:   0.10869055
epoch 233 of 4001, loss : train:   0.13980406, valid:   0.14148003
epoch 234 of 4001, loss : train:   0.13529511, valid:   0.14284806
epoch 235 of 4001, loss : train:   0.13083432, valid:   0.14638978
epoch 236 of 4001, loss : train:   0.11783855, valid:   0.13352007
epoch 237 of 4001, loss : train:   0.13833914, valid:   0.12968130
epoch 238 of 4001, loss : train:   0.13530495, valid:   0.11747828
epoch 239 of 4001, loss : train:   0.13381808, valid:   0.13024840
epoch 240 of 4001, loss : train:   0.13759923, valid:   0.13477255
epoch 241 of 4001, loss : train:   0.13653628, valid:   0.14478768
epoch 242 of 4001, loss : train:   0.13364024, valid:   0.13250144
epoch 243 of 4001, loss : train:   0.13017878, valid:   0.11745796
epoch 244 of 4001, loss : train:   0.14362735, valid:   0.10671880
epoch 245 of 4001, loss : train:   0.13591004, valid:   0.15803345
epoch 246 of 4001, loss : train:   0.13459148, valid:   0.13691826
epoch 247 of 4001, loss : train:   0.14710145, valid:   0.15045202
epoch 248 of 4001, loss : train:   0.13920698, valid:   0.14737649
epoch 249 of 4001, loss : train:   0.14145522, valid:   0.15767266
epoch 250 of 4001, loss : train:   0.14156506, valid:   0.11324677
epoch 251 of 4001, loss : train:   0.13366932, valid:   0.13134457
epoch 252 of 4001, loss : train:   0.13811920, valid:   0.13757543
epoch 253 of 4001, loss : train:   0.13690365, valid:   0.13029698
epoch 254 of 4001, loss : train:   0.13020970, valid:   0.12444419
epoch 255 of 4001, loss : train:   0.13928186, valid:   0.14647837
epoch 256 of 4001, loss : train:   0.15387298, valid:   0.14509401
epoch 257 of 4001, loss : train:   0.13338104, valid:   0.10868365
epoch 258 of 4001, loss : train:   0.12730570, valid:   0.13972871
epoch 259 of 4001, loss : train:   0.14601455, valid:   0.13433382
epoch 260 of 4001, loss : train:   0.12399610, valid:   0.12561768
epoch 261 of 4001, loss : train:   0.12944098, valid:   0.14027506
epoch 262 of 4001, loss : train:   0.13323672, valid:   0.12412506
epoch 263 of 4001, loss : train:   0.13246544, valid:   0.13033363
epoch 264 of 4001, loss : train:   0.15120327, valid:   0.13448462
epoch 265 of 4001, loss : train:   0.13932566, valid:   0.13010415
epoch 266 of 4001, loss : train:   0.13443779, valid:   0.12559357
epoch 267 of 4001, loss : train:   0.13081941, valid:   0.12682702
epoch 268 of 4001, loss : train:   0.13779351, valid:   0.12359958
epoch 269 of 4001, loss : train:   0.14670214, valid:   0.13365872
epoch 270 of 4001, loss : train:   0.14133438, valid:   0.13416274
epoch 271 of 4001, loss : train:   0.14964940, valid:   0.16563235
epoch 272 of 4001, loss : train:   0.16190334, valid:   0.11911127
epoch 273 of 4001, loss : train:   0.14911692, valid:   0.16109164
epoch 274 of 4001, loss : train:   0.14588648, valid:   0.12448575
epoch 275 of 4001, loss : train:   0.14244456, valid:   0.15889290
epoch 276 of 4001, loss : train:   0.15072483, valid:   0.14755724
epoch 277 of 4001, loss : train:   0.15229291, valid:   0.14480482
epoch 278 of 4001, loss : train:   0.14587239, valid:   0.13135432
epoch 279 of 4001, loss : train:   0.15013142, valid:   0.13814190
epoch 280 of 4001, loss : train:   0.15198710, valid:   0.12790187
epoch 281 of 4001, loss : train:   0.14796595, valid:   0.16466528
epoch 282 of 4001, loss : train:   0.15210247, valid:   0.11751944
epoch 283 of 4001, loss : train:   0.14206020, valid:   0.15459022
epoch 284 of 4001, loss : train:   0.14538856, valid:   0.14424202
epoch 285 of 4001, loss : train:   0.14423874, valid:   0.13119701
epoch 286 of 4001, loss : train:   0.14077041, valid:   0.15750277
epoch 287 of 4001, loss : train:   0.14521506, valid:   0.13273463
epoch 288 of 4001, loss : train:   0.14115198, valid:   0.14061716
epoch 289 of 4001, loss : train:   0.14463351, valid:   0.15701033
epoch 290 of 4001, loss : train:   0.14898469, valid:   0.11338315
epoch 291 of 4001, loss : train:   0.14622158, valid:   0.13026987
epoch 292 of 4001, loss : train:   0.15784218, valid:   0.12935567
epoch 293 of 4001, loss : train:   0.13840843, valid:   0.14840485
epoch 294 of 4001, loss : train:   0.14193048, valid:   0.14743550
epoch 295 of 4001, loss : train:   0.13701253, valid:   0.13950995
epoch 296 of 4001, loss : train:   0.14888123, valid:   0.14248413
epoch 297 of 4001, loss : train:   0.13018464, valid:   0.13503090
epoch 298 of 4001, loss : train:   0.12348063, valid:   0.15541087
epoch 299 of 4001, loss : train:   0.14044309, valid:   0.14049253
epoch 300 of 4001, loss : train:   0.13794487, valid:   0.15460934
epoch 301 of 4001, loss : train:   0.13801903, valid:   0.14827666
epoch 302 of 4001, loss : train:   0.15133659, valid:   0.15779684
epoch 303 of 4001, loss : train:   0.14912945, valid:   0.16410144
epoch 304 of 4001, loss : train:   0.14352786, valid:   0.17361636
epoch 305 of 4001, loss : train:   0.12888567, valid:   0.12934425
epoch 306 of 4001, loss : train:   0.14360097, valid:   0.16674747
epoch 307 of 4001, loss : train:   0.13538878, valid:   0.12784746
epoch 308 of 4001, loss : train:   0.15087577, valid:   0.13952111
epoch 309 of 4001, loss : train:   0.13863358, valid:   0.11348123
epoch 310 of 4001, loss : train:   0.13046386, valid:   0.11087627
epoch 311 of 4001, loss : train:   0.14145894, valid:   0.12572737
epoch 312 of 4001, loss : train:   0.12901342, valid:   0.12552662
epoch 313 of 4001, loss : train:   0.15023064, valid:   0.15394349
epoch 314 of 4001, loss : train:   0.13309549, valid:   0.11963254
epoch 315 of 4001, loss : train:   0.14208513, valid:   0.14130610
epoch 316 of 4001, loss : train:   0.13308646, valid:   0.15824389
epoch 317 of 4001, loss : train:   0.13588769, valid:   0.13836446
epoch 318 of 4001, loss : train:   0.14444557, valid:   0.15613589
epoch 319 of 4001, loss : train:   0.12408644, valid:   0.13624522
epoch 320 of 4001, loss : train:   0.14781161, valid:   0.13732031
epoch 321 of 4001, loss : train:   0.14246187, valid:   0.12693018
epoch 322 of 4001, loss : train:   0.14467773, valid:   0.13617609
epoch 323 of 4001, loss : train:   0.15305623, valid:   0.11435777
epoch 324 of 4001, loss : train:   0.13829551, valid:   0.12373039
epoch 325 of 4001, loss : train:   0.15267085, valid:   0.12470095
epoch 326 of 4001, loss : train:   0.14092807, valid:   0.13242859
epoch 327 of 4001, loss : train:   0.14236221, valid:   0.13464591
epoch 328 of 4001, loss : train:   0.14164558, valid:   0.14250000
epoch 329 of 4001, loss : train:   0.14865301, valid:   0.13284884
epoch 330 of 4001, loss : train:   0.14017137, valid:   0.12228606
epoch 331 of 4001, loss : train:   0.13391673, valid:   0.13744284
epoch 332 of 4001, loss : train:   0.14588865, valid:   0.11927838
epoch 333 of 4001, loss : train:   0.13695495, valid:   0.12850876
epoch 334 of 4001, loss : train:   0.13849229, valid:   0.14473356
epoch 335 of 4001, loss : train:   0.14044208, valid:   0.13343014
epoch 336 of 4001, loss : train:   0.12360437, valid:   0.14996542
epoch 337 of 4001, loss : train:   0.13284924, valid:   0.15024477
epoch 338 of 4001, loss : train:   0.15060999, valid:   0.12657514
epoch 339 of 4001, loss : train:   0.13462771, valid:   0.13238665
epoch 340 of 4001, loss : train:   0.14591785, valid:   0.15026715
epoch 341 of 4001, loss : train:   0.13872604, valid:   0.11455656
epoch 342 of 4001, loss : train:   0.13948839, valid:   0.15189019
epoch 343 of 4001, loss : train:   0.14568934, valid:   0.14976147
epoch 344 of 4001, loss : train:   0.15849123, valid:   0.15450284
epoch 345 of 4001, loss : train:   0.14334882, valid:   0.14042649
epoch 346 of 4001, loss : train:   0.13990961, valid:   0.14055054
epoch 347 of 4001, loss : train:   0.14274054, valid:   0.14430997
epoch 348 of 4001, loss : train:   0.13660301, valid:   0.13276181
epoch 349 of 4001, loss : train:   0.13189083, valid:   0.14558263
epoch 350 of 4001, loss : train:   0.14055604, valid:   0.13046809
epoch 351 of 4001, loss : train:   0.13413559, valid:   0.13447255
epoch 352 of 4001, loss : train:   0.13898214, valid:   0.12505661
epoch 353 of 4001, loss : train:   0.14526369, valid:   0.15210970
epoch 354 of 4001, loss : train:   0.14985101, valid:   0.14184801
epoch 355 of 4001, loss : train:   0.13438972, valid:   0.14032732
epoch 356 of 4001, loss : train:   0.13667270, valid:   0.12524088
epoch 357 of 4001, loss : train:   0.14796176, valid:   0.09908337
epoch 358 of 4001, loss : train:   0.14008557, valid:   0.13794108
epoch 359 of 4001, loss : train:   0.13737413, valid:   0.16908813
epoch 360 of 4001, loss : train:   0.12630887, valid:   0.15086114
epoch 361 of 4001, loss : train:   0.12705513, valid:   0.11948904
epoch 362 of 4001, loss : train:   0.13684041, valid:   0.13603398
epoch 363 of 4001, loss : train:   0.15269692, valid:   0.14434342
epoch 364 of 4001, loss : train:   0.14666455, valid:   0.13472138
epoch 365 of 4001, loss : train:   0.13536955, valid:   0.17157035
epoch 366 of 4001, loss : train:   0.14507359, valid:   0.12995313
epoch 367 of 4001, loss : train:   0.13857441, valid:   0.14123042
epoch 368 of 4001, loss : train:   0.13574587, valid:   0.11330232
epoch 369 of 4001, loss : train:   0.13461621, valid:   0.13414125
epoch 370 of 4001, loss : train:   0.13006411, valid:   0.14321025
epoch 371 of 4001, loss : train:   0.14324111, valid:   0.12976028
epoch 372 of 4001, loss : train:   0.14288571, valid:   0.11736685
epoch 373 of 4001, loss : train:   0.13143941, valid:   0.11253107
epoch 374 of 4001, loss : train:   0.13327791, valid:   0.15919611
epoch 375 of 4001, loss : train:   0.14182178, valid:   0.12835988
epoch 376 of 4001, loss : train:   0.13835564, valid:   0.11812708
epoch 377 of 4001, loss : train:   0.13332655, valid:   0.13911180
epoch 378 of 4001, loss : train:   0.13086825, valid:   0.14109311
epoch 379 of 4001, loss : train:   0.14356656, valid:   0.13601300
epoch 380 of 4001, loss : train:   0.13407154, valid:   0.13449714
epoch 381 of 4001, loss : train:   0.13501207, valid:   0.14419813
epoch 382 of 4001, loss : train:   0.13878803, valid:   0.13581951
epoch 383 of 4001, loss : train:   0.14300773, valid:   0.13476932
epoch 384 of 4001, loss : train:   0.13896546, valid:   0.13540570
epoch 385 of 4001, loss : train:   0.11695029, valid:   0.11835746
epoch 386 of 4001, loss : train:   0.13083913, valid:   0.11744294
epoch 387 of 4001, loss : train:   0.13857184, valid:   0.14996190
epoch 388 of 4001, loss : train:   0.13188402, valid:   0.15379438
epoch 389 of 4001, loss : train:   0.13243915, valid:   0.12890923
epoch 390 of 4001, loss : train:   0.13485838, valid:   0.13825217
epoch 391 of 4001, loss : train:   0.13781039, valid:   0.12396590
epoch 392 of 4001, loss : train:   0.14399633, valid:   0.15397350
epoch 393 of 4001, loss : train:   0.14010226, valid:   0.12411006
epoch 394 of 4001, loss : train:   0.13023955, valid:   0.13727556
epoch 395 of 4001, loss : train:   0.14457715, valid:   0.14725946
epoch 396 of 4001, loss : train:   0.13536801, valid:   0.14604273
epoch 397 of 4001, loss : train:   0.14258169, valid:   0.12650488
epoch 398 of 4001, loss : train:   0.14429301, valid:   0.12838255
epoch 399 of 4001, loss : train:   0.15357098, valid:   0.14061922
epoch 400 of 4001, loss : train:   0.13628593, valid:   0.10645549
epoch 401 of 4001, loss : train:   0.13820589, valid:   0.13686100
epoch 402 of 4001, loss : train:   0.13571871, valid:   0.13835318
epoch 403 of 4001, loss : train:   0.14946988, valid:   0.12398406
epoch 404 of 4001, loss : train:   0.13147658, valid:   0.13798283
epoch 405 of 4001, loss : train:   0.13774593, valid:   0.12566191
epoch 406 of 4001, loss : train:   0.13598954, valid:   0.14664629
epoch 407 of 4001, loss : train:   0.15577579, valid:   0.13222885
epoch 408 of 4001, loss : train:   0.13621823, valid:   0.12110501
epoch 409 of 4001, loss : train:   0.13548690, valid:   0.12235127
epoch 410 of 4001, loss : train:   0.15026547, valid:   0.11038119
epoch 411 of 4001, loss : train:   0.12360854, valid:   0.13793097
epoch 412 of 4001, loss : train:   0.13626651, valid:   0.11514567
epoch 413 of 4001, loss : train:   0.12623409, valid:   0.13031454
epoch 414 of 4001, loss : train:   0.13111660, valid:   0.13849798
epoch 415 of 4001, loss : train:   0.14109376, valid:   0.12376354
epoch 416 of 4001, loss : train:   0.13893587, valid:   0.13207857
epoch 417 of 4001, loss : train:   0.13175406, valid:   0.14126709
epoch 418 of 4001, loss : train:   0.13820705, valid:   0.12554365
epoch 419 of 4001, loss : train:   0.14805298, valid:   0.13718398
epoch 420 of 4001, loss : train:   0.13234071, valid:   0.17139576
epoch 421 of 4001, loss : train:   0.12532496, valid:   0.10870980
epoch 422 of 4001, loss : train:   0.14467403, valid:   0.12404253
epoch 423 of 4001, loss : train:   0.14338647, valid:   0.14266035
epoch 424 of 4001, loss : train:   0.13447823, valid:   0.12084181
epoch 425 of 4001, loss : train:   0.13345636, valid:   0.11481123
epoch 426 of 4001, loss : train:   0.14152685, valid:   0.15004866
epoch 427 of 4001, loss : train:   0.11952713, valid:   0.13196522
epoch 428 of 4001, loss : train:   0.13881065, valid:   0.10585992
epoch 429 of 4001, loss : train:   0.13465218, valid:   0.13517322
epoch 430 of 4001, loss : train:   0.14247176, valid:   0.15027733
epoch 431 of 4001, loss : train:   0.13733740, valid:   0.14817883
epoch 432 of 4001, loss : train:   0.12578816, valid:   0.12963341
epoch 433 of 4001, loss : train:   0.12432526, valid:   0.13063240
epoch 434 of 4001, loss : train:   0.14326578, valid:   0.12958075
epoch 435 of 4001, loss : train:   0.13002911, valid:   0.14851834
epoch 436 of 4001, loss : train:   0.11913297, valid:   0.11076131
epoch 437 of 4001, loss : train:   0.12448082, valid:   0.11799625
epoch 438 of 4001, loss : train:   0.12814781, valid:   0.14934525
epoch 439 of 4001, loss : train:   0.15399804, valid:   0.11178286
epoch 440 of 4001, loss : train:   0.14162928, valid:   0.12902622
epoch 441 of 4001, loss : train:   0.13175695, valid:   0.13124673
epoch 442 of 4001, loss : train:   0.12402521, valid:   0.14368166
epoch 443 of 4001, loss : train:   0.13505987, valid:   0.12762655
epoch 444 of 4001, loss : train:   0.12951868, valid:   0.13608249
epoch 445 of 4001, loss : train:   0.14323113, valid:   0.11253631
epoch 446 of 4001, loss : train:   0.13171866, valid:   0.13573928
epoch 447 of 4001, loss : train:   0.13132597, valid:   0.11782467
epoch 448 of 4001, loss : train:   0.13331593, valid:   0.12065107
epoch 449 of 4001, loss : train:   0.13301900, valid:   0.14150873
epoch 450 of 4001, loss : train:   0.13623582, valid:   0.13975313
epoch 451 of 4001, loss : train:   0.11647218, valid:   0.12922961
epoch 452 of 4001, loss : train:   0.12806529, valid:   0.12445907
epoch 453 of 4001, loss : train:   0.15366126, valid:   0.12311083
epoch 454 of 4001, loss : train:   0.13536828, valid:   0.12800336
epoch 455 of 4001, loss : train:   0.14273825, valid:   0.14518102
epoch 456 of 4001, loss : train:   0.14408953, valid:   0.16327496
epoch 457 of 4001, loss : train:   0.13628740, valid:   0.12095243
epoch 458 of 4001, loss : train:   0.12089920, valid:   0.12847915
epoch 459 of 4001, loss : train:   0.13087849, valid:   0.14765558
epoch 460 of 4001, loss : train:   0.13689865, valid:   0.14836064
epoch 461 of 4001, loss : train:   0.13542441, valid:   0.12739564
epoch 462 of 4001, loss : train:   0.13052406, valid:   0.13526620
epoch 463 of 4001, loss : train:   0.13317217, valid:   0.13593097
epoch 464 of 4001, loss : train:   0.13090354, valid:   0.11629031
epoch 465 of 4001, loss : train:   0.13020333, valid:   0.11543998
epoch 466 of 4001, loss : train:   0.14471567, valid:   0.13678718
epoch 467 of 4001, loss : train:   0.13162312, valid:   0.15607111
epoch 468 of 4001, loss : train:   0.14180705, valid:   0.12092604
epoch 469 of 4001, loss : train:   0.12959402, valid:   0.13469902
epoch 470 of 4001, loss : train:   0.13274545, valid:   0.12089720
epoch 471 of 4001, loss : train:   0.13202521, valid:   0.14335106
epoch 472 of 4001, loss : train:   0.13813146, valid:   0.11398435
epoch 473 of 4001, loss : train:   0.13093971, valid:   0.12311239
epoch 474 of 4001, loss : train:   0.13157578, valid:   0.12680997
epoch 475 of 4001, loss : train:   0.14614765, valid:   0.13705707
epoch 476 of 4001, loss : train:   0.13471993, valid:   0.13056903
epoch 477 of 4001, loss : train:   0.14503027, valid:   0.11647516
epoch 478 of 4001, loss : train:   0.14877128, valid:   0.12145332
epoch 479 of 4001, loss : train:   0.12819617, valid:   0.11631061
epoch 480 of 4001, loss : train:   0.12100314, valid:   0.12199152
epoch 481 of 4001, loss : train:   0.13115258, valid:   0.11278512
epoch 482 of 4001, loss : train:   0.13242098, valid:   0.13414620
epoch 483 of 4001, loss : train:   0.12922188, valid:   0.11850093
epoch 484 of 4001, loss : train:   0.13382595, valid:   0.12684651
epoch 485 of 4001, loss : train:   0.13217844, valid:   0.12284081
epoch 486 of 4001, loss : train:   0.12610395, valid:   0.16676888
epoch 487 of 4001, loss : train:   0.12439232, valid:   0.12017019
epoch 488 of 4001, loss : train:   0.12786059, valid:   0.13254701
epoch 489 of 4001, loss : train:   0.13427808, valid:   0.13529070
epoch 490 of 4001, loss : train:   0.14071775, valid:   0.14425699
epoch 491 of 4001, loss : train:   0.12591791, valid:   0.12685579
epoch 492 of 4001, loss : train:   0.14253462, valid:   0.12190139
epoch 493 of 4001, loss : train:   0.13703960, valid:   0.12484847
epoch 494 of 4001, loss : train:   0.13326428, valid:   0.14457428
epoch 495 of 4001, loss : train:   0.13253443, valid:   0.12160025
epoch 496 of 4001, loss : train:   0.13232634, valid:   0.13100484
epoch 497 of 4001, loss : train:   0.14599630, valid:   0.13227899
epoch 498 of 4001, loss : train:   0.12749083, valid:   0.12809642
epoch 499 of 4001, loss : train:   0.13122047, valid:   0.14290842
epoch 500 of 4001, loss : train:   0.12972309, valid:   0.12346197
epoch 501 of 4001, loss : train:   0.13103117, valid:   0.12353658
epoch 502 of 4001, loss : train:   0.12341016, valid:   0.15029670
epoch 503 of 4001, loss : train:   0.12560433, valid:   0.13293794
epoch 504 of 4001, loss : train:   0.13444696, valid:   0.13713430
epoch 505 of 4001, loss : train:   0.13756966, valid:   0.11201309
epoch 506 of 4001, loss : train:   0.12277956, valid:   0.12041543
epoch 507 of 4001, loss : train:   0.13820560, valid:   0.12783870
epoch 508 of 4001, loss : train:   0.13538640, valid:   0.13196121
epoch 509 of 4001, loss : train:   0.13219203, valid:   0.12576996
epoch 510 of 4001, loss : train:   0.12494703, valid:   0.11414810
epoch 511 of 4001, loss : train:   0.13518233, valid:   0.13901928
epoch 512 of 4001, loss : train:   0.12746563, valid:   0.14302166
epoch 513 of 4001, loss : train:   0.13766837, valid:   0.11701866
epoch 514 of 4001, loss : train:   0.14087768, valid:   0.13038190
epoch 515 of 4001, loss : train:   0.13444674, valid:   0.11299051
epoch 516 of 4001, loss : train:   0.13020688, valid:   0.13220489
epoch 517 of 4001, loss : train:   0.12608111, valid:   0.16823807
epoch 518 of 4001, loss : train:   0.13152847, valid:   0.12167643
epoch 519 of 4001, loss : train:   0.12683457, valid:   0.13822228
epoch 520 of 4001, loss : train:   0.12604008, valid:   0.14437762
epoch 521 of 4001, loss : train:   0.13684000, valid:   0.11999115
epoch 522 of 4001, loss : train:   0.13072700, valid:   0.11555900
epoch 523 of 4001, loss : train:   0.13350764, valid:   0.13345127
epoch 524 of 4001, loss : train:   0.12413073, valid:   0.12114029
epoch 525 of 4001, loss : train:   0.12888085, valid:   0.14079052
epoch 526 of 4001, loss : train:   0.13056099, valid:   0.11877899
epoch 527 of 4001, loss : train:   0.12712151, valid:   0.11506224
epoch 528 of 4001, loss : train:   0.12744346, valid:   0.11964747
epoch 529 of 4001, loss : train:   0.14560114, valid:   0.12345337
epoch 530 of 4001, loss : train:   0.12693505, valid:   0.11522125
epoch 531 of 4001, loss : train:   0.12391608, valid:   0.12914875
epoch 532 of 4001, loss : train:   0.12422652, valid:   0.12111472
epoch 533 of 4001, loss : train:   0.14023289, valid:   0.11636077
epoch 534 of 4001, loss : train:   0.12912587, valid:   0.11516930
epoch 535 of 4001, loss : train:   0.12828303, valid:   0.11921432
epoch 536 of 4001, loss : train:   0.13327243, valid:   0.13164689
epoch 537 of 4001, loss : train:   0.13572798, valid:   0.13737462
epoch 538 of 4001, loss : train:   0.13530805, valid:   0.13993318
epoch 539 of 4001, loss : train:   0.12738341, valid:   0.13747245
epoch 540 of 4001, loss : train:   0.13491301, valid:   0.13061127
epoch 541 of 4001, loss : train:   0.14938562, valid:   0.12181801
epoch 542 of 4001, loss : train:   0.13067245, valid:   0.11281519
epoch 543 of 4001, loss : train:   0.12331417, valid:   0.13009745
epoch 544 of 4001, loss : train:   0.14102483, valid:   0.12707727
epoch 545 of 4001, loss : train:   0.13131497, valid:   0.10956160
epoch 546 of 4001, loss : train:   0.13643660, valid:   0.13505350
epoch 547 of 4001, loss : train:   0.12842049, valid:   0.12921418
epoch 548 of 4001, loss : train:   0.13147947, valid:   0.12751587
epoch 549 of 4001, loss : train:   0.13321729, valid:   0.11667621
epoch 550 of 4001, loss : train:   0.13102466, valid:   0.11078589
epoch 551 of 4001, loss : train:   0.12681926, valid:   0.13533811
epoch 552 of 4001, loss : train:   0.12952705, valid:   0.10517498
epoch 553 of 4001, loss : train:   0.13035933, valid:   0.15320688
epoch 554 of 4001, loss : train:   0.13039810, valid:   0.10835922
epoch 555 of 4001, loss : train:   0.13141397, valid:   0.11113197
epoch 556 of 4001, loss : train:   0.12923101, valid:   0.11415635
epoch 557 of 4001, loss : train:   0.12592163, valid:   0.12796928
epoch 558 of 4001, loss : train:   0.12588132, valid:   0.11870238
epoch 559 of 4001, loss : train:   0.14755020, valid:   0.13626055
epoch 560 of 4001, loss : train:   0.12308672, valid:   0.12170646
epoch 561 of 4001, loss : train:   0.13700594, valid:   0.13598511
epoch 562 of 4001, loss : train:   0.14497172, valid:   0.14911611
epoch 563 of 4001, loss : train:   0.13035804, valid:   0.13441357
epoch 564 of 4001, loss : train:   0.13820144, valid:   0.12674627
epoch 565 of 4001, loss : train:   0.14040933, valid:   0.13001612
epoch 566 of 4001, loss : train:   0.14174315, valid:   0.13204150
epoch 567 of 4001, loss : train:   0.13393103, valid:   0.12284228
epoch 568 of 4001, loss : train:   0.13246113, valid:   0.14838289
epoch 569 of 4001, loss : train:   0.12671483, valid:   0.12332597
epoch 570 of 4001, loss : train:   0.12645635, valid:   0.13829470
epoch 571 of 4001, loss : train:   0.13577068, valid:   0.10904501
epoch 572 of 4001, loss : train:   0.12842917, valid:   0.12081792
epoch 573 of 4001, loss : train:   0.12983314, valid:   0.11410406
epoch 574 of 4001, loss : train:   0.12891995, valid:   0.09478313
epoch 575 of 4001, loss : train:   0.11963838, valid:   0.12949006
epoch 576 of 4001, loss : train:   0.12565821, valid:   0.11796992
epoch 577 of 4001, loss : train:   0.13470054, valid:   0.14859891
epoch 578 of 4001, loss : train:   0.12372695, valid:   0.12849717
epoch 579 of 4001, loss : train:   0.13734831, valid:   0.12317941
epoch 580 of 4001, loss : train:   0.14309773, valid:   0.15087569
epoch 581 of 4001, loss : train:   0.12880329, valid:   0.12102116
epoch 582 of 4001, loss : train:   0.13167136, valid:   0.12256385
epoch 583 of 4001, loss : train:   0.11972186, valid:   0.15000603
epoch 584 of 4001, loss : train:   0.13185325, valid:   0.14323038
epoch 585 of 4001, loss : train:   0.13230347, valid:   0.14256664
epoch 586 of 4001, loss : train:   0.11083904, valid:   0.13176821
epoch 587 of 4001, loss : train:   0.12834976, valid:   0.13956597
epoch 588 of 4001, loss : train:   0.13165149, valid:   0.11924144
epoch 589 of 4001, loss : train:   0.12536920, valid:   0.11306702
epoch 590 of 4001, loss : train:   0.12632008, valid:   0.13064636
epoch 591 of 4001, loss : train:   0.12748671, valid:   0.14921592
epoch 592 of 4001, loss : train:   0.13375116, valid:   0.13141060
epoch 593 of 4001, loss : train:   0.12588957, valid:   0.11045790
epoch 594 of 4001, loss : train:   0.12944057, valid:   0.11821142
epoch 595 of 4001, loss : train:   0.12990288, valid:   0.10792027
epoch 596 of 4001, loss : train:   0.13659205, valid:   0.13876036
epoch 597 of 4001, loss : train:   0.12494920, valid:   0.12440771
epoch 598 of 4001, loss : train:   0.13555641, valid:   0.13529043
epoch 599 of 4001, loss : train:   0.11539201, valid:   0.14126746
epoch 600 of 4001, loss : train:   0.12606023, valid:   0.11799227
epoch 601 of 4001, loss : train:   0.11829662, valid:   0.13216978
epoch 602 of 4001, loss : train:   0.13030248, valid:   0.14038816
epoch 603 of 4001, loss : train:   0.14311314, valid:   0.11913007
epoch 604 of 4001, loss : train:   0.12261648, valid:   0.13058595
epoch 605 of 4001, loss : train:   0.14236350, valid:   0.12203670
epoch 606 of 4001, loss : train:   0.12590316, valid:   0.13798916
epoch 607 of 4001, loss : train:   0.13577428, valid:   0.12057406
epoch 608 of 4001, loss : train:   0.13449957, valid:   0.14692938
epoch 609 of 4001, loss : train:   0.11803112, valid:   0.11124197
epoch 610 of 4001, loss : train:   0.12615085, valid:   0.12386876
epoch 611 of 4001, loss : train:   0.14169923, valid:   0.11067973
epoch 612 of 4001, loss : train:   0.11857860, valid:   0.12368072
epoch 613 of 4001, loss : train:   0.13093729, valid:   0.12716143
epoch 614 of 4001, loss : train:   0.13961817, valid:   0.12643467
epoch 615 of 4001, loss : train:   0.12366804, valid:   0.12622793
epoch 616 of 4001, loss : train:   0.13143944, valid:   0.15541661
epoch 617 of 4001, loss : train:   0.12676207, valid:   0.13703895
epoch 618 of 4001, loss : train:   0.13372229, valid:   0.16382684
epoch 619 of 4001, loss : train:   0.12923883, valid:   0.14476857
epoch 620 of 4001, loss : train:   0.12130364, valid:   0.11590665
epoch 621 of 4001, loss : train:   0.12192823, valid:   0.11574902
epoch 622 of 4001, loss : train:   0.12832293, valid:   0.15683468
epoch 623 of 4001, loss : train:   0.12737029, valid:   0.12830634
epoch 624 of 4001, loss : train:   0.12179786, valid:   0.12697452
epoch 625 of 4001, loss : train:   0.11778241, valid:   0.11466647
epoch 626 of 4001, loss : train:   0.12980519, valid:   0.13192794
epoch 627 of 4001, loss : train:   0.14142188, valid:   0.10832354
epoch 628 of 4001, loss : train:   0.13006287, valid:   0.12903316
epoch 629 of 4001, loss : train:   0.13700445, valid:   0.11894953
epoch 630 of 4001, loss : train:   0.13108072, valid:   0.12294971
epoch 631 of 4001, loss : train:   0.12986955, valid:   0.11457464
epoch 632 of 4001, loss : train:   0.13065513, valid:   0.13008274
epoch 633 of 4001, loss : train:   0.13372653, valid:   0.15531789
epoch 634 of 4001, loss : train:   0.12538053, valid:   0.11815470
epoch 635 of 4001, loss : train:   0.13193935, valid:   0.13818909
epoch 636 of 4001, loss : train:   0.12825370, valid:   0.13276254
epoch 637 of 4001, loss : train:   0.13061111, valid:   0.11541266
epoch 638 of 4001, loss : train:   0.12437523, valid:   0.12619664
epoch 639 of 4001, loss : train:   0.14227697, valid:   0.10787654
epoch 640 of 4001, loss : train:   0.12169535, valid:   0.12511240
epoch 641 of 4001, loss : train:   0.12891920, valid:   0.13882339
epoch 642 of 4001, loss : train:   0.13174642, valid:   0.12981208
epoch 643 of 4001, loss : train:   0.12029706, valid:   0.12184244
epoch 644 of 4001, loss : train:   0.11609123, valid:   0.13819531
epoch 645 of 4001, loss : train:   0.13034283, valid:   0.14369734
epoch 646 of 4001, loss : train:   0.13068583, valid:   0.11095910
epoch 647 of 4001, loss : train:   0.12594258, valid:   0.14224724
epoch 648 of 4001, loss : train:   0.11968591, valid:   0.13561599
epoch 649 of 4001, loss : train:   0.12378901, valid:   0.12259242
epoch 650 of 4001, loss : train:   0.11957154, valid:   0.13006473
epoch 651 of 4001, loss : train:   0.13041068, valid:   0.11703746
epoch 652 of 4001, loss : train:   0.13130217, valid:   0.11147572
epoch 653 of 4001, loss : train:   0.13017397, valid:   0.12861317
epoch 654 of 4001, loss : train:   0.11715494, valid:   0.14238927
epoch 655 of 4001, loss : train:   0.12643514, valid:   0.11486152
epoch 656 of 4001, loss : train:   0.11937689, valid:   0.15288503
epoch 657 of 4001, loss : train:   0.13587314, valid:   0.13646463
epoch 658 of 4001, loss : train:   0.13860994, valid:   0.13105629
epoch 659 of 4001, loss : train:   0.12566406, valid:   0.12147161
epoch 660 of 4001, loss : train:   0.12532598, valid:   0.12216380
epoch 661 of 4001, loss : train:   0.12377152, valid:   0.13320628
epoch 662 of 4001, loss : train:   0.11430018, valid:   0.11202209
epoch 663 of 4001, loss : train:   0.12759050, valid:   0.12185047
epoch 664 of 4001, loss : train:   0.13091692, valid:   0.11793161
epoch 665 of 4001, loss : train:   0.13794712, valid:   0.12594360
epoch 666 of 4001, loss : train:   0.13216858, valid:   0.12747543
epoch 667 of 4001, loss : train:   0.12527261, valid:   0.11741186
epoch 668 of 4001, loss : train:   0.11495338, valid:   0.12795879
epoch 669 of 4001, loss : train:   0.12479461, valid:   0.13275737
epoch 670 of 4001, loss : train:   0.12080007, valid:   0.12929629
epoch 671 of 4001, loss : train:   0.13188175, valid:   0.13469671
epoch 672 of 4001, loss : train:   0.12943210, valid:   0.13241458
epoch 673 of 4001, loss : train:   0.12402766, valid:   0.12330102
epoch 674 of 4001, loss : train:   0.12342337, valid:   0.10648689
epoch 675 of 4001, loss : train:   0.13535369, valid:   0.09685843
epoch 676 of 4001, loss : train:   0.12585159, valid:   0.12904753
epoch 677 of 4001, loss : train:   0.12371471, valid:   0.13735752
epoch 678 of 4001, loss : train:   0.12670230, valid:   0.11081214
epoch 679 of 4001, loss : train:   0.12789579, valid:   0.13691357
epoch 680 of 4001, loss : train:   0.12764686, valid:   0.12500092
epoch 681 of 4001, loss : train:   0.13999850, valid:   0.11684281
epoch 682 of 4001, loss : train:   0.12328112, valid:   0.12076974
epoch 683 of 4001, loss : train:   0.12190709, valid:   0.13555478
epoch 684 of 4001, loss : train:   0.11349798, valid:   0.12380874
epoch 685 of 4001, loss : train:   0.13544572, valid:   0.12890984
epoch 686 of 4001, loss : train:   0.12972241, valid:   0.14442049
epoch 687 of 4001, loss : train:   0.13159878, valid:   0.12725948
epoch 688 of 4001, loss : train:   0.13168064, valid:   0.10264268
epoch 689 of 4001, loss : train:   0.13438468, valid:   0.10001609
epoch 690 of 4001, loss : train:   0.12645126, valid:   0.13887924
epoch 691 of 4001, loss : train:   0.12544785, valid:   0.11420128
epoch 692 of 4001, loss : train:   0.11691791, valid:   0.12654659
epoch 693 of 4001, loss : train:   0.12821537, valid:   0.12229911
epoch 694 of 4001, loss : train:   0.13270538, valid:   0.12405845
epoch 695 of 4001, loss : train:   0.12400700, valid:   0.14314653
epoch 696 of 4001, loss : train:   0.13158982, valid:   0.11740779
epoch 697 of 4001, loss : train:   0.12851148, valid:   0.10817674
epoch 698 of 4001, loss : train:   0.13004528, valid:   0.11634210
epoch 699 of 4001, loss : train:   0.12756071, valid:   0.11196975
epoch 700 of 4001, loss : train:   0.12444073, valid:   0.11792993
epoch 701 of 4001, loss : train:   0.13204959, valid:   0.11966958
epoch 702 of 4001, loss : train:   0.12835429, valid:   0.11366513
epoch 703 of 4001, loss : train:   0.12533385, valid:   0.12987389
epoch 704 of 4001, loss : train:   0.12342305, valid:   0.10530829
epoch 705 of 4001, loss : train:   0.13221670, valid:   0.11924074
epoch 706 of 4001, loss : train:   0.12597028, valid:   0.11597641
epoch 707 of 4001, loss : train:   0.11730753, valid:   0.10809941
epoch 708 of 4001, loss : train:   0.12030483, valid:   0.13616034
epoch 709 of 4001, loss : train:   0.12373526, valid:   0.12439454
epoch 710 of 4001, loss : train:   0.13106675, valid:   0.11775299
epoch 711 of 4001, loss : train:   0.13092341, valid:   0.13007942
epoch 712 of 4001, loss : train:   0.14295129, valid:   0.15576303
epoch 713 of 4001, loss : train:   0.13176002, valid:   0.12195976
epoch 714 of 4001, loss : train:   0.12894930, valid:   0.14105137
epoch 715 of 4001, loss : train:   0.12791715, valid:   0.12221861
epoch 716 of 4001, loss : train:   0.12947881, valid:   0.13057870
epoch 717 of 4001, loss : train:   0.11760084, valid:   0.11459702
epoch 718 of 4001, loss : train:   0.11568167, valid:   0.12435452
epoch 719 of 4001, loss : train:   0.12913870, valid:   0.11470295
epoch 720 of 4001, loss : train:   0.13445781, valid:   0.12508628
epoch 721 of 4001, loss : train:   0.12819445, valid:   0.11759777
epoch 722 of 4001, loss : train:   0.12161063, valid:   0.09276545
epoch 723 of 4001, loss : train:   0.12282423, valid:   0.13227798
epoch 724 of 4001, loss : train:   0.12081200, valid:   0.09972485
epoch 725 of 4001, loss : train:   0.12618417, valid:   0.12354165
epoch 726 of 4001, loss : train:   0.13159961, valid:   0.11944798
epoch 727 of 4001, loss : train:   0.11933067, valid:   0.11068568
epoch 728 of 4001, loss : train:   0.12500929, valid:   0.12864521
epoch 729 of 4001, loss : train:   0.14110944, valid:   0.12921633
epoch 730 of 4001, loss : train:   0.11249571, valid:   0.13271758
epoch 731 of 4001, loss : train:   0.11349666, valid:   0.10168430
epoch 732 of 4001, loss : train:   0.13903712, valid:   0.14264748
epoch 733 of 4001, loss : train:   0.13361763, valid:   0.13675655
epoch 734 of 4001, loss : train:   0.12621461, valid:   0.11191686
epoch 735 of 4001, loss : train:   0.11707616, valid:   0.11952529
epoch 736 of 4001, loss : train:   0.13236410, valid:   0.12921332
epoch 737 of 4001, loss : train:   0.11671474, valid:   0.11417270
epoch 738 of 4001, loss : train:   0.13681015, valid:   0.10978631
epoch 739 of 4001, loss : train:   0.13190156, valid:   0.13036329
epoch 740 of 4001, loss : train:   0.12625994, valid:   0.12981480
epoch 741 of 4001, loss : train:   0.12552330, valid:   0.10272413
epoch 742 of 4001, loss : train:   0.12750562, valid:   0.12344808
epoch 743 of 4001, loss : train:   0.13208328, valid:   0.12026726
epoch 744 of 4001, loss : train:   0.11347837, valid:   0.12950887
epoch 745 of 4001, loss : train:   0.12417100, valid:   0.11525769
epoch 746 of 4001, loss : train:   0.12941027, valid:   0.11662844
epoch 747 of 4001, loss : train:   0.12600870, valid:   0.14571793
epoch 748 of 4001, loss : train:   0.11400697, valid:   0.13924828
epoch 749 of 4001, loss : train:   0.11989144, valid:   0.13753666
epoch 750 of 4001, loss : train:   0.13708306, valid:   0.10488487
epoch 751 of 4001, loss : train:   0.13302910, valid:   0.11149832
epoch 752 of 4001, loss : train:   0.11919573, valid:   0.14017437
epoch 753 of 4001, loss : train:   0.11843527, valid:   0.11504036
epoch 754 of 4001, loss : train:   0.14181352, valid:   0.11142068
epoch 755 of 4001, loss : train:   0.12200823, valid:   0.12142032
epoch 756 of 4001, loss : train:   0.12901131, valid:   0.14170195
epoch 757 of 4001, loss : train:   0.12989207, valid:   0.11708177
epoch 758 of 4001, loss : train:   0.12441126, valid:   0.11774056
epoch 759 of 4001, loss : train:   0.12992389, valid:   0.13845015
epoch 760 of 4001, loss : train:   0.13225526, valid:   0.11615571
epoch 761 of 4001, loss : train:   0.12169353, valid:   0.12871285
epoch 762 of 4001, loss : train:   0.12641475, valid:   0.13364306
epoch 763 of 4001, loss : train:   0.13648911, valid:   0.12053044
epoch 764 of 4001, loss : train:   0.12168733, valid:   0.12566832
epoch 765 of 4001, loss : train:   0.12409762, valid:   0.10290667
epoch 766 of 4001, loss : train:   0.13040525, valid:   0.10994390
epoch 767 of 4001, loss : train:   0.12303913, valid:   0.12055490
epoch 768 of 4001, loss : train:   0.13267405, valid:   0.13785049
epoch 769 of 4001, loss : train:   0.12380022, valid:   0.11778498
epoch 770 of 4001, loss : train:   0.13580485, valid:   0.13147701
epoch 771 of 4001, loss : train:   0.12775007, valid:   0.11129420
epoch 772 of 4001, loss : train:   0.12696740, valid:   0.11315513
epoch 773 of 4001, loss : train:   0.11863146, valid:   0.10385810
epoch 774 of 4001, loss : train:   0.11750982, valid:   0.12999654
epoch 775 of 4001, loss : train:   0.13631374, valid:   0.13100514
epoch 776 of 4001, loss : train:   0.12566734, valid:   0.12669596
epoch 777 of 4001, loss : train:   0.12104355, valid:   0.11488356
epoch 778 of 4001, loss : train:   0.12864838, valid:   0.11883716
epoch 779 of 4001, loss : train:   0.14241309, valid:   0.12634651
epoch 780 of 4001, loss : train:   0.12464137, valid:   0.12399836
epoch 781 of 4001, loss : train:   0.12115098, valid:   0.12321294
epoch 782 of 4001, loss : train:   0.13101534, valid:   0.11398910
epoch 783 of 4001, loss : train:   0.13076970, valid:   0.12652881
epoch 784 of 4001, loss : train:   0.12393409, valid:   0.11509644
epoch 785 of 4001, loss : train:   0.11266393, valid:   0.10901760
epoch 786 of 4001, loss : train:   0.12065539, valid:   0.10811326
epoch 787 of 4001, loss : train:   0.14157300, valid:   0.11411057
epoch 788 of 4001, loss : train:   0.12244262, valid:   0.11454933
epoch 789 of 4001, loss : train:   0.11007907, valid:   0.11376409
epoch 790 of 4001, loss : train:   0.13954624, valid:   0.09538119
epoch 791 of 4001, loss : train:   0.12824285, valid:   0.11769339
epoch 792 of 4001, loss : train:   0.11767358, valid:   0.10029650
epoch 793 of 4001, loss : train:   0.13366648, valid:   0.12457591
epoch 794 of 4001, loss : train:   0.12722672, valid:   0.11480400
epoch 795 of 4001, loss : train:   0.11797158, valid:   0.11054342
epoch 796 of 4001, loss : train:   0.12812622, valid:   0.10868508
epoch 797 of 4001, loss : train:   0.11902440, valid:   0.12937996
epoch 798 of 4001, loss : train:   0.12526871, valid:   0.10817306
epoch 799 of 4001, loss : train:   0.13073851, valid:   0.11341436
epoch 800 of 4001, loss : train:   0.12677309, valid:   0.13388504
epoch 801 of 4001, loss : train:   0.12237843, valid:   0.09936757
epoch 802 of 4001, loss : train:   0.12857299, valid:   0.14307542
epoch 803 of 4001, loss : train:   0.12991709, valid:   0.11972652
epoch 804 of 4001, loss : train:   0.13903048, valid:   0.12633167
epoch 805 of 4001, loss : train:   0.13038209, valid:   0.10084867
epoch 806 of 4001, loss : train:   0.12442645, valid:   0.12103011
epoch 807 of 4001, loss : train:   0.14145538, valid:   0.12976177
epoch 808 of 4001, loss : train:   0.12602294, valid:   0.13528593
epoch 809 of 4001, loss : train:   0.12938711, valid:   0.12467352
epoch 810 of 4001, loss : train:   0.12579000, valid:   0.14023568
epoch 811 of 4001, loss : train:   0.14299319, valid:   0.11084998
epoch 812 of 4001, loss : train:   0.13625812, valid:   0.12420502
epoch 813 of 4001, loss : train:   0.13815051, valid:   0.17221859
epoch 814 of 4001, loss : train:   0.12969887, valid:   0.16477223
epoch 815 of 4001, loss : train:   0.14642190, valid:   0.13495040
epoch 816 of 4001, loss : train:   0.12728607, valid:   0.12573573
epoch 817 of 4001, loss : train:   0.13797642, valid:   0.12955695
epoch 818 of 4001, loss : train:   0.13272157, valid:   0.14601137
epoch 819 of 4001, loss : train:   0.14284328, valid:   0.13493119
epoch 820 of 4001, loss : train:   0.13422231, valid:   0.10936071
epoch 821 of 4001, loss : train:   0.12893100, valid:   0.11201810
epoch 822 of 4001, loss : train:   0.12880448, valid:   0.12273131
epoch 823 of 4001, loss : train:   0.12378797, valid:   0.12607695
epoch 824 of 4001, loss : train:   0.12278232, valid:   0.14147040
epoch 825 of 4001, loss : train:   0.13534687, valid:   0.13141446
epoch 826 of 4001, loss : train:   0.12759219, valid:   0.12396506
epoch 827 of 4001, loss : train:   0.13132075, valid:   0.12409573
epoch 828 of 4001, loss : train:   0.13688566, valid:   0.13035096
epoch 829 of 4001, loss : train:   0.13752977, valid:   0.12116807
epoch 830 of 4001, loss : train:   0.14099326, valid:   0.13196813
epoch 831 of 4001, loss : train:   0.13488947, valid:   0.14046580
epoch 832 of 4001, loss : train:   0.12847992, valid:   0.13177781
epoch 833 of 4001, loss : train:   0.12723500, valid:   0.09711155
epoch 834 of 4001, loss : train:   0.14024528, valid:   0.10926101
epoch 835 of 4001, loss : train:   0.13081022, valid:   0.13603611
epoch 836 of 4001, loss : train:   0.13283167, valid:   0.13116281
epoch 837 of 4001, loss : train:   0.13088632, valid:   0.11524793
epoch 838 of 4001, loss : train:   0.12816801, valid:   0.11531223
epoch 839 of 4001, loss : train:   0.14018544, valid:   0.11908777
epoch 840 of 4001, loss : train:   0.13100676, valid:   0.13707432
epoch 841 of 4001, loss : train:   0.14367483, valid:   0.13053983
epoch 842 of 4001, loss : train:   0.13398315, valid:   0.13698135
epoch 843 of 4001, loss : train:   0.13950316, valid:   0.12618716
epoch 844 of 4001, loss : train:   0.13446748, valid:   0.10462581
epoch 845 of 4001, loss : train:   0.14454039, valid:   0.13159835
epoch 846 of 4001, loss : train:   0.13157796, valid:   0.13715722
epoch 847 of 4001, loss : train:   0.12744213, valid:   0.11709239
epoch 848 of 4001, loss : train:   0.12795849, valid:   0.12352891
epoch 849 of 4001, loss : train:   0.13308084, valid:   0.10689774
epoch 850 of 4001, loss : train:   0.12635141, valid:   0.14179604
epoch 851 of 4001, loss : train:   0.12281243, valid:   0.13859755
epoch 852 of 4001, loss : train:   0.13093845, valid:   0.12698469
epoch 853 of 4001, loss : train:   0.13730099, valid:   0.10543077
epoch 854 of 4001, loss : train:   0.12322389, valid:   0.12809107
epoch 855 of 4001, loss : train:   0.12512229, valid:   0.12426044
epoch 856 of 4001, loss : train:   0.13829326, valid:   0.13301113
epoch 857 of 4001, loss : train:   0.13320902, valid:   0.11604225
epoch 858 of 4001, loss : train:   0.14378217, valid:   0.11769408
epoch 859 of 4001, loss : train:   0.12895598, valid:   0.12196621
epoch 860 of 4001, loss : train:   0.13241826, valid:   0.12773961
epoch 861 of 4001, loss : train:   0.13744401, valid:   0.12241725
epoch 862 of 4001, loss : train:   0.11879845, valid:   0.13068523
epoch 863 of 4001, loss : train:   0.13778040, valid:   0.14652145
epoch 864 of 4001, loss : train:   0.13328121, valid:   0.12578036
epoch 865 of 4001, loss : train:   0.13071562, valid:   0.10460120
epoch 866 of 4001, loss : train:   0.14626102, valid:   0.13687575
epoch 867 of 4001, loss : train:   0.13920806, valid:   0.13709639
epoch 868 of 4001, loss : train:   0.12460605, valid:   0.13315830
epoch 869 of 4001, loss : train:   0.13193321, valid:   0.13609964
epoch 870 of 4001, loss : train:   0.12169159, valid:   0.12320440
epoch 871 of 4001, loss : train:   0.13296529, valid:   0.13540569
epoch 872 of 4001, loss : train:   0.13084871, valid:   0.14405458
epoch 873 of 4001, loss : train:   0.13025264, valid:   0.11686096
epoch 874 of 4001, loss : train:   0.12947077, valid:   0.11544566
epoch 875 of 4001, loss : train:   0.13030878, valid:   0.12667888
epoch 876 of 4001, loss : train:   0.12319362, valid:   0.13327204
epoch 877 of 4001, loss : train:   0.13685313, valid:   0.13444917
epoch 878 of 4001, loss : train:   0.13568915, valid:   0.13183048
epoch 879 of 4001, loss : train:   0.12553784, valid:   0.12821475
epoch 880 of 4001, loss : train:   0.13402374, valid:   0.13160750
epoch 881 of 4001, loss : train:   0.14124182, valid:   0.13486396
epoch 882 of 4001, loss : train:   0.13983156, valid:   0.13433406
epoch 883 of 4001, loss : train:   0.13515519, valid:   0.13177848
epoch 884 of 4001, loss : train:   0.13747191, valid:   0.10492004
epoch 885 of 4001, loss : train:   0.13168817, valid:   0.12154509
epoch 886 of 4001, loss : train:   0.12616175, valid:   0.12988694
epoch 887 of 4001, loss : train:   0.13578377, valid:   0.12773857
epoch 888 of 4001, loss : train:   0.12844884, valid:   0.13451317
epoch 889 of 4001, loss : train:   0.12049564, valid:   0.12456478
epoch 890 of 4001, loss : train:   0.13097613, valid:   0.12118862
epoch 891 of 4001, loss : train:   0.12874919, valid:   0.13632181
epoch 892 of 4001, loss : train:   0.13199877, valid:   0.11428825
epoch 893 of 4001, loss : train:   0.12366562, valid:   0.12451478
epoch 894 of 4001, loss : train:   0.12824949, valid:   0.13645893
epoch 895 of 4001, loss : train:   0.13527796, valid:   0.14268696
epoch 896 of 4001, loss : train:   0.13345241, valid:   0.16491066
epoch 897 of 4001, loss : train:   0.13105894, valid:   0.14681976
epoch 898 of 4001, loss : train:   0.12709794, valid:   0.13877624
epoch 899 of 4001, loss : train:   0.13493730, valid:   0.13394357
epoch 900 of 4001, loss : train:   0.12404890, valid:   0.11386649
epoch 901 of 4001, loss : train:   0.12565403, valid:   0.11652805
epoch 902 of 4001, loss : train:   0.12978162, valid:   0.17229953
epoch 903 of 4001, loss : train:   0.13369149, valid:   0.13244899
epoch 904 of 4001, loss : train:   0.13357649, valid:   0.11723678
epoch 905 of 4001, loss : train:   0.13347271, valid:   0.10586794
epoch 906 of 4001, loss : train:   0.12996816, valid:   0.11151086
epoch 907 of 4001, loss : train:   0.14427464, valid:   0.12114923
epoch 908 of 4001, loss : train:   0.13753989, valid:   0.12122905
epoch 909 of 4001, loss : train:   0.13132706, valid:   0.11313055
epoch 910 of 4001, loss : train:   0.12578720, valid:   0.13052011
epoch 911 of 4001, loss : train:   0.13194169, valid:   0.12208565
epoch 912 of 4001, loss : train:   0.13399579, valid:   0.14787692
epoch 913 of 4001, loss : train:   0.14281608, valid:   0.11648757
epoch 914 of 4001, loss : train:   0.12917811, valid:   0.13429514
epoch 915 of 4001, loss : train:   0.12837694, valid:   0.11569710
epoch 916 of 4001, loss : train:   0.12600586, valid:   0.12788874
epoch 917 of 4001, loss : train:   0.13105951, valid:   0.13871375
epoch 918 of 4001, loss : train:   0.12025414, valid:   0.12947007
epoch 919 of 4001, loss : train:   0.13879353, valid:   0.11918154
epoch 920 of 4001, loss : train:   0.12156181, valid:   0.11924282
epoch 921 of 4001, loss : train:   0.13756766, valid:   0.12644903
epoch 922 of 4001, loss : train:   0.13367085, valid:   0.13496251
epoch 923 of 4001, loss : train:   0.12930688, valid:   0.13455549
epoch 924 of 4001, loss : train:   0.11737153, valid:   0.13452969
epoch 925 of 4001, loss : train:   0.12642295, valid:   0.14539889
epoch 926 of 4001, loss : train:   0.13885447, valid:   0.09752145
epoch 927 of 4001, loss : train:   0.12938050, valid:   0.12216802
epoch 928 of 4001, loss : train:   0.12672793, valid:   0.14663970
epoch 929 of 4001, loss : train:   0.12691142, valid:   0.13277453
epoch 930 of 4001, loss : train:   0.11916338, valid:   0.10941689
epoch 931 of 4001, loss : train:   0.13061880, valid:   0.13838369
epoch 932 of 4001, loss : train:   0.12785416, valid:   0.10420211
epoch 933 of 4001, loss : train:   0.13053765, valid:   0.13455540
epoch 934 of 4001, loss : train:   0.13721101, valid:   0.11057726
epoch 935 of 4001, loss : train:   0.12743552, valid:   0.13085300
epoch 936 of 4001, loss : train:   0.13481370, valid:   0.11112518
epoch 937 of 4001, loss : train:   0.11896522, valid:   0.11641905
epoch 938 of 4001, loss : train:   0.12076517, valid:   0.14744002
epoch 939 of 4001, loss : train:   0.12120560, valid:   0.12790358
epoch 940 of 4001, loss : train:   0.11875618, valid:   0.14117903
epoch 941 of 4001, loss : train:   0.14516367, valid:   0.11766914
epoch 942 of 4001, loss : train:   0.12409552, valid:   0.11943909
epoch 943 of 4001, loss : train:   0.12585749, valid:   0.10083566
epoch 944 of 4001, loss : train:   0.14146641, valid:   0.12484117
epoch 945 of 4001, loss : train:   0.12906881, valid:   0.11907474
epoch 946 of 4001, loss : train:   0.12879568, valid:   0.13030007
epoch 947 of 4001, loss : train:   0.11585643, valid:   0.12465072
epoch 948 of 4001, loss : train:   0.12341840, valid:   0.13349058
epoch 949 of 4001, loss : train:   0.13154202, valid:   0.14831151
epoch 950 of 4001, loss : train:   0.12736034, valid:   0.13061549
epoch 951 of 4001, loss : train:   0.12656719, valid:   0.13451318
epoch 952 of 4001, loss : train:   0.12210313, valid:   0.13844189
epoch 953 of 4001, loss : train:   0.12859389, valid:   0.11565484
epoch 954 of 4001, loss : train:   0.12164006, valid:   0.12809014
epoch 955 of 4001, loss : train:   0.13013889, valid:   0.12066942
epoch 956 of 4001, loss : train:   0.12996440, valid:   0.11673055
epoch 957 of 4001, loss : train:   0.13149970, valid:   0.12641428
epoch 958 of 4001, loss : train:   0.12630688, valid:   0.11488385
epoch 959 of 4001, loss : train:   0.13017096, valid:   0.12678991
epoch 960 of 4001, loss : train:   0.12132123, valid:   0.12060744
epoch 961 of 4001, loss : train:   0.12532040, valid:   0.13336749
epoch 962 of 4001, loss : train:   0.13301923, valid:   0.13054597
epoch 963 of 4001, loss : train:   0.12471146, valid:   0.13370469
epoch 964 of 4001, loss : train:   0.13563467, valid:   0.14809607
epoch 965 of 4001, loss : train:   0.12484331, valid:   0.12549312
epoch 966 of 4001, loss : train:   0.12473568, valid:   0.13602147
epoch 967 of 4001, loss : train:   0.13186923, valid:   0.13504539
epoch 968 of 4001, loss : train:   0.14255118, valid:   0.11175182
epoch 969 of 4001, loss : train:   0.13235449, valid:   0.12606370
epoch 970 of 4001, loss : train:   0.12419362, valid:   0.10707866
epoch 971 of 4001, loss : train:   0.13346821, valid:   0.12330162
epoch 972 of 4001, loss : train:   0.12974667, valid:   0.13484849
epoch 973 of 4001, loss : train:   0.12354135, valid:   0.12772918
epoch 974 of 4001, loss : train:   0.12600534, valid:   0.11147522
epoch 975 of 4001, loss : train:   0.13864184, valid:   0.13223623
epoch 976 of 4001, loss : train:   0.12286974, valid:   0.15504389
epoch 977 of 4001, loss : train:   0.11647029, valid:   0.16799966
epoch 978 of 4001, loss : train:   0.13144667, valid:   0.12611642
epoch 979 of 4001, loss : train:   0.12386613, valid:   0.12497405
epoch 980 of 4001, loss : train:   0.12382920, valid:   0.12322102
epoch 981 of 4001, loss : train:   0.13013661, valid:   0.11466955
epoch 982 of 4001, loss : train:   0.12237875, valid:   0.11185340
epoch 983 of 4001, loss : train:   0.12962114, valid:   0.11648043
epoch 984 of 4001, loss : train:   0.13195102, valid:   0.10312103
epoch 985 of 4001, loss : train:   0.13122195, valid:   0.12180496
epoch 986 of 4001, loss : train:   0.12077727, valid:   0.13073818
epoch 987 of 4001, loss : train:   0.12386469, valid:   0.13574198
epoch 988 of 4001, loss : train:   0.13332159, valid:   0.12126262
epoch 989 of 4001, loss : train:   0.12617327, valid:   0.12430523
epoch 990 of 4001, loss : train:   0.12875019, valid:   0.13467363
epoch 991 of 4001, loss : train:   0.13712991, valid:   0.13077481
epoch 992 of 4001, loss : train:   0.13177295, valid:   0.14256760
epoch 993 of 4001, loss : train:   0.14334939, valid:   0.16529781
epoch 994 of 4001, loss : train:   0.12195098, valid:   0.11652052
epoch 995 of 4001, loss : train:   0.13240674, valid:   0.12114438
epoch 996 of 4001, loss : train:   0.12301003, valid:   0.11757486
epoch 997 of 4001, loss : train:   0.12635051, valid:   0.11466909
epoch 998 of 4001, loss : train:   0.12867371, valid:   0.10683703
epoch 999 of 4001, loss : train:   0.13642702, valid:   0.11309549
epoch 1000 of 4001, loss : train:   0.13309543, valid:   0.12096732
epoch 1001 of 4001, loss : train:   0.13330708, valid:   0.11797144
epoch 1002 of 4001, loss : train:   0.11905612, valid:   0.15035889
epoch 1003 of 4001, loss : train:   0.13808922, valid:   0.14446023
epoch 1004 of 4001, loss : train:   0.12244206, valid:   0.12312714
epoch 1005 of 4001, loss : train:   0.12342322, valid:   0.13575923
epoch 1006 of 4001, loss : train:   0.12650640, valid:   0.13924183
epoch 1007 of 4001, loss : train:   0.12580801, valid:   0.11197889
epoch 1008 of 4001, loss : train:   0.10742701, valid:   0.14363784
epoch 1009 of 4001, loss : train:   0.13252855, valid:   0.13892569
epoch 1010 of 4001, loss : train:   0.12974236, valid:   0.11147758
epoch 1011 of 4001, loss : train:   0.12339189, valid:   0.13390560
epoch 1012 of 4001, loss : train:   0.12310241, valid:   0.11223191
epoch 1013 of 4001, loss : train:   0.11949121, valid:   0.12376407
epoch 1014 of 4001, loss : train:   0.12721861, valid:   0.12125130
epoch 1015 of 4001, loss : train:   0.13924307, valid:   0.11123388
epoch 1016 of 4001, loss : train:   0.13685406, valid:   0.13041799
epoch 1017 of 4001, loss : train:   0.12228281, valid:   0.12781651
epoch 1018 of 4001, loss : train:   0.12226299, valid:   0.12927951
epoch 1019 of 4001, loss : train:   0.12414161, valid:   0.11750227
epoch 1020 of 4001, loss : train:   0.12789356, valid:   0.11207908
epoch 1021 of 4001, loss : train:   0.12763458, valid:   0.12557136
epoch 1022 of 4001, loss : train:   0.11757021, valid:   0.12188739
epoch 1023 of 4001, loss : train:   0.12540326, valid:   0.11030596
epoch 1024 of 4001, loss : train:   0.11684569, valid:   0.14490786
epoch 1025 of 4001, loss : train:   0.13228758, valid:   0.12670258
epoch 1026 of 4001, loss : train:   0.12996693, valid:   0.12584217
epoch 1027 of 4001, loss : train:   0.12742751, valid:   0.11214349
epoch 1028 of 4001, loss : train:   0.13964838, valid:   0.14413604
epoch 1029 of 4001, loss : train:   0.13592951, valid:   0.10087550
epoch 1030 of 4001, loss : train:   0.11845387, valid:   0.11885680
epoch 1031 of 4001, loss : train:   0.12549885, valid:   0.12111083
epoch 1032 of 4001, loss : train:   0.11564690, valid:   0.12220727
epoch 1033 of 4001, loss : train:   0.14118469, valid:   0.11264842
epoch 1034 of 4001, loss : train:   0.13889857, valid:   0.13690543
epoch 1035 of 4001, loss : train:   0.13496201, valid:   0.10271595
epoch 1036 of 4001, loss : train:   0.11940776, valid:   0.11490878
epoch 1037 of 4001, loss : train:   0.12758124, valid:   0.12323508
epoch 1038 of 4001, loss : train:   0.13221404, valid:   0.12984765
epoch 1039 of 4001, loss : train:   0.13923810, valid:   0.13760057
epoch 1040 of 4001, loss : train:   0.12162835, valid:   0.13976631
epoch 1041 of 4001, loss : train:   0.13776642, valid:   0.11375710
epoch 1042 of 4001, loss : train:   0.12134176, valid:   0.11556962
epoch 1043 of 4001, loss : train:   0.12482054, valid:   0.11991668
epoch 1044 of 4001, loss : train:   0.11796822, valid:   0.12103866
epoch 1045 of 4001, loss : train:   0.13566996, valid:   0.13104837
epoch 1046 of 4001, loss : train:   0.12124415, valid:   0.12416623
epoch 1047 of 4001, loss : train:   0.12530887, valid:   0.11180682
epoch 1048 of 4001, loss : train:   0.13058692, valid:   0.13760525
epoch 1049 of 4001, loss : train:   0.12404599, valid:   0.10706696
epoch 1050 of 4001, loss : train:   0.13632391, valid:   0.10946145
epoch 1051 of 4001, loss : train:   0.12650838, valid:   0.13172129
epoch 1052 of 4001, loss : train:   0.12673416, valid:   0.12090313
epoch 1053 of 4001, loss : train:   0.12906489, valid:   0.11133976
epoch 1054 of 4001, loss : train:   0.12934815, valid:   0.13123448
epoch 1055 of 4001, loss : train:   0.12221968, valid:   0.14315358
epoch 1056 of 4001, loss : train:   0.12915009, valid:   0.11504621
epoch 1057 of 4001, loss : train:   0.12649393, valid:   0.12975538
epoch 1058 of 4001, loss : train:   0.13642952, valid:   0.12564264
epoch 1059 of 4001, loss : train:   0.13833477, valid:   0.13040462
epoch 1060 of 4001, loss : train:   0.12573946, valid:   0.12749930
epoch 1061 of 4001, loss : train:   0.12193930, valid:   0.12386824
epoch 1062 of 4001, loss : train:   0.13226896, valid:   0.11666142
epoch 1063 of 4001, loss : train:   0.12389219, valid:   0.12231831
epoch 1064 of 4001, loss : train:   0.12953087, valid:   0.11604270
epoch 1065 of 4001, loss : train:   0.12156013, valid:   0.11069299
epoch 1066 of 4001, loss : train:   0.12643160, valid:   0.14268063
epoch 1067 of 4001, loss : train:   0.12419982, valid:   0.13181010
epoch 1068 of 4001, loss : train:   0.12430661, valid:   0.12634547
epoch 1069 of 4001, loss : train:   0.12667516, valid:   0.12442948
epoch 1070 of 4001, loss : train:   0.12458671, valid:   0.11244689
epoch 1071 of 4001, loss : train:   0.11270627, valid:   0.13899727
epoch 1072 of 4001, loss : train:   0.12762216, valid:   0.11675128
epoch 1073 of 4001, loss : train:   0.12365155, valid:   0.14900360
epoch 1074 of 4001, loss : train:   0.12322704, valid:   0.11439852
epoch 1075 of 4001, loss : train:   0.12328590, valid:   0.12262898
epoch 1076 of 4001, loss : train:   0.13532642, valid:   0.15611547
epoch 1077 of 4001, loss : train:   0.11025874, valid:   0.14833161
epoch 1078 of 4001, loss : train:   0.13141165, valid:   0.14181161
epoch 1079 of 4001, loss : train:   0.13940210, valid:   0.13324453
epoch 1080 of 4001, loss : train:   0.12127420, valid:   0.15207933
epoch 1081 of 4001, loss : train:   0.11795305, valid:   0.11737584
epoch 1082 of 4001, loss : train:   0.12538406, valid:   0.13200857
epoch 1083 of 4001, loss : train:   0.12898035, valid:   0.13177763
epoch 1084 of 4001, loss : train:   0.12764826, valid:   0.11772404
epoch 1085 of 4001, loss : train:   0.12339822, valid:   0.12266737
epoch 1086 of 4001, loss : train:   0.12229483, valid:   0.13359988
epoch 1087 of 4001, loss : train:   0.11979542, valid:   0.12774913
epoch 1088 of 4001, loss : train:   0.11427431, valid:   0.11337917
epoch 1089 of 4001, loss : train:   0.13401021, valid:   0.12455866
epoch 1090 of 4001, loss : train:   0.12021585, valid:   0.12562768
epoch 1091 of 4001, loss : train:   0.13331180, valid:   0.12312149
epoch 1092 of 4001, loss : train:   0.12482670, valid:   0.11851849
epoch 1093 of 4001, loss : train:   0.11139886, valid:   0.11622178
epoch 1094 of 4001, loss : train:   0.13034155, valid:   0.11939017
epoch 1095 of 4001, loss : train:   0.12169338, valid:   0.12383482
epoch 1096 of 4001, loss : train:   0.11568140, valid:   0.12316669
epoch 1097 of 4001, loss : train:   0.12581251, valid:   0.12178697
epoch 1098 of 4001, loss : train:   0.12268604, valid:   0.10433188
epoch 1099 of 4001, loss : train:   0.12886954, valid:   0.12258013
epoch 1100 of 4001, loss : train:   0.12055786, valid:   0.12108179
epoch 1101 of 4001, loss : train:   0.13293563, valid:   0.14184640
epoch 1102 of 4001, loss : train:   0.12889735, valid:   0.12165926
epoch 1103 of 4001, loss : train:   0.12521162, valid:   0.12823796
epoch 1104 of 4001, loss : train:   0.11848385, valid:   0.10941800
epoch 1105 of 4001, loss : train:   0.11934243, valid:   0.12982596
epoch 1106 of 4001, loss : train:   0.12233452, valid:   0.12437240
epoch 1107 of 4001, loss : train:   0.12430609, valid:   0.10978229
epoch 1108 of 4001, loss : train:   0.11964323, valid:   0.12969260
epoch 1109 of 4001, loss : train:   0.12350412, valid:   0.11053853
epoch 1110 of 4001, loss : train:   0.13347142, valid:   0.11750032
epoch 1111 of 4001, loss : train:   0.11284556, valid:   0.11422529
epoch 1112 of 4001, loss : train:   0.13189111, valid:   0.11113015
epoch 1113 of 4001, loss : train:   0.11734044, valid:   0.10107603
epoch 1114 of 4001, loss : train:   0.14051917, valid:   0.14495496
epoch 1115 of 4001, loss : train:   0.12923643, valid:   0.12572293
epoch 1116 of 4001, loss : train:   0.12006149, valid:   0.15221848
epoch 1117 of 4001, loss : train:   0.13631790, valid:   0.10723823
epoch 1118 of 4001, loss : train:   0.12457974, valid:   0.13252272
epoch 1119 of 4001, loss : train:   0.12709925, valid:   0.10270225
epoch 1120 of 4001, loss : train:   0.13079083, valid:   0.12475362
epoch 1121 of 4001, loss : train:   0.12082752, valid:   0.12414520
epoch 1122 of 4001, loss : train:   0.11219215, valid:   0.12691845
epoch 1123 of 4001, loss : train:   0.11790501, valid:   0.11811022
epoch 1124 of 4001, loss : train:   0.12023812, valid:   0.11493870
epoch 1125 of 4001, loss : train:   0.13276320, valid:   0.13474597
epoch 1126 of 4001, loss : train:   0.12983049, valid:   0.13681038
epoch 1127 of 4001, loss : train:   0.11448403, valid:   0.13166881
epoch 1128 of 4001, loss : train:   0.12879659, valid:   0.11049893
epoch 1129 of 4001, loss : train:   0.12179894, valid:   0.09906428
epoch 1130 of 4001, loss : train:   0.12350092, valid:   0.14682609
epoch 1131 of 4001, loss : train:   0.12786015, valid:   0.14258650
epoch 1132 of 4001, loss : train:   0.12901092, valid:   0.10973276
epoch 1133 of 4001, loss : train:   0.11732190, valid:   0.12442435
epoch 1134 of 4001, loss : train:   0.12793298, valid:   0.13641201
epoch 1135 of 4001, loss : train:   0.12070968, valid:   0.12549685
epoch 1136 of 4001, loss : train:   0.13323982, valid:   0.13823459
epoch 1137 of 4001, loss : train:   0.13813390, valid:   0.10391352
epoch 1138 of 4001, loss : train:   0.13125760, valid:   0.10598227
epoch 1139 of 4001, loss : train:   0.11899044, valid:   0.11988597
epoch 1140 of 4001, loss : train:   0.12198818, valid:   0.10715140
epoch 1141 of 4001, loss : train:   0.12187724, valid:   0.13398787
epoch 1142 of 4001, loss : train:   0.13536521, valid:   0.11555743
epoch 1143 of 4001, loss : train:   0.12378315, valid:   0.13628082
epoch 1144 of 4001, loss : train:   0.12256427, valid:   0.11795370
epoch 1145 of 4001, loss : train:   0.12256094, valid:   0.13185780
epoch 1146 of 4001, loss : train:   0.12411897, valid:   0.13288324
epoch 1147 of 4001, loss : train:   0.13575494, valid:   0.12542534
epoch 1148 of 4001, loss : train:   0.13054696, valid:   0.11423846
epoch 1149 of 4001, loss : train:   0.12267524, valid:   0.13872209
epoch 1150 of 4001, loss : train:   0.12675311, valid:   0.11181873
epoch 1151 of 4001, loss : train:   0.12627459, valid:   0.15742046
epoch 1152 of 4001, loss : train:   0.11565755, valid:   0.11165173
epoch 1153 of 4001, loss : train:   0.12486887, valid:   0.12112099
epoch 1154 of 4001, loss : train:   0.12235281, valid:   0.16420648
epoch 1155 of 4001, loss : train:   0.12444903, valid:   0.12694041
epoch 1156 of 4001, loss : train:   0.12760655, valid:   0.12553793
epoch 1157 of 4001, loss : train:   0.11702708, valid:   0.15657453
epoch 1158 of 4001, loss : train:   0.12550549, valid:   0.09353141
epoch 1159 of 4001, loss : train:   0.13295005, valid:   0.14067239
epoch 1160 of 4001, loss : train:   0.13702960, valid:   0.12915611
epoch 1161 of 4001, loss : train:   0.12979510, valid:   0.13434522
epoch 1162 of 4001, loss : train:   0.12096762, valid:   0.11764394
epoch 1163 of 4001, loss : train:   0.12418876, valid:   0.14357619
epoch 1164 of 4001, loss : train:   0.12390213, valid:   0.12724081
epoch 1165 of 4001, loss : train:   0.11310601, valid:   0.10876029
epoch 1166 of 4001, loss : train:   0.11796015, valid:   0.13982829
epoch 1167 of 4001, loss : train:   0.11863481, valid:   0.14267470
epoch 1168 of 4001, loss : train:   0.12356505, valid:   0.12935357
epoch 1169 of 4001, loss : train:   0.12667030, valid:   0.12859032
epoch 1170 of 4001, loss : train:   0.12499452, valid:   0.16152640
epoch 1171 of 4001, loss : train:   0.11116935, valid:   0.11760844
epoch 1172 of 4001, loss : train:   0.10938061, valid:   0.12010877
epoch 1173 of 4001, loss : train:   0.13192559, valid:   0.13020882
epoch 1174 of 4001, loss : train:   0.12823509, valid:   0.11242861
epoch 1175 of 4001, loss : train:   0.13204451, valid:   0.13391599
epoch 1176 of 4001, loss : train:   0.11892684, valid:   0.12027858
epoch 1177 of 4001, loss : train:   0.12496419, valid:   0.10511753
epoch 1178 of 4001, loss : train:   0.13085853, valid:   0.12718339
epoch 1179 of 4001, loss : train:   0.12767090, valid:   0.13580346
epoch 1180 of 4001, loss : train:   0.11544521, valid:   0.11987744
epoch 1181 of 4001, loss : train:   0.11720812, valid:   0.11464319
epoch 1182 of 4001, loss : train:   0.12374469, valid:   0.12699534
epoch 1183 of 4001, loss : train:   0.13014333, valid:   0.12129089
epoch 1184 of 4001, loss : train:   0.12326188, valid:   0.12254037
epoch 1185 of 4001, loss : train:   0.13779005, valid:   0.14175621
epoch 1186 of 4001, loss : train:   0.12446674, valid:   0.11405686
epoch 1187 of 4001, loss : train:   0.12994235, valid:   0.12682450
epoch 1188 of 4001, loss : train:   0.13622321, valid:   0.10646853
epoch 1189 of 4001, loss : train:   0.12862293, valid:   0.12425815
epoch 1190 of 4001, loss : train:   0.12453338, valid:   0.12418686
epoch 1191 of 4001, loss : train:   0.12544588, valid:   0.12345708
epoch 1192 of 4001, loss : train:   0.11745106, valid:   0.12956049
epoch 1193 of 4001, loss : train:   0.13122488, valid:   0.13394704
epoch 1194 of 4001, loss : train:   0.13957017, valid:   0.10767822
epoch 1195 of 4001, loss : train:   0.12275730, valid:   0.13113451
epoch 1196 of 4001, loss : train:   0.11808565, valid:   0.13666464
epoch 1197 of 4001, loss : train:   0.13112238, valid:   0.12364880
epoch 1198 of 4001, loss : train:   0.11999825, valid:   0.10086204
epoch 1199 of 4001, loss : train:   0.12510168, valid:   0.13692260
epoch 1200 of 4001, loss : train:   0.12929914, valid:   0.12914689
epoch 1201 of 4001, loss : train:   0.13185785, valid:   0.09764329
epoch 1202 of 4001, loss : train:   0.12759257, valid:   0.10529478
epoch 1203 of 4001, loss : train:   0.12271975, valid:   0.13764168
epoch 1204 of 4001, loss : train:   0.12476156, valid:   0.12586434
epoch 1205 of 4001, loss : train:   0.13349333, valid:   0.12374278
epoch 1206 of 4001, loss : train:   0.12818637, valid:   0.10262708
epoch 1207 of 4001, loss : train:   0.11885226, valid:   0.12497346
epoch 1208 of 4001, loss : train:   0.13218856, valid:   0.11519057
epoch 1209 of 4001, loss : train:   0.12184185, valid:   0.10820228
epoch 1210 of 4001, loss : train:   0.11528515, valid:   0.12641475
epoch 1211 of 4001, loss : train:   0.13960540, valid:   0.13256735
epoch 1212 of 4001, loss : train:   0.12170789, valid:   0.12537849
epoch 1213 of 4001, loss : train:   0.13022620, valid:   0.12278451
epoch 1214 of 4001, loss : train:   0.12203373, valid:   0.13070685
epoch 1215 of 4001, loss : train:   0.12105578, valid:   0.12448809
epoch 1216 of 4001, loss : train:   0.13021498, valid:   0.10870075
epoch 1217 of 4001, loss : train:   0.12387732, valid:   0.12857820
epoch 1218 of 4001, loss : train:   0.11668000, valid:   0.11767944
epoch 1219 of 4001, loss : train:   0.13256165, valid:   0.14574698
epoch 1220 of 4001, loss : train:   0.11880250, valid:   0.12911382
epoch 1221 of 4001, loss : train:   0.12523781, valid:   0.12284182
epoch 1222 of 4001, loss : train:   0.12361093, valid:   0.12764506
epoch 1223 of 4001, loss : train:   0.11286394, valid:   0.11189312
epoch 1224 of 4001, loss : train:   0.12051359, valid:   0.14774725
epoch 1225 of 4001, loss : train:   0.12042668, valid:   0.12347047
epoch 1226 of 4001, loss : train:   0.13053117, valid:   0.11250677
epoch 1227 of 4001, loss : train:   0.12000838, valid:   0.11808874
epoch 1228 of 4001, loss : train:   0.12651299, valid:   0.11321434
epoch 1229 of 4001, loss : train:   0.12670930, valid:   0.12807821
epoch 1230 of 4001, loss : train:   0.12131246, valid:   0.12899318
epoch 1231 of 4001, loss : train:   0.11473628, valid:   0.14242566
epoch 1232 of 4001, loss : train:   0.12761528, valid:   0.11531446
epoch 1233 of 4001, loss : train:   0.13033642, valid:   0.13010465
epoch 1234 of 4001, loss : train:   0.13576479, valid:   0.12938654
epoch 1235 of 4001, loss : train:   0.12531679, valid:   0.13195652
epoch 1236 of 4001, loss : train:   0.12696275, valid:   0.13034156
epoch 1237 of 4001, loss : train:   0.12471604, valid:   0.12621595
epoch 1238 of 4001, loss : train:   0.12519652, valid:   0.15341635
epoch 1239 of 4001, loss : train:   0.11900007, valid:   0.12275259
epoch 1240 of 4001, loss : train:   0.10658667, valid:   0.10658839
epoch 1241 of 4001, loss : train:   0.12729559, valid:   0.11060096
epoch 1242 of 4001, loss : train:   0.12517208, valid:   0.14757775
epoch 1243 of 4001, loss : train:   0.12495080, valid:   0.14782551
epoch 1244 of 4001, loss : train:   0.12737727, valid:   0.09754899
epoch 1245 of 4001, loss : train:   0.12756237, valid:   0.11702064
epoch 1246 of 4001, loss : train:   0.12973073, valid:   0.11786563
epoch 1247 of 4001, loss : train:   0.11571163, valid:   0.14515962
epoch 1248 of 4001, loss : train:   0.11771392, valid:   0.11486115
epoch 1249 of 4001, loss : train:   0.11594639, valid:   0.12176235
epoch 1250 of 4001, loss : train:   0.12690531, valid:   0.12011623
epoch 1251 of 4001, loss : train:   0.11629551, valid:   0.12079651
epoch 1252 of 4001, loss : train:   0.13153295, valid:   0.10439064
epoch 1253 of 4001, loss : train:   0.13568806, valid:   0.12511465
epoch 1254 of 4001, loss : train:   0.13277090, valid:   0.14716496
epoch 1255 of 4001, loss : train:   0.12691567, valid:   0.12293858
epoch 1256 of 4001, loss : train:   0.12661625, valid:   0.11132401
epoch 1257 of 4001, loss : train:   0.13306291, valid:   0.13094318
epoch 1258 of 4001, loss : train:   0.13437110, valid:   0.11739680
epoch 1259 of 4001, loss : train:   0.12820159, valid:   0.12865029
epoch 1260 of 4001, loss : train:   0.13005316, valid:   0.10725928
epoch 1261 of 4001, loss : train:   0.12394135, valid:   0.15083817
epoch 1262 of 4001, loss : train:   0.13496894, valid:   0.11201606
epoch 1263 of 4001, loss : train:   0.12357874, valid:   0.11276955
epoch 1264 of 4001, loss : train:   0.12066006, valid:   0.11034938
epoch 1265 of 4001, loss : train:   0.13110663, valid:   0.13209547
epoch 1266 of 4001, loss : train:   0.12303693, valid:   0.11901401
epoch 1267 of 4001, loss : train:   0.11622567, valid:   0.12154404
epoch 1268 of 4001, loss : train:   0.12964502, valid:   0.11628230
epoch 1269 of 4001, loss : train:   0.11521722, valid:   0.13627498
epoch 1270 of 4001, loss : train:   0.13336627, valid:   0.12958087
epoch 1271 of 4001, loss : train:   0.11540220, valid:   0.12170617
epoch 1272 of 4001, loss : train:   0.13005438, valid:   0.12597418
epoch 1273 of 4001, loss : train:   0.11403792, valid:   0.13048017
epoch 1274 of 4001, loss : train:   0.11669913, valid:   0.13084449
epoch 1275 of 4001, loss : train:   0.13134819, valid:   0.13049850
epoch 1276 of 4001, loss : train:   0.11464058, valid:   0.13195704
epoch 1277 of 4001, loss : train:   0.11078311, valid:   0.13954264
epoch 1278 of 4001, loss : train:   0.12063721, valid:   0.13476394
epoch 1279 of 4001, loss : train:   0.11634829, valid:   0.12928854
epoch 1280 of 4001, loss : train:   0.12374811, valid:   0.11375557
epoch 1281 of 4001, loss : train:   0.11426835, valid:   0.12458500
epoch 1282 of 4001, loss : train:   0.12023475, valid:   0.14015861
epoch 1283 of 4001, loss : train:   0.13061251, valid:   0.13611467
epoch 1284 of 4001, loss : train:   0.11670081, valid:   0.12163313
epoch 1285 of 4001, loss : train:   0.11701008, valid:   0.09224838
epoch 1286 of 4001, loss : train:   0.13843308, valid:   0.13438120
epoch 1287 of 4001, loss : train:   0.12296092, valid:   0.11242548
epoch 1288 of 4001, loss : train:   0.12183928, valid:   0.12723058
epoch 1289 of 4001, loss : train:   0.12081595, valid:   0.11293462
epoch 1290 of 4001, loss : train:   0.11993575, valid:   0.11916926
epoch 1291 of 4001, loss : train:   0.13519333, valid:   0.11558197
epoch 1292 of 4001, loss : train:   0.13549737, valid:   0.11366826
epoch 1293 of 4001, loss : train:   0.11574005, valid:   0.12981664
epoch 1294 of 4001, loss : train:   0.12103474, valid:   0.13503483
epoch 1295 of 4001, loss : train:   0.13524804, valid:   0.10844002
epoch 1296 of 4001, loss : train:   0.12304243, valid:   0.10424004
epoch 1297 of 4001, loss : train:   0.12140817, valid:   0.12509106
epoch 1298 of 4001, loss : train:   0.12076103, valid:   0.13168524
epoch 1299 of 4001, loss : train:   0.13346164, valid:   0.12768270
epoch 1300 of 4001, loss : train:   0.11838183, valid:   0.12017461
epoch 1301 of 4001, loss : train:   0.11989517, valid:   0.12229628
epoch 1302 of 4001, loss : train:   0.12895315, valid:   0.10755502
epoch 1303 of 4001, loss : train:   0.11880256, valid:   0.12633306
epoch 1304 of 4001, loss : train:   0.12437019, valid:   0.11699124
epoch 1305 of 4001, loss : train:   0.13096458, valid:   0.11927325
epoch 1306 of 4001, loss : train:   0.13003790, valid:   0.12344418
epoch 1307 of 4001, loss : train:   0.12830833, valid:   0.10708910
epoch 1308 of 4001, loss : train:   0.11981138, valid:   0.13806616
epoch 1309 of 4001, loss : train:   0.11149750, valid:   0.13821569
epoch 1310 of 4001, loss : train:   0.13553039, valid:   0.12433212
epoch 1311 of 4001, loss : train:   0.12830419, valid:   0.10971761
epoch 1312 of 4001, loss : train:   0.11058010, valid:   0.11664872
epoch 1313 of 4001, loss : train:   0.11638586, valid:   0.12407126
epoch 1314 of 4001, loss : train:   0.11200526, valid:   0.12938130
epoch 1315 of 4001, loss : train:   0.12802917, valid:   0.12462297
epoch 1316 of 4001, loss : train:   0.11787740, valid:   0.07641605
epoch 1317 of 4001, loss : train:   0.12119809, valid:   0.13267721
epoch 1318 of 4001, loss : train:   0.11877621, valid:   0.14182867
epoch 1319 of 4001, loss : train:   0.11674406, valid:   0.11840004
epoch 1320 of 4001, loss : train:   0.12006987, valid:   0.12350183
epoch 1321 of 4001, loss : train:   0.12890261, valid:   0.13071370
epoch 1322 of 4001, loss : train:   0.12947059, valid:   0.14223774
epoch 1323 of 4001, loss : train:   0.12758069, valid:   0.12520307
epoch 1324 of 4001, loss : train:   0.11942744, valid:   0.12123361
epoch 1325 of 4001, loss : train:   0.12678037, valid:   0.14836743
epoch 1326 of 4001, loss : train:   0.13392823, valid:   0.12228210
epoch 1327 of 4001, loss : train:   0.12679246, valid:   0.12128624
epoch 1328 of 4001, loss : train:   0.13891475, valid:   0.14413540
epoch 1329 of 4001, loss : train:   0.11846765, valid:   0.11528011
epoch 1330 of 4001, loss : train:   0.13197510, valid:   0.12150358
epoch 1331 of 4001, loss : train:   0.11806083, valid:   0.10983604
epoch 1332 of 4001, loss : train:   0.11256830, valid:   0.10100888
epoch 1333 of 4001, loss : train:   0.11160974, valid:   0.14886594
epoch 1334 of 4001, loss : train:   0.11874461, valid:   0.11864941
epoch 1335 of 4001, loss : train:   0.12673672, valid:   0.11534014
epoch 1336 of 4001, loss : train:   0.12189909, valid:   0.11391237
epoch 1337 of 4001, loss : train:   0.13428950, valid:   0.12670681
epoch 1338 of 4001, loss : train:   0.11287657, valid:   0.13674629
epoch 1339 of 4001, loss : train:   0.12025525, valid:   0.12018009
epoch 1340 of 4001, loss : train:   0.12504849, valid:   0.11060601
epoch 1341 of 4001, loss : train:   0.13145601, valid:   0.11593495
epoch 1342 of 4001, loss : train:   0.11646125, valid:   0.11839498
epoch 1343 of 4001, loss : train:   0.11405138, valid:   0.10991052
epoch 1344 of 4001, loss : train:   0.11158023, valid:   0.09903589
epoch 1345 of 4001, loss : train:   0.11960612, valid:   0.13299611
epoch 1346 of 4001, loss : train:   0.12005789, valid:   0.13583617
epoch 1347 of 4001, loss : train:   0.13456949, valid:   0.11545318
epoch 1348 of 4001, loss : train:   0.12104316, valid:   0.13432577
epoch 1349 of 4001, loss : train:   0.12659506, valid:   0.13185279
epoch 1350 of 4001, loss : train:   0.11689217, valid:   0.13940726
epoch 1351 of 4001, loss : train:   0.13024006, valid:   0.13853055
epoch 1352 of 4001, loss : train:   0.12909671, valid:   0.12706153
epoch 1353 of 4001, loss : train:   0.12227062, valid:   0.12266363
epoch 1354 of 4001, loss : train:   0.12309915, valid:   0.11939212
epoch 1355 of 4001, loss : train:   0.12477342, valid:   0.10921914
epoch 1356 of 4001, loss : train:   0.13143307, valid:   0.12050623
epoch 1357 of 4001, loss : train:   0.11730647, valid:   0.11009137
epoch 1358 of 4001, loss : train:   0.12143679, valid:   0.11294581
epoch 1359 of 4001, loss : train:   0.12723409, valid:   0.09933306
epoch 1360 of 4001, loss : train:   0.12886352, valid:   0.12050171
epoch 1361 of 4001, loss : train:   0.11781768, valid:   0.11318173
epoch 1362 of 4001, loss : train:   0.13511795, valid:   0.13760476
epoch 1363 of 4001, loss : train:   0.11715390, valid:   0.09093939
epoch 1364 of 4001, loss : train:   0.11920779, valid:   0.13076386
epoch 1365 of 4001, loss : train:   0.12008886, valid:   0.10664095
epoch 1366 of 4001, loss : train:   0.11993302, valid:   0.12141905
epoch 1367 of 4001, loss : train:   0.12396602, valid:   0.10351901
epoch 1368 of 4001, loss : train:   0.12313034, valid:   0.12298519
epoch 1369 of 4001, loss : train:   0.13827860, valid:   0.13547020
epoch 1370 of 4001, loss : train:   0.12220618, valid:   0.10693770
epoch 1371 of 4001, loss : train:   0.11760583, valid:   0.13133326
epoch 1372 of 4001, loss : train:   0.11841827, valid:   0.12351966
epoch 1373 of 4001, loss : train:   0.13007299, valid:   0.11562058
epoch 1374 of 4001, loss : train:   0.11669704, valid:   0.13902506
epoch 1375 of 4001, loss : train:   0.11708379, valid:   0.11709143
epoch 1376 of 4001, loss : train:   0.12455010, valid:   0.11920770
epoch 1377 of 4001, loss : train:   0.12662844, valid:   0.11465659
epoch 1378 of 4001, loss : train:   0.12181708, valid:   0.12009012
epoch 1379 of 4001, loss : train:   0.13480832, valid:   0.12519819
epoch 1380 of 4001, loss : train:   0.12052446, valid:   0.09496057
epoch 1381 of 4001, loss : train:   0.11603239, valid:   0.13004225
epoch 1382 of 4001, loss : train:   0.12264845, valid:   0.09617943
epoch 1383 of 4001, loss : train:   0.12396336, valid:   0.12991314
epoch 1384 of 4001, loss : train:   0.12243738, valid:   0.10236680
epoch 1385 of 4001, loss : train:   0.11862410, valid:   0.11379282
epoch 1386 of 4001, loss : train:   0.11409187, valid:   0.12904109
epoch 1387 of 4001, loss : train:   0.11573643, valid:   0.11260812
epoch 1388 of 4001, loss : train:   0.12601508, valid:   0.10533455
epoch 1389 of 4001, loss : train:   0.12107428, valid:   0.11528297
epoch 1390 of 4001, loss : train:   0.12393915, valid:   0.12544325
epoch 1391 of 4001, loss : train:   0.12390238, valid:   0.12389965
epoch 1392 of 4001, loss : train:   0.12078877, valid:   0.11425365
epoch 1393 of 4001, loss : train:   0.12371080, valid:   0.11423107
epoch 1394 of 4001, loss : train:   0.12783243, valid:   0.13092971
epoch 1395 of 4001, loss : train:   0.11795770, valid:   0.12908222
epoch 1396 of 4001, loss : train:   0.12736779, valid:   0.10375902
epoch 1397 of 4001, loss : train:   0.12919911, valid:   0.12027270
epoch 1398 of 4001, loss : train:   0.12582163, valid:   0.10733282
epoch 1399 of 4001, loss : train:   0.11902293, valid:   0.11708014
epoch 1400 of 4001, loss : train:   0.11545092, valid:   0.13405459
epoch 1401 of 4001, loss : train:   0.12672901, valid:   0.09203690
epoch 1402 of 4001, loss : train:   0.11415619, valid:   0.13323557
epoch 1403 of 4001, loss : train:   0.11660768, valid:   0.12431683
epoch 1404 of 4001, loss : train:   0.11503648, valid:   0.09868730
epoch 1405 of 4001, loss : train:   0.12496634, valid:   0.12453079
epoch 1406 of 4001, loss : train:   0.11663467, valid:   0.10981154
epoch 1407 of 4001, loss : train:   0.11725910, valid:   0.13361448
epoch 1408 of 4001, loss : train:   0.12184663, valid:   0.11867310
epoch 1409 of 4001, loss : train:   0.12469073, valid:   0.11278909
epoch 1410 of 4001, loss : train:   0.11008832, valid:   0.10620821
epoch 1411 of 4001, loss : train:   0.11816940, valid:   0.10520539
epoch 1412 of 4001, loss : train:   0.13099853, valid:   0.15541746
epoch 1413 of 4001, loss : train:   0.12319712, valid:   0.12916407
epoch 1414 of 4001, loss : train:   0.12148716, valid:   0.12939964
epoch 1415 of 4001, loss : train:   0.12945297, valid:   0.12366769
epoch 1416 of 4001, loss : train:   0.12871113, valid:   0.09940986
epoch 1417 of 4001, loss : train:   0.12193063, valid:   0.11422970
epoch 1418 of 4001, loss : train:   0.12924058, valid:   0.12991098
epoch 1419 of 4001, loss : train:   0.12430311, valid:   0.11378132
epoch 1420 of 4001, loss : train:   0.12838510, valid:   0.13379379
epoch 1421 of 4001, loss : train:   0.11579540, valid:   0.12143911
epoch 1422 of 4001, loss : train:   0.12594374, valid:   0.11164280
epoch 1423 of 4001, loss : train:   0.12604309, valid:   0.11269447
epoch 1424 of 4001, loss : train:   0.12799993, valid:   0.10525837
epoch 1425 of 4001, loss : train:   0.11457574, valid:   0.12681855
epoch 1426 of 4001, loss : train:   0.12864517, valid:   0.12410247
epoch 1427 of 4001, loss : train:   0.11130770, valid:   0.12117480
epoch 1428 of 4001, loss : train:   0.12314464, valid:   0.11883683
epoch 1429 of 4001, loss : train:   0.12049207, valid:   0.12391884
epoch 1430 of 4001, loss : train:   0.11900943, valid:   0.11137689
epoch 1431 of 4001, loss : train:   0.12648285, valid:   0.12634480
epoch 1432 of 4001, loss : train:   0.12106058, valid:   0.11959346
epoch 1433 of 4001, loss : train:   0.12187346, valid:   0.13596818
epoch 1434 of 4001, loss : train:   0.12698456, valid:   0.12079447
epoch 1435 of 4001, loss : train:   0.11715007, valid:   0.10217046
epoch 1436 of 4001, loss : train:   0.12182103, valid:   0.11654743
epoch 1437 of 4001, loss : train:   0.12060965, valid:   0.11073104
epoch 1438 of 4001, loss : train:   0.12267393, valid:   0.11380479
epoch 1439 of 4001, loss : train:   0.12048440, valid:   0.11856833
epoch 1440 of 4001, loss : train:   0.13302958, valid:   0.12701374
epoch 1441 of 4001, loss : train:   0.11006453, valid:   0.12275448
epoch 1442 of 4001, loss : train:   0.12708134, valid:   0.12175741
epoch 1443 of 4001, loss : train:   0.11859383, valid:   0.11749554
epoch 1444 of 4001, loss : train:   0.12593234, valid:   0.10926341
epoch 1445 of 4001, loss : train:   0.11455410, valid:   0.12871583
epoch 1446 of 4001, loss : train:   0.13645730, valid:   0.13925023
epoch 1447 of 4001, loss : train:   0.12975325, valid:   0.12903246
epoch 1448 of 4001, loss : train:   0.12675491, valid:   0.09816721
epoch 1449 of 4001, loss : train:   0.11370026, valid:   0.13931856
epoch 1450 of 4001, loss : train:   0.11440324, valid:   0.12389460
epoch 1451 of 4001, loss : train:   0.10732230, valid:   0.12732337
epoch 1452 of 4001, loss : train:   0.12097622, valid:   0.10670635
epoch 1453 of 4001, loss : train:   0.11716328, valid:   0.10926805
epoch 1454 of 4001, loss : train:   0.11807709, valid:   0.12397308
epoch 1455 of 4001, loss : train:   0.11603121, valid:   0.10204099
epoch 1456 of 4001, loss : train:   0.11935026, valid:   0.10074947
epoch 1457 of 4001, loss : train:   0.12991741, valid:   0.12880541
epoch 1458 of 4001, loss : train:   0.11647921, valid:   0.12050609
epoch 1459 of 4001, loss : train:   0.12313654, valid:   0.13905571
epoch 1460 of 4001, loss : train:   0.12314450, valid:   0.10449119
epoch 1461 of 4001, loss : train:   0.12244287, valid:   0.13534726
epoch 1462 of 4001, loss : train:   0.13091717, valid:   0.11663973
epoch 1463 of 4001, loss : train:   0.11656417, valid:   0.12159671
epoch 1464 of 4001, loss : train:   0.12658834, valid:   0.11314084
epoch 1465 of 4001, loss : train:   0.11126931, valid:   0.13710631
epoch 1466 of 4001, loss : train:   0.12131089, valid:   0.11744522
epoch 1467 of 4001, loss : train:   0.12102942, valid:   0.11186215
epoch 1468 of 4001, loss : train:   0.12835989, valid:   0.12457309
epoch 1469 of 4001, loss : train:   0.11934682, valid:   0.12779652
epoch 1470 of 4001, loss : train:   0.11314158, valid:   0.10331796
epoch 1471 of 4001, loss : train:   0.12300880, valid:   0.11749530
epoch 1472 of 4001, loss : train:   0.11960251, valid:   0.11888848
epoch 1473 of 4001, loss : train:   0.12505174, valid:   0.12856296
epoch 1474 of 4001, loss : train:   0.12953491, valid:   0.13820273
epoch 1475 of 4001, loss : train:   0.12237361, valid:   0.11329322
epoch 1476 of 4001, loss : train:   0.10645526, valid:   0.10274152
epoch 1477 of 4001, loss : train:   0.12833024, valid:   0.10487233
epoch 1478 of 4001, loss : train:   0.12208028, valid:   0.12106104
epoch 1479 of 4001, loss : train:   0.12176051, valid:   0.11426455
epoch 1480 of 4001, loss : train:   0.12480446, valid:   0.12919579
epoch 1481 of 4001, loss : train:   0.12228436, valid:   0.10276706
epoch 1482 of 4001, loss : train:   0.12269003, valid:   0.12367578
epoch 1483 of 4001, loss : train:   0.12057121, valid:   0.13584788
epoch 1484 of 4001, loss : train:   0.11849098, valid:   0.11210309
epoch 1485 of 4001, loss : train:   0.12103628, valid:   0.10734998
epoch 1486 of 4001, loss : train:   0.12012608, valid:   0.12171799
epoch 1487 of 4001, loss : train:   0.12282078, valid:   0.12206304
epoch 1488 of 4001, loss : train:   0.11883166, valid:   0.12965891
epoch 1489 of 4001, loss : train:   0.11788324, valid:   0.14626502
epoch 1490 of 4001, loss : train:   0.11639389, valid:   0.11178733
epoch 1491 of 4001, loss : train:   0.12670198, valid:   0.12938492
epoch 1492 of 4001, loss : train:   0.11329749, valid:   0.10612579
epoch 1493 of 4001, loss : train:   0.12954402, valid:   0.12537456
epoch 1494 of 4001, loss : train:   0.11885819, valid:   0.11598318
epoch 1495 of 4001, loss : train:   0.12346188, valid:   0.12728231
epoch 1496 of 4001, loss : train:   0.11553968, valid:   0.09923011
epoch 1497 of 4001, loss : train:   0.12354304, valid:   0.09541928
epoch 1498 of 4001, loss : train:   0.12260932, valid:   0.13346125
epoch 1499 of 4001, loss : train:   0.12865363, valid:   0.13290466
epoch 1500 of 4001, loss : train:   0.12595396, valid:   0.11120720
epoch 1501 of 4001, loss : train:   0.11822263, valid:   0.10939125
epoch 1502 of 4001, loss : train:   0.12578098, valid:   0.10617460
epoch 1503 of 4001, loss : train:   0.11472172, valid:   0.11672563
epoch 1504 of 4001, loss : train:   0.11511101, valid:   0.12285013
epoch 1505 of 4001, loss : train:   0.12345982, valid:   0.11099840
epoch 1506 of 4001, loss : train:   0.12026227, valid:   0.12949629
epoch 1507 of 4001, loss : train:   0.11235558, valid:   0.10516793
epoch 1508 of 4001, loss : train:   0.12503723, valid:   0.11332496
epoch 1509 of 4001, loss : train:   0.13823263, valid:   0.11737770
epoch 1510 of 4001, loss : train:   0.11106468, valid:   0.11265557
epoch 1511 of 4001, loss : train:   0.12861645, valid:   0.10904942
epoch 1512 of 4001, loss : train:   0.12540315, valid:   0.14458884
epoch 1513 of 4001, loss : train:   0.12055660, valid:   0.12771158
epoch 1514 of 4001, loss : train:   0.11669106, valid:   0.11885316
epoch 1515 of 4001, loss : train:   0.12749739, valid:   0.11889569
epoch 1516 of 4001, loss : train:   0.11472881, valid:   0.13070887
epoch 1517 of 4001, loss : train:   0.11494878, valid:   0.13293722
epoch 1518 of 4001, loss : train:   0.12150893, valid:   0.12588528
epoch 1519 of 4001, loss : train:   0.10908038, valid:   0.10929272
epoch 1520 of 4001, loss : train:   0.11796254, valid:   0.11294582
epoch 1521 of 4001, loss : train:   0.12055503, valid:   0.13066415
epoch 1522 of 4001, loss : train:   0.11203671, valid:   0.11737444
epoch 1523 of 4001, loss : train:   0.11043623, valid:   0.12296791
epoch 1524 of 4001, loss : train:   0.11932776, valid:   0.11771584
epoch 1525 of 4001, loss : train:   0.11652893, valid:   0.12707342
epoch 1526 of 4001, loss : train:   0.12586987, valid:   0.12985867
epoch 1527 of 4001, loss : train:   0.12498222, valid:   0.12178169
epoch 1528 of 4001, loss : train:   0.12510909, valid:   0.10078528
epoch 1529 of 4001, loss : train:   0.13324897, valid:   0.09571248
epoch 1530 of 4001, loss : train:   0.12154196, valid:   0.11677103
epoch 1531 of 4001, loss : train:   0.11234492, valid:   0.09887989
epoch 1532 of 4001, loss : train:   0.12850886, valid:   0.11306196
epoch 1533 of 4001, loss : train:   0.11979048, valid:   0.11789632
epoch 1534 of 4001, loss : train:   0.12661678, valid:   0.10283231
epoch 1535 of 4001, loss : train:   0.11632078, valid:   0.12545630
epoch 1536 of 4001, loss : train:   0.11947972, valid:   0.09340765
epoch 1537 of 4001, loss : train:   0.11295626, valid:   0.13562177
epoch 1538 of 4001, loss : train:   0.11604360, valid:   0.12344374
epoch 1539 of 4001, loss : train:   0.11857228, valid:   0.09806353
epoch 1540 of 4001, loss : train:   0.13015777, valid:   0.09326388
epoch 1541 of 4001, loss : train:   0.12932714, valid:   0.09537014
epoch 1542 of 4001, loss : train:   0.12779396, valid:   0.12693456
epoch 1543 of 4001, loss : train:   0.12784444, valid:   0.12301974
epoch 1544 of 4001, loss : train:   0.12557378, valid:   0.13553332
epoch 1545 of 4001, loss : train:   0.12324771, valid:   0.12050115
epoch 1546 of 4001, loss : train:   0.11716653, valid:   0.10814330
epoch 1547 of 4001, loss : train:   0.12416346, valid:   0.12026365
epoch 1548 of 4001, loss : train:   0.12247050, valid:   0.11785226
epoch 1549 of 4001, loss : train:   0.13075387, valid:   0.10248604
epoch 1550 of 4001, loss : train:   0.11672825, valid:   0.13023883
epoch 1551 of 4001, loss : train:   0.13510036, valid:   0.10957897
epoch 1552 of 4001, loss : train:   0.13129515, valid:   0.11925412
epoch 1553 of 4001, loss : train:   0.11748638, valid:   0.11254176
epoch 1554 of 4001, loss : train:   0.11473267, valid:   0.11548396
epoch 1555 of 4001, loss : train:   0.12066852, valid:   0.12382437
epoch 1556 of 4001, loss : train:   0.11322808, valid:   0.10288337
epoch 1557 of 4001, loss : train:   0.11440835, valid:   0.12188145
epoch 1558 of 4001, loss : train:   0.11630109, valid:   0.12159662
epoch 1559 of 4001, loss : train:   0.13311384, valid:   0.11513689
epoch 1560 of 4001, loss : train:   0.11842391, valid:   0.10640503
epoch 1561 of 4001, loss : train:   0.12550786, valid:   0.11727960
epoch 1562 of 4001, loss : train:   0.11201871, valid:   0.10228377
epoch 1563 of 4001, loss : train:   0.12540120, valid:   0.12006207
epoch 1564 of 4001, loss : train:   0.11554590, valid:   0.09485620
epoch 1565 of 4001, loss : train:   0.11702863, valid:   0.13014762
epoch 1566 of 4001, loss : train:   0.12125758, valid:   0.13033369
epoch 1567 of 4001, loss : train:   0.11229770, valid:   0.13374750
epoch 1568 of 4001, loss : train:   0.11629414, valid:   0.09983679
epoch 1569 of 4001, loss : train:   0.12867775, valid:   0.12479819
epoch 1570 of 4001, loss : train:   0.11233044, valid:   0.13001254
epoch 1571 of 4001, loss : train:   0.11424928, valid:   0.11163112
epoch 1572 of 4001, loss : train:   0.11915108, valid:   0.10820781
epoch 1573 of 4001, loss : train:   0.12023425, valid:   0.13301489
epoch 1574 of 4001, loss : train:   0.12467462, valid:   0.11459012
epoch 1575 of 4001, loss : train:   0.11743779, valid:   0.10966359
epoch 1576 of 4001, loss : train:   0.12325255, valid:   0.12694667
epoch 1577 of 4001, loss : train:   0.11745815, valid:   0.13286282
epoch 1578 of 4001, loss : train:   0.12028253, valid:   0.11809212
epoch 1579 of 4001, loss : train:   0.12242889, valid:   0.12322131
epoch 1580 of 4001, loss : train:   0.12047459, valid:   0.10743850
epoch 1581 of 4001, loss : train:   0.13376688, valid:   0.11471206
epoch 1582 of 4001, loss : train:   0.11941308, valid:   0.13491282
epoch 1583 of 4001, loss : train:   0.13133128, valid:   0.11825665
epoch 1584 of 4001, loss : train:   0.12446019, valid:   0.12389273
epoch 1585 of 4001, loss : train:   0.11411168, valid:   0.09821542
epoch 1586 of 4001, loss : train:   0.13526121, valid:   0.10033246
epoch 1587 of 4001, loss : train:   0.10828306, valid:   0.12761414
epoch 1588 of 4001, loss : train:   0.11956045, valid:   0.10180372
epoch 1589 of 4001, loss : train:   0.13075898, valid:   0.15696946
epoch 1590 of 4001, loss : train:   0.12313118, valid:   0.10200477
epoch 1591 of 4001, loss : train:   0.11800039, valid:   0.15381430
epoch 1592 of 4001, loss : train:   0.12268370, valid:   0.09878940
epoch 1593 of 4001, loss : train:   0.11408317, valid:   0.09516226
epoch 1594 of 4001, loss : train:   0.12045965, valid:   0.10881613
epoch 1595 of 4001, loss : train:   0.11972445, valid:   0.11303625
epoch 1596 of 4001, loss : train:   0.13546770, valid:   0.10423540
epoch 1597 of 4001, loss : train:   0.11947355, valid:   0.10731937
epoch 1598 of 4001, loss : train:   0.12079799, valid:   0.10892607
epoch 1599 of 4001, loss : train:   0.10485809, valid:   0.11568552
epoch 1600 of 4001, loss : train:   0.12818302, valid:   0.11514088
epoch 1601 of 4001, loss : train:   0.10940462, valid:   0.11676560
epoch 1602 of 4001, loss : train:   0.13412826, valid:   0.11535791
epoch 1603 of 4001, loss : train:   0.10795598, valid:   0.12005085
epoch 1604 of 4001, loss : train:   0.11440562, valid:   0.12493832
epoch 1605 of 4001, loss : train:   0.11686275, valid:   0.10624646
epoch 1606 of 4001, loss : train:   0.12051271, valid:   0.10521580
epoch 1607 of 4001, loss : train:   0.11358552, valid:   0.13735318
epoch 1608 of 4001, loss : train:   0.12912656, valid:   0.10520125
epoch 1609 of 4001, loss : train:   0.11704407, valid:   0.12865371
epoch 1610 of 4001, loss : train:   0.11309535, valid:   0.13817056
epoch 1611 of 4001, loss : train:   0.12634309, valid:   0.13753882
epoch 1612 of 4001, loss : train:   0.11821214, valid:   0.12977394
epoch 1613 of 4001, loss : train:   0.11518182, valid:   0.12935060
epoch 1614 of 4001, loss : train:   0.11215033, valid:   0.11031871
epoch 1615 of 4001, loss : train:   0.11730808, valid:   0.12054273
epoch 1616 of 4001, loss : train:   0.11467759, valid:   0.09911527
epoch 1617 of 4001, loss : train:   0.11825523, valid:   0.12693645
epoch 1618 of 4001, loss : train:   0.12686386, valid:   0.12270322
epoch 1619 of 4001, loss : train:   0.12793728, valid:   0.12418828
epoch 1620 of 4001, loss : train:   0.11810788, valid:   0.13137923
epoch 1621 of 4001, loss : train:   0.10937020, valid:   0.11992754
epoch 1622 of 4001, loss : train:   0.11929779, valid:   0.12865728
epoch 1623 of 4001, loss : train:   0.12072690, valid:   0.11218460
epoch 1624 of 4001, loss : train:   0.12846438, valid:   0.11075604
epoch 1625 of 4001, loss : train:   0.11420032, valid:   0.11473159
epoch 1626 of 4001, loss : train:   0.12091349, valid:   0.10078517
epoch 1627 of 4001, loss : train:   0.11956233, valid:   0.13218701
epoch 1628 of 4001, loss : train:   0.12367728, valid:   0.11892298
epoch 1629 of 4001, loss : train:   0.12038689, valid:   0.10487372
epoch 1630 of 4001, loss : train:   0.11009878, valid:   0.11350144
epoch 1631 of 4001, loss : train:   0.13008538, valid:   0.13343105
epoch 1632 of 4001, loss : train:   0.12373759, valid:   0.12340119
epoch 1633 of 4001, loss : train:   0.12034710, valid:   0.11176396
epoch 1634 of 4001, loss : train:   0.12863761, valid:   0.10897455
epoch 1635 of 4001, loss : train:   0.12234637, valid:   0.12347224
epoch 1636 of 4001, loss : train:   0.11776274, valid:   0.12585102
epoch 1637 of 4001, loss : train:   0.11861234, valid:   0.10988449
epoch 1638 of 4001, loss : train:   0.12934390, valid:   0.11131153
epoch 1639 of 4001, loss : train:   0.10902107, valid:   0.08403519
epoch 1640 of 4001, loss : train:   0.11065089, valid:   0.11113254
epoch 1641 of 4001, loss : train:   0.10737847, valid:   0.11737368
epoch 1642 of 4001, loss : train:   0.11911371, valid:   0.13750517
epoch 1643 of 4001, loss : train:   0.12606256, valid:   0.09969132
epoch 1644 of 4001, loss : train:   0.11440013, valid:   0.11805158
epoch 1645 of 4001, loss : train:   0.13383233, valid:   0.11269912
epoch 1646 of 4001, loss : train:   0.12041538, valid:   0.14802495
epoch 1647 of 4001, loss : train:   0.11646392, valid:   0.12116962
epoch 1648 of 4001, loss : train:   0.12077449, valid:   0.11463619
epoch 1649 of 4001, loss : train:   0.11852345, valid:   0.13371071
epoch 1650 of 4001, loss : train:   0.11506988, valid:   0.11028735
epoch 1651 of 4001, loss : train:   0.12986983, valid:   0.11761382
epoch 1652 of 4001, loss : train:   0.12608994, valid:   0.13784942
epoch 1653 of 4001, loss : train:   0.12660984, valid:   0.11706692
epoch 1654 of 4001, loss : train:   0.11117962, valid:   0.12308928
epoch 1655 of 4001, loss : train:   0.11959842, valid:   0.12622005
epoch 1656 of 4001, loss : train:   0.11228825, valid:   0.11582506
epoch 1657 of 4001, loss : train:   0.12057242, valid:   0.11414132
epoch 1658 of 4001, loss : train:   0.12303174, valid:   0.10997282
epoch 1659 of 4001, loss : train:   0.12140020, valid:   0.14474323
epoch 1660 of 4001, loss : train:   0.13330893, valid:   0.11291223
epoch 1661 of 4001, loss : train:   0.11701842, valid:   0.12414052
epoch 1662 of 4001, loss : train:   0.10885207, valid:   0.09969828
epoch 1663 of 4001, loss : train:   0.13084592, valid:   0.15109912
epoch 1664 of 4001, loss : train:   0.11501150, valid:   0.12112832
epoch 1665 of 4001, loss : train:   0.13056343, valid:   0.12766594
epoch 1666 of 4001, loss : train:   0.13193344, valid:   0.11683002
epoch 1667 of 4001, loss : train:   0.12609103, valid:   0.10921220
epoch 1668 of 4001, loss : train:   0.12416781, valid:   0.12190433
epoch 1669 of 4001, loss : train:   0.12217032, valid:   0.10633609
epoch 1670 of 4001, loss : train:   0.12095459, valid:   0.12782978
epoch 1671 of 4001, loss : train:   0.12112570, valid:   0.11317555
epoch 1672 of 4001, loss : train:   0.12497876, valid:   0.10712624
epoch 1673 of 4001, loss : train:   0.12086893, valid:   0.11688691
epoch 1674 of 4001, loss : train:   0.11843883, valid:   0.11914834
epoch 1675 of 4001, loss : train:   0.11730666, valid:   0.11692859
epoch 1676 of 4001, loss : train:   0.11826023, valid:   0.13980618
epoch 1677 of 4001, loss : train:   0.11880846, valid:   0.11786562
epoch 1678 of 4001, loss : train:   0.11923210, valid:   0.13517070
epoch 1679 of 4001, loss : train:   0.11484644, valid:   0.10024192
epoch 1680 of 4001, loss : train:   0.12253752, valid:   0.10140659
epoch 1681 of 4001, loss : train:   0.12256424, valid:   0.10391694
epoch 1682 of 4001, loss : train:   0.12056703, valid:   0.11978149
epoch 1683 of 4001, loss : train:   0.11807653, valid:   0.11143698
epoch 1684 of 4001, loss : train:   0.12855182, valid:   0.11505533
epoch 1685 of 4001, loss : train:   0.11258107, valid:   0.11349433
epoch 1686 of 4001, loss : train:   0.11844388, valid:   0.11075718
epoch 1687 of 4001, loss : train:   0.11576001, valid:   0.10927669
epoch 1688 of 4001, loss : train:   0.10898399, valid:   0.12353916
epoch 1689 of 4001, loss : train:   0.11697987, valid:   0.13378410
epoch 1690 of 4001, loss : train:   0.12034513, valid:   0.10760082
epoch 1691 of 4001, loss : train:   0.11697992, valid:   0.12632361
epoch 1692 of 4001, loss : train:   0.11629299, valid:   0.12929578
epoch 1693 of 4001, loss : train:   0.11330941, valid:   0.09280708
epoch 1694 of 4001, loss : train:   0.11895698, valid:   0.12101325
epoch 1695 of 4001, loss : train:   0.11966066, valid:   0.11802204
epoch 1696 of 4001, loss : train:   0.11803847, valid:   0.10217637
epoch 1697 of 4001, loss : train:   0.11522066, valid:   0.12215557
epoch 1698 of 4001, loss : train:   0.13476121, valid:   0.11790173
epoch 1699 of 4001, loss : train:   0.10546812, valid:   0.12471285
epoch 1700 of 4001, loss : train:   0.11396198, valid:   0.12789121
epoch 1701 of 4001, loss : train:   0.12508509, valid:   0.12637135
epoch 1702 of 4001, loss : train:   0.11732642, valid:   0.13763893
epoch 1703 of 4001, loss : train:   0.12591256, valid:   0.12249588
epoch 1704 of 4001, loss : train:   0.11743782, valid:   0.12131933
epoch 1705 of 4001, loss : train:   0.11347567, valid:   0.11834151
epoch 1706 of 4001, loss : train:   0.11901484, valid:   0.11013858
epoch 1707 of 4001, loss : train:   0.11942666, valid:   0.11696451
epoch 1708 of 4001, loss : train:   0.12180604, valid:   0.13969211
epoch 1709 of 4001, loss : train:   0.14248130, valid:   0.12512454
epoch 1710 of 4001, loss : train:   0.11550519, valid:   0.09124710
epoch 1711 of 4001, loss : train:   0.12304943, valid:   0.09846205
epoch 1712 of 4001, loss : train:   0.13045239, valid:   0.13044815
epoch 1713 of 4001, loss : train:   0.11815720, valid:   0.14053471
epoch 1714 of 4001, loss : train:   0.10711433, valid:   0.12007345
epoch 1715 of 4001, loss : train:   0.12091527, valid:   0.09836904
epoch 1716 of 4001, loss : train:   0.12116933, valid:   0.13460554
epoch 1717 of 4001, loss : train:   0.11697871, valid:   0.13299459
epoch 1718 of 4001, loss : train:   0.10727332, valid:   0.13116893
epoch 1719 of 4001, loss : train:   0.11842610, valid:   0.11173111
epoch 1720 of 4001, loss : train:   0.12724840, valid:   0.14592461
epoch 1721 of 4001, loss : train:   0.11347010, valid:   0.10666823
epoch 1722 of 4001, loss : train:   0.11163047, valid:   0.11439746
epoch 1723 of 4001, loss : train:   0.12637531, valid:   0.12164918
epoch 1724 of 4001, loss : train:   0.12444318, valid:   0.13098647
epoch 1725 of 4001, loss : train:   0.12352209, valid:   0.13380021
epoch 1726 of 4001, loss : train:   0.12110478, valid:   0.09343717
epoch 1727 of 4001, loss : train:   0.12282638, valid:   0.11791997
epoch 1728 of 4001, loss : train:   0.12641327, valid:   0.11407247
epoch 1729 of 4001, loss : train:   0.11016909, valid:   0.10143767
epoch 1730 of 4001, loss : train:   0.11207504, valid:   0.10442865
epoch 1731 of 4001, loss : train:   0.12446014, valid:   0.14365417
epoch 1732 of 4001, loss : train:   0.11723737, valid:   0.11531954
epoch 1733 of 4001, loss : train:   0.11736639, valid:   0.11314104
epoch 1734 of 4001, loss : train:   0.11761796, valid:   0.11681533
epoch 1735 of 4001, loss : train:   0.11669487, valid:   0.10330498
epoch 1736 of 4001, loss : train:   0.12905172, valid:   0.11728269
epoch 1737 of 4001, loss : train:   0.11331361, valid:   0.13312949
epoch 1738 of 4001, loss : train:   0.12091055, valid:   0.11285619
epoch 1739 of 4001, loss : train:   0.12680015, valid:   0.12373300
epoch 1740 of 4001, loss : train:   0.12445092, valid:   0.11820444
epoch 1741 of 4001, loss : train:   0.12247671, valid:   0.10681567
epoch 1742 of 4001, loss : train:   0.12805437, valid:   0.13486922
epoch 1743 of 4001, loss : train:   0.11909816, valid:   0.12032847
epoch 1744 of 4001, loss : train:   0.11403318, valid:   0.11390370
epoch 1745 of 4001, loss : train:   0.11190367, valid:   0.10804795
epoch 1746 of 4001, loss : train:   0.11941576, valid:   0.12654372
epoch 1747 of 4001, loss : train:   0.12204494, valid:   0.09608631
epoch 1748 of 4001, loss : train:   0.12044807, valid:   0.11607736
epoch 1749 of 4001, loss : train:   0.11470629, valid:   0.12008794
epoch 1750 of 4001, loss : train:   0.11710913, valid:   0.12883194
epoch 1751 of 4001, loss : train:   0.11018763, valid:   0.09344020
epoch 1752 of 4001, loss : train:   0.11421830, valid:   0.12854606
epoch 1753 of 4001, loss : train:   0.12147798, valid:   0.10891146
epoch 1754 of 4001, loss : train:   0.12728764, valid:   0.13794400
epoch 1755 of 4001, loss : train:   0.11527107, valid:   0.11375237
epoch 1756 of 4001, loss : train:   0.11980475, valid:   0.11463545
epoch 1757 of 4001, loss : train:   0.11486725, valid:   0.10961633
epoch 1758 of 4001, loss : train:   0.13230967, valid:   0.12416913
epoch 1759 of 4001, loss : train:   0.11583725, valid:   0.11713976
epoch 1760 of 4001, loss : train:   0.11762378, valid:   0.10079555
epoch 1761 of 4001, loss : train:   0.11714362, valid:   0.11576368
epoch 1762 of 4001, loss : train:   0.11069063, valid:   0.12110893
epoch 1763 of 4001, loss : train:   0.12689270, valid:   0.08840761
epoch 1764 of 4001, loss : train:   0.11351835, valid:   0.10442641
epoch 1765 of 4001, loss : train:   0.11760759, valid:   0.09772021
epoch 1766 of 4001, loss : train:   0.11649241, valid:   0.11016918
epoch 1767 of 4001, loss : train:   0.12055103, valid:   0.11779970
epoch 1768 of 4001, loss : train:   0.11446158, valid:   0.10364843
epoch 1769 of 4001, loss : train:   0.12565889, valid:   0.12838255
epoch 1770 of 4001, loss : train:   0.12139592, valid:   0.10173279
epoch 1771 of 4001, loss : train:   0.11090875, valid:   0.11811621
epoch 1772 of 4001, loss : train:   0.12330785, valid:   0.12309270
epoch 1773 of 4001, loss : train:   0.11917036, valid:   0.12638342
epoch 1774 of 4001, loss : train:   0.11706594, valid:   0.11917160
epoch 1775 of 4001, loss : train:   0.12650619, valid:   0.11137956
epoch 1776 of 4001, loss : train:   0.12459476, valid:   0.11595245
epoch 1777 of 4001, loss : train:   0.11902551, valid:   0.11775306
epoch 1778 of 4001, loss : train:   0.11823373, valid:   0.11521642
epoch 1779 of 4001, loss : train:   0.11209894, valid:   0.11041731
epoch 1780 of 4001, loss : train:   0.12614428, valid:   0.11635482
epoch 1781 of 4001, loss : train:   0.11512348, valid:   0.12743379
epoch 1782 of 4001, loss : train:   0.11259353, valid:   0.13164891
epoch 1783 of 4001, loss : train:   0.11304883, valid:   0.11079513
epoch 1784 of 4001, loss : train:   0.11577468, valid:   0.10831803
epoch 1785 of 4001, loss : train:   0.12253564, valid:   0.13401219
epoch 1786 of 4001, loss : train:   0.12589014, valid:   0.11684076
epoch 1787 of 4001, loss : train:   0.12356937, valid:   0.11668831
epoch 1788 of 4001, loss : train:   0.12112730, valid:   0.12157603
epoch 1789 of 4001, loss : train:   0.12002331, valid:   0.11615654
epoch 1790 of 4001, loss : train:   0.12137547, valid:   0.13403739
epoch 1791 of 4001, loss : train:   0.11700298, valid:   0.09865715
epoch 1792 of 4001, loss : train:   0.11622953, valid:   0.09840215
epoch 1793 of 4001, loss : train:   0.11884137, valid:   0.10547321
epoch 1794 of 4001, loss : train:   0.10422439, valid:   0.10397618
epoch 1795 of 4001, loss : train:   0.12142894, valid:   0.11543866
epoch 1796 of 4001, loss : train:   0.12531282, valid:   0.13001736
epoch 1797 of 4001, loss : train:   0.11140063, valid:   0.10326187
epoch 1798 of 4001, loss : train:   0.12159945, valid:   0.12051585
epoch 1799 of 4001, loss : train:   0.13114409, valid:   0.14120828
epoch 1800 of 4001, loss : train:   0.11657920, valid:   0.11936343
epoch 1801 of 4001, loss : train:   0.11223632, valid:   0.11779523
epoch 1802 of 4001, loss : train:   0.11311400, valid:   0.10516537
epoch 1803 of 4001, loss : train:   0.12961772, valid:   0.11137664
epoch 1804 of 4001, loss : train:   0.11490808, valid:   0.10845236
epoch 1805 of 4001, loss : train:   0.11495375, valid:   0.10276369
epoch 1806 of 4001, loss : train:   0.11644316, valid:   0.12707444
epoch 1807 of 4001, loss : train:   0.12824518, valid:   0.11317359
epoch 1808 of 4001, loss : train:   0.11488578, valid:   0.10937842
epoch 1809 of 4001, loss : train:   0.10988404, valid:   0.09869015
epoch 1810 of 4001, loss : train:   0.11253141, valid:   0.10785464
epoch 1811 of 4001, loss : train:   0.11855511, valid:   0.13021809
epoch 1812 of 4001, loss : train:   0.12364047, valid:   0.11029469
epoch 1813 of 4001, loss : train:   0.13261076, valid:   0.11153509
epoch 1814 of 4001, loss : train:   0.11115865, valid:   0.14699459
epoch 1815 of 4001, loss : train:   0.10952756, valid:   0.10920557
epoch 1816 of 4001, loss : train:   0.11300686, valid:   0.12096696
epoch 1817 of 4001, loss : train:   0.11509989, valid:   0.10184461
epoch 1818 of 4001, loss : train:   0.12551162, valid:   0.13231802
epoch 1819 of 4001, loss : train:   0.11718500, valid:   0.11336096
epoch 1820 of 4001, loss : train:   0.11869541, valid:   0.10561101
epoch 1821 of 4001, loss : train:   0.13157084, valid:   0.11007244
epoch 1822 of 4001, loss : train:   0.11695436, valid:   0.10172047
epoch 1823 of 4001, loss : train:   0.13548473, valid:   0.12151650
epoch 1824 of 4001, loss : train:   0.11176816, valid:   0.08938193
epoch 1825 of 4001, loss : train:   0.11570423, valid:   0.12723473
epoch 1826 of 4001, loss : train:   0.12177732, valid:   0.11774849
epoch 1827 of 4001, loss : train:   0.12362812, valid:   0.12976213
epoch 1828 of 4001, loss : train:   0.12639962, valid:   0.10542244
epoch 1829 of 4001, loss : train:   0.11367943, valid:   0.13258752
epoch 1830 of 4001, loss : train:   0.12775018, valid:   0.11154611
epoch 1831 of 4001, loss : train:   0.12179462, valid:   0.10790703
epoch 1832 of 4001, loss : train:   0.10904651, valid:   0.11997566
epoch 1833 of 4001, loss : train:   0.12039238, valid:   0.11978201
epoch 1834 of 4001, loss : train:   0.12204960, valid:   0.10945473
epoch 1835 of 4001, loss : train:   0.11261227, valid:   0.12334801
epoch 1836 of 4001, loss : train:   0.11397407, valid:   0.11393534
epoch 1837 of 4001, loss : train:   0.11777652, valid:   0.10965483
epoch 1838 of 4001, loss : train:   0.11115904, valid:   0.11898480
epoch 1839 of 4001, loss : train:   0.12002343, valid:   0.11843326
epoch 1840 of 4001, loss : train:   0.12178037, valid:   0.11929487
epoch 1841 of 4001, loss : train:   0.12117030, valid:   0.11232112
epoch 1842 of 4001, loss : train:   0.12093728, valid:   0.11613584
epoch 1843 of 4001, loss : train:   0.11358969, valid:   0.10075942
epoch 1844 of 4001, loss : train:   0.11955622, valid:   0.12134513
epoch 1845 of 4001, loss : train:   0.11361586, valid:   0.10813516
epoch 1846 of 4001, loss : train:   0.11458639, valid:   0.12904033
epoch 1847 of 4001, loss : train:   0.11631801, valid:   0.12379441
epoch 1848 of 4001, loss : train:   0.11558550, valid:   0.10406855
epoch 1849 of 4001, loss : train:   0.10439554, valid:   0.12286902
epoch 1850 of 4001, loss : train:   0.11435141, valid:   0.12733251
epoch 1851 of 4001, loss : train:   0.11959404, valid:   0.10753868
epoch 1852 of 4001, loss : train:   0.10679512, valid:   0.10576141
epoch 1853 of 4001, loss : train:   0.11591057, valid:   0.11098173
epoch 1854 of 4001, loss : train:   0.12014246, valid:   0.13735808
epoch 1855 of 4001, loss : train:   0.12679831, valid:   0.11230711
epoch 1856 of 4001, loss : train:   0.12634832, valid:   0.10447707
epoch 1857 of 4001, loss : train:   0.10702626, valid:   0.14704044
epoch 1858 of 4001, loss : train:   0.11503110, valid:   0.10478044
epoch 1859 of 4001, loss : train:   0.11620087, valid:   0.12836458
epoch 1860 of 4001, loss : train:   0.11941321, valid:   0.13136913
epoch 1861 of 4001, loss : train:   0.10760786, valid:   0.11404453
epoch 1862 of 4001, loss : train:   0.11680548, valid:   0.13330652
epoch 1863 of 4001, loss : train:   0.11010561, valid:   0.09712325
epoch 1864 of 4001, loss : train:   0.12101132, valid:   0.11997212
epoch 1865 of 4001, loss : train:   0.11362708, valid:   0.12845181
epoch 1866 of 4001, loss : train:   0.10636168, valid:   0.11370474
epoch 1867 of 4001, loss : train:   0.12196556, valid:   0.10323019
epoch 1868 of 4001, loss : train:   0.11183399, valid:   0.10630070
epoch 1869 of 4001, loss : train:   0.12256512, valid:   0.11694016
epoch 1870 of 4001, loss : train:   0.10733920, valid:   0.12422001
epoch 1871 of 4001, loss : train:   0.12610598, valid:   0.13190953
epoch 1872 of 4001, loss : train:   0.12387167, valid:   0.10257731
epoch 1873 of 4001, loss : train:   0.13244114, valid:   0.12528941
epoch 1874 of 4001, loss : train:   0.12857453, valid:   0.13121167
epoch 1875 of 4001, loss : train:   0.13141262, valid:   0.13532659
epoch 1876 of 4001, loss : train:   0.11654673, valid:   0.10737012
epoch 1877 of 4001, loss : train:   0.12094366, valid:   0.10176566
epoch 1878 of 4001, loss : train:   0.10931861, valid:   0.12712088
epoch 1879 of 4001, loss : train:   0.13729503, valid:   0.09400704
epoch 1880 of 4001, loss : train:   0.12353409, valid:   0.13557982
epoch 1881 of 4001, loss : train:   0.12526481, valid:   0.10696595
epoch 1882 of 4001, loss : train:   0.11159361, valid:   0.12777188
epoch 1883 of 4001, loss : train:   0.13316833, valid:   0.11497627
epoch 1884 of 4001, loss : train:   0.12098239, valid:   0.13006477
epoch 1885 of 4001, loss : train:   0.12318092, valid:   0.13051261
epoch 1886 of 4001, loss : train:   0.12672457, valid:   0.12488724
epoch 1887 of 4001, loss : train:   0.11435756, valid:   0.12889795
epoch 1888 of 4001, loss : train:   0.14115873, valid:   0.10865129
epoch 1889 of 4001, loss : train:   0.13420783, valid:   0.12027723
epoch 1890 of 4001, loss : train:   0.12278423, valid:   0.11809828
epoch 1891 of 4001, loss : train:   0.11907900, valid:   0.11709965
epoch 1892 of 4001, loss : train:   0.12292962, valid:   0.11826317
epoch 1893 of 4001, loss : train:   0.12595484, valid:   0.12527826
epoch 1894 of 4001, loss : train:   0.12391100, valid:   0.13289291
epoch 1895 of 4001, loss : train:   0.13428353, valid:   0.10311644
epoch 1896 of 4001, loss : train:   0.13438655, valid:   0.11094484
epoch 1897 of 4001, loss : train:   0.12521689, valid:   0.13060305
epoch 1898 of 4001, loss : train:   0.12972009, valid:   0.11231180
epoch 1899 of 4001, loss : train:   0.12287563, valid:   0.13478097
epoch 1900 of 4001, loss : train:   0.12967993, valid:   0.11642856
epoch 1901 of 4001, loss : train:   0.12345034, valid:   0.11487873
epoch 1902 of 4001, loss : train:   0.12291108, valid:   0.12887205
epoch 1903 of 4001, loss : train:   0.12006911, valid:   0.10254525
epoch 1904 of 4001, loss : train:   0.11684000, valid:   0.11958215
epoch 1905 of 4001, loss : train:   0.12427499, valid:   0.13428801
epoch 1906 of 4001, loss : train:   0.13229548, valid:   0.11846674
epoch 1907 of 4001, loss : train:   0.12488709, valid:   0.10856880
epoch 1908 of 4001, loss : train:   0.11851958, valid:   0.14170787
epoch 1909 of 4001, loss : train:   0.13194117, valid:   0.13771172
epoch 1910 of 4001, loss : train:   0.12354010, valid:   0.12869975
epoch 1911 of 4001, loss : train:   0.13374017, valid:   0.12414048
epoch 1912 of 4001, loss : train:   0.13059585, valid:   0.13624747
epoch 1913 of 4001, loss : train:   0.12552046, valid:   0.11152425
epoch 1914 of 4001, loss : train:   0.13569808, valid:   0.12670977
epoch 1915 of 4001, loss : train:   0.13449130, valid:   0.11175760
epoch 1916 of 4001, loss : train:   0.12100206, valid:   0.12118708
epoch 1917 of 4001, loss : train:   0.12504520, valid:   0.12850234
epoch 1918 of 4001, loss : train:   0.12130665, valid:   0.13421750
epoch 1919 of 4001, loss : train:   0.13106367, valid:   0.11015774
epoch 1920 of 4001, loss : train:   0.13214924, valid:   0.12937523
epoch 1921 of 4001, loss : train:   0.12594102, valid:   0.11352058
epoch 1922 of 4001, loss : train:   0.13767868, valid:   0.09853080
epoch 1923 of 4001, loss : train:   0.11905629, valid:   0.13368493
epoch 1924 of 4001, loss : train:   0.13004277, valid:   0.14372106
epoch 1925 of 4001, loss : train:   0.13345215, valid:   0.11742672
epoch 1926 of 4001, loss : train:   0.12411756, valid:   0.11381397
epoch 1927 of 4001, loss : train:   0.12842293, valid:   0.10591023
epoch 1928 of 4001, loss : train:   0.12094479, valid:   0.11048992
epoch 1929 of 4001, loss : train:   0.12106508, valid:   0.11102051
epoch 1930 of 4001, loss : train:   0.12327227, valid:   0.10727330
epoch 1931 of 4001, loss : train:   0.12017689, valid:   0.12284707
epoch 1932 of 4001, loss : train:   0.12890969, valid:   0.11240172
epoch 1933 of 4001, loss : train:   0.13210541, valid:   0.10971337
epoch 1934 of 4001, loss : train:   0.12299235, valid:   0.12610090
epoch 1935 of 4001, loss : train:   0.13477178, valid:   0.11732631
epoch 1936 of 4001, loss : train:   0.12745001, valid:   0.09985302
epoch 1937 of 4001, loss : train:   0.12972531, valid:   0.14037004
epoch 1938 of 4001, loss : train:   0.12604949, valid:   0.12349296
epoch 1939 of 4001, loss : train:   0.13866214, valid:   0.11032270
epoch 1940 of 4001, loss : train:   0.12591904, valid:   0.11431106
epoch 1941 of 4001, loss : train:   0.13018705, valid:   0.10210006
epoch 1942 of 4001, loss : train:   0.11858670, valid:   0.10140046
epoch 1943 of 4001, loss : train:   0.13481450, valid:   0.12085521
epoch 1944 of 4001, loss : train:   0.11937053, valid:   0.12420183
epoch 1945 of 4001, loss : train:   0.12195223, valid:   0.12935996
epoch 1946 of 4001, loss : train:   0.13256631, valid:   0.13065065
epoch 1947 of 4001, loss : train:   0.11554136, valid:   0.13506936
epoch 1948 of 4001, loss : train:   0.12222797, valid:   0.12624259
epoch 1949 of 4001, loss : train:   0.12350502, valid:   0.12796108
epoch 1950 of 4001, loss : train:   0.11741541, valid:   0.14460903
epoch 1951 of 4001, loss : train:   0.11567266, valid:   0.13199718
epoch 1952 of 4001, loss : train:   0.13130179, valid:   0.11805560
epoch 1953 of 4001, loss : train:   0.11848363, valid:   0.15178816
epoch 1954 of 4001, loss : train:   0.12083398, valid:   0.11535521
epoch 1955 of 4001, loss : train:   0.13174166, valid:   0.12765542
epoch 1956 of 4001, loss : train:   0.11418788, valid:   0.13584515
epoch 1957 of 4001, loss : train:   0.12381276, valid:   0.12406138
epoch 1958 of 4001, loss : train:   0.12818466, valid:   0.12419061
epoch 1959 of 4001, loss : train:   0.12399863, valid:   0.13917333
epoch 1960 of 4001, loss : train:   0.13346854, valid:   0.13217707
epoch 1961 of 4001, loss : train:   0.12814159, valid:   0.13832134
epoch 1962 of 4001, loss : train:   0.11108583, valid:   0.12478566
epoch 1963 of 4001, loss : train:   0.12619639, valid:   0.11906252
epoch 1964 of 4001, loss : train:   0.12739155, valid:   0.10833557
epoch 1965 of 4001, loss : train:   0.12117153, valid:   0.11218756
epoch 1966 of 4001, loss : train:   0.12985455, valid:   0.14066337
epoch 1967 of 4001, loss : train:   0.12521130, valid:   0.12575062
epoch 1968 of 4001, loss : train:   0.14151003, valid:   0.11277453
epoch 1969 of 4001, loss : train:   0.12122161, valid:   0.12286968
epoch 1970 of 4001, loss : train:   0.12237875, valid:   0.12554176
epoch 1971 of 4001, loss : train:   0.12077205, valid:   0.14116448
epoch 1972 of 4001, loss : train:   0.13046531, valid:   0.14057030
epoch 1973 of 4001, loss : train:   0.11716380, valid:   0.09359613
epoch 1974 of 4001, loss : train:   0.12256174, valid:   0.13012205
epoch 1975 of 4001, loss : train:   0.12837788, valid:   0.10744800
epoch 1976 of 4001, loss : train:   0.13100192, valid:   0.12105056
epoch 1977 of 4001, loss : train:   0.12906611, valid:   0.11535738
epoch 1978 of 4001, loss : train:   0.13031320, valid:   0.11657811
epoch 1979 of 4001, loss : train:   0.13270669, valid:   0.12854694
epoch 1980 of 4001, loss : train:   0.13326814, valid:   0.11170248
epoch 1981 of 4001, loss : train:   0.13047242, valid:   0.11705263
epoch 1982 of 4001, loss : train:   0.12192524, valid:   0.10661783
epoch 1983 of 4001, loss : train:   0.12242036, valid:   0.11987509
epoch 1984 of 4001, loss : train:   0.12707425, valid:   0.09794344
epoch 1985 of 4001, loss : train:   0.12798749, valid:   0.12919877
epoch 1986 of 4001, loss : train:   0.12239522, valid:   0.09917488
epoch 1987 of 4001, loss : train:   0.11893329, valid:   0.11323448
epoch 1988 of 4001, loss : train:   0.12553082, valid:   0.10182901
epoch 1989 of 4001, loss : train:   0.12562436, valid:   0.11553453
epoch 1990 of 4001, loss : train:   0.11243989, valid:   0.13916731
epoch 1991 of 4001, loss : train:   0.12295273, valid:   0.12238451
epoch 1992 of 4001, loss : train:   0.12493227, valid:   0.11590657
epoch 1993 of 4001, loss : train:   0.11585056, valid:   0.11085290
epoch 1994 of 4001, loss : train:   0.11633056, valid:   0.13637809
epoch 1995 of 4001, loss : train:   0.12821197, valid:   0.11540321
epoch 1996 of 4001, loss : train:   0.12704948, valid:   0.11014966
epoch 1997 of 4001, loss : train:   0.11641097, valid:   0.13235863
epoch 1998 of 4001, loss : train:   0.11514923, valid:   0.09677963
epoch 1999 of 4001, loss : train:   0.12456446, valid:   0.12043078
epoch 2000 of 4001, loss : train:   0.12674005, valid:   0.13783029
epoch 2001 of 4001, loss : train:   0.13849892, valid:   0.10742465
epoch 2002 of 4001, loss : train:   0.12631159, valid:   0.12008508
epoch 2003 of 4001, loss : train:   0.12432450, valid:   0.12356450
epoch 2004 of 4001, loss : train:   0.12325305, valid:   0.11438827
epoch 2005 of 4001, loss : train:   0.11949919, valid:   0.13277827
epoch 2006 of 4001, loss : train:   0.12447577, valid:   0.14541315
epoch 2007 of 4001, loss : train:   0.10958990, valid:   0.10035981
epoch 2008 of 4001, loss : train:   0.13281128, valid:   0.11398276
epoch 2009 of 4001, loss : train:   0.12429695, valid:   0.13129833
epoch 2010 of 4001, loss : train:   0.13389454, valid:   0.11972941
epoch 2011 of 4001, loss : train:   0.11910758, valid:   0.13733132
epoch 2012 of 4001, loss : train:   0.12098216, valid:   0.12194128
epoch 2013 of 4001, loss : train:   0.13499559, valid:   0.11935557
epoch 2014 of 4001, loss : train:   0.13046887, valid:   0.12744069
epoch 2015 of 4001, loss : train:   0.13675313, valid:   0.13197996
epoch 2016 of 4001, loss : train:   0.12432923, valid:   0.12481063
epoch 2017 of 4001, loss : train:   0.12135479, valid:   0.13506548
epoch 2018 of 4001, loss : train:   0.12616401, valid:   0.14368647
epoch 2019 of 4001, loss : train:   0.12778802, valid:   0.11344206
epoch 2020 of 4001, loss : train:   0.11793711, valid:   0.12705941
epoch 2021 of 4001, loss : train:   0.12247752, valid:   0.13524477
epoch 2022 of 4001, loss : train:   0.13216848, valid:   0.13478151
epoch 2023 of 4001, loss : train:   0.12511287, valid:   0.13908678
epoch 2024 of 4001, loss : train:   0.12147922, valid:   0.13548282
epoch 2025 of 4001, loss : train:   0.13180799, valid:   0.12005857
epoch 2026 of 4001, loss : train:   0.14133962, valid:   0.09515704
epoch 2027 of 4001, loss : train:   0.12625467, valid:   0.12318355
epoch 2028 of 4001, loss : train:   0.11999792, valid:   0.12326920
epoch 2029 of 4001, loss : train:   0.12283036, valid:   0.11550671
epoch 2030 of 4001, loss : train:   0.12688622, valid:   0.11508559
epoch 2031 of 4001, loss : train:   0.12650616, valid:   0.14360262
epoch 2032 of 4001, loss : train:   0.12442527, valid:   0.13042544
epoch 2033 of 4001, loss : train:   0.11912275, valid:   0.12537040
epoch 2034 of 4001, loss : train:   0.11080305, valid:   0.12935816
epoch 2035 of 4001, loss : train:   0.12125730, valid:   0.13815400
epoch 2036 of 4001, loss : train:   0.12250077, valid:   0.14111359
epoch 2037 of 4001, loss : train:   0.11832030, valid:   0.09703133
epoch 2038 of 4001, loss : train:   0.12548946, valid:   0.10128355
epoch 2039 of 4001, loss : train:   0.12365763, valid:   0.13152193
epoch 2040 of 4001, loss : train:   0.13552221, valid:   0.11362259
epoch 2041 of 4001, loss : train:   0.12597829, valid:   0.10960063
epoch 2042 of 4001, loss : train:   0.12697214, valid:   0.12203903
epoch 2043 of 4001, loss : train:   0.12293961, valid:   0.12519957
epoch 2044 of 4001, loss : train:   0.11265115, valid:   0.12457835
epoch 2045 of 4001, loss : train:   0.12149365, valid:   0.11441638
epoch 2046 of 4001, loss : train:   0.12125242, valid:   0.13244456
epoch 2047 of 4001, loss : train:   0.12580212, valid:   0.13152021
epoch 2048 of 4001, loss : train:   0.12229416, valid:   0.10834236
epoch 2049 of 4001, loss : train:   0.11721129, valid:   0.15303676
epoch 2050 of 4001, loss : train:   0.13555833, valid:   0.11759999
epoch 2051 of 4001, loss : train:   0.12373279, valid:   0.10276327
epoch 2052 of 4001, loss : train:   0.11616509, valid:   0.09815621
epoch 2053 of 4001, loss : train:   0.13210854, valid:   0.10747170
epoch 2054 of 4001, loss : train:   0.12003636, valid:   0.11836523
epoch 2055 of 4001, loss : train:   0.12307881, valid:   0.11839344
epoch 2056 of 4001, loss : train:   0.13273433, valid:   0.13401079
epoch 2057 of 4001, loss : train:   0.11927397, valid:   0.10277988
epoch 2058 of 4001, loss : train:   0.13204816, valid:   0.12610754
epoch 2059 of 4001, loss : train:   0.13130283, valid:   0.11018053
epoch 2060 of 4001, loss : train:   0.12576534, valid:   0.15672630
epoch 2061 of 4001, loss : train:   0.12602596, valid:   0.11973960
epoch 2062 of 4001, loss : train:   0.12734649, valid:   0.13673176
epoch 2063 of 4001, loss : train:   0.12673163, valid:   0.14185783
epoch 2064 of 4001, loss : train:   0.12364474, valid:   0.11266350
epoch 2065 of 4001, loss : train:   0.12266895, valid:   0.16077375
epoch 2066 of 4001, loss : train:   0.11185114, valid:   0.13348716
epoch 2067 of 4001, loss : train:   0.13361005, valid:   0.12302855
epoch 2068 of 4001, loss : train:   0.12952474, valid:   0.11872759
epoch 2069 of 4001, loss : train:   0.12751414, valid:   0.11709900
epoch 2070 of 4001, loss : train:   0.12853920, valid:   0.10993900
epoch 2071 of 4001, loss : train:   0.12135769, valid:   0.14515626
epoch 2072 of 4001, loss : train:   0.12687462, valid:   0.12736621
epoch 2073 of 4001, loss : train:   0.13674048, valid:   0.11397491
epoch 2074 of 4001, loss : train:   0.11977515, valid:   0.12547415
epoch 2075 of 4001, loss : train:   0.13325316, valid:   0.11382523
epoch 2076 of 4001, loss : train:   0.13108399, valid:   0.12075139
epoch 2077 of 4001, loss : train:   0.12407965, valid:   0.12337974
epoch 2078 of 4001, loss : train:   0.11949813, valid:   0.10791337
epoch 2079 of 4001, loss : train:   0.12982020, valid:   0.12431297
epoch 2080 of 4001, loss : train:   0.12483774, valid:   0.10986247
epoch 2081 of 4001, loss : train:   0.12585695, valid:   0.14301130
epoch 2082 of 4001, loss : train:   0.12388613, valid:   0.12114397
epoch 2083 of 4001, loss : train:   0.11268981, valid:   0.11905683
epoch 2084 of 4001, loss : train:   0.11544053, valid:   0.12063743
epoch 2085 of 4001, loss : train:   0.11496632, valid:   0.10357080
epoch 2086 of 4001, loss : train:   0.12266343, valid:   0.12540556
epoch 2087 of 4001, loss : train:   0.11807961, valid:   0.08529208
epoch 2088 of 4001, loss : train:   0.11738109, valid:   0.13734306
epoch 2089 of 4001, loss : train:   0.12601466, valid:   0.12046284
epoch 2090 of 4001, loss : train:   0.12295484, valid:   0.11755677
epoch 2091 of 4001, loss : train:   0.13066147, valid:   0.12987259
epoch 2092 of 4001, loss : train:   0.13855580, valid:   0.12895156
epoch 2093 of 4001, loss : train:   0.12503399, valid:   0.14072245
epoch 2094 of 4001, loss : train:   0.11682911, valid:   0.11333999
epoch 2095 of 4001, loss : train:   0.13704423, valid:   0.11461042
epoch 2096 of 4001, loss : train:   0.13549317, valid:   0.11469413
epoch 2097 of 4001, loss : train:   0.11033500, valid:   0.11385672
epoch 2098 of 4001, loss : train:   0.13029296, valid:   0.12030693
epoch 2099 of 4001, loss : train:   0.12305931, valid:   0.11514805
epoch 2100 of 4001, loss : train:   0.13067802, valid:   0.11225183
epoch 2101 of 4001, loss : train:   0.12006031, valid:   0.11806311
epoch 2102 of 4001, loss : train:   0.12820696, valid:   0.12546915
epoch 2103 of 4001, loss : train:   0.12156280, valid:   0.12774959
epoch 2104 of 4001, loss : train:   0.11427291, valid:   0.12278780
epoch 2105 of 4001, loss : train:   0.12512416, valid:   0.13383070
epoch 2106 of 4001, loss : train:   0.11295614, valid:   0.12340872
epoch 2107 of 4001, loss : train:   0.12309570, valid:   0.14911114
epoch 2108 of 4001, loss : train:   0.11863709, valid:   0.10348434
epoch 2109 of 4001, loss : train:   0.12033424, valid:   0.12269432
epoch 2110 of 4001, loss : train:   0.12967863, valid:   0.11433774
epoch 2111 of 4001, loss : train:   0.12079337, valid:   0.13212101
epoch 2112 of 4001, loss : train:   0.10567713, valid:   0.12577713
epoch 2113 of 4001, loss : train:   0.12748461, valid:   0.13081534
epoch 2114 of 4001, loss : train:   0.12943765, valid:   0.12755264
epoch 2115 of 4001, loss : train:   0.12234269, valid:   0.13666387
epoch 2116 of 4001, loss : train:   0.12273332, valid:   0.11864034
epoch 2117 of 4001, loss : train:   0.12777123, valid:   0.12894036
epoch 2118 of 4001, loss : train:   0.11859128, valid:   0.12736595
epoch 2119 of 4001, loss : train:   0.12821056, valid:   0.11353733
epoch 2120 of 4001, loss : train:   0.11576588, valid:   0.13164577
epoch 2121 of 4001, loss : train:   0.12841922, valid:   0.14060555
epoch 2122 of 4001, loss : train:   0.11881167, valid:   0.14178614
epoch 2123 of 4001, loss : train:   0.12676166, valid:   0.11992835
epoch 2124 of 4001, loss : train:   0.12943014, valid:   0.14570403
epoch 2125 of 4001, loss : train:   0.12467561, valid:   0.12123805
epoch 2126 of 4001, loss : train:   0.11811531, valid:   0.11526898
epoch 2127 of 4001, loss : train:   0.12841405, valid:   0.14026915
epoch 2128 of 4001, loss : train:   0.12432259, valid:   0.12109948
epoch 2129 of 4001, loss : train:   0.12696276, valid:   0.12701261
epoch 2130 of 4001, loss : train:   0.13047224, valid:   0.13338280
epoch 2131 of 4001, loss : train:   0.12353271, valid:   0.13785204
epoch 2132 of 4001, loss : train:   0.11852906, valid:   0.11902691
epoch 2133 of 4001, loss : train:   0.13802158, valid:   0.10377632
epoch 2134 of 4001, loss : train:   0.12446764, valid:   0.10369189
epoch 2135 of 4001, loss : train:   0.11400677, valid:   0.12738559
epoch 2136 of 4001, loss : train:   0.12476955, valid:   0.12319203
epoch 2137 of 4001, loss : train:   0.12432753, valid:   0.12410667
epoch 2138 of 4001, loss : train:   0.12040540, valid:   0.10545728
epoch 2139 of 4001, loss : train:   0.12781018, valid:   0.11728710
epoch 2140 of 4001, loss : train:   0.12205039, valid:   0.11988214
epoch 2141 of 4001, loss : train:   0.13846077, valid:   0.13289407
epoch 2142 of 4001, loss : train:   0.12108682, valid:   0.10273391
epoch 2143 of 4001, loss : train:   0.12256774, valid:   0.12592094
epoch 2144 of 4001, loss : train:   0.10806086, valid:   0.12502189
epoch 2145 of 4001, loss : train:   0.11493842, valid:   0.10387373
epoch 2146 of 4001, loss : train:   0.12149979, valid:   0.10810404
epoch 2147 of 4001, loss : train:   0.12529767, valid:   0.12190878
epoch 2148 of 4001, loss : train:   0.11739784, valid:   0.11332002
epoch 2149 of 4001, loss : train:   0.12185637, valid:   0.10772255
epoch 2150 of 4001, loss : train:   0.13420190, valid:   0.13212815
epoch 2151 of 4001, loss : train:   0.12174638, valid:   0.10768721
epoch 2152 of 4001, loss : train:   0.12692669, valid:   0.15115936
epoch 2153 of 4001, loss : train:   0.12253387, valid:   0.10279685
epoch 2154 of 4001, loss : train:   0.11093211, valid:   0.11001903
epoch 2155 of 4001, loss : train:   0.11355421, valid:   0.12434687
epoch 2156 of 4001, loss : train:   0.13077929, valid:   0.12315295
epoch 2157 of 4001, loss : train:   0.11961956, valid:   0.14673097
epoch 2158 of 4001, loss : train:   0.11964421, valid:   0.11843859
epoch 2159 of 4001, loss : train:   0.11488254, valid:   0.12468634
epoch 2160 of 4001, loss : train:   0.11633746, valid:   0.13396010
epoch 2161 of 4001, loss : train:   0.12622231, valid:   0.10054712
epoch 2162 of 4001, loss : train:   0.12140891, valid:   0.15580584
epoch 2163 of 4001, loss : train:   0.11937063, valid:   0.12884487
epoch 2164 of 4001, loss : train:   0.12498216, valid:   0.09759303
epoch 2165 of 4001, loss : train:   0.11905108, valid:   0.11815729
epoch 2166 of 4001, loss : train:   0.12276127, valid:   0.12125963
epoch 2167 of 4001, loss : train:   0.13080477, valid:   0.13351350
epoch 2168 of 4001, loss : train:   0.13207532, valid:   0.12701525
epoch 2169 of 4001, loss : train:   0.12497240, valid:   0.12889588
epoch 2170 of 4001, loss : train:   0.13206413, valid:   0.11072439
epoch 2171 of 4001, loss : train:   0.12892015, valid:   0.13025674
epoch 2172 of 4001, loss : train:   0.12577555, valid:   0.12904446
epoch 2173 of 4001, loss : train:   0.12982593, valid:   0.11257186
epoch 2174 of 4001, loss : train:   0.12966550, valid:   0.10752477
epoch 2175 of 4001, loss : train:   0.11796434, valid:   0.11809335
epoch 2176 of 4001, loss : train:   0.13194558, valid:   0.12659201
epoch 2177 of 4001, loss : train:   0.12042311, valid:   0.13450095
epoch 2178 of 4001, loss : train:   0.12284606, valid:   0.12764519
epoch 2179 of 4001, loss : train:   0.11464364, valid:   0.11956969
epoch 2180 of 4001, loss : train:   0.12206774, valid:   0.13044226
epoch 2181 of 4001, loss : train:   0.12094552, valid:   0.11689563
epoch 2182 of 4001, loss : train:   0.12235908, valid:   0.11496684
epoch 2183 of 4001, loss : train:   0.13064911, valid:   0.11556333
epoch 2184 of 4001, loss : train:   0.12384474, valid:   0.12499950
epoch 2185 of 4001, loss : train:   0.11923549, valid:   0.11525478
epoch 2186 of 4001, loss : train:   0.12412927, valid:   0.11165302
epoch 2187 of 4001, loss : train:   0.11071608, valid:   0.12736556
epoch 2188 of 4001, loss : train:   0.12239188, valid:   0.11845696
epoch 2189 of 4001, loss : train:   0.12325634, valid:   0.11823433
epoch 2190 of 4001, loss : train:   0.12911025, valid:   0.08237861
epoch 2191 of 4001, loss : train:   0.12993479, valid:   0.13142650
epoch 2192 of 4001, loss : train:   0.12060831, valid:   0.12040301
epoch 2193 of 4001, loss : train:   0.11876278, valid:   0.12448949
epoch 2194 of 4001, loss : train:   0.12656982, valid:   0.12110394
epoch 2195 of 4001, loss : train:   0.12449307, valid:   0.11804348
epoch 2196 of 4001, loss : train:   0.12753004, valid:   0.13606271
epoch 2197 of 4001, loss : train:   0.12623679, valid:   0.13153504
epoch 2198 of 4001, loss : train:   0.13045687, valid:   0.12464260
epoch 2199 of 4001, loss : train:   0.12909852, valid:   0.13942216
epoch 2200 of 4001, loss : train:   0.12743557, valid:   0.11377389
epoch 2201 of 4001, loss : train:   0.12186887, valid:   0.11307380
epoch 2202 of 4001, loss : train:   0.12603808, valid:   0.11968721
epoch 2203 of 4001, loss : train:   0.12519860, valid:   0.13147517
epoch 2204 of 4001, loss : train:   0.12261337, valid:   0.11414288
epoch 2205 of 4001, loss : train:   0.11630378, valid:   0.11240955
epoch 2206 of 4001, loss : train:   0.12738721, valid:   0.15091984
epoch 2207 of 4001, loss : train:   0.11884523, valid:   0.13505323
epoch 2208 of 4001, loss : train:   0.12253379, valid:   0.12067935
epoch 2209 of 4001, loss : train:   0.12363096, valid:   0.12881964
epoch 2210 of 4001, loss : train:   0.12377386, valid:   0.12619072
epoch 2211 of 4001, loss : train:   0.12717317, valid:   0.10672154
epoch 2212 of 4001, loss : train:   0.12375162, valid:   0.14101076
epoch 2213 of 4001, loss : train:   0.11679421, valid:   0.10954709
epoch 2214 of 4001, loss : train:   0.13260135, valid:   0.14256695
epoch 2215 of 4001, loss : train:   0.12127284, valid:   0.11556858
epoch 2216 of 4001, loss : train:   0.11044099, valid:   0.13082823
epoch 2217 of 4001, loss : train:   0.12592545, valid:   0.12081505
epoch 2218 of 4001, loss : train:   0.12711169, valid:   0.11163367
epoch 2219 of 4001, loss : train:   0.13325964, valid:   0.11987616
epoch 2220 of 4001, loss : train:   0.11594047, valid:   0.11203025
epoch 2221 of 4001, loss : train:   0.12079840, valid:   0.12072549
epoch 2222 of 4001, loss : train:   0.11343770, valid:   0.11217412
epoch 2223 of 4001, loss : train:   0.11646838, valid:   0.12842351
epoch 2224 of 4001, loss : train:   0.11842397, valid:   0.11594603
epoch 2225 of 4001, loss : train:   0.11358233, valid:   0.12253461
epoch 2226 of 4001, loss : train:   0.11628181, valid:   0.11572562
epoch 2227 of 4001, loss : train:   0.12179866, valid:   0.11389548
epoch 2228 of 4001, loss : train:   0.12615120, valid:   0.15359186
epoch 2229 of 4001, loss : train:   0.12479403, valid:   0.11976770
epoch 2230 of 4001, loss : train:   0.11140558, valid:   0.11258302
epoch 2231 of 4001, loss : train:   0.12782682, valid:   0.12065703
epoch 2232 of 4001, loss : train:   0.12980855, valid:   0.13319616
epoch 2233 of 4001, loss : train:   0.13654147, valid:   0.12557748
epoch 2234 of 4001, loss : train:   0.12525273, valid:   0.11305830
epoch 2235 of 4001, loss : train:   0.12562278, valid:   0.11693216
epoch 2236 of 4001, loss : train:   0.12685075, valid:   0.13527967
epoch 2237 of 4001, loss : train:   0.12944750, valid:   0.12798850
epoch 2238 of 4001, loss : train:   0.12592631, valid:   0.12976144
epoch 2239 of 4001, loss : train:   0.11859078, valid:   0.10442671
epoch 2240 of 4001, loss : train:   0.12968744, valid:   0.11177354
epoch 2241 of 4001, loss : train:   0.11797275, valid:   0.12249666
epoch 2242 of 4001, loss : train:   0.12313604, valid:   0.10911018
epoch 2243 of 4001, loss : train:   0.12532467, valid:   0.11131608
epoch 2244 of 4001, loss : train:   0.12771283, valid:   0.09955849
epoch 2245 of 4001, loss : train:   0.11795115, valid:   0.12190859
epoch 2246 of 4001, loss : train:   0.13246329, valid:   0.12017163
epoch 2247 of 4001, loss : train:   0.12388032, valid:   0.10008404
epoch 2248 of 4001, loss : train:   0.12558860, valid:   0.12802503
epoch 2249 of 4001, loss : train:   0.12070898, valid:   0.14250115
epoch 2250 of 4001, loss : train:   0.11224177, valid:   0.10839368
epoch 2251 of 4001, loss : train:   0.11511605, valid:   0.11811871
epoch 2252 of 4001, loss : train:   0.12667300, valid:   0.12248977
epoch 2253 of 4001, loss : train:   0.11402522, valid:   0.11922327
epoch 2254 of 4001, loss : train:   0.11715438, valid:   0.11748667
epoch 2255 of 4001, loss : train:   0.11335224, valid:   0.14733496
epoch 2256 of 4001, loss : train:   0.12660562, valid:   0.09898555
epoch 2257 of 4001, loss : train:   0.12652307, valid:   0.09577078
epoch 2258 of 4001, loss : train:   0.13466245, valid:   0.13163172
epoch 2259 of 4001, loss : train:   0.11764137, valid:   0.11078066
epoch 2260 of 4001, loss : train:   0.12412902, valid:   0.10068840
epoch 2261 of 4001, loss : train:   0.12293535, valid:   0.12189580
epoch 2262 of 4001, loss : train:   0.12176847, valid:   0.12443722
epoch 2263 of 4001, loss : train:   0.13773806, valid:   0.11874922
epoch 2264 of 4001, loss : train:   0.13857908, valid:   0.15116058
epoch 2265 of 4001, loss : train:   0.12734055, valid:   0.11622640
epoch 2266 of 4001, loss : train:   0.11265556, valid:   0.10940439
epoch 2267 of 4001, loss : train:   0.12795759, valid:   0.12071633
epoch 2268 of 4001, loss : train:   0.13545921, valid:   0.12710615
epoch 2269 of 4001, loss : train:   0.13010466, valid:   0.09827314
epoch 2270 of 4001, loss : train:   0.12720686, valid:   0.10572220
epoch 2271 of 4001, loss : train:   0.11564275, valid:   0.10579609
epoch 2272 of 4001, loss : train:   0.12539936, valid:   0.11623472
epoch 2273 of 4001, loss : train:   0.12296397, valid:   0.09643745
epoch 2274 of 4001, loss : train:   0.12056604, valid:   0.12971094
epoch 2275 of 4001, loss : train:   0.12145459, valid:   0.11656646
epoch 2276 of 4001, loss : train:   0.12455703, valid:   0.13763770
epoch 2277 of 4001, loss : train:   0.12064556, valid:   0.10424741
epoch 2278 of 4001, loss : train:   0.12768460, valid:   0.10493599
epoch 2279 of 4001, loss : train:   0.12112262, valid:   0.11349808
epoch 2280 of 4001, loss : train:   0.11732714, valid:   0.12880814
epoch 2281 of 4001, loss : train:   0.12584474, valid:   0.12614100
epoch 2282 of 4001, loss : train:   0.12304039, valid:   0.12481689
epoch 2283 of 4001, loss : train:   0.10939281, valid:   0.10716997
epoch 2284 of 4001, loss : train:   0.12726083, valid:   0.13868535
epoch 2285 of 4001, loss : train:   0.12682838, valid:   0.12438137
epoch 2286 of 4001, loss : train:   0.12454397, valid:   0.10733408
epoch 2287 of 4001, loss : train:   0.10678849, valid:   0.12540314
epoch 2288 of 4001, loss : train:   0.12157025, valid:   0.12889040
epoch 2289 of 4001, loss : train:   0.11417861, valid:   0.12163256
epoch 2290 of 4001, loss : train:   0.11142420, valid:   0.13945076
epoch 2291 of 4001, loss : train:   0.12953519, valid:   0.11481952
epoch 2292 of 4001, loss : train:   0.13098844, valid:   0.12486029
epoch 2293 of 4001, loss : train:   0.11917337, valid:   0.12030690
epoch 2294 of 4001, loss : train:   0.11626950, valid:   0.11000176
epoch 2295 of 4001, loss : train:   0.12731988, valid:   0.11719960
epoch 2296 of 4001, loss : train:   0.11378924, valid:   0.13010490
epoch 2297 of 4001, loss : train:   0.11629711, valid:   0.13519049
epoch 2298 of 4001, loss : train:   0.12548189, valid:   0.11153342
epoch 2299 of 4001, loss : train:   0.11157018, valid:   0.13462760
epoch 2300 of 4001, loss : train:   0.12707077, valid:   0.10815838
epoch 2301 of 4001, loss : train:   0.12192484, valid:   0.14386757
epoch 2302 of 4001, loss : train:   0.11620322, valid:   0.13901529
epoch 2303 of 4001, loss : train:   0.12991302, valid:   0.12020013
epoch 2304 of 4001, loss : train:   0.10927450, valid:   0.12662236
epoch 2305 of 4001, loss : train:   0.11881500, valid:   0.13295914
epoch 2306 of 4001, loss : train:   0.11835321, valid:   0.10833395
epoch 2307 of 4001, loss : train:   0.12487788, valid:   0.11515090
epoch 2308 of 4001, loss : train:   0.10965826, valid:   0.10759518
epoch 2309 of 4001, loss : train:   0.12798458, valid:   0.11702473
epoch 2310 of 4001, loss : train:   0.11366326, valid:   0.10553167
epoch 2311 of 4001, loss : train:   0.13448719, valid:   0.12220015
epoch 2312 of 4001, loss : train:   0.13139110, valid:   0.12203041
epoch 2313 of 4001, loss : train:   0.13046392, valid:   0.13069095
epoch 2314 of 4001, loss : train:   0.12199309, valid:   0.11661083
epoch 2315 of 4001, loss : train:   0.12094983, valid:   0.12222207
epoch 2316 of 4001, loss : train:   0.11953594, valid:   0.11561221
epoch 2317 of 4001, loss : train:   0.10700376, valid:   0.12693988
epoch 2318 of 4001, loss : train:   0.11258165, valid:   0.10177778
epoch 2319 of 4001, loss : train:   0.12613191, valid:   0.14362285
epoch 2320 of 4001, loss : train:   0.12007585, valid:   0.12028674
epoch 2321 of 4001, loss : train:   0.12847072, valid:   0.10654416
epoch 2322 of 4001, loss : train:   0.12264481, valid:   0.12912306
epoch 2323 of 4001, loss : train:   0.11545355, valid:   0.11975780
epoch 2324 of 4001, loss : train:   0.12004468, valid:   0.11854555
epoch 2325 of 4001, loss : train:   0.12727522, valid:   0.10584898
epoch 2326 of 4001, loss : train:   0.12282258, valid:   0.12432395
epoch 2327 of 4001, loss : train:   0.12662471, valid:   0.11511121
epoch 2328 of 4001, loss : train:   0.12709520, valid:   0.10131213
epoch 2329 of 4001, loss : train:   0.11574231, valid:   0.10711198
epoch 2330 of 4001, loss : train:   0.11707664, valid:   0.11768325
epoch 2331 of 4001, loss : train:   0.11978195, valid:   0.11607906
epoch 2332 of 4001, loss : train:   0.11240752, valid:   0.12834167
epoch 2333 of 4001, loss : train:   0.11985647, valid:   0.10280660
epoch 2334 of 4001, loss : train:   0.11363423, valid:   0.10424527
epoch 2335 of 4001, loss : train:   0.13582907, valid:   0.13173445
epoch 2336 of 4001, loss : train:   0.11894601, valid:   0.10146098
epoch 2337 of 4001, loss : train:   0.11460074, valid:   0.10303707
epoch 2338 of 4001, loss : train:   0.11800466, valid:   0.09767398
epoch 2339 of 4001, loss : train:   0.11052841, valid:   0.09584708
epoch 2340 of 4001, loss : train:   0.12919452, valid:   0.15007754
epoch 2341 of 4001, loss : train:   0.12011915, valid:   0.12753119
epoch 2342 of 4001, loss : train:   0.12296792, valid:   0.12398545
epoch 2343 of 4001, loss : train:   0.12949791, valid:   0.11796983
epoch 2344 of 4001, loss : train:   0.12857130, valid:   0.11076891
epoch 2345 of 4001, loss : train:   0.12922006, valid:   0.10648626
epoch 2346 of 4001, loss : train:   0.12069196, valid:   0.11879665
epoch 2347 of 4001, loss : train:   0.11410056, valid:   0.13424735
epoch 2348 of 4001, loss : train:   0.11896986, valid:   0.11140497
epoch 2349 of 4001, loss : train:   0.11149915, valid:   0.10028780
epoch 2350 of 4001, loss : train:   0.10931523, valid:   0.12162482
epoch 2351 of 4001, loss : train:   0.13011001, valid:   0.13365094
epoch 2352 of 4001, loss : train:   0.12842501, valid:   0.09759391
epoch 2353 of 4001, loss : train:   0.12379074, valid:   0.11485552
epoch 2354 of 4001, loss : train:   0.12537000, valid:   0.11582555
epoch 2355 of 4001, loss : train:   0.11743386, valid:   0.11501646
epoch 2356 of 4001, loss : train:   0.11668740, valid:   0.11946394
epoch 2357 of 4001, loss : train:   0.13318520, valid:   0.10804755
epoch 2358 of 4001, loss : train:   0.12114923, valid:   0.12190668
epoch 2359 of 4001, loss : train:   0.10732841, valid:   0.10606689
epoch 2360 of 4001, loss : train:   0.12464454, valid:   0.11153685
epoch 2361 of 4001, loss : train:   0.12341152, valid:   0.13793595
epoch 2362 of 4001, loss : train:   0.12139944, valid:   0.10714921
epoch 2363 of 4001, loss : train:   0.13517011, valid:   0.15420774
epoch 2364 of 4001, loss : train:   0.11739382, valid:   0.13682556
epoch 2365 of 4001, loss : train:   0.12008138, valid:   0.11453959
epoch 2366 of 4001, loss : train:   0.12196059, valid:   0.12123921
epoch 2367 of 4001, loss : train:   0.11746565, valid:   0.11082795
epoch 2368 of 4001, loss : train:   0.13517801, valid:   0.11146441
epoch 2369 of 4001, loss : train:   0.11582543, valid:   0.11850902
epoch 2370 of 4001, loss : train:   0.10757950, valid:   0.10000201
epoch 2371 of 4001, loss : train:   0.13652328, valid:   0.10108624
epoch 2372 of 4001, loss : train:   0.11842419, valid:   0.13138412
epoch 2373 of 4001, loss : train:   0.11812273, valid:   0.10952151
epoch 2374 of 4001, loss : train:   0.11592728, valid:   0.11801440
epoch 2375 of 4001, loss : train:   0.12811650, valid:   0.11287037
epoch 2376 of 4001, loss : train:   0.11789638, valid:   0.12823136
epoch 2377 of 4001, loss : train:   0.13004608, valid:   0.13125986
epoch 2378 of 4001, loss : train:   0.12272976, valid:   0.11341448
epoch 2379 of 4001, loss : train:   0.11727561, valid:   0.11124974
epoch 2380 of 4001, loss : train:   0.12295299, valid:   0.12358934
epoch 2381 of 4001, loss : train:   0.12223960, valid:   0.12266645
epoch 2382 of 4001, loss : train:   0.12217327, valid:   0.08749287
epoch 2383 of 4001, loss : train:   0.12422247, valid:   0.14533733
epoch 2384 of 4001, loss : train:   0.12591984, valid:   0.09226078
epoch 2385 of 4001, loss : train:   0.12767518, valid:   0.10571014
epoch 2386 of 4001, loss : train:   0.12525125, valid:   0.12169210
epoch 2387 of 4001, loss : train:   0.12301773, valid:   0.11970512
epoch 2388 of 4001, loss : train:   0.11988806, valid:   0.10891841
epoch 2389 of 4001, loss : train:   0.11850305, valid:   0.12407347
epoch 2390 of 4001, loss : train:   0.12019709, valid:   0.11320318
epoch 2391 of 4001, loss : train:   0.12590065, valid:   0.11758500
epoch 2392 of 4001, loss : train:   0.12101672, valid:   0.13532743
epoch 2393 of 4001, loss : train:   0.12602804, valid:   0.09950101
epoch 2394 of 4001, loss : train:   0.12045038, valid:   0.10178592
epoch 2395 of 4001, loss : train:   0.12707667, valid:   0.11538649
epoch 2396 of 4001, loss : train:   0.12501445, valid:   0.10900547
epoch 2397 of 4001, loss : train:   0.11025223, valid:   0.13208944
epoch 2398 of 4001, loss : train:   0.11528911, valid:   0.10513840
epoch 2399 of 4001, loss : train:   0.12033758, valid:   0.12075505
epoch 2400 of 4001, loss : train:   0.11777536, valid:   0.12931713
epoch 2401 of 4001, loss : train:   0.11121890, valid:   0.11146504
epoch 2402 of 4001, loss : train:   0.11291580, valid:   0.10595892
epoch 2403 of 4001, loss : train:   0.13101784, valid:   0.12299623
epoch 2404 of 4001, loss : train:   0.12411787, valid:   0.13710721
epoch 2405 of 4001, loss : train:   0.12936297, valid:   0.11404759
epoch 2406 of 4001, loss : train:   0.11908727, valid:   0.11742684
epoch 2407 of 4001, loss : train:   0.11214578, valid:   0.13500631
epoch 2408 of 4001, loss : train:   0.12137997, valid:   0.10207022
epoch 2409 of 4001, loss : train:   0.12457104, valid:   0.15217364
epoch 2410 of 4001, loss : train:   0.11225638, valid:   0.10148581
epoch 2411 of 4001, loss : train:   0.11492721, valid:   0.10662170
epoch 2412 of 4001, loss : train:   0.12170931, valid:   0.12653157
epoch 2413 of 4001, loss : train:   0.13186597, valid:   0.14909901
epoch 2414 of 4001, loss : train:   0.12026797, valid:   0.11855586
epoch 2415 of 4001, loss : train:   0.11083371, valid:   0.12556112
epoch 2416 of 4001, loss : train:   0.10908325, valid:   0.12441960
epoch 2417 of 4001, loss : train:   0.11320810, valid:   0.11136210
epoch 2418 of 4001, loss : train:   0.12503784, valid:   0.12818955
epoch 2419 of 4001, loss : train:   0.11830159, valid:   0.11866744
epoch 2420 of 4001, loss : train:   0.12649142, valid:   0.11255666
epoch 2421 of 4001, loss : train:   0.10921059, valid:   0.10698218
epoch 2422 of 4001, loss : train:   0.11834069, valid:   0.11277476
epoch 2423 of 4001, loss : train:   0.13076403, valid:   0.13238196
epoch 2424 of 4001, loss : train:   0.12393543, valid:   0.11843276
epoch 2425 of 4001, loss : train:   0.12074804, valid:   0.10761436
epoch 2426 of 4001, loss : train:   0.11469070, valid:   0.13328953
epoch 2427 of 4001, loss : train:   0.11517951, valid:   0.11559860
epoch 2428 of 4001, loss : train:   0.10966646, valid:   0.11574610
epoch 2429 of 4001, loss : train:   0.12321078, valid:   0.12370359
epoch 2430 of 4001, loss : train:   0.13074893, valid:   0.13052267
epoch 2431 of 4001, loss : train:   0.10984217, valid:   0.12597439
epoch 2432 of 4001, loss : train:   0.11926897, valid:   0.13780218
epoch 2433 of 4001, loss : train:   0.11285884, valid:   0.12303098
epoch 2434 of 4001, loss : train:   0.12311320, valid:   0.11842199
epoch 2435 of 4001, loss : train:   0.11071634, valid:   0.10732600
epoch 2436 of 4001, loss : train:   0.11190898, valid:   0.13405968
epoch 2437 of 4001, loss : train:   0.12247874, valid:   0.10209867
epoch 2438 of 4001, loss : train:   0.11015071, valid:   0.09636730
epoch 2439 of 4001, loss : train:   0.11603438, valid:   0.11929846
epoch 2440 of 4001, loss : train:   0.12909917, valid:   0.11841696
epoch 2441 of 4001, loss : train:   0.12622228, valid:   0.10685286
epoch 2442 of 4001, loss : train:   0.11387074, valid:   0.11879432
epoch 2443 of 4001, loss : train:   0.11424753, valid:   0.14325929
epoch 2444 of 4001, loss : train:   0.11303349, valid:   0.12936948
epoch 2445 of 4001, loss : train:   0.12057941, valid:   0.13675758
epoch 2446 of 4001, loss : train:   0.12514426, valid:   0.13964203
epoch 2447 of 4001, loss : train:   0.12798210, valid:   0.09851522
epoch 2448 of 4001, loss : train:   0.12811478, valid:   0.10217072
epoch 2449 of 4001, loss : train:   0.11995996, valid:   0.10422400
epoch 2450 of 4001, loss : train:   0.14008848, valid:   0.13848159
epoch 2451 of 4001, loss : train:   0.12003408, valid:   0.12293608
epoch 2452 of 4001, loss : train:   0.11809116, valid:   0.13572054
epoch 2453 of 4001, loss : train:   0.11412280, valid:   0.13767415
epoch 2454 of 4001, loss : train:   0.12090374, valid:   0.11206122
epoch 2455 of 4001, loss : train:   0.11198585, valid:   0.09577332
epoch 2456 of 4001, loss : train:   0.11367938, valid:   0.12894064
epoch 2457 of 4001, loss : train:   0.12562519, valid:   0.12051261
epoch 2458 of 4001, loss : train:   0.13352185, valid:   0.13696779
epoch 2459 of 4001, loss : train:   0.12700877, valid:   0.13316961
epoch 2460 of 4001, loss : train:   0.11953261, valid:   0.14488471
epoch 2461 of 4001, loss : train:   0.11896775, valid:   0.13424458
epoch 2462 of 4001, loss : train:   0.12539567, valid:   0.12375679
epoch 2463 of 4001, loss : train:   0.12676446, valid:   0.11452116
epoch 2464 of 4001, loss : train:   0.12508067, valid:   0.11561105
epoch 2465 of 4001, loss : train:   0.12987823, valid:   0.13916117
epoch 2466 of 4001, loss : train:   0.11636816, valid:   0.11608635
epoch 2467 of 4001, loss : train:   0.11963444, valid:   0.10745769
epoch 2468 of 4001, loss : train:   0.12208322, valid:   0.10190641
epoch 2469 of 4001, loss : train:   0.12859804, valid:   0.10978162
epoch 2470 of 4001, loss : train:   0.13782352, valid:   0.10496166
epoch 2471 of 4001, loss : train:   0.12849493, valid:   0.11758606
epoch 2472 of 4001, loss : train:   0.13206043, valid:   0.12970783
epoch 2473 of 4001, loss : train:   0.11414366, valid:   0.12197385
epoch 2474 of 4001, loss : train:   0.12079328, valid:   0.13002832
epoch 2475 of 4001, loss : train:   0.11376918, valid:   0.11180437
epoch 2476 of 4001, loss : train:   0.10853907, valid:   0.10517154
epoch 2477 of 4001, loss : train:   0.12630470, valid:   0.12193326
epoch 2478 of 4001, loss : train:   0.12180545, valid:   0.11956280
epoch 2479 of 4001, loss : train:   0.11567654, valid:   0.13816285
epoch 2480 of 4001, loss : train:   0.12395531, valid:   0.12166677
epoch 2481 of 4001, loss : train:   0.12682756, valid:   0.10595470
epoch 2482 of 4001, loss : train:   0.12780535, valid:   0.10739660
epoch 2483 of 4001, loss : train:   0.12590617, valid:   0.13028458
epoch 2484 of 4001, loss : train:   0.12332629, valid:   0.13084312
epoch 2485 of 4001, loss : train:   0.11723971, valid:   0.11680400
epoch 2486 of 4001, loss : train:   0.13074926, valid:   0.11147544
epoch 2487 of 4001, loss : train:   0.12197084, valid:   0.14098555
epoch 2488 of 4001, loss : train:   0.11520097, valid:   0.10575531
epoch 2489 of 4001, loss : train:   0.11012407, valid:   0.11154376
epoch 2490 of 4001, loss : train:   0.11350383, valid:   0.09978413
epoch 2491 of 4001, loss : train:   0.12885910, valid:   0.10284618
epoch 2492 of 4001, loss : train:   0.12965878, valid:   0.11148245
epoch 2493 of 4001, loss : train:   0.12155123, valid:   0.10378470
epoch 2494 of 4001, loss : train:   0.11289008, valid:   0.11390356
epoch 2495 of 4001, loss : train:   0.12991119, valid:   0.12526539
epoch 2496 of 4001, loss : train:   0.11746424, valid:   0.10365173
epoch 2497 of 4001, loss : train:   0.11574091, valid:   0.12169185
epoch 2498 of 4001, loss : train:   0.12374856, valid:   0.13134339
epoch 2499 of 4001, loss : train:   0.11514562, valid:   0.12664619
epoch 2500 of 4001, loss : train:   0.11981392, valid:   0.14401148
epoch 2501 of 4001, loss : train:   0.11829956, valid:   0.09656464
epoch 2502 of 4001, loss : train:   0.12561334, valid:   0.13112497
epoch 2503 of 4001, loss : train:   0.11543308, valid:   0.12233402
epoch 2504 of 4001, loss : train:   0.11625359, valid:   0.10385823
epoch 2505 of 4001, loss : train:   0.11192363, valid:   0.11985586
epoch 2506 of 4001, loss : train:   0.11902859, valid:   0.11996132
epoch 2507 of 4001, loss : train:   0.12746687, valid:   0.13623731
epoch 2508 of 4001, loss : train:   0.11499604, valid:   0.11281055
epoch 2509 of 4001, loss : train:   0.10933548, valid:   0.11664563
epoch 2510 of 4001, loss : train:   0.12580049, valid:   0.13226241
epoch 2511 of 4001, loss : train:   0.11558171, valid:   0.11222759
epoch 2512 of 4001, loss : train:   0.13337369, valid:   0.10697012
epoch 2513 of 4001, loss : train:   0.12038011, valid:   0.11987926
epoch 2514 of 4001, loss : train:   0.11531468, valid:   0.11996584
epoch 2515 of 4001, loss : train:   0.12301108, valid:   0.13022047
epoch 2516 of 4001, loss : train:   0.11866806, valid:   0.10745837
epoch 2517 of 4001, loss : train:   0.11079351, valid:   0.12165213
epoch 2518 of 4001, loss : train:   0.12033918, valid:   0.13037609
epoch 2519 of 4001, loss : train:   0.11716837, valid:   0.09899516
epoch 2520 of 4001, loss : train:   0.11862501, valid:   0.11379538
epoch 2521 of 4001, loss : train:   0.10697034, valid:   0.09595838
epoch 2522 of 4001, loss : train:   0.12779880, valid:   0.11699508
epoch 2523 of 4001, loss : train:   0.11580621, valid:   0.11558105
epoch 2524 of 4001, loss : train:   0.11415310, valid:   0.11355343
epoch 2525 of 4001, loss : train:   0.10476783, valid:   0.09295665
epoch 2526 of 4001, loss : train:   0.11978940, valid:   0.12914227
epoch 2527 of 4001, loss : train:   0.12220797, valid:   0.14909706
epoch 2528 of 4001, loss : train:   0.11238385, valid:   0.11112829
epoch 2529 of 4001, loss : train:   0.11200474, valid:   0.13163377
epoch 2530 of 4001, loss : train:   0.11832765, valid:   0.12750103
epoch 2531 of 4001, loss : train:   0.12631770, valid:   0.11407020
epoch 2532 of 4001, loss : train:   0.11717781, valid:   0.12847790
epoch 2533 of 4001, loss : train:   0.11325798, valid:   0.10080241
epoch 2534 of 4001, loss : train:   0.12118789, valid:   0.10608633
epoch 2535 of 4001, loss : train:   0.12738037, valid:   0.13675834
epoch 2536 of 4001, loss : train:   0.12188322, valid:   0.13132653
epoch 2537 of 4001, loss : train:   0.11288754, valid:   0.13658538
epoch 2538 of 4001, loss : train:   0.12088380, valid:   0.14092439
epoch 2539 of 4001, loss : train:   0.12254962, valid:   0.11212313
epoch 2540 of 4001, loss : train:   0.13160903, valid:   0.12271944
epoch 2541 of 4001, loss : train:   0.11878972, valid:   0.12204415
epoch 2542 of 4001, loss : train:   0.12106364, valid:   0.11476736
epoch 2543 of 4001, loss : train:   0.12487234, valid:   0.11921255
epoch 2544 of 4001, loss : train:   0.11539230, valid:   0.13552302
epoch 2545 of 4001, loss : train:   0.12028795, valid:   0.11716028
epoch 2546 of 4001, loss : train:   0.12566730, valid:   0.11406622
epoch 2547 of 4001, loss : train:   0.12010205, valid:   0.09753615
epoch 2548 of 4001, loss : train:   0.10786990, valid:   0.13756339
epoch 2549 of 4001, loss : train:   0.12286351, valid:   0.10312934
epoch 2550 of 4001, loss : train:   0.11682470, valid:   0.10893280
epoch 2551 of 4001, loss : train:   0.11695172, valid:   0.10860122
epoch 2552 of 4001, loss : train:   0.10959689, valid:   0.10760640
epoch 2553 of 4001, loss : train:   0.10999889, valid:   0.11589831
epoch 2554 of 4001, loss : train:   0.13197818, valid:   0.12287439
epoch 2555 of 4001, loss : train:   0.11643764, valid:   0.10735746
epoch 2556 of 4001, loss : train:   0.11384048, valid:   0.11914242
epoch 2557 of 4001, loss : train:   0.12312757, valid:   0.12004243
epoch 2558 of 4001, loss : train:   0.12181578, valid:   0.13123848
epoch 2559 of 4001, loss : train:   0.11533527, valid:   0.11378847
epoch 2560 of 4001, loss : train:   0.12577635, valid:   0.10192649
epoch 2561 of 4001, loss : train:   0.12088472, valid:   0.10845402
epoch 2562 of 4001, loss : train:   0.11479983, valid:   0.11596362
epoch 2563 of 4001, loss : train:   0.11464371, valid:   0.10840847
epoch 2564 of 4001, loss : train:   0.12306848, valid:   0.10794596
epoch 2565 of 4001, loss : train:   0.12943629, valid:   0.11469894
epoch 2566 of 4001, loss : train:   0.11612948, valid:   0.13111946
epoch 2567 of 4001, loss : train:   0.12267098, valid:   0.13445023
epoch 2568 of 4001, loss : train:   0.11024808, valid:   0.11693183
epoch 2569 of 4001, loss : train:   0.12017244, valid:   0.10478361
epoch 2570 of 4001, loss : train:   0.11298738, valid:   0.13183813
epoch 2571 of 4001, loss : train:   0.11998663, valid:   0.12014607
epoch 2572 of 4001, loss : train:   0.12256449, valid:   0.12036239
epoch 2573 of 4001, loss : train:   0.11545954, valid:   0.10814773
epoch 2574 of 4001, loss : train:   0.12020449, valid:   0.09895013
epoch 2575 of 4001, loss : train:   0.11090232, valid:   0.10655563
epoch 2576 of 4001, loss : train:   0.12027016, valid:   0.09901395
epoch 2577 of 4001, loss : train:   0.10943103, valid:   0.11169916
epoch 2578 of 4001, loss : train:   0.12509338, valid:   0.09929413
epoch 2579 of 4001, loss : train:   0.11455176, valid:   0.11259499
epoch 2580 of 4001, loss : train:   0.11191070, valid:   0.12489011
epoch 2581 of 4001, loss : train:   0.11855271, valid:   0.13428880
epoch 2582 of 4001, loss : train:   0.11394186, valid:   0.12373877
epoch 2583 of 4001, loss : train:   0.11486250, valid:   0.10974550
epoch 2584 of 4001, loss : train:   0.12746587, valid:   0.13993016
epoch 2585 of 4001, loss : train:   0.09973960, valid:   0.11235796
epoch 2586 of 4001, loss : train:   0.12271127, valid:   0.12947454
epoch 2587 of 4001, loss : train:   0.11195554, valid:   0.12528856
epoch 2588 of 4001, loss : train:   0.11376373, valid:   0.11476362
epoch 2589 of 4001, loss : train:   0.12370381, valid:   0.10790616
epoch 2590 of 4001, loss : train:   0.11874264, valid:   0.12847213
epoch 2591 of 4001, loss : train:   0.12768686, valid:   0.12285527
epoch 2592 of 4001, loss : train:   0.12043422, valid:   0.13822182
epoch 2593 of 4001, loss : train:   0.11195990, valid:   0.10525708
epoch 2594 of 4001, loss : train:   0.13662359, valid:   0.13996063
epoch 2595 of 4001, loss : train:   0.11512917, valid:   0.12747429
epoch 2596 of 4001, loss : train:   0.11872210, valid:   0.10724778
epoch 2597 of 4001, loss : train:   0.11807447, valid:   0.11842605
epoch 2598 of 4001, loss : train:   0.11692529, valid:   0.10550085
epoch 2599 of 4001, loss : train:   0.13051874, valid:   0.10780628
epoch 2600 of 4001, loss : train:   0.11806537, valid:   0.12745649
epoch 2601 of 4001, loss : train:   0.11301860, valid:   0.13564062
epoch 2602 of 4001, loss : train:   0.11997628, valid:   0.12520024
epoch 2603 of 4001, loss : train:   0.11344371, valid:   0.12898666
epoch 2604 of 4001, loss : train:   0.11538048, valid:   0.11922625
epoch 2605 of 4001, loss : train:   0.11318194, valid:   0.11075119
epoch 2606 of 4001, loss : train:   0.11658564, valid:   0.11601551
epoch 2607 of 4001, loss : train:   0.11562222, valid:   0.11920469
epoch 2608 of 4001, loss : train:   0.12840051, valid:   0.11791882
epoch 2609 of 4001, loss : train:   0.10182384, valid:   0.11195558
epoch 2610 of 4001, loss : train:   0.11184002, valid:   0.12820245
epoch 2611 of 4001, loss : train:   0.13196268, valid:   0.11246296
epoch 2612 of 4001, loss : train:   0.11398741, valid:   0.11303236
epoch 2613 of 4001, loss : train:   0.12241392, valid:   0.12155409
epoch 2614 of 4001, loss : train:   0.11341778, valid:   0.12699614
epoch 2615 of 4001, loss : train:   0.10956193, valid:   0.11694828
epoch 2616 of 4001, loss : train:   0.11812911, valid:   0.12318564
epoch 2617 of 4001, loss : train:   0.10616246, valid:   0.12415701
epoch 2618 of 4001, loss : train:   0.11967993, valid:   0.10155796
epoch 2619 of 4001, loss : train:   0.11293336, valid:   0.10840880
epoch 2620 of 4001, loss : train:   0.12576193, valid:   0.10831928
epoch 2621 of 4001, loss : train:   0.10324882, valid:   0.10938027
epoch 2622 of 4001, loss : train:   0.11211792, valid:   0.12720539
epoch 2623 of 4001, loss : train:   0.11329301, valid:   0.11461760
epoch 2624 of 4001, loss : train:   0.11716557, valid:   0.11407375
epoch 2625 of 4001, loss : train:   0.11597818, valid:   0.11038455
epoch 2626 of 4001, loss : train:   0.10569545, valid:   0.11585276
epoch 2627 of 4001, loss : train:   0.12615283, valid:   0.12069717
epoch 2628 of 4001, loss : train:   0.11753543, valid:   0.12073308
epoch 2629 of 4001, loss : train:   0.10505356, valid:   0.10908776
epoch 2630 of 4001, loss : train:   0.10934749, valid:   0.12450179
epoch 2631 of 4001, loss : train:   0.11296364, valid:   0.13395219
epoch 2632 of 4001, loss : train:   0.11554600, valid:   0.12705645
epoch 2633 of 4001, loss : train:   0.12228857, valid:   0.10487597
epoch 2634 of 4001, loss : train:   0.11272605, valid:   0.12140244
epoch 2635 of 4001, loss : train:   0.12244963, valid:   0.11030809
epoch 2636 of 4001, loss : train:   0.11338131, valid:   0.10837975
epoch 2637 of 4001, loss : train:   0.11745202, valid:   0.09940778
epoch 2638 of 4001, loss : train:   0.11495690, valid:   0.09712697
epoch 2639 of 4001, loss : train:   0.12448198, valid:   0.10876758
epoch 2640 of 4001, loss : train:   0.11034279, valid:   0.11199724
epoch 2641 of 4001, loss : train:   0.11336101, valid:   0.13641439
epoch 2642 of 4001, loss : train:   0.12222542, valid:   0.11404329
epoch 2643 of 4001, loss : train:   0.11715037, valid:   0.10791267
epoch 2644 of 4001, loss : train:   0.12553700, valid:   0.11853199
epoch 2645 of 4001, loss : train:   0.11516161, valid:   0.15229954
epoch 2646 of 4001, loss : train:   0.12817630, valid:   0.13926269
epoch 2647 of 4001, loss : train:   0.11239447, valid:   0.12103854
epoch 2648 of 4001, loss : train:   0.10519370, valid:   0.12568775
epoch 2649 of 4001, loss : train:   0.12101147, valid:   0.12531982
epoch 2650 of 4001, loss : train:   0.13192106, valid:   0.10919683
epoch 2651 of 4001, loss : train:   0.12175988, valid:   0.12873389
epoch 2652 of 4001, loss : train:   0.12206836, valid:   0.14146969
epoch 2653 of 4001, loss : train:   0.10716833, valid:   0.12867053
epoch 2654 of 4001, loss : train:   0.11331947, valid:   0.10683266
epoch 2655 of 4001, loss : train:   0.12146352, valid:   0.10932940
epoch 2656 of 4001, loss : train:   0.11986548, valid:   0.11953975
epoch 2657 of 4001, loss : train:   0.11663645, valid:   0.13728069
epoch 2658 of 4001, loss : train:   0.12206755, valid:   0.11080356
epoch 2659 of 4001, loss : train:   0.11004939, valid:   0.10722414
epoch 2660 of 4001, loss : train:   0.11951132, valid:   0.11918373
epoch 2661 of 4001, loss : train:   0.12300772, valid:   0.10971007
epoch 2662 of 4001, loss : train:   0.12590666, valid:   0.11323866
epoch 2663 of 4001, loss : train:   0.12052005, valid:   0.11621674
epoch 2664 of 4001, loss : train:   0.11012951, valid:   0.11295457
epoch 2665 of 4001, loss : train:   0.11756202, valid:   0.12063330
epoch 2666 of 4001, loss : train:   0.11121704, valid:   0.10784215
epoch 2667 of 4001, loss : train:   0.12729345, valid:   0.11465841
epoch 2668 of 4001, loss : train:   0.11675984, valid:   0.11039431
epoch 2669 of 4001, loss : train:   0.11684401, valid:   0.12620623
epoch 2670 of 4001, loss : train:   0.12309404, valid:   0.12025271
epoch 2671 of 4001, loss : train:   0.12462750, valid:   0.10957536
epoch 2672 of 4001, loss : train:   0.11561616, valid:   0.12493774
epoch 2673 of 4001, loss : train:   0.11556647, valid:   0.12215676
epoch 2674 of 4001, loss : train:   0.12041532, valid:   0.12210915
epoch 2675 of 4001, loss : train:   0.11428128, valid:   0.10054511
epoch 2676 of 4001, loss : train:   0.12641326, valid:   0.10470484
epoch 2677 of 4001, loss : train:   0.11558911, valid:   0.12155899
epoch 2678 of 4001, loss : train:   0.12403694, valid:   0.12119307
epoch 2679 of 4001, loss : train:   0.11528653, valid:   0.10592555
epoch 2680 of 4001, loss : train:   0.10749006, valid:   0.09710020
epoch 2681 of 4001, loss : train:   0.11786941, valid:   0.13678089
epoch 2682 of 4001, loss : train:   0.09998464, valid:   0.11736291
epoch 2683 of 4001, loss : train:   0.12944850, valid:   0.11222529
epoch 2684 of 4001, loss : train:   0.11732622, valid:   0.10696436
epoch 2685 of 4001, loss : train:   0.11117530, valid:   0.10053886
epoch 2686 of 4001, loss : train:   0.11604691, valid:   0.12066581
epoch 2687 of 4001, loss : train:   0.11223558, valid:   0.11279611
epoch 2688 of 4001, loss : train:   0.11994432, valid:   0.11071736
epoch 2689 of 4001, loss : train:   0.10888411, valid:   0.11649832
epoch 2690 of 4001, loss : train:   0.12436093, valid:   0.09015501
epoch 2691 of 4001, loss : train:   0.11230536, valid:   0.10243022
epoch 2692 of 4001, loss : train:   0.10869277, valid:   0.10958364
epoch 2693 of 4001, loss : train:   0.11181558, valid:   0.09614551
epoch 2694 of 4001, loss : train:   0.11316187, valid:   0.11824871
epoch 2695 of 4001, loss : train:   0.10887798, valid:   0.11391939
epoch 2696 of 4001, loss : train:   0.12293912, valid:   0.10572477
epoch 2697 of 4001, loss : train:   0.11456154, valid:   0.11688486
epoch 2698 of 4001, loss : train:   0.13025721, valid:   0.10845830
epoch 2699 of 4001, loss : train:   0.10953099, valid:   0.13630645
epoch 2700 of 4001, loss : train:   0.11654725, valid:   0.13690704
epoch 2701 of 4001, loss : train:   0.11701824, valid:   0.11517903
epoch 2702 of 4001, loss : train:   0.10737233, valid:   0.13763112
epoch 2703 of 4001, loss : train:   0.11909691, valid:   0.10928091
epoch 2704 of 4001, loss : train:   0.11436960, valid:   0.12350152
epoch 2705 of 4001, loss : train:   0.11662760, valid:   0.11923402
epoch 2706 of 4001, loss : train:   0.11489192, valid:   0.12744454
epoch 2707 of 4001, loss : train:   0.12519754, valid:   0.10063925
epoch 2708 of 4001, loss : train:   0.11303339, valid:   0.11016493
epoch 2709 of 4001, loss : train:   0.12061666, valid:   0.10985798
epoch 2710 of 4001, loss : train:   0.11487243, valid:   0.14413072
epoch 2711 of 4001, loss : train:   0.10826757, valid:   0.11978641
epoch 2712 of 4001, loss : train:   0.12884778, valid:   0.11246445
epoch 2713 of 4001, loss : train:   0.12290787, valid:   0.13977224
epoch 2714 of 4001, loss : train:   0.12145798, valid:   0.11564969
epoch 2715 of 4001, loss : train:   0.11267182, valid:   0.10327864
epoch 2716 of 4001, loss : train:   0.11861866, valid:   0.12548006
epoch 2717 of 4001, loss : train:   0.11351780, valid:   0.12239530
epoch 2718 of 4001, loss : train:   0.10894590, valid:   0.10068086
epoch 2719 of 4001, loss : train:   0.11945678, valid:   0.12219607
epoch 2720 of 4001, loss : train:   0.10803878, valid:   0.10688224
epoch 2721 of 4001, loss : train:   0.11345272, valid:   0.11009634
epoch 2722 of 4001, loss : train:   0.12374010, valid:   0.12024813
epoch 2723 of 4001, loss : train:   0.12157488, valid:   0.11768526
epoch 2724 of 4001, loss : train:   0.11918973, valid:   0.10256178
epoch 2725 of 4001, loss : train:   0.12654051, valid:   0.12552789
epoch 2726 of 4001, loss : train:   0.11464976, valid:   0.13861050
epoch 2727 of 4001, loss : train:   0.11951375, valid:   0.12059896
epoch 2728 of 4001, loss : train:   0.11648498, valid:   0.10067769
epoch 2729 of 4001, loss : train:   0.12337846, valid:   0.12646239
epoch 2730 of 4001, loss : train:   0.11147710, valid:   0.11087672
epoch 2731 of 4001, loss : train:   0.11232348, valid:   0.10817203
epoch 2732 of 4001, loss : train:   0.11375767, valid:   0.10308703
epoch 2733 of 4001, loss : train:   0.11842746, valid:   0.12086778
epoch 2734 of 4001, loss : train:   0.12127369, valid:   0.12698123
epoch 2735 of 4001, loss : train:   0.12005580, valid:   0.12832715
epoch 2736 of 4001, loss : train:   0.11611640, valid:   0.14047892
epoch 2737 of 4001, loss : train:   0.12267971, valid:   0.11504460
epoch 2738 of 4001, loss : train:   0.11537379, valid:   0.11601173
epoch 2739 of 4001, loss : train:   0.11474367, valid:   0.12867731
epoch 2740 of 4001, loss : train:   0.11892462, valid:   0.12508121
epoch 2741 of 4001, loss : train:   0.11545103, valid:   0.09577051
epoch 2742 of 4001, loss : train:   0.11701749, valid:   0.10962127
epoch 2743 of 4001, loss : train:   0.12455637, valid:   0.09857623
epoch 2744 of 4001, loss : train:   0.11738248, valid:   0.12002271
epoch 2745 of 4001, loss : train:   0.11348202, valid:   0.11894488
epoch 2746 of 4001, loss : train:   0.11904447, valid:   0.11668974
epoch 2747 of 4001, loss : train:   0.11704452, valid:   0.09931070
epoch 2748 of 4001, loss : train:   0.12060128, valid:   0.10434148
epoch 2749 of 4001, loss : train:   0.11511501, valid:   0.10198899
epoch 2750 of 4001, loss : train:   0.11642276, valid:   0.13047150
epoch 2751 of 4001, loss : train:   0.10503937, valid:   0.12425608
epoch 2752 of 4001, loss : train:   0.12141129, valid:   0.12725165
epoch 2753 of 4001, loss : train:   0.10446703, valid:   0.09660805
epoch 2754 of 4001, loss : train:   0.11311504, valid:   0.12761556
epoch 2755 of 4001, loss : train:   0.11546665, valid:   0.13635942
epoch 2756 of 4001, loss : train:   0.12713035, valid:   0.12236206
epoch 2757 of 4001, loss : train:   0.12400306, valid:   0.12376471
epoch 2758 of 4001, loss : train:   0.12163974, valid:   0.12720631
epoch 2759 of 4001, loss : train:   0.11370513, valid:   0.11962920
epoch 2760 of 4001, loss : train:   0.11391369, valid:   0.11060991
epoch 2761 of 4001, loss : train:   0.12845282, valid:   0.12374536
epoch 2762 of 4001, loss : train:   0.10788395, valid:   0.11267284
epoch 2763 of 4001, loss : train:   0.10855677, valid:   0.09328019
epoch 2764 of 4001, loss : train:   0.12602573, valid:   0.10813425
epoch 2765 of 4001, loss : train:   0.12374133, valid:   0.12211940
epoch 2766 of 4001, loss : train:   0.11537194, valid:   0.11121950
epoch 2767 of 4001, loss : train:   0.11635856, valid:   0.10734491
epoch 2768 of 4001, loss : train:   0.11605554, valid:   0.09630537
epoch 2769 of 4001, loss : train:   0.10870968, valid:   0.10373690
epoch 2770 of 4001, loss : train:   0.11374230, valid:   0.11111750
epoch 2771 of 4001, loss : train:   0.11187125, valid:   0.11552100
epoch 2772 of 4001, loss : train:   0.10957707, valid:   0.10015664
epoch 2773 of 4001, loss : train:   0.11879042, valid:   0.10473602
epoch 2774 of 4001, loss : train:   0.11509875, valid:   0.10895240
epoch 2775 of 4001, loss : train:   0.12139646, valid:   0.11183370
epoch 2776 of 4001, loss : train:   0.11863677, valid:   0.09390572
epoch 2777 of 4001, loss : train:   0.12049840, valid:   0.10898609
epoch 2778 of 4001, loss : train:   0.12745958, valid:   0.10037418
epoch 2779 of 4001, loss : train:   0.11799764, valid:   0.11726935
epoch 2780 of 4001, loss : train:   0.11595367, valid:   0.10591076
epoch 2781 of 4001, loss : train:   0.11802992, valid:   0.12955374
epoch 2782 of 4001, loss : train:   0.11240982, valid:   0.11429231
epoch 2783 of 4001, loss : train:   0.11057403, valid:   0.12362789
epoch 2784 of 4001, loss : train:   0.10384107, valid:   0.12284421
epoch 2785 of 4001, loss : train:   0.11803063, valid:   0.12753612
epoch 2786 of 4001, loss : train:   0.11856596, valid:   0.10886469
epoch 2787 of 4001, loss : train:   0.10569787, valid:   0.10243975
epoch 2788 of 4001, loss : train:   0.11242971, valid:   0.13435273
epoch 2789 of 4001, loss : train:   0.11323147, valid:   0.11805050
epoch 2790 of 4001, loss : train:   0.11514810, valid:   0.10429483
epoch 2791 of 4001, loss : train:   0.12065802, valid:   0.10802228
epoch 2792 of 4001, loss : train:   0.11988324, valid:   0.12281238
epoch 2793 of 4001, loss : train:   0.11720679, valid:   0.09589294
epoch 2794 of 4001, loss : train:   0.10329992, valid:   0.11676484
epoch 2795 of 4001, loss : train:   0.10962993, valid:   0.11334040
epoch 2796 of 4001, loss : train:   0.11921859, valid:   0.11781630
epoch 2797 of 4001, loss : train:   0.11328006, valid:   0.12333645
epoch 2798 of 4001, loss : train:   0.11639997, valid:   0.11960747
epoch 2799 of 4001, loss : train:   0.12323640, valid:   0.11718784
epoch 2800 of 4001, loss : train:   0.11536264, valid:   0.12483221
epoch 2801 of 4001, loss : train:   0.11857872, valid:   0.10879785
epoch 2802 of 4001, loss : train:   0.12216421, valid:   0.11301150
epoch 2803 of 4001, loss : train:   0.11726604, valid:   0.11159139
epoch 2804 of 4001, loss : train:   0.12219754, valid:   0.10577717
epoch 2805 of 4001, loss : train:   0.12039218, valid:   0.09958811
epoch 2806 of 4001, loss : train:   0.12274999, valid:   0.12387758
epoch 2807 of 4001, loss : train:   0.10957385, valid:   0.10633875
epoch 2808 of 4001, loss : train:   0.10842950, valid:   0.11172050
epoch 2809 of 4001, loss : train:   0.11092007, valid:   0.12334171
epoch 2810 of 4001, loss : train:   0.12543940, valid:   0.12185390
epoch 2811 of 4001, loss : train:   0.11801299, valid:   0.09329983
epoch 2812 of 4001, loss : train:   0.11346759, valid:   0.11429672
epoch 2813 of 4001, loss : train:   0.12340757, valid:   0.11877920
epoch 2814 of 4001, loss : train:   0.10631886, valid:   0.13418423
epoch 2815 of 4001, loss : train:   0.10497660, valid:   0.11606959
epoch 2816 of 4001, loss : train:   0.11444578, valid:   0.12582202
epoch 2817 of 4001, loss : train:   0.10981290, valid:   0.10927800
epoch 2818 of 4001, loss : train:   0.11094971, valid:   0.13263232
epoch 2819 of 4001, loss : train:   0.11141908, valid:   0.12583947
epoch 2820 of 4001, loss : train:   0.11884981, valid:   0.12151247
epoch 2821 of 4001, loss : train:   0.11295165, valid:   0.10501783
epoch 2822 of 4001, loss : train:   0.10507085, valid:   0.12255946
epoch 2823 of 4001, loss : train:   0.11961943, valid:   0.12044494
epoch 2824 of 4001, loss : train:   0.11976322, valid:   0.11303069
epoch 2825 of 4001, loss : train:   0.11267464, valid:   0.11322343
epoch 2826 of 4001, loss : train:   0.11265882, valid:   0.13362369
epoch 2827 of 4001, loss : train:   0.11754266, valid:   0.14670224
epoch 2828 of 4001, loss : train:   0.11167551, valid:   0.11992420
epoch 2829 of 4001, loss : train:   0.11645598, valid:   0.11531779
epoch 2830 of 4001, loss : train:   0.11833279, valid:   0.09884214
epoch 2831 of 4001, loss : train:   0.11572038, valid:   0.10244855
epoch 2832 of 4001, loss : train:   0.11302214, valid:   0.11424105
epoch 2833 of 4001, loss : train:   0.12382695, valid:   0.11382706
epoch 2834 of 4001, loss : train:   0.10982791, valid:   0.12092044
epoch 2835 of 4001, loss : train:   0.12347294, valid:   0.12362498
epoch 2836 of 4001, loss : train:   0.11690096, valid:   0.11963239
epoch 2837 of 4001, loss : train:   0.11961212, valid:   0.09489077
epoch 2838 of 4001, loss : train:   0.11622375, valid:   0.10464480
epoch 2839 of 4001, loss : train:   0.11877493, valid:   0.10220727
epoch 2840 of 4001, loss : train:   0.11462050, valid:   0.10598385
epoch 2841 of 4001, loss : train:   0.11069367, valid:   0.11539666
epoch 2842 of 4001, loss : train:   0.11121400, valid:   0.11480331
epoch 2843 of 4001, loss : train:   0.11171407, valid:   0.12624566
epoch 2844 of 4001, loss : train:   0.11342733, valid:   0.10327659
epoch 2845 of 4001, loss : train:   0.12242996, valid:   0.11266751
epoch 2846 of 4001, loss : train:   0.11621490, valid:   0.11299916
epoch 2847 of 4001, loss : train:   0.11192551, valid:   0.11498243
epoch 2848 of 4001, loss : train:   0.10815617, valid:   0.11423995
epoch 2849 of 4001, loss : train:   0.11713963, valid:   0.12206043
epoch 2850 of 4001, loss : train:   0.12557075, valid:   0.09313630
epoch 2851 of 4001, loss : train:   0.10853129, valid:   0.10767114
epoch 2852 of 4001, loss : train:   0.12013811, valid:   0.10270680
epoch 2853 of 4001, loss : train:   0.10553040, valid:   0.09639949
epoch 2854 of 4001, loss : train:   0.12147024, valid:   0.10124133
epoch 2855 of 4001, loss : train:   0.10984498, valid:   0.11466418
epoch 2856 of 4001, loss : train:   0.12124063, valid:   0.12878233
epoch 2857 of 4001, loss : train:   0.11526636, valid:   0.10577463
epoch 2858 of 4001, loss : train:   0.10171641, valid:   0.13166073
epoch 2859 of 4001, loss : train:   0.11374483, valid:   0.11655051
epoch 2860 of 4001, loss : train:   0.12298302, valid:   0.13144565
epoch 2861 of 4001, loss : train:   0.11461466, valid:   0.11466408
epoch 2862 of 4001, loss : train:   0.10654994, valid:   0.09848689
epoch 2863 of 4001, loss : train:   0.12370417, valid:   0.11971599
epoch 2864 of 4001, loss : train:   0.10649383, valid:   0.10892700
epoch 2865 of 4001, loss : train:   0.11167083, valid:   0.11796048
epoch 2866 of 4001, loss : train:   0.11454609, valid:   0.12759283
epoch 2867 of 4001, loss : train:   0.11900462, valid:   0.13427463
epoch 2868 of 4001, loss : train:   0.11912863, valid:   0.12798937
epoch 2869 of 4001, loss : train:   0.10881846, valid:   0.11566275
epoch 2870 of 4001, loss : train:   0.11448285, valid:   0.12191555
epoch 2871 of 4001, loss : train:   0.11798133, valid:   0.11106982
epoch 2872 of 4001, loss : train:   0.12450996, valid:   0.12210312
epoch 2873 of 4001, loss : train:   0.10929595, valid:   0.10418177
epoch 2874 of 4001, loss : train:   0.12366597, valid:   0.10982441
epoch 2875 of 4001, loss : train:   0.12158748, valid:   0.09865779
epoch 2876 of 4001, loss : train:   0.10415677, valid:   0.11844992
epoch 2877 of 4001, loss : train:   0.11944571, valid:   0.11303937
epoch 2878 of 4001, loss : train:   0.11677557, valid:   0.09287955
epoch 2879 of 4001, loss : train:   0.11371999, valid:   0.11618274
epoch 2880 of 4001, loss : train:   0.12127896, valid:   0.10361789
epoch 2881 of 4001, loss : train:   0.11338903, valid:   0.12775625
epoch 2882 of 4001, loss : train:   0.12495707, valid:   0.13219705
epoch 2883 of 4001, loss : train:   0.11700995, valid:   0.11800896
epoch 2884 of 4001, loss : train:   0.12171976, valid:   0.11513007
epoch 2885 of 4001, loss : train:   0.11977189, valid:   0.11736551
epoch 2886 of 4001, loss : train:   0.11824567, valid:   0.10943327
epoch 2887 of 4001, loss : train:   0.11637540, valid:   0.12862717
epoch 2888 of 4001, loss : train:   0.11437906, valid:   0.11597677
epoch 2889 of 4001, loss : train:   0.11138079, valid:   0.12725821
epoch 2890 of 4001, loss : train:   0.10848016, valid:   0.10633700
epoch 2891 of 4001, loss : train:   0.11646635, valid:   0.11964346
epoch 2892 of 4001, loss : train:   0.10805565, valid:   0.14082293
epoch 2893 of 4001, loss : train:   0.10232785, valid:   0.11555202
epoch 2894 of 4001, loss : train:   0.11371957, valid:   0.11098498
epoch 2895 of 4001, loss : train:   0.11585502, valid:   0.11197059
epoch 2896 of 4001, loss : train:   0.11815068, valid:   0.09911525
epoch 2897 of 4001, loss : train:   0.10786597, valid:   0.11730605
epoch 2898 of 4001, loss : train:   0.11654553, valid:   0.11443452
epoch 2899 of 4001, loss : train:   0.11835048, valid:   0.11393222
epoch 2900 of 4001, loss : train:   0.10766714, valid:   0.10477584
epoch 2901 of 4001, loss : train:   0.11269428, valid:   0.12163174
epoch 2902 of 4001, loss : train:   0.10699464, valid:   0.09442311
epoch 2903 of 4001, loss : train:   0.11739610, valid:   0.11456815
epoch 2904 of 4001, loss : train:   0.12299654, valid:   0.12713550
epoch 2905 of 4001, loss : train:   0.10705420, valid:   0.11975137
epoch 2906 of 4001, loss : train:   0.10828135, valid:   0.12585583
epoch 2907 of 4001, loss : train:   0.10612357, valid:   0.10622049
epoch 2908 of 4001, loss : train:   0.11312052, valid:   0.12176006
epoch 2909 of 4001, loss : train:   0.11840829, valid:   0.11040173
epoch 2910 of 4001, loss : train:   0.10849032, valid:   0.11088510
epoch 2911 of 4001, loss : train:   0.11287956, valid:   0.08621483
epoch 2912 of 4001, loss : train:   0.11185982, valid:   0.12333874
epoch 2913 of 4001, loss : train:   0.12295258, valid:   0.10475621
epoch 2914 of 4001, loss : train:   0.11538611, valid:   0.09782241
epoch 2915 of 4001, loss : train:   0.12162193, valid:   0.09784598
epoch 2916 of 4001, loss : train:   0.11676982, valid:   0.12885356
epoch 2917 of 4001, loss : train:   0.10840809, valid:   0.12013529
epoch 2918 of 4001, loss : train:   0.11695795, valid:   0.11335047
epoch 2919 of 4001, loss : train:   0.10064112, valid:   0.09866296
epoch 2920 of 4001, loss : train:   0.10887360, valid:   0.11642296
epoch 2921 of 4001, loss : train:   0.11493900, valid:   0.12624635
epoch 2922 of 4001, loss : train:   0.10825501, valid:   0.11050671
epoch 2923 of 4001, loss : train:   0.11122993, valid:   0.13400385
epoch 2924 of 4001, loss : train:   0.12085785, valid:   0.10706160
epoch 2925 of 4001, loss : train:   0.11568019, valid:   0.12953946
epoch 2926 of 4001, loss : train:   0.11515018, valid:   0.09563442
epoch 2927 of 4001, loss : train:   0.11771841, valid:   0.12166405
epoch 2928 of 4001, loss : train:   0.10962319, valid:   0.10931564
epoch 2929 of 4001, loss : train:   0.10977561, valid:   0.10629232
epoch 2930 of 4001, loss : train:   0.11170867, valid:   0.12036406
epoch 2931 of 4001, loss : train:   0.13045159, valid:   0.10869577
epoch 2932 of 4001, loss : train:   0.10810714, valid:   0.10213710
epoch 2933 of 4001, loss : train:   0.11700658, valid:   0.11987127
epoch 2934 of 4001, loss : train:   0.11381996, valid:   0.12373187
epoch 2935 of 4001, loss : train:   0.10755282, valid:   0.12154774
epoch 2936 of 4001, loss : train:   0.11272595, valid:   0.11459527
epoch 2937 of 4001, loss : train:   0.11150218, valid:   0.14348960
epoch 2938 of 4001, loss : train:   0.11280768, valid:   0.11884998
epoch 2939 of 4001, loss : train:   0.10286705, valid:   0.11360926
epoch 2940 of 4001, loss : train:   0.11483473, valid:   0.10837049
epoch 2941 of 4001, loss : train:   0.11323311, valid:   0.11420736
epoch 2942 of 4001, loss : train:   0.11896272, valid:   0.12150026
epoch 2943 of 4001, loss : train:   0.11559719, valid:   0.10558789
epoch 2944 of 4001, loss : train:   0.11098883, valid:   0.10957605
epoch 2945 of 4001, loss : train:   0.11310450, valid:   0.11646662
epoch 2946 of 4001, loss : train:   0.11774720, valid:   0.11037376
epoch 2947 of 4001, loss : train:   0.11104678, valid:   0.13059177
epoch 2948 of 4001, loss : train:   0.11919754, valid:   0.10748527
epoch 2949 of 4001, loss : train:   0.10809772, valid:   0.10019852
epoch 2950 of 4001, loss : train:   0.10841704, valid:   0.11307904
epoch 2951 of 4001, loss : train:   0.11433220, valid:   0.11847086
epoch 2952 of 4001, loss : train:   0.10999692, valid:   0.12801310
epoch 2953 of 4001, loss : train:   0.12384000, valid:   0.11332794
epoch 2954 of 4001, loss : train:   0.10800157, valid:   0.11923881
epoch 2955 of 4001, loss : train:   0.10889446, valid:   0.08164683
epoch 2956 of 4001, loss : train:   0.10355719, valid:   0.09689434
epoch 2957 of 4001, loss : train:   0.11350054, valid:   0.12429237
epoch 2958 of 4001, loss : train:   0.10493615, valid:   0.10302066
epoch 2959 of 4001, loss : train:   0.11899517, valid:   0.12968147
epoch 2960 of 4001, loss : train:   0.10423454, valid:   0.10291572
epoch 2961 of 4001, loss : train:   0.11497083, valid:   0.12088452
epoch 2962 of 4001, loss : train:   0.10570050, valid:   0.10905120
epoch 2963 of 4001, loss : train:   0.11314746, valid:   0.13064644
epoch 2964 of 4001, loss : train:   0.11217920, valid:   0.11134665
epoch 2965 of 4001, loss : train:   0.11016037, valid:   0.11975475
epoch 2966 of 4001, loss : train:   0.10895504, valid:   0.12315853
epoch 2967 of 4001, loss : train:   0.11331513, valid:   0.11048520
epoch 2968 of 4001, loss : train:   0.10528788, valid:   0.10402281
epoch 2969 of 4001, loss : train:   0.10942393, valid:   0.10737785
epoch 2970 of 4001, loss : train:   0.12432802, valid:   0.13822494
epoch 2971 of 4001, loss : train:   0.11690859, valid:   0.09336829
epoch 2972 of 4001, loss : train:   0.10448553, valid:   0.11424221
epoch 2973 of 4001, loss : train:   0.10109718, valid:   0.12588513
epoch 2974 of 4001, loss : train:   0.11466711, valid:   0.10594908
epoch 2975 of 4001, loss : train:   0.11395958, valid:   0.11564203
epoch 2976 of 4001, loss : train:   0.11030836, valid:   0.10357773
epoch 2977 of 4001, loss : train:   0.10713084, valid:   0.10853430
epoch 2978 of 4001, loss : train:   0.11565408, valid:   0.12760709
epoch 2979 of 4001, loss : train:   0.12131197, valid:   0.11945619
epoch 2980 of 4001, loss : train:   0.10635161, valid:   0.12365107
epoch 2981 of 4001, loss : train:   0.10902494, valid:   0.12697101
epoch 2982 of 4001, loss : train:   0.12022995, valid:   0.11335978
epoch 2983 of 4001, loss : train:   0.10530697, valid:   0.12102576
epoch 2984 of 4001, loss : train:   0.11470221, valid:   0.13120411
epoch 2985 of 4001, loss : train:   0.10453895, valid:   0.11694881
epoch 2986 of 4001, loss : train:   0.10810292, valid:   0.13022281
epoch 2987 of 4001, loss : train:   0.11035789, valid:   0.11678185
epoch 2988 of 4001, loss : train:   0.10476480, valid:   0.12958816
epoch 2989 of 4001, loss : train:   0.11829552, valid:   0.10203821
epoch 2990 of 4001, loss : train:   0.10837778, valid:   0.10320977
epoch 2991 of 4001, loss : train:   0.11012024, valid:   0.10589097
epoch 2992 of 4001, loss : train:   0.11091393, valid:   0.12892412
epoch 2993 of 4001, loss : train:   0.11722358, valid:   0.11315407
epoch 2994 of 4001, loss : train:   0.11879889, valid:   0.09910569
epoch 2995 of 4001, loss : train:   0.10848376, valid:   0.11023530
epoch 2996 of 4001, loss : train:   0.12306991, valid:   0.12078961
epoch 2997 of 4001, loss : train:   0.11189938, valid:   0.11510731
epoch 2998 of 4001, loss : train:   0.11410886, valid:   0.08773316
epoch 2999 of 4001, loss : train:   0.10105224, valid:   0.09754246
epoch 3000 of 4001, loss : train:   0.10918151, valid:   0.10209131
epoch 3001 of 4001, loss : train:   0.11168189, valid:   0.12201938
epoch 3002 of 4001, loss : train:   0.11289984, valid:   0.11919805
epoch 3003 of 4001, loss : train:   0.10827642, valid:   0.10835602
epoch 3004 of 4001, loss : train:   0.10738852, valid:   0.11163402
epoch 3005 of 4001, loss : train:   0.12080912, valid:   0.09866294
epoch 3006 of 4001, loss : train:   0.10977472, valid:   0.10637528
epoch 3007 of 4001, loss : train:   0.10800584, valid:   0.10917123
epoch 3008 of 4001, loss : train:   0.11226275, valid:   0.12669288
epoch 3009 of 4001, loss : train:   0.09885977, valid:   0.09813768
epoch 3010 of 4001, loss : train:   0.11761121, valid:   0.11752447
epoch 3011 of 4001, loss : train:   0.11144187, valid:   0.11799302
epoch 3012 of 4001, loss : train:   0.10472769, valid:   0.10167538
epoch 3013 of 4001, loss : train:   0.11790671, valid:   0.12716217
epoch 3014 of 4001, loss : train:   0.11666073, valid:   0.13140550
epoch 3015 of 4001, loss : train:   0.11144255, valid:   0.09259504
epoch 3016 of 4001, loss : train:   0.10816558, valid:   0.11505660
epoch 3017 of 4001, loss : train:   0.12451262, valid:   0.13752475
epoch 3018 of 4001, loss : train:   0.11023400, valid:   0.11874232
epoch 3019 of 4001, loss : train:   0.11568733, valid:   0.10468470
epoch 3020 of 4001, loss : train:   0.11369704, valid:   0.10735989
epoch 3021 of 4001, loss : train:   0.10808975, valid:   0.11184814
epoch 3022 of 4001, loss : train:   0.11728976, valid:   0.10549813
epoch 3023 of 4001, loss : train:   0.10841889, valid:   0.10635617
epoch 3024 of 4001, loss : train:   0.10840997, valid:   0.10869168
epoch 3025 of 4001, loss : train:   0.12122356, valid:   0.12689757
epoch 3026 of 4001, loss : train:   0.11313725, valid:   0.10409555
epoch 3027 of 4001, loss : train:   0.11158451, valid:   0.10889883
epoch 3028 of 4001, loss : train:   0.11498477, valid:   0.10684681
epoch 3029 of 4001, loss : train:   0.11245327, valid:   0.11921816
epoch 3030 of 4001, loss : train:   0.11496136, valid:   0.12778188
epoch 3031 of 4001, loss : train:   0.12223713, valid:   0.10891207
epoch 3032 of 4001, loss : train:   0.11255040, valid:   0.12049112
epoch 3033 of 4001, loss : train:   0.10510136, valid:   0.11852493
epoch 3034 of 4001, loss : train:   0.11433898, valid:   0.11026414
epoch 3035 of 4001, loss : train:   0.10383657, valid:   0.11516292
epoch 3036 of 4001, loss : train:   0.10124892, valid:   0.10396484
epoch 3037 of 4001, loss : train:   0.11854288, valid:   0.12572360
epoch 3038 of 4001, loss : train:   0.11122766, valid:   0.11205579
epoch 3039 of 4001, loss : train:   0.12004477, valid:   0.10090091
epoch 3040 of 4001, loss : train:   0.10168191, valid:   0.12229730
epoch 3041 of 4001, loss : train:   0.11389050, valid:   0.11213642
epoch 3042 of 4001, loss : train:   0.10960856, valid:   0.11613251
epoch 3043 of 4001, loss : train:   0.10744188, valid:   0.10414122
epoch 3044 of 4001, loss : train:   0.11641065, valid:   0.09760542
epoch 3045 of 4001, loss : train:   0.11429121, valid:   0.13325422
epoch 3046 of 4001, loss : train:   0.10775247, valid:   0.12302244
epoch 3047 of 4001, loss : train:   0.11029341, valid:   0.10675007
epoch 3048 of 4001, loss : train:   0.11357104, valid:   0.10957007
epoch 3049 of 4001, loss : train:   0.10459117, valid:   0.10221660
epoch 3050 of 4001, loss : train:   0.10760056, valid:   0.12845543
epoch 3051 of 4001, loss : train:   0.11191821, valid:   0.13181940
epoch 3052 of 4001, loss : train:   0.10432326, valid:   0.09977942
epoch 3053 of 4001, loss : train:   0.10596316, valid:   0.09650239
epoch 3054 of 4001, loss : train:   0.11703203, valid:   0.12690489
epoch 3055 of 4001, loss : train:   0.10120993, valid:   0.13244043
epoch 3056 of 4001, loss : train:   0.10467265, valid:   0.11162774
epoch 3057 of 4001, loss : train:   0.12258216, valid:   0.12561816
epoch 3058 of 4001, loss : train:   0.10578318, valid:   0.11995771
epoch 3059 of 4001, loss : train:   0.11852136, valid:   0.10417313
epoch 3060 of 4001, loss : train:   0.11519198, valid:   0.09452235
epoch 3061 of 4001, loss : train:   0.11508090, valid:   0.12531020
epoch 3062 of 4001, loss : train:   0.10653408, valid:   0.11873158
epoch 3063 of 4001, loss : train:   0.11828347, valid:   0.13750820
epoch 3064 of 4001, loss : train:   0.11052563, valid:   0.10103802
epoch 3065 of 4001, loss : train:   0.10597480, valid:   0.09424074
epoch 3066 of 4001, loss : train:   0.10743355, valid:   0.12414537
epoch 3067 of 4001, loss : train:   0.11762202, valid:   0.09616763
epoch 3068 of 4001, loss : train:   0.11723474, valid:   0.11555218
epoch 3069 of 4001, loss : train:   0.11256264, valid:   0.12207202
epoch 3070 of 4001, loss : train:   0.11694935, valid:   0.10842540
epoch 3071 of 4001, loss : train:   0.11062605, valid:   0.10265213
epoch 3072 of 4001, loss : train:   0.12091197, valid:   0.11420086
epoch 3073 of 4001, loss : train:   0.09878135, valid:   0.10951414
epoch 3074 of 4001, loss : train:   0.11289927, valid:   0.10065364
epoch 3075 of 4001, loss : train:   0.11214609, valid:   0.09594619
epoch 3076 of 4001, loss : train:   0.11113424, valid:   0.11252761
epoch 3077 of 4001, loss : train:   0.11056267, valid:   0.10540548
epoch 3078 of 4001, loss : train:   0.10484536, valid:   0.12279760
epoch 3079 of 4001, loss : train:   0.11179230, valid:   0.12208266
epoch 3080 of 4001, loss : train:   0.10938033, valid:   0.09908036
epoch 3081 of 4001, loss : train:   0.11343350, valid:   0.11697743
epoch 3082 of 4001, loss : train:   0.11909555, valid:   0.10148859
epoch 3083 of 4001, loss : train:   0.10658673, valid:   0.12598616
epoch 3084 of 4001, loss : train:   0.10538750, valid:   0.10152279
epoch 3085 of 4001, loss : train:   0.10652150, valid:   0.09995292
epoch 3086 of 4001, loss : train:   0.11483104, valid:   0.13268580
epoch 3087 of 4001, loss : train:   0.10738220, valid:   0.10741235
epoch 3088 of 4001, loss : train:   0.10978295, valid:   0.10367191
epoch 3089 of 4001, loss : train:   0.11115652, valid:   0.10898197
epoch 3090 of 4001, loss : train:   0.10856321, valid:   0.11378224
epoch 3091 of 4001, loss : train:   0.11321757, valid:   0.11793821
epoch 3092 of 4001, loss : train:   0.10800698, valid:   0.09702434
epoch 3093 of 4001, loss : train:   0.11016222, valid:   0.11722351
epoch 3094 of 4001, loss : train:   0.11741694, valid:   0.10922115
epoch 3095 of 4001, loss : train:   0.11697837, valid:   0.10081005
epoch 3096 of 4001, loss : train:   0.10816730, valid:   0.10113829
epoch 3097 of 4001, loss : train:   0.10311054, valid:   0.10678035
epoch 3098 of 4001, loss : train:   0.11516567, valid:   0.09897171
epoch 3099 of 4001, loss : train:   0.11328638, valid:   0.12795348
epoch 3100 of 4001, loss : train:   0.11310343, valid:   0.10166115
epoch 3101 of 4001, loss : train:   0.11070562, valid:   0.11182322
epoch 3102 of 4001, loss : train:   0.10330345, valid:   0.11385868
epoch 3103 of 4001, loss : train:   0.11303349, valid:   0.11475950
epoch 3104 of 4001, loss : train:   0.11435409, valid:   0.10432988
epoch 3105 of 4001, loss : train:   0.11059383, valid:   0.13528635
epoch 3106 of 4001, loss : train:   0.11040911, valid:   0.15199755
epoch 3107 of 4001, loss : train:   0.11222593, valid:   0.11655664
epoch 3108 of 4001, loss : train:   0.11494924, valid:   0.11585546
epoch 3109 of 4001, loss : train:   0.10311774, valid:   0.08737361
epoch 3110 of 4001, loss : train:   0.11388867, valid:   0.09755927
epoch 3111 of 4001, loss : train:   0.11775602, valid:   0.10727762
epoch 3112 of 4001, loss : train:   0.11524246, valid:   0.10692433
epoch 3113 of 4001, loss : train:   0.11014251, valid:   0.13506912
epoch 3114 of 4001, loss : train:   0.10167713, valid:   0.12891231
epoch 3115 of 4001, loss : train:   0.11346779, valid:   0.10692281
epoch 3116 of 4001, loss : train:   0.11377606, valid:   0.11296379
epoch 3117 of 4001, loss : train:   0.11308280, valid:   0.11603184
epoch 3118 of 4001, loss : train:   0.10909061, valid:   0.11908460
epoch 3119 of 4001, loss : train:   0.12169437, valid:   0.11503699
epoch 3120 of 4001, loss : train:   0.10802627, valid:   0.08839507
epoch 3121 of 4001, loss : train:   0.11197854, valid:   0.10835630
epoch 3122 of 4001, loss : train:   0.10800514, valid:   0.09827977
epoch 3123 of 4001, loss : train:   0.11008714, valid:   0.11940798
epoch 3124 of 4001, loss : train:   0.11242253, valid:   0.12133683
epoch 3125 of 4001, loss : train:   0.11479253, valid:   0.11332604
epoch 3126 of 4001, loss : train:   0.10604532, valid:   0.11664893
epoch 3127 of 4001, loss : train:   0.11304807, valid:   0.09617785
epoch 3128 of 4001, loss : train:   0.10047885, valid:   0.09452896
epoch 3129 of 4001, loss : train:   0.10938730, valid:   0.10449697
epoch 3130 of 4001, loss : train:   0.11597718, valid:   0.11810550
epoch 3131 of 4001, loss : train:   0.11637608, valid:   0.12395586
epoch 3132 of 4001, loss : train:   0.11016358, valid:   0.10353480
epoch 3133 of 4001, loss : train:   0.10934526, valid:   0.10615070
epoch 3134 of 4001, loss : train:   0.11609407, valid:   0.09267841
epoch 3135 of 4001, loss : train:   0.10854296, valid:   0.10384532
epoch 3136 of 4001, loss : train:   0.10585887, valid:   0.12166131
epoch 3137 of 4001, loss : train:   0.10893341, valid:   0.10697362
epoch 3138 of 4001, loss : train:   0.10407347, valid:   0.10844383
epoch 3139 of 4001, loss : train:   0.11053660, valid:   0.11022079
epoch 3140 of 4001, loss : train:   0.11546564, valid:   0.12170920
epoch 3141 of 4001, loss : train:   0.09314645, valid:   0.11382417
epoch 3142 of 4001, loss : train:   0.10867531, valid:   0.09956633
epoch 3143 of 4001, loss : train:   0.11083218, valid:   0.10266421
epoch 3144 of 4001, loss : train:   0.10979471, valid:   0.09682083
epoch 3145 of 4001, loss : train:   0.11912790, valid:   0.10291179
epoch 3146 of 4001, loss : train:   0.10399513, valid:   0.10345523
epoch 3147 of 4001, loss : train:   0.11177781, valid:   0.12212940
epoch 3148 of 4001, loss : train:   0.11852398, valid:   0.10587160
epoch 3149 of 4001, loss : train:   0.11615890, valid:   0.10795239
epoch 3150 of 4001, loss : train:   0.10762539, valid:   0.13018705
epoch 3151 of 4001, loss : train:   0.10626887, valid:   0.11024317
epoch 3152 of 4001, loss : train:   0.11567158, valid:   0.11058461
epoch 3153 of 4001, loss : train:   0.11026224, valid:   0.11024497
epoch 3154 of 4001, loss : train:   0.10911447, valid:   0.12566003
epoch 3155 of 4001, loss : train:   0.09902384, valid:   0.14315280
epoch 3156 of 4001, loss : train:   0.10567018, valid:   0.11854226
epoch 3157 of 4001, loss : train:   0.11630288, valid:   0.11989816
epoch 3158 of 4001, loss : train:   0.12595749, valid:   0.11213601
epoch 3159 of 4001, loss : train:   0.11418064, valid:   0.12536107
epoch 3160 of 4001, loss : train:   0.10294306, valid:   0.12367877
epoch 3161 of 4001, loss : train:   0.09968966, valid:   0.12681915
epoch 3162 of 4001, loss : train:   0.10777844, valid:   0.11177137
epoch 3163 of 4001, loss : train:   0.10950486, valid:   0.10487740
epoch 3164 of 4001, loss : train:   0.10695741, valid:   0.11753658
epoch 3165 of 4001, loss : train:   0.10756854, valid:   0.10920234
epoch 3166 of 4001, loss : train:   0.11191783, valid:   0.10444174
epoch 3167 of 4001, loss : train:   0.11679751, valid:   0.11157975
epoch 3168 of 4001, loss : train:   0.10657823, valid:   0.11421607
epoch 3169 of 4001, loss : train:   0.10891734, valid:   0.11522868
epoch 3170 of 4001, loss : train:   0.11479030, valid:   0.11010247
epoch 3171 of 4001, loss : train:   0.10599030, valid:   0.11308624
epoch 3172 of 4001, loss : train:   0.10866125, valid:   0.11040930
epoch 3173 of 4001, loss : train:   0.10442456, valid:   0.11384821
epoch 3174 of 4001, loss : train:   0.10814870, valid:   0.11552435
epoch 3175 of 4001, loss : train:   0.11101528, valid:   0.11752009
epoch 3176 of 4001, loss : train:   0.10957479, valid:   0.10897713
epoch 3177 of 4001, loss : train:   0.11482145, valid:   0.09404181
epoch 3178 of 4001, loss : train:   0.11400902, valid:   0.12272327
epoch 3179 of 4001, loss : train:   0.10673871, valid:   0.09560914
epoch 3180 of 4001, loss : train:   0.10231164, valid:   0.09624626
epoch 3181 of 4001, loss : train:   0.11395482, valid:   0.11591164
epoch 3182 of 4001, loss : train:   0.11140172, valid:   0.12548125
epoch 3183 of 4001, loss : train:   0.10598756, valid:   0.12188707
epoch 3184 of 4001, loss : train:   0.10486202, valid:   0.10344874
epoch 3185 of 4001, loss : train:   0.10340413, valid:   0.10704271
epoch 3186 of 4001, loss : train:   0.10508428, valid:   0.12409158
epoch 3187 of 4001, loss : train:   0.10056395, valid:   0.11653873
epoch 3188 of 4001, loss : train:   0.11055454, valid:   0.10161739
epoch 3189 of 4001, loss : train:   0.10341556, valid:   0.11415940
epoch 3190 of 4001, loss : train:   0.11020987, valid:   0.12556568
epoch 3191 of 4001, loss : train:   0.11015871, valid:   0.10944852
epoch 3192 of 4001, loss : train:   0.11009696, valid:   0.11635114
epoch 3193 of 4001, loss : train:   0.10459602, valid:   0.12171432
epoch 3194 of 4001, loss : train:   0.11062206, valid:   0.10387610
epoch 3195 of 4001, loss : train:   0.11982480, valid:   0.09021427
epoch 3196 of 4001, loss : train:   0.11115850, valid:   0.12029982
epoch 3197 of 4001, loss : train:   0.10748401, valid:   0.10778343
epoch 3198 of 4001, loss : train:   0.10281978, valid:   0.13291295
epoch 3199 of 4001, loss : train:   0.10635554, valid:   0.10514597
epoch 3200 of 4001, loss : train:   0.11854923, valid:   0.10843897
epoch 3201 of 4001, loss : train:   0.10883282, valid:   0.10851972
epoch 3202 of 4001, loss : train:   0.10852196, valid:   0.11660928
epoch 3203 of 4001, loss : train:   0.10572224, valid:   0.10691069
epoch 3204 of 4001, loss : train:   0.10223049, valid:   0.10565259
epoch 3205 of 4001, loss : train:   0.11725528, valid:   0.10828044
epoch 3206 of 4001, loss : train:   0.11338847, valid:   0.11769089
epoch 3207 of 4001, loss : train:   0.11154561, valid:   0.09193838
epoch 3208 of 4001, loss : train:   0.10720888, valid:   0.10161426
epoch 3209 of 4001, loss : train:   0.11165687, valid:   0.09520337
epoch 3210 of 4001, loss : train:   0.10719665, valid:   0.11349787
epoch 3211 of 4001, loss : train:   0.10583642, valid:   0.09720629
epoch 3212 of 4001, loss : train:   0.11072276, valid:   0.11046846
epoch 3213 of 4001, loss : train:   0.11276369, valid:   0.12554306
epoch 3214 of 4001, loss : train:   0.10572874, valid:   0.10534884
epoch 3215 of 4001, loss : train:   0.10227135, valid:   0.10555510
epoch 3216 of 4001, loss : train:   0.10333092, valid:   0.11352631
epoch 3217 of 4001, loss : train:   0.10570021, valid:   0.11709826
epoch 3218 of 4001, loss : train:   0.10603200, valid:   0.12212397
epoch 3219 of 4001, loss : train:   0.11032451, valid:   0.10180393
epoch 3220 of 4001, loss : train:   0.10810832, valid:   0.11876506
epoch 3221 of 4001, loss : train:   0.10759374, valid:   0.12978582
epoch 3222 of 4001, loss : train:   0.11499518, valid:   0.10230722
epoch 3223 of 4001, loss : train:   0.10010199, valid:   0.08834609
epoch 3224 of 4001, loss : train:   0.10989815, valid:   0.10301254
epoch 3225 of 4001, loss : train:   0.09900970, valid:   0.09643038
epoch 3226 of 4001, loss : train:   0.11153837, valid:   0.10395788
epoch 3227 of 4001, loss : train:   0.10219990, valid:   0.08954876
epoch 3228 of 4001, loss : train:   0.10600124, valid:   0.11703069
epoch 3229 of 4001, loss : train:   0.10632868, valid:   0.10969704
epoch 3230 of 4001, loss : train:   0.11198107, valid:   0.10963674
epoch 3231 of 4001, loss : train:   0.10956354, valid:   0.11145203
epoch 3232 of 4001, loss : train:   0.11260904, valid:   0.13589008
epoch 3233 of 4001, loss : train:   0.11366884, valid:   0.10186241
epoch 3234 of 4001, loss : train:   0.10345326, valid:   0.10629105
epoch 3235 of 4001, loss : train:   0.10795780, valid:   0.12821750
epoch 3236 of 4001, loss : train:   0.10843518, valid:   0.09860981
epoch 3237 of 4001, loss : train:   0.10262838, valid:   0.09260019
epoch 3238 of 4001, loss : train:   0.11371437, valid:   0.12620498
epoch 3239 of 4001, loss : train:   0.11955508, valid:   0.11486971
epoch 3240 of 4001, loss : train:   0.10778258, valid:   0.09889175
epoch 3241 of 4001, loss : train:   0.10571298, valid:   0.08577674
epoch 3242 of 4001, loss : train:   0.11858453, valid:   0.11032251
epoch 3243 of 4001, loss : train:   0.10525850, valid:   0.11105370
epoch 3244 of 4001, loss : train:   0.11110300, valid:   0.13511987
epoch 3245 of 4001, loss : train:   0.10999291, valid:   0.09961233
epoch 3246 of 4001, loss : train:   0.10248989, valid:   0.09859959
epoch 3247 of 4001, loss : train:   0.10084495, valid:   0.11149587
epoch 3248 of 4001, loss : train:   0.10579389, valid:   0.10512722
epoch 3249 of 4001, loss : train:   0.09745961, valid:   0.11019241
epoch 3250 of 4001, loss : train:   0.11355916, valid:   0.10804384
epoch 3251 of 4001, loss : train:   0.10309760, valid:   0.10933864
epoch 3252 of 4001, loss : train:   0.11165723, valid:   0.11172903
epoch 3253 of 4001, loss : train:   0.10543766, valid:   0.12085025
epoch 3254 of 4001, loss : train:   0.11006336, valid:   0.11822942
epoch 3255 of 4001, loss : train:   0.11773031, valid:   0.11478799
epoch 3256 of 4001, loss : train:   0.11250042, valid:   0.09746365
epoch 3257 of 4001, loss : train:   0.11005949, valid:   0.09714586
epoch 3258 of 4001, loss : train:   0.10769337, valid:   0.11693595
epoch 3259 of 4001, loss : train:   0.11606812, valid:   0.11718930
epoch 3260 of 4001, loss : train:   0.13651406, valid:   0.09532622
epoch 3261 of 4001, loss : train:   0.10349552, valid:   0.12224712
epoch 3262 of 4001, loss : train:   0.09698471, valid:   0.10982890
epoch 3263 of 4001, loss : train:   0.11045040, valid:   0.11941095
epoch 3264 of 4001, loss : train:   0.12068655, valid:   0.10581340
epoch 3265 of 4001, loss : train:   0.11037228, valid:   0.12349225
epoch 3266 of 4001, loss : train:   0.10772967, valid:   0.10575161
epoch 3267 of 4001, loss : train:   0.10044912, valid:   0.10549512
epoch 3268 of 4001, loss : train:   0.09901839, valid:   0.11015563
epoch 3269 of 4001, loss : train:   0.11320084, valid:   0.07972573
epoch 3270 of 4001, loss : train:   0.10124205, valid:   0.12039415
epoch 3271 of 4001, loss : train:   0.11063569, valid:   0.12949342
epoch 3272 of 4001, loss : train:   0.09479496, valid:   0.12051874
epoch 3273 of 4001, loss : train:   0.10485638, valid:   0.12163432
epoch 3274 of 4001, loss : train:   0.10854536, valid:   0.10489839
epoch 3275 of 4001, loss : train:   0.09592682, valid:   0.09471484
epoch 3276 of 4001, loss : train:   0.11589466, valid:   0.13903689
epoch 3277 of 4001, loss : train:   0.10925903, valid:   0.13533288
epoch 3278 of 4001, loss : train:   0.10248646, valid:   0.11683088
epoch 3279 of 4001, loss : train:   0.11251021, valid:   0.10618728
epoch 3280 of 4001, loss : train:   0.10951469, valid:   0.12084014
epoch 3281 of 4001, loss : train:   0.09438032, valid:   0.10402242
epoch 3282 of 4001, loss : train:   0.11052011, valid:   0.10872822
epoch 3283 of 4001, loss : train:   0.10063188, valid:   0.10502962
epoch 3284 of 4001, loss : train:   0.10724845, valid:   0.12405931
epoch 3285 of 4001, loss : train:   0.09338626, valid:   0.11125541
epoch 3286 of 4001, loss : train:   0.10127331, valid:   0.10594968
epoch 3287 of 4001, loss : train:   0.11074274, valid:   0.11926906
epoch 3288 of 4001, loss : train:   0.10332435, valid:   0.11474271
epoch 3289 of 4001, loss : train:   0.10971760, valid:   0.11769171
epoch 3290 of 4001, loss : train:   0.10488128, valid:   0.09934130
epoch 3291 of 4001, loss : train:   0.10345836, valid:   0.11709315
epoch 3292 of 4001, loss : train:   0.09986613, valid:   0.10404040
epoch 3293 of 4001, loss : train:   0.11154189, valid:   0.10249613
epoch 3294 of 4001, loss : train:   0.09698365, valid:   0.10944035
epoch 3295 of 4001, loss : train:   0.10763482, valid:   0.12214490
epoch 3296 of 4001, loss : train:   0.10986924, valid:   0.11307175
epoch 3297 of 4001, loss : train:   0.11117705, valid:   0.12380401
epoch 3298 of 4001, loss : train:   0.10395025, valid:   0.11510225
epoch 3299 of 4001, loss : train:   0.10554088, valid:   0.10629469
epoch 3300 of 4001, loss : train:   0.10837783, valid:   0.10706550
epoch 3301 of 4001, loss : train:   0.10288044, valid:   0.11983085
epoch 3302 of 4001, loss : train:   0.10524970, valid:   0.12750907
epoch 3303 of 4001, loss : train:   0.11412418, valid:   0.11725258
epoch 3304 of 4001, loss : train:   0.10550192, valid:   0.11755002
epoch 3305 of 4001, loss : train:   0.11781821, valid:   0.10114449
epoch 3306 of 4001, loss : train:   0.11987543, valid:   0.10504281
epoch 3307 of 4001, loss : train:   0.11856674, valid:   0.13059831
epoch 3308 of 4001, loss : train:   0.10520891, valid:   0.11607750
epoch 3309 of 4001, loss : train:   0.11163190, valid:   0.10376911
epoch 3310 of 4001, loss : train:   0.11307316, valid:   0.11771923
epoch 3311 of 4001, loss : train:   0.10745635, valid:   0.09129463
epoch 3312 of 4001, loss : train:   0.10501674, valid:   0.12202909
epoch 3313 of 4001, loss : train:   0.10020510, valid:   0.11721954
epoch 3314 of 4001, loss : train:   0.09639395, valid:   0.10292473
epoch 3315 of 4001, loss : train:   0.10185471, valid:   0.09593443
epoch 3316 of 4001, loss : train:   0.10204769, valid:   0.09301408
epoch 3317 of 4001, loss : train:   0.10903615, valid:   0.10954877
epoch 3318 of 4001, loss : train:   0.10797639, valid:   0.11186522
epoch 3319 of 4001, loss : train:   0.10817869, valid:   0.12209257
epoch 3320 of 4001, loss : train:   0.10120320, valid:   0.11346484
epoch 3321 of 4001, loss : train:   0.11356629, valid:   0.11458227
epoch 3322 of 4001, loss : train:   0.10745534, valid:   0.12078009
epoch 3323 of 4001, loss : train:   0.11176021, valid:   0.10289849
epoch 3324 of 4001, loss : train:   0.10848041, valid:   0.10273767
epoch 3325 of 4001, loss : train:   0.10014149, valid:   0.10054948
epoch 3326 of 4001, loss : train:   0.09964368, valid:   0.12392371
epoch 3327 of 4001, loss : train:   0.10792963, valid:   0.10201745
epoch 3328 of 4001, loss : train:   0.10668898, valid:   0.10269368
epoch 3329 of 4001, loss : train:   0.10759512, valid:   0.11274962
epoch 3330 of 4001, loss : train:   0.10885263, valid:   0.09046486
epoch 3331 of 4001, loss : train:   0.10466298, valid:   0.10276394
epoch 3332 of 4001, loss : train:   0.11807956, valid:   0.09027632
epoch 3333 of 4001, loss : train:   0.10674773, valid:   0.12788200
epoch 3334 of 4001, loss : train:   0.10150634, valid:   0.10880257
epoch 3335 of 4001, loss : train:   0.11572280, valid:   0.10988985
epoch 3336 of 4001, loss : train:   0.10823344, valid:   0.10858716
epoch 3337 of 4001, loss : train:   0.10436353, valid:   0.10265401
epoch 3338 of 4001, loss : train:   0.10973383, valid:   0.13117065
epoch 3339 of 4001, loss : train:   0.10865247, valid:   0.13383238
epoch 3340 of 4001, loss : train:   0.10304590, valid:   0.11746474
epoch 3341 of 4001, loss : train:   0.11029365, valid:   0.10562320
epoch 3342 of 4001, loss : train:   0.10343141, valid:   0.12816529
epoch 3343 of 4001, loss : train:   0.09769020, valid:   0.10466997
epoch 3344 of 4001, loss : train:   0.10606882, valid:   0.10535028
epoch 3345 of 4001, loss : train:   0.11142366, valid:   0.11527563
epoch 3346 of 4001, loss : train:   0.11005737, valid:   0.13309602
epoch 3347 of 4001, loss : train:   0.09969166, valid:   0.11146770
epoch 3348 of 4001, loss : train:   0.12100957, valid:   0.12182261
epoch 3349 of 4001, loss : train:   0.10577578, valid:   0.11593860
epoch 3350 of 4001, loss : train:   0.09888126, valid:   0.10671901
epoch 3351 of 4001, loss : train:   0.10580079, valid:   0.11065683
epoch 3352 of 4001, loss : train:   0.10245661, valid:   0.11545885
epoch 3353 of 4001, loss : train:   0.10169279, valid:   0.09495982
epoch 3354 of 4001, loss : train:   0.09916163, valid:   0.11038030
epoch 3355 of 4001, loss : train:   0.11581282, valid:   0.11056763
epoch 3356 of 4001, loss : train:   0.10779336, valid:   0.12161566
epoch 3357 of 4001, loss : train:   0.10707318, valid:   0.10851631
epoch 3358 of 4001, loss : train:   0.09547249, valid:   0.12075072
epoch 3359 of 4001, loss : train:   0.11523258, valid:   0.08962342
epoch 3360 of 4001, loss : train:   0.10600637, valid:   0.10973746
epoch 3361 of 4001, loss : train:   0.10887399, valid:   0.10154100
epoch 3362 of 4001, loss : train:   0.10090220, valid:   0.09259536
epoch 3363 of 4001, loss : train:   0.10148011, valid:   0.09427851
epoch 3364 of 4001, loss : train:   0.10395494, valid:   0.10258294
epoch 3365 of 4001, loss : train:   0.10897323, valid:   0.10731485
epoch 3366 of 4001, loss : train:   0.10598370, valid:   0.13387975
epoch 3367 of 4001, loss : train:   0.11000319, valid:   0.11295160
epoch 3368 of 4001, loss : train:   0.10444869, valid:   0.09609938
epoch 3369 of 4001, loss : train:   0.10312113, valid:   0.10121894
epoch 3370 of 4001, loss : train:   0.10992034, valid:   0.13547987
epoch 3371 of 4001, loss : train:   0.12079694, valid:   0.09241778
epoch 3372 of 4001, loss : train:   0.10407330, valid:   0.10878275
epoch 3373 of 4001, loss : train:   0.10674513, valid:   0.10384104
epoch 3374 of 4001, loss : train:   0.10707549, valid:   0.13031533
epoch 3375 of 4001, loss : train:   0.10279890, valid:   0.10844887
epoch 3376 of 4001, loss : train:   0.10822240, valid:   0.10231671
epoch 3377 of 4001, loss : train:   0.09970907, valid:   0.12054010
epoch 3378 of 4001, loss : train:   0.10021625, valid:   0.11280648
epoch 3379 of 4001, loss : train:   0.09961526, valid:   0.10517413
epoch 3380 of 4001, loss : train:   0.10705611, valid:   0.09785026
epoch 3381 of 4001, loss : train:   0.11218039, valid:   0.10555387
epoch 3382 of 4001, loss : train:   0.10170295, valid:   0.12557289
epoch 3383 of 4001, loss : train:   0.10923047, valid:   0.12120087
epoch 3384 of 4001, loss : train:   0.10604247, valid:   0.10517038
epoch 3385 of 4001, loss : train:   0.11066272, valid:   0.10419950
epoch 3386 of 4001, loss : train:   0.10570422, valid:   0.12718786
epoch 3387 of 4001, loss : train:   0.10694583, valid:   0.11353087
epoch 3388 of 4001, loss : train:   0.12134081, valid:   0.10397750
epoch 3389 of 4001, loss : train:   0.10307179, valid:   0.11569013
epoch 3390 of 4001, loss : train:   0.10538087, valid:   0.13809216
epoch 3391 of 4001, loss : train:   0.10502364, valid:   0.11697491
epoch 3392 of 4001, loss : train:   0.10637561, valid:   0.10465127
epoch 3393 of 4001, loss : train:   0.10584116, valid:   0.12386828
epoch 3394 of 4001, loss : train:   0.10409495, valid:   0.13345449
epoch 3395 of 4001, loss : train:   0.09797789, valid:   0.11260068
epoch 3396 of 4001, loss : train:   0.09987471, valid:   0.12754028
epoch 3397 of 4001, loss : train:   0.10971518, valid:   0.12529147
epoch 3398 of 4001, loss : train:   0.11669691, valid:   0.13276927
epoch 3399 of 4001, loss : train:   0.10842427, valid:   0.10181958
epoch 3400 of 4001, loss : train:   0.10653748, valid:   0.12028567
epoch 3401 of 4001, loss : train:   0.10135073, valid:   0.10202616
epoch 3402 of 4001, loss : train:   0.11183556, valid:   0.08853292
epoch 3403 of 4001, loss : train:   0.09300924, valid:   0.12730354
epoch 3404 of 4001, loss : train:   0.10521147, valid:   0.12620932
epoch 3405 of 4001, loss : train:   0.09813240, valid:   0.13548389
epoch 3406 of 4001, loss : train:   0.10013792, valid:   0.10265913
epoch 3407 of 4001, loss : train:   0.10178928, valid:   0.09239239
epoch 3408 of 4001, loss : train:   0.09710796, valid:   0.13180354
epoch 3409 of 4001, loss : train:   0.10918213, valid:   0.10417383
epoch 3410 of 4001, loss : train:   0.10333206, valid:   0.16050039
epoch 3411 of 4001, loss : train:   0.11205967, valid:   0.12194154
epoch 3412 of 4001, loss : train:   0.10998232, valid:   0.10499041
epoch 3413 of 4001, loss : train:   0.10604921, valid:   0.11109179
epoch 3414 of 4001, loss : train:   0.10852163, valid:   0.10323390
epoch 3415 of 4001, loss : train:   0.10478546, valid:   0.12675151
epoch 3416 of 4001, loss : train:   0.10945555, valid:   0.10379422
epoch 3417 of 4001, loss : train:   0.10512839, valid:   0.10348285
epoch 3418 of 4001, loss : train:   0.10421889, valid:   0.10219652
epoch 3419 of 4001, loss : train:   0.12052963, valid:   0.10908327
epoch 3420 of 4001, loss : train:   0.11487433, valid:   0.11878109
epoch 3421 of 4001, loss : train:   0.10372740, valid:   0.11489616
epoch 3422 of 4001, loss : train:   0.10240337, valid:   0.10820757
epoch 3423 of 4001, loss : train:   0.10739912, valid:   0.10062634
epoch 3424 of 4001, loss : train:   0.10348319, valid:   0.12237183
epoch 3425 of 4001, loss : train:   0.10302810, valid:   0.12139408
epoch 3426 of 4001, loss : train:   0.09726883, valid:   0.09075683
epoch 3427 of 4001, loss : train:   0.11270136, valid:   0.10256021
epoch 3428 of 4001, loss : train:   0.10017653, valid:   0.11614849
epoch 3429 of 4001, loss : train:   0.10311622, valid:   0.12043643
epoch 3430 of 4001, loss : train:   0.10596025, valid:   0.11911598
epoch 3431 of 4001, loss : train:   0.10741455, valid:   0.10095219
epoch 3432 of 4001, loss : train:   0.11113754, valid:   0.11184607
epoch 3433 of 4001, loss : train:   0.11028139, valid:   0.09066230
epoch 3434 of 4001, loss : train:   0.10303993, valid:   0.09847077
epoch 3435 of 4001, loss : train:   0.09672171, valid:   0.11125806
epoch 3436 of 4001, loss : train:   0.11321228, valid:   0.11235358
epoch 3437 of 4001, loss : train:   0.11958896, valid:   0.10584280
epoch 3438 of 4001, loss : train:   0.10106011, valid:   0.11065698
epoch 3439 of 4001, loss : train:   0.09723498, valid:   0.12683743
epoch 3440 of 4001, loss : train:   0.10522929, valid:   0.09086444
epoch 3441 of 4001, loss : train:   0.10424219, valid:   0.10483631
epoch 3442 of 4001, loss : train:   0.09676127, valid:   0.09557570
epoch 3443 of 4001, loss : train:   0.10176975, valid:   0.11104910
epoch 3444 of 4001, loss : train:   0.10646163, valid:   0.11986456
epoch 3445 of 4001, loss : train:   0.10891806, valid:   0.11641130
epoch 3446 of 4001, loss : train:   0.10103393, valid:   0.12174946
epoch 3447 of 4001, loss : train:   0.10288614, valid:   0.09756920
epoch 3448 of 4001, loss : train:   0.09002736, valid:   0.12643550
epoch 3449 of 4001, loss : train:   0.10359954, valid:   0.11182665
epoch 3450 of 4001, loss : train:   0.10805845, valid:   0.11431522
epoch 3451 of 4001, loss : train:   0.09914382, valid:   0.11955050
epoch 3452 of 4001, loss : train:   0.11260856, valid:   0.11291440
epoch 3453 of 4001, loss : train:   0.10063664, valid:   0.13121834
epoch 3454 of 4001, loss : train:   0.09640080, valid:   0.12813972
epoch 3455 of 4001, loss : train:   0.11377112, valid:   0.09508824
epoch 3456 of 4001, loss : train:   0.10590846, valid:   0.09445500
epoch 3457 of 4001, loss : train:   0.10789504, valid:   0.11069735
epoch 3458 of 4001, loss : train:   0.10758905, valid:   0.11895485
epoch 3459 of 4001, loss : train:   0.11000247, valid:   0.11143887
epoch 3460 of 4001, loss : train:   0.10198761, valid:   0.10133403
epoch 3461 of 4001, loss : train:   0.10827224, valid:   0.11434934
epoch 3462 of 4001, loss : train:   0.09548583, valid:   0.11671958
epoch 3463 of 4001, loss : train:   0.10775516, valid:   0.09152919
epoch 3464 of 4001, loss : train:   0.11059868, valid:   0.09809591
epoch 3465 of 4001, loss : train:   0.09881145, valid:   0.12362675
epoch 3466 of 4001, loss : train:   0.10472368, valid:   0.10721905
epoch 3467 of 4001, loss : train:   0.11204652, valid:   0.08608029
epoch 3468 of 4001, loss : train:   0.08862552, valid:   0.10599478
epoch 3469 of 4001, loss : train:   0.10414557, valid:   0.11019531
epoch 3470 of 4001, loss : train:   0.10001247, valid:   0.11943915
epoch 3471 of 4001, loss : train:   0.10091772, valid:   0.12266438
epoch 3472 of 4001, loss : train:   0.10222159, valid:   0.12177002
epoch 3473 of 4001, loss : train:   0.09695325, valid:   0.12779844
epoch 3474 of 4001, loss : train:   0.10663314, valid:   0.09186226
epoch 3475 of 4001, loss : train:   0.10260611, valid:   0.09740007
epoch 3476 of 4001, loss : train:   0.10384906, valid:   0.11756648
epoch 3477 of 4001, loss : train:   0.10170512, valid:   0.10869273
epoch 3478 of 4001, loss : train:   0.09611165, valid:   0.09874282
epoch 3479 of 4001, loss : train:   0.10127925, valid:   0.09472907
epoch 3480 of 4001, loss : train:   0.09425113, valid:   0.10389149
epoch 3481 of 4001, loss : train:   0.10359556, valid:   0.12292166
epoch 3482 of 4001, loss : train:   0.09922052, valid:   0.10738447
epoch 3483 of 4001, loss : train:   0.10926088, valid:   0.13577187
epoch 3484 of 4001, loss : train:   0.09678988, valid:   0.12194079
epoch 3485 of 4001, loss : train:   0.10776995, valid:   0.11442675
epoch 3486 of 4001, loss : train:   0.10379117, valid:   0.12642875
epoch 3487 of 4001, loss : train:   0.10043111, valid:   0.11189514
epoch 3488 of 4001, loss : train:   0.11065508, valid:   0.08955624
epoch 3489 of 4001, loss : train:   0.10328749, valid:   0.09635675
epoch 3490 of 4001, loss : train:   0.10271373, valid:   0.09850617
epoch 3491 of 4001, loss : train:   0.09874756, valid:   0.08200662
epoch 3492 of 4001, loss : train:   0.10672566, valid:   0.12868004
epoch 3493 of 4001, loss : train:   0.10087978, valid:   0.10997390
epoch 3494 of 4001, loss : train:   0.10933260, valid:   0.14899153
epoch 3495 of 4001, loss : train:   0.10150108, valid:   0.12085582
epoch 3496 of 4001, loss : train:   0.11604818, valid:   0.10459794
epoch 3497 of 4001, loss : train:   0.10067144, valid:   0.11530114
epoch 3498 of 4001, loss : train:   0.09807141, valid:   0.11624837
epoch 3499 of 4001, loss : train:   0.10130662, valid:   0.09648541
epoch 3500 of 4001, loss : train:   0.09920989, valid:   0.11105277
epoch 3501 of 4001, loss : train:   0.10279001, valid:   0.11057369
epoch 3502 of 4001, loss : train:   0.10103100, valid:   0.10002585
epoch 3503 of 4001, loss : train:   0.09347452, valid:   0.10783488
epoch 3504 of 4001, loss : train:   0.10229955, valid:   0.08588944
epoch 3505 of 4001, loss : train:   0.10301208, valid:   0.08510694
epoch 3506 of 4001, loss : train:   0.10401239, valid:   0.09272917
epoch 3507 of 4001, loss : train:   0.10106885, valid:   0.10960909
epoch 3508 of 4001, loss : train:   0.11079888, valid:   0.12913245
epoch 3509 of 4001, loss : train:   0.11270586, valid:   0.11488855
epoch 3510 of 4001, loss : train:   0.10837859, valid:   0.10677195
epoch 3511 of 4001, loss : train:   0.09940421, valid:   0.09758024
epoch 3512 of 4001, loss : train:   0.11486127, valid:   0.10606921
epoch 3513 of 4001, loss : train:   0.10695646, valid:   0.10795488
epoch 3514 of 4001, loss : train:   0.11204468, valid:   0.11580525
epoch 3515 of 4001, loss : train:   0.11090303, valid:   0.09492368
epoch 3516 of 4001, loss : train:   0.10750521, valid:   0.09851634
epoch 3517 of 4001, loss : train:   0.10564884, valid:   0.10360260
epoch 3518 of 4001, loss : train:   0.10994642, valid:   0.12327208
epoch 3519 of 4001, loss : train:   0.09875184, valid:   0.10443235
epoch 3520 of 4001, loss : train:   0.11190796, valid:   0.10603546
epoch 3521 of 4001, loss : train:   0.10912857, valid:   0.10515015
epoch 3522 of 4001, loss : train:   0.10686959, valid:   0.10579322
epoch 3523 of 4001, loss : train:   0.10307417, valid:   0.08734855
epoch 3524 of 4001, loss : train:   0.10146079, valid:   0.11256563
epoch 3525 of 4001, loss : train:   0.10673049, valid:   0.11368904
epoch 3526 of 4001, loss : train:   0.10658509, valid:   0.12114210
epoch 3527 of 4001, loss : train:   0.10020589, valid:   0.12420012
epoch 3528 of 4001, loss : train:   0.10573225, valid:   0.10904392
epoch 3529 of 4001, loss : train:   0.10359370, valid:   0.10641908
epoch 3530 of 4001, loss : train:   0.10562927, valid:   0.09376097
epoch 3531 of 4001, loss : train:   0.10659766, valid:   0.11891644
epoch 3532 of 4001, loss : train:   0.09293175, valid:   0.11551812
epoch 3533 of 4001, loss : train:   0.10918550, valid:   0.10690560
epoch 3534 of 4001, loss : train:   0.10530705, valid:   0.11824996
epoch 3535 of 4001, loss : train:   0.09659956, valid:   0.10803553
epoch 3536 of 4001, loss : train:   0.10412678, valid:   0.10324470
epoch 3537 of 4001, loss : train:   0.10267855, valid:   0.12879379
epoch 3538 of 4001, loss : train:   0.10571634, valid:   0.11370861
epoch 3539 of 4001, loss : train:   0.09980110, valid:   0.10679390
epoch 3540 of 4001, loss : train:   0.11300024, valid:   0.10637698
epoch 3541 of 4001, loss : train:   0.09996240, valid:   0.10340656
epoch 3542 of 4001, loss : train:   0.09963736, valid:   0.10063251
epoch 3543 of 4001, loss : train:   0.10672326, valid:   0.11293224
epoch 3544 of 4001, loss : train:   0.10531964, valid:   0.12596941
epoch 3545 of 4001, loss : train:   0.10682417, valid:   0.13046810
epoch 3546 of 4001, loss : train:   0.09797207, valid:   0.09060095
epoch 3547 of 4001, loss : train:   0.09361971, valid:   0.09645136
epoch 3548 of 4001, loss : train:   0.10070173, valid:   0.10315571
epoch 3549 of 4001, loss : train:   0.10962898, valid:   0.12110330
epoch 3550 of 4001, loss : train:   0.11180057, valid:   0.12277925
epoch 3551 of 4001, loss : train:   0.09861055, valid:   0.10483099
epoch 3552 of 4001, loss : train:   0.10609699, valid:   0.09794150
epoch 3553 of 4001, loss : train:   0.09547977, valid:   0.09431302
epoch 3554 of 4001, loss : train:   0.10136355, valid:   0.09993930
epoch 3555 of 4001, loss : train:   0.10160672, valid:   0.07705662
epoch 3556 of 4001, loss : train:   0.10350321, valid:   0.11888058
epoch 3557 of 4001, loss : train:   0.09973311, valid:   0.11844049
epoch 3558 of 4001, loss : train:   0.10067477, valid:   0.12228432
epoch 3559 of 4001, loss : train:   0.09724318, valid:   0.12251085
epoch 3560 of 4001, loss : train:   0.10329922, valid:   0.12759538
epoch 3561 of 4001, loss : train:   0.10631462, valid:   0.11651482
epoch 3562 of 4001, loss : train:   0.09858648, valid:   0.11914147
epoch 3563 of 4001, loss : train:   0.10610900, valid:   0.09874372
epoch 3564 of 4001, loss : train:   0.09741317, valid:   0.11367678
epoch 3565 of 4001, loss : train:   0.09661130, valid:   0.10906936
epoch 3566 of 4001, loss : train:   0.09928842, valid:   0.09876317
epoch 3567 of 4001, loss : train:   0.10235935, valid:   0.09572172
epoch 3568 of 4001, loss : train:   0.09907490, valid:   0.11381544
epoch 3569 of 4001, loss : train:   0.09630337, valid:   0.09751247
epoch 3570 of 4001, loss : train:   0.09929753, valid:   0.11438177
epoch 3571 of 4001, loss : train:   0.10224640, valid:   0.09985398
epoch 3572 of 4001, loss : train:   0.10894238, valid:   0.09935976
epoch 3573 of 4001, loss : train:   0.10433143, valid:   0.11433271
epoch 3574 of 4001, loss : train:   0.11402116, valid:   0.11031147
epoch 3575 of 4001, loss : train:   0.10248704, valid:   0.09168234
epoch 3576 of 4001, loss : train:   0.10537486, valid:   0.10527805
epoch 3577 of 4001, loss : train:   0.10909802, valid:   0.08883647
epoch 3578 of 4001, loss : train:   0.09597987, valid:   0.11201257
epoch 3579 of 4001, loss : train:   0.10690695, valid:   0.10091060
epoch 3580 of 4001, loss : train:   0.10468361, valid:   0.12143995
epoch 3581 of 4001, loss : train:   0.09658778, valid:   0.13274072
epoch 3582 of 4001, loss : train:   0.09694599, valid:   0.10581090
epoch 3583 of 4001, loss : train:   0.10222479, valid:   0.10165495
epoch 3584 of 4001, loss : train:   0.09751842, valid:   0.10052503
epoch 3585 of 4001, loss : train:   0.10275885, valid:   0.11674181
epoch 3586 of 4001, loss : train:   0.11194077, valid:   0.09459908
epoch 3587 of 4001, loss : train:   0.10465755, valid:   0.10418576
epoch 3588 of 4001, loss : train:   0.10909374, valid:   0.13179615
epoch 3589 of 4001, loss : train:   0.09925171, valid:   0.11194520
epoch 3590 of 4001, loss : train:   0.11235879, valid:   0.13340117
epoch 3591 of 4001, loss : train:   0.09544166, valid:   0.10238417
epoch 3592 of 4001, loss : train:   0.10611523, valid:   0.09561739
epoch 3593 of 4001, loss : train:   0.10638714, valid:   0.10271633
epoch 3594 of 4001, loss : train:   0.10478263, valid:   0.09954949
epoch 3595 of 4001, loss : train:   0.09965819, valid:   0.09944014
epoch 3596 of 4001, loss : train:   0.09464074, valid:   0.10121476
epoch 3597 of 4001, loss : train:   0.09625309, valid:   0.10591783
epoch 3598 of 4001, loss : train:   0.10763701, valid:   0.13063094
epoch 3599 of 4001, loss : train:   0.11502763, valid:   0.09201436
epoch 3600 of 4001, loss : train:   0.10493061, valid:   0.12460374
epoch 3601 of 4001, loss : train:   0.10801749, valid:   0.10625463
epoch 3602 of 4001, loss : train:   0.09560847, valid:   0.11409592
epoch 3603 of 4001, loss : train:   0.10574680, valid:   0.08210908
epoch 3604 of 4001, loss : train:   0.09494064, valid:   0.11657663
epoch 3605 of 4001, loss : train:   0.10152525, valid:   0.12674472
epoch 3606 of 4001, loss : train:   0.09661244, valid:   0.12291388
epoch 3607 of 4001, loss : train:   0.09875579, valid:   0.09681953
epoch 3608 of 4001, loss : train:   0.10481466, valid:   0.13227485
epoch 3609 of 4001, loss : train:   0.10446961, valid:   0.10275273
epoch 3610 of 4001, loss : train:   0.09945892, valid:   0.10475568
epoch 3611 of 4001, loss : train:   0.09420009, valid:   0.10929380
epoch 3612 of 4001, loss : train:   0.09083890, valid:   0.10506127
epoch 3613 of 4001, loss : train:   0.10449658, valid:   0.10687121
epoch 3614 of 4001, loss : train:   0.09514469, valid:   0.09965724
epoch 3615 of 4001, loss : train:   0.10940923, valid:   0.11447418
epoch 3616 of 4001, loss : train:   0.10280059, valid:   0.09363750
epoch 3617 of 4001, loss : train:   0.10401433, valid:   0.09897818
epoch 3618 of 4001, loss : train:   0.09104078, valid:   0.10345675
epoch 3619 of 4001, loss : train:   0.10422877, valid:   0.11266558
epoch 3620 of 4001, loss : train:   0.10708258, valid:   0.11380435
epoch 3621 of 4001, loss : train:   0.10142214, valid:   0.14643162
epoch 3622 of 4001, loss : train:   0.10639136, valid:   0.11193755
epoch 3623 of 4001, loss : train:   0.09736201, valid:   0.09726140
epoch 3624 of 4001, loss : train:   0.09079795, valid:   0.10891404
epoch 3625 of 4001, loss : train:   0.10406622, valid:   0.10556260
epoch 3626 of 4001, loss : train:   0.09990222, valid:   0.11463745
epoch 3627 of 4001, loss : train:   0.10858769, valid:   0.12235273
epoch 3628 of 4001, loss : train:   0.10268872, valid:   0.10496203
epoch 3629 of 4001, loss : train:   0.10578988, valid:   0.10048358
epoch 3630 of 4001, loss : train:   0.10231443, valid:   0.10995682
epoch 3631 of 4001, loss : train:   0.11038563, valid:   0.12812234
epoch 3632 of 4001, loss : train:   0.09543546, valid:   0.11843769
epoch 3633 of 4001, loss : train:   0.10349302, valid:   0.11310481
epoch 3634 of 4001, loss : train:   0.10031148, valid:   0.09842318
epoch 3635 of 4001, loss : train:   0.09802816, valid:   0.09331164
epoch 3636 of 4001, loss : train:   0.10992874, valid:   0.09408649
epoch 3637 of 4001, loss : train:   0.10503015, valid:   0.12330533
epoch 3638 of 4001, loss : train:   0.10271162, valid:   0.09257269
epoch 3639 of 4001, loss : train:   0.10918811, valid:   0.12647459
epoch 3640 of 4001, loss : train:   0.10088394, valid:   0.07871714
epoch 3641 of 4001, loss : train:   0.10971580, valid:   0.11122208
epoch 3642 of 4001, loss : train:   0.10316500, valid:   0.09130182
epoch 3643 of 4001, loss : train:   0.10088162, valid:   0.11123397
epoch 3644 of 4001, loss : train:   0.09933777, valid:   0.11360926
epoch 3645 of 4001, loss : train:   0.09601879, valid:   0.11750168
epoch 3646 of 4001, loss : train:   0.10321332, valid:   0.11233525
epoch 3647 of 4001, loss : train:   0.09943521, valid:   0.11523503
epoch 3648 of 4001, loss : train:   0.09116833, valid:   0.09692547
epoch 3649 of 4001, loss : train:   0.10532107, valid:   0.10693907
epoch 3650 of 4001, loss : train:   0.10686809, valid:   0.09647693
epoch 3651 of 4001, loss : train:   0.10006641, valid:   0.10225108
epoch 3652 of 4001, loss : train:   0.09808063, valid:   0.10546916
epoch 3653 of 4001, loss : train:   0.10542561, valid:   0.11270182
epoch 3654 of 4001, loss : train:   0.10572333, valid:   0.10326453
epoch 3655 of 4001, loss : train:   0.09580132, valid:   0.10717645
epoch 3656 of 4001, loss : train:   0.10735961, valid:   0.11523899
epoch 3657 of 4001, loss : train:   0.10572187, valid:   0.10267250
epoch 3658 of 4001, loss : train:   0.10760770, valid:   0.10996678
epoch 3659 of 4001, loss : train:   0.11110674, valid:   0.10942742
epoch 3660 of 4001, loss : train:   0.10322153, valid:   0.11126245
epoch 3661 of 4001, loss : train:   0.09996947, valid:   0.11193135
epoch 3662 of 4001, loss : train:   0.10529852, valid:   0.15055901
epoch 3663 of 4001, loss : train:   0.10179319, valid:   0.13401096
epoch 3664 of 4001, loss : train:   0.09784321, valid:   0.09610666
epoch 3665 of 4001, loss : train:   0.11638962, valid:   0.12703739
epoch 3666 of 4001, loss : train:   0.10318256, valid:   0.09909105
epoch 3667 of 4001, loss : train:   0.10659618, valid:   0.12012672
epoch 3668 of 4001, loss : train:   0.10240007, valid:   0.11246245
epoch 3669 of 4001, loss : train:   0.10850333, valid:   0.09332753
epoch 3670 of 4001, loss : train:   0.10247543, valid:   0.09584582
epoch 3671 of 4001, loss : train:   0.10223127, valid:   0.10604885
epoch 3672 of 4001, loss : train:   0.09218535, valid:   0.13311329
epoch 3673 of 4001, loss : train:   0.09702807, valid:   0.09799543
epoch 3674 of 4001, loss : train:   0.10128038, valid:   0.10413587
epoch 3675 of 4001, loss : train:   0.10832310, valid:   0.11587875
epoch 3676 of 4001, loss : train:   0.10959216, valid:   0.10449557
epoch 3677 of 4001, loss : train:   0.10352325, valid:   0.11399756
epoch 3678 of 4001, loss : train:   0.10252916, valid:   0.11412202
epoch 3679 of 4001, loss : train:   0.09817078, valid:   0.09964453
epoch 3680 of 4001, loss : train:   0.10261972, valid:   0.11185159
epoch 3681 of 4001, loss : train:   0.09740764, valid:   0.10873531
epoch 3682 of 4001, loss : train:   0.10597553, valid:   0.08441741
epoch 3683 of 4001, loss : train:   0.10187642, valid:   0.11240654
epoch 3684 of 4001, loss : train:   0.10339741, valid:   0.11348984
epoch 3685 of 4001, loss : train:   0.10262931, valid:   0.09734436
epoch 3686 of 4001, loss : train:   0.09764681, valid:   0.12598102
epoch 3687 of 4001, loss : train:   0.10347761, valid:   0.10059865
epoch 3688 of 4001, loss : train:   0.10446250, valid:   0.10530648
epoch 3689 of 4001, loss : train:   0.09334468, valid:   0.10528167
epoch 3690 of 4001, loss : train:   0.10034951, valid:   0.09549719
epoch 3691 of 4001, loss : train:   0.09493553, valid:   0.11471723
epoch 3692 of 4001, loss : train:   0.10006613, valid:   0.11218260
epoch 3693 of 4001, loss : train:   0.09907305, valid:   0.10709486
epoch 3694 of 4001, loss : train:   0.09664748, valid:   0.10523029
epoch 3695 of 4001, loss : train:   0.10562358, valid:   0.09995928
epoch 3696 of 4001, loss : train:   0.09874612, valid:   0.10291153
epoch 3697 of 4001, loss : train:   0.10271462, valid:   0.10344189
epoch 3698 of 4001, loss : train:   0.10403377, valid:   0.10542998
epoch 3699 of 4001, loss : train:   0.09859112, valid:   0.12682389
epoch 3700 of 4001, loss : train:   0.10156688, valid:   0.09744602
epoch 3701 of 4001, loss : train:   0.10242666, valid:   0.11426494
epoch 3702 of 4001, loss : train:   0.09876907, valid:   0.11703286
epoch 3703 of 4001, loss : train:   0.10514838, valid:   0.10578089
epoch 3704 of 4001, loss : train:   0.09785879, valid:   0.11409128
epoch 3705 of 4001, loss : train:   0.10513553, valid:   0.09119909
epoch 3706 of 4001, loss : train:   0.09960121, valid:   0.11628003
epoch 3707 of 4001, loss : train:   0.09919230, valid:   0.10536087
epoch 3708 of 4001, loss : train:   0.11620383, valid:   0.13230968
epoch 3709 of 4001, loss : train:   0.11034838, valid:   0.09911195
epoch 3710 of 4001, loss : train:   0.10768994, valid:   0.11776629
epoch 3711 of 4001, loss : train:   0.10649194, valid:   0.13577835
epoch 3712 of 4001, loss : train:   0.11150593, valid:   0.10203556
epoch 3713 of 4001, loss : train:   0.10700019, valid:   0.10146140
epoch 3714 of 4001, loss : train:   0.09721445, valid:   0.09229692
epoch 3715 of 4001, loss : train:   0.10600740, valid:   0.12177699
epoch 3716 of 4001, loss : train:   0.10970035, valid:   0.10541322
epoch 3717 of 4001, loss : train:   0.10564482, valid:   0.12342976
epoch 3718 of 4001, loss : train:   0.08973134, valid:   0.09114218
epoch 3719 of 4001, loss : train:   0.09965082, valid:   0.10201548
epoch 3720 of 4001, loss : train:   0.10147974, valid:   0.10316210
epoch 3721 of 4001, loss : train:   0.09439832, valid:   0.11878949
epoch 3722 of 4001, loss : train:   0.09794415, valid:   0.11036833
epoch 3723 of 4001, loss : train:   0.09557412, valid:   0.10522476
epoch 3724 of 4001, loss : train:   0.09368620, valid:   0.10954452
epoch 3725 of 4001, loss : train:   0.11145335, valid:   0.11890288
epoch 3726 of 4001, loss : train:   0.10190924, valid:   0.08677202
epoch 3727 of 4001, loss : train:   0.09539012, valid:   0.11817865
epoch 3728 of 4001, loss : train:   0.09800562, valid:   0.10156651
epoch 3729 of 4001, loss : train:   0.10751857, valid:   0.11777619
epoch 3730 of 4001, loss : train:   0.10024354, valid:   0.11180107
epoch 3731 of 4001, loss : train:   0.10795444, valid:   0.12262806
epoch 3732 of 4001, loss : train:   0.09931200, valid:   0.09354598
epoch 3733 of 4001, loss : train:   0.10280646, valid:   0.12507389
epoch 3734 of 4001, loss : train:   0.10265289, valid:   0.10532020
epoch 3735 of 4001, loss : train:   0.11117623, valid:   0.08828456
epoch 3736 of 4001, loss : train:   0.09914916, valid:   0.11579025
epoch 3737 of 4001, loss : train:   0.10229787, valid:   0.10258991
epoch 3738 of 4001, loss : train:   0.10328063, valid:   0.09180714
epoch 3739 of 4001, loss : train:   0.10448164, valid:   0.10743383
epoch 3740 of 4001, loss : train:   0.10186644, valid:   0.12013845
epoch 3741 of 4001, loss : train:   0.10134475, valid:   0.09378421
epoch 3742 of 4001, loss : train:   0.10309510, valid:   0.09092018
epoch 3743 of 4001, loss : train:   0.10173371, valid:   0.11764139
epoch 3744 of 4001, loss : train:   0.09548580, valid:   0.10027773
epoch 3745 of 4001, loss : train:   0.11476988, valid:   0.12019514
epoch 3746 of 4001, loss : train:   0.10343676, valid:   0.11503005
epoch 3747 of 4001, loss : train:   0.10727208, valid:   0.11961027
epoch 3748 of 4001, loss : train:   0.10087060, valid:   0.12411872
epoch 3749 of 4001, loss : train:   0.09152713, valid:   0.10900211
epoch 3750 of 4001, loss : train:   0.09962358, valid:   0.11770169
epoch 3751 of 4001, loss : train:   0.10945413, valid:   0.10954386
epoch 3752 of 4001, loss : train:   0.09930999, valid:   0.11534550
epoch 3753 of 4001, loss : train:   0.10399610, valid:   0.10616422
epoch 3754 of 4001, loss : train:   0.09697732, valid:   0.11898544
epoch 3755 of 4001, loss : train:   0.09395792, valid:   0.10574865
epoch 3756 of 4001, loss : train:   0.09599539, valid:   0.11100765
epoch 3757 of 4001, loss : train:   0.09140954, valid:   0.09231070
epoch 3758 of 4001, loss : train:   0.10437746, valid:   0.10503199
epoch 3759 of 4001, loss : train:   0.10434122, valid:   0.11175784
epoch 3760 of 4001, loss : train:   0.10133076, valid:   0.11410703
epoch 3761 of 4001, loss : train:   0.10525534, valid:   0.11181745
epoch 3762 of 4001, loss : train:   0.10522623, valid:   0.09804114
epoch 3763 of 4001, loss : train:   0.09237758, valid:   0.14042336
epoch 3764 of 4001, loss : train:   0.11926913, valid:   0.12153707
epoch 3765 of 4001, loss : train:   0.10277102, valid:   0.10422919
epoch 3766 of 4001, loss : train:   0.10094848, valid:   0.08853746
epoch 3767 of 4001, loss : train:   0.10696111, valid:   0.12137410
epoch 3768 of 4001, loss : train:   0.09730176, valid:   0.10479314
epoch 3769 of 4001, loss : train:   0.09925290, valid:   0.09925158
epoch 3770 of 4001, loss : train:   0.09688799, valid:   0.10097724
epoch 3771 of 4001, loss : train:   0.09980617, valid:   0.10691584
epoch 3772 of 4001, loss : train:   0.10446390, valid:   0.11036567
epoch 3773 of 4001, loss : train:   0.10633860, valid:   0.11146094
epoch 3774 of 4001, loss : train:   0.09844571, valid:   0.09285856
epoch 3775 of 4001, loss : train:   0.09376742, valid:   0.09578277
epoch 3776 of 4001, loss : train:   0.09806647, valid:   0.09735142
epoch 3777 of 4001, loss : train:   0.10031562, valid:   0.10785594
epoch 3778 of 4001, loss : train:   0.09898382, valid:   0.11400447
epoch 3779 of 4001, loss : train:   0.09844829, valid:   0.12374426
epoch 3780 of 4001, loss : train:   0.10697606, valid:   0.10970128
epoch 3781 of 4001, loss : train:   0.09931403, valid:   0.10447416
epoch 3782 of 4001, loss : train:   0.09573515, valid:   0.11025071
epoch 3783 of 4001, loss : train:   0.10337950, valid:   0.08698611
epoch 3784 of 4001, loss : train:   0.10142150, valid:   0.10385113
epoch 3785 of 4001, loss : train:   0.10158649, valid:   0.10943245
epoch 3786 of 4001, loss : train:   0.10468290, valid:   0.10750312
epoch 3787 of 4001, loss : train:   0.10410641, valid:   0.09431226
epoch 3788 of 4001, loss : train:   0.10315136, valid:   0.10072891
epoch 3789 of 4001, loss : train:   0.10025363, valid:   0.08664153
epoch 3790 of 4001, loss : train:   0.09724942, valid:   0.11639434
epoch 3791 of 4001, loss : train:   0.09275062, valid:   0.10550147
epoch 3792 of 4001, loss : train:   0.09970988, valid:   0.10376453
epoch 3793 of 4001, loss : train:   0.09539890, valid:   0.11670306
epoch 3794 of 4001, loss : train:   0.09962741, valid:   0.09157597
epoch 3795 of 4001, loss : train:   0.08975906, valid:   0.11891780
epoch 3796 of 4001, loss : train:   0.10948175, valid:   0.12263051
epoch 3797 of 4001, loss : train:   0.10448817, valid:   0.10503232
epoch 3798 of 4001, loss : train:   0.09848072, valid:   0.12263287
epoch 3799 of 4001, loss : train:   0.10000479, valid:   0.11966425
epoch 3800 of 4001, loss : train:   0.09873084, valid:   0.11389801
epoch 3801 of 4001, loss : train:   0.10439425, valid:   0.09145426
epoch 3802 of 4001, loss : train:   0.09493805, valid:   0.09289539
epoch 3803 of 4001, loss : train:   0.09972541, valid:   0.09722485
epoch 3804 of 4001, loss : train:   0.10712789, valid:   0.09470733
epoch 3805 of 4001, loss : train:   0.09863546, valid:   0.11242436
epoch 3806 of 4001, loss : train:   0.10337649, valid:   0.11040603
epoch 3807 of 4001, loss : train:   0.10251002, valid:   0.11380658
epoch 3808 of 4001, loss : train:   0.10252542, valid:   0.09236865
epoch 3809 of 4001, loss : train:   0.09946173, valid:   0.12561361
epoch 3810 of 4001, loss : train:   0.10073936, valid:   0.10654087
epoch 3811 of 4001, loss : train:   0.09572002, valid:   0.10607096
epoch 3812 of 4001, loss : train:   0.10713133, valid:   0.10824298
epoch 3813 of 4001, loss : train:   0.09167598, valid:   0.08748031
epoch 3814 of 4001, loss : train:   0.08910071, valid:   0.08989660
epoch 3815 of 4001, loss : train:   0.09706197, valid:   0.10124554
epoch 3816 of 4001, loss : train:   0.09969733, valid:   0.12331560
epoch 3817 of 4001, loss : train:   0.09554224, valid:   0.12399733
epoch 3818 of 4001, loss : train:   0.10386666, valid:   0.11638130
epoch 3819 of 4001, loss : train:   0.10643571, valid:   0.11217622
epoch 3820 of 4001, loss : train:   0.10270283, valid:   0.10770591
epoch 3821 of 4001, loss : train:   0.10442325, valid:   0.10163222
epoch 3822 of 4001, loss : train:   0.11420543, valid:   0.10352380
epoch 3823 of 4001, loss : train:   0.10333425, valid:   0.10168990
epoch 3824 of 4001, loss : train:   0.10580226, valid:   0.11489613
epoch 3825 of 4001, loss : train:   0.09445958, valid:   0.11585011
epoch 3826 of 4001, loss : train:   0.09484949, valid:   0.08142004
epoch 3827 of 4001, loss : train:   0.10066251, valid:   0.11216520
epoch 3828 of 4001, loss : train:   0.09374593, valid:   0.10535639
epoch 3829 of 4001, loss : train:   0.10198588, valid:   0.09088731
epoch 3830 of 4001, loss : train:   0.09734646, valid:   0.14155217
epoch 3831 of 4001, loss : train:   0.10179794, valid:   0.09549579
epoch 3832 of 4001, loss : train:   0.09931525, valid:   0.10578194
epoch 3833 of 4001, loss : train:   0.10221919, valid:   0.11617770
epoch 3834 of 4001, loss : train:   0.10021256, valid:   0.12194612
epoch 3835 of 4001, loss : train:   0.10414524, valid:   0.11291410
epoch 3836 of 4001, loss : train:   0.09359907, valid:   0.08922331
epoch 3837 of 4001, loss : train:   0.10188819, valid:   0.11844046
epoch 3838 of 4001, loss : train:   0.10410068, valid:   0.09221757
epoch 3839 of 4001, loss : train:   0.09533696, valid:   0.10567023
epoch 3840 of 4001, loss : train:   0.10269326, valid:   0.12714578
epoch 3841 of 4001, loss : train:   0.09985856, valid:   0.09722743
epoch 3842 of 4001, loss : train:   0.11063375, valid:   0.11807068
epoch 3843 of 4001, loss : train:   0.10248994, valid:   0.11574413
epoch 3844 of 4001, loss : train:   0.10226408, valid:   0.10260691
epoch 3845 of 4001, loss : train:   0.09903784, valid:   0.10078833
epoch 3846 of 4001, loss : train:   0.09917950, valid:   0.11422492
epoch 3847 of 4001, loss : train:   0.10451951, valid:   0.09159522
epoch 3848 of 4001, loss : train:   0.09592975, valid:   0.10939620
epoch 3849 of 4001, loss : train:   0.09488251, valid:   0.13637020
epoch 3850 of 4001, loss : train:   0.09929202, valid:   0.09907561
epoch 3851 of 4001, loss : train:   0.10968701, valid:   0.10362029
epoch 3852 of 4001, loss : train:   0.09786232, valid:   0.10713470
epoch 3853 of 4001, loss : train:   0.10666889, valid:   0.09586760
epoch 3854 of 4001, loss : train:   0.11614009, valid:   0.10250111
epoch 3855 of 4001, loss : train:   0.09403719, valid:   0.09459760
epoch 3856 of 4001, loss : train:   0.10386932, valid:   0.09075667
epoch 3857 of 4001, loss : train:   0.10164261, valid:   0.10346455
epoch 3858 of 4001, loss : train:   0.10339329, valid:   0.10848577
epoch 3859 of 4001, loss : train:   0.11055253, valid:   0.09544895
epoch 3860 of 4001, loss : train:   0.09938908, valid:   0.09738035
epoch 3861 of 4001, loss : train:   0.10175281, valid:   0.09776161
epoch 3862 of 4001, loss : train:   0.10146019, valid:   0.11206166
epoch 3863 of 4001, loss : train:   0.11465498, valid:   0.08650842
epoch 3864 of 4001, loss : train:   0.09687512, valid:   0.10266471
epoch 3865 of 4001, loss : train:   0.09149389, valid:   0.11957287
epoch 3866 of 4001, loss : train:   0.09718612, valid:   0.12240865
epoch 3867 of 4001, loss : train:   0.10566089, valid:   0.08894736
epoch 3868 of 4001, loss : train:   0.10984968, valid:   0.09808236
epoch 3869 of 4001, loss : train:   0.10502882, valid:   0.10677775
epoch 3870 of 4001, loss : train:   0.09778550, valid:   0.09215244
epoch 3871 of 4001, loss : train:   0.10038996, valid:   0.10497916
epoch 3872 of 4001, loss : train:   0.10600407, valid:   0.09864755
epoch 3873 of 4001, loss : train:   0.09470590, valid:   0.12345988
epoch 3874 of 4001, loss : train:   0.11246445, valid:   0.10757980
epoch 3875 of 4001, loss : train:   0.10562690, valid:   0.11713763
epoch 3876 of 4001, loss : train:   0.10048324, valid:   0.09618900
epoch 3877 of 4001, loss : train:   0.09906831, valid:   0.09715639
epoch 3878 of 4001, loss : train:   0.09847004, valid:   0.10956552
epoch 3879 of 4001, loss : train:   0.09760270, valid:   0.12001286
epoch 3880 of 4001, loss : train:   0.09678860, valid:   0.10368609
epoch 3881 of 4001, loss : train:   0.09811101, valid:   0.11846776
epoch 3882 of 4001, loss : train:   0.10036329, valid:   0.09659613
epoch 3883 of 4001, loss : train:   0.10083982, valid:   0.10314566
epoch 3884 of 4001, loss : train:   0.09709373, valid:   0.09170587
epoch 3885 of 4001, loss : train:   0.09465553, valid:   0.11071093
epoch 3886 of 4001, loss : train:   0.09821385, valid:   0.09887095
epoch 3887 of 4001, loss : train:   0.10466991, valid:   0.12313845
epoch 3888 of 4001, loss : train:   0.10521895, valid:   0.11173731
epoch 3889 of 4001, loss : train:   0.10707501, valid:   0.09910464
epoch 3890 of 4001, loss : train:   0.09534779, valid:   0.10851476
epoch 3891 of 4001, loss : train:   0.10891284, valid:   0.13100775
epoch 3892 of 4001, loss : train:   0.10399943, valid:   0.11341981
epoch 3893 of 4001, loss : train:   0.09770639, valid:   0.09924175
epoch 3894 of 4001, loss : train:   0.10108427, valid:   0.10942901
epoch 3895 of 4001, loss : train:   0.11151463, valid:   0.09026676
epoch 3896 of 4001, loss : train:   0.10007684, valid:   0.08917332
epoch 3897 of 4001, loss : train:   0.09892835, valid:   0.11110868
epoch 3898 of 4001, loss : train:   0.09317916, valid:   0.11842494
epoch 3899 of 4001, loss : train:   0.09804863, valid:   0.09711458
epoch 3900 of 4001, loss : train:   0.09180761, valid:   0.11424330
epoch 3901 of 4001, loss : train:   0.11078003, valid:   0.12841748
epoch 3902 of 4001, loss : train:   0.10201575, valid:   0.09910695
epoch 3903 of 4001, loss : train:   0.09504647, valid:   0.11717767
epoch 3904 of 4001, loss : train:   0.09667353, valid:   0.11198997
epoch 3905 of 4001, loss : train:   0.09165313, valid:   0.11771680
epoch 3906 of 4001, loss : train:   0.09261304, valid:   0.11701861
epoch 3907 of 4001, loss : train:   0.09732345, valid:   0.11009905
epoch 3908 of 4001, loss : train:   0.10189041, valid:   0.11780229
epoch 3909 of 4001, loss : train:   0.09763540, valid:   0.10833977
epoch 3910 of 4001, loss : train:   0.09709876, valid:   0.09224562
epoch 3911 of 4001, loss : train:   0.10501685, valid:   0.12063990
epoch 3912 of 4001, loss : train:   0.09918154, valid:   0.11625166
epoch 3913 of 4001, loss : train:   0.10006993, valid:   0.09608686
epoch 3914 of 4001, loss : train:   0.10349861, valid:   0.10985691
epoch 3915 of 4001, loss : train:   0.09000541, valid:   0.10533549
epoch 3916 of 4001, loss : train:   0.09762713, valid:   0.11999051
epoch 3917 of 4001, loss : train:   0.09364255, valid:   0.11489931
epoch 3918 of 4001, loss : train:   0.09897259, valid:   0.11396196
epoch 3919 of 4001, loss : train:   0.09701095, valid:   0.11236361
epoch 3920 of 4001, loss : train:   0.09939209, valid:   0.10763612
epoch 3921 of 4001, loss : train:   0.09745890, valid:   0.11173383
epoch 3922 of 4001, loss : train:   0.11275590, valid:   0.14694962
epoch 3923 of 4001, loss : train:   0.09637045, valid:   0.10353087
epoch 3924 of 4001, loss : train:   0.09690592, valid:   0.11076392
epoch 3925 of 4001, loss : train:   0.10050884, valid:   0.10728366
epoch 3926 of 4001, loss : train:   0.11133788, valid:   0.11813283
epoch 3927 of 4001, loss : train:   0.10169278, valid:   0.10215758
epoch 3928 of 4001, loss : train:   0.09112248, valid:   0.11890512
epoch 3929 of 4001, loss : train:   0.10272670, valid:   0.10759764
epoch 3930 of 4001, loss : train:   0.10061403, valid:   0.08316270
epoch 3931 of 4001, loss : train:   0.10459509, valid:   0.10667078
epoch 3932 of 4001, loss : train:   0.10141440, valid:   0.09826188
epoch 3933 of 4001, loss : train:   0.11768995, valid:   0.10387924
epoch 3934 of 4001, loss : train:   0.09714240, valid:   0.10372471
epoch 3935 of 4001, loss : train:   0.09568958, valid:   0.10838199
epoch 3936 of 4001, loss : train:   0.10947883, valid:   0.10935785
epoch 3937 of 4001, loss : train:   0.10900042, valid:   0.11039060
epoch 3938 of 4001, loss : train:   0.08742322, valid:   0.11293869
epoch 3939 of 4001, loss : train:   0.09985461, valid:   0.12847605
epoch 3940 of 4001, loss : train:   0.09986632, valid:   0.11722249
epoch 3941 of 4001, loss : train:   0.08719710, valid:   0.08128335
epoch 3942 of 4001, loss : train:   0.10195606, valid:   0.10605036
epoch 3943 of 4001, loss : train:   0.10033117, valid:   0.09057640
epoch 3944 of 4001, loss : train:   0.10116798, valid:   0.08740134
epoch 3945 of 4001, loss : train:   0.11224081, valid:   0.12459011
epoch 3946 of 4001, loss : train:   0.10321932, valid:   0.09519313
epoch 3947 of 4001, loss : train:   0.10052967, valid:   0.11124804
epoch 3948 of 4001, loss : train:   0.10486159, valid:   0.11142142
epoch 3949 of 4001, loss : train:   0.10240422, valid:   0.08876324
epoch 3950 of 4001, loss : train:   0.09944192, valid:   0.12579699
epoch 3951 of 4001, loss : train:   0.09829444, valid:   0.10762374
epoch 3952 of 4001, loss : train:   0.09974278, valid:   0.10749264
epoch 3953 of 4001, loss : train:   0.09481339, valid:   0.11803444
epoch 3954 of 4001, loss : train:   0.11105089, valid:   0.12533623
epoch 3955 of 4001, loss : train:   0.09847863, valid:   0.10188448
epoch 3956 of 4001, loss : train:   0.10530435, valid:   0.10528131
epoch 3957 of 4001, loss : train:   0.09200006, valid:   0.11944342
epoch 3958 of 4001, loss : train:   0.10400445, valid:   0.10465693
epoch 3959 of 4001, loss : train:   0.09931876, valid:   0.11406469
epoch 3960 of 4001, loss : train:   0.10375221, valid:   0.09851795
epoch 3961 of 4001, loss : train:   0.09726845, valid:   0.11932252
epoch 3962 of 4001, loss : train:   0.09864110, valid:   0.10304765
epoch 3963 of 4001, loss : train:   0.09541741, valid:   0.09186309
epoch 3964 of 4001, loss : train:   0.10083791, valid:   0.10911483
epoch 3965 of 4001, loss : train:   0.09243778, valid:   0.08948753
epoch 3966 of 4001, loss : train:   0.10166006, valid:   0.12392140
epoch 3967 of 4001, loss : train:   0.09767994, valid:   0.11337190
epoch 3968 of 4001, loss : train:   0.09829670, valid:   0.11514874
epoch 3969 of 4001, loss : train:   0.09697792, valid:   0.12097017
epoch 3970 of 4001, loss : train:   0.09625154, valid:   0.11577431
epoch 3971 of 4001, loss : train:   0.09366811, valid:   0.08814693
epoch 3972 of 4001, loss : train:   0.11380721, valid:   0.11049864
epoch 3973 of 4001, loss : train:   0.10289689, valid:   0.12057157
epoch 3974 of 4001, loss : train:   0.10176387, valid:   0.12487678
epoch 3975 of 4001, loss : train:   0.09924872, valid:   0.09540907
epoch 3976 of 4001, loss : train:   0.09780355, valid:   0.10475649
epoch 3977 of 4001, loss : train:   0.09651343, valid:   0.11389727
epoch 3978 of 4001, loss : train:   0.09734765, valid:   0.11241148
epoch 3979 of 4001, loss : train:   0.10385835, valid:   0.10537258
epoch 3980 of 4001, loss : train:   0.10610556, valid:   0.11595037
epoch 3981 of 4001, loss : train:   0.09884531, valid:   0.10536838
epoch 3982 of 4001, loss : train:   0.09902223, valid:   0.10145706
epoch 3983 of 4001, loss : train:   0.08773407, valid:   0.09807555
epoch 3984 of 4001, loss : train:   0.10565301, valid:   0.10072551
epoch 3985 of 4001, loss : train:   0.10454684, valid:   0.10216638
epoch 3986 of 4001, loss : train:   0.09977837, valid:   0.10483907
epoch 3987 of 4001, loss : train:   0.10360212, valid:   0.10402075
epoch 3988 of 4001, loss : train:   0.09416010, valid:   0.10515389
epoch 3989 of 4001, loss : train:   0.10854617, valid:   0.10491568
epoch 3990 of 4001, loss : train:   0.09891049, valid:   0.11021297
epoch 3991 of 4001, loss : train:   0.09797850, valid:   0.11443298
epoch 3992 of 4001, loss : train:   0.10962832, valid:   0.09924794
epoch 3993 of 4001, loss : train:   0.09838066, valid:   0.11300590
epoch 3994 of 4001, loss : train:   0.09557863, valid:   0.10917461
epoch 3995 of 4001, loss : train:   0.10431050, valid:   0.12291406
epoch 3996 of 4001, loss : train:   0.08993487, valid:   0.09713189
epoch 3997 of 4001, loss : train:   0.09225823, valid:   0.10856134
epoch 3998 of 4001, loss : train:   0.09825309, valid:   0.09046977
epoch 3999 of 4001, loss : train:   0.10576723, valid:   0.13581665
epoch 4000 of 4001, loss : train:   0.10689583, valid:   0.10750644
epoch 4001 of 4001, loss : train:   0.10559060, valid:   0.11986573
Elapsed time for 4001 epochs: 2.58e+03 s
Last epoch, loss : train: 0.11, valid: 0.12
Plot loss...
Plot loss (log scale)...
Plot loss (part) (log scale)...
Plot lr...
Plot data generated during training (2D)...
Save / export the data set / test set (graphDDPM)...
Save / export the model (hyper parameters and parameters)...
Save / export loss and lr...
Display the model (graphDDPM)...
Graph_DDPM(
  (net): Graph_DDPM_net_model(
    (te_down): ModuleList(
      (0): Sequential(
        (0): Linear(in_features=64, out_features=2, bias=True)
        (1): LeakyReLU(negative_slope=0.01)
        (2): Linear(in_features=2, out_features=2, bias=True)
      )
      (1): Sequential(
        (0): Linear(in_features=64, out_features=128, bias=True)
        (1): LeakyReLU(negative_slope=0.01)
        (2): Linear(in_features=128, out_features=128, bias=True)
      )
      (2-3): 2 x Sequential(
        (0): Linear(in_features=64, out_features=64, bias=True)
        (1): LeakyReLU(negative_slope=0.01)
        (2): Linear(in_features=64, out_features=64, bias=True)
      )
      (4-5): 2 x Sequential(
        (0): Linear(in_features=64, out_features=32, bias=True)
        (1): LeakyReLU(negative_slope=0.01)
        (2): Linear(in_features=32, out_features=32, bias=True)
      )
      (6-7): 2 x Sequential(
        (0): Linear(in_features=64, out_features=16, bias=True)
        (1): LeakyReLU(negative_slope=0.01)
        (2): Linear(in_features=16, out_features=16, bias=True)
      )
      (8): Sequential(
        (0): Linear(in_features=64, out_features=8, bias=True)
        (1): LeakyReLU(negative_slope=0.01)
        (2): Linear(in_features=8, out_features=8, bias=True)
      )
    )
    (laynorm_down): ModuleList(
      (0): LayerNorm(2, affine=True, mode=graph)
      (1): LayerNorm(128, affine=True, mode=graph)
      (2-3): 2 x LayerNorm(64, affine=True, mode=graph)
      (4-5): 2 x LayerNorm(32, affine=True, mode=graph)
      (6-7): 2 x LayerNorm(16, affine=True, mode=graph)
      (8): LayerNorm(8, affine=True, mode=graph)
    )
    (layop_down1): ModuleList(
      (0): SAGEConv(2, 128, aggr=mean)
      (1): SAGEConv(128, 64, aggr=mean)
      (2): SAGEConv(64, 64, aggr=mean)
      (3): SAGEConv(64, 32, aggr=mean)
      (4): SAGEConv(32, 32, aggr=mean)
      (5): SAGEConv(32, 16, aggr=mean)
      (6): SAGEConv(16, 16, aggr=mean)
      (7): SAGEConv(16, 8, aggr=mean)
      (8): SAGEConv(8, 8, aggr=mean)
    )
    (layop_down2): ModuleList(
      (0): SAGEConv(128, 128, aggr=mean)
      (1-2): 2 x SAGEConv(64, 64, aggr=mean)
      (3-4): 2 x SAGEConv(32, 32, aggr=mean)
      (5-6): 2 x SAGEConv(16, 16, aggr=mean)
      (7-8): 2 x SAGEConv(8, 8, aggr=mean)
    )
    (te_mid): Sequential(
      (0): Linear(in_features=64, out_features=8, bias=True)
      (1): LeakyReLU(negative_slope=0.01)
      (2): Linear(in_features=8, out_features=8, bias=True)
    )
    (laynorm_mid): LayerNorm(8, affine=True, mode=graph)
    (layop_mid1): SAGEConv(8, 8, aggr=mean)
    (layop_mid2): SAGEConv(8, 8, aggr=mean)
    (te_up): ModuleList(
      (0): Sequential(
        (0): Linear(in_features=64, out_features=8, bias=True)
        (1): LeakyReLU(negative_slope=0.01)
        (2): Linear(in_features=8, out_features=8, bias=True)
      )
      (1): Sequential(
        (0): Linear(in_features=64, out_features=16, bias=True)
        (1): LeakyReLU(negative_slope=0.01)
        (2): Linear(in_features=16, out_features=16, bias=True)
      )
      (2-3): 2 x Sequential(
        (0): Linear(in_features=64, out_features=32, bias=True)
        (1): LeakyReLU(negative_slope=0.01)
        (2): Linear(in_features=32, out_features=32, bias=True)
      )
      (4-5): 2 x Sequential(
        (0): Linear(in_features=64, out_features=64, bias=True)
        (1): LeakyReLU(negative_slope=0.01)
        (2): Linear(in_features=64, out_features=64, bias=True)
      )
      (6-7): 2 x Sequential(
        (0): Linear(in_features=64, out_features=128, bias=True)
        (1): LeakyReLU(negative_slope=0.01)
        (2): Linear(in_features=128, out_features=128, bias=True)
      )
      (8): Sequential(
        (0): Linear(in_features=64, out_features=256, bias=True)
        (1): LeakyReLU(negative_slope=0.01)
        (2): Linear(in_features=256, out_features=256, bias=True)
      )
    )
    (laynorm_up): ModuleList(
      (0): LayerNorm(8, affine=True, mode=graph)
      (1): LayerNorm(16, affine=True, mode=graph)
      (2-3): 2 x LayerNorm(32, affine=True, mode=graph)
      (4-5): 2 x LayerNorm(64, affine=True, mode=graph)
      (6-7): 2 x LayerNorm(128, affine=True, mode=graph)
      (8): LayerNorm(256, affine=True, mode=graph)
    )
    (layop_up1): ModuleList(
      (0): SAGEConv(8, 8, aggr=mean)
      (1): SAGEConv(16, 8, aggr=mean)
      (2-3): 2 x SAGEConv(32, 16, aggr=mean)
      (4-5): 2 x SAGEConv(64, 32, aggr=mean)
      (6-7): 2 x SAGEConv(128, 64, aggr=mean)
      (8): SAGEConv(256, 128, aggr=mean)
    )
    (layop_up2): ModuleList(
      (0): SAGEConv(8, 8, aggr=mean)
      (1): SAGEConv(8, 16, aggr=mean)
      (2): SAGEConv(16, 16, aggr=mean)
      (3): SAGEConv(16, 32, aggr=mean)
      (4): SAGEConv(32, 32, aggr=mean)
      (5): SAGEConv(32, 64, aggr=mean)
      (6): SAGEConv(64, 64, aggr=mean)
      (7): SAGEConv(64, 128, aggr=mean)
      (8): SAGEConv(128, 128, aggr=mean)
    )
    (layop_last): Linear(in_features=128, out_features=2, bias=True)
    (activation): LeakyReLU(negative_slope=0.01)
  )
)
Number of (learnable) params: 474934
/var/spool/slurm/slurmd/job647894/slurm_script: line 49: timediff: command not found

Elapsed time in sec. : 
