0 0 1
0 0 2
0 0 3
0 1 4
0 2 5
0 2 6
0 3 7
0 3 8
0 4 9
0 5 10
0 5 11
0 7 12
0 8 13
0 9 14
0 10 15
0 11 16
0 11 17
0 13 18
0 14 19
0 14 20
0 14 21
0 16 22
0 16 23
0 17 24
0 18 25
0 18 26
0 22 27
0 23 28
0 23 29
0 26 30
0 27 31
0 29 32
0 30 33
0 32 34
0 33 35
0 34 36
0 36 37
1 0 1
1 1 2
1 1 3
1 2 4
1 3 5
1 3 6
1 4 7
1 4 8
1 5 9
1 5 10
1 6 11
1 8 12
1 8 13
1 8 14
1 9 15
1 10 16
1 10 17
1 11 18
1 15 19
1 15 20
1 16 21
1 17 22
1 17 23
1 17 24
1 18 25
1 18 26
1 19 27
1 19 28
1 19 29
1 20 30
1 21 31
1 23 32
1 23 33
1 24 34
1 25 35
1 26 36
1 26 37
1 27 38
1 27 39
1 28 40
1 28 41
1 30 42
1 30 43
1 31 44
1 31 45
1 32 46
1 33 47
1 34 48
1 35 49
1 36 50
1 36 51
1 37 39
1 37 52
1 38 53
1 38 54
1 38 55
1 40 56
1 40 57
1 40 58
1 42 59
1 43 56
1 45 60
1 45 61
1 46 62
1 47 63
1 47 64
1 49 65
1 51 66
1 52 67
1 52 68
1 53 69
1 53 70
1 53 71
1 54 71
1 55 72
1 57 73
1 59 74
1 60 75
1 63 76
1 64 77
1 64 78
1 65 79
1 66 80
1 66 81
1 67 82
1 68 83
1 69 84
1 72 73
2 0 1
2 1 2
2 1 3
2 1 4
2 1 5
2 3 6
2 3 7
2 4 8
2 4 9
2 4 10
2 5 11
2 5 12
2 6 13
2 6 14
2 7 15
2 9 16
2 9 17
2 10 18
2 10 19
2 13 20
2 13 21
2 14 22
2 15 23
2 15 24
2 17 19
2 17 25
2 17 26
2 19 27
2 20 28
2 21 29
2 21 30
2 22 31
2 23 32
2 24 33
2 25 34
2 25 35
2 25 36
2 26 37
2 26 38
2 27 39
2 28 40
2 31 41
2 32 42
2 33 43
2 35 44
2 37 44
2 37 45
2 38 46
2 39 47
2 40 48
2 40 49
2 41 50
2 42 51
2 43 52
2 43 53
2 44 54
2 45 55
2 45 56
2 45 57
2 46 58
2 46 59
2 46 60
2 46 61
2 47 62
2 48 63
2 50 64
2 52 65
2 53 66
2 53 67
2 53 68
2 54 69
2 55 70
2 55 71
2 56 70
3 0 1
3 0 2
3 1 3
3 2 4
3 3 5
3 3 6
3 4 7
3 5 8
3 6 9
3 6 10
3 9 11
3 11 12
3 11 13
3 12 14
3 13 15
3 15 16
3 15 17
3 16 18
3 16 19
3 18 20
3 18 21
3 19 22
3 20 23
3 21 24
3 21 25
3 22 26
3 22 27
3 23 28
3 24 29
3 25 30
3 25 31
3 25 32
3 26 29
3 26 33
3 27 34
3 27 35
3 27 36
3 29 37
3 29 38
3 30 39
3 32 40
3 32 41
3 33 42
3 34 43
3 36 44
3 36 45
3 36 46
3 38 47
3 39 41
3 39 48
3 39 49
3 39 50
3 40 51
3 40 52
3 41 53
3 42 54
3 42 55
3 43 56
3 44 57
3 48 58
3 49 50
3 49 59
3 49 60
3 50 61
3 50 62
3 52 63
3 53 64
3 54 65
3 54 66
3 55 67
3 55 68
3 56 69
3 57 70
3 58 71
3 60 72
3 63 73
3 63 74
3 63 75
3 64 76
4 0 1
4 0 2
4 0 3
4 1 4
4 1 5
4 1 6
4 1 7
4 2 8
4 3 9
4 3 10
4 6 11
4 6 12
4 7 13
4 7 14
4 7 15
4 8 16
4 8 17
4 9 18
4 9 19
4 10 20
4 14 21
4 14 22
4 15 23
4 15 24
4 16 25
4 17 26
4 18 27
4 18 28
4 19 29
4 20 30
4 21 24
4 21 31
4 24 32
4 24 33
4 25 34
4 26 35
4 29 36
4 30 37
4 31 38
4 32 39
4 32 40
4 33 41
4 33 42
4 33 43
4 34 44
4 34 45
4 35 46
4 36 47
4 36 48
4 37 49
4 38 50
4 39 51
4 39 52
4 40 53
4 42 52
4 44 54
4 44 55
4 44 56
4 45 57
4 47 58
4 49 59
4 50 60
4 51 61
4 51 62
4 51 63
4 52 64
4 53 65
4 53 66
4 53 67
4 53 68
4 57 69
4 58 70
4 60 71
4 60 72
4 60 73
4 62 74
4 63 74
4 63 75
4 64 76
4 65 77
4 66 78
4 66 79
5 0 1
5 1 2
5 2 3
5 3 4
5 4 5
5 4 6
5 5 7
5 5 8
5 6 9
5 7 10
5 7 11
5 8 12
5 9 13
5 9 14
5 10 15
5 10 16
5 12 17
5 13 18
5 14 19
5 14 20
5 15 21
5 16 22
5 16 23
5 16 24
5 17 25
5 18 26
5 19 27
5 20 28
5 22 29
5 22 30
5 23 25
5 24 31
5 25 32
5 26 33
5 26 34
5 26 35
5 27 36
5 28 37
5 29 38
5 29 39
5 30 40
5 30 41
5 31 42
5 31 43
5 32 44
5 33 45
5 33 46
5 34 47
5 35 46
5 35 47
5 35 48
5 36 49
5 37 50
5 37 51
5 38 52
5 39 53
5 39 54
5 40 55
5 41 56
5 42 43
5 42 57
5 42 58
5 43 59
5 43 60
5 44 61
5 46 62
5 46 63
5 47 64
5 48 65
5 49 66
5 50 67
5 51 68
5 51 69
5 52 70
5 52 71
5 57 71
5 60 61
5 64 65
6 0 1
6 0 2
6 2 3
7 0 1
7 0 2
7 0 3
7 2 4
7 2 5
7 3 6
7 4 7
7 5 8
7 6 9
7 6 10
7 6 11
7 7 12
7 8 13
7 9 14
7 9 15
7 9 16
7 12 17
7 13 18
7 16 19
7 16 20
7 16 21
7 17 22
7 18 23
7 18 24
7 19 25
7 22 26
7 22 27
7 23 28
7 24 29
7 26 30
7 27 31
7 28 32
7 28 33
7 29 34
7 30 35
7 30 36
7 32 37
7 33 38
7 34 39
7 34 40
7 35 41
7 36 42
7 36 43
7 36 44
7 37 45
7 38 46
7 39 47
7 39 48
7 40 49
7 41 50
7 42 51
7 43 52
7 44 53
7 44 54
7 47 55
7 48 56
7 49 57
7 49 58
7 50 59
7 52 60
7 53 61
7 54 62
7 56 57
7 56 63
7 57 64
7 58 65
7 59 66
7 61 67
7 62 68
7 63 69
7 65 70
7 65 71
7 65 72
7 66 73
7 67 74
7 68 75
7 71 76
8 0 1
8 0 2
8 1 3
8 1 4
8 2 5
8 2 6
8 3 7
8 4 8
8 5 9
8 5 10
8 5 11
8 6 12
8 8 13
8 8 14
8 8 15
8 9 16
8 9 17
8 10 17
8 10 18
8 11 19
8 12 20
8 13 21
8 13 22
8 14 23
8 15 24
8 16 25
8 16 26
8 17 27
8 18 28
8 19 22
8 19 29
8 20 30
8 21 31
8 21 32
8 23 33
8 23 34
8 24 35
8 26 27
8 26 36
8 28 37
8 29 32
8 29 38
8 30 39
8 30 40
8 30 41
8 31 33
8 31 42
8 31 43
8 31 44
8 31 45
8 32 46
8 33 47
8 34 47
8 34 48
8 35 49
8 36 50
8 36 51
8 37 52
8 38 53
8 39 40
8 39 54
8 40 55
8 41 56
8 41 57
8 42 58
8 42 59
8 43 46
8 44 60
8 44 61
8 45 59
8 46 53
8 47 62
8 48 63
8 48 64
8 48 65
8 49 66
8 49 67
8 49 68
8 50 69
8 50 70
8 51 55
8 51 71
8 53 72
8 53 73
8 54 74
8 59 62
8 61 72
9 0 1
9 0 2
9 1 3
9 1 4
9 2 5
9 2 6
9 2 7
9 3 8
9 3 9
9 4 10
9 5 11
9 6 8
9 6 12
9 6 13
9 7 14
9 8 15
9 8 16
9 9 10
9 9 17
9 9 18
9 10 19
9 10 20
9 11 21
9 12 15
9 12 22
9 12 23
9 13 20
9 14 24
9 14 25
9 15 26
9 18 27
9 18 28
9 19 29
9 19 30
9 19 31
9 19 32
9 20 33
9 21 34
9 21 35
9 24 36
9 26 37
9 26 38
9 27 39
9 27 40
9 28 39
9 28 41
9 29 42
9 30 43
9 30 44
9 30 45
9 31 46
9 31 47
9 31 48
9 32 44
9 33 49
9 34 50
9 34 51
9 35 52
9 35 53
9 36 54
9 37 55
9 38 40
9 39 56
9 40 57
9 41 58
9 42 59
9 43 45
9 43 60
9 43 61
9 48 59
10 0 1
10 0 2
10 0 3
10 1 4
10 3 5
10 5 6
10 5 7
10 6 8
10 7 9
10 8 10
10 8 11
10 9 12
10 11 13
10 11 14
10 11 15
10 12 16
10 12 17
10 12 18
10 13 19
10 13 20
10 14 21
10 15 22
10 16 23
10 16 24
10 18 25
10 18 26
10 19 27
10 19 28
10 19 29
10 20 30
10 21 31
10 22 32
10 24 33
10 24 34
10 24 35
10 26 36
10 26 37
10 27 38
10 28 39
10 29 40
10 29 41
10 29 42
10 30 40
10 30 43
10 31 44
10 32 45
10 33 46
10 33 47
10 33 48
10 34 49
10 34 50
10 36 51
10 36 52
10 39 53
10 40 54
10 41 55
10 41 56
10 42 55
10 42 57
10 43 58
10 48 49
10 49 56
11 0 1
11 0 2
11 1 3
11 2 4
11 2 5
11 3 6
11 5 7
11 5 8
11 6 9
11 7 10
11 8 11
11 8 12
11 10 13
11 11 14
11 11 15
11 12 16
11 14 17
11 15 18
11 15 19
11 19 20
11 19 21
11 20 22
11 21 23
11 21 24
11 22 25
11 23 26
11 24 27
11 25 28
11 26 29
11 28 30
11 28 31
11 28 32
11 29 33
11 29 34
11 33 35
11 35 36
11 36 37
12 0 1
12 1 2
12 1 3
12 1 4
12 2 5
12 3 6
12 3 7
12 6 8
12 6 9
12 6 10
12 8 11
12 9 12
12 9 13
12 10 14
12 11 15
12 11 16
12 12 17
12 12 18
12 13 19
12 14 18
12 15 20
12 16 21
12 17 22
12 17 23
12 18 24
12 18 25
12 19 26
12 19 27
12 20 21
12 20 28
12 21 29
12 22 30
12 22 31
12 23 32
12 23 33
12 24 34
12 24 35
12 24 36
12 26 27
12 27 37
12 27 38
12 28 39
12 28 40
12 29 41
12 30 42
12 31 43
12 31 44
12 31 45
12 32 46
12 32 47
12 32 48
12 34 45
12 34 49
12 36 50
12 36 51
12 36 52
12 37 53
12 37 54
12 38 55
12 39 56
12 40 57
12 40 58
12 40 59
12 42 43
12 42 60
12 42 61
12 42 62
12 44 45
12 44 63
12 45 64
12 46 47
12 46 65
12 46 66
12 47 55
12 47 67
12 48 68
12 50 69
12 50 70
12 51 71
12 51 72
12 52 71
12 52 73
12 52 74
12 53 75
12 54 76
12 55 77
12 55 78
12 57 79
12 58 80
12 61 62
13 0 1
13 0 2
13 2 3
13 2 4
13 2 5
13 3 6
13 5 7
13 6 8
13 6 9
13 7 10
13 9 11
13 11 12
13 11 13
13 12 14
13 13 15
13 14 16
13 14 17
13 15 17
13 16 18
13 17 19
13 18 20
13 20 21
13 21 22
13 21 23
13 21 24
13 21 25
13 21 26
13 22 27
13 23 28
13 24 29
13 27 30
13 28 31
13 29 32
13 30 33
13 31 34
13 31 35
13 32 36
13 33 37
13 34 38
13 34 39
13 36 40
13 37 41
13 39 42
13 40 43
13 40 44
13 43 45
13 44 46
13 44 47
13 45 48
13 45 49
13 46 50
13 48 51
13 49 52
13 49 53
13 50 54
13 50 55
13 51 56
13 52 57
13 53 58
13 53 59
13 54 60
13 54 61
13 56 62
13 57 63
13 57 64
13 58 65
13 61 66
13 62 67
13 62 68
13 63 69
13 65 70
13 66 71
14 0 1
14 0 2
14 1 3
14 2 4
14 2 5
14 3 6
14 3 7
14 4 8
14 4 9
14 6 7
14 6 10
14 6 11
14 7 12
14 7 13
14 8 14
14 8 15
14 11 16
14 11 17
14 12 18
14 15 19
14 16 20
14 17 21
14 18 20
14 18 22
14 19 23
14 20 24
14 22 25
14 23 26
14 23 27
14 24 28
14 25 29
14 25 30
14 26 31
14 27 32
14 30 33
14 30 34
14 31 35
14 33 36
14 33 37
14 33 38
14 34 39
14 34 40
14 35 41
14 35 42
14 38 43
14 38 44
14 38 45
14 39 46
14 40 47
14 40 48
14 41 49
14 41 50
14 42 51
14 43 46
14 43 52
14 43 53
14 44 54
14 46 55
14 47 56
14 47 57
14 48 58
14 49 59
14 50 60
14 50 61
14 50 62
14 51 63
14 52 64
14 53 65
14 53 66
14 54 65
14 54 67
14 54 68
14 55 57
14 55 69
14 55 70
14 56 71
14 56 72
14 59 61
14 59 73
14 60 74
14 60 75
14 61 76
14 61 77
14 62 78
14 63 79
14 64 80
14 64 81
14 65 82
14 66 83
14 66 84
14 71 85
14 73 77
14 75 86
14 76 87
14 77 78
14 78 88
14 79 89
14 80 90
14 82 91
15 0 1
15 0 2
15 1 3
15 2 4
15 3 5
15 3 6
15 4 7
15 4 8
15 5 9
15 7 10
15 7 11
15 8 12
15 8 13
15 9 14
15 9 15
15 9 16
15 10 17
15 10 18
15 10 19
15 11 20
15 11 21
15 12 22
15 12 23
15 12 24
15 13 15
15 13 25
15 13 26
15 14 27
15 14 28
15 16 29
15 17 30
15 17 31
15 19 30
15 19 32
15 19 33
15 20 34
15 20 35
15 21 33
15 21 36
15 22 37
15 23 38
15 23 39
15 23 40
15 26 38
15 26 41
15 28 42
15 28 43
15 29 44
15 30 45
15 31 37
15 31 46
15 32 33
15 32 47
15 32 48
15 34 49
15 34 50
15 35 51
15 35 52
15 36 48
15 39 53
15 40 54
15 40 55
15 41 56
15 42 57
15 42 58
15 44 59
15 45 47
15 45 60
15 46 60
15 46 61
15 47 48
15 47 62
15 49 63
15 50 64
15 50 65
15 51 66
15 52 67
15 53 68
16 0 1
16 1 2
16 2 3
16 3 4
16 4 5
16 5 6
16 6 7
16 7 8
16 8 9
16 8 10
16 8 11
16 9 12
16 9 13
16 9 14
16 10 15
16 11 16
16 12 17
16 13 18
16 13 19
16 14 20
16 15 21
16 16 22
16 18 23
16 18 24
16 19 25
16 20 26
16 22 27
16 23 28
16 23 29
16 24 30
16 24 31
16 24 32
16 25 30
16 25 33
16 26 34
16 27 35
16 28 36
16 28 37
16 30 38
16 31 39
16 32 40
16 33 41
16 34 42
16 35 43
16 36 44
16 37 45
16 38 46
16 39 47
16 39 48
16 40 49
16 41 50
16 42 51
16 42 52
16 42 53
16 43 54
16 44 55
16 45 56
16 45 57
16 46 57
16 46 58
16 48 59
16 49 60
16 49 61
16 49 62
16 51 63
16 52 64
16 53 65
16 54 66
16 56 67
16 56 68
16 57 69
16 58 70
16 58 71
16 59 72
16 60 73
16 61 74
16 68 69
16 69 70
17 0 1
17 0 2
17 1 3
17 3 4
17 3 5
17 5 6
17 6 7
17 6 8
17 8 9
17 9 10
17 9 11
17 10 12
17 10 13
17 12 14
17 12 15
17 13 16
17 14 17
17 14 18
17 16 19
17 17 20
17 17 21
17 20 22
17 20 23
17 21 24
17 21 25
17 22 26
17 23 27
17 23 28
17 24 29
17 24 30
17 25 31
17 26 32
17 27 28
17 27 33
17 28 34
17 28 35
17 30 36
17 31 37
17 32 38
17 32 39
17 32 40
17 33 41
17 34 40
17 34 42
17 35 43
17 37 44
17 39 45
17 39 46
17 40 47
17 40 48
17 41 49
17 41 50
17 42 51
17 42 52
17 42 53
17 43 54
17 45 55
17 45 56
17 45 57
17 45 58
17 47 57
17 48 54
17 49 59
17 50 60
17 51 61
17 51 62
17 52 63
17 53 64
17 53 65
17 55 56
17 55 66
17 55 67
17 56 68
17 56 69
17 57 63
17 58 70
17 59 71
17 60 72
17 61 73
17 62 74
17 62 75
17 62 76
17 63 77
17 64 78
17 64 79
17 66 69
17 68 77
18 0 1
18 0 2
18 0 3
18 0 4
18 1 5
18 2 6
18 2 7
18 3 8
18 4 9
18 5 10
18 5 11
18 5 12
18 6 13
18 7 14
18 7 15
18 7 16
18 8 17
18 9 18
18 9 19
18 10 20
18 11 21
18 11 22
18 11 23
18 11 24
18 13 25
18 13 26
18 14 27
18 14 28
18 15 29
18 15 30
18 16 31
18 17 32
18 18 33
18 19 34
18 21 35
18 22 36
18 23 37
18 23 38
18 24 39
18 24 40
18 25 41
18 25 42
18 27 43
18 27 44
18 27 45
18 28 46
18 28 47
18 28 48
18 29 49
18 29 50
18 30 51
18 31 52
18 31 53
18 32 54
18 33 55
18 34 42
18 34 56
18 34 57
18 35 58
18 35 59
18 37 60
18 39 59
18 39 60
18 39 61
18 40 55
18 41 51
18 42 56
18 42 62
18 43 44
18 43 63
18 44 64
18 45 65
18 46 53
18 47 66
18 48 67
18 48 68
18 48 69
18 51 70
18 52 54
18 53 71
18 54 72
18 54 73
18 56 74
18 59 61
18 65 66
18 67 71
18 71 73
19 0 1
19 1 2
19 1 3
19 2 4
19 2 5
19 3 6
19 3 7
19 3 8
19 4 9
19 5 6
19 5 10
19 5 11
19 6 12
19 6 13
19 8 14
19 9 15
19 10 16
19 10 17
19 10 18
19 11 19
19 13 20
19 14 21
19 14 22
19 15 23
19 16 24
19 18 25
19 19 26
19 21 27
19 24 28
19 24 29
19 25 30
19 25 31
19 26 32
19 27 33
19 29 34
19 30 35
19 30 36
19 31 37
19 32 38
19 32 39
19 32 40
19 33 41
19 34 42
19 38 43
19 38 44
19 39 45
19 39 46
19 44 47
19 45 47
19 45 48
19 45 49
19 45 50
19 45 51
19 46 52
19 47 53
19 47 54
19 48 55
19 49 56
19 50 57
19 51 58
19 52 59
19 53 60
19 53 61
19 53 62
19 54 63
19 55 64
19 55 65
19 56 66
19 57 67
19 58 68
19 58 69
19 59 70
19 59 71
19 59 72
19 60 73
19 60 74
19 61 74
19 61 75
19 62 76
19 63 77
19 64 78
19 66 79
19 67 80
19 68 72
19 70 81
19 70 82
19 71 83
20 0 1
20 0 2
20 1 3
20 2 4
20 3 5
20 3 6
20 4 7
20 4 8
20 4 9
20 5 10
20 5 11
20 5 12
20 6 13
20 7 14
20 8 15
20 8 16
20 9 17
20 10 17
20 11 12
20 11 18
20 13 19
20 15 20
20 15 21
20 16 22
20 16 23
20 16 24
20 17 25
20 17 26
20 18 27
20 19 21
20 20 24
20 23 28
20 23 29
20 23 30
20 24 29
20 25 31
20 26 32
20 26 33
20 26 34
20 27 35
20 27 36
20 28 37
20 28 38
20 30 39
20 31 40
20 32 41
20 32 42
20 32 43
20 33 34
20 33 44
20 33 45
20 34 46
20 34 47
20 35 48
20 35 49
20 35 50
20 36 51
20 36 52
20 37 53
20 38 54
20 38 55
20 38 56
20 39 57
20 40 58
20 40 59
20 40 60
20 41 59
20 41 61
20 43 47
20 43 62
20 44 63
20 45 52
20 45 64
20 47 62
20 48 65
20 48 66
20 49 67
20 50 68
20 51 68
20 51 69
20 51 70
20 52 71
20 53 72
20 53 73
20 54 74
20 54 75
20 55 76
20 55 77
21 0 1
21 0 2
21 1 3
21 2 4
21 3 5
21 4 6
21 5 7
21 6 8
21 7 9
21 7 10
21 7 11
21 8 12
21 8 13
21 8 14
21 10 15
21 11 16
21 12 17
21 13 18
21 14 19
21 14 20
21 14 21
21 15 22
21 15 23
21 16 24
21 16 25
21 16 26
21 17 27
21 18 28
21 19 29
21 19 30
21 20 31
21 21 32
21 22 33
21 23 34
21 24 35
21 24 36
21 24 37
21 26 38
21 28 39
21 29 40
21 30 41
21 30 42
21 31 43
21 33 44
21 33 45
21 35 46
21 35 47
21 35 48
21 36 49
21 37 50
21 39 51
21 40 52
21 40 53
21 41 49
21 41 53
21 41 54
21 42 55
21 42 56
21 43 57
21 44 58
21 44 59
21 46 60
21 46 61
21 47 62
21 47 63
21 48 63
21 48 64
21 48 65
21 50 66
21 51 67
21 52 68
21 53 69
21 54 70
21 55 71
21 55 72
21 57 73
21 59 74
21 60 75
21 60 76
21 61 77
22 0 1
22 1 2
23 0 1
23 1 2
23 1 3
23 1 4
23 2 5
23 3 6
23 3 7
23 5 8
23 5 9
23 5 10
23 6 10
23 6 11
23 7 12
23 9 13
23 9 14
23 9 15
23 10 16
23 10 17
23 11 18
23 11 19
23 12 20
23 15 21
23 15 22
23 16 23
23 17 24
23 17 25
23 18 26
23 19 27
23 20 28
23 21 24
23 21 29
23 22 30
23 22 31
23 23 32
23 23 33
23 25 34
23 25 35
23 25 36
23 26 37
23 27 38
23 28 39
23 29 40
23 29 41
23 31 42
23 32 43
23 34 41
23 37 44
23 38 45
23 39 46
23 40 47
23 41 48
23 42 49
23 42 50
23 44 51
23 44 52
23 44 53
23 44 54
23 45 55
23 45 56
23 46 57
23 46 58
23 48 59
23 48 60
23 49 61
23 49 62
23 50 63
23 51 64
23 55 65
23 55 66
24 0 1
24 0 2
24 1 3
24 1 4
24 2 5
24 2 6
24 2 7
24 3 8
24 4 9
24 4 10
24 5 5
24 5 11
24 6 12
24 7 13
24 8 14
24 10 15
24 11 16
24 12 17
24 13 18
24 13 19
24 14 20
24 16 21
24 17 22
24 18 23
24 20 24
24 22 25
24 23 26
24 23 27
24 24 28
24 24 29
24 24 30
24 24 31
24 25 32
24 26 33
24 27 34
24 29 35
24 29 36
24 30 37
24 31 38
24 32 39
24 32 40
24 32 41
24 33 42
24 33 43
24 34 44
24 35 45
24 35 46
24 36 45
24 36 47
24 37 48
24 37 49
24 38 50
24 40 51
24 41 52
24 42 53
24 44 54
24 45 55
24 45 56
24 45 57
24 46 58
24 48 49
24 48 59
24 48 60
24 49 61
24 49 62
24 50 63
24 51 64
24 54 65
24 54 66
24 55 67
24 56 68
24 57 69
24 58 70
24 59 71
24 61 72
24 62 73
24 63 74
24 63 75
24 64 76
24 64 77
24 65 78
24 66 79
24 66 80
24 66 81
24 68 82
24 68 83
24 69 84
24 70 85
24 71 86
24 71 87
24 72 88
24 80 81
25 0 1
25 0 2
25 0 3
25 0 4
25 1 5
25 1 6
25 6 7
25 6 8
25 6 9
25 8 10
25 10 11
26 0 1
26 1 2
26 1 3
26 1 4
26 2 5
26 2 6
26 2 7
26 3 8
26 4 9
26 4 10
26 5 11
26 5 12
26 5 13
26 5 14
26 7 14
26 7 15
26 7 16
26 8 17
26 9 18
26 9 19
26 10 20
26 12 21
26 12 22
26 12 23
26 13 24
26 13 25
26 15 21
26 15 26
26 16 27
26 17 28
26 18 29
26 19 30
26 19 31
26 20 32
26 21 33
26 22 34
26 23 35
26 23 36
26 25 37
26 26 32
26 26 33
26 27 38
26 27 39
26 28 40
26 28 41
26 29 42
26 31 43
26 32 44
26 35 45
26 35 46
26 36 47
26 37 48
26 37 49
26 37 50
26 38 51
26 38 52
26 38 53
26 39 51
26 39 54
26 40 55
26 40 56
26 40 57
26 41 58
26 41 59
26 42 54
26 42 60
26 42 61
26 42 62
26 43 63
26 44 46
26 44 64
26 44 65
26 45 66
26 45 67
26 47 68
26 47 69
26 48 70
26 49 71
26 50 69
26 51 72
26 51 73
26 55 58
26 57 60
27 0 1
27 1 2
27 2 3
27 2 4
27 3 5
27 5 6
27 5 7
27 5 8
27 5 9
27 5 10
27 6 11
27 6 12
27 7 13
27 8 14
27 9 15
27 9 16
27 9 17
27 10 18
27 11 19
27 12 20
27 12 21
27 12 22
27 13 23
27 14 24
27 15 25
27 15 26
27 15 27
27 16 28
27 17 22
27 18 29
27 18 30
27 19 31
27 20 32
27 22 33
27 23 34
27 24 35
27 25 36
27 25 37
27 26 38
27 27 37
27 27 39
27 28 40
27 29 41
27 31 41
27 31 42
27 31 43
27 32 44
27 34 45
27 39 46
27 42 47
27 42 48
27 43 49
27 43 50
27 43 51
27 43 52
27 44 53
27 45 54
27 45 55
27 47 56
27 47 57
27 48 58
27 49 59
27 50 60
27 51 61
27 52 62
27 53 63
27 53 64
27 53 65
27 54 66
27 55 67
27 55 68
27 56 69
27 56 70
27 57 69
27 58 71
27 59 72
27 60 73
27 60 74
27 61 75
27 61 76
27 62 77
27 63 78
27 63 79
27 64 80
27 64 81
27 64 82
27 65 83
27 65 84
27 65 85
27 66 86
27 69 74
27 78 81
28 0 1
28 0 2
28 1 3
28 1 4
28 1 5
28 2 6
28 2 7
28 5 8
28 5 9
28 5 10
28 6 11
28 7 8
28 7 12
28 8 13
28 9 14
28 9 15
28 10 16
28 10 17
28 11 18
28 12 19
28 12 20
28 12 21
28 13 22
28 14 17
28 14 23
28 15 24
28 17 25
28 17 26
28 19 27
28 21 27
28 21 28
28 22 29
28 22 30
28 22 31
28 22 32
28 24 33
28 25 34
28 25 35
28 25 36
28 25 37
28 27 38
28 29 39
28 30 38
28 30 40
28 30 41
28 31 42
28 32 43
28 33 44
28 34 45
28 34 46
28 37 47
28 37 48
28 38 49
28 39 50
28 39 51
28 40 52
28 41 53
28 42 54
28 43 55
28 44 56
28 44 57
28 44 58
28 45 59
28 46 60
28 46 61
28 49 62
28 50 63
28 50 64
28 51 64
28 54 57
28 55 64
29 0 1
29 0 2
29 1 3
29 2 4
29 3 5
29 3 6
29 5 7
29 5 8
29 6 8
29 6 9
29 6 10
29 7 11
29 8 12
29 9 13
29 9 14
29 10 15
29 11 12
29 11 16
29 12 17
29 13 18
29 14 19
29 15 20
29 15 21
29 16 22
29 16 23
29 18 24
29 18 25
29 19 26
29 20 27
29 20 28
29 21 29
29 22 30
29 22 31
29 23 32
29 23 33
29 24 34
29 25 35
29 26 36
29 27 37
29 27 38
29 28 39
29 29 34
29 29 37
29 30 40
29 31 41
29 31 42
29 32 43
29 32 44
29 33 45
29 33 46
29 33 47
29 34 48
29 34 49
29 36 45
29 36 50
29 36 51
29 37 52
29 38 39
29 38 53
29 39 54
29 39 55
29 40 56
29 41 57
29 41 58
29 42 59
29 45 51
29 52 53
29 57 59
30 0 1
30 1 2
30 1 3
30 1 4
30 1 5
30 2 6
30 2 7
30 2 8
30 3 9
30 3 10
30 3 11
30 4 12
30 4 13
30 5 11
30 6 14
30 7 15
30 7 16
30 8 17
30 8 18
30 10 19
30 10 20
30 10 21
30 11 16
30 11 22
30 12 23
30 15 24
30 16 24
30 17 25
30 18 26
30 18 27
30 19 28
30 21 29
30 21 30
30 22 31
30 23 32
30 23 33
30 23 34
30 24 35
30 25 36
30 25 37
30 26 38
30 27 39
30 27 40
30 28 41
30 29 42
30 30 43
30 30 44
30 31 45
30 31 46
30 32 47
30 33 37
30 34 48
30 35 38
30 35 42
30 36 49
30 37 50
30 38 51
30 38 52
30 39 53
30 40 54
30 40 55
30 41 56
30 43 57
30 44 58
30 44 59
30 45 60
30 45 61
30 45 62
30 46 61
30 46 63
30 47 64
30 47 65
30 48 66
30 48 67
30 49 68
30 50 69
30 67 69
31 0 1
31 1 2
31 1 3
31 1 4
31 2 5
31 3 6
31 4 7
31 5 8
31 5 9
31 7 10
31 8 11
31 8 12
31 8 13
31 9 14
31 10 15
31 11 16
31 12 17
31 12 18
31 14 17
31 14 19
31 14 20
31 16 21
31 16 22
31 16 23
31 17 24
31 17 25
31 18 26
31 18 27
31 19 28
31 20 29
31 20 30
31 21 31
31 22 32
31 23 33
31 23 34
31 25 35
31 26 36
31 26 37
31 27 38
31 28 39
31 28 40
31 31 41
31 31 42
31 32 43
31 34 44
31 34 45
31 35 46
31 36 47
31 36 48
31 37 49
31 37 50
31 37 51
31 38 41
31 43 52
31 44 53
31 44 54
31 46 51
31 46 55
31 47 56
31 47 57
31 48 58
31 48 59
31 49 59
31 49 60
31 49 61
31 51 61
31 52 62
31 52 63
31 52 64
31 54 65
31 55 66
31 55 67
31 56 68
31 56 69
31 57 70
31 57 71
31 58 72
31 59 60
31 60 72
31 60 73
31 61 74
31 62 75
31 62 76
31 63 77
31 64 78
31 65 79
31 66 74
31 66 80
31 66 81
31 66 82
31 67 83
31 68 84
31 69 85
31 72 73
31 73 74
31 82 83
32 0 1
32 0 2
32 1 3
32 2 4
32 3 5
32 3 6
32 4 7
32 4 8
32 5 9
32 6 10
32 7 11
32 7 12
32 7 13
32 8 14
32 9 15
32 9 16
32 10 17
32 10 18
32 11 12
32 11 19
32 12 20
32 12 21
32 14 22
32 14 23
32 14 24
32 16 25
32 17 26
32 20 27
32 20 28
32 22 29
32 23 30
32 24 31
32 26 32
32 26 33
32 26 34
32 27 35
32 27 36
32 28 37
32 29 38
32 32 39
32 33 40
32 34 34
32 34 41
32 36 42
32 37 43
32 39 44
32 39 45
32 40 46
32 41 47
32 42 48
32 42 49
32 43 50
32 43 51
32 44 52
32 44 53
32 45 54
32 46 55
32 47 56
32 49 57
32 50 58
32 53 59
32 54 60
32 55 61
32 57 62
32 58 63
32 58 64
32 60 65
32 61 66
33 0 1
33 0 2
33 2 3
33 2 4
33 3 5
33 4 6
33 5 7
33 5 8
33 6 9
33 7 10
33 8 11
33 8 12
33 8 13
33 9 14
33 10 15
33 11 16
33 11 17
33 12 18
33 13 19
33 14 20
33 15 21
33 16 22
33 17 23
33 18 24
33 20 25
33 20 26
33 21 27
33 22 28
33 23 29
33 25 30
33 25 31
33 26 32
33 27 33
33 28 34
33 29 35
33 30 36
33 32 37
33 33 38
33 34 39
33 35 40
33 36 41
33 36 42
33 36 43
33 37 44
33 38 45
33 38 46
33 39 47
33 39 48
33 41 49
33 41 50
33 41 51
33 44 52
33 44 53
33 45 54
33 46 55
33 46 56
33 47 57
33 51 58
33 51 59
33 51 60
33 52 61
33 53 62
33 54 63
33 55 64
33 55 65
33 57 66
33 59 67
33 61 68
33 62 69
33 62 70
33 63 71
33 63 72
33 64 73
34 0 1
34 0 2
34 0 3
34 1 4
34 1 5
34 2 6
34 3 7
34 4 8
34 4 9
34 5 10
34 6 11
34 7 12
34 8 13
34 8 14
34 9 15
34 11 16
34 12 15
34 13 17
34 14 18
34 15 19
34 15 20
34 16 21
34 16 22
34 17 23
34 18 24
34 18 25
34 19 20
34 19 26
34 19 27
34 20 28
34 21 26
34 21 29
34 22 30
34 23 31
34 24 32
34 25 33
34 28 34
34 29 35
34 29 36
34 30 37
34 30 38
34 32 39
34 32 40
34 33 41
34 34 42
34 34 43
34 34 44
34 34 45
34 35 46
34 35 47
34 36 48
34 36 49
34 37 50
34 38 51
34 38 52
34 38 53
34 39 54
34 39 55
34 40 55
34 40 56
34 41 57
34 41 58
34 41 59
34 41 60
34 43 61
34 44 62
34 45 63
34 45 64
34 46 65
34 47 66
34 48 67
34 48 68
34 49 69
34 49 70
34 50 71
34 52 72
34 52 73
34 53 74
34 55 75
34 56 76
34 56 77
34 58 59
34 62 75
35 0 1
35 0 2
35 1 3
35 1 4
35 1 5
35 2 6
35 3 7
35 3 8
35 3 9
35 5 10
35 5 11
35 5 12
35 6 13
35 7 10
35 7 14
35 8 15
35 8 16
35 8 17
35 9 18
35 9 19
35 10 12
35 12 20
35 12 21
35 13 22
35 14 17
35 15 23
35 15 24
35 16 25
35 16 26
35 17 27
35 17 28
35 18 29
35 18 30
35 18 31
35 19 32
35 19 33
35 20 34
35 20 35
35 20 36
35 21 37
35 22 38
35 23 39
35 24 39
35 24 40
35 24 41
35 25 41
35 25 42
35 26 43
35 27 34
35 27 44
35 27 45
35 30 46
35 32 38
35 35 47
35 36 48
35 38 49
35 38 50
35 38 51
35 39 52
35 40 52
35 40 53
35 40 54
35 41 55
35 42 56
35 42 57
35 43 58
35 44 48
35 44 59
35 44 60
35 45 61
35 47 62
35 47 63
35 48 64
35 49 65
35 49 66
35 50 67
35 51 66
35 51 68
35 52 69
35 53 70
35 53 71
35 53 72
35 54 73
35 55 74
35 56 75
35 56 76
36 0 1
36 0 2
36 0 3
36 0 4
36 1 5
36 1 6
36 2 7
36 2 8
36 2 9
36 3 10
36 3 11
36 3 12
36 4 13
36 5 14
36 7 15
36 8 14
36 8 16
36 8 17
36 9 18
36 9 19
36 9 20
36 10 21
36 12 22
36 13 23
36 14 24
36 14 25
36 15 26
36 16 27
36 16 28
36 17 29
36 18 30
36 19 29
36 19 31
36 19 32
36 19 33
36 21 34
36 22 35
36 23 36
36 24 37
36 24 38
36 25 39
36 26 40
36 27 38
36 27 41
36 30 42
36 31 43
36 32 43
36 32 44
36 32 45
36 33 46
36 33 47
36 33 48
36 35 49
36 36 50
36 36 51
36 36 52
36 37 39
36 37 53
36 37 54
36 39 45
36 41 55
36 41 56
36 44 45
36 44 57
36 44 58
36 46 59
36 46 60
36 47 61
36 48 62
36 48 63
36 48 64
36 50 65
36 51 66
36 51 67
36 52 68
36 53 69
36 61 64
36 62 68
37 0 1
38 0 1
38 0 2
38 0 3
38 0 4
38 1 5
38 1 6
38 2 3
38 2 7
38 2 8
38 3 9
38 4 6
38 4 10
38 4 11
38 5 8
38 5 12
38 6 13
38 7 8
38 7 14
38 8 15
38 9 14
38 9 16
38 11 16
38 11 17
38 12 18
38 12 19
38 12 20
38 12 21
38 13 18
38 13 22
38 15 19
38 15 23
38 16 24
38 17 25
38 17 26
38 18 27
38 20 28
38 21 29
38 21 30
38 21 31
38 22 32
38 24 33
38 24 34
38 25 35
38 26 36
38 26 37
38 27 31
38 30 38
38 30 39
38 31 40
38 31 41
38 32 37
38 33 42
38 33 43
38 34 44
38 34 45
38 35 46
38 36 47
38 36 48
38 36 49
38 37 50
38 37 51
38 38 52
38 39 53
38 42 54
38 42 55
38 43 56
38 44 57
38 45 58
38 46 59
38 48 60
38 49 61
38 49 62
38 50 61
38 50 63
38 50 64
38 52 65
38 53 66
38 54 67
38 55 68
38 55 69
38 55 70
38 56 71
38 57 72
38 59 73
38 59 74
38 60 73
38 60 75
39 0 1
39 0 2
39 0 3
39 1 4
39 1 5
39 1 6
39 2 7
39 2 8
39 5 8
39 5 9
39 5 10
39 6 11
39 7 12
39 8 13
39 8 14
39 9 15
39 11 16
39 11 17
39 12 18
39 13 19
39 13 20
39 13 21
39 14 22
39 16 23
39 18 24
39 19 25
39 20 26
39 22 27
39 23 28
39 25 29
39 25 30
39 26 31
39 26 32
39 27 33
39 28 34
39 29 35
39 31 36
39 31 37
39 32 38
39 33 39
39 33 40
39 33 41
39 35 42
39 39 43
39 39 44
39 41 45
39 41 46
39 44 47
39 45 48
39 46 47
39 46 49
39 46 50
39 46 51
39 46 52
39 47 53
39 47 54
39 48 55
39 49 56
39 50 57
39 51 58
39 52 59
39 53 60
39 53 61
39 53 62
39 54 63
39 55 64
39 55 65
39 55 66
39 56 67
39 57 68
39 57 69
39 58 70
39 59 71
39 59 72
39 60 73
39 60 74
39 61 75
39 62 73
39 62 76
39 63 77
39 64 78
39 64 79
39 65 68
39 66 80
40 0 1
40 0 2
40 0 3
40 0 4
40 1 5
40 1 6
40 2 7
40 3 8
40 3 9
40 3 10
40 4 10
40 4 11
40 4 12
40 5 13
40 7 14
40 9 15
40 13 16
40 13 17
40 15 18
40 17 19
40 18 20
40 18 21
40 18 22
40 19 23
40 19 24
40 20 25
40 21 26
40 21 27
40 22 28
40 25 29
40 26 30
40 27 31
40 27 32
40 28 33
40 29 34
40 30 35
40 31 36
40 31 37
40 32 38
40 34 39
40 34 40
40 34 41
40 37 42
40 38 43
40 39 44
40 40 45
40 41 46
40 41 47
40 43 48
40 44 49
40 44 50
40 44 51
40 45 52
40 45 53
40 46 54
40 46 55
40 48 56
40 49 57
40 49 58
40 50 59
40 50 60
40 53 61
40 54 62
40 54 63
40 57 64
40 57 65
40 58 66
40 58 67
40 58 68
40 59 69
40 60 66
40 61 65
41 0 1
41 0 2
41 2 3
41 2 4
41 3 5
41 4 6
41 4 7
41 5 7
41 5 8
41 6 9
41 6 10
41 8 11
41 9 12
41 9 13
41 9 14
41 10 15
41 11 16
41 11 17
41 11 18
41 12 19
41 13 20
41 16 21
41 16 22
41 17 23
41 18 24
41 18 25
41 20 26
41 22 27
41 22 28
41 22 29
41 23 30
41 24 30
41 24 31
41 25 32
41 28 33
41 30 34
41 30 35
41 31 36
41 31 37
41 32 38
41 32 39
41 34 40
41 34 41
41 34 42
41 36 43
41 36 44
41 37 45
41 37 46
41 38 39
41 38 47
41 38 48
41 40 49
41 40 50
41 40 51
41 41 52
41 41 53
41 43 54
41 43 55
41 43 56
41 45 53
41 45 57
41 45 58
41 46 59
41 47 60
41 47 61
41 48 62
41 49 63
41 49 64
41 50 64
41 53 57
41 54 55
41 55 62
41 58 59
42 0 1
42 0 2
42 0 3
42 0 4
42 1 5
42 2 6
42 3 4
42 3 7
42 4 8
42 4 9
42 5 10
42 5 11
42 6 12
42 7 13
42 8 14
42 9 15
42 9 16
42 10 17
42 11 18
42 12 19
42 13 20
42 13 21
42 13 22
42 15 23
42 15 24
42 16 25
42 17 26
42 17 27
42 17 28
42 18 29
42 19 30
42 20 31
42 20 32
42 21 33
42 21 34
42 22 30
42 23 27
42 25 35
42 25 36
42 26 37
42 27 38
42 28 39
42 29 40
42 30 41
42 31 42
42 32 43
42 32 44
42 33 45
42 33 46
42 34 36
42 34 47
42 35 48
42 37 49
42 38 48
42 38 50
42 38 51
42 39 52
42 39 53
42 39 54
42 40 55
42 41 56
42 44 57
42 44 58
42 45 59
42 46 60
42 47 61
42 47 62
42 48 63
42 49 64
42 50 65
42 50 66
42 51 67
42 52 55
42 52 68
42 52 69
42 56 57
43 0 1
44 0 1
44 1 2
44 1 3
44 2 4
44 2 5
44 2 6
44 3 7
44 3 8
44 3 9
44 4 10
44 4 11
44 5 12
44 5 13
44 8 14
44 9 15
44 10 16
44 10 17
44 10 18
44 11 19
44 12 20
44 13 21
44 14 22
44 14 23
44 15 21
44 16 24
44 16 25
44 16 26
44 17 26
44 18 22
44 19 27
44 19 28
44 20 29
44 20 30
44 21 31
44 23 32
44 23 33
44 24 34
44 24 35
44 26 36
44 27 37
44 27 38
44 28 39
44 28 40
44 29 41
44 29 42
44 30 43
44 30 44
44 31 45
44 32 46
44 33 47
44 34 36
44 34 48
44 35 49
44 35 50
44 35 51
44 37 52
44 37 53
44 38 54
44 38 55
44 39 56
44 40 57
44 41 58
44 41 59
44 41 60
44 42 61
44 43 62
44 43 63
44 44 54
44 45 64
44 46 65
44 48 66
44 49 67
44 50 68
44 51 69
44 52 70
44 55 71
44 56 72
44 58 73
44 58 74
44 60 75
44 61 76
44 62 77
44 64 78
44 65 79
44 66 80
44 67 81
45 0 1
45 0 2
45 2 3
45 3 4
45 3 5
45 4 6
45 5 7
45 5 8
45 7 9
45 7 10
45 8 11
45 8 12
45 9 13
45 9 14
45 10 15
45 11 16
45 11 17
45 12 18
45 12 19
45 13 20
45 14 21
45 14 22
45 14 23
45 15 24
45 16 25
45 16 26
45 17 27
45 17 28
45 17 29
45 18 30
45 19 29
45 19 31
45 21 32
45 23 33
45 24 34
45 24 35
45 24 36
45 25 37
45 26 38
45 26 39
45 28 40
45 28 41
45 29 31
45 29 40
45 30 31
45 30 42
45 31 42
45 32 43
45 32 44
45 33 45
45 34 46
45 35 47
45 36 48
45 36 49
45 36 50
45 37 51
45 38 52
45 38 53
45 38 54
45 39 55
45 39 56
45 39 57
45 40 58
45 41 59
45 41 60
45 42 58
45 42 61
45 43 62
45 44 63
45 54 60
46 0 1
46 0 2
46 1 3
46 1 4
46 2 5
46 3 6
46 4 7
46 5 8
46 5 9
46 6 10
46 9 11
47 0 1
47 0 2
47 1 3
47 2 4
47 2 5
47 2 6
47 3 7
47 4 8
47 7 9
47 8 10
47 9 11
47 10 12
47 11 13
47 13 14
47 13 15
47 13 16
47 15 17
47 15 18
47 16 19
47 18 20
47 18 21
47 18 22
47 20 23
47 21 24
47 22 25
47 23 26
47 23 27
47 24 28
47 25 29
47 26 30
47 27 31
47 29 32
47 30 33
47 31 34
47 32 35
47 32 36
47 33 37
47 33 38
47 34 39
47 35 40
47 35 41
47 37 42
47 37 43
47 38 44
47 40 45
47 40 46
47 41 47
47 43 48
47 43 49
47 44 50
47 45 51
47 46 52
47 47 53
47 47 54
47 49 55
47 50 56
47 51 57
47 51 58
47 52 59
47 53 60
47 55 61
47 56 62
47 57 63
47 58 64
47 58 65
47 59 66
47 60 67
47 62 68
48 0 1
48 1 2
48 2 3
48 3 4
48 4 5
48 4 6
48 4 7
48 6 8
48 8 9
48 9 10
48 10 11
48 11 12
48 12 13
48 13 14
48 13 15
48 13 16
48 14 17
48 14 18
48 16 19
48 17 20
48 17 21
48 17 22
48 20 23
48 21 24
48 22 25
48 23 26
48 23 27
48 24 28
48 25 29
48 26 30
48 27 31
48 28 32
48 30 33
48 31 34
48 32 35
48 32 36
48 33 37
48 34 38
48 34 39
48 35 40
48 35 41
48 38 42
48 39 43
48 39 44
48 40 45
48 41 46
48 41 47
48 42 48
49 0 1
50 0 1
50 1 2
51 0 1
51 0 2
51 1 3
51 2 4
51 3 5
51 4 6
51 5 7
51 5 8
51 6 9
51 7 10
51 8 11
51 8 12
51 8 13
51 10 14
51 11 15
51 11 16
51 11 17
51 12 18
51 13 19
51 13 20
51 13 21
51 14 22
51 14 23
51 15 20
51 15 24
51 17 25
51 17 26
51 19 27
51 20 28
51 20 29
51 21 30
51 21 31
51 22 27
51 24 28
51 24 32
51 26 33
51 26 34
51 26 35
51 28 36
51 28 37
51 29 38
51 29 39
51 29 40
51 30 38
51 31 41
51 32 42
51 33 43
51 33 44
51 35 45
51 36 46
51 36 47
51 37 48
51 38 49
51 38 50
51 38 51
51 39 49
51 39 52
51 39 53
51 40 54
51 40 55
51 41 56
51 42 57
51 44 46
51 44 58
51 45 59
51 46 60
51 48 54
51 48 55
51 49 61
51 50 62
51 51 63
51 52 64
51 52 65
51 53 64
51 53 66
51 54 67
51 55 68
51 55 69
51 56 70
51 59 71
51 59 72
51 61 73
51 62 74
51 63 75
51 70 74
52 0 1
52 1 2
52 2 3
52 2 4
52 4 5
52 4 6
52 5 7
52 7 8
52 8 9
52 8 10
52 8 11
52 8 12
52 8 13
52 9 14
52 10 15
52 13 16
52 14 17
52 15 18
52 16 19
52 17 20
52 18 21
52 19 22
52 20 23
52 20 24
52 21 25
52 22 26
52 23 27
52 23 28
52 24 29
52 25 30
52 26 31
52 26 32
52 27 33
52 29 33
52 29 34
52 31 35
52 32 36
52 32 37
52 34 38
52 35 39
52 35 40
52 36 41
52 38 42
52 38 43
52 39 44
52 39 45
52 40 46
52 41 47
52 41 48
52 43 49
52 44 50
52 45 51
52 45 52
52 46 53
52 47 54
52 47 55
52 49 56
52 49 57
52 49 58
52 50 59
52 50 60
52 51 61
52 53 62
52 55 63
52 56 64
52 57 65
52 60 66
52 61 67
52 62 68
52 62 69
52 63 70
52 64 71
52 66 72
52 67 73
52 68 74
52 69 75
52 69 76
52 69 77
52 70 78
52 72 79
53 0 1
53 0 2
53 0 3
53 1 4
53 1 5
53 2 6
53 3 7
53 4 8
53 5 9
53 6 10
53 6 11
53 6 12
53 7 13
53 7 14
53 8 12
53 8 15
53 11 12
53 11 16
53 12 17
53 14 18
53 14 19
53 15 20
53 16 21
53 18 22
53 18 23
53 19 24
53 19 25
53 19 26
53 21 27
53 22 28
53 23 29
53 23 30
53 24 31
53 24 32
53 24 33
53 27 34
53 27 35
53 28 32
53 28 36
53 29 37
53 29 38
53 30 39
53 32 40
53 32 41
53 33 42
53 34 43
53 34 44
53 36 38
53 36 45
53 36 46
53 37 47
53 37 48
53 40 49
53 41 50
53 41 51
53 42 51
53 42 52
53 42 53
53 44 54
53 44 55
53 48 56
53 49 57
53 49 58
53 50 59
53 50 60
53 51 61
53 55 62
53 56 63
53 57 64
53 59 65
53 60 66
53 61 67
53 62 68
54 0 1
54 1 2
54 1 3
54 2 4
54 2 5
54 2 6
54 2 7
54 4 8
54 4 9
54 6 10
54 6 11
54 6 12
54 8 13
54 8 14
54 9 15
54 10 16
54 10 17
54 12 18
54 12 19
54 13 20
54 14 21
54 14 22
54 15 23
54 15 24
54 16 19
54 16 25
54 19 26
54 19 27
54 20 28
54 21 29
54 22 30
54 22 31
54 23 32
54 24 33
54 25 34
54 26 35
54 26 36
54 27 37
54 27 38
54 27 39
54 28 40
54 29 41
54 32 42
54 33 43
54 34 44
54 35 45
54 36 46
54 36 47
54 37 46
54 40 48
54 41 49
54 41 50
54 42 51
54 43 52
54 43 53
54 44 54
54 45 55
54 45 56
54 45 57
54 45 58
54 46 59
54 47 60
54 47 61
54 47 62
54 48 63
54 49 64
54 52 65
54 53 66
54 53 67
54 53 68
54 54 69
54 54 70
54 54 71
54 55 72
54 55 73
54 55 74
54 56 75
54 57 76
54 58 77
54 59 78
54 60 79
54 61 79
54 61 80
54 64 81
54 74 79
55 0 1
55 0 2
55 0 3
55 1 4
55 2 5
55 3 6
55 3 7
55 4 5
55 4 8
55 4 9
55 4 10
55 4 11
55 5 12
55 6 13
55 6 14
55 7 13
55 7 15
55 7 16
55 8 11
55 8 17
55 8 18
55 9 14
55 9 19
55 9 20
55 10 12
55 10 21
55 10 22
55 11 22
55 11 23
55 12 24
55 12 25
55 13 26
55 13 27
55 15 28
55 16 29
55 16 30
55 19 31
55 19 32
55 20 31
55 20 33
55 21 25
55 21 34
55 21 35
55 22 34
55 22 36
55 23 36
55 23 37
55 23 38
55 24 30
55 25 39
55 25 40
55 26 41
55 26 42
55 27 43
55 27 44
55 27 45
55 28 29
55 28 42
55 29 46
55 29 47
55 29 48
55 31 49
55 32 49
55 33 50
55 34 51
55 34 52
55 35 53
55 35 54
55 36 51
55 36 55
55 37 49
55 37 56
55 37 57
55 38 55
55 38 58
55 39 47
55 39 59
55 40 53
55 40 60
55 41 43
55 41 61
55 42 46
55 42 62
55 42 63
55 42 64
55 43 45
55 44 50
55 44 65
55 45 66
55 48 67
55 48 68
55 49 69
55 50 65
55 51 52
55 51 70
55 51 71
55 52 72
55 52 73
55 53 54
55 53 74
55 54 75
55 55 71
55 57 69
55 57 76
55 59 74
55 60 75
55 60 77
55 60 78
55 61 79
55 62 80
55 63 67
55 63 81
55 64 82
55 64 83
55 65 84
55 66 85
55 79 80
55 80 82
56 0 1
56 1 2
56 2 3
56 2 4
56 3 5
56 3 6
56 3 7
56 4 7
56 4 8
56 6 9
56 7 10
56 8 11
56 10 12
56 10 13
56 11 14
56 13 15
56 13 16
56 13 17
56 14 18
56 15 19
56 16 20
56 16 21
56 16 22
56 17 23
56 18 24
56 18 25
56 19 26
56 20 27
56 20 28
56 21 27
56 21 29
56 21 30
56 22 31
56 26 32
56 27 33
56 28 34
56 29 35
56 29 36
56 30 33
56 30 37
56 31 38
56 32 34
56 32 39
56 34 40
56 35 41
56 36 42
56 36 43
56 37 42
56 37 44
56 37 45
56 38 46
56 39 47
56 40 48
56 40 49
56 42 50
56 43 51
56 43 52
56 44 53
56 44 54
56 44 55
56 45 56
56 45 57
56 45 58
56 46 51
56 47 59
56 47 60
56 48 61
56 49 56
56 50 62
56 52 63
56 52 64
56 53 65
56 53 66
56 54 67
56 54 68
56 54 69
56 55 58
56 55 70
56 60 61
56 68 70
57 0 1
57 0 2
57 0 3
57 1 4
57 1 5
57 1 6
57 2 7
57 2 8
57 2 9
57 3 10
57 3 11
57 3 12
57 4 13
57 5 14
57 6 15
57 6 16
57 6 17
57 7 18
57 7 19
57 8 20
57 9 21
57 9 22
57 10 11
57 10 23
57 11 24
57 12 25
57 13 20
57 13 26
57 14 25
57 15 27
57 16 26
57 16 28
57 18 29
57 18 30
57 18 31
57 19 32
57 20 33
57 21 34
57 22 35
57 22 36
57 23 27
57 23 37
57 24 38
57 26 39
57 26 40
57 26 41
57 29 42
57 30 43
57 31 44
57 32 45
57 32 46
57 33 47
57 34 48
57 34 49
57 37 50
57 37 51
57 38 52
57 38 53
57 39 54
57 40 41
57 40 47
57 40 55
57 41 56
57 41 57
57 42 58
57 42 59
57 43 60
57 43 61
57 43 62
57 44 63
57 46 48
57 46 64
57 47 65
57 47 66
57 49 67
57 50 68
57 50 69
57 51 70
57 51 71
57 55 57
57 63 65
58 0 1
58 0 2
58 0 3
58 1 4
58 1 5
58 1 6
58 4 7
58 5 8
58 5 9
58 5 10
58 6 11
58 7 12
58 9 12
58 10 13
58 10 14
58 11 15
58 12 16
58 12 17
58 13 18
58 14 19
58 15 20
58 16 21
58 18 21
58 19 22
59 0 1
59 0 2
59 0 3
59 1 4
59 3 5
59 4 6
59 5 7
59 5 8
59 6 9
59 6 10
59 7 11
59 8 12
59 9 13
59 9 14
59 10 15
59 10 16
59 11 17
59 11 18
59 11 19
59 12 20
59 12 21
59 13 15
59 13 22
59 14 23
59 14 24
59 15 25
59 16 26
59 17 27
59 18 28
59 19 29
59 20 29
59 20 30
59 21 31
59 22 32
59 22 33
59 23 33
59 23 34
59 23 35
59 24 36
59 24 37
59 25 33
59 25 38
59 26 39
59 26 40
59 27 41
59 28 42
59 28 43
59 28 44
59 29 45
59 30 46
59 31 47
59 34 48
59 36 49
59 37 50
59 37 51
59 38 52
59 39 53
59 39 54
59 40 55
59 41 56
59 43 57
59 44 58
59 45 59
59 46 60
59 46 61
59 47 62
59 48 63
59 49 64
59 50 65
59 50 66
59 52 67
59 52 68
59 53 67
59 53 69
59 55 70
59 56 71
59 60 62
59 69 71
60 0 1
60 0 2
60 0 3
60 1 4
60 1 5
60 2 6
60 3 7
60 4 8
60 5 9
60 5 10
60 6 11
60 6 12
60 6 13
60 7 14
60 7 15
60 7 16
60 8 17
60 8 18
60 9 19
60 10 20
60 11 21
60 12 22
60 13 19
60 14 23
60 14 24
60 14 25
60 15 26
60 15 27
60 15 28
60 16 29
60 17 30
60 17 31
60 17 32
60 18 30
60 18 33
60 19 34
60 20 35
60 21 36
60 21 37
60 21 38
60 22 39
60 23 40
60 23 41
60 23 42
60 25 43
60 26 37
60 28 44
60 28 45
60 29 45
60 29 46
60 29 47
60 30 41
60 30 48
60 31 49
60 32 35
60 32 50
60 32 51
60 33 41
60 34 52
60 36 53
60 39 54
60 40 43
60 40 55
60 40 56
60 42 57
60 42 58
60 43 59
60 44 60
60 46 61
60 47 59
60 47 62
60 47 63
60 48 57
60 48 64
60 49 65
60 50 66
60 50 67
60 51 68
60 52 69
60 52 70
60 53 60
60 53 71
60 54 72
60 55 63
60 55 73
60 55 74
60 56 75
60 59 63
61 0 1
62 0 1
62 0 2
62 1 3
62 2 4
62 2 5
62 2 6
62 3 7
62 4 8
62 4 9
62 4 10
62 5 11
62 5 12
62 10 13
62 11 14
62 12 15
62 12 16
62 13 17
62 14 18
62 14 19
62 15 20
62 16 21
62 16 22
62 16 23
62 17 24
62 17 25
62 18 26
62 18 27
62 19 28
62 19 29
62 20 30
62 20 31
62 21 32
62 23 26
62 24 33
62 24 34
62 25 35
62 26 36
62 27 37
62 28 38
62 30 39
62 30 40
62 31 41
62 31 42
62 34 43
62 35 44
62 36 45
62 36 46
62 36 47
62 37 48
62 38 49
62 38 50
62 39 51
62 39 52
62 40 53
62 40 54
62 41 55
62 41 56
62 42 57
62 43 58
62 45 59
62 46 60
62 46 61
62 49 62
62 50 63
62 51 64
62 51 65
62 52 66
62 52 67
62 52 68
62 53 69
62 53 70
62 54 65
62 54 71
62 56 72
62 56 73
62 57 74
62 58 75
62 58 76
62 59 60
62 59 77
62 59 78
62 59 79
62 60 80
62 61 81
62 61 82
62 78 79
63 0 1
63 0 2
63 0 3
63 0 4
63 1 5
63 1 6
63 1 7
63 2 5
63 2 8
63 3 9
63 3 10
63 4 9
63 4 11
63 5 12
63 5 13
63 5 14
63 6 15
63 6 16
63 6 17
63 7 18
63 7 19
63 8 20
63 9 21
63 10 22
63 10 23
63 11 24
63 12 25
63 13 26
63 14 27
63 15 28
63 15 29
63 16 28
63 16 30
63 16 31
63 17 25
63 17 32
63 17 33
63 18 34
63 18 35
63 18 36
63 19 34
63 19 37
63 20 38
63 20 39
63 20 40
63 21 41
63 24 42
63 24 43
63 25 44
63 26 45
63 27 39
63 27 46
63 27 47
63 28 48
63 29 33
63 29 49
63 29 50
63 30 34
63 31 51
63 31 52
63 32 53
63 33 54
63 33 55
63 35 56
63 35 57
63 36 58
63 36 59
63 36 60
63 38 61
63 38 62
63 38 63
63 40 64
63 41 65
63 42 66
63 43 67
63 44 68
63 45 69
63 45 70
63 46 71
63 47 72
63 47 73
63 48 74
63 49 75
63 49 76
63 65 67
63 70 72
64 0 1
65 0 1
65 1 2
65 2 3
65 2 4
65 2 5
65 3 6
65 3 7
65 4 8
65 5 9
65 5 10
65 6 11
65 6 12
65 7 9
65 8 13
65 9 14
65 9 15
65 10 16
65 11 12
65 11 17
65 11 18
65 12 19
65 12 20
65 13 21
65 14 22
65 15 23
65 15 24
65 15 25
65 16 25
65 16 26
65 17 27
65 18 28
65 19 29
65 20 29
65 20 30
65 20 31
65 20 32
65 21 33
65 21 34
65 22 35
65 22 36
65 23 31
65 24 32
65 24 35
65 24 37
65 25 38
65 26 39
65 26 40
65 30 41
65 30 42
65 30 43
65 32 44
65 32 45
65 33 46
65 33 47
65 33 48
65 34 40
65 35 49
65 35 50
65 37 51
65 41 52
65 41 53
65 41 54
65 42 55
65 42 56
65 43 57
65 45 58
65 46 59
65 46 60
65 46 61
65 46 62
65 54 57
66 0 1
66 0 2
66 0 3
66 1 4
66 2 5
66 3 6
66 3 7
66 4 8
66 4 9
66 5 10
66 6 11
66 7 9
66 7 12
66 7 13
66 8 14
66 8 15
66 8 16
66 9 17
66 11 18
66 11 19
66 12 20
66 13 21
66 14 22
66 14 23
66 14 24
66 15 25
66 16 26
66 17 27
66 17 28
66 18 29
66 18 30
66 19 31
66 19 32
66 20 33
66 21 34
66 21 35
66 22 36
66 23 37
66 24 38
66 26 39
66 27 40
66 27 41
66 29 31
66 29 42
66 30 43
66 30 44
66 30 45
66 31 46
66 32 40
66 32 47
66 33 48
66 33 49
66 33 50
66 34 51
66 36 52
66 37 53
66 38 54
66 39 55
66 41 56
66 43 46
66 43 57
66 44 58
66 46 47
66 47 59
66 48 60
66 48 61
66 48 62
66 49 63
67 0 1
67 0 2
67 1 3
67 1 4
67 1 5
67 2 6
67 2 7
67 2 8
67 2 9
67 3 8
67 3 10
67 4 5
67 4 11
67 5 12
67 5 13
67 6 7
67 7 14
67 9 15
67 9 16
67 10 17
67 10 18
67 11 14
67 12 19
67 12 20
67 13 21
67 13 22
67 14 23
67 14 24
67 16 25
67 16 26
67 16 27
67 17 28
67 17 29
67 18 30
67 18 31
67 19 20
67 19 32
67 20 33
67 20 34
67 21 29
67 21 35
67 21 36
67 24 37
67 24 38
67 24 39
67 25 40
67 26 27
67 26 41
67 27 42
67 28 43
67 28 44
67 29 45
67 29 46
67 31 41
67 31 47
67 31 48
67 32 38
67 32 49
67 33 50
67 33 51
67 34 49
67 34 52
67 34 53
67 35 54
67 35 55
67 35 56
67 37 57
67 39 58
67 39 59
67 40 60
67 41 47
67 41 61
67 42 47
67 42 62
67 42 63
67 43 64
67 43 65
67 43 66
67 45 65
67 50 51
67 57 58
68 0 1
68 0 2
68 0 3
68 3 4
68 3 5
68 3 6
68 5 7
69 0 1
69 0 2
69 1 3
69 3 4
69 4 5
69 5 6
69 6 7
69 7 8
69 8 9
69 8 10
69 8 11
69 9 12
69 10 13
69 10 14
69 10 15
69 11 16
69 12 17
69 13 18
69 14 19
69 14 20
69 15 21
69 16 22
69 17 23
69 19 24
69 20 25
69 20 26
69 21 27
69 23 28
69 24 29
69 24 30
69 25 31
69 25 32
69 26 30
69 26 33
69 26 34
69 27 35
69 28 36
69 29 37
69 30 38
69 31 39
69 31 40
69 33 41
69 34 42
69 35 43
69 36 44
69 37 45
69 38 46
69 39 47
69 40 48
69 41 49
69 41 50
69 42 51
69 43 52
69 43 53
69 43 54
69 44 55
69 46 56
69 46 57
69 47 58
69 48 57
69 48 59
69 50 60
69 51 61
69 51 62
69 51 63
69 52 64
69 53 65
69 54 66
69 55 67
69 55 68
69 55 69
69 56 70
69 56 71
69 57 72
69 59 73
69 62 67
69 70 72
70 0 1
70 1 2
70 2 3
70 3 4
70 4 5
70 5 6
70 6 7
70 6 8
70 7 9
70 9 10
71 0 1
71 1 2
71 2 3
71 3 4
72 0 1
72 1 2
72 1 3
72 2 4
72 4 5
72 5 6
72 6 7
72 6 8
72 7 9
72 7 10
72 8 10
72 8 11
72 9 12
72 9 13
72 10 14
72 10 15
72 11 16
72 13 17
72 13 18
72 13 19
72 15 20
72 17 21
72 18 22
72 19 23
72 19 24
72 19 25
72 21 26
72 23 27
72 23 28
72 23 29
72 24 30
72 25 27
72 25 31
72 26 32
72 27 33
72 28 34
72 28 35
72 29 33
72 29 36
72 30 37
72 31 38
72 32 38
72 32 39
72 34 40
72 34 41
72 35 42
72 36 40
72 36 43
72 36 44
72 37 45
72 38 46
72 39 47
72 40 48
72 41 49
72 41 50
72 43 51
72 43 52
72 43 53
72 44 54
72 44 55
72 44 56
72 45 50
72 46 57
72 46 58
72 47 59
72 47 60
72 48 61
72 49 62
72 49 63
72 51 64
72 51 65
72 51 66
72 52 55
72 52 67
72 53 68
72 54 57
72 65 67
73 0 1
74 0 1
74 0 2
74 0 3
74 1 4
74 2 5
74 4 6
74 5 7
74 5 8
74 6 9
74 6 10
74 7 11
74 8 12
74 9 13
74 9 14
74 10 15
74 10 16
74 10 17
74 11 18
74 11 19
74 13 20
74 15 16
74 15 21
74 16 22
74 16 23
74 18 24
74 18 25
74 19 26
74 20 27
74 20 28
74 23 29
74 23 30
74 25 31
74 26 32
74 27 33
74 29 34
74 30 35
74 31 36
74 32 37
74 33 38
74 34 39
74 34 40
74 34 41
74 35 42
74 37 43
74 39 44
74 40 45
74 41 46
74 42 47
74 43 48
74 43 49
74 43 50
74 43 51
74 43 52
74 44 53
74 47 54
74 47 55
74 48 56
74 49 57
74 50 58
74 51 59
74 51 60
74 51 61
74 52 62
74 52 63
74 54 64
75 0 1
75 1 2
75 1 3
75 1 4
75 2 5
75 2 6
75 5 7
75 6 8
75 7 9
75 8 10
75 9 11
75 10 12
75 10 13
75 11 14
75 12 15
75 13 16
75 14 17
75 14 18
75 15 19
75 16 20
75 16 21
75 19 22
75 20 23
75 20 24
75 21 25
75 21 26
75 21 27
75 21 28
75 23 29
75 24 30
75 24 31
75 26 32
75 26 33
75 27 34
75 27 35
75 27 36
75 29 37
75 30 38
75 31 39
75 31 40
75 34 41
75 34 42
75 35 43
75 35 44
75 37 45
75 38 46
75 42 43
75 42 47
75 42 48
75 43 49
75 45 50
75 46 51
75 46 52
75 47 53
75 47 54
75 48 55
75 48 56
75 48 57
75 49 58
75 50 59
75 52 60
75 53 61
75 54 62
75 54 63
75 56 62
75 58 64
75 60 65
75 61 66
75 61 67
75 61 68
75 61 69
75 62 70
75 63 71
75 63 72
75 63 73
75 64 74
75 66 75
76 0 1
76 0 2
76 1 3
76 1 4
76 2 5
76 2 6
76 6 7
76 7 8
76 7 9
76 9 10
76 9 11
76 9 12
76 10 13
76 11 14
76 11 15
76 11 16
76 12 14
76 12 17
76 12 18
76 13 19
76 15 20
76 20 21
76 21 22
76 21 23
76 21 24
76 22 25
76 23 26
76 23 27
76 24 28
76 25 29
76 26 30
76 26 31
76 27 32
76 28 33
76 29 34
76 30 35
76 31 36
76 31 37
76 32 38
76 34 39
76 34 40
76 34 41
76 35 42
76 36 43
76 39 44
76 39 45
76 40 46
76 41 47
76 42 48
76 44 49
76 44 50
76 46 51
76 46 52
76 46 53
76 47 54
76 47 55
76 48 56
76 50 57
76 50 58
76 52 59
76 52 60
76 53 61
76 53 62
76 55 63
76 57 64
76 59 65
76 59 66
76 59 67
76 60 68
76 60 69
76 61 67
76 62 70
76 63 68
76 64 71
76 65 72
76 67 73
76 67 74
76 69 75
77 0 1
77 0 2
77 0 3
77 1 4
77 2 5
77 3 6
77 4 7
77 5 8
77 5 9
77 6 10
77 7 11
77 8 12
77 9 13
77 10 14
77 10 15
77 11 16
77 11 17
77 12 18
77 13 19
77 14 20
77 15 21
77 15 22
77 16 23
77 16 24
77 17 25
77 20 26
77 20 27
77 21 28
77 22 29
77 24 30
77 25 31
77 26 28
77 26 32
77 27 33
77 28 34
77 30 35
77 30 36
77 30 37
77 31 38
77 33 39
77 33 40
77 33 41
77 34 42
77 36 43
77 36 44
77 36 45
77 38 46
77 41 47
77 45 48
77 45 49
77 45 50
77 46 51
77 46 52
77 47 53
77 49 54
77 51 55
77 52 56
77 53 57
77 55 58
77 55 59
77 57 60
77 57 61
77 58 62
77 58 63
77 58 64
77 59 65
78 0 1
79 0 1
79 0 2
79 1 3
79 2 4
79 3 5
79 4 6
79 6 7
79 6 8
79 6 9
79 7 10
79 8 11
79 8 12
79 8 13
79 9 14
79 10 15
79 10 16
79 11 17
79 12 18
79 12 19
79 12 20
79 13 21
79 14 22
79 14 23
79 14 24
79 15 24
79 15 25
79 15 26
79 15 27
79 16 27
79 16 28
79 16 29
79 17 30
79 18 31
79 19 32
79 20 33
79 21 34
79 22 35
79 22 36
79 23 37
79 25 38
79 26 39
79 27 40
79 27 41
79 28 42
79 28 43
79 29 42
79 29 44
79 30 45
79 31 46
79 32 47
79 33 48
79 34 49
79 35 50
79 35 51
79 36 52
79 36 53
79 37 54
79 37 55
79 38 56
79 38 57
79 39 58
79 40 57
79 40 59
79 40 60
79 41 61
79 41 62
79 42 63
79 43 64
79 44 65
79 44 66
79 45 67
79 46 68
79 47 69
79 48 70
79 49 71
79 51 58
79 52 72
79 52 73
79 53 74
79 54 75
79 55 76
79 68 75
80 0 1
80 0 2
80 0 3
80 1 2
80 1 4
80 1 5
80 2 6
80 2 7
80 3 8
80 4 9
80 6 10
80 6 11
80 8 12
80 9 13
80 9 14
80 10 15
80 11 14
80 12 16
80 12 17
80 13 18
80 14 19
80 17 20
80 17 21
80 18 22
80 18 23
80 19 24
80 21 25
80 21 26
80 23 27
80 23 28
80 25 29
80 27 30
80 27 31
80 27 32
80 28 33
80 28 34
80 29 35
80 30 36
80 30 37
80 30 38
80 33 39
80 34 40
80 34 41
80 35 42
80 35 43
80 36 39
80 36 44
80 36 45
80 37 46
80 39 47
80 40 48
80 40 49
80 41 50
80 42 51
80 43 52
80 44 53
80 45 54
80 45 55
80 46 55
80 46 56
80 46 57
80 47 49
80 47 58
80 47 59
80 48 60
80 48 61
80 51 62
80 53 63
80 53 64
80 54 65
80 54 66
80 55 67
80 60 68
80 62 69
80 62 70
80 63 71
80 65 72
80 66 73
80 67 74
80 68 75
80 69 76
80 69 77
81 0 1
81 0 2
81 0 3
81 1 4
81 1 5
81 1 6
81 2 7
81 4 8
81 4 9
81 5 10
81 5 11
81 5 12
81 6 13
81 7 14
81 8 12
81 9 15
81 9 16
81 10 17
81 11 13
81 11 18
81 12 18
81 13 19
81 15 20
81 16 21
81 19 22
81 19 23
81 20 24
81 21 25
81 22 26
81 22 27
81 23 28
81 24 29
81 25 30
81 25 31
81 26 32
81 26 33
81 27 34
81 27 35
81 28 36
81 29 37
81 30 38
81 31 39
81 32 40
81 33 41
81 33 42
81 34 43
81 34 44
81 35 45
81 35 46
81 35 47
81 36 48
81 37 49
81 37 50
81 39 51
81 40 42
81 40 52
81 42 53
81 43 54
81 43 55
81 43 56
81 44 54
81 44 57
81 44 58
81 45 59
81 45 60
81 45 61
81 46 62
81 46 63
81 48 64
81 48 65
81 49 66
81 50 67
81 50 68
81 51 69
81 52 53
81 60 61
81 61 62
81 62 63
82 0 1
82 0 2
82 0 3
82 1 4
82 1 5
82 1 6
82 2 7
82 2 8
82 3 9
82 4 10
82 4 11
82 5 10
82 5 12
82 6 11
82 6 13
82 6 14
82 7 15
82 7 16
82 8 12
82 8 17
82 11 18
82 12 19
82 12 20
82 13 21
82 13 22
82 13 23
82 14 24
82 15 25
82 15 26
82 16 27
82 17 28
82 18 29
82 19 30
82 19 31
82 19 32
82 20 33
82 20 34
82 20 35
82 21 36
82 22 37
82 23 38
82 23 39
82 24 40
82 26 41
82 27 40
82 28 42
82 29 43
82 29 44
82 30 45
82 30 46
82 30 47
82 31 48
82 31 49
82 32 35
82 32 50
82 34 51
82 34 52
82 34 53
82 36 54
82 38 55
82 38 56
82 41 57
82 42 58
82 42 59
82 42 60
82 43 54
82 43 61
82 44 53
82 44 62
82 45 63
82 46 50
82 46 64
82 46 65
82 48 66
82 48 67
82 48 68
82 49 69
82 49 70
82 50 64
82 51 71
82 52 72
82 52 73
82 52 74
82 64 71
83 0 1
83 0 2
83 0 3
83 0 4
83 1 5
83 1 6
83 1 7
83 1 8
83 2 3
83 2 9
83 3 10
83 3 11
83 4 7
83 5 12
83 6 13
83 6 14
83 6 15
83 8 16
83 8 17
83 8 18
83 9 19
83 9 20
83 10 21
83 11 22
83 12 23
83 13 24
83 14 23
83 14 25
83 14 26
83 16 27
83 17 28
83 17 29
83 18 30
83 18 31
83 18 32
83 19 33
83 19 34
83 19 35
83 20 36
83 23 36
83 23 37
83 24 38
83 25 39
83 25 40
83 25 41
83 26 42
83 27 30
83 27 43
83 28 44
83 29 45
83 30 46
83 32 47
83 32 48
83 33 49
83 34 36
83 34 50
83 35 51
83 36 52
83 37 53
83 37 54
83 39 55
83 40 52
83 40 56
83 41 57
83 41 58
83 41 59
83 42 60
83 43 61
83 44 46
83 44 61
83 44 62
83 46 63
83 46 64
83 47 65
83 47 66
83 48 65
83 48 67
83 50 53
83 51 68
83 53 69
83 55 70
83 58 71
83 59 72
83 62 63
84 0 1
84 0 2
84 1 3
84 2 4
84 3 5
84 4 6
84 5 7
84 5 8
84 5 9
84 6 10
84 7 11
84 7 12
84 7 13
84 8 14
84 9 15
84 10 16
84 11 17
84 12 18
84 12 19
84 13 20
84 14 21
84 15 22
84 16 23
84 16 24
84 16 25
84 17 26
84 18 27
84 19 28
84 19 29
84 21 30
84 23 31
84 24 32
84 26 33
84 27 34
84 27 35
84 28 36
84 28 37
84 29 35
84 29 38
84 29 39
84 30 40
84 31 41
84 31 42
84 32 43
84 32 44
84 32 45
84 33 46
84 34 47
84 35 48
84 37 49
84 37 50
84 38 51
84 39 52
84 40 53
84 41 54
84 42 55
84 44 52
85 0 1
85 1 2
85 2 3
85 2 4
85 3 5
85 3 6
85 4 7
85 4 8
85 5 9
85 8 10
85 8 11
85 8 12
85 9 13
85 11 14
85 12 15
85 13 16
85 16 17
86 0 1
86 1 2
86 1 3
86 1 4
86 2 5
86 3 6
86 4 7
86 5 8
86 6 9
86 7 9
86 7 10
86 7 11
86 8 12
86 9 13
86 9 14
86 10 12
86 10 15
86 13 16
86 13 17
86 14 18
86 15 19
86 18 20
86 19 21
86 20 22
87 0 1
87 0 2
87 1 3
87 1 4
87 2 5
87 3 6
87 5 7
88 0 1
88 1 2
88 1 3
88 2 4
88 3 5
88 4 6
88 4 7
88 5 8
88 6 9
88 6 10
88 7 11
88 9 12
88 9 13
88 10 14
88 10 15
88 11 16
88 12 17
88 12 18
88 13 19
88 14 20
88 14 21
88 15 22
88 15 23
88 16 24
88 17 25
88 18 26
88 19 27
88 19 28
88 19 29
88 20 30
88 21 31
88 22 32
88 23 24
88 23 33
88 23 34
88 24 35
88 24 36
88 25 37
88 25 38
88 26 39
88 27 29
88 27 40
88 27 41
88 29 42
88 30 34
88 31 43
88 31 44
88 31 45
88 34 43
88 34 46
88 35 47
88 35 48
88 35 49
88 36 50
88 37 51
88 37 52
88 37 53
88 38 54
88 39 55
88 40 56
88 41 57
88 42 58
88 43 59
88 43 60
88 44 61
88 44 62
88 45 60
88 45 63
89 0 1
89 0 2
89 0 3
89 1 4
89 1 5
89 1 6
89 2 7
89 2 8
89 3 9
89 3 10
89 4 11
89 5 12
89 5 13
89 5 14
89 7 11
89 7 15
89 7 16
89 8 17
89 9 18
89 9 19
89 10 20
89 10 21
89 12 22
89 12 23
89 13 24
89 13 25
89 13 26
89 15 27
89 16 28
89 16 29
89 17 30
89 17 31
89 18 32
89 19 22
89 19 33
89 19 34
89 21 35
89 21 36
89 21 37
89 22 33
89 22 38
89 24 39
89 24 40
89 25 41
89 25 42
89 26 41
89 26 43
89 26 44
89 27 45
89 27 46
89 29 47
89 29 48
89 29 49
89 30 31
89 31 50
89 31 51
89 32 34
89 32 52
89 32 53
89 32 54
89 33 55
89 35 37
89 35 56
89 35 57
89 36 58
89 37 59
89 37 60
89 38 61
89 38 62
89 39 63
89 41 64
89 41 65
89 43 66
89 43 67
89 44 67
89 45 68
89 46 69
89 48 70
89 50 71
89 50 72
89 51 59
89 52 54
89 52 73
89 53 74
89 53 75
89 55 73
89 56 74
89 56 76
89 58 77
89 59 78
89 59 79
89 60 76
89 60 80
89 60 81
89 61 62
89 61 82
89 68 69
89 74 76
90 0 1
90 0 2
90 1 3
90 1 4
90 2 5
90 3 6
90 4 7
90 4 8
90 5 9
90 5 10
90 6 11
90 6 12
90 7 13
90 8 14
90 9 15
90 10 16
90 11 17
90 12 13
90 12 18
90 13 19
90 15 20
90 15 21
90 16 22
90 17 23
90 17 24
90 17 25
90 19 26
90 20 27
90 21 28
90 22 29
90 24 30
90 27 31
90 28 32
90 29 33
90 29 34
90 30 35
90 33 36
90 34 37
90 34 38
90 35 39
90 36 40
90 38 41
90 39 42
90 39 43
90 40 44
90 41 45
90 41 46
90 41 47
90 43 48
90 44 49
90 47 50
90 47 51
90 47 52
90 48 53
90 49 54
90 49 55
90 51 56
90 51 57
90 51 58
90 53 59
90 54 60
90 55 61
90 57 62
90 59 63
90 61 64
90 61 65
90 63 65
90 63 66
90 64 67
90 65 68
91 0 1
91 0 2
91 1 3
91 2 4
91 2 5
91 3 6
91 3 7
91 4 8
91 4 9
91 5 10
91 5 11
91 5 12
91 6 13
91 6 14
91 8 15
91 8 16
91 8 17
91 10 13
91 11 18
91 11 19
91 12 20
91 13 21
91 14 22
91 14 23
91 16 24
91 17 25
91 18 26
91 19 27
91 19 28
91 21 29
91 21 30
91 21 31
91 23 29
91 25 32
91 26 30
91 26 33
91 26 34
91 27 35
91 28 36
91 31 37
91 31 38
91 31 39
91 33 38
91 33 40
91 35 41
91 35 42
91 36 43
91 36 44
91 36 45
91 37 46
91 37 47
91 37 48
91 38 40
91 38 48
91 39 49
91 40 50
91 41 42
91 41 51
91 41 52
91 42 53
91 42 54
91 43 50
91 45 55
91 45 56
91 45 57
91 46 58
91 47 48
91 47 59
91 47 60
91 47 61
91 48 62
91 50 62
91 51 63
91 51 64
91 52 65
91 53 66
91 54 67
91 54 68
91 56 69
91 56 70
91 56 71
91 57 65
91 58 72
91 64 67
92 0 1
92 0 2
92 0 3
92 1 4
92 1 5
92 3 6
92 4 7
92 5 8
92 5 9
92 6 10
92 6 11
92 7 12
92 9 13
92 9 14
92 11 15
92 13 16
92 13 17
92 15 18
92 15 19
92 16 20
92 16 21
92 17 22
92 17 23
92 19 24
92 20 25
92 21 26
92 21 27
92 22 28
92 23 29
92 23 30
92 24 31
92 25 32
92 26 27
92 26 33
92 27 34
92 27 35
92 28 36
92 29 37
92 32 38
92 32 39
92 32 40
92 33 41
92 34 42
92 35 38
92 35 43
92 36 44
92 38 45
92 38 46
92 40 47
92 40 48
92 41 49
92 41 50
92 42 51
92 43 52
92 43 53
92 43 54
92 45 55
92 46 51
92 48 55
92 48 56
92 48 57
92 48 58
92 49 59
92 50 60
92 52 61
92 52 62
92 53 63
92 54 64
92 54 65
92 55 63
92 56 57
92 56 66
92 56 67
92 57 68
92 57 69
92 58 70
92 59 71
92 60 72
92 61 73
92 62 74
92 62 75
92 63 76
92 64 77
92 64 78
92 64 79
92 65 80
92 66 76
92 67 68
93 0 1
93 0 2
93 0 3
93 0 4
93 1 5
93 1 6
93 1 7
93 2 8
93 3 9
93 4 10
93 4 11
93 4 12
93 5 13
93 6 14
93 7 15
93 8 16
93 9 17
93 10 18
93 11 19
93 12 20
93 13 21
93 14 22
93 15 23
93 16 24
93 17 25
93 18 26
93 18 27
93 18 28
93 19 29
93 20 30
93 20 31
93 21 32
93 22 33
93 23 34
93 24 35
93 25 36
93 26 37
93 27 38
93 27 39
93 28 31
93 29 40
93 30 41
93 30 42
93 30 43
93 31 41
93 31 44
93 31 45
93 32 46
93 33 47
93 33 48
93 34 47
93 34 49
93 34 50
93 36 51
93 37 52
93 37 53
93 38 54
93 38 55
93 39 56
93 39 57
93 40 58
93 41 59
93 41 60
93 42 61
93 42 62
93 43 61
93 43 63
93 44 64
93 45 65
93 46 53
93 47 66
94 0 1
94 0 2
94 0 3
94 2 4
94 3 5
94 4 6
94 5 7
94 6 8
94 6 9
94 7 10
94 8 11
94 9 10
94 9 12
94 9 13
94 10 14
94 10 15
94 11 16
94 12 17
94 12 18
94 12 19
94 13 20
94 14 18
94 14 21
94 14 22
94 15 23
94 15 24
94 16 25
94 18 26
94 19 27
94 19 28
94 21 29
94 21 30
94 21 31
94 22 26
94 22 32
94 22 33
94 23 29
94 24 34
94 25 35
94 26 36
94 27 37
94 27 38
94 27 39
94 29 40
94 29 41
94 29 42
94 30 43
94 30 44
94 31 41
94 31 45
94 31 46
94 32 47
94 33 48
94 33 49
94 34 50
94 35 51
94 36 52
94 37 53
94 37 54
94 38 55
94 40 56
94 41 57
94 42 58
94 43 47
94 43 59
94 43 60
94 44 47
94 44 61
94 45 62
94 45 63
94 46 62
94 46 64
94 49 54
94 49 65
94 50 66
94 51 67
94 52 68
94 54 69
94 55 70
94 56 71
94 57 72
94 58 73
94 58 74
94 58 75
94 59 76
94 59 77
94 59 78
94 60 79
94 60 80
94 66 71
94 72 75
95 0 1
95 0 2
95 1 3
95 1 4
95 2 3
95 2 5
95 2 6
95 3 7
95 4 7
95 4 8
95 4 9
95 5 10
95 5 11
95 5 12
95 6 12
95 6 13
95 6 14
95 7 15
95 8 16
95 8 17
95 8 18
95 8 19
95 8 20
95 9 21
95 10 22
95 10 23
95 10 24
95 11 25
95 11 26
95 12 27
95 13 16
95 13 28
95 13 29
95 15 30
95 16 17
95 16 31
95 17 32
95 17 33
95 18 31
95 18 34
95 18 35
95 19 35
95 19 36
95 20 37
95 21 38
95 21 39
95 22 40
95 22 41
95 22 42
95 23 43
95 23 44
95 26 45
95 28 31
95 28 46
95 28 47
95 29 47
95 29 48
95 30 49
95 30 50
95 31 51
95 34 51
95 34 52
95 34 53
95 35 52
95 35 54
95 36 37
95 37 38
95 38 55
95 39 55
95 39 56
95 39 57
95 41 58
95 42 59
95 42 60
95 44 61
95 44 62
95 44 63
95 46 51
95 46 64
95 46 65
95 46 66
95 47 64
95 49 50
95 49 67
95 50 56
95 51 66
95 52 68
95 52 69
95 53 70
95 56 61
95 62 63
95 69 70
96 0 1
96 0 2
96 1 3
96 2 4
96 3 5
96 3 6
96 4 7
96 6 8
96 7 9
96 8 10
96 9 11
96 10 12
96 10 13
96 11 14
96 11 15
96 13 16
96 14 17
96 14 18
96 16 19
96 16 20
96 18 21
96 19 22
96 19 23
96 20 24
96 20 25
96 21 26
96 21 27
96 22 28
96 24 29
96 25 26
96 26 30
96 28 31
96 29 32
96 30 33
96 31 34
96 32 35
96 33 36
96 34 37
96 34 38
96 34 39
96 35 40
96 35 41
96 36 42
96 37 43
96 38 44
96 39 45
96 39 46
96 40 47
96 41 48
96 41 49
96 41 50
96 42 51
96 43 52
96 44 53
96 44 54
96 46 55
96 46 56
96 46 57
96 50 58
96 51 59
96 51 60
96 51 61
96 51 62
96 51 63
96 53 64
96 54 65
96 55 66
96 56 67
96 58 68
96 58 69
96 61 70
96 62 71
96 63 72
96 64 73
96 65 74
96 67 75
96 68 76
96 70 77
97 0 1
97 1 2
97 2 3
97 2 4
97 2 5
97 3 6
97 5 7
97 5 8
97 5 9
97 6 10
97 6 11
97 6 12
97 7 13
97 8 14
97 9 15
97 9 16
97 9 17
97 11 18
97 12 19
97 13 20
97 14 21
97 15 22
97 15 23
97 16 24
97 16 25
97 17 23
97 17 26
97 17 27
97 18 28
97 19 29
97 19 30
97 20 31
97 21 32
97 21 33
97 21 34
97 23 35
97 23 36
97 24 37
97 24 38
97 25 39
97 26 35
97 26 40
97 27 41
97 28 42
97 29 43
97 30 44
97 31 45
97 31 46
97 31 47
97 32 48
97 32 49
97 33 50
97 34 51
97 34 52
97 36 53
97 37 41
97 37 54
97 39 47
97 40 41
97 40 55
97 41 56
97 42 57
97 44 58
97 44 59
97 45 60
97 45 61
97 45 62
97 46 63
97 48 64
97 48 65
97 49 66
97 50 67
97 50 68
97 51 69
97 51 70
97 52 64
97 52 71
98 0 1
98 0 2
99 0 1
99 0 2
100 0 1
100 0 2
100 0 3
100 1 4
100 1 5
100 3 6
100 3 7
100 4 8
100 6 9
100 7 10
100 8 11
100 9 12
100 10 13
100 12 14
100 13 15
100 13 16
100 14 17
100 15 18
100 16 19
100 17 20
100 18 21
100 18 22
100 18 23
100 19 24
100 20 25
100 21 26
100 22 27
100 23 28
100 23 29
100 24 30
100 25 31
100 25 32
100 26 33
100 27 34
100 29 35
100 29 36
100 29 37
100 31 38
100 31 39
100 31 40
100 32 41
100 34 42
100 35 43
100 36 44
100 38 45
100 38 46
100 39 47
100 40 48
100 41 49
100 41 50
100 42 51
100 42 52
100 43 53
100 45 54
100 46 55
100 48 56
100 49 57
100 50 58
100 51 59
100 51 60
100 53 61
100 54 62
100 55 63
100 58 64
101 0 1
101 0 2
101 0 3
101 1 4
101 1 5
101 1 6
101 2 7
101 4 8
101 4 9
101 4 10
101 5 11
101 6 9
101 6 12
101 6 13
101 7 14
101 7 15
101 8 16
101 11 17
101 15 18
101 16 19
101 18 20
101 18 21
101 19 22
101 19 23
101 19 24
101 22 25
101 22 26
101 23 27
101 24 28
101 25 29
101 26 30
101 26 31
101 27 32
101 28 33
101 29 34
101 30 35
101 30 36
101 31 37
101 32 38
101 35 39
101 37 40
101 38 41
101 38 42
101 38 43
101 40 44
101 41 45
101 41 46
101 42 47
101 43 48
101 44 49
101 45 50
101 45 51
101 47 52
101 47 53
101 48 54
101 48 55
101 48 56
101 50 57
101 50 58
101 52 59
101 54 60
101 54 61
101 56 62
101 56 63
101 57 64
101 59 65
101 60 66
101 61 67
101 62 65
101 62 68
101 63 66
102 0 1
102 0 2
102 0 3
102 0 4
102 0 5
102 1 6
102 1 7
102 1 8
102 2 9
102 2 10
102 2 11
102 3 10
102 4 12
102 5 13
102 5 14
102 5 15
102 6 16
102 6 17
102 7 18
102 7 19
102 7 20
102 8 21
102 9 11
102 9 22
102 11 23
102 11 24
102 12 25
102 14 25
102 14 26
102 14 27
102 15 28
102 16 29
102 17 30
102 19 21
102 19 31
102 20 32
102 20 33
102 21 34
102 22 35
102 22 36
102 23 37
102 24 38
102 25 39
102 25 40
102 26 41
102 26 42
102 26 43
102 27 44
102 28 45
102 30 31
102 30 46
102 30 47
102 31 48
102 31 49
102 32 50
102 32 51
102 33 50
102 33 52
102 34 47
102 35 53
102 35 54
102 35 55
102 36 39
102 39 55
102 39 56
102 40 57
102 40 58
102 41 59
102 41 60
102 41 61
102 42 62
102 43 56
102 46 49
103 0 1
103 0 2
103 1 3
103 1 4
103 2 5
103 2 6
103 4 7
103 4 8
103 4 9
103 5 10
103 5 11
103 5 12
103 6 13
103 7 14
103 7 15
103 8 16
103 9 17
103 9 18
103 10 19
103 10 20
103 12 21
103 13 22
103 14 23
103 15 24
103 15 25
103 16 26
103 17 27
103 18 21
103 18 28
103 19 29
103 20 30
103 22 31
103 23 32
103 24 33
103 24 34
103 25 27
103 26 35
103 29 36
103 29 37
103 31 38
103 31 39
103 31 40
103 34 41
103 37 42
103 38 43
103 38 44
103 39 45
103 40 46
103 40 47
103 42 48
103 43 49
103 43 50
103 43 51
103 44 52
103 45 53
103 46 54
103 48 55
103 48 56
103 49 57
103 50 58
103 50 59
103 50 60
103 51 61
103 52 60
103 52 62
103 53 63
103 54 64
103 54 65
103 57 66
103 58 67
103 58 68
103 59 68
103 59 69
104 0 1
104 1 2
105 0 1
105 0 2
105 1 3
105 2 4
105 2 5
105 3 6
105 3 7
105 4 8
105 4 9
105 4 10
105 5 7
105 5 8
105 7 11
105 8 12
105 8 13
105 9 14
105 9 15
105 10 16
105 11 17
105 12 18
105 13 19
105 13 20
105 13 21
105 14 22
105 15 23
105 16 24
105 16 25
105 17 26
105 17 27
105 18 28
105 19 29
105 20 24
105 21 30
105 21 31
105 21 32
105 22 33
105 22 34
105 23 35
105 23 36
105 25 32
105 25 37
105 26 38
105 26 39
105 27 40
105 28 41
105 28 42
105 28 43
105 30 44
105 30 45
105 30 46
105 32 47
105 36 48
105 37 49
105 37 50
105 39 51
105 41 52
105 42 53
105 44 54
105 45 55
105 45 56
105 45 57
105 46 58
105 47 59
105 49 60
105 49 61
105 50 62
105 50 63
105 52 64
105 54 61
105 56 65
105 60 66
105 62 67
105 62 68
105 63 69
105 66 70
105 66 71
105 67 72
105 68 73
105 69 74
105 69 75
105 69 76
105 74 75
106 0 1
106 0 2
106 1 3
106 1 4
106 2 5
106 2 6
106 3 7
106 3 8
106 3 9
106 5 10
106 5 11
106 10 12
106 10 13
106 11 14
106 12 15
106 12 16
106 13 17
106 14 18
106 15 19
106 16 20
106 16 21
106 16 22
106 17 23
106 17 24
106 18 25
106 18 26
106 19 27
106 20 28
106 21 29
106 21 30
106 23 31
106 23 32
106 23 33
106 24 34
106 25 35
106 25 36
106 26 37
106 27 38
106 27 39
106 28 40
106 29 41
106 30 42
106 32 43
106 32 44
106 33 45
106 33 46
106 34 47
106 34 48
106 35 49
106 35 50
106 36 43
106 36 51
106 37 52
106 38 53
106 38 54
106 41 55
106 42 56
106 42 57
106 44 58
106 44 59
106 44 60
106 45 61
106 45 62
106 45 63
106 47 64
106 48 62
106 49 65
106 51 66
106 51 67
106 52 68
107 0 1
107 0 2
107 1 3
107 2 4
107 3 5
107 3 6
107 4 7
107 5 8
107 6 9
107 7 10
107 7 11
107 8 12
107 8 13
107 9 14
107 10 15
107 11 16
107 11 17
107 11 18
107 12 19
107 13 20
107 13 21
107 13 22
107 14 21
107 14 23
107 14 24
107 15 25
107 16 26
107 16 27
107 17 27
107 17 28
107 18 29
107 18 30
107 19 31
107 19 32
107 20 33
107 20 34
107 21 35
107 24 36
107 25 37
107 26 38
107 27 39
107 28 40
107 28 41
107 29 42
107 30 43
107 30 44
107 31 45
107 31 46
107 32 47
107 32 48
107 33 49
107 34 50
107 34 51
107 34 52
107 36 53
107 36 54
107 37 55
107 37 56
107 38 57
107 38 58
107 42 59
107 43 44
107 43 60
107 43 61
107 43 62
107 44 63
107 44 64
107 45 65
107 45 66
107 45 67
107 46 68
107 47 69
107 48 70
107 52 53
107 58 68
107 62 63
108 0 1
108 1 2
108 1 3
108 2 4
108 3 5
108 3 6
108 4 7
108 6 8
108 6 9
108 7 10
108 7 11
108 8 12
108 10 13
108 11 14
108 12 15
108 13 16
108 15 17
108 15 18
108 16 19
108 16 20
108 17 18
108 17 21
108 17 22
108 18 23
108 18 24
108 19 25
108 20 26
108 20 27
108 22 28
108 24 29
108 24 30
108 25 31
108 26 32
108 27 33
108 27 34
108 27 35
108 28 36
108 28 37
108 29 36
108 30 38
108 31 39
108 32 34
108 32 40
108 33 41
108 34 42
108 34 43
108 35 44
108 35 45
108 36 46
108 37 47
108 39 48
108 40 43
108 41 43
108 41 49
108 42 50
108 44 51
108 46 52
108 47 53
108 47 54
108 48 55
108 48 56
108 49 57
108 49 58
108 51 59
108 54 60
108 54 61
108 55 62
108 56 63
108 56 64
108 57 65
109 0 1
109 0 2
109 1 3
109 1 4
109 1 5
109 2 6
109 3 7
109 3 8
109 4 9
109 6 10
109 8 11
109 8 12
109 8 13
109 10 14
109 11 15
109 12 16
109 13 17
109 14 18
109 15 19
109 16 20
109 17 21
109 17 22
109 18 23
109 19 24
109 21 25
109 22 26
109 23 27
109 23 28
109 23 29
109 24 30
109 24 31
109 25 32
109 26 33
109 27 34
109 31 35
109 31 36
109 32 37
109 32 38
109 33 39
109 34 40
109 35 41
109 35 42
109 36 43
109 37 44
109 38 45
109 38 46
109 40 47
109 41 48
109 42 49
109 43 50
109 43 51
109 44 52
109 45 53
109 45 54
109 48 55
109 48 56
109 49 57
109 50 58
109 52 59
109 54 60
109 55 61
109 55 62
109 56 63
109 57 64
109 58 65
109 59 66
109 60 67
109 61 68
109 63 69
109 64 70
109 64 71
109 65 72
109 65 73
109 66 74
109 68 75
109 68 76
109 69 77
109 70 78
109 70 79
109 70 80
109 71 81
109 72 82
109 74 83
109 75 84
109 75 85
109 77 86
110 0 1
110 0 2
110 0 3
110 0 4
110 1 5
110 2 6
110 2 7
110 4 8
110 4 9
110 5 10
110 6 11
110 6 12
110 7 13
110 7 14
110 8 14
110 8 15
110 9 16
110 9 17
110 10 18
110 11 19
110 12 14
110 12 20
110 15 20
110 15 21
110 16 22
110 16 23
110 17 24
110 18 25
110 19 26
110 19 27
110 20 28
110 21 29
110 23 30
110 23 31
110 24 32
110 25 33
110 25 34
110 26 35
110 26 36
110 26 37
110 27 38
110 27 39
110 28 40
110 29 41
110 30 42
110 30 43
110 31 44
110 32 45
110 33 46
110 33 47
110 34 48
110 35 49
110 36 50
110 36 51
110 37 52
110 38 53
110 39 51
110 40 50
110 40 54
110 41 55
110 41 56
110 42 57
110 43 58
110 44 59
110 45 59
110 45 60
110 46 61
110 47 62
110 48 63
110 49 64
110 49 65
110 50 66
110 51 67
110 52 68
110 53 69
110 54 70
110 56 71
110 58 72
110 59 73
110 60 74
110 60 75
111 0 1
111 0 2
111 1 3
111 2 4
111 3 5
111 4 6
111 4 7
111 4 8
111 5 9
111 5 10
111 5 11
111 6 12
111 7 13
111 8 14
111 9 15
111 9 16
111 9 17
111 10 18
111 11 19
111 11 20
111 12 21
111 12 22
111 12 23
111 13 24
111 13 25
111 14 26
111 14 27
111 15 28
111 16 29
111 17 30
111 19 31
111 20 32
111 20 33
111 22 34
111 23 35
111 24 36
111 24 37
111 25 38
111 26 39
111 27 36
111 28 40
111 29 41
111 30 42
111 31 43
111 31 44
111 32 45
111 32 46
111 33 44
111 33 47
111 33 48
111 34 49
111 34 50
111 35 51
111 36 52
111 37 53
111 38 51
111 38 54
111 38 55
111 39 56
111 39 57
111 40 58
111 41 59
111 43 60
111 44 61
111 46 62
111 46 63
111 47 64
111 48 65
111 49 66
111 50 67
111 50 68
111 51 69
111 51 70
111 52 71
111 67 69
112 0 1
112 0 2
112 2 3
113 0 1
113 0 2
113 2 3
113 2 4
113 3 5
113 5 6
113 5 7
113 5 8
113 8 9
113 8 10
113 9 11
113 10 12
113 11 13
113 13 14
113 14 15
113 14 16
113 15 17
113 15 18
113 16 19
113 17 20
113 17 21
113 18 22
113 19 23
113 19 24
113 20 25
113 22 26
113 22 27
113 23 28
113 24 29
113 24 30
113 25 31
113 26 32
113 28 33
113 29 34
113 31 35
113 32 36
113 33 37
113 34 38
113 34 39
113 35 40
113 35 41
113 35 42
113 36 43
113 36 44
113 37 45
113 38 46
113 38 47
113 40 48
113 41 49
113 42 50
113 42 51
113 43 52
113 45 53
113 45 54
113 45 55
113 45 56
113 45 57
113 46 58
113 48 59
113 48 60
113 49 61
113 51 62
113 51 63
113 51 64
113 52 65
113 53 66
113 54 67
113 56 68
113 58 69
113 65 69
114 0 1
114 0 2
114 0 3
114 1 4
114 2 5
114 2 6
114 4 7
114 5 8
114 5 9
114 6 10
114 7 11
114 7 12
114 8 13
114 8 14
114 9 15
114 10 16
114 11 17
114 11 18
114 12 19
114 12 20
114 13 21
114 14 22
114 14 23
114 14 24
114 15 25
114 15 26
114 15 27
114 16 17
114 17 28
114 19 29
114 20 30
114 21 31
114 21 32
114 22 33
114 23 34
114 23 35
114 23 36
114 23 37
114 24 38
114 24 39
114 25 40
114 27 41
114 27 42
114 28 43
114 28 44
114 29 45
114 31 46
114 31 47
114 32 48
114 34 49
114 36 50
114 36 51
114 37 49
114 37 52
114 37 53
114 38 41
114 39 41
114 39 49
114 40 54
114 40 55
114 42 56
114 43 57
114 43 58
114 44 59
114 44 60
114 44 61
114 46 62
114 47 63
114 48 64
114 49 65
114 51 63
114 52 66
114 52 67
114 52 68
114 54 69
114 55 70
114 56 67
114 57 71
114 57 72
114 58 73
114 58 74
114 59 75
114 60 72
114 60 76
114 62 77
114 62 78
114 62 79
114 63 80
114 63 81
114 64 82
114 64 83
114 65 84
114 71 74
114 71 76
114 77 78
115 0 1
115 0 2
115 1 3
115 1 4
115 2 5
115 3 6
115 3 7
115 5 8
115 6 9
115 6 10
115 7 11
115 9 12
115 9 13
115 10 14
115 10 15
115 11 16
115 12 17
115 13 18
115 13 19
115 13 20
115 14 21
115 15 19
115 15 22
115 15 23
115 16 24
115 18 25
115 18 26
115 19 26
115 20 25
115 20 27
115 20 28
115 21 29
115 22 30
115 22 31
115 22 32
115 23 33
115 23 34
115 23 35
115 24 28
115 25 36
115 27 37
115 27 38
115 27 39
115 29 40
115 29 41
115 29 42
115 31 34
115 32 43
115 32 44
115 32 45
115 33 46
115 33 47
115 33 48
115 34 49
115 35 50
115 35 51
115 36 52
115 37 53
115 37 54
115 38 55
115 39 56
115 40 57
115 41 58
115 43 59
115 44 60
115 44 61
115 44 62
115 45 63
115 47 64
115 48 49
115 48 65
115 48 66
115 49 66
115 50 67
115 50 68
115 52 63
115 59 66
116 0 1
116 1 2
116 1 3
116 1 4
116 2 5
116 3 6
116 3 7
116 3 8
116 4 9
116 4 10
116 5 11
116 5 12
116 6 13
116 8 9
116 8 14
116 8 15
116 9 16
116 11 17
116 14 18
116 14 19
116 14 20
116 15 21
116 16 22
116 17 23
116 18 24
116 19 25
116 21 26
116 22 27
116 23 28
116 24 29
116 24 30
116 25 31
116 25 32
116 26 33
116 27 34
116 29 35
116 29 36
116 30 37
116 31 38
116 33 39
116 33 40
116 33 41
116 38 42
116 39 43
116 39 44
116 41 45
116 41 46
116 43 47
116 45 47
116 45 48
116 45 49
116 45 50
116 45 51
116 46 52
116 47 53
116 47 54
116 48 55
116 49 56
116 50 57
116 51 58
116 52 59
116 53 60
116 53 61
116 53 62
116 54 63
116 55 64
116 56 65
117 0 1
117 1 2
117 1 3
117 1 4
117 2 5
117 3 6
117 4 7
117 5 8
117 5 9
117 6 10
117 6 11
117 6 12
117 7 13
117 8 14
117 9 15
117 10 16
117 10 17
117 10 18
117 12 19
117 13 20
117 15 21
117 15 22
117 16 23
117 16 24
117 16 25
117 17 26
117 18 27
117 20 28
117 21 29
117 21 30
117 23 31
117 23 32
117 23 33
117 24 33
117 24 34
117 25 35
117 25 36
117 26 37
117 27 38
117 28 39
117 30 40
117 31 41
117 31 42
117 32 43
117 33 42
117 33 44
117 35 45
117 36 46
117 36 47
117 37 48
117 38 49
117 38 50
117 38 51
117 39 52
117 40 53
117 41 43
117 41 54
117 43 46
117 43 55
117 44 56
117 45 57
117 46 58
117 48 57
117 48 59
117 48 60
117 49 61
117 49 62
117 50 63
117 50 64
117 51 65
117 52 66
117 53 67
117 56 68
117 59 69
117 60 70
117 60 71
117 60 72
117 61 73
117 61 74
117 62 75
117 64 74
117 67 72
118 0 1
118 0 2
118 0 3
118 1 4
118 1 5
118 2 4
118 2 6
118 3 7
118 3 8
118 3 9
118 3 10
118 4 11
118 4 12
118 4 13
118 6 14
118 7 15
118 9 16
118 10 17
118 11 18
118 12 19
118 13 20
118 14 21
118 15 22
118 16 23
118 16 24
118 17 25
118 18 26
118 20 27
118 20 28
118 21 29
118 22 30
118 23 24
118 23 31
118 23 32
118 24 33
118 24 34
118 25 35
118 26 36
118 27 37
118 27 38
118 30 39
118 31 40
118 33 41
118 34 42
118 35 43
118 35 44
118 36 45
118 37 46
118 37 47
118 37 48
118 38 49
118 38 50
118 38 51
118 39 52
118 39 53
118 40 54
118 40 55
118 41 56
118 41 57
118 42 58
118 43 59
118 43 60
118 44 59
118 44 61
118 45 49
118 46 62
118 49 63
118 49 64
118 50 65
118 50 66
118 50 67
118 51 68
118 51 69
118 52 70
118 53 71
118 63 68
118 66 69
119 0 1
119 0 2
119 1 3
119 1 4
119 2 5
119 3 6
119 4 7
119 5 8
119 6 9
119 6 10
119 7 11
119 7 12
119 8 13
119 8 14
119 9 15
119 11 16
119 13 17
119 13 18
119 13 19
119 14 20
119 15 21
119 15 22
119 15 23
119 17 19
119 17 24
119 19 25
119 19 26
119 20 27
119 20 28
119 20 29
119 21 30
119 22 31
119 23 23
119 23 32
119 25 33
119 25 34
119 27 35
119 28 36
119 29 37
119 30 38
119 31 39
119 31 40
119 32 41
119 33 42
119 34 43
119 34 44
119 35 45
119 38 46
119 39 47
119 40 48
119 40 49
119 41 50
119 42 51
119 44 52
119 46 53
119 47 54
119 49 55
119 51 56
119 51 57
119 52 58
119 52 59
119 53 60
119 54 61
119 56 62
119 59 63
119 60 64
120 0 1
120 0 2
120 0 3
120 1 4
120 3 4
120 3 5
121 0 1
121 1 2
121 1 3
121 1 4
121 2 5
121 3 6
121 4 7
121 4 8
121 5 9
121 5 10
121 6 11
121 6 12
121 6 13
121 7 8
121 7 14
121 8 13
121 8 15
121 9 16
121 9 17
121 10 18
121 10 19
121 10 20
121 11 20
121 11 21
121 12 22
121 13 23
121 13 24
121 14 25
121 14 26
121 15 24
121 15 26
121 15 27
121 16 28
121 17 29
121 18 30
121 18 31
121 19 32
121 21 33
121 21 34
121 22 34
121 23 35
121 24 27
121 24 36
121 25 28
121 26 37
121 26 38
121 27 39
121 27 40
121 27 41
121 28 42
121 28 43
121 29 44
121 29 45
121 30 46
121 30 47
121 31 48
121 33 48
121 33 49
121 34 50
121 36 51
121 37 52
121 38 53
121 39 54
121 40 52
121 40 55
121 41 56
121 41 57
121 42 58
121 42 59
121 42 60
121 44 45
121 44 61
121 44 62
121 45 63
121 45 64
121 46 65
121 46 66
121 46 67
121 51 68
121 52 69
121 53 70
121 55 71
121 56 71
121 56 72
122 0 1
122 0 2
122 1 3
122 1 4
122 2 5
122 2 6
122 3 7
122 3 8
122 3 9
122 4 10
122 4 11
122 4 12
122 5 8
122 5 13
122 6 14
122 6 15
122 7 16
122 8 17
122 8 18
122 9 11
122 10 19
122 11 20
122 12 21
122 14 22
122 16 23
122 16 24
122 17 25
122 18 24
122 18 26
122 18 27
122 19 28
122 20 29
122 20 30
122 22 31
122 24 32
122 24 33
122 25 34
122 26 34
122 26 35
122 26 36
122 27 37
122 28 31
122 29 30
122 29 38
122 29 39
122 30 34
122 30 40
122 31 41
122 32 42
122 32 43
122 32 44
122 33 45
122 34 46
122 34 47
122 35 48
122 37 49
122 38 50
122 39 51
122 40 47
122 41 52
122 41 53
122 41 54
122 42 55
122 43 56
122 45 57
122 46 58
122 46 59
122 46 60
122 48 61
122 49 62
122 52 63
122 52 64
122 52 65
122 54 66
122 54 67
122 54 68
122 54 69
122 55 70
122 56 71
122 57 72
122 58 73
122 58 74
122 59 75
122 60 76
122 60 77
122 60 78
122 65 69
122 66 79
122 67 80
122 75 76
123 0 1
123 1 2
123 2 3
123 3 4
123 3 5
123 3 6
123 4 7
123 5 8
123 6 9
123 6 10
123 7 11
123 8 12
123 8 13
123 10 14
123 10 15
123 10 16
123 11 17
123 12 18
123 13 19
123 14 20
123 15 21
123 17 22
123 17 23
123 18 24
123 19 25
123 20 26
123 22 27
123 22 28
123 24 29
123 25 30
123 25 31
123 26 32
123 27 33
123 28 34
123 28 35
123 30 36
123 31 37
123 31 38
123 32 39
123 33 40
123 33 41
123 34 42
123 35 43
123 36 44
123 37 45
123 37 46
123 39 47
123 40 48
123 42 49
123 43 50
123 43 51
123 44 52
123 46 53
123 47 54
123 48 55
123 49 56
123 50 57
123 51 58
123 51 59
123 52 60
123 53 61
123 54 62
123 54 63
123 54 64
123 55 65
123 55 66
123 56 67
123 56 68
123 57 69
123 59 70
123 60 71
123 64 72
123 65 73
123 67 74
123 67 75
123 67 76
123 68 77
123 69 78
123 70 79
123 70 80
123 71 81
124 0 1
124 1 2
124 1 3
124 1 4
124 2 5
124 3 6
124 4 7
124 5 8
124 6 9
124 6 10
124 6 11
124 7 12
124 7 13
124 8 14
124 8 15
124 8 16
124 9 17
124 10 18
124 11 19
124 12 20
124 13 21
124 13 22
124 14 22
124 14 23
124 16 24
124 16 25
124 16 26
124 17 27
124 17 28
124 18 29
124 19 26
124 19 30
124 21 31
124 23 32
124 24 32
124 25 33
124 25 34
124 25 35
124 27 36
124 28 37
124 29 38
124 30 37
124 30 39
124 31 40
124 31 41
124 32 42
124 32 43
124 33 44
124 34 45
124 34 46
124 34 47
124 36 48
124 36 49
124 37 50
124 38 51
124 39 52
124 40 53
124 41 54
124 41 55
124 41 56
124 42 57
124 42 58
124 42 59
124 43 60
124 44 45
124 44 57
124 45 61
124 45 62
124 46 63
124 46 64
124 47 65
124 47 66
124 48 67
124 50 68
124 51 69
124 51 70
124 51 71
124 52 72
124 52 73
124 54 74
124 56 75
124 57 58
124 58 62
124 58 76
124 59 77
124 60 78
124 60 79
124 61 80
124 61 81
124 63 72
124 64 72
124 64 73
125 0 1
125 0 2
125 1 3
125 2 4
125 2 5
125 3 6
125 4 7
125 5 8
125 5 9
125 6 10
125 9 11
125 11 12
125 11 13
125 12 14
125 13 15
125 15 16
125 15 17
125 17 18
125 17 19
125 18 20
125 19 21
125 19 22
125 20 23
125 20 24
125 21 25
125 21 26
125 22 27
125 23 28
125 23 29
125 23 30
125 24 31
125 24 32
125 25 32
125 26 33
125 26 34
125 26 35
125 27 36
125 29 37
125 29 38
125 29 39
125 30 40
125 31 41
125 32 42
125 32 43
125 34 44
125 35 45
125 35 46
125 39 47
125 40 48
125 41 49
125 41 50
125 42 51
125 44 46
125 44 52
125 44 53
125 44 54
125 45 55
125 45 56
125 46 57
125 47 58
125 48 59
125 49 60
125 49 61
125 50 62
125 50 63
125 52 54
125 52 64
125 52 65
125 53 66
125 54 67
126 0 1
126 0 2
126 1 3
127 0 1
127 0 2
127 0 3
127 0 4
127 3 5
127 4 6
127 4 7
127 7 8
127 7 9
127 7 10
127 8 11
127 9 12
127 10 13
127 10 14
127 11 15
127 11 16
127 12 17
127 13 17
127 13 18
127 14 19
127 15 20
127 16 21
127 17 22
127 17 23
127 18 24
127 18 25
127 19 26
127 19 27
127 20 21
127 20 28
127 21 29
127 23 30
127 23 31
127 23 32
127 24 33
127 24 34
127 25 35
127 25 36
127 26 27
127 26 37
127 26 38
127 28 39
127 28 40
127 29 41
127 31 42
127 31 43
127 31 44
127 32 45
127 32 46
127 33 46
127 33 47
127 33 48
127 34 49
127 35 50
127 35 51
127 35 52
127 37 53
127 38 54
127 38 55
127 39 56
127 40 57
127 40 58
127 40 59
127 42 60
127 42 61
127 42 62
127 43 60
127 43 63
127 44 64
127 44 65
127 46 47
127 46 66
127 47 67
127 48 49
127 49 68
127 49 69
127 49 70
127 50 52
127 50 53
127 50 71
127 51 72
127 52 73
127 52 74
127 68 69
128 0 1
128 0 2
128 0 3
128 0 4
128 2 5
128 2 6
128 2 7
128 3 7
128 3 8
128 4 9
128 5 10
128 5 11
128 6 12
128 6 13
128 6 14
128 7 15
128 8 16
128 10 17
128 11 18
128 15 19
128 16 18
128 16 20
128 16 21
128 16 22
128 17 23
128 17 24
128 19 25
128 19 26
128 19 27
128 20 28
128 21 29
128 22 30
128 22 31
128 22 32
128 23 33
128 24 34
128 25 35
128 25 36
128 25 37
128 26 35
128 27 38
128 27 39
128 28 40
128 29 41
128 29 42
128 30 43
128 31 44
128 32 45
128 32 46
128 33 47
128 33 48
128 33 49
128 35 50
128 35 51
128 35 52
128 37 53
128 37 54
128 37 55
128 38 50
128 38 56
128 39 49
128 39 56
128 40 55
128 40 57
128 41 58
128 41 59
128 42 60
128 42 61
128 42 62
128 43 63
128 44 64
128 45 65
128 46 66
128 46 67
128 47 68
128 49 69
128 50 70
128 50 71
128 51 72
128 51 73
128 53 74
128 55 75
128 57 76
128 57 77
128 58 78
128 58 79
128 59 66
128 59 67
128 59 80
128 62 78
128 68 71
128 69 75
129 0 1
129 0 2
129 0 3
129 1 4
129 2 5
129 2 6
129 2 7
129 3 7
129 3 8
129 4 9
129 4 10
129 5 11
129 5 12
129 5 13
129 5 14
129 5 15
129 6 16
129 7 17
129 8 17
129 8 18
129 8 19
129 9 10
129 9 20
129 10 21
129 11 13
129 11 22
129 11 23
129 12 24
129 12 25
129 13 26
129 13 27
129 14 24
129 14 26
129 14 28
129 15 29
129 16 30
129 16 31
129 18 32
129 18 33
129 18 34
129 19 27
129 19 34
129 19 35
129 20 30
129 20 36
129 20 37
129 24 38
129 24 39
129 25 29
129 26 40
129 26 41
129 27 41
129 27 42
129 28 39
129 28 40
129 28 43
129 29 31
129 30 44
129 30 45
129 31 45
129 32 46
129 32 47
129 33 48
129 33 49
129 33 50
129 34 51
129 36 37
129 36 52
129 37 53
129 38 54
129 39 55
129 39 56
129 40 57
129 40 58
129 41 57
129 41 59
129 42 59
129 42 60
129 43 61
129 43 62
129 44 52
129 44 63
129 45 64
129 45 65
129 47 66
129 48 53
129 48 67
129 49 68
129 49 69
129 49 70
129 52 71
129 53 72
129 53 73
129 54 65
129 56 62
129 57 58
129 61 62
129 72 73
130 0 1
130 1 2
130 1 3
130 1 4
130 2 5
130 2 6
130 3 7
130 3 8
130 4 9
130 4 10
130 5 11
130 5 12
130 5 13
130 6 14
130 7 15
130 7 16
130 7 17
130 9 18
130 10 19
130 11 20
130 11 21
130 11 22
130 12 23
130 13 21
130 14 24
130 14 25
130 15 26
130 17 27
130 18 28
130 18 29
130 19 27
130 19 30
130 20 31
130 20 32
130 21 33
130 23 26
130 24 34
130 24 35
130 25 36
130 25 37
130 26 38
130 28 39
130 28 40
130 29 41
130 29 42
130 30 43
130 31 33
130 31 44
130 32 45
130 32 46
130 32 47
130 34 48
130 35 49
130 36 50
130 36 51
130 37 52
130 37 53
130 38 54
130 38 55
130 39 56
130 39 57
130 39 58
130 40 59
130 41 60
130 41 61
130 42 53
130 43 62
130 44 63
130 45 64
130 46 65
130 47 66
130 49 67
130 51 68
130 52 69
130 54 70
130 55 71
130 56 72
130 56 73
130 57 74
131 0 1
131 0 2
131 1 3
131 3 4
131 3 5
131 4 6
131 5 7
131 6 8
131 6 9
131 7 10
131 7 11
131 7 12
131 8 13
131 11 14
131 11 15
131 12 16
131 13 17
131 14 18
131 14 19
131 15 20
131 16 21
131 18 22
131 18 23
131 19 24
131 21 25
131 21 26
131 22 27
131 22 28
131 23 29
131 23 30
131 24 31
131 25 32
131 25 33
131 25 34
131 27 35
131 28 36
131 29 37
131 29 38
131 30 39
131 30 40
131 31 41
131 31 42
131 31 43
131 32 44
131 33 45
131 33 46
131 34 47
131 34 48
131 35 49
131 37 50
131 37 51
131 38 52
131 38 53
131 38 54
131 39 53
131 39 55
131 40 56
131 41 57
131 42 58
131 42 59
131 42 60
131 43 61
131 45 47
131 53 55
131 55 56
132 0 1
132 0 2
132 2 3
132 2 4
132 2 5
132 3 6
132 3 7
132 3 8
132 4 9
132 5 10
132 5 11
132 5 12
132 6 13
132 6 14
132 8 15
132 8 16
132 8 17
132 9 18
132 12 19
132 13 20
132 13 21
132 14 22
132 15 23
132 16 24
132 17 25
132 17 26
132 17 27
132 18 28
132 20 24
132 20 29
132 21 28
132 21 30
132 25 31
132 26 32
132 26 33
132 27 29
132 27 33
132 27 34
132 28 35
132 30 36
132 30 37
132 31 38
132 32 39
132 32 40
132 33 41
132 34 42
132 34 43
132 35 44
132 36 45
132 37 46
132 37 47
132 38 48
132 38 49
132 38 50
132 39 51
132 39 52
132 40 53
132 41 52
132 42 54
132 43 55
132 44 56
132 44 57
132 45 58
132 45 59
132 45 60
132 46 61
132 47 62
132 48 63
132 49 64
132 53 65
132 53 66
132 54 67
132 54 68
132 55 69
132 55 70
132 57 71
132 58 60
132 58 72
132 58 73
132 60 74
133 0 1
133 1 2
134 0 1
134 1 2
134 2 3
134 3 4
134 4 5
134 4 6
134 5 7
134 6 8
134 7 9
134 8 10
134 8 11
134 8 12
134 9 13
134 9 14
134 10 15
134 10 16
134 11 17
134 12 18
134 13 19
134 13 20
134 14 21
134 15 22
134 15 23
134 15 24
134 17 25
134 18 26
134 20 27
134 20 28
134 21 29
134 23 30
134 24 31
134 26 32
134 27 33
134 29 34
134 30 35
134 32 36
134 32 37
134 33 38
134 34 39
134 35 40
134 37 41
134 37 42
134 39 43
134 40 44
134 41 45
134 42 46
134 42 47
134 43 48
134 44 49
134 45 50
134 45 51
134 46 52
134 47 53
134 48 54
134 48 55
134 49 56
134 51 57
134 52 58
134 53 59
134 53 60
134 54 61
134 55 62
134 55 63
134 55 64
134 56 65
134 56 66
134 56 67
134 57 68
134 58 69
134 59 70
134 60 71
135 0 1
135 0 2
135 0 3
135 0 4
135 1 5
135 2 5
135 2 6
135 2 7
135 3 8
135 3 9
135 4 10
135 5 11
135 5 12
135 5 13
135 7 14
135 7 15
135 7 16
135 8 13
135 8 17
135 9 17
135 9 18
135 10 19
135 10 20
135 11 21
135 11 22
135 13 23
135 13 24
135 15 25
135 16 26
135 16 27
135 18 28
135 18 29
135 19 30
135 19 31
135 19 32
135 20 31
135 20 33
135 21 34
135 23 35
135 24 36
135 24 37
135 25 38
135 26 39
135 26 40
135 27 29
135 28 41
135 28 42
135 28 43
135 30 44
135 30 45
135 30 46
135 31 47
135 31 48
135 32 49
135 32 50
135 33 51
135 34 52
135 34 53
135 34 54
135 36 42
135 36 55
135 37 56
135 38 57
135 39 58
135 39 59
135 40 60
135 41 61
135 48 62
135 49 63
135 50 61
135 51 60
135 51 63
135 51 64
135 51 65
135 52 66
135 53 67
135 54 68
135 55 69
135 55 70
135 56 66
135 56 71
135 57 72
135 57 73
135 58 74
135 61 75
135 64 76
135 65 77
135 65 78
135 73 76
136 0 1
136 0 2
136 1 3
136 1 4
136 2 5
136 2 6
136 3 7
136 3 8
136 3 9
136 4 10
136 4 11
136 4 12
136 5 13
136 6 10
136 6 14
136 7 15
136 8 16
136 8 17
136 9 18
136 10 19
136 10 20
136 11 21
136 12 22
136 15 23
136 17 24
136 18 25
136 19 26
136 19 27
136 20 26
136 20 28
136 21 29
136 23 30
136 24 31
136 24 32
136 25 33
136 26 34
136 27 35
136 27 36
136 27 37
136 28 38
136 31 39
136 32 40
136 33 41
136 33 42
136 35 38
136 35 43
136 35 44
136 36 45
136 36 46
136 36 47
136 36 48
136 37 47
136 37 49
136 37 50
136 38 51
136 38 52
136 39 53
136 40 54
136 40 55
136 41 56
136 41 57
136 41 58
136 42 59
136 43 51
136 43 60
136 44 61
136 44 62
136 44 63
136 45 64
136 46 63
136 47 65
136 48 66
136 49 67
136 49 68
136 50 67
136 60 61
137 0 1
137 1 2
137 2 3
137 2 4
137 3 5
137 3 6
137 5 7
137 6 8
137 7 9
137 7 10
137 7 11
137 8 12
137 9 13
137 10 14
137 11 11
137 11 15
137 12 16
137 13 17
137 14 18
137 14 19
137 15 20
137 16 21
137 17 22
137 18 23
137 20 24
137 21 25
137 21 26
137 21 27
137 21 28
137 22 29
137 23 30
137 23 31
137 25 32
137 25 33
137 26 34
137 28 35
137 29 36
137 30 37
137 31 38
137 32 39
137 32 40
137 33 39
137 33 41
137 34 42
137 35 43
137 35 44
137 36 45
137 36 46
137 36 47
137 37 48
137 37 49
137 38 50
137 39 51
137 39 52
137 39 53
137 41 54
137 42 55
137 43 44
137 43 56
137 43 57
137 44 58
137 44 59
137 45 60
137 47 61
137 49 62
137 50 63
137 51 64
137 52 65
137 53 66
137 54 67
137 55 68
137 55 69
137 56 70
138 0 1
138 0 2
138 1 3
138 2 4
138 3 5
138 4 6
138 5 7
138 5 8
138 5 9
138 6 10
138 6 11
138 7 12
138 8 13
138 8 14
138 8 15
138 9 16
138 9 17
138 9 18
138 10 19
138 10 20
138 12 21
138 13 22
138 14 23
138 15 24
138 16 25
138 17 26
138 18 27
138 20 28
138 21 29
138 22 30
138 22 31
138 23 32
138 24 33
138 24 34
138 24 35
138 25 36
138 26 37
138 27 38
138 28 39
138 28 40
138 29 41
138 30 42
138 30 43
138 30 44
138 31 33
138 31 42
138 31 45
138 31 46
138 32 47
138 34 48
138 34 49
138 35 50
138 36 51
138 37 52
138 38 53
138 39 54
138 40 55
138 42 56
138 42 57
138 43 58
138 43 59
138 44 59
138 44 60
138 45 61
138 46 62
138 47 63
138 48 64
138 48 65
138 49 66
138 49 67
138 50 68
138 50 69
138 51 70
138 51 71
138 51 72
138 52 71
138 52 73
138 53 74
138 55 75
138 55 76
138 55 77
138 56 78
138 56 79
138 57 80
138 57 81
138 57 82
138 58 83
138 61 80
138 69 74
138 72 75
139 0 1
139 0 2
139 0 3
139 0 4
139 1 5
139 1 6
139 1 7
139 2 8
139 2 9
139 2 10
139 4 11
139 5 12
139 5 13
139 8 14
139 9 15
139 9 16
139 10 17
139 10 18
139 11 15
139 11 19
139 11 20
139 12 21
139 12 22
139 13 17
139 13 23
139 14 24
139 14 25
139 15 26
139 16 27
139 16 28
139 18 29
139 18 30
139 18 31
139 21 32
139 23 33
139 23 34
139 24 35
139 26 36
139 27 37
139 28 38
139 29 34
139 32 39
139 32 40
139 33 41
139 34 42
139 36 43
139 37 44
139 38 45
139 39 46
139 39 47
139 40 48
139 42 49
139 42 50
139 43 51
139 44 52
139 45 53
139 46 54
139 47 55
139 48 56
139 48 57
139 48 58
139 50 59
139 51 60
139 52 61
139 52 62
139 52 63
139 52 64
139 53 65
139 53 66
139 55 56
139 55 67
139 56 58
139 56 68
139 58 69
139 59 70
139 60 71
139 64 72
140 0 1
140 1 2
140 1 3
140 1 4
140 2 5
140 3 6
140 5 7
140 6 8
140 6 9
140 7 10
140 8 11
140 8 12
140 9 13
140 10 14
140 10 15
140 11 16
140 11 17
140 13 18
140 13 19
140 14 20
140 16 21
140 17 19
140 18 22
140 19 23
140 20 24
140 22 25
140 23 26
140 24 27
140 25 28
140 25 29
140 27 30
140 28 31
140 29 32
140 30 33
140 30 34
140 31 35
140 32 36
140 32 37
140 33 38
140 34 39
140 34 40
140 34 41
140 35 42
140 36 43
140 37 44
140 38 45
140 39 46
140 40 47
140 40 48
140 41 49
140 42 50
140 42 51
140 43 52
140 44 53
140 45 54
140 46 55
140 47 56
140 48 57
140 50 58
140 51 59
140 51 60
140 54 61
140 56 62
140 56 63
140 57 64
140 58 65
140 60 66
140 62 67
140 63 65
140 64 68
140 66 69
140 66 70
140 66 71
140 68 72
140 70 73
140 70 74
140 70 75
140 72 76
140 75 77
141 0 1
141 1 2
141 2 3
141 2 4
141 2 5
141 3 6
141 3 7
141 3 8
141 4 9
141 4 10
141 4 11
141 5 12
141 6 13
141 6 14
141 6 15
141 7 16
141 8 14
141 8 17
141 9 18
141 9 19
141 9 20
141 11 21
141 11 22
141 12 23
141 13 23
141 14 24
141 15 25
141 15 26
141 16 27
141 17 28
141 17 29
141 18 30
141 18 31
141 18 32
141 19 33
141 20 34
141 21 23
141 21 35
141 22 36
141 24 37
141 25 38
141 26 39
141 27 40
141 27 41
141 27 42
141 28 43
141 29 37
141 29 44
141 30 45
141 33 46
141 35 47
141 35 48
141 38 49
141 38 50
141 39 51
141 39 52
141 40 53
141 41 54
141 43 55
141 43 56
141 46 48
141 47 57
141 47 58
141 48 59
141 51 60
141 54 61
141 55 62
141 55 63
141 56 64
141 57 65
141 57 66
141 58 67
141 59 68
141 63 69
141 65 70
141 66 71
141 67 72
141 67 73
141 67 74
141 68 75
141 68 76
141 70 77
141 70 78
141 71 79
141 72 73
141 72 80
141 72 81
141 73 82
141 76 83
142 0 1
142 0 2
142 1 3
142 2 4
142 3 5
142 4 6
142 4 7
142 4 8
142 4 9
142 4 10
142 5 11
142 6 12
142 9 13
142 10 14
142 12 15
142 13 16
142 14 17
142 15 18
142 16 19
142 16 20
142 17 21
142 18 22
142 18 23
142 19 24
142 19 25
142 21 26
142 22 27
142 22 28
142 23 29
142 25 30
142 26 31
142 26 32
142 28 33
142 29 33
142 29 34
142 31 35
142 32 36
142 32 37
142 34 38
142 35 39
142 35 40
142 37 41
142 38 42
142 38 43
142 39 44
142 40 45
142 40 46
142 41 47
142 41 48
142 43 49
142 44 50
142 45 51
142 45 52
142 46 53
142 48 54
142 48 55
142 49 56
142 49 57
142 49 58
142 50 59
142 52 60
142 53 61
142 53 62
142 55 63
142 56 64
142 58 65
142 59 66
142 59 67
142 60 68
142 61 69
142 63 70
142 64 71
142 66 72
142 67 73
142 67 74
142 67 75
143 0 1
143 0 2
143 0 3
143 1 3
143 1 4
143 1 5
143 2 6
143 3 7
143 3 8
143 4 9
143 5 10
143 5 11
143 6 12
143 6 13
143 6 14
143 7 15
143 7 16
143 8 17
143 8 18
143 9 10
143 9 13
143 9 19
143 9 20
143 11 21
143 11 22
143 13 19
143 14 23
143 14 24
143 14 25
143 15 26
143 15 27
143 15 28
143 17 18
143 17 29
143 17 30
143 18 31
143 20 32
143 20 33
143 21 34
143 21 35
143 22 28
143 22 36
143 23 37
143 24 38
143 24 39
143 25 31
143 27 40
143 27 41
143 27 42
143 28 43
143 28 44
143 29 45
143 29 46
143 30 47
143 30 48
143 30 49
143 31 48
143 32 50
143 32 51
143 32 52
143 35 53
143 35 54
143 35 55
143 36 56
143 36 57
143 37 39
143 37 58
143 38 59
143 39 60
143 40 61
143 40 62
143 40 63
143 41 64
143 41 65
143 42 61
143 42 66
143 43 67
143 45 46
143 45 68
143 46 69
143 47 70
143 47 71
143 47 72
143 48 59
143 49 72
143 49 73
143 50 74
143 51 52
143 51 75
143 52 55
143 54 55
143 54 75
143 56 67
143 59 60
144 0 1
144 0 2
144 0 3
144 1 4
144 2 5
144 3 6
144 3 7
144 4 8
144 5 9
144 5 10
144 6 11
144 7 12
144 8 13
144 8 14
144 9 15
144 9 16
144 9 17
144 10 18
144 10 19
144 11 20
144 11 21
144 11 22
144 12 23
144 12 24
144 12 25
144 13 26
144 14 27
144 14 28
144 15 29
144 15 30
144 15 31
144 15 32
144 16 33
144 17 34
144 17 35
144 18 36
144 19 37
144 19 38
144 20 22
144 20 39
144 20 40
144 21 41
144 21 42
144 22 43
144 23 42
144 24 44
144 25 32
144 26 45
144 27 46
144 28 47
144 30 48
144 30 49
144 30 50
144 31 49
144 32 51
144 34 49
144 34 52
144 35 52
144 36 53
144 36 54
144 36 55
144 37 56
144 37 57
144 38 58
144 40 59
144 41 60
144 42 61
144 44 62
144 44 63
144 45 64
144 46 65
144 47 66
144 47 67
144 48 68
144 48 69
144 48 70
144 49 71
144 52 53
144 53 72
144 54 73
144 56 74
144 58 75
144 59 60
145 0 1
145 1 2
145 1 3
145 1 4
145 2 5
145 3 6
145 4 7
145 6 8
145 7 9
145 8 10
145 9 11
145 9 12
145 10 13
145 11 14
145 11 15
145 11 16
145 12 17
145 12 18
145 13 19
145 14 20
145 14 21
145 14 22
145 15 23
145 15 24
145 15 25
145 16 26
145 16 27
145 17 28
145 17 29
145 18 26
145 18 30
145 19 31
145 19 32
145 19 33
145 21 34
145 21 35
145 21 36
145 22 24
145 23 37
145 23 38
145 23 39
145 24 40
145 25 41
145 25 42
145 26 43
145 26 44
145 27 43
145 28 45
145 29 46
145 29 47
145 30 48
145 31 49
145 32 50
145 33 33
145 33 51
145 34 52
145 35 53
145 35 54
145 35 55
145 36 56
145 38 40
145 38 57
145 38 58
145 39 59
145 40 58
145 41 60
145 41 61
145 42 62
145 42 63
145 42 64
145 43 65
145 44 65
145 44 66
145 44 67
145 45 68
145 46 69
145 49 70
145 49 71
145 50 72
145 50 73
145 51 74
145 52 58
145 52 75
145 52 76
145 53 77
145 54 76
145 54 78
145 56 79
145 56 80
146 0 1
146 0 2
146 0 3
146 1 4
146 1 5
146 2 6
146 2 7
146 3 8
146 4 9
146 5 10
146 5 11
146 6 12
146 6 13
146 7 14
146 7 15
146 8 16
146 8 17
146 9 18
146 10 19
146 10 20
146 12 21
146 12 22
146 13 23
146 13 24
146 14 23
146 14 25
146 15 26
146 15 27
146 15 28
146 16 29
146 16 30
146 17 31
146 17 32
146 17 33
146 19 34
146 22 35
146 23 36
146 26 37
146 27 38
146 28 39
146 29 40
146 30 41
146 30 42
146 30 43
146 31 44
146 33 45
146 34 46
146 34 47
146 36 48
146 37 49
146 38 50
146 39 47
146 40 51
146 40 52
146 42 53
146 42 54
146 42 55
146 43 56
146 44 51
146 44 57
146 47 58
146 48 59
146 49 60
146 50 61
146 51 62
146 52 63
146 52 64
146 54 65
146 56 66
146 57 67
146 57 68
146 57 69
146 59 70
146 60 71
146 61 72
146 62 73
146 63 74
146 65 75
146 66 76
146 67 77
146 67 78
146 69 79
146 70 80
146 72 79
146 73 81
146 77 79
147 0 1
147 0 2
147 1 3
147 3 4
147 3 5
147 4 6
147 5 7
147 7 8
147 8 9
147 8 10
147 9 11
147 10 12
147 11 13
147 12 14
148 0 1
148 0 2
148 0 3
148 1 4
148 1 5
148 2 6
148 3 6
148 3 7
148 4 8
148 4 9
148 4 10
148 5 11
148 6 12
148 7 13
148 7 14
148 7 15
148 8 16
148 9 17
148 11 18
148 12 19
148 12 20
148 12 21
148 13 19
148 13 22
148 13 23
148 14 19
148 15 24
148 16 20
148 16 25
148 17 26
148 17 27
148 18 22
148 18 28
148 19 29
148 19 30
148 20 31
148 21 32
148 22 33
148 22 34
148 24 35
148 24 36
148 25 37
148 25 38
148 26 39
148 27 40
148 28 41
148 28 42
148 30 43
148 30 44
148 31 45
148 34 46
148 35 47
148 35 48
148 36 39
148 36 47
148 36 49
148 37 50
148 37 51
148 38 52
148 39 53
148 41 54
148 41 55
148 42 56
148 43 57
148 45 58
148 45 59
148 46 60
148 47 61
148 47 62
148 48 63
148 49 64
148 49 65
148 49 66
148 50 67
148 52 68
148 53 69
148 55 70
148 56 63
148 57 71
148 57 72
148 57 73
148 58 73
148 58 74
148 59 75
148 60 76
148 63 69
149 0 1
149 0 2
149 1 3
149 2 4
149 2 5
149 2 6
149 4 7
149 4 8
149 5 9
149 5 10
149 5 11
149 6 11
149 6 12
149 6 13
149 7 14
149 13 15
149 14 16
149 14 17
149 15 18
149 16 19
149 18 20
149 18 21
149 18 22
149 19 23
149 19 24
149 20 25
149 21 26
149 22 27
149 22 28
149 25 29
149 26 30
149 27 31
149 28 32
149 28 33
149 30 34
149 31 35
149 32 36
149 32 37
149 33 38
149 34 39
149 34 40
149 34 41
149 37 42
149 38 43
149 39 44
149 40 45
149 40 46
149 41 47
149 43 48
149 44 49
149 44 50
149 44 51
149 46 52
149 46 53
149 47 54
149 47 55
149 48 56
149 49 57
149 49 58
149 51 59
149 51 60
149 52 61
150 0 1
150 0 2
150 2 3
150 3 4
150 3 5
150 4 6
150 5 7
150 5 8
150 7 9
150 7 10
150 8 11
150 8 12
150 9 13
150 9 14
150 10 15
150 11 16
150 11 17
150 12 18
150 12 19
150 13 20
150 13 21
150 13 22
150 14 23
150 15 24
150 16 25
150 16 26
150 16 27
150 17 28
150 17 29
150 18 30
150 19 26
150 19 31
150 20 32
150 21 33
150 24 34
150 24 35
150 24 36
150 26 31
150 26 37
150 27 37
150 27 38
150 28 39
150 29 40
150 29 41
150 30 31
150 30 42
150 31 42
150 32 43
150 33 44
150 33 45
150 34 46
150 35 47
150 35 48
150 35 49
150 36 50
150 37 51
150 38 52
150 38 53
150 39 54
150 40 55
150 40 56
150 40 57
150 41 58
150 41 59
150 41 60
150 42 51
150 42 61
150 43 62
150 43 63
150 44 64
150 45 65
150 46 66
150 46 67
150 47 68
150 48 69
150 48 70
150 48 71
150 49 69
150 50 70
150 52 59
151 0 1
151 0 2
151 1 3
151 2 4
151 3 5
151 3 6
151 4 7
151 4 8
151 4 9
151 4 10
151 5 11
151 5 12
151 6 12
151 6 13
151 7 14
151 8 15
151 10 16
151 10 17
151 11 18
151 11 19
151 12 20
151 14 21
151 15 22
151 15 23
151 16 24
151 16 25
151 17 25
151 17 26
151 18 27
151 19 28
151 19 29
151 19 30
151 20 31
151 21 32
151 22 23
151 22 33
151 22 34
151 23 35
151 23 36
151 25 37
151 25 38
151 25 39
151 26 40
151 27 41
151 29 42
151 30 43
151 31 44
151 31 45
151 32 46
151 34 47
151 35 48
151 36 49
151 37 50
151 38 51
151 39 52
151 40 53
151 41 54
151 41 55
151 42 54
151 42 56
151 42 57
151 43 58
151 44 59
151 45 60
151 46 61
151 46 62
151 47 63
151 47 64
151 48 60
151 48 65
151 49 66
151 50 67
151 52 68
151 52 69
151 53 70
151 54 71
151 54 72
151 55 59
151 55 72
152 0 1
152 1 2
152 2 3
152 3 4
152 4 5
152 5 6
152 6 7
152 7 8
152 7 9
152 8 10
152 8 11
152 8 12
152 9 13
152 10 14
152 10 15
152 10 16
152 11 17
152 11 18
152 11 19
152 12 20
152 13 21
152 15 22
152 15 23
152 16 19
152 16 24
152 17 25
152 17 26
152 18 27
152 19 28
152 19 29
152 21 30
152 21 31
152 22 32
152 22 33
152 22 34
152 24 29
152 24 35
152 25 36
152 26 37
152 27 30
152 28 37
152 28 38
152 28 39
152 29 40
152 29 41
152 32 42
152 34 43
152 34 44
152 35 45
152 36 46
152 37 47
152 37 48
152 37 49
152 38 47
152 38 50
152 38 51
152 39 52
152 39 53
152 40 54
152 41 55
152 41 56
152 42 57
152 44 55
152 44 58
152 45 59
152 46 60
152 47 61
152 48 62
152 49 63
152 50 64
152 50 65
152 51 64
152 51 66
152 52 54
152 52 67
152 53 54
152 53 68
152 53 69
152 55 70
152 57 71
152 57 72
153 0 1
153 0 2
153 0 3
153 0 4
153 1 5
153 1 6
153 2 7
153 2 8
153 3 9
153 4 10
153 4 11
153 5 12
153 5 13
153 6 14
153 7 15
153 9 16
153 10 17
153 11 18
153 11 19
153 12 17
153 13 20
153 13 21
153 14 22
153 15 23
153 15 24
153 16 25
153 18 26
153 20 27
153 23 26
153 23 28
153 23 29
153 24 30
153 29 31
153 29 32
153 30 33
153 31 34
153 32 35
153 33 36
153 34 37
153 34 38
153 36 39
153 36 40
153 36 41
153 37 42
153 39 43
153 40 44
153 40 45
153 41 46
153 41 47
153 42 48
153 43 49
153 44 50
153 44 51
153 44 52
153 45 53
153 47 54
153 48 55
153 48 56
153 49 57
153 50 58
153 50 59
153 50 60
153 51 61
153 52 62
153 53 60
153 53 63
153 54 64
153 54 65
153 58 66
153 58 67
153 59 66
153 59 68
153 60 69
153 61 70
153 63 71
153 64 72
153 65 73
153 66 74
154 0 1
154 0 2
154 1 3
154 2 4
154 2 5
154 2 6
154 4 7
154 4 8
154 4 9
154 5 10
154 5 11
154 6 12
154 7 13
154 7 14
154 8 15
154 8 16
154 9 15
154 9 17
154 10 14
154 11 18
154 11 19
154 11 20
154 14 21
154 15 22
154 16 23
154 17 24
154 17 25
154 17 26
154 18 27
154 18 28
154 19 29
154 20 30
154 21 31
154 23 26
154 23 32
154 23 33
154 24 34
154 24 35
154 24 36
154 25 36
154 25 37
154 25 38
154 25 39
154 26 40
154 26 41
154 27 42
154 29 43
154 30 44
154 32 40
154 32 45
154 33 46
154 33 47
154 34 48
154 34 49
154 35 49
154 35 50
154 36 51
154 37 52
154 38 53
154 39 54
154 40 55
154 41 52
154 41 56
154 41 57
154 42 58
154 42 59
154 43 60
154 44 61
154 45 62
154 47 63
154 47 64
154 48 65
154 48 66
154 49 67
154 50 68
154 51 69
154 52 70
154 53 71
154 54 72
154 54 73
154 54 74
154 55 56
154 55 75
154 55 76
154 56 77
154 56 78
154 57 79
154 58 80
154 59 81
154 61 82
154 69 73
155 0 1
155 0 2
155 0 3
155 0 4
155 2 5
155 2 6
155 2 7
155 3 6
155 3 8
155 3 9
155 3 10
155 4 11
155 4 12
155 4 13
155 5 14
155 7 15
155 7 16
155 8 17
155 8 18
155 10 15
155 10 19
155 10 20
155 11 21
155 12 22
155 12 23
155 14 24
155 14 25
155 15 26
155 16 26
155 16 27
155 17 28
155 19 29
155 19 30
155 20 31
155 21 32
155 22 33
155 22 34
155 23 35
155 24 36
155 24 37
155 25 36
155 25 38
155 25 39
155 27 35
155 27 40
155 28 41
155 28 42
155 28 43
155 29 44
155 29 45
155 30 46
155 32 47
155 33 48
155 34 49
155 34 50
155 36 51
155 36 52
155 37 53
155 38 54
155 38 55
155 38 56
155 39 57
155 39 58
155 40 44
155 40 59
155 40 60
155 41 61
155 42 62
155 43 63
155 45 64
155 45 65
155 46 63
155 46 66
155 47 67
155 47 68
155 48 53
155 49 69
155 51 70
155 53 71
155 53 72
155 53 73
155 57 74
155 58 72
155 59 74
155 61 75
156 0 1
156 0 2
156 0 3
156 2 4
156 3 5
156 5 6
156 5 7
156 6 8
156 6 9
156 7 10
156 7 11
156 7 12
156 7 13
156 8 14
156 8 15
156 9 11
156 9 16
156 9 17
156 10 18
156 12 13
156 12 19
156 12 20
156 13 21
156 13 22
156 15 23
156 16 24
156 16 25
156 18 26
156 21 27
156 23 28
156 23 29
156 23 30
156 24 31
156 24 32
156 25 33
156 26 34
156 28 35
156 31 36
156 32 37
156 32 38
156 33 39
156 33 40
156 33 41
156 34 42
156 36 43
156 37 44
156 37 45
156 38 46
156 39 47
156 41 46
156 41 48
156 42 49
156 44 50
156 46 51
156 48 52
156 49 53
156 49 54
156 49 55
156 50 56
156 50 57
156 51 58
156 51 59
156 51 60
156 52 61
156 52 62
156 53 63
156 54 64
156 55 61
156 55 65
156 56 66
156 57 67
156 59 68
156 60 69
156 60 70
156 60 71
156 61 72
156 62 73
156 62 74
156 63 75
156 64 76
156 65 77
156 65 78
156 67 79
156 67 80
156 68 81
156 71 82
157 0 1
157 1 2
157 1 3
157 1 4
157 2 3
157 2 5
157 2 6
157 3 7
157 3 8
157 4 9
157 4 10
157 5 11
157 5 12
157 6 13
157 7 14
157 7 15
157 7 16
157 8 9
157 8 17
157 8 18
157 9 10
157 10 19
157 10 20
157 11 21
157 11 22
157 13 23
157 14 24
157 15 25
157 16 26
157 18 27
157 18 28
157 19 29
157 20 30
157 20 31
157 21 32
157 21 33
157 22 34
157 22 35
157 23 36
157 23 37
157 24 38
157 25 39
157 25 40
157 25 41
157 26 42
157 26 43
157 26 44
157 27 38
157 27 45
157 28 46
157 28 47
157 29 48
157 30 33
157 30 49
157 30 50
157 30 51
157 32 49
157 32 52
157 32 53
157 34 54
157 34 55
157 35 56
157 35 57
157 35 58
157 36 59
157 36 60
157 37 61
157 37 62
157 38 63
157 38 64
157 39 65
157 40 66
157 43 44
157 43 55
157 45 64
157 50 51
157 52 53
158 0 1
158 0 2
158 0 3
158 0 4
158 1 2
158 1 5
158 1 6
158 2 7
158 2 8
158 3 9
158 3 10
158 5 11
158 6 12
158 6 13
158 7 14
158 7 15
158 7 16
158 8 10
158 8 17
158 8 18
158 9 10
158 9 19
158 9 20
158 11 21
158 12 22
158 12 23
158 14 24
158 15 25
158 16 26
158 18 27
158 18 28
158 19 29
158 20 30
158 20 31
158 21 32
158 21 33
158 22 34
158 22 35
158 23 36
158 23 37
158 24 38
158 25 39
158 25 40
158 25 41
158 26 42
158 26 43
158 26 44
158 27 38
158 27 45
158 28 46
158 28 47
158 29 48
158 30 36
158 30 49
158 30 50
158 30 51
158 32 52
158 32 53
158 33 54
158 33 55
158 34 56
158 34 57
158 35 58
158 35 59
158 35 60
158 37 49
158 37 61
158 37 62
158 38 63
158 38 64
158 39 65
158 39 66
158 40 67
158 41 68
158 42 44
158 43 69
158 43 70
158 44 57
158 45 64
158 45 71
158 45 72
158 46 73
158 46 74
158 47 75
158 47 76
158 48 77
158 50 51
158 50 78
158 52 79
158 52 80
158 54 81
158 56 82
158 56 83
158 56 84
158 59 82
158 61 62
158 68 70
159 0 1
159 1 2
159 1 3
159 2 4
159 3 5
159 4 6
159 5 7
159 5 8
159 6 9
159 6 10
159 7 11
159 7 12
159 7 13
159 8 14
159 12 15
159 13 16
159 13 17
159 15 18
159 16 19
159 17 20
159 18 21
159 18 22
159 19 23
159 19 24
159 20 25
159 22 23
159 22 26
159 23 27
159 23 28
159 25 29
159 26 30
159 27 31
159 28 32
159 28 33
159 29 34
159 29 35
159 29 36
159 30 37
159 31 38
159 32 37
159 32 39
159 33 40
159 34 41
159 35 42
159 35 43
159 36 44
159 36 45
159 38 46
159 39 47
159 39 48
159 40 49
159 41 50
159 42 51
159 42 52
159 42 53
159 43 54
159 44 55
159 47 56
159 50 57
159 51 58
159 52 59
159 52 60
159 52 61
159 53 62
159 54 59
159 54 63
159 55 64
159 55 65
159 58 66
160 0 1
160 0 2
160 1 3
160 2 4
160 2 5
160 2 6
160 3 7
160 3 8
160 4 9
160 6 10
160 6 11
160 7 12
160 8 13
160 9 14
160 9 15
160 11 12
160 11 16
160 11 17
160 12 18
160 13 19
160 14 20
160 14 21
160 15 22
160 16 23
160 16 24
160 18 25
160 19 26
160 20 27
160 21 28
160 22 24
160 23 29
160 24 30
160 24 31
160 25 32
160 25 33
160 26 34
160 27 35
160 29 36
160 29 37
160 30 38
160 30 39
160 30 40
160 31 39
160 32 41
160 32 42
160 33 43
160 33 44
160 34 45
160 34 46
160 35 47
160 36 48
160 36 49
160 37 50
160 37 51
160 38 52
160 38 53
160 39 54
160 41 55
160 41 56
160 41 57
160 42 58
160 43 59
160 44 60
160 44 61
160 45 62
160 46 63
160 46 64
160 46 65
160 47 66
160 48 67
160 48 68
160 49 59
160 49 69
160 50 70
160 51 71
160 52 72
160 52 73
160 52 74
160 53 54
160 53 75
160 56 76
160 56 77
160 57 78
160 58 79
160 61 80
161 0 1
161 0 2
161 0 3
161 0 4
161 1 5
161 1 6
161 1 7
161 2 8
161 2 9
161 3 10
161 3 11
161 4 12
161 4 13
161 5 14
161 9 12
161 9 15
161 9 16
161 10 17
161 11 14
161 11 18
161 12 19
161 13 20
161 14 21
161 16 22
161 16 23
161 16 24
161 16 25
161 17 26
161 17 27
161 17 28
161 17 29
161 18 30
161 18 31
161 18 32
161 20 33
161 21 34
161 22 35
161 22 36
161 23 37
161 23 38
161 26 39
161 26 40
161 26 41
161 27 42
161 28 43
161 29 44
161 30 45
161 30 46
161 32 46
161 33 47
161 34 48
161 35 49
161 35 50
161 36 51
161 39 46
161 39 52
161 40 53
161 41 54
161 42 55
161 43 56
161 44 57
161 44 58
161 47 59
161 47 60
161 47 61
161 49 62
161 49 63
161 50 64
161 51 65
161 51 66
161 52 67
161 53 68
161 54 69
161 55 61
161 55 70
161 56 71
161 56 72
161 57 72
161 57 73
161 58 72
161 58 74
161 58 75
161 59 76
161 59 77
161 73 77
162 0 1
162 1 2
162 1 3
162 3 4
162 4 5
162 5 6
162 5 7
162 7 8
162 8 9
162 8 10
162 9 11
162 10 12
162 10 13
162 10 14
162 12 15
162 12 16
162 13 17
162 15 18
162 16 19
162 17 20
162 18 21
162 19 22
162 19 23
162 20 24
162 20 25
162 21 26
162 23 24
162 23 27
162 23 28
162 24 29
162 26 30
162 26 31
162 26 32
162 27 33
162 27 34
162 28 35
162 29 36
162 30 37
162 31 38
162 31 39
162 32 40
162 32 41
162 33 42
162 33 43
162 34 44
162 35 45
162 36 43
162 37 46
162 38 47
162 39 48
162 39 49
162 39 50
162 41 51
162 42 52
162 42 53
162 44 54
162 45 55
162 46 56
162 47 57
162 47 58
162 48 57
162 48 59
162 48 60
162 49 61
162 50 62
162 51 63
162 51 64
162 52 65
162 57 66
162 58 67
162 59 68
162 60 68
163 0 1
163 0 2
163 0 3
163 3 4
163 3 5
163 4 6
163 5 7
163 5 8
163 6 9
163 7 10
163 8 11
163 8 12
163 9 13
163 9 14
163 10 15
163 11 16
163 12 17
163 12 18
163 12 19
163 12 20
163 13 21
163 15 22
163 16 23
163 16 24
163 18 25
163 18 26
163 20 27
163 20 28
163 20 29
163 21 30
163 22 31
163 23 32
163 24 33
163 27 34
163 27 35
163 28 36
163 28 37
163 31 38
163 32 39
163 33 40
163 35 36
163 35 41
163 36 42
163 36 43
163 39 44
163 40 45
163 40 46
163 41 47
163 42 48
163 42 49
163 43 50
163 43 51
163 43 52
163 45 53
163 45 54
163 45 55
163 46 56
163 47 57
163 48 58
163 48 59
163 49 60
163 52 59
163 56 61
163 57 62
163 58 63
163 58 64
163 58 65
163 59 66
163 60 67
163 60 68
163 60 69
163 60 70
163 61 71
163 62 72
163 62 73
163 62 74
163 64 75
163 64 76
163 65 76
163 66 77
163 67 78
163 68 79
163 69 80
164 0 1
164 1 2
164 2 3
164 3 4
164 4 5
164 5 6
164 6 7
164 7 8
164 8 9
164 8 10
164 9 11
164 10 12
164 11 13
164 12 14
164 12 15
164 13 16
164 14 17
164 14 18
164 16 19
164 17 20
164 17 21
164 18 22
164 18 23
164 20 24
164 21 25
164 22 26
164 23 27
164 23 28
164 24 29
164 25 30
164 26 31
164 26 32
164 27 33
164 28 34
164 29 35
164 30 36
164 30 37
164 31 38
164 31 39
164 31 40
164 32 41
164 32 42
164 32 43
164 34 44
164 35 45
164 36 46
164 36 47
164 37 48
164 37 49
164 38 50
164 38 51
164 38 52
164 39 52
164 40 53
164 41 54
164 41 55
164 42 46
164 42 56
164 45 57
164 45 58
164 47 59
164 47 60
164 49 61
164 51 62
164 51 63
164 52 64
164 53 65
164 54 66
164 54 67
164 54 68
164 56 69
164 57 70
164 59 71
164 60 72
164 60 73
164 60 74
164 61 75
164 61 76
164 62 77
164 62 78
164 62 79
164 63 64
164 63 80
164 65 68
164 65 81
164 66 82
164 69 82
165 0 1
165 0 2
165 0 3
165 1 4
165 1 5
165 2 6
165 2 7
165 2 8
165 3 4
165 3 7
165 4 9
165 4 10
165 5 11
165 6 12
165 6 13
165 6 14
165 8 13
165 8 15
165 8 16
165 9 17
165 10 18
165 10 19
165 10 20
165 10 21
165 10 22
165 11 23
165 11 24
165 13 25
165 14 22
165 14 26
165 14 27
165 15 28
165 15 29
165 15 30
165 16 31
165 16 32
165 17 33
165 17 34
165 18 35
165 18 36
165 18 37
165 19 38
165 20 22
165 20 39
165 20 40
165 21 37
165 21 41
165 22 35
165 23 24
165 23 42
165 24 43
165 26 44
165 26 45
165 27 35
165 27 44
165 27 46
165 28 47
165 28 48
165 28 49
165 30 50
165 30 51
165 31 52
165 33 43
165 33 53
165 33 54
165 34 38
165 34 53
165 35 55
165 36 55
165 36 56
165 36 57
165 37 56
165 37 58
165 38 41
165 43 59
165 43 60
165 44 61
165 46 55
165 46 61
165 46 62
165 46 63
165 48 64
165 48 65
165 49 66
165 50 60
165 55 62
165 59 60
166 0 1
166 0 2
166 1 3
166 1 4
166 2 5
166 2 6
166 5 7
166 6 8
166 6 9
166 6 10
166 7 11
166 7 12
166 8 13
166 8 14
166 8 15
166 9 16
166 10 15
166 10 17
166 12 18
166 13 19
166 13 20
166 13 21
166 14 22
166 15 23
166 16 24
166 16 25
166 17 26
166 19 27
166 19 28
166 19 29
166 20 24
166 21 30
166 22 31
166 23 32
166 23 33
166 25 28
166 25 34
166 26 32
166 27 35
166 27 36
166 27 37
166 28 38
166 31 39
166 31 40
166 31 41
166 32 42
166 33 43
166 34 44
166 34 45
166 35 46
166 36 47
166 36 48
166 36 49
166 37 50
166 38 51
166 40 52
166 41 53
166 43 54
166 43 55
166 44 56
166 44 57
166 45 58
166 45 59
166 46 57
166 48 60
166 53 61
166 54 62
166 54 63
166 55 64
166 56 65
166 58 66
166 59 67
166 59 68
166 62 69
166 65 70
166 65 71
166 66 72
167 0 1
167 0 2
167 1 3
167 1 4
167 1 5
167 2 6
167 3 7
167 3 8
167 4 9
167 4 10
167 4 11
167 6 12
167 7 13
167 8 14
167 8 15
167 11 16
167 13 17
167 13 18
167 14 19
167 15 20
167 15 21
167 15 22
167 16 23
167 17 24
167 17 25
167 18 26
167 18 27
167 19 28
167 19 29
167 20 26
167 21 30
167 23 31
167 23 32
167 24 33
167 26 34
167 27 35
167 28 36
167 28 37
167 29 38
167 29 39
167 31 40
167 31 41
167 32 42
167 33 43
167 33 44
167 34 45
167 34 46
167 34 47
167 35 48
167 36 49
167 36 50
167 37 51
167 37 52
167 38 53
167 39 54
167 39 55
167 40 56
167 42 57
167 43 58
167 44 59
168 0 1
168 0 2
168 0 3
168 0 4
168 1 5
168 1 6
168 1 7
168 3 8
168 3 9
168 4 10
168 4 11
168 5 12
168 6 8
168 6 13
168 6 14
168 7 15
168 7 16
168 8 17
168 8 18
168 9 17
168 9 19
168 11 20
168 11 21
168 11 22
168 13 23
168 13 24
168 14 25
168 15 26
168 16 27
168 17 28
168 17 29
168 18 30
168 18 31
168 18 32
168 19 33
168 20 34
168 20 35
168 22 36
168 23 31
168 24 37
168 25 38
168 26 39
168 27 40
168 28 41
168 29 42
168 29 43
168 30 44
168 30 45
168 30 46
168 31 44
168 31 47
168 31 48
168 32 49
168 32 50
168 33 51
168 34 42
168 34 52
168 36 53
168 37 54
168 38 39
168 39 55
168 40 56
168 41 49
168 41 50
168 42 57
168 44 58
168 45 59
168 45 60
168 46 59
168 46 61
168 47 62
168 48 63
168 49 64
168 50 65
168 50 66
168 53 67
168 53 68
168 54 69
168 56 70
168 58 71
168 59 72
168 60 73
168 61 74
168 61 75
168 62 76
168 62 77
168 62 78
168 63 79
168 65 80
168 69 79
168 71 78
169 0 1
169 0 2
169 0 3
169 2 4
169 3 5
169 4 6
169 4 7
169 5 8
169 6 9
169 6 10
169 7 11
169 9 12
169 9 13
169 10 14
169 10 15
169 11 16
169 12 17
169 12 18
169 13 19
169 13 20
169 14 21
169 14 22
169 15 23
169 16 24
169 17 24
169 17 25
169 17 26
169 18 27
169 19 28
169 20 29
169 21 30
169 22 31
169 23 32
169 23 33
169 23 34
169 24 35
169 24 36
169 26 29
169 26 37
169 26 38
169 28 38
169 28 39
169 28 40
169 30 41
169 31 42
169 31 43
169 33 34
169 33 44
169 34 45
169 34 46
169 35 47
169 36 48
169 36 49
169 36 50
169 37 51
169 38 52
169 38 53
169 39 52
169 39 54
169 40 55
169 40 56
169 41 57
169 42 58
169 42 59
169 42 60
169 43 61
169 44 62
169 45 63
169 46 64
169 49 65
169 52 66
169 53 67
169 54 68
169 55 69
169 56 70
169 57 71
169 57 72
169 58 73
169 58 74
169 60 75
169 61 76
169 62 77
169 62 78
169 62 79
169 62 80
169 63 71
169 63 81
169 64 72
169 66 82
169 66 83
169 67 84
169 68 83
170 0 1
170 0 2
170 0 3
170 1 4
170 2 5
170 3 6
170 3 7
170 3 8
170 4 9
170 5 10
170 6 11
170 7 12
170 8 13
170 8 14
170 9 15
170 10 16
170 11 17
170 13 18
170 14 19
170 15 20
170 16 21
170 18 22
170 19 23
170 19 24
170 21 25
170 21 26
170 22 27
170 23 28
170 24 29
170 25 30
170 27 31
170 29 32
170 30 33
170 31 34
170 32 35
170 33 36
170 34 37
170 35 38
170 36 39
170 36 40
170 36 41
170 37 42
170 37 43
170 38 44
170 38 45
170 39 46
170 42 47
170 42 48
170 43 49
170 44 50
170 45 51
170 45 52
170 46 53
170 46 54
170 48 55
170 48 56
170 49 57
170 50 58
170 51 59
170 53 60
170 53 61
170 54 62
170 56 63
170 57 64
170 57 65
170 58 66
170 59 67
170 59 68
170 59 69
170 60 70
170 60 71
170 62 72
170 62 73
170 63 74
170 70 72
171 0 1
171 0 2
171 2 3
171 3 4
171 3 5
171 4 6
171 4 7
171 5 8
171 5 9
171 7 10
171 8 11
171 9 12
171 9 13
171 10 14
171 12 15
171 13 16
171 13 17
171 14 18
171 17 19
171 17 20
171 18 21
171 19 22
171 19 23
171 20 24
171 22 25
171 23 26
171 24 27
171 25 28
171 27 29
171 28 30
171 28 31
171 29 32
171 29 33
171 29 34
171 31 35
171 35 36
171 36 37
172 0 1
172 0 2
172 0 3
172 1 4
172 1 5
172 2 6
172 5 7
172 6 8
172 6 9
172 7 10
172 8 11
172 8 12
172 8 13
172 9 12
172 9 14
172 10 15
172 10 16
172 11 17
172 11 18
172 12 19
172 13 20
172 13 21
172 15 22
172 15 23
172 15 24
172 16 25
172 16 26
172 17 27
172 18 28
172 18 29
172 19 30
172 19 31
172 20 32
172 21 33
172 22 34
172 24 35
172 24 36
172 25 37
172 26 38
172 26 39
172 27 40
172 28 29
172 28 41
172 28 42
172 29 43
172 29 44
172 29 45
172 32 46
172 33 47
172 34 48
172 35 49
172 36 50
172 37 51
172 37 52
172 38 53
172 39 54
172 39 55
172 40 56
172 41 45
172 41 57
172 41 58
172 42 59
172 43 60
172 45 61
172 46 62
172 47 63
172 49 64
172 49 65
172 50 66
172 51 67
172 51 68
172 51 69
172 52 70
172 53 71
172 55 72
172 56 59
172 56 73
172 57 59
172 57 74
172 57 75
172 60 76
172 61 77
172 62 70
172 63 78
173 0 1
173 1 2
174 0 1
174 0 2
174 1 3
174 2 4
174 3 5
174 3 6
174 3 7
174 4 8
174 4 9
174 5 10
174 6 11
174 7 12
174 7 13
174 8 14
174 8 15
174 10 16
174 10 17
174 11 18
174 13 19
174 13 20
174 13 21
174 14 22
174 15 23
174 15 24
174 16 25
174 17 26
174 19 27
174 20 28
174 22 29
174 22 30
174 23 31
174 24 32
174 25 33
174 26 34
174 28 35
174 30 36
174 31 37
174 32 38
174 32 39
174 33 40
174 33 41
174 34 42
174 35 43
174 36 44
174 37 45
174 38 46
174 38 47
174 39 48
174 40 49
174 40 50
174 41 51
174 43 52
174 44 53
174 44 54
174 45 55
174 45 56
174 46 57
174 48 58
175 0 1
175 0 2
175 2 3
175 3 4
175 3 5
175 5 6
175 5 7
175 7 8
175 7 9
175 8 10
175 9 11
175 10 12
175 11 13
175 12 14
175 13 15
175 13 16
175 14 17
175 15 18
175 16 19
175 17 20
175 18 21
175 18 22
175 18 23
175 19 24
175 20 25
175 21 26
175 21 27
175 22 28
175 23 29
175 24 30
175 25 31
175 25 32
175 27 33
175 27 34
175 27 35
175 28 36
175 29 37
175 31 38
175 31 39
175 31 40
175 32 41
175 33 42
175 35 43
175 36 44
175 38 45
175 38 46
175 39 47
175 40 48
175 41 49
175 41 50
175 42 51
175 44 52
175 44 53
175 45 54
175 46 55
175 47 56
175 49 57
175 50 58
175 51 59
175 52 60
175 52 61
175 54 62
175 55 63
175 57 64
175 59 65
175 60 66
175 61 67
175 61 68
175 62 69
175 63 70
175 64 71
175 65 72
175 66 73
175 66 74
175 67 75
175 68 76
175 69 77
175 70 78
175 71 79
175 72 80
175 74 81
175 75 82
175 76 83
175 76 84
175 78 85
175 78 86
176 0 1
176 0 2
176 1 3
176 1 4
176 2 5
176 3 6
176 4 7
176 5 8
176 6 9
176 6 10
176 6 11
176 7 12
176 8 13
176 8 14
176 9 15
176 10 16
176 10 17
176 11 18
176 12 19
176 14 16
176 14 20
176 15 21
176 15 22
176 15 23
176 15 24
176 16 25
176 17 26
176 17 27
176 18 28
176 18 29
176 18 30
176 19 31
176 20 32
176 21 28
176 21 33
176 22 34
176 23 35
176 24 33
176 24 36
176 24 37
176 25 38
176 27 39
176 29 40
176 29 41
176 29 42
176 30 43
176 31 44
176 32 45
176 33 46
176 33 47
176 34 48
176 34 49
176 35 39
176 36 48
176 36 50
176 36 51
176 37 52
176 37 53
176 38 54
176 39 55
176 40 56
176 41 44
176 41 57
176 41 58
176 42 59
176 43 60
176 45 61
176 45 62
176 46 63
176 46 64
176 47 63
176 47 65
176 48 66
176 48 67
176 49 68
176 50 69
176 50 70
176 51 70
176 51 71
176 51 72
176 52 73
176 52 74
176 52 75
176 53 74
176 66 69
176 71 74
177 0 1
177 1 2
177 1 3
177 1 4
177 2 5
177 3 6
177 3 7
177 7 8
177 7 9
177 7 10
177 8 11
177 8 12
177 9 13
177 10 14
177 11 15
177 12 16
177 12 17
177 13 16
177 14 18
177 14 19
177 15 20
177 15 21
177 16 22
177 16 23
177 17 24
177 17 25
177 18 26
177 19 27
177 20 21
177 20 28
177 20 29
177 23 30
177 23 31
177 23 32
177 24 33
177 24 34
177 25 35
177 25 36
177 26 27
177 26 37
177 27 38
177 28 39
177 28 40
177 29 41
177 30 42
177 30 43
177 32 44
177 32 45
177 32 46
177 33 47
177 34 43
177 34 48
177 34 49
177 36 50
177 36 51
177 36 52
177 37 53
177 37 54
177 38 55
177 39 56
177 40 57
177 41 50
177 41 58
177 41 59
177 43 48
177 43 60
177 44 61
177 44 62
177 45 63
177 45 64
177 45 65
177 46 64
177 46 66
177 47 49
177 47 67
177 47 68
177 47 69
177 48 70
177 50 52
177 50 71
177 51 72
177 52 73
177 52 74
177 53 75
177 67 69
178 0 1
178 0 2
178 1 3
178 2 4
178 3 5
178 3 6
178 4 7
178 5 8
178 5 9
178 6 10
178 7 11
178 7 12
178 8 13
178 10 14
178 11 15
178 12 16
178 13 17
178 13 18
178 13 19
178 14 20
178 16 21
178 16 22
178 19 23
178 19 24
178 19 25
178 20 26
178 20 27
178 21 28
178 22 29
178 22 30
178 22 31
178 23 32
178 23 33
178 23 34
178 26 35
178 27 36
178 28 37
178 29 38
178 30 39
178 30 40
178 31 41
178 34 42
178 35 43
178 35 44
178 36 45
178 37 46
178 39 47
178 40 48
178 41 49
178 43 50
178 44 51
178 45 52
178 45 53
178 46 54
178 47 55
178 48 56
178 50 57
178 51 58
178 52 59
178 52 60
178 53 61
178 54 62
178 55 63
178 56 64
178 59 65
178 60 66
178 61 67
178 61 68
178 62 69
178 63 70
178 64 71
178 65 68
178 65 72
179 0 1
179 0 2
179 0 3
179 1 4
179 2 5
179 2 6
179 3 7
179 4 8
179 4 9
179 5 10
179 5 11
179 6 12
179 7 13
179 8 14
179 8 15
179 8 16
179 9 17
179 10 18
179 10 19
179 11 20
179 11 21
179 12 22
179 12 23
179 12 24
179 13 25
179 15 26
179 16 27
179 16 28
179 17 29
179 18 30
179 18 31
179 19 32
179 19 33
179 20 34
179 21 35
179 22 24
179 22 36
179 22 37
179 24 38
179 25 39
179 25 40
179 26 41
179 27 42
179 28 43
179 28 44
179 30 45
179 31 46
179 32 47
179 33 48
179 33 49
179 33 50
179 34 51
179 34 52
179 35 53
179 36 54
179 37 55
179 38 56
179 39 54
179 39 57
179 40 55
179 42 58
179 43 59
179 44 60
179 44 61
179 45 50
179 46 62
179 46 63
179 46 64
179 48 53
179 48 65
179 48 66
179 50 62
179 50 67
179 52 68
179 54 69
179 56 70
179 56 71
179 56 72
179 56 73
179 57 74
179 58 75
180 0 1
180 1 2
180 1 3
180 1 4
180 1 5
180 1 6
180 2 7
180 4 8
180 5 9
180 6 10
180 7 11
180 8 12
180 9 13
180 10 14
180 11 15
180 12 16
180 13 17
180 14 18
180 14 19
180 15 20
180 16 21
180 16 22
180 17 23
180 18 24
180 18 25
180 20 26
180 21 27
180 21 28
180 22 29
180 23 30
180 23 31
180 25 32
180 28 33
180 29 33
180 29 34
180 30 35
180 31 36
180 31 37
180 34 38
180 35 39
180 35 40
180 36 41
180 38 42
180 38 43
180 39 44
180 40 45
180 40 46
180 41 47
180 41 48
180 42 49
180 44 50
180 45 51
180 46 52
180 46 53
180 48 54
180 48 55
180 49 56
180 49 57
180 49 58
180 50 59
180 51 60
180 51 61
180 53 62
180 55 63
180 56 64
180 58 65
180 59 66
180 59 67
180 60 68
180 62 69
180 63 70
180 64 71
180 66 72
180 67 73
180 67 74
180 67 75
180 68 76
180 69 77
180 70 78
180 75 79
180 76 80
180 76 81
180 77 82
180 77 83
181 0 1
181 0 2
181 0 3
181 1 4
181 1 5
181 3 6
181 3 7
181 3 8
181 4 9
181 4 10
181 6 11
181 6 12
181 7 13
181 9 14
181 10 13
181 10 15
181 10 16
181 11 13
181 11 17
181 13 18
181 14 19
181 15 18
181 15 20
181 16 21
181 16 22
181 16 23
181 17 18
181 18 24
181 19 25
181 21 26
181 21 27
181 21 28
181 22 29
181 23 30
181 24 31
181 25 32
181 25 33
181 25 34
181 27 35
181 28 36
181 29 34
181 30 37
181 31 38
181 32 39
181 33 40
181 33 41
181 33 42
181 36 43
181 36 44
181 36 45
181 37 46
181 37 47
181 37 48
181 38 49
181 38 50
181 39 51
181 40 52
181 41 53
181 42 54
181 42 55
181 42 56
181 43 57
181 44 58
181 46 59
181 46 60
181 47 61
181 48 62
181 48 63
181 49 64
181 50 65
181 50 66
181 51 67
181 52 68
181 53 69
181 54 70
182 0 1
182 1 2
183 0 1
183 0 2
183 1 3
183 1 4
183 3 5
183 3 6
183 4 7
183 4 8
183 5 9
183 5 10
183 6 11
183 7 12
183 8 13
183 9 14
183 10 15
183 11 16
183 11 17
183 11 18
183 12 18
183 13 19
183 14 20
183 15 21
183 15 22
183 16 17
183 16 23
183 17 24
183 17 25
183 19 26
183 20 27
183 21 28
183 22 29
183 23 30
183 24 31
183 26 31
183 26 32
183 28 33
183 28 34
183 29 35
183 30 36
183 30 37
183 30 38
183 30 39
183 31 40
183 32 41
183 33 42
183 33 43
183 34 43
183 34 44
183 35 45
183 35 46
183 35 47
183 35 48
183 37 49
183 38 50
183 39 51
183 39 52
183 40 53
183 40 54
183 41 55
183 41 56
183 42 57
183 42 58
183 43 59
183 45 60
183 45 61
183 46 47
183 46 61
183 46 62
183 47 63
183 49 59
183 50 64
183 51 65
183 51 66
183 52 65
183 52 67
183 53 68
183 53 69
183 54 70
183 54 71
183 55 72
183 56 73
183 56 74
183 56 75
183 57 76
183 57 77
183 57 78
183 58 60
183 61 79
183 61 80
183 62 81
183 63 82
183 63 83
183 64 84
183 65 85
183 65 86
183 65 87
183 67 88
183 68 89
183 68 90
183 76 80
183 80 81
184 0 1
184 1 2
184 1 3
184 2 4
184 3 5
184 4 6
184 5 7
184 6 8
184 7 9
184 7 10
184 8 11
184 9 12
184 9 13
184 11 14
184 11 15
184 12 16
184 13 17
184 14 18
184 15 19
184 15 20
184 16 21
184 17 22
184 18 23
184 19 24
184 19 25
184 20 26
184 20 27
184 22 28
184 22 29
184 22 30
184 23 31
184 23 32
184 24 33
184 26 34
184 26 35
184 27 36
184 28 37
184 28 38
184 28 39
184 31 40
184 31 41
184 32 42
184 32 43
184 33 44
184 33 45
184 34 46
184 35 47
184 36 48
184 36 49
184 37 50
184 37 51
184 39 52
184 40 53
184 41 54
184 41 55
184 43 56
184 44 57
184 45 58
184 47 59
184 48 60
184 48 61
184 48 62
184 49 53
184 49 63
184 49 64
184 50 65
184 51 66
184 51 67
184 52 68
185 0 1
185 0 2
185 1 3
185 2 4
185 2 5
185 5 6
185 6 7
185 6 8
185 7 9
185 8 10
185 9 11
185 9 12
185 9 13
185 10 14
185 12 15
185 13 16
185 13 17
185 15 18
185 16 19
185 16 20
185 17 21
185 18 22
185 18 23
185 19 24
185 20 25
185 20 26
185 22 27
185 22 28
185 22 29
185 24 30
185 25 31
185 25 32
185 26 33
185 26 34
185 27 35
185 27 36
185 28 37
185 29 38
185 29 39
185 30 40
185 30 41
185 30 42
185 31 43
185 32 44
185 33 45
185 33 46
185 34 47
185 34 48
185 35 38
185 35 49
185 35 50
185 36 51
185 36 52
185 36 53
185 37 54
185 38 50
185 39 55
185 39 56
185 40 57
185 40 58
185 40 59
185 41 60
185 42 61
185 44 62
185 45 63
185 45 64
185 45 65
185 47 65
185 50 51
186 0 1
186 1 2
186 1 3
186 1 4
186 2 5
186 2 6
186 2 7
186 2 8
186 3 7
186 3 9
186 3 10
186 4 5
186 4 11
186 5 12
186 5 13
186 6 8
186 6 14
186 6 15
186 7 16
186 7 17
186 8 12
186 8 18
186 11 13
186 11 19
186 12 20
186 12 21
186 13 20
186 13 22
186 15 23
186 16 23
186 16 24
186 18 21
186 18 25
186 18 26
186 20 27
186 20 28
186 21 27
186 21 29
186 22 30
186 22 31
186 22 32
186 24 33
186 24 34
186 25 34
186 25 35
186 26 29
186 26 36
186 26 37
186 27 28
186 27 38
186 27 39
186 27 40
186 28 41
186 28 42
186 29 40
186 29 43
186 30 44
186 30 45
186 30 46
186 31 46
186 31 47
186 33 37
186 33 48
186 33 49
186 34 35
186 35 37
186 35 50
186 36 51
186 36 52
186 38 53
186 39 54
186 39 55
186 39 56
186 40 57
186 43 58
186 44 55
186 44 56
186 45 55
186 46 59
186 46 60
186 48 61
186 48 62
186 49 63
186 50 51
186 52 64
186 53 57
186 53 65
186 54 66
186 56 67
186 58 68
186 59 69
186 59 70
186 60 71
186 60 72
186 60 73
186 61 74
186 63 75
186 64 68
186 64 76
186 64 77
186 64 78
186 65 66
186 65 79
186 66 80
186 67 81
186 68 79
186 69 82
186 72 83
186 79 80
187 0 1
187 0 2
187 1 3
187 1 4
187 1 5
187 1 6
187 2 7
187 2 8
187 3 9
187 4 10
187 4 11
187 5 12
187 7 8
187 7 13
187 7 14
187 8 15
187 8 16
187 9 17
187 10 18
187 10 19
187 11 18
187 11 20
187 12 21
187 14 22
187 15 23
187 16 24
187 17 25
187 18 26
187 18 27
187 18 28
187 20 29
187 21 30
187 22 31
187 22 32
187 23 33
187 23 34
187 24 35
187 25 36
187 25 37
187 26 38
187 27 39
187 28 40
187 29 41
187 30 42
187 31 43
187 31 44
187 32 45
187 32 46
187 33 47
187 33 48
187 34 49
187 34 50
187 35 48
187 36 51
187 36 52
187 37 51
187 37 53
187 39 54
187 39 55
187 40 56
187 41 57
187 42 58
187 42 59
187 43 60
187 44 61
187 45 62
187 45 63
187 46 64
187 46 65
187 47 66
187 48 67
187 49 68
187 60 67
188 0 1
188 0 2
188 1 3
188 1 4
188 2 5
188 2 6
188 2 7
188 3 8
188 4 9
188 4 10
188 5 11
188 7 12
188 7 13
188 7 14
188 8 15
188 8 16
188 9 17
188 9 18
188 9 19
188 10 20
188 11 21
188 11 22
188 12 23
188 12 24
188 12 25
188 13 26
188 15 16
188 15 27
188 15 28
188 16 29
188 16 30
188 17 31
188 17 32
188 18 33
188 19 34
188 20 35
188 20 36
188 20 37
188 21 38
188 21 39
188 21 40
188 22 37
188 22 41
188 23 42
188 24 43
188 24 44
188 25 45
188 26 27
188 28 46
188 28 47
188 29 48
188 29 49
188 30 50
188 31 51
188 31 52
188 32 53
188 33 54
188 33 55
188 36 55
188 37 41
188 38 56
188 39 57
188 40 41
188 40 58
188 40 59
188 41 60
188 42 61
188 43 62
188 43 63
188 44 64
188 47 48
188 48 65
188 48 66
188 48 67
188 49 68
188 50 65
188 52 69
188 52 70
188 52 71
188 53 72
188 54 72
188 54 73
188 55 60
188 55 74
188 56 75
188 57 76
188 57 77
188 58 59
188 58 77
188 58 78
188 58 79
188 59 60
189 0 1
190 0 1
190 1 2
190 1 3
190 2 4
190 3 5
190 4 6
190 5 7
190 6 8
190 6 9
190 7 10
190 8 10
190 8 11
190 8 12
190 9 13
190 10 14
190 10 15
190 11 16
190 12 17
190 12 18
190 12 19
190 13 20
190 14 21
190 14 22
190 15 19
190 15 23
190 15 24
190 17 25
190 17 26
190 19 27
190 20 28
190 21 29
190 22 30
190 23 27
190 23 31
190 23 32
190 24 29
190 24 33
190 24 34
190 26 35
190 26 36
190 26 37
190 27 38
190 28 39
190 29 40
190 29 41
190 29 42
190 30 43
190 31 44
190 31 45
190 32 46
190 33 40
190 33 47
190 33 48
190 34 49
190 34 50
190 35 51
190 35 52
190 36 53
190 38 54
190 39 55
190 40 56
190 41 57
190 42 58
190 43 59
190 45 51
190 45 60
190 46 49
190 46 50
190 47 61
190 47 62
190 48 62
190 48 63
190 49 64
190 50 65
191 0 1
191 0 2
191 1 3
191 1 4
191 2 5
191 3 6
191 5 7
191 6 8
191 6 9
191 6 10
191 8 11
191 8 12
191 8 13
191 9 14
191 9 15
191 12 15
191 12 16
191 12 17
191 13 18
191 15 19
191 16 20
191 17 21
191 17 22
191 17 23
191 19 24
191 20 25
191 21 26
191 22 27
191 24 28
191 25 29
191 26 30
191 26 31
191 27 32
191 27 33
191 28 34
191 29 35
191 29 36
191 29 37
191 30 38
191 32 39
191 32 40
191 33 41
191 35 42
191 35 43
191 37 44
191 37 45
191 38 46
191 42 47
191 43 48
191 43 49
191 43 50
191 43 51
191 43 52
191 44 49
191 47 53
191 48 54
191 49 55
191 49 56
191 50 57
191 51 58
191 52 59
191 53 60
191 53 61
191 53 62
191 54 63
191 55 64
191 55 65
191 55 66
191 56 67
191 57 68
191 57 69
191 58 70
191 59 71
191 59 72
191 60 69
192 0 1
193 0 1
193 1 2
193 2 3
193 3 4
194 0 1
194 0 2
194 1 3
194 1 4
194 2 5
194 2 6
194 2 7
194 3 8
194 3 9
194 4 10
194 4 11
194 4 12
194 4 13
194 5 14
194 6 12
194 6 15
194 6 16
194 7 17
194 7 18
194 8 18
194 9 19
194 10 11
194 10 19
194 10 20
194 11 21
194 11 22
194 12 23
194 13 24
194 14 25
194 16 26
194 17 27
194 17 28
194 17 29
194 18 30
194 18 31
194 19 32
194 19 33
194 20 22
194 20 34
194 20 35
194 21 36
194 22 37
194 22 38
194 25 28
194 26 39
194 27 29
194 27 40
194 29 39
194 30 41
194 30 42
194 31 43
194 31 44
194 32 45
194 33 34
194 33 46
194 34 35
194 35 47
194 36 48
194 37 49
194 38 50
194 38 51
194 38 52
194 39 53
194 40 54
194 41 55
194 41 56
194 41 57
194 42 58
194 43 59
194 44 60
194 44 61
194 45 62
194 46 63
194 47 51
194 47 64
194 47 65
194 50 66
194 52 67
194 52 68
194 53 69
194 53 70
194 54 71
194 54 72
194 55 73
194 56 62
194 57 74
194 58 75
194 58 76
195 0 1
195 0 2
195 0 3
195 1 4
195 2 5
195 3 6
195 4 7
195 5 8
195 8 9
195 8 10
195 9 11
195 9 12
195 9 13
195 10 14
195 10 15
195 11 16
195 12 17
195 12 18
195 12 19
195 13 20
195 14 21
195 15 22
195 17 23
195 18 24
195 18 25
195 18 26
195 20 27
195 21 28
195 23 29
195 24 30
195 26 31
195 27 32
195 28 33
195 28 34
195 29 35
195 30 36
195 30 37
195 31 38
195 31 39
195 32 40
195 33 41
195 35 42
195 35 43
195 35 44
195 36 45
195 36 46
195 37 47
195 37 48
195 37 49
195 38 50
195 38 51
195 39 43
195 40 52
195 41 53
195 42 54
195 42 55
195 43 44
195 44 56
195 44 57
195 45 46
195 45 47
195 45 58
195 46 59
195 47 60
195 47 61
195 48 62
195 49 63
195 50 59
195 51 64
195 51 65
195 51 66
195 53 67
195 53 68
195 55 69
195 56 70
195 57 69
195 57 71
195 58 61
195 58 72
195 58 73
195 59 74
195 59 75
195 60 61
195 60 76
195 60 77
195 60 78
195 61 79
195 62 80
195 63 77
195 63 81
195 64 82
195 65 83
195 73 75
195 73 82
196 0 1
196 0 2
196 0 3
196 1 4
196 1 5
196 2 4
196 2 6
196 3 7
196 3 8
196 3 9
196 5 10
196 5 11
196 5 12
196 6 13
196 6 14
196 7 15
196 8 10
196 9 10
196 9 16
196 9 17
196 10 18
196 10 19
196 11 20
196 11 21
196 12 22
196 13 23
196 13 24
196 13 25
196 14 26
196 15 27
196 15 28
196 17 29
196 17 30
196 17 31
196 19 32
196 19 33
196 20 24
196 20 34
196 21 35
196 25 36
196 26 29
196 27 37
196 27 38
196 27 39
196 28 38
196 28 40
196 29 41
196 30 42
196 32 43
196 34 44
196 34 45
196 35 46
196 35 47
196 36 48
196 36 49
196 37 50
196 37 51
196 37 52
196 38 53
196 38 54
196 39 49
196 39 55
196 40 56
196 41 57
196 41 58
196 42 59
196 43 60
196 43 61
196 43 62
196 46 60
197 0 1
197 0 2
197 0 3
197 2 4
197 2 5
197 2 6
197 3 6
197 3 7
197 3 8
197 4 9
197 4 10
197 5 11
197 5 12
197 5 13
197 6 14
197 6 15
197 7 14
197 8 16
197 9 17
197 10 18
197 10 19
197 11 20
197 12 21
197 12 22
197 12 23
197 13 24
197 14 25
197 15 26
197 16 27
197 17 28
197 18 26
197 18 29
197 20 30
197 21 31
197 23 32
197 24 33
197 25 26
197 25 34
197 26 35
197 27 36
197 27 37
197 28 38
197 30 38
197 32 39
197 32 40
197 32 41
197 33 42
197 33 43
197 33 44
197 36 45
197 36 46
197 37 47
197 38 48
197 38 49
197 39 50
197 40 51
197 42 52
197 42 53
197 43 54
197 43 55
197 44 56
197 45 57
197 46 58
197 47 59
197 47 60
197 48 61
197 49 62
197 49 63
197 49 64
197 50 65
197 50 66
197 51 67
197 52 68
197 52 69
197 53 70
197 54 71
197 54 72
197 55 68
197 55 73
197 56 74
197 56 75
197 57 76
197 58 77
197 59 78
197 59 79
197 60 80
197 61 81
198 0 1
198 0 2
198 1 3
198 1 4
198 2 5
198 3 6
198 3 7
198 4 8
198 5 9
198 6 10
198 7 11
198 7 12
198 8 13
198 8 14
198 9 15
198 9 16
198 10 17
198 10 18
198 10 19
198 11 20
198 11 21
198 12 22
198 12 23
198 13 24
198 13 25
198 13 26
198 14 27
198 15 28
198 15 29
198 16 30
198 17 19
198 17 31
198 19 32
198 19 33
198 20 34
198 21 35
198 22 36
198 22 37
198 23 38
198 23 39
198 25 40
198 26 41
198 26 42
198 27 43
198 28 44
198 29 32
198 29 45
198 30 33
198 31 46
198 34 47
198 35 48
198 35 49
198 36 50
198 36 51
198 36 52
198 37 53
198 38 54
198 39 55
198 40 56
198 41 57
198 41 58
198 42 59
198 45 60
198 45 61
198 46 62
198 46 63
198 46 64
198 46 65
198 47 52
198 48 66
198 51 54
198 51 67
198 51 68
198 52 69
198 52 70
198 55 68
198 55 71
198 55 72
198 57 73
198 58 74
198 58 75
198 59 76
199 0 1
199 0 2
199 0 3
199 1 4
199 2 5
199 3 6
199 3 7
199 4 8
199 5 9
199 5 10
199 6 11
199 6 12
199 7 13
199 8 14
199 9 15
199 10 16
199 11 15
199 12 17
199 13 18
199 13 19
199 14 19
199 14 20
199 14 21
199 15 22
199 15 23
199 16 24
199 16 25
199 17 26
199 17 27
199 17 28
199 18 29
199 18 30
199 19 29
199 19 31
199 20 32
199 21 33
199 21 34
199 22 35
199 23 36
199 24 37
199 26 38
199 26 39
199 26 40
199 27 41
199 27 42
199 27 43
199 28 44
199 29 45
199 29 46
199 30 46
199 31 47
199 34 48
199 34 49
199 35 50
199 36 51
199 36 52
199 36 53
199 37 54
199 38 53
199 39 55
199 39 56
199 41 46
199 41 57
199 41 58
199 42 59
199 44 56
199 44 60
199 44 61
199 45 62
199 45 63
199 47 64
199 48 65
199 48 66
199 49 66
199 49 67
199 49 68
199 50 69
199 52 70
199 54 71
199 54 72
199 55 73
199 57 59
199 58 63
199 70 73
200 0 1
200 0 2
200 0 3
200 1 4
200 2 5
200 2 6
200 3 7
200 3 8
200 3 9
200 3 10
200 4 11
200 4 12
200 5 13
200 5 14
200 6 14
200 6 15
200 7 16
200 7 17
200 8 18
200 9 13
200 9 19
200 10 13
200 11 20
200 12 21
200 12 22
200 13 23
200 13 24
200 13 25
200 14 26
200 15 27
200 15 28
200 15 29
200 16 19
200 16 30
200 16 31
200 17 32
200 18 33
200 18 34
200 20 35
200 21 29
200 21 36
200 21 37
200 22 37
200 22 38
200 22 39
200 23 40
200 24 41
200 24 42
200 25 31
200 25 43
200 26 44
200 27 45
200 27 46
200 27 47
200 29 48
200 30 49
200 30 50
200 31 49
200 31 51
200 32 52
200 33 53
200 34 52
200 34 54
200 34 55
200 35 54
200 35 56
200 35 57
200 37 58
200 37 59
200 40 41
200 40 60
200 41 61
200 42 44
200 42 62
200 43 63
200 43 64
200 44 65
200 44 66
200 45 59
200 45 67
200 46 68
200 46 69
200 46 70
200 46 71
200 47 48
200 48 72
200 49 73
200 50 74
200 50 75
200 51 63
200 51 76
200 51 77
200 52 78
200 55 78
200 58 72
200 60 64
200 63 77
201 0 1
201 1 2
202 0 1
202 1 2
202 1 3
202 2 4
202 2 5
202 4 6
202 5 7
202 5 8
202 5 9
202 6 10
202 6 11
202 7 12
202 8 13
202 8 14
202 9 15
202 9 16
202 10 17
202 11 18
202 12 19
202 12 20
202 13 21
202 13 22
202 13 23
202 14 24
202 14 25
202 14 26
202 15 27
202 15 28
202 15 29
202 16 30
202 17 30
202 17 31
202 18 32
202 18 33
202 19 34
202 20 22
202 20 35
202 21 36
202 21 37
202 21 38
202 23 39
202 24 26
202 24 40
202 25 41
202 26 42
202 27 43
202 28 44
202 29 45
202 30 46
202 31 47
202 31 48
202 31 49
202 32 50
202 32 51
202 33 52
202 33 53
202 34 54
202 34 55
202 34 56
202 35 36
202 35 56
202 35 57
202 35 58
202 36 59
202 38 60
202 39 41
202 40 60
202 40 61
202 42 62
202 43 63
202 43 64
202 43 65
202 44 66
202 44 67
202 45 68
202 47 69
202 48 49
202 48 66
202 48 70
202 49 71
202 50 72
202 51 73
202 52 74
202 52 75
202 53 71
202 53 76
202 53 77
202 54 68
202 55 78
202 56 58
202 62 72
203 0 1
203 0 2
203 0 3
203 1 4
203 1 5
203 1 6
203 2 4
203 3 7
203 3 8
203 4 9
203 4 10
203 5 9
203 5 11
203 5 12
203 6 8
203 8 13
203 8 14
203 9 15
203 10 16
203 11 17
203 11 18
203 12 19
203 12 20
203 12 21
203 14 18
203 14 22
203 16 23
203 17 24
203 18 25
203 19 26
203 19 27
203 19 28
203 20 29
203 21 30
203 23 31
203 23 32
203 24 33
203 26 34
203 27 35
203 29 36
203 30 37
203 31 38
203 31 39
203 32 40
203 33 41
203 34 42
203 34 43
203 34 44
203 36 45
203 36 46
203 36 47
203 37 41
203 38 48
203 39 49
203 40 50
203 40 51
203 41 52
203 41 53
203 42 54
203 43 55
203 45 56
203 46 57
203 46 58
203 47 59
203 47 60
203 48 61
203 49 62
203 50 63
203 50 64
203 51 65
203 52 66
203 52 67
204 0 1
205 0 1
205 0 2
205 1 3
205 1 4
205 1 5
205 1 6
205 2 7
205 3 4
205 3 8
205 3 9
205 4 10
205 6 8
205 6 11
205 7 12
205 7 13
205 8 14
205 8 15
205 9 16
205 10 17
205 10 18
205 11 19
205 12 20
205 13 21
205 14 16
205 14 22
205 14 23
205 16 24
205 17 25
205 18 26
205 18 27
205 18 28
205 19 29
205 20 30
205 20 31
205 21 32
205 21 33
205 23 34
205 24 35
205 24 36
205 25 36
205 26 37
205 26 38
205 27 39
205 27 40
205 28 39
205 28 41
205 29 30
205 29 34
205 30 42
205 31 42
205 31 43
205 32 44
205 33 45
205 33 46
205 34 47
205 34 48
205 35 49
205 35 50
205 37 51
205 38 52
205 39 53
205 40 54
205 40 55
205 41 56
205 42 57
205 44 58
205 45 59
205 45 60
205 46 61
205 48 62
205 50 63
205 51 64
205 52 65
205 56 66
205 56 67
205 57 68
205 58 69
205 59 70
205 60 71
205 60 72
205 61 73
206 0 1
206 0 2
206 0 3
206 1 4
206 1 5
206 1 6
206 3 7
206 3 8
206 4 9
206 4 10
206 4 11
206 4 12
206 5 7
206 5 13
206 7 14
206 7 15
206 8 16
206 9 17
206 9 18
206 12 19
206 12 20
206 14 21
206 14 22
206 15 23
206 15 24
206 15 25
206 16 26
206 17 27
206 18 28
206 18 29
206 21 30
206 21 31
206 22 32
206 25 31
206 26 33
206 27 34
206 27 35
206 28 36
206 28 37
206 29 38
206 30 39
206 30 40
206 30 41
206 31 42
206 32 43
206 32 44
206 32 45
206 32 46
206 33 47
206 33 48
206 33 49
206 34 50
206 35 51
206 36 52
206 37 53
206 37 54
206 38 55
206 40 56
206 40 57
206 41 56
206 42 58
206 43 59
206 44 60
206 45 61
206 46 62
206 46 63
206 46 64
206 47 65
206 47 66
206 49 67
206 49 68
206 49 69
206 50 70
206 51 71
206 52 72
206 55 73
206 56 63
206 58 74
206 59 65
206 60 75
206 60 76
206 61 77
207 0 1
207 1 2
207 1 3
207 1 4
207 2 5
207 2 6
207 2 7
207 3 8
207 7 9
207 7 10
207 7 11
207 8 12
207 8 13
207 11 14
207 12 15
207 12 16
207 15 17
207 16 18
207 17 19
207 18 20
207 19 21
207 20 22
207 21 23
207 22 24
207 22 25
207 23 26
207 23 27
207 24 28
207 25 29
207 26 30
207 27 31
207 28 32
207 29 33
207 29 34
207 31 35
207 31 36
207 32 37
207 32 38
207 33 39
207 34 40
207 35 41
207 36 42
207 36 43
207 36 44
207 37 45
207 37 46
207 38 47
207 39 48
207 40 49
207 41 50
207 42 51
207 43 52
207 44 53
207 44 54
207 45 55
207 46 56
207 47 57
207 47 58
207 50 59
207 51 60
207 53 61
207 54 62
207 55 58
207 55 63
207 57 64
207 58 65
207 59 66
207 61 67
207 62 68
208 0 1
208 1 2
208 2 3
208 2 4
208 2 5
208 4 6
208 4 7
208 4 8
208 6 9
208 6 10
208 6 11
208 7 12
208 8 13
208 9 14
208 9 15
208 11 16
208 11 17
208 11 18
208 12 19
208 14 20
208 15 21
208 15 22
208 16 23
208 17 24
208 17 25
208 17 26
208 18 27
208 19 28
208 21 28
208 21 29
208 22 27
208 22 30
208 24 31
208 25 30
208 25 32
208 25 33
208 26 33
208 26 34
208 28 35
208 29 36
208 29 37
208 31 38
208 32 39
208 32 40
208 33 41
208 34 42
208 34 43
208 35 44
208 36 45
208 37 46
208 37 47
208 38 48
208 38 49
208 38 50
208 39 51
208 40 52
208 41 53
208 42 54
208 43 53
208 43 55
208 44 56
208 44 57
208 45 58
208 45 59
208 45 60
208 46 61
208 47 62
208 48 63
208 49 64
208 51 65
208 51 66
208 52 67
208 52 68
208 54 69
208 54 70
208 56 71
208 59 60
208 59 72
208 60 73
208 60 74
208 61 75
208 62 76
208 62 77
208 63 78
208 68 79
209 0 1
209 0 2
209 1 3
210 0 1
210 0 2
210 0 3
210 0 4
210 1 5
210 2 6
210 2 7
210 2 8
210 3 9
210 4 10
210 4 11
210 6 12
210 6 13
210 7 14
210 7 15
210 8 14
210 8 16
210 9 17
210 10 12
210 11 18
210 11 19
210 11 20
210 12 21
210 14 22
210 15 23
210 15 24
210 15 25
210 16 26
210 18 27
210 19 28
210 19 29
210 20 30
210 21 31
210 23 32
210 23 33
210 23 34
210 23 35
210 24 26
210 24 36
210 24 37
210 25 32
210 25 38
210 25 39
210 26 40
210 26 41
210 27 42
210 28 43
210 30 44
210 32 45
210 33 46
210 34 47
210 35 48
210 36 46
210 36 49
210 36 50
210 37 40
210 37 51
210 38 52
210 38 53
210 39 53
210 39 54
210 40 55
210 41 56
210 41 57
210 42 58
210 43 59
210 43 60
210 44 61
210 45 62
210 46 63
210 47 64
210 47 65
210 47 66
210 48 67
210 49 68
210 50 51
210 50 69
210 50 70
210 51 71
210 51 72
210 52 73
210 52 74
210 62 65
211 0 1
211 1 2
211 1 3
211 1 4
211 2 5
211 2 6
211 2 7
211 3 8
211 3 9
211 4 10
211 5 11
211 6 12
211 6 13
211 6 14
211 7 15
211 8 15
211 9 16
211 10 17
211 11 18
211 11 19
211 12 20
211 12 21
211 12 22
211 14 23
211 15 24
211 15 25
211 16 26
211 16 27
211 17 28
211 17 29
211 17 30
211 18 31
211 18 32
211 19 33
211 20 34
211 20 35
211 21 36
211 21 37
211 22 23
211 22 38
211 22 39
211 23 40
211 24 41
211 25 40
211 25 42
211 25 43
211 26 44
211 27 30
211 27 45
211 29 33
211 31 46
211 32 47
211 32 48
211 33 49
211 33 50
211 34 51
211 35 52
211 35 53
211 36 52
211 36 54
211 36 55
211 37 54
211 38 42
211 38 56
211 38 57
211 39 58
211 39 59
211 40 42
211 41 60
211 41 61
211 42 62
211 43 63
211 44 64
211 44 65
211 45 66
211 46 54
211 46 55
211 47 67
211 48 68
211 49 67
211 50 69
211 51 70
211 52 71
211 53 72
211 53 73
211 55 74
212 0 1
212 1 2
212 2 3
212 3 4
213 0 1
213 1 2
213 2 3
213 3 4
213 3 5
213 3 6
213 6 7
213 6 8
213 8 9
213 8 10
213 8 11
214 0 1
214 0 2
214 1 3
214 1 4
214 1 5
214 2 6
214 2 7
214 3 4
214 3 8
214 4 9
214 4 10
214 5 11
214 5 12
214 6 13
214 6 14
214 7 15
214 9 16
214 11 17
214 11 18
214 12 19
214 13 20
214 14 21
214 15 18
214 15 22
214 15 23
214 16 19
214 16 24
214 17 25
214 17 26
214 20 27
214 21 28
214 21 29
214 22 30
214 23 31
214 24 32
214 24 33
214 26 34
214 27 35
214 27 36
214 28 37
214 28 38
214 29 39
214 29 40
214 29 41
214 30 39
214 30 42
214 31 43
214 31 44
214 32 45
214 32 46
214 32 47
214 33 48
214 33 49
214 34 50
214 35 51
214 35 52
214 36 53
214 37 54
214 37 55
214 38 56
214 39 57
214 39 58
214 39 59
214 40 60
214 40 61
214 41 62
214 43 63
214 43 64
214 43 65
214 45 66
214 45 67
214 46 68
214 47 69
214 48 70
214 48 71
214 49 72
214 50 73
214 50 74
214 51 75
214 52 76
214 53 77
214 54 78
214 54 79
214 55 80
214 56 81
214 56 82
214 56 83
214 57 84
214 57 85
214 58 84
214 61 84
214 70 73
215 0 1
215 0 2
215 0 3
215 0 4
215 1 5
215 1 6
215 2 7
215 3 8
215 4 9
215 4 10
215 6 11
215 7 12
215 8 13
215 9 14
215 10 15
215 10 16
215 10 17
215 11 18
215 11 19
215 12 20
215 13 21
215 14 22
215 14 23
215 15 24
215 16 22
215 16 25
215 16 26
215 17 27
215 18 28
215 19 29
215 20 30
215 20 31
215 22 32
215 23 33
215 25 34
215 25 35
215 26 35
215 26 36
215 27 37
215 28 38
215 29 39
215 29 40
215 30 41
215 30 42
215 30 43
215 31 44
215 34 45
215 34 46
215 34 47
215 35 48
215 36 49
215 38 50
215 38 51
215 38 52
215 39 53
215 42 54
215 43 55
215 43 56
215 44 57
215 44 58
215 45 59
215 45 60
215 45 61
215 45 62
215 46 49
215 46 63
215 46 64
215 47 62
215 47 65
215 47 66
215 49 67
215 49 68
215 50 69
215 50 70
215 52 71
215 52 72
215 54 73
215 64 68
215 64 72
216 0 1
216 0 2
216 0 3
216 0 4
216 1 5
216 1 6
216 2 7
216 2 8
216 3 9
216 3 10
216 6 11
216 6 12
216 6 13
216 7 14
216 8 15
216 9 16
216 10 17
216 10 18
216 10 19
216 11 20
216 13 21
216 14 22
216 14 23
216 15 20
216 15 24
216 16 25
216 16 26
216 17 27
216 18 28
216 18 29
216 18 30
216 19 30
216 21 27
216 21 31
216 22 32
216 22 33
216 23 34
216 23 35
216 24 36
216 25 37
216 25 38
216 26 39
216 26 40
216 29 41
216 29 42
216 30 43
216 31 44
216 31 45
216 32 46
216 33 47
216 33 48
216 33 49
216 34 50
216 35 51
216 35 52
216 36 53
216 37 54
216 37 55
216 38 50
216 38 56
216 39 57
216 40 58
216 41 59
216 41 60
216 41 61
216 42 43
216 42 62
216 44 63
216 45 64
216 46 65
216 47 66
216 47 67
216 49 68
216 51 69
216 53 70
216 55 71
216 56 72
216 57 73
216 59 74
216 60 75
217 0 1
218 0 1
218 0 2
218 0 3
218 0 4
218 2 5
218 2 6
218 3 7
218 3 8
218 4 9
218 5 10
218 5 11
218 6 9
218 6 12
218 7 13
218 7 14
218 8 15
218 9 16
218 9 17
218 9 18
218 10 19
218 12 20
218 13 21
218 14 22
218 14 23
218 15 24
218 15 25
218 15 26
218 16 18
218 16 27
218 16 28
218 17 29
218 18 30
218 18 31
218 19 32
218 19 33
218 19 34
218 20 35
218 20 36
218 21 37
218 22 38
218 23 39
218 23 40
218 24 38
218 24 41
218 25 42
218 29 43
218 31 44
218 33 45
218 35 46
218 38 47
218 40 48
218 41 49
218 43 50
218 47 51
218 47 52
218 47 53
218 48 54
218 48 55
218 49 56
218 49 57
218 50 58
218 52 59
218 52 60
218 52 61
218 53 62
218 54 63
218 55 64
218 56 65
218 56 66
218 57 67
218 57 68
218 58 69
218 61 70
218 62 71
218 63 72
218 63 73
218 65 74
218 66 75
218 66 76
218 67 77
218 68 69
219 0 1
219 0 2
219 2 3
219 3 4
219 3 5
219 4 6
219 5 7
219 5 8
219 6 9
219 6 10
219 7 9
219 7 11
219 7 12
219 8 13
219 9 14
219 10 15
219 10 16
219 10 17
219 11 18
219 12 19
219 13 20
219 13 21
219 14 22
219 14 23
219 15 24
219 16 25
219 17 26
219 17 27
219 17 28
219 18 29
219 18 30
219 19 31
219 20 32
219 20 33
219 21 34
219 21 35
219 22 36
219 22 37
219 24 38
219 26 39
219 27 40
219 28 41
219 30 42
219 31 43
219 31 44
219 31 45
219 32 36
219 32 46
219 33 34
219 33 47
219 34 48
219 35 49
219 35 50
219 35 51
219 37 52
219 38 53
219 39 54
219 40 55
219 41 56
219 42 57
219 43 58
219 43 59
219 43 60
219 44 61
219 44 62
219 44 63
219 45 64
219 46 47
219 46 65
219 47 50
219 49 66
219 50 67
219 52 68
220 0 1
220 0 2
220 1 3
220 1 4
220 1 5
220 2 6
220 2 7
220 4 8
220 4 9
220 5 10
220 5 11
220 5 12
220 7 13
220 9 12
220 9 14
220 11 15
220 12 16
220 12 17
220 13 18
220 14 19
220 16 20
220 17 21
220 17 22
220 17 23
220 18 24
220 19 25
220 20 26
220 21 27
220 22 28
220 25 29
220 26 30
220 27 31
220 27 32
220 28 33
220 28 34
220 30 35
220 30 36
220 30 37
220 31 38
220 32 39
220 32 40
220 34 41
220 36 42
220 36 43
220 37 44
220 37 45
220 41 46
220 43 47
220 44 48
220 45 47
220 45 49
220 45 50
220 45 51
220 45 52
220 47 53
220 47 54
220 48 55
220 49 56
220 50 57
220 51 58
220 52 59
220 53 60
220 53 61
220 53 62
220 54 63
220 55 64
220 55 65
220 55 66
220 56 67
220 56 68
220 57 69
220 58 70
220 59 71
220 65 68
221 0 1
221 0 2
221 1 3
221 2 4
221 2 5
221 2 6
221 3 7
221 3 8
221 4 9
221 5 10
221 5 11
221 5 12
221 6 13
221 7 14
221 7 15
221 8 16
221 8 17
221 9 18
221 9 19
221 10 19
221 10 20
221 10 21
221 11 22
221 12 21
221 12 23
221 12 24
221 13 25
221 13 26
221 14 27
221 14 28
221 14 29
221 15 30
221 16 31
221 16 32
221 17 33
221 17 34
221 18 35
221 19 36
221 21 37
221 22 35
221 22 38
221 26 39
221 27 40
221 28 41
221 31 42
221 32 43
221 33 44
221 33 45
221 34 46
221 34 47
221 35 36
221 35 48
221 36 49
221 36 50
221 37 51
221 37 52
221 38 53
221 39 54
221 40 55
221 40 56
221 41 57
221 43 58
221 44 59
221 44 60
221 45 61
221 45 62
221 45 63
221 46 63
221 46 64
221 63 64
222 0 1
222 0 2
222 0 3
222 1 4
222 1 5
222 3 6
222 3 7
222 5 8
222 7 9
222 8 10
222 9 11
222 10 12
222 10 13
222 11 14
222 11 15
222 12 16
222 13 17
222 14 15
222 14 18
222 14 19
222 15 20
222 15 21
222 17 22
222 19 23
222 20 24
222 20 25
222 22 26
222 22 27
222 23 28
222 23 29
222 24 28
222 25 30
222 26 31
222 27 32
222 27 33
222 28 34
222 29 35
222 31 36
222 32 37
222 33 38
222 33 39
222 33 40
222 34 41
222 35 42
222 35 43
222 36 44
222 37 39
222 37 45
222 38 46
222 38 47
222 39 48
222 39 49
222 40 50
222 43 51
222 43 52
222 44 53
222 45 49
222 47 54
222 48 55
222 49 50
222 50 56
222 51 57
222 51 58
222 52 59
222 52 60
222 52 61
222 53 62
222 53 63
222 54 64
222 56 65
222 56 66
222 57 67
222 57 68
222 58 69
222 60 70
222 60 71
222 60 72
222 62 73
222 62 74
222 63 75
222 65 76
222 69 72
223 0 1
223 0 2
223 0 3
223 0 4
223 1 5
223 2 6
223 3 7
223 3 8
223 4 9
223 4 10
223 6 11
223 7 12
223 7 13
223 8 14
223 8 15
223 8 16
223 9 17
223 9 18
223 9 19
223 11 20
223 13 21
223 13 22
223 14 23
223 16 24
223 16 25
223 16 26
223 17 27
223 19 28
223 19 29
223 20 30
223 20 31
223 21 32
223 21 33
223 22 34
223 23 27
223 23 35
223 24 36
223 24 37
223 25 38
223 26 39
223 26 40
223 27 41
223 28 42
223 29 43
223 29 44
223 32 45
223 32 46
223 33 47
223 34 48
223 34 49
223 34 50
223 36 51
223 40 52
223 41 53
223 45 54
223 46 55
223 46 56
223 48 57
223 49 58
223 49 59
223 50 60
223 52 61
223 52 62
223 52 63
223 53 64
223 57 65
223 58 66
223 59 67
223 61 68
223 62 69
223 63 70
223 64 71
223 65 72
223 65 73
223 67 74
223 68 75
223 68 76
223 69 77
223 69 78
223 70 79
223 70 80
223 72 81
223 73 82
223 73 83
224 0 1
224 0 2
224 1 3
224 1 4
224 2 5
224 3 6
224 3 7
224 4 8
224 6 9
224 6 10
224 7 11
224 9 12
224 9 13
224 10 14
224 10 15
224 11 16
224 11 17
224 12 18
224 13 19
224 14 20
224 16 21
224 16 22
224 16 23
224 17 24
224 17 25
224 17 26
224 18 27
224 19 28
224 20 29
224 20 30
224 21 31
224 21 32
224 21 33
224 22 31
224 23 34
224 24 35
224 24 36
224 26 37
224 26 38
224 27 39
224 27 40
224 28 41
224 29 42
224 30 43
224 31 44
224 33 45
224 33 46
224 34 47
224 36 48
224 36 49
224 36 50
224 37 51
224 38 40
224 39 52
224 39 53
224 40 54
224 41 55
224 42 56
224 43 57
224 44 46
224 45 58
224 45 59
224 45 60
224 46 61
224 47 50
225 0 1
225 1 2
225 2 3
225 3 4
225 3 5
225 4 6
225 6 7
225 6 8
225 6 9
225 8 10
225 8 11
225 8 12
225 9 13
225 10 14
225 10 15
225 11 16
225 11 17
225 11 18
225 12 19
225 13 20
225 13 21
225 14 22
225 15 16
225 15 23
225 16 24
225 16 25
225 18 26
225 19 27
225 20 28
225 20 29
225 21 30
225 22 31
225 24 32
225 27 33
225 31 34
225 32 35
225 32 36
225 33 37
225 33 38
225 33 39
225 36 40
225 38 41
225 38 42
225 39 43
225 39 44
225 40 45
225 42 46
225 43 47
225 44 46
225 44 48
225 44 49
225 44 50
225 44 51
225 45 52
225 46 53
225 46 54
225 47 55
225 48 56
225 49 57
225 50 58
225 51 59
225 53 60
225 54 61
225 54 62
225 54 63
225 55 64
225 55 65
225 55 66
225 56 67
225 57 68
225 57 69
225 58 70
226 0 1
226 1 2
226 1 3
226 2 4
226 3 5
226 3 6
226 4 7
226 5 8
226 6 9
226 6 10
226 6 11
226 7 12
226 7 13
226 7 14
226 8 15
226 9 16
226 9 17
226 10 18
226 10 19
226 11 20
226 12 17
226 12 21
226 13 22
226 13 23
226 15 18
226 18 24
226 19 25
226 20 26
226 21 27
226 22 28
226 23 29
226 24 30
226 24 31
226 25 32
226 26 33
226 27 34
226 29 35
226 29 36
226 30 37
226 34 38
226 36 39
226 38 40
226 38 41
226 38 42
226 39 43
226 40 44
226 40 45
226 41 46
226 41 47
226 42 48
226 43 49
226 43 50
226 44 51
226 45 52
226 45 53
226 45 54
226 46 55
226 48 56
226 51 57
226 51 58
226 52 57
226 52 59
226 52 60
226 53 61
226 54 62
226 55 63
226 55 64
226 56 65
226 57 66
226 58 67
226 59 68
226 59 69
226 60 69
226 60 70
226 62 71
226 63 72
226 64 73
226 68 74
226 68 75
226 68 76
226 69 77
226 70 78
226 74 78
227 0 1
227 0 2
227 0 3
227 1 4
227 1 5
227 1 6
227 2 7
227 2 8
227 2 9
227 3 9
227 3 10
227 4 11
227 4 12
227 4 13
227 4 14
227 5 15
227 5 16
227 5 17
227 6 12
227 6 18
227 6 19
227 7 20
227 7 21
227 8 22
227 8 23
227 8 24
227 9 25
227 11 26
227 12 27
227 13 28
227 14 29
227 15 25
227 15 30
227 15 31
227 16 29
227 16 32
227 16 33
227 17 30
227 17 34
227 18 35
227 18 36
227 19 35
227 19 37
227 21 38
227 21 39
227 22 40
227 23 41
227 24 38
227 24 42
227 26 43
227 26 44
227 26 45
227 27 46
227 28 47
227 29 48
227 30 49
227 31 50
227 31 51
227 32 34
227 32 52
227 32 53
227 33 54
227 34 55
227 34 56
227 35 57
227 36 58
227 37 59
227 37 60
227 39 61
227 40 62
227 42 63
227 42 64
227 42 65
227 43 66
227 43 67
227 44 46
227 45 68
227 46 69
227 46 70
227 47 71
227 66 71
228 0 1
228 0 2
228 1 3
228 1 4
228 1 5
228 2 6
228 2 7
228 3 8
228 3 9
228 4 10
228 5 11
228 5 12
228 6 13
228 8 14
228 9 15
228 9 16
228 10 17
228 11 15
228 11 18
228 12 19
228 12 20
228 13 21
228 14 22
228 14 23
228 16 24
228 17 25
228 17 26
228 17 27
228 18 28
228 18 29
228 18 30
228 20 31
228 20 32
228 22 33
228 22 34
228 23 35
228 23 36
228 24 37
228 25 38
228 25 39
228 25 40
228 26 41
228 27 42
228 27 43
228 27 44
228 28 45
228 29 46
228 30 47
228 30 48
228 30 49
228 31 50
228 32 34
228 33 35
228 33 51
228 34 52
228 35 53
228 36 54
228 36 55
228 36 56
228 38 57
228 39 58
228 41 59
228 42 60
228 42 61
228 42 62
228 43 62
228 43 63
228 44 64
228 44 65
228 45 66
228 47 67
228 48 68
228 49 69
228 50 70
228 51 52
228 51 55
228 52 71
229 0 1
229 0 2
229 1 3
229 2 4
229 2 5
229 3 6
229 3 7
229 5 8
229 5 9
229 7 10
229 8 11
229 9 12
229 10 13
229 11 14
229 12 15
229 13 16
229 14 17
229 14 18
229 14 19
229 16 20
229 17 21
229 17 22
229 17 23
229 20 24
229 20 25
229 21 26
229 21 27
229 23 28
229 24 29
229 25 30
229 25 31
229 26 32
229 27 33
229 27 34
229 28 35
229 29 36
229 30 37
229 30 38
229 31 39
229 31 40
229 32 41
229 32 42
229 33 43
229 33 44
229 33 45
229 34 46
229 35 47
229 36 48
229 36 49
229 37 50
229 39 51
229 40 52
229 40 53
229 41 54
229 41 55
229 42 56
229 42 57
229 43 54
229 44 58
229 46 59
229 46 60
229 48 61
229 48 62
229 49 63
229 49 64
229 50 65
229 50 66
229 51 67
229 51 68
229 52 69
229 53 70
229 54 71
229 55 72
229 56 73
229 59 74
229 59 75
230 0 1
230 1 2
230 1 3
230 1 4
230 2 5
230 4 6
230 5 7
230 5 8
230 6 9
230 7 10
230 8 11
230 8 12
230 9 13
230 10 14
230 10 15
230 12 16
230 12 17
230 13 18
230 13 19
230 14 16
230 14 20
230 15 21
230 17 22
230 18 23
230 20 24
230 21 25
230 23 26
230 25 27
230 25 28
230 26 29
230 27 30
230 28 31
230 29 32
230 30 33
230 31 34
230 31 35
230 32 36
230 32 37
230 33 38
230 34 39
230 35 40
230 36 41
230 37 42
230 37 43
230 37 44
230 38 45
230 38 46
230 39 47
230 40 48
230 41 49
230 42 50
230 42 51
230 43 52
230 44 53
230 45 54
230 45 55
230 46 56
230 49 57
230 50 58
230 51 59
230 53 60
230 54 61
230 56 62
230 57 63
230 58 64
230 59 65
230 59 66
230 61 67
230 61 68
230 61 69
230 62 66
230 64 70
230 65 71
230 68 72
230 68 73
230 68 74
230 70 75
230 73 76
230 73 77
230 73 78
230 75 79
230 77 80
230 79 81
230 81 82
230 81 83
230 82 84
230 82 85
230 83 86
230 85 87
230 85 88
231 0 1
231 0 2
231 1 3
231 2 4
231 2 5
231 4 6
231 5 7
231 6 8
231 8 9
231 8 10
231 9 11
231 9 12
231 10 13
231 10 14
231 10 15
231 11 16
231 12 17
231 13 18
231 14 19
231 15 20
231 15 21
231 15 22
231 16 23
231 18 24
231 21 25
231 22 26
231 22 27
231 22 28
231 23 29
231 23 30
231 24 31
231 25 32
231 26 33
231 28 34
231 29 35
231 31 36
231 32 37
231 33 38
231 33 39
231 34 40
231 34 41
231 35 42
231 36 43
231 37 44
231 37 45
231 37 46
231 38 47
231 38 48
231 39 45
231 40 49
231 40 50
231 41 51
231 41 52
231 41 53
231 42 54
231 42 55
231 44 56
231 44 57
231 45 46
231 46 58
231 46 59
231 47 60
231 47 61
231 47 62
231 48 63
231 49 50
231 49 53
231 49 64
231 50 63
231 51 65
231 52 66
231 53 67
232 0 1
232 0 2
232 1 3
232 2 4
232 3 5
232 4 6
232 4 7
232 4 8
232 4 9
232 5 10
232 6 8
232 6 11
232 6 12
232 7 13
232 8 14
232 8 15
232 9 16
232 9 17
232 10 18
232 10 19
232 10 20
232 13 16
232 13 21
232 13 22
232 14 23
232 16 24
232 17 25
232 18 26
232 19 27
232 19 28
232 20 29
232 21 30
232 21 31
232 24 32
232 24 33
232 25 34
232 25 35
232 26 36
232 27 37
232 27 38
232 28 39
232 28 40
232 29 41
232 30 42
232 30 43
232 31 44
232 33 45
232 35 46
232 36 47
232 37 48
232 37 49
232 39 50
232 39 51
232 40 49
232 40 52
232 41 53
232 41 54
232 42 55
232 43 56
232 43 57
232 44 58
232 44 59
232 44 60
232 45 61
232 45 62
232 45 63
232 47 64
232 48 65
232 49 66
232 50 58
232 51 67
232 51 68
232 52 69
232 52 70
232 53 71
232 53 72
233 0 1
233 0 2
233 0 3
233 1 4
233 2 5
234 0 1
234 0 2
234 2 3
234 3 4
234 4 5
234 4 6
234 5 7
235 0 1
235 0 2
235 0 3
235 1 4
235 1 5
235 2 6
235 3 7
235 4 8
235 5 9
235 6 10
235 6 11
235 7 12
235 7 13
235 8 14
235 8 15
235 8 16
235 10 17
235 10 18
235 10 19
235 11 20
235 12 21
235 13 22
235 13 23
235 13 24
235 15 23
235 16 25
235 17 26
235 18 27
235 21 28
235 21 29
235 21 30
235 22 29
235 22 31
235 22 32
235 25 33
235 25 34
235 25 35
235 27 36
235 27 37
235 28 38
235 28 39
235 28 40
235 30 41
235 31 42
235 31 43
235 31 44
235 32 45
235 33 45
235 34 46
235 35 47
235 38 39
235 38 48
235 38 49
235 39 50
235 40 51
235 41 52
235 41 53
235 42 54
235 42 55
235 42 56
235 43 50
235 45 57
235 46 58
235 47 59
235 47 60
235 48 55
235 48 61
235 48 62
235 50 55
235 52 63
235 53 64
235 54 65
235 54 66
235 55 67
235 56 68
235 56 69
235 57 70
235 57 71
235 58 72
235 59 70
235 60 73
236 0 1
236 0 2
236 2 3
236 2 4
236 2 5
236 5 6
236 5 7
236 7 8
236 7 9
236 7 10
236 8 11
236 9 12
236 10 13
236 10 14
236 11 15
236 11 16
236 12 17
236 13 18
236 14 17
236 14 19
236 15 20
236 16 21
236 17 22
236 17 23
236 18 24
236 18 25
236 19 26
236 19 27
236 20 21
236 20 28
236 21 29
236 22 30
236 22 31
236 22 32
236 24 25
236 24 33
236 24 34
236 26 35
236 26 36
236 27 37
236 27 38
236 28 39
236 29 40
236 29 41
236 31 42
236 31 43
236 32 44
236 32 45
236 32 46
236 33 47
236 34 48
236 34 49
236 35 50
236 36 43
236 36 51
236 36 52
236 38 53
236 38 54
236 38 55
236 40 56
236 40 57
236 40 58
236 41 59
236 43 52
236 43 60
236 44 61
236 44 62
236 44 63
236 45 64
236 45 65
236 46 63
236 46 66
236 47 53
236 47 67
236 47 68
236 48 69
236 49 70
236 50 51
236 50 71
236 50 72
236 50 73
236 52 74
236 53 54
236 53 75
236 54 76
236 54 77
236 55 78
236 56 79
236 71 73
237 0 1
237 0 2
237 0 3
237 1 4
237 2 5
237 2 6
237 3 7
237 5 8
237 6 9
237 7 10
237 8 11
237 9 12
237 9 13
237 9 14
237 10 15
237 11 16
237 11 17
237 11 18
237 12 19
237 12 20
237 13 21
237 15 22
237 16 23
237 17 19
237 17 24
237 18 23
237 18 25
237 18 26
237 19 27
237 19 28
237 21 29
237 22 30
237 22 31
237 23 32
237 24 33
237 26 34
237 26 35
237 27 36
237 27 37
237 29 37
237 29 38
237 30 39
237 31 40
237 31 41
237 32 34
237 33 42
237 33 43
237 34 44
237 35 45
237 35 46
237 35 47
237 36 48
237 38 49
237 39 50
237 40 51
237 40 52
237 40 53
237 41 54
237 42 55
237 42 56
237 43 57
237 43 58
237 44 59
237 45 60
237 46 61
237 47 62
237 48 63
237 48 64
237 49 65
237 50 66
237 50 67
237 52 54
238 0 1
238 0 2
238 1 3
238 2 4
238 2 5
238 3 6
238 3 7
238 3 8
238 4 9
238 5 10
238 5 11
238 6 12
238 6 13
238 6 14
238 7 14
238 8 15
238 8 16
238 9 17
238 9 18
238 9 19
238 10 20
238 11 21
238 13 22
238 13 23
238 14 24
238 15 19
238 15 25
238 15 26
238 16 27
238 18 28
238 19 29
238 21 30
238 22 31
238 22 32
238 22 33
238 23 24
238 23 34
238 26 35
238 26 36
238 27 37
238 27 38
238 28 39
238 30 40
238 31 41
238 32 42
238 33 43
238 34 44
238 35 39
238 36 45
238 37 46
238 37 47
238 38 48
238 38 49
238 39 50
238 40 51
238 41 52
238 41 53
238 41 54
238 43 55
238 44 56
238 45 57
238 45 58
238 46 59
238 46 60
238 47 61
238 47 62
239 0 1
239 0 2
239 2 3
239 2 4
239 2 5
239 3 6
239 3 7
239 4 8
239 4 9
239 6 10
239 6 11
239 7 12
239 7 13
239 8 14
239 8 15
239 11 16
239 12 17
239 13 18
239 15 19
239 18 20
239 19 21
239 20 22
239 21 23
239 22 24
239 23 25
239 24 26
239 25 27
239 26 28
239 26 29
239 27 30
239 27 31
239 27 32
239 28 33
239 28 34
239 28 35
239 29 36
239 29 37
239 31 38
239 32 38
239 32 39
239 35 40
239 36 40
239 36 41
239 36 42
239 37 43
239 37 44
239 38 45
239 38 46
239 39 47
239 39 48
239 40 49
239 40 50
239 41 51
239 41 52
239 42 53
239 43 54
239 44 55
239 45 56
239 47 57
239 47 58
239 48 59
239 48 60
239 48 61
239 49 62
239 49 63
239 49 64
240 0 1
240 0 2
240 1 3
240 1 4
240 2 5
240 3 6
240 5 7
240 5 8
240 6 9
240 6 10
240 8 11
240 9 12
240 9 13
240 10 14
240 10 15
240 11 16
240 12 17
240 14 18
240 15 19
240 16 20
240 17 21
240 18 22
240 18 23
240 19 24
240 20 25
240 21 26
240 22 27
240 22 28
240 23 29
240 24 30
240 25 31
240 26 32
240 26 33
240 26 34
240 28 35
240 29 36
240 30 37
240 30 38
240 31 39
240 32 40
240 33 41
240 33 42
240 34 43
240 35 39
240 35 44
240 36 45
240 37 46
240 37 47
240 37 48
240 38 49
240 39 50
240 40 51
240 40 52
240 41 53
240 41 54
240 41 55
240 43 56
240 45 57
240 48 58
241 0 1
241 0 2
241 0 3
241 1 4
241 1 5
241 1 6
241 2 7
241 2 8
241 2 9
241 3 10
241 4 11
241 5 11
241 5 12
241 5 13
241 6 14
241 7 15
241 7 16
241 9 17
241 9 18
241 10 19
241 10 20
241 11 21
241 12 22
241 12 23
241 14 24
241 16 25
241 16 26
241 16 27
241 17 28
241 18 29
241 19 30
241 19 31
241 20 32
241 20 33
241 21 22
241 22 34
241 23 35
241 23 36
241 23 37
241 24 26
241 24 38
241 25 39
241 28 40
241 28 41
241 29 39
241 29 42
241 30 43
241 31 44
241 32 45
241 32 46
241 33 47
241 33 48
241 34 49
241 35 50
241 36 51
241 37 52
241 38 53
241 38 54
241 40 55
241 40 56
241 41 57
241 41 58
241 42 59
241 43 60
241 45 61
241 46 55
241 47 62
241 49 63
241 50 64
241 52 65
241 52 66
241 52 67
241 53 68
241 54 69
241 56 70
241 56 71
241 57 72
241 57 73
241 57 74
241 58 75
241 59 76
241 61 77
241 62 78
241 62 79
241 63 80
241 64 81
241 65 82
241 66 83
241 67 84
241 67 85
241 67 86
241 69 87
241 70 88
241 72 89
241 72 90
241 73 91
241 75 92
241 76 93
241 77 94
241 78 95
241 80 81
241 81 83
241 84 86
242 0 1
242 0 2
243 0 1
243 0 2
243 0 3
243 2 4
243 2 5
243 3 4
243 3 6
243 4 7
243 4 8
243 5 9
243 5 10
243 6 11
243 7 12
243 7 13
243 8 14
243 8 15
243 11 16
243 11 17
243 12 18
243 13 19
243 13 20
243 14 21
243 15 22
243 16 23
243 16 24
243 18 25
243 19 20
243 19 26
243 19 27
243 19 28
243 20 29
243 20 30
243 21 31
243 22 32
243 23 33
243 25 34
243 27 30
243 27 35
243 28 36
243 29 37
243 30 38
243 30 39
243 31 40
243 32 41
243 33 42
243 34 37
243 34 43
243 35 44
243 36 45
243 37 38
243 38 46
243 38 47
243 40 48
243 40 49
243 41 50
243 42 51
243 42 52
243 43 53
243 43 54
243 44 55
243 45 56
243 45 57
243 47 58
243 48 59
243 48 60
243 49 61
243 50 62
243 50 63
243 51 64
243 51 65
243 52 66
243 52 67
243 52 68
243 54 69
243 55 58
243 55 70
243 56 71
243 57 72
243 58 73
243 58 74
243 59 75
243 59 76
243 59 77
243 60 78
243 60 79
243 61 80
243 62 81
243 63 82
243 64 83
243 64 84
243 65 82
243 66 85
243 70 71
244 0 1
244 1 2
244 1 3
244 2 4
244 3 5
244 4 6
244 4 7
244 5 8
244 5 9
244 7 10
244 7 11
244 9 12
244 10 13
244 10 14
244 11 15
244 12 16
244 14 17
244 14 18
244 15 19
244 17 20
244 17 21
244 20 22
244 20 23
244 21 24
244 21 25
244 22 26
244 23 27
244 23 28
244 24 29
244 25 30
244 25 31
244 26 32
244 28 33
244 29 34
244 30 31
244 30 35
244 31 36
244 31 37
244 32 38
244 34 39
244 34 40
244 34 41
244 35 42
244 36 40
244 36 43
244 37 44
244 40 45
244 40 46
244 41 47
244 41 48
244 42 49
244 42 50
244 43 51
244 43 52
244 43 53
244 44 54
244 45 54
244 46 55
244 47 55
244 47 56
244 47 57
244 47 58
244 49 59
244 50 60
244 51 61
244 51 62
244 52 63
244 52 64
244 53 65
244 55 65
244 56 66
244 57 58
244 57 67
245 0 1
245 0 2
245 1 3
245 3 4
245 4 5
245 4 6
245 5 7
245 6 8
245 6 9
245 7 10
245 7 11
245 8 12
245 8 13
245 9 14
245 10 15
245 11 16
245 12 17
245 13 18
245 13 19
245 14 20
245 14 21
245 14 22
245 15 23
245 15 24
245 16 25
245 18 26
245 19 27
245 20 21
245 20 28
245 21 29
245 21 30
245 22 26
245 23 31
245 23 32
245 24 31
245 24 33
245 25 34
245 25 35
245 25 36
245 25 37
245 27 38
245 28 39
245 30 40
245 31 41
245 33 42
245 33 43
245 34 44
245 34 45
245 35 37
245 35 46
245 37 45
245 37 47
245 38 48
245 39 49
245 39 50
245 39 51
245 39 52
245 40 48
245 40 53
245 41 54
245 42 55
245 42 56
245 42 57
245 43 44
245 45 58
245 45 59
245 46 60
245 46 61
245 47 62
245 48 63
245 49 64
245 50 65
245 50 66
245 52 54
245 53 67
245 53 68
245 55 59
245 57 69
245 59 62
245 59 70
245 60 71
245 60 72
246 0 1
246 0 2
246 0 3
246 1 2
246 1 4
246 2 5
246 3 6
246 5 7
246 5 8
246 5 9
246 6 10
246 6 11
246 7 12
246 7 13
246 7 14
246 8 9
246 8 15
246 9 16
246 10 17
246 10 18
246 11 17
246 11 19
246 11 20
246 12 15
246 12 21
246 13 22
246 13 23
246 13 24
246 14 20
246 14 23
246 15 25
246 16 26
246 16 27
246 16 28
246 17 29
246 18 29
246 18 30
246 18 31
246 19 32
246 19 33
246 19 34
246 19 35
246 19 36
246 21 37
246 21 38
246 21 39
246 21 40
246 21 41
246 22 39
246 23 42
246 24 43
246 24 44
246 25 45
246 26 28
246 26 46
246 26 47
246 27 48
246 27 49
246 28 50
246 30 48
246 30 51
246 30 52
246 31 51
246 31 53
246 31 54
246 32 42
246 33 35
246 33 53
246 33 55
246 34 55
246 34 56
246 34 57
246 35 58
246 35 59
246 36 56
246 36 60
246 37 61
246 37 62
246 38 63
246 39 43
246 40 43
246 42 60
247 0 1
247 0 2
247 1 3
247 1 4
247 2 5
247 2 6
247 4 7
247 5 8
247 6 9
247 6 10
247 7 11
247 8 12
247 9 13
247 9 14
247 10 15
247 10 16
247 12 17
247 13 18
247 13 19
247 14 20
247 15 21
247 15 22
247 16 23
247 16 24
247 17 22
247 17 25
247 17 26
247 18 27
247 19 28
247 20 29
247 20 30
247 20 31
247 21 32
247 22 33
247 22 34
247 23 35
247 24 36
247 25 37
247 25 38
247 25 39
247 26 40
247 27 41
247 27 42
247 28 43
247 29 31
247 29 44
247 29 45
247 31 46
247 33 36
247 33 47
247 33 48
247 35 48
247 35 49
247 35 50
247 39 51
247 41 52
247 41 53
247 41 54
247 42 55
247 43 56
247 44 57
247 45 58
247 46 59
247 47 60
247 48 61
247 48 62
247 49 63
247 49 64
247 50 61
247 50 65
247 53 66
247 54 67
247 54 68
247 55 69
247 56 70
247 56 71
247 57 70
247 58 71
247 58 72
247 59 73
247 59 74
247 59 75
247 59 76
247 61 77
247 62 78
247 63 79
247 64 80
248 0 1
248 0 2
248 1 3
248 2 4
248 2 5
248 2 6
248 3 7
248 5 8
248 5 9
248 5 10
248 6 11
248 6 12
248 6 13
248 7 14
248 7 15
248 7 16
248 9 17
248 10 18
248 11 19
248 12 20
248 12 21
248 13 22
248 14 23
248 14 24
248 15 16
248 15 25
248 15 26
248 16 27
248 17 27
248 17 28
248 18 29
248 18 30
248 20 31
248 20 32
248 21 33
248 22 34
248 24 35
248 25 36
248 26 35
248 26 37
248 28 38
248 28 39
248 29 40
248 29 41
248 29 42
248 30 43
248 30 44
248 31 45
248 32 46
248 33 47
248 34 48
248 35 49
248 35 50
248 35 51
248 36 49
248 37 52
248 38 53
248 39 54
248 39 55
248 39 56
248 40 57
248 41 44
248 41 58
248 41 59
248 42 60
248 43 44
248 43 53
248 44 61
248 45 62
248 58 59
248 59 61
249 0 1
249 0 2
249 1 3
249 1 4
249 3 5
250 0 1
250 1 2
250 1 3
250 1 4
250 2 4
250 2 5
250 2 6
250 4 7
250 4 8
250 4 9
250 4 10
250 5 9
250 5 11
250 5 12
250 6 12
250 6 13
250 6 14
250 7 15
250 8 16
250 8 17
250 9 16
250 9 18
250 10 19
250 10 20
250 10 21
250 11 18
250 11 22
250 11 23
250 12 23
250 12 24
250 13 24
250 13 25
250 14 26
250 14 27
250 14 28
250 15 17
250 15 29
250 16 30
250 16 31
250 18 30
250 18 32
250 19 33
250 20 34
250 20 35
250 21 35
250 21 36
250 22 23
250 22 37
250 22 38
250 23 39
250 23 40
250 24 40
250 26 35
250 26 36
250 26 41
250 28 41
250 28 42
250 29 33
250 29 43
250 30 44
250 30 45
250 31 46
250 32 47
250 32 48
250 33 49
250 34 50
250 38 51
250 39 52
250 39 53
250 39 54
250 40 52
250 40 55
250 41 56
250 41 57
250 43 49
250 43 58
250 43 59
250 44 48
250 44 60
250 45 61
250 45 62
250 46 59
250 47 48
250 47 63
250 48 64
250 49 65
250 49 66
250 50 67
250 50 68
250 51 54
250 52 69
250 52 70
250 54 63
250 56 71
250 56 72
250 57 73
250 57 74
250 57 75
250 58 76
250 59 77
250 60 63
250 61 77
250 62 64
250 66 67
250 67 68
250 76 77
251 0 1
252 0 1
252 1 2
252 1 3
252 1 4
252 2 5
252 4 6
252 4 7
252 4 8
252 5 9
252 7 10
252 7 11
252 8 12
252 9 13
252 9 14
252 10 15
252 10 16
252 11 17
252 12 18
252 13 19
252 13 20
252 14 21
252 15 22
252 15 23
252 15 24
252 16 25
252 17 26
252 17 27
252 18 28
252 20 29
252 21 30
252 22 31
252 24 32
252 25 33
252 25 34
252 26 31
252 26 35
252 27 36
252 27 37
252 29 38
252 31 39
252 33 40
252 33 41
252 34 42
252 34 43
252 35 44
252 36 45
252 38 46
252 38 47
252 39 48
252 39 49
252 39 50
252 40 51
252 40 52
252 41 53
252 41 54
252 42 55
252 42 56
252 43 57
252 44 58
252 45 59
252 45 60
252 47 61
252 48 62
252 48 63
252 50 64
252 51 65
252 51 66
252 52 67
252 52 68
252 53 69
252 53 70
252 53 71
252 54 68
252 62 64
253 0 1
253 1 2
253 2 3
253 2 4
253 3 5
253 5 6
253 5 7
253 5 8
253 6 9
253 6 10
253 7 11
253 7 12
253 8 13
253 8 14
253 8 15
253 9 16
253 9 17
253 10 18
253 10 19
253 11 20
253 11 21
253 11 22
253 12 23
253 14 16
253 15 24
253 15 25
253 15 26
253 16 27
253 16 28
253 17 29
253 18 30
253 19 31
253 21 32
253 23 25
253 23 33
253 25 34
253 29 35
253 30 36
253 31 37
253 32 33
253 32 38
253 33 39
253 34 40
253 34 41
253 35 42
253 36 43
253 37 44
253 38 45
253 38 46
253 39 47
253 40 48
253 42 49
253 43 50
253 43 51
253 44 52
253 44 53
253 44 54
253 44 55
253 46 56
253 48 57
253 48 58
253 49 59
253 50 60
253 50 61
253 50 62
253 51 63
253 55 64
253 56 65
253 57 66
253 57 67
253 58 68
253 59 69
253 59 70
253 60 71
253 60 72
253 61 73
253 61 74
253 62 74
253 62 75
253 63 76
253 65 77
253 66 78
253 67 79
254 0 1
254 0 2
254 1 3
254 1 4
254 2 5
254 2 6
254 3 7
254 3 8
254 3 9
254 4 5
254 4 8
254 4 10
254 4 11
254 4 12
254 6 13
254 6 14
254 7 15
254 7 16
254 7 17
254 8 16
254 8 18
254 9 19
254 10 20
254 10 21
254 10 22
254 11 12
254 11 23
254 11 24
254 12 18
254 12 25
254 13 21
254 13 26
254 14 26
254 14 27
254 14 28
254 15 29
254 15 30
254 16 31
254 16 32
254 17 33
254 17 34
254 18 31
254 18 35
254 19 27
254 20 36
254 20 37
254 22 36
254 22 38
254 25 35
254 25 39
254 25 40
254 26 41
254 26 42
254 27 43
254 28 44
254 29 43
254 30 45
254 31 46
254 31 47
254 32 33
254 32 48
254 33 45
254 33 48
254 34 49
254 34 50
254 34 51
254 35 46
254 35 52
254 36 53
254 37 54
254 38 53
254 39 53
254 39 55
254 39 56
254 40 52
254 40 57
254 41 58
254 41 59
254 42 60
254 42 61
254 42 62
254 43 44
254 43 63
254 43 64
254 44 59
254 46 47
254 46 65
254 46 66
254 47 67
254 47 68
254 48 50
254 49 69
254 50 70
254 51 71
254 51 72
254 52 66
254 53 73
254 54 60
254 54 74
254 55 73
254 55 75
254 58 62
254 59 63
254 60 74
254 61 62
254 65 70
255 0 1
255 0 2
255 0 3
255 1 4
255 3 5
255 4 6
255 4 7
255 5 8
255 5 9
255 5 10
255 6 11
255 7 12
255 8 13
255 9 14
255 11 15
255 11 16
255 12 15
255 13 17
255 15 18
255 16 19
255 19 20
255 20 21
255 21 22
255 21 23
255 21 24
255 21 25
255 21 26
255 22 27
255 24 28
255 25 29
255 27 30
255 28 31
255 29 32
255 30 33
255 31 34
255 32 35
255 32 36
255 33 37
255 34 38
255 35 39
255 35 40
255 37 41
255 38 42
255 38 43
255 40 44
255 42 45
255 42 46
255 43 47
255 45 48
255 47 49
255 47 50
255 48 51
255 48 52
255 49 53
255 50 54
255 50 55
255 51 56
255 51 57
255 53 58
255 54 59
255 54 60
255 55 61
255 57 62
255 58 63
255 60 64
255 61 65
255 61 66
255 62 67
255 63 68
255 63 69
255 64 70
255 66 71
255 67 72
255 68 73
255 69 74
255 69 75
255 69 76
256 0 1
256 0 2
256 1 3
256 1 4
256 1 5
256 2 6
256 2 7
256 3 8
256 4 9
256 5 10
256 5 11
256 6 12
256 6 13
256 7 13
256 7 14
256 8 15
256 8 16
256 9 17
256 10 14
256 10 18
256 11 19
256 12 20
256 12 21
256 12 22
256 13 23
256 14 24
256 14 25
256 14 26
256 14 27
256 15 28
256 16 29
256 17 30
256 18 31
256 18 32
256 19 32
256 19 33
256 20 34
256 20 35
256 20 36
256 21 37
256 21 38
256 23 39
256 23 40
256 24 41
256 24 42
256 25 31
256 26 40
256 27 40
256 27 43
256 28 44
256 28 45
256 30 46
256 30 47
256 30 48
256 31 49
256 32 50
256 33 45
256 34 37
256 35 51
256 35 52
256 35 53
256 35 54
256 36 55
256 36 56
256 37 57
256 38 58
256 38 59
256 38 60
256 39 61
256 40 62
256 40 63
256 41 64
256 41 65
256 42 66
256 42 67
256 42 68
256 43 66
256 44 69
256 45 70
256 47 54
256 49 50
256 49 65
256 55 60
256 58 61
256 62 66
256 64 67
257 0 1
257 0 2
257 2 3
258 0 1
258 1 2
258 2 3
258 3 4
258 3 5
258 3 6
258 4 7
258 5 8
258 5 9
258 5 10
258 6 11
258 7 12
258 8 13
258 9 14
258 10 15
258 10 16
258 11 17
258 12 18
258 14 19
258 15 20
258 15 21
258 16 22
258 17 23
258 18 24
258 19 25
258 20 26
258 20 27
258 20 28
258 21 29
258 21 30
258 22 26
258 22 31
258 23 32
258 24 33
258 25 34
258 26 35
258 27 36
258 28 37
258 30 38
258 30 39
258 31 40
258 32 41
258 33 42
258 34 43
258 34 44
258 34 45
258 35 46
258 36 47
258 36 48
258 37 49
258 38 50
258 39 51
258 40 52
258 41 53
258 42 54
258 43 55
258 44 56
258 45 57
258 46 58
258 46 59
258 48 60
258 49 61
258 49 62
258 49 63
258 50 59
258 50 64
259 0 1
259 1 2
259 1 3
259 1 4
259 2 5
259 2 6
259 4 5
259 4 7
259 4 8
259 5 9
259 5 10
259 6 11
259 6 12
259 7 13
259 7 14
259 7 15
259 8 16
259 9 17
259 9 18
259 11 19
259 12 20
259 13 21
259 14 22
259 15 18
259 16 23
259 16 24
259 17 24
259 17 25
259 17 26
259 18 27
259 19 28
259 20 29
259 20 30
259 21 31
259 21 32
259 22 33
259 23 34
259 24 27
259 24 35
259 26 29
259 26 36
259 28 37
259 28 38
259 28 39
259 29 40
259 30 41
259 30 42
259 30 43
259 30 44
259 31 45
259 33 46
259 33 47
259 35 48
259 35 49
259 35 50
259 35 51
259 36 40
259 36 52
259 37 53
259 37 54
259 38 55
259 38 56
259 39 57
259 39 58
259 40 59
259 41 60
259 42 59
259 43 61
259 43 62
259 44 59
259 44 63
259 45 64
259 46 65
259 46 66
259 47 67
259 47 68
259 48 69
259 49 70
259 49 71
259 49 72
259 50 73
259 51 73
259 51 74
259 51 75
259 52 76
259 53 58
259 53 77
259 53 78
259 54 60
259 54 79
259 54 80
259 55 81
259 57 82
259 57 83
259 58 78
259 59 84
259 59 85
259 59 86
259 62 63
259 65 81
259 74 75
259 78 80
260 0 1
260 0 2
260 0 3
260 1 4
260 2 5
260 3 6
260 3 7
260 3 8
260 4 9
260 5 10
260 6 11
260 6 12
260 6 13
260 8 14
260 8 15
260 8 16
260 8 17
260 9 18
260 10 19
260 10 20
260 12 15
260 14 21
260 14 22
260 15 23
260 16 24
260 17 25
260 18 26
260 18 27
260 18 28
260 20 29
260 20 30
260 21 31
260 21 32
260 22 25
260 22 33
260 22 34
260 23 32
260 23 35
260 25 36
260 26 37
260 26 38
260 27 39
260 28 30
260 28 40
260 29 41
260 29 42
260 31 33
260 31 43
260 31 44
260 32 44
260 33 34
260 33 43
260 34 45
260 35 46
260 37 40
260 38 47
260 38 48
260 40 41
260 40 49
260 41 50
260 41 51
260 43 52
260 44 53
260 44 54
260 45 52
260 46 55
260 47 48
260 47 56
260 47 57
260 48 58
260 48 59
260 49 60
260 50 61
260 51 62
260 51 63
260 51 64
260 52 65
260 53 65
260 53 66
260 55 67
260 55 68
260 55 69
260 56 70
260 57 71
260 58 61
260 58 63
260 60 64
260 66 67
261 0 1
261 0 2
261 0 3
261 1 4
261 1 5
261 2 6
261 2 7
261 3 8
261 3 9
261 4 10
261 4 11
261 6 12
261 7 13
261 7 14
261 8 15
261 9 16
261 9 17
261 11 18
261 11 19
261 12 20
261 14 21
261 15 22
261 16 17
261 16 23
261 16 24
261 17 25
261 18 26
261 18 27
261 19 28
261 20 29
261 22 30
261 22 31
261 22 32
261 23 32
261 23 33
261 24 34
261 25 35
261 27 36
261 28 37
261 31 38
261 31 39
261 32 40
261 32 41
261 33 42
261 33 43
261 33 44
261 34 45
261 35 46
261 35 47
261 36 48
261 36 49
261 38 50
261 38 51
261 38 52
261 38 53
261 40 50
261 41 45
261 42 54
261 42 55
261 43 56
261 43 57
261 44 58
261 46 59
261 47 60
261 48 61
261 50 58
261 51 62
261 52 53
261 52 63
261 52 64
261 53 65
261 53 66
261 63 66
262 0 1
262 1 2
262 1 3
262 1 4
262 2 5
262 3 6
262 3 7
262 4 8
262 4 9
262 5 10
262 6 11
262 8 11
262 8 12
262 8 13
262 8 14
262 8 15
262 9 16
262 10 17
262 11 18
262 11 19
262 12 20
262 13 21
262 14 22
262 15 23
262 16 24
262 17 25
262 17 26
262 17 27
262 18 28
262 18 29
262 18 30
262 19 31
262 20 32
262 20 33
262 21 34
262 22 35
262 23 36
262 23 37
262 24 38
262 24 39
262 24 40
262 25 41
262 25 42
262 26 43
262 26 44
262 26 45
262 27 46
262 27 47
262 27 48
262 28 49
262 28 50
262 29 51
262 30 49
262 30 52
262 31 53
262 32 39
262 34 54
262 35 55
262 37 56
262 38 57
262 38 58
262 40 59
262 40 60
262 40 61
262 40 62
262 41 44
262 41 63
262 42 64
262 43 65
262 44 66
262 44 67
262 46 68
263 0 1
263 0 2
263 0 3
263 1 4
263 1 5
263 1 6
263 2 7
263 2 8
263 3 9
263 4 10
263 5 11
263 6 12
263 6 13
263 8 14
263 8 15
263 10 16
263 10 17
263 11 18
263 11 19
263 12 20
263 12 21
263 13 22
263 13 23
263 14 24
263 15 25
263 15 26
263 16 27
263 17 24
263 18 19
263 18 28
263 18 29
263 19 30
263 19 31
263 20 32
263 21 33
263 21 34
263 22 35
263 23 36
263 25 37
263 26 38
263 27 39
263 28 40
263 29 39
263 30 41
263 31 42
263 31 43
263 32 43
263 32 44
263 33 45
263 34 46
263 35 47
263 35 48
263 35 49
263 36 50
263 37 51
263 38 52
263 38 53
263 40 54
263 40 55
263 42 56
263 42 57
263 44 58
263 45 59
263 47 48
263 47 60
263 48 50
263 48 61
263 50 62
263 51 63
263 52 64
263 52 65
263 53 66
263 54 67
263 55 68
263 57 69
263 58 70
263 58 71
263 59 72
263 59 73
263 61 74
263 62 75
263 62 76
263 64 77
263 67 69
263 69 70
264 0 1
264 1 2
264 1 3
264 1 4
264 2 5
264 3 6
264 5 7
264 5 8
264 6 9
264 7 10
264 7 11
264 8 12
264 9 13
264 11 14
264 11 15
264 12 16
264 12 17
264 13 18
264 13 19
264 14 20
264 15 16
264 16 21
264 17 22
264 18 23
264 21 24
264 22 25
264 23 26
264 25 27
264 25 28
264 26 29
264 27 30
264 28 31
264 29 32
264 30 33
264 31 34
264 31 35
264 32 36
264 32 37
264 33 38
264 34 39
264 35 40
264 36 41
264 36 42
264 36 43
264 37 44
264 38 45
264 38 46
264 39 47
264 40 48
264 41 49
264 42 50
264 42 51
264 43 52
264 44 53
264 45 54
264 46 55
264 46 56
264 50 57
264 51 58
264 52 59
264 53 60
264 54 61
264 56 62
264 57 63
264 57 64
264 58 65
264 60 66
264 61 64
264 62 67
264 62 68
264 62 69
264 63 70
264 65 71
264 67 72
264 67 73
264 67 74
264 71 75
264 74 76
264 74 77
264 74 78
264 75 79
264 77 80
264 79 81
264 81 82
264 81 83
265 0 1
265 0 2
265 0 3
265 0 4
265 1 5
265 1 6
265 1 7
265 2 5
265 2 8
265 2 9
265 3 10
265 4 11
265 4 12
265 8 13
265 10 14
265 12 15
265 13 16
265 15 17
265 15 18
265 16 19
265 16 20
265 16 21
265 18 22
265 19 23
265 19 24
265 20 25
265 21 26
265 22 27
265 22 28
265 23 29
265 23 30
265 24 31
265 25 32
265 26 33
265 29 34
265 29 35
265 30 36
265 31 37
265 32 38
265 34 39
265 36 40
265 38 41
265 38 42
265 38 43
265 40 44
265 41 45
265 41 46
265 42 47
265 43 48
265 44 49
265 45 50
265 45 51
265 47 52
265 47 53
265 47 54
265 48 55
265 48 56
265 51 57
265 51 58
265 52 59
265 52 60
265 53 61
265 53 62
265 55 63
265 58 64
265 59 65
265 59 66
265 60 67
265 60 68
265 60 69
265 61 70
265 62 69
265 63 65
265 64 71
265 66 72
265 66 73
265 68 74
265 69 75
265 69 76
265 70 77
265 70 78
265 70 79
265 71 80
265 72 81
265 72 82
265 73 83
265 73 84
265 73 85
266 0 1
266 1 2
266 2 3
266 2 4
266 2 5
266 3 6
266 5 7
266 6 8
266 7 9
267 0 1
267 0 2
267 0 3
267 1 4
267 1 5
267 2 6
267 2 7
267 3 7
267 3 8
267 3 9
267 4 10
267 5 11
267 6 12
267 7 13
267 7 14
267 8 15
267 9 16
267 9 17
267 10 11
267 10 12
267 10 18
267 10 19
267 10 20
267 11 21
267 12 22
267 12 23
267 13 24
267 13 25
267 13 26
267 14 27
267 14 28
267 15 16
267 15 28
267 16 29
267 16 30
267 16 31
267 17 32
267 18 19
267 18 33
267 18 34
267 19 35
267 19 36
267 20 21
267 20 34
267 20 37
267 21 32
267 21 38
267 22 39
267 22 40
267 23 40
267 23 41
267 24 26
267 24 27
267 25 42
267 25 43
267 26 44
267 27 45
267 28 29
267 28 46
267 28 47
267 28 48
267 30 49
267 30 50
267 31 51
267 33 52
267 33 53
267 33 54
267 34 53
267 34 55
267 37 38
267 37 55
267 37 56
267 38 51
267 38 57
267 39 58
267 40 58
267 41 42
267 42 43
267 43 59
267 44 60
267 44 61
267 44 62
267 45 63
267 46 64
267 46 65
267 47 66
267 48 49
267 48 67
267 49 68
267 50 69
267 51 70
267 52 58
267 52 71
267 52 72
267 53 73
267 53 74
267 54 73
267 54 75
267 55 74
267 60 61
267 63 66
267 65 66
267 67 68
268 0 1
268 0 2
268 1 3
268 2 4
268 2 5
268 2 6
268 3 7
268 3 8
268 4 6
268 4 9
268 4 10
268 5 11
268 5 12
268 6 13
268 6 14
268 7 15
268 7 16
268 8 17
268 8 18
268 9 19
268 9 20
268 9 21
268 10 22
268 10 23
268 10 24
268 12 25
268 12 26
268 13 19
268 13 27
268 16 28
268 16 29
268 17 30
268 19 27
268 20 31
268 20 32
268 22 33
268 23 34
268 24 35
268 25 36
268 25 37
268 26 38
268 26 39
268 27 40
268 27 41
268 28 42
268 29 43
268 31 44
268 31 45
268 32 46
268 32 47
268 33 48
268 33 49
268 33 50
268 34 51
268 34 52
268 34 53
268 35 46
268 36 54
268 36 55
268 36 56
268 37 57
268 37 58
268 38 59
268 39 60
268 39 61
268 39 62
268 40 59
268 40 63
268 41 64
268 43 65
268 44 66
268 44 67
268 45 68
268 45 69
268 46 70
268 48 50
268 50 57
268 59 61
268 60 62
269 0 1
269 0 2
269 0 3
269 1 4
269 1 5
269 2 6
269 3 7
269 4 8
269 4 9
269 5 10
269 5 11
269 5 12
269 7 13
269 8 14
269 10 15
269 10 16
269 11 17
269 13 18
269 16 19
269 16 20
269 18 21
269 19 22
269 21 23
269 22 24
269 23 25
269 23 26
269 24 27
269 25 28
269 25 29
269 26 30
269 26 31
269 26 32
269 27 33
269 28 34
269 28 35
269 28 36
269 29 37
269 29 38
269 30 35
269 33 39
269 34 40
269 35 41
269 35 42
269 36 43
269 36 44
269 37 45
269 38 46
269 39 47
269 39 48
269 39 49
269 40 50
269 40 51
269 41 52
269 41 53
269 41 54
269 43 55
269 44 56
269 44 57
269 44 58
269 45 59
269 46 60
269 47 61
269 47 62
269 49 62
269 50 63
269 54 55
269 54 64
269 55 65
269 57 66
269 59 67
269 60 68
269 61 69
269 61 70
269 62 71
269 62 72
269 64 73
269 65 66
270 0 1
270 1 2
270 2 3
270 3 4
270 3 5
270 4 6
270 5 7
270 6 8
270 7 9
270 8 10
270 8 11
270 10 12
270 11 13
270 13 14
271 0 1
271 0 2
271 0 3
271 1 4
271 1 5
271 1 6
271 2 7
271 3 8
271 4 9
271 4 10
271 5 11
271 5 12
271 5 13
271 6 11
271 6 14
271 6 15
271 7 10
271 8 16
271 8 17
271 8 18
271 8 19
271 9 20
271 9 21
271 9 22
271 10 15
271 10 23
271 11 24
271 11 25
271 12 25
271 12 26
271 13 27
271 14 24
271 14 28
271 14 29
271 15 23
271 16 30
271 16 31
271 17 31
271 18 27
271 18 32
271 19 33
271 19 34
271 20 23
271 20 35
271 21 36
271 22 37
271 22 38
271 24 39
271 24 40
271 25 39
271 25 41
271 25 42
271 25 43
271 26 44
271 28 29
271 28 40
271 28 45
271 28 46
271 29 47
271 29 48
271 30 32
271 31 49
271 31 50
271 31 51
271 31 52
271 32 53
271 32 54
271 33 55
271 34 50
271 34 56
271 35 45
271 35 57
271 36 55
271 37 58
271 39 41
271 39 59
271 40 59
271 40 60
271 41 61
271 41 62
271 42 63
271 42 64
271 42 65
271 43 44
271 44 53
271 45 66
271 46 60
271 48 57
271 49 54
272 0 1
272 1 2
272 1 3
272 3 4
272 4 5
272 4 6
272 5 7
272 7 8
272 7 9
272 9 10
272 9 11
272 9 12
272 10 13
272 10 14
272 10 15
272 11 13
272 11 16
272 11 17
272 12 18
272 15 19
272 18 20
272 19 21
272 21 22
272 21 23
272 21 24
272 22 25
272 23 26
272 23 27
272 24 28
272 25 29
272 26 30
272 27 31
272 27 32
272 28 33
272 30 34
272 31 35
272 31 36
272 32 37
272 33 38
272 36 39
272 37 40
272 38 41
272 38 42
272 38 43
272 40 44
272 41 45
272 42 46
272 43 47
272 43 48
272 44 49
272 45 50
272 45 51
272 46 52
272 46 53
272 46 54
272 48 55
272 48 56
272 51 57
272 53 58
272 53 59
272 54 60
272 54 61
272 55 62
272 55 63
272 57 64
272 58 65
272 58 66
272 58 67
272 59 64
272 59 68
272 60 69
272 61 65
272 62 70
272 65 71
272 65 72
273 0 1
273 1 2
273 2 3
273 2 4
273 3 5
273 3 6
273 4 7
273 4 8
273 6 9
273 8 10
273 8 11
273 8 12
273 9 13
273 10 14
273 12 15
273 13 16
273 16 17
274 0 1
274 0 2
274 0 3
274 1 4
274 4 5
274 4 6
274 4 7
274 6 8
274 6 9
274 7 10
274 8 11
274 9 12
274 12 13
274 12 14
274 13 15
274 13 16
274 14 17
274 15 18
274 16 19
274 17 20
274 17 21
274 19 22
274 19 23
274 19 24
274 20 25
274 21 26
274 21 27
274 21 28
274 22 27
274 23 29
274 25 30
274 25 31
274 25 32
274 28 30
274 28 33
274 28 34
274 29 35
274 29 36
274 29 37
274 31 38
274 32 39
274 32 40
274 32 41
274 33 42
274 33 43
274 33 44
274 34 45
274 35 46
274 36 47
274 37 45
274 38 48
274 38 49
274 39 50
274 40 41
274 40 51
274 40 52
274 41 53
274 42 53
274 43 54
274 43 55
274 43 56
274 45 57
274 46 58
274 47 59
274 47 60
274 48 61
274 49 62
274 52 54
274 52 63
274 52 64
274 53 54
274 54 65
274 55 66
274 55 67
274 56 68
274 56 69
274 57 70
274 57 71
274 58 72
274 59 71
274 60 73
274 61 74
274 63 75
274 65 76
275 0 1
275 0 2
275 1 3
275 2 4
275 3 5
275 4 6
275 4 7
275 4 8
275 4 9
275 5 10
275 6 11
275 7 12
275 7 13
275 8 13
275 8 14
275 9 15
275 10 16
275 10 17
275 10 18
275 11 19
275 11 20
275 12 21
275 13 22
275 17 19
275 17 23
275 17 24
275 18 25
275 18 26
275 18 27
275 19 28
275 21 29
275 22 30
275 22 31
275 22 32
275 22 33
275 23 26
275 23 34
275 24 35
275 24 36
275 24 37
275 25 26
275 25 38
275 25 39
275 28 40
275 28 41
275 28 42
275 29 43
275 30 44
275 31 45
275 32 46
275 34 37
275 35 47
275 35 48
275 36 49
275 36 50
275 37 51
275 37 52
275 38 53
275 39 54
275 39 55
275 39 56
275 42 57
275 44 58
275 44 59
275 45 60
275 46 61
275 47 62
275 47 63
275 47 64
275 48 63
275 49 65
275 50 62
275 50 66
275 52 55
275 52 67
275 52 68
275 54 69
275 56 70
275 58 59
275 58 71
275 58 72
275 59 73
275 59 74
275 60 75
275 61 76
275 62 77
275 63 78
275 64 78
275 64 79
275 64 80
275 65 81
275 66 82
275 66 83
275 67 69
275 67 84
275 67 85
275 68 86
275 69 87
276 0 1
276 0 2
276 1 3
276 2 4
277 0 1
277 0 2
277 0 3
277 0 4
277 1 2
277 1 5
277 2 6
277 2 7
277 3 8
277 3 9
277 4 10
277 5 11
277 6 12
277 7 13
277 7 14
277 8 13
277 8 15
277 8 16
277 8 17
277 9 18
277 10 17
277 11 19
277 11 20
277 12 21
277 15 22
277 15 23
277 15 24
277 16 25
277 17 26
277 18 27
277 19 28
277 19 29
277 20 30
277 21 31
277 22 32
277 23 33
277 27 34
277 28 35
277 28 36
277 28 37
277 29 38
277 30 31
277 30 39
277 30 40
277 31 41
277 31 42
277 33 43
277 33 44
277 33 45
277 34 46
277 35 47
277 36 48
277 36 49
277 37 50
277 38 51
277 38 52
277 38 53
277 40 54
277 42 55
277 42 56
277 42 57
277 43 58
277 43 59
277 44 60
277 45 46
277 46 61
277 47 62
277 47 63
277 48 64
277 49 65
277 49 66
277 51 67
277 51 68
277 53 62
277 54 67
277 54 69
277 55 70
277 56 71
277 67 68
278 0 1
279 0 1
279 0 2
279 0 3
279 3 4
279 4 5
279 5 6
279 6 7
280 0 1
281 0 1
281 0 2
281 1 3
281 1 4
281 1 5
281 1 6
281 2 7
281 2 8
281 2 9
281 3 10
281 3 11
281 3 12
281 4 12
281 4 13
281 5 14
281 6 15
281 7 16
281 8 17
281 9 18
281 9 19
281 10 20
281 10 21
281 10 22
281 11 23
281 11 24
281 12 25
281 12 26
281 13 16
281 14 20
281 14 27
281 15 28
281 16 29
281 16 30
281 17 31
281 17 32
281 18 33
281 18 34
281 19 35
281 19 36
281 20 37
281 20 38
281 21 39
281 21 40
281 21 41
281 22 40
281 22 42
281 23 43
281 23 44
281 24 44
281 24 45
281 24 46
281 25 47
281 25 48
281 26 47
281 26 49
281 27 50
281 28 35
281 28 51
281 29 52
281 30 53
281 30 54
281 30 55
281 31 56
281 32 57
281 33 58
281 34 59
281 34 60
281 37 61
281 38 42
281 38 62
281 38 63
281 39 64
281 41 44
282 0 1
282 0 2
282 1 3
282 1 4
282 2 5
282 2 6
282 3 7
282 4 8
282 5 9
282 5 10
282 6 11
282 6 12
282 6 13
282 7 14
282 7 15
282 8 16
282 8 17
282 10 18
282 11 12
282 11 19
282 12 20
282 12 21
282 13 22
282 14 23
282 14 24
282 15 25
282 15 26
282 16 18
282 16 27
282 16 28
282 17 29
282 17 30
282 18 31
282 19 26
282 20 32
282 21 33
282 23 34
282 24 35
282 25 36
282 25 37
282 26 38
282 26 39
282 27 40
282 28 41
282 28 42
282 31 43
282 31 44
282 31 45
282 32 45
282 32 46
282 33 47
282 34 48
282 36 49
282 37 50
282 38 51
282 38 52
282 39 53
282 40 54
282 40 55
282 41 56
282 41 57
282 41 58
282 42 59
282 42 60
282 42 61
282 43 62
282 44 63
282 46 64
282 47 65
282 48 66
282 48 67
282 49 68
282 49 69
282 49 70
282 50 71
282 53 65
282 55 59
282 56 57
282 57 67
282 68 69
282 69 71
283 0 1
283 0 2
283 1 3
283 2 4
283 3 5
283 3 6
283 3 7
283 4 8
283 4 9
283 4 10
283 5 11
283 5 12
283 6 13
283 7 14
283 8 15
283 9 16
283 9 17
283 10 18
283 11 19
283 11 20
283 13 21
283 13 22
283 14 23
283 14 24
283 14 25
283 15 26
283 16 27
283 17 28
283 17 29
283 18 30
283 20 31
283 20 32
283 21 33
283 24 34
283 24 35
283 25 36
283 25 37
283 27 38
283 28 39
283 28 40
283 29 41
283 30 42
283 30 43
283 30 44
283 32 45
283 33 46
283 34 46
283 34 47
283 35 48
283 35 49
283 35 50
283 36 50
283 37 51
283 39 52
283 41 53
283 42 54
283 42 55
283 42 56
283 43 54
283 45 57
283 47 58
283 47 59
283 48 60
283 50 61
283 50 62
283 51 63
283 51 64
283 51 65
283 53 66
283 54 67
283 54 68
283 55 69
283 55 70
283 56 71
283 57 72
283 58 73
283 58 74
283 58 75
283 59 76
283 59 77
284 0 1
284 0 2
284 0 3
284 1 4
284 2 3
284 2 5
284 2 6
284 3 7
284 3 8
284 4 7
284 4 9
284 5 10
284 5 11
284 6 12
284 6 13
284 7 8
284 8 13
284 8 14
284 9 15
284 9 16
284 11 12
284 12 17
284 12 18
284 12 19
284 13 20
284 14 16
284 14 20
284 14 21
284 15 22
284 15 23
284 16 24
284 17 25
284 17 26
284 17 27
284 18 28
284 18 29
284 19 30
284 20 29
284 22 31
284 22 32
284 23 33
284 23 34
284 24 35
284 24 36
284 25 37
284 25 38
284 27 28
284 27 39
284 27 40
284 29 41
284 31 42
284 32 43
284 33 44
284 34 45
284 34 46
284 35 47
284 36 48
284 36 49
284 37 50
284 38 51
284 41 52
284 43 53
284 44 54
284 45 55
284 46 56
284 46 57
284 46 58
284 47 59
284 48 52
284 48 60
284 48 61
284 49 62
284 49 63
284 49 64
284 50 65
284 51 66
284 54 67
284 54 68
284 54 69
284 56 70
284 57 71
284 59 72
284 61 73
284 61 74
284 61 75
284 64 73
285 0 1
285 0 2
285 1 3
285 2 4
285 3 5
285 3 6
285 4 7
285 4 8
285 5 9
285 6 10
285 7 11
285 7 12
285 9 13
285 9 14
285 9 15
285 10 16
285 11 15
285 11 17
285 12 18
285 13 19
285 14 20
285 15 21
285 16 22
285 17 23
285 18 24
285 19 25
285 19 26
285 19 27
285 19 28
285 20 29
285 20 30
285 20 31
285 21 32
285 21 33
285 22 34
285 23 35
285 24 36
285 24 37
285 25 38
285 26 39
285 27 31
285 27 40
285 28 40
285 28 41
285 28 42
285 29 43
285 29 44
285 29 45
285 30 46
285 32 47
285 34 48
285 35 49
285 35 50
285 35 51
285 36 52
285 38 47
285 39 53
285 39 54
285 40 55
285 40 56
285 41 53
285 41 57
285 41 58
285 42 59
285 42 60
285 43 61
285 44 62
285 45 48
285 45 63
285 45 64
285 46 65
285 47 66
285 50 67
285 52 68
285 53 69
285 53 70
285 54 71
285 55 72
285 55 73
285 56 73
285 56 74
285 57 75
285 57 76
285 58 76
285 58 77
285 58 78
285 59 79
285 59 80
285 60 80
285 60 81
285 60 82
285 61 83
285 62 84
285 63 85
285 64 86
285 65 87
285 66 88
285 67 89
285 70 75
285 71 88
285 77 80
286 0 1
286 0 2
286 0 3
286 1 4
286 1 5
286 2 6
286 3 7
286 3 8
286 3 9
286 4 10
286 4 11
286 5 12
286 6 13
286 6 14
286 6 15
286 7 16
286 7 17
286 8 18
286 10 19
286 11 20
286 11 21
286 12 22
286 14 23
286 15 19
286 15 24
286 16 25
286 16 26
286 17 18
286 17 27
286 18 28
286 18 29
286 18 30
286 19 31
286 21 32
286 24 33
286 25 34
286 27 35
286 28 36
286 29 30
286 29 37
286 29 38
286 30 39
286 30 40
286 31 41
286 31 42
286 31 43
286 32 44
286 32 45
286 33 46
286 33 47
286 34 48
286 34 49
286 34 50
286 35 51
286 35 52
286 36 53
286 37 54
286 41 55
286 43 56
286 43 57
286 43 58
286 44 59
286 45 60
286 46 61
286 46 62
286 47 63
286 47 64
286 50 65
286 51 66
286 53 67
286 55 68
286 58 69
286 60 70
287 0 1
287 0 2
287 1 3
287 1 4
287 2 3
287 2 5
287 2 6
287 3 7
287 3 8
287 4 9
287 4 10
287 5 11
287 6 8
287 6 12
287 7 10
287 8 13
287 8 14
287 10 15
287 10 16
287 11 17
287 13 18
287 13 19
287 14 20
287 14 21
287 14 22
287 15 19
287 15 23
287 17 24
287 17 25
287 18 26
287 19 27
287 20 28
287 21 29
287 21 30
287 21 31
287 22 32
287 24 33
287 24 34
287 25 35
287 26 36
287 28 37
287 29 38
287 30 39
287 32 40
287 33 41
287 34 42
287 35 43
287 35 44
287 36 45
287 37 45
287 39 46
287 39 47
287 39 48
287 40 49
287 40 50
287 40 51
287 41 52
287 42 53
287 43 54
287 44 55
287 44 56
287 45 57
287 45 58
287 46 59
287 48 60
287 49 61
287 50 62
287 50 63
288 0 1
288 0 2
288 2 3
288 2 4
288 2 5
288 3 6
288 3 7
288 3 8
288 4 9
288 4 10
288 5 9
288 5 11
288 6 11
288 7 10
288 7 12
288 8 13
288 8 14
288 11 15
288 12 16
288 12 17
288 13 18
288 15 19
288 15 20
288 16 21
288 17 22
288 18 23
288 19 24
288 20 25
288 20 26
288 21 27
288 22 28
288 24 29
288 25 30
288 25 31
288 26 32
288 26 33
288 27 34
288 27 35
288 28 36
288 29 37
288 30 38
288 31 39
288 31 40
288 32 41
288 32 42
288 32 43
288 33 44
288 33 45
288 34 46
288 35 47
288 36 48
288 37 49
288 37 50
288 38 39
288 38 51
288 39 52
288 41 53
288 41 54
288 41 55
288 43 56
288 43 57
288 44 58
288 44 59
288 44 60
288 45 60
288 45 61
288 45 62
288 46 63
288 48 64
288 48 65
288 49 66
288 49 67
288 51 52
288 51 68
288 52 69
288 52 70
288 53 54
288 53 57
288 53 71
288 54 72
288 54 73
288 55 74
288 55 75
288 55 76
288 56 57
288 56 77
288 56 78
288 59 76
288 62 79
288 63 80
288 63 81
289 0 1
289 1 2
289 1 3
289 2 4
289 3 5
289 3 6
289 4 7
289 4 8
289 6 9
289 7 10
289 7 11
289 9 12
289 10 13
289 11 14
289 12 15
289 13 16
289 13 17
289 14 18
289 15 19
289 16 20
289 17 21
289 17 22
289 18 23
289 19 24
289 20 25
289 21 26
289 22 27
289 22 28
289 23 29
289 24 30
289 25 31
289 26 32
289 26 33
289 27 34
289 29 35
289 29 36
289 29 37
289 29 38
289 29 39
289 30 40
289 30 41
289 31 42
289 31 43
289 33 41
289 34 44
289 36 45
289 37 46
289 39 47
289 42 48
289 43 49
289 43 50
289 43 51
289 44 52
289 45 53
289 46 54
289 47 55
289 49 56
289 52 57
289 52 58
289 52 59
289 53 60
289 53 61
289 54 62
289 55 63
289 56 64
289 56 65
289 57 66
289 58 67
289 58 68
289 59 69
289 60 70
289 60 71
290 0 1
290 0 2
290 0 3
290 1 4
290 1 5
290 4 6
290 4 7
290 5 7
290 5 8
290 5 9
290 6 10
290 7 11
290 8 12
290 8 13
290 8 14
290 9 14
290 9 15
290 10 16
290 11 17
290 12 18
290 12 19
290 12 20
290 13 21
290 13 22
290 14 23
290 14 24
290 14 25
290 15 26
290 16 27
290 17 28
290 17 29
290 18 30
290 18 31
290 19 31
290 19 32
290 19 33
290 20 34
290 20 35
290 20 36
290 21 37
290 21 38
290 22 37
290 22 39
290 22 40
290 23 41
290 24 35
290 25 42
290 26 43
290 26 44
290 26 45
290 27 28
290 27 46
290 29 47
290 30 34
290 30 48
290 30 49
290 31 50
290 32 51
290 32 52
290 33 37
290 34 53
290 34 54
290 35 55
290 36 56
290 39 57
290 39 58
290 40 59
290 40 60
290 40 61
290 41 45
290 41 62
290 41 63
291 0 1
291 1 2
291 2 3
291 2 4
291 3 5
291 3 6
291 5 7
291 5 8
291 6 9
291 6 10
291 6 11
291 7 12
291 8 13
291 9 14
291 11 15
291 11 16
291 12 17
291 16 18
291 16 19
291 17 20
291 19 21
291 20 22
291 21 23
291 22 24
291 23 25
291 24 26
291 24 27
291 25 28
291 26 29
291 26 30
291 26 31
291 27 32
291 27 33
291 28 34
291 31 35
291 32 35
291 32 36
291 32 37
291 33 38
291 33 39
291 34 40
291 34 41
291 34 42
291 35 43
291 35 44
291 36 45
291 36 46
291 37 47
291 38 48
291 39 49
291 41 50
291 42 50
291 42 51
291 44 52
291 44 53
291 44 54
291 45 55
291 46 56
291 46 57
291 46 58
291 47 59
291 47 60
291 48 61
291 49 62
291 50 63
291 50 64
291 51 65
291 51 66
291 53 55
291 53 67
291 55 68
291 57 69
291 59 70
291 61 71
291 68 69
292 0 1
292 1 2
292 1 3
292 3 4
292 3 5
292 3 6
292 4 7
292 5 8
292 6 9
292 6 10
292 6 11
292 7 12
292 8 13
292 10 14
292 10 15
292 11 13
292 12 16
292 13 17
292 13 18
292 14 19
292 15 20
292 17 21
292 19 21
292 20 22
293 0 1
293 1 2
293 1 3
293 2 4
293 3 5
293 3 6
293 3 7
293 4 8
293 4 9
293 4 10
293 5 11
293 5 12
293 5 13
293 6 14
293 6 15
293 7 16
293 8 17
293 9 18
293 10 19
293 11 20
293 11 21
293 13 22
293 15 23
293 17 24
293 17 25
293 18 26
293 18 27
293 19 28
293 19 29
293 20 30
293 20 31
293 21 32
293 21 33
293 21 34
293 22 35
293 22 36
293 24 37
293 24 38
293 25 39
293 25 40
293 26 41
293 26 42
293 26 43
293 26 44
293 28 45
293 28 46
293 29 37
293 31 47
293 31 48
293 32 49
293 33 50
293 34 51
293 34 52
293 36 53
293 36 54
293 37 55
293 37 56
293 38 57
293 39 58
293 41 59
293 41 60
293 41 61
293 42 62
293 44 62
293 44 63
293 44 64
293 45 59
293 46 65
293 47 66
293 48 67
293 48 68
293 49 69
293 51 53
293 51 70
293 51 71
293 54 72
293 55 56
293 55 73
293 55 74
293 56 75
293 57 76
293 58 77
293 59 78
293 60 79
293 61 80
293 74 76
294 0 1
294 0 2
294 1 3
294 1 4
294 2 5
294 2 6
294 2 7
294 4 8
294 6 9
294 7 10
294 7 11
294 7 12
294 8 13
294 9 14
294 9 15
294 10 16
294 10 17
294 10 18
294 11 19
294 12 20
294 12 21
294 14 22
294 15 23
294 15 24
294 17 21
294 17 25
294 17 26
294 18 27
294 19 28
294 20 29
294 21 30
294 26 31
294 28 32
294 29 33
294 31 34
294 31 35
294 32 36
294 32 37
294 32 38
294 33 39
294 34 40
294 36 41
294 36 42
294 38 43
294 38 44
294 40 45
294 41 46
294 42 47
294 42 48
294 42 49
294 42 50
294 42 51
294 43 50
294 45 52
294 46 53
294 47 54
294 48 55
294 49 56
294 50 57
294 50 58
294 51 59
294 53 60
294 53 61
294 53 62
294 54 63
294 55 64
294 56 65
294 56 66
294 57 67
294 58 68
294 58 69
294 58 70
294 59 71
294 59 72
294 60 73
294 61 65
295 0 1
295 0 2
296 0 1
296 1 2
297 0 1
297 0 2
297 1 3
297 2 4
297 4 5
297 5 6
297 5 7
297 6 8
297 6 9
297 8 10
297 9 11
297 9 12
297 10 13
297 11 14
297 11 15
297 11 16
297 12 17
297 13 18
297 14 19
297 16 17
297 16 20
297 16 21
297 17 22
297 17 23
297 18 23
297 18 24
297 19 25
297 19 26
297 19 27
297 21 22
297 21 28
297 22 23
297 22 29
297 22 30
297 24 31
297 24 32
297 24 33
297 25 34
297 26 35
297 26 36
297 28 36
297 29 37
297 31 38
297 31 39
297 32 40
297 32 41
297 33 41
297 33 42
297 34 43
297 35 44
297 35 45
297 37 46
297 38 47
297 39 48
297 40 49
297 40 50
297 41 51
297 42 52
297 43 53
297 43 54
297 43 55
297 44 56
297 44 57
297 45 57
297 45 58
297 46 58
297 46 59
297 47 60
297 48 61
297 52 62
297 52 63
297 54 64
297 56 65
297 57 66
297 59 67
297 60 68
297 61 69
297 63 70
297 63 71
297 65 72
297 67 73
297 67 74
297 68 75
297 69 76
297 69 77
298 0 1
298 0 2
298 1 3
298 2 4
298 4 5
298 5 6
298 5 7
298 5 8
298 6 9
298 7 10
298 7 11
298 8 12
298 9 13
298 10 14
298 10 15
298 11 16
298 11 17
298 12 18
298 13 19
298 13 20
298 14 21
298 14 22
298 15 23
298 15 24
298 17 22
298 17 25
298 18 26
298 19 27
298 19 28
298 21 29
298 21 30
298 22 31
298 23 32
298 23 33
298 24 34
298 25 35
298 26 36
298 28 37
298 30 38
298 32 37
298 32 39
298 33 40
298 34 41
298 34 42
298 35 43
298 36 44
298 37 45
298 40 46
298 41 47
298 41 48
298 42 49
298 42 50
298 42 51
298 43 52
298 44 53
298 44 54
298 44 55
298 44 56
298 47 57
298 47 58
298 47 59
298 48 60
298 50 61
298 51 62
298 52 63
298 53 55
298 53 64
298 53 65
298 54 66
298 55 67
298 55 68
298 56 69
298 62 66
299 0 1
299 0 2
299 0 3
299 1 4
299 1 5
299 1 6
299 2 7
299 2 8
299 2 9
299 4 10
299 5 11
299 6 12
299 6 13
299 9 14
299 10 15
299 10 16
299 11 17
299 12 18
299 13 17
299 13 19
299 15 20
299 16 21
299 17 22
299 17 23
299 18 24
299 18 25
299 19 26
299 19 27
299 20 21
299 20 28
299 21 29
299 22 30
299 22 31
299 22 32
299 24 25
299 25 33
299 25 34
299 26 35
299 26 36
299 27 37
299 27 38
299 28 39
299 28 40
299 29 41
299 31 42
299 31 43
299 32 44
299 32 45
299 32 46
299 33 47
299 33 48
299 34 49
299 35 50
299 35 51
299 35 52
299 37 53
299 38 42
299 38 54
299 38 55
299 39 56
299 39 57
299 39 58
299 40 59
299 42 54
299 42 60
299 44 61
299 44 62
299 45 61
299 45 63
299 45 64
299 46 65
299 46 66
299 47 67
299 48 68
299 49 51
299 49 69
299 49 70
299 50 71
299 51 52
299 51 72
299 52 73
299 52 74
299 53 55
299 53 75
299 53 76
299 53 77
299 54 78
299 75 76
300 0 1
301 0 1
301 0 2
301 0 3
301 2 4
301 4 5
301 5 6
301 6 7
302 0 1
302 0 2
302 0 3
302 1 4
302 1 5
302 2 6
302 2 7
302 3 8
302 4 9
302 4 10
302 6 11
302 7 12
302 7 13
302 8 14
302 9 15
302 11 16
302 11 17
302 12 18
302 12 19
302 13 20
302 13 21
302 15 22
302 15 23
302 16 24
302 16 25
302 16 26
302 17 27
302 17 28
302 18 29
302 18 30
302 19 31
302 19 32
302 19 33
302 20 34
302 20 35
302 21 30
302 21 36
302 23 37
302 23 38
302 24 39
302 26 40
302 27 41
302 28 42
302 28 43
302 28 44
302 30 45
302 31 46
302 32 38
302 33 47
302 34 48
302 39 49
302 39 50
302 41 50
302 41 51
302 42 52
302 44 53
302 44 54
302 44 55
302 45 56
302 46 57
302 47 58
302 49 59
302 49 60
302 49 61
302 50 62
302 51 63
302 51 64
302 52 65
302 55 66
302 56 67
302 57 68
302 58 69
302 59 70
302 60 71
302 60 72
302 62 73
302 64 74
302 65 75
302 66 76
302 67 77
302 70 71
303 0 1
303 1 2
303 1 3
303 2 4
303 3 5
303 3 6
303 4 7
303 5 7
303 6 8
303 7 9
303 8 10
303 9 11
303 10 12
303 11 13
303 11 14
303 12 15
303 12 16
303 12 17
303 12 18
303 12 19
303 13 20
303 17 21
303 18 22
303 19 23
303 20 24
303 20 25
303 20 26
303 21 27
303 22 28
303 23 29
303 24 30
303 26 31
303 27 32
303 28 33
303 28 34
303 29 35
303 31 36
303 32 37
303 34 38
303 34 39
303 35 40
303 37 41
303 39 42
303 40 43
303 40 44
303 43 45
303 44 46
303 44 47
303 45 48
303 45 49
303 47 50
303 48 51
303 49 52
303 49 53
303 50 54
303 50 55
303 51 56
303 52 57
303 53 58
303 53 59
303 55 60
303 55 61
303 56 62
303 57 63
303 57 64
303 59 65
303 61 66
303 62 67
303 62 68
303 64 69
303 65 70
303 66 71
303 67 72
303 67 73
303 67 74
303 68 75
303 69 76
303 70 77
304 0 1
304 0 2
305 0 1
305 1 2
305 2 3
305 2 4
305 2 5
305 2 6
305 3 7
305 7 8
305 8 9
305 9 10
305 9 11
305 10 12
305 11 13
305 11 14
305 12 15
305 13 16
305 13 17
305 13 18
305 14 19
305 14 20
305 15 21
305 16 22
305 16 23
305 16 24
305 17 25
305 17 26
305 18 27
305 19 22
305 19 28
305 19 29
305 20 30
305 21 31
305 21 32
305 24 33
305 24 34
305 24 35
305 25 36
305 26 37
305 26 38
305 26 39
305 27 40
305 27 41
305 30 42
305 31 43
305 31 44
305 31 45
305 32 46
305 34 36
305 34 47
305 36 48
305 38 49
305 40 50
305 42 51
305 43 52
305 43 53
305 44 54
305 44 55
305 45 54
305 45 56
305 46 57
305 47 58
305 47 59
305 48 49
305 48 60
305 49 61
305 51 62
305 52 63
305 52 64
305 53 65
305 54 66
305 55 67
305 56 68
305 63 64
306 0 1
306 0 2
306 1 3
306 2 4
306 2 5
306 3 6
306 4 7
306 7 8
306 7 9
306 7 10
306 9 11
306 9 12
306 9 13
306 10 14
306 10 15
306 12 14
306 12 16
306 12 17
306 13 18
306 14 19
306 16 20
306 17 21
306 17 22
306 17 23
306 19 24
306 20 25
306 22 26
306 23 27
306 24 28
306 25 29
306 26 30
306 26 31
306 27 32
306 27 33
306 28 34
306 29 35
306 29 36
306 29 37
306 31 38
306 32 39
306 33 40
306 33 41
306 35 42
306 35 43
306 37 44
306 37 45
306 38 46
306 42 47
306 44 48
306 45 47
306 45 49
306 45 50
306 45 51
306 45 52
306 47 53
306 47 54
306 48 55
306 49 56
306 50 57
306 51 58
306 52 59
306 53 60
306 53 61
306 53 62
306 54 63
306 55 64
306 55 65
306 55 66
306 56 67
306 57 68
306 57 69
306 58 70
306 58 71
306 59 72
306 66 69
307 0 1
308 0 1
308 0 2
308 0 3
308 0 4
308 1 4
308 1 5
308 2 6
308 2 7
308 3 8
308 4 9
308 4 10
308 5 11
308 6 12
308 6 13
308 7 8
308 8 14
308 8 15
308 8 16
308 9 17
308 9 18
308 10 19
308 10 20
308 11 16
308 11 21
308 11 22
308 12 23
308 12 24
308 13 25
308 13 26
308 14 16
308 15 27
308 15 28
308 18 24
308 18 29
308 18 30
308 19 20
308 19 31
308 19 32
308 20 33
308 21 34
308 21 35
308 21 36
308 23 37
308 23 38
308 24 39
308 24 40
308 26 41
308 26 42
308 26 43
308 28 44
308 28 45
308 28 46
308 29 47
308 29 48
308 29 49
308 31 50
308 31 51
308 31 52
308 32 53
308 32 54
308 33 36
308 33 51
308 34 55
308 34 56
308 35 57
308 37 58
308 37 59
308 40 58
308 41 42
308 41 46
308 44 46
308 53 54
308 56 57
309 0 1
309 0 2
309 0 3
309 1 4
309 2 5
309 3 6
309 4 7
309 5 8
309 5 9
309 5 10
309 6 11
309 7 12
309 8 13
309 8 14
309 9 15
309 9 16
309 10 17
309 11 18
309 12 16
309 12 19
309 13 20
309 13 21
309 14 22
309 14 23
309 15 24
309 16 25
309 17 26
309 17 27
309 18 27
309 19 28
309 19 29
309 20 30
309 21 31
309 22 32
309 23 33
309 23 34
309 26 27
309 26 35
309 26 36
309 27 37
309 28 38
309 29 39
309 30 40
309 30 41
309 30 42
309 31 43
309 32 44
309 32 45
309 33 46
309 34 47
309 35 48
309 36 44
309 36 49
309 37 50
309 38 51
309 38 52
309 39 53
309 40 42
309 40 54
309 42 43
309 42 55
309 43 56
309 45 57
309 47 58
309 49 59
309 49 60
309 50 61
309 50 62
309 51 63
309 51 64
309 52 65
309 53 66
309 55 67
309 56 68
309 56 69
309 57 70
309 57 71
310 0 1
310 1 2
310 1 3
310 2 4
310 2 5
310 3 6
310 3 7
310 3 8
310 4 7
310 4 9
310 4 10
310 5 11
310 6 12
310 7 13
310 7 14
310 9 15
310 10 16
310 10 17
310 10 18
310 11 19
310 12 20
310 12 21
310 13 22
310 15 23
310 16 24
310 17 25
310 19 26
310 21 27
310 23 28
310 24 29
310 24 30
310 25 31
310 25 32
310 27 33
310 28 34
310 28 35
310 28 36
310 29 37
310 29 38
310 30 39
310 32 40
310 33 41
310 35 42
310 35 43
310 36 44
310 36 45
310 40 46
310 42 47
310 42 48
310 42 49
310 42 50
310 42 51
310 43 52
310 45 48
310 47 53
310 48 54
310 48 55
310 49 56
310 50 57
310 51 58
310 52 59
310 53 60
310 53 61
310 54 62
310 54 63
310 54 64
310 55 65
310 56 66
310 57 67
310 57 68
310 58 69
310 59 70
310 59 71
310 59 72
310 60 73
310 62 74
310 63 75
310 63 76
310 64 76
310 64 77
310 65 78
310 66 79
310 68 71
311 0 1
311 0 2
311 1 3
311 2 4
311 3 5
311 3 6
311 4 7
311 5 8
311 6 9
311 6 10
311 7 11
311 9 12
311 9 13
311 10 14
311 10 15
311 10 16
311 11 17
311 11 18
311 13 19
311 14 20
311 15 21
311 15 22
311 17 23
311 17 24
311 17 25
311 18 26
311 18 27
311 21 28
311 21 29
311 25 30
311 26 30
311 26 31
311 26 32
311 27 33
311 27 34
311 28 35
311 30 36
311 30 37
311 31 38
311 32 39
311 32 40
311 33 41
311 34 42
311 35 43
311 36 44
311 36 45
311 36 46
311 38 47
311 38 48
311 39 49
311 40 50
311 40 51
311 40 52
311 41 53
311 42 54
311 43 55
311 45 49
311 45 56
311 48 57
311 49 58
311 52 59
311 53 60
311 54 61
311 55 62
311 56 63
311 56 64
311 58 59
311 58 65
311 59 66
311 60 67
311 60 68
311 61 69
311 61 70
311 61 71
311 61 72
311 62 73
312 0 1
312 0 2
312 1 3
312 2 4
312 2 5
312 2 6
312 3 7
312 5 8
312 6 9
312 8 10
312 8 11
312 10 12
312 10 13
312 10 14
312 11 15
312 12 16
312 12 17
312 14 18
312 15 17
312 15 19
312 15 20
312 16 21
312 16 22
312 17 23
312 17 24
312 18 25
312 18 26
312 18 27
312 19 28
312 19 29
312 20 30
312 21 31
312 21 32
312 22 33
312 23 34
312 25 35
312 26 36
312 26 37
312 27 38
312 30 39
312 30 40
312 31 41
312 31 42
312 31 43
312 32 44
312 32 45
312 33 46
312 34 47
312 35 46
312 35 48
312 37 49
312 37 50
312 38 51
312 41 47
312 41 52
312 42 52
312 42 53
312 42 54
312 44 55
312 44 56
312 45 53
312 45 57
312 47 58
312 49 59
312 49 60
312 51 61
312 52 62
312 53 54
312 54 63
312 54 64
312 55 65
312 55 66
312 56 67
312 56 68
312 57 63
312 58 69
312 58 70
312 59 71
312 61 72
312 61 73
312 61 74
312 62 64
312 62 70
312 63 64
312 64 75
312 65 76
312 66 77
312 67 78
312 68 79
312 68 80
312 69 81
312 70 82
312 70 83
312 70 84
312 75 82
312 81 83
313 0 1
313 0 2
313 2 3
313 2 4
313 2 5
313 3 6
313 4 7
313 4 8
313 4 9
313 5 10
313 5 11
313 6 12
313 7 13
313 7 14
313 8 15
313 8 16
313 9 16
313 9 17
313 10 13
313 11 18
313 11 19
313 11 20
313 13 21
313 15 22
313 16 23
313 17 24
313 17 25
313 17 26
313 18 27
313 19 28
313 19 29
313 20 30
313 21 31
313 22 24
313 22 32
313 22 33
313 24 34
313 24 35
313 25 36
313 25 37
313 25 38
313 26 36
313 26 39
313 26 40
313 26 41
313 27 42
313 28 43
313 30 44
313 32 35
313 32 45
313 33 46
313 33 47
313 34 48
313 34 49
313 34 50
313 35 51
313 36 52
313 37 53
313 37 54
313 38 54
313 38 55
313 39 49
313 40 56
313 41 57
313 42 58
313 43 59
313 43 60
313 44 61
313 45 62
313 47 63
313 47 64
313 48 65
313 50 51
314 0 1
314 0 2
314 1 3
314 2 4
314 2 5
314 2 6
314 2 7
314 2 8
314 3 9
314 4 10
314 4 11
314 4 12
314 5 13
314 6 14
314 6 15
314 7 16
314 8 17
314 10 18
314 10 19
314 10 20
314 11 21
314 12 22
314 13 23
314 13 24
314 14 25
314 15 22
314 15 26
314 15 27
314 16 28
314 17 29
314 17 30
314 18 31
314 18 32
314 19 32
314 19 33
314 20 34
314 21 35
314 22 36
314 23 37
314 25 38
314 26 39
314 28 40
314 30 41
314 31 42
314 37 38
314 38 43
314 38 44
314 39 45
314 40 46
314 43 47
314 43 48
314 44 49
314 44 50
314 44 51
314 44 52
314 45 53
314 46 54
314 46 55
314 47 56
314 48 57
314 48 58
314 49 59
314 50 60
314 51 61
314 52 62
314 53 63
314 53 64
314 53 65
314 54 66
314 55 67
314 55 68
314 56 69
314 57 70
314 58 70
314 58 71
314 59 72
314 60 73
314 60 74
314 61 75
314 61 76
314 62 77
314 63 78
314 63 79
314 64 80
314 64 81
314 70 73
315 0 1
315 0 2
315 1 3
315 2 4
315 2 5
315 3 6
315 3 7
315 5 8
315 6 9
315 6 10
315 7 11
315 8 12
315 9 13
315 10 14
315 10 15
315 12 16
315 13 17
315 15 18
315 15 19
315 17 20
315 18 21
315 19 22
315 19 23
315 20 24
315 20 25
315 20 26
315 22 27
315 22 28
315 23 29
315 27 30
315 28 31
315 28 32
315 30 33
315 32 34
315 34 35
315 35 36
315 36 37
316 0 1
316 0 2
316 1 3
316 2 4
316 2 5
316 2 6
316 3 7
316 3 8
316 4 6
316 4 9
316 4 10
316 6 7
316 6 11
316 6 12
316 7 13
316 7 14
316 8 15
316 8 16
316 9 11
316 9 17
316 9 18
316 10 17
316 10 19
316 10 20
316 11 21
316 11 22
316 12 14
316 12 21
316 12 23
316 14 24
316 14 25
316 15 26
316 15 27
316 15 28
316 16 19
316 16 29
316 17 30
316 17 31
316 18 22
316 18 31
316 18 32
316 19 29
316 20 28
316 20 30
316 20 33
316 21 34
316 22 34
316 22 35
316 26 36
316 26 37
316 27 38
316 28 29
316 29 39
316 30 40
316 30 41
316 31 32
316 31 40
316 31 42
316 31 43
316 32 44
316 32 45
316 33 46
316 33 47
316 34 48
316 35 49
316 35 50
316 35 51
316 37 52
316 38 53
316 39 47
316 40 54
316 41 55
316 42 56
316 43 57
316 43 58
316 43 59
316 46 60
316 50 61
316 50 62
316 50 63
316 51 62
316 51 64
316 52 65
316 53 66
316 53 67
316 54 56
316 55 68
316 56 69
316 57 70
316 58 61
316 58 63
316 59 63
316 59 71
316 60 68
316 60 72
316 66 72
316 69 70
317 0 1
317 0 2
317 1 3
317 1 4
317 2 5
317 4 6
317 5 7
317 5 8
317 5 9
317 6 10
317 6 11
317 6 12
317 6 13
317 6 14
317 7 15
317 7 16
317 8 17
317 8 18
317 8 19
317 8 20
317 9 21
317 10 22
317 11 23
317 12 24
317 12 25
317 12 26
317 13 21
317 13 27
317 14 28
317 15 29
317 16 30
317 16 31
317 17 32
317 18 33
317 19 34
317 20 35
317 22 36
317 22 37
317 23 38
317 24 39
317 25 40
317 25 41
317 25 42
317 26 43
317 27 43
317 27 44
317 27 45
317 28 46
317 29 47
317 30 48
317 30 49
317 31 49
317 32 50
317 32 51
317 33 52
317 34 53
317 34 54
317 35 55
317 36 56
317 38 57
317 39 58
317 40 59
317 40 60
317 41 59
317 41 61
317 42 62
317 43 63
317 44 64
317 46 65
317 49 51
317 49 66
317 50 67
317 50 68
317 50 69
318 0 1
318 1 2
318 2 3
318 3 4
319 0 1
319 0 2
319 0 3
319 0 4
319 1 5
319 2 6
319 2 7
319 3 8
319 3 9
319 5 10
319 6 11
319 6 12
319 8 13
319 8 14
319 8 15
319 10 16
319 10 17
319 12 18
319 12 19
319 13 20
319 13 21
319 13 22
319 14 23
319 14 24
319 16 25
319 17 26
319 19 27
319 19 28
319 20 29
319 21 30
319 21 31
319 22 23
319 22 32
319 22 33
319 23 28
319 23 34
319 24 28
319 24 35
319 25 36
319 25 37
319 26 38
319 26 39
319 28 40
319 30 41
319 31 42
319 32 43
319 33 44
319 33 45
319 34 46
319 34 47
319 34 48
319 35 49
319 37 50
319 39 51
319 39 52
319 39 53
319 40 54
319 41 55
319 42 56
319 43 57
319 44 46
319 45 58
319 46 59
319 46 60
319 46 61
319 47 61
319 47 62
319 47 63
319 48 64
319 48 65
319 49 66
319 51 67
319 52 68
319 53 69
319 53 70
319 54 64
319 54 65
319 55 57
319 55 71
319 56 72
319 58 73
319 59 74
319 60 75
319 61 76
319 62 77
319 62 78
319 63 78
319 63 79
319 65 70
320 0 1
320 0 2
320 0 3
320 0 4
320 1 5
320 2 6
320 2 7
320 3 8
320 4 9
320 5 10
320 5 11
320 6 12
320 6 13
320 7 14
320 7 15
320 8 16
320 8 17
320 8 18
320 9 19
320 9 20
320 9 21
320 9 22
320 10 23
320 11 24
320 12 25
320 12 26
320 13 27
320 15 28
320 16 29
320 17 22
320 18 30
320 18 31
320 18 32
320 19 33
320 20 34
320 20 35
320 20 36
320 21 37
320 22 34
320 23 38
320 24 39
320 25 38
320 25 40
320 26 41
320 27 42
320 28 33
320 28 43
320 29 44
320 30 45
320 30 46
320 30 47
320 31 48
320 32 49
320 34 50
320 34 51
320 35 52
320 35 53
320 36 54
320 36 55
320 36 56
320 37 55
320 37 57
320 39 58
320 41 59
320 42 60
320 42 61
320 42 62
320 43 63
320 44 64
320 45 65
320 46 66
320 47 67
320 48 68
320 49 69
320 50 70
320 50 71
320 51 71
320 51 72
320 52 73
320 52 74
320 53 73
320 53 75
320 53 76
320 54 77
320 54 78
320 55 79
320 55 80
320 56 78
320 56 81
320 56 82
320 57 83
320 58 65
320 59 84
320 59 85
320 61 86
320 63 83
320 64 87
320 66 88
320 67 89
320 68 90
320 69 91
320 70 92
320 71 93
320 73 82
320 77 79
321 0 1
321 0 2
321 2 3
321 3 4
321 4 5
321 4 6
321 4 7
321 5 8
321 8 9
321 9 10
321 10 11
321 11 12
321 12 13
321 13 14
321 13 15
321 13 16
321 14 17
321 16 18
321 16 19
321 19 20
321 19 21
321 19 22
321 20 23
321 21 24
321 22 25
321 23 26
321 24 27
321 24 28
321 25 29
321 27 30
321 28 31
321 29 32
321 30 33
321 31 34
321 32 35
321 32 36
321 33 37
321 34 38
321 34 39
321 36 40
321 36 41
321 38 42
321 38 43
321 39 44
321 40 45
321 41 46
321 41 47
321 43 48
321 43 49
321 44 50
321 45 51
321 45 52
321 46 53
321 47 54
321 48 55
321 50 56
321 51 57
321 53 58
321 53 59
321 54 60
321 55 61
321 56 62
321 57 63
321 58 64
321 59 65
321 59 66
321 60 67
321 62 68
321 63 69
321 63 70
321 64 71
321 65 72
321 67 73
321 67 74
321 68 75
321 69 76
321 71 77
321 72 78
321 72 79
321 73 80
321 74 81
321 74 82
321 74 83
321 75 84
321 75 85
321 76 86
321 77 87
321 78 88
321 78 89
321 83 90
322 0 1
322 0 2
322 0 3
322 0 4
322 3 5
322 3 6
322 5 7
322 6 8
322 7 9
322 8 10
322 9 11
322 9 12
322 10 13
322 11 14
322 12 15
322 13 16
322 14 17
322 15 18
322 15 19
322 16 20
322 16 21
322 17 22
322 18 23
322 18 24
322 19 25
322 19 26
322 19 27
322 19 28
322 23 29
322 23 30
322 24 31
322 25 32
322 25 33
322 28 34
322 28 35
322 28 36
322 29 37
322 30 38
322 30 39
322 31 40
322 35 41
322 35 42
322 36 43
322 36 44
322 37 45
322 40 46
322 41 43
322 41 47
322 43 48
322 43 49
322 45 50
322 45 51
322 46 52
322 47 53
322 48 54
322 48 55
322 48 56
322 49 57
322 49 58
322 50 59
322 52 60
322 53 61
322 55 62
322 57 62
322 57 63
322 58 64
322 59 65
322 61 66
322 62 67
323 0 1
323 0 2
323 0 3
323 2 4
323 2 5
323 3 6
323 3 7
323 4 8
323 5 9
323 5 10
323 6 11
323 6 12
323 7 13
323 8 14
323 9 15
323 9 16
323 9 17
323 10 18
323 10 19
323 11 20
323 12 21
323 13 22
323 14 23
323 15 24
323 15 25
323 16 26
323 18 27
323 18 28
323 19 24
323 19 29
323 20 30
323 22 23
323 22 31
323 23 32
323 24 33
323 25 29
323 25 34
323 26 35
323 27 29
323 27 36
323 28 37
323 32 38
323 32 39
323 34 40
323 35 41
323 36 42
323 37 43
323 38 44
323 38 45
323 39 46
323 40 47
323 40 48
323 41 49
323 42 50
323 42 51
323 43 52
323 43 53
323 44 54
323 45 55
323 45 56
323 45 57
323 46 58
323 46 59
323 46 60
323 47 61
323 47 62
323 47 63
323 48 64
323 48 65
323 49 66
323 49 67
323 50 63
323 50 68
324 0 1
324 1 2
324 1 3
324 1 4
324 3 5
324 4 6
324 4 7
325 0 1
325 1 2
325 2 3
325 2 4
325 3 5
325 5 6
325 5 7
325 6 8
325 7 9
325 8 10
325 8 11
325 9 12
325 10 13
325 12 14
325 13 15
325 13 16
325 13 17
325 14 18
325 14 19
325 15 20
325 16 21
325 17 17
325 17 22
325 18 23
325 19 24
325 19 25
325 19 26
325 20 27
325 20 28
325 21 29
325 22 30
325 23 31
325 23 32
325 23 33
325 25 26
325 25 34
325 25 35
325 26 36
325 27 37
325 27 38
325 28 39
325 29 40
325 30 41
325 31 42
325 32 43
325 33 44
325 35 45
325 35 46
325 37 47
325 39 48
325 40 49
325 44 50
325 45 51
325 45 52
325 46 53
325 48 54
325 49 55
325 52 56
325 53 57
325 54 58
325 55 59
325 55 60
325 55 61
325 56 62
325 56 63
325 57 64
325 57 65
325 58 66
325 58 67
325 58 68
325 58 69
325 59 70
325 60 71
325 63 72
325 64 73
326 0 1
326 0 2
326 0 3
326 0 4
326 1 4
326 1 5
326 2 6
326 3 7
326 3 8
326 4 9
326 5 8
326 5 10
326 5 11
326 6 12
326 7 9
326 7 13
326 7 14
326 8 12
326 8 15
326 9 16
326 10 15
326 10 17
326 10 18
326 11 18
326 11 19
326 11 20
326 12 21
326 13 22
326 13 23
326 14 24
326 15 25
326 15 26
326 16 27
326 16 28
326 17 26
326 17 29
326 17 30
326 17 31
326 17 32
326 18 30
326 18 33
326 19 20
326 19 34
326 19 35
326 20 28
326 20 33
326 20 36
326 21 37
326 23 38
326 24 39
326 25 40
326 26 41
326 27 34
326 28 42
326 28 43
326 29 44
326 30 32
326 30 45
326 31 46
326 31 47
326 31 48
326 32 49
326 32 50
326 33 45
326 33 51
326 36 43
326 36 51
326 36 52
326 37 53
326 37 54
326 37 55
326 37 56
326 38 57
326 39 58
326 39 59
326 40 53
326 41 44
326 43 60
326 43 61
326 44 62
326 45 63
326 45 64
326 46 65
326 46 66
326 47 66
326 47 67
326 48 68
326 51 64
326 53 69
326 54 70
326 54 71
326 55 58
326 55 72
326 56 71
326 57 73
326 57 74
326 57 75
326 59 76
326 59 77
326 62 68
326 62 69
326 63 78
326 69 70
327 0 1
327 0 2
327 0 3
327 1 4
327 3 5
327 3 6
327 4 7
327 4 8
327 5 9
327 5 10
327 6 11
327 6 12
327 6 13
327 7 14
327 7 15
327 8 16
327 9 17
327 9 18
327 10 19
327 11 20
327 11 21
327 11 22
327 14 23
327 15 24
327 16 25
327 16 26
327 16 27
327 17 28
327 17 29
327 18 30
327 19 21
327 19 31
327 20 32
327 21 33
327 21 34
327 24 26
327 24 35
327 25 26
327 25 36
327 26 37
327 28 31
327 29 38
327 29 39
327 31 40
327 31 41
327 32 42
327 32 43
327 32 44
327 33 45
327 34 42
327 34 46
327 35 47
327 36 48
327 38 49
327 42 50
327 45 51
327 45 52
327 46 53
327 46 54
327 48 55
327 49 56
327 50 57
327 52 58
327 53 59
327 54 60
327 55 61
327 55 62
327 56 63
327 57 64
327 59 65
327 60 66
327 62 67
327 62 68
327 63 69
327 63 70
327 64 71
327 65 72
327 66 73
327 68 74
327 68 75
327 69 76
327 69 77
327 70 78
327 70 79
327 71 80
327 72 81
327 72 82
327 73 83
328 0 1
328 0 2
328 2 3
328 2 4
328 3 5
328 5 6
328 5 7
328 6 8
328 6 9
328 7 10
328 7 11
328 7 12
328 7 13
328 8 10
328 8 14
328 8 15
328 9 16
328 9 17
328 11 18
328 12 13
328 12 19
328 12 20
328 13 21
328 13 22
328 15 23
328 15 24
328 17 25
328 18 26
328 20 27
328 23 28
328 23 29
328 24 30
328 25 31
328 25 32
328 25 33
328 26 34
328 28 35
328 29 36
328 29 37
328 30 38
328 30 39
328 30 40
328 31 41
328 34 42
328 35 43
328 36 44
328 36 45
328 37 46
328 38 46
328 38 47
328 39 48
328 42 49
328 44 50
328 46 51
328 47 52
328 49 53
328 49 54
328 49 55
328 50 56
328 50 57
328 51 58
328 51 59
328 51 60
328 52 61
328 52 62
328 53 63
328 54 61
328 54 64
328 55 65
328 56 66
328 57 67
328 59 68
328 59 69
328 59 70
328 60 71
328 61 72
328 62 73
328 62 74
328 63 75
328 64 76
328 64 77
328 65 78
328 67 79
328 67 80
328 70 81
328 71 82
329 0 1
329 0 2
329 1 3
329 3 4
329 3 5
329 4 6
329 4 7
329 5 8
329 5 9
329 5 10
329 6 11
329 7 12
329 7 13
329 8 14
329 9 15
329 9 16
329 10 17
329 10 18
329 11 18
329 12 19
329 14 20
329 15 21
329 17 22
329 17 23
329 20 24
329 21 25
329 21 26
329 22 27
329 25 28
329 26 27
329 26 29
329 26 30
329 28 31
329 29 32
329 29 33
329 31 34
329 32 35
329 33 36
329 34 37
329 34 38
329 34 39
329 36 40
329 36 41
329 37 42
329 37 43
329 38 44
329 39 45
329 39 46
329 40 47
329 42 48
329 44 49
329 45 50
329 45 51
329 45 52
329 46 53
329 47 54
329 48 55
329 48 56
329 49 57
329 50 58
329 50 59
329 50 60
329 51 61
329 52 62
329 53 58
329 53 63
329 54 64
329 54 65
329 55 66
329 56 67
329 58 68
329 59 69
329 59 70
329 60 70
329 60 71
329 61 72
329 63 73
329 66 74
329 67 75
329 67 76
329 69 77
329 70 78
329 71 79
329 71 80
329 71 81
329 74 82
329 74 83
329 77 79
330 0 1
330 0 2
330 0 3
330 1 4
330 1 5
330 2 6
330 2 7
330 2 8
330 4 9
330 5 8
330 5 9
330 5 10
330 7 11
330 7 12
330 9 13
330 9 14
330 10 14
330 10 15
330 10 16
330 12 15
330 12 17
330 13 18
330 14 19
330 15 20
330 16 21
330 16 22
330 16 23
330 18 24
330 20 25
330 21 26
330 21 27
330 21 28
330 22 29
330 23 30
330 24 31
330 24 32
330 25 33
330 27 34
330 28 35
330 29 36
330 30 37
330 31 38
330 32 39
330 32 40
330 33 41
330 34 42
330 34 43
330 34 44
330 36 45
330 36 46
330 36 47
330 37 41
330 38 48
330 38 49
330 39 50
330 40 51
330 41 52
330 41 53
330 42 54
330 44 55
330 45 56
330 46 57
330 46 58
330 47 59
330 47 60
330 48 61
330 49 62
330 49 63
330 50 64
330 51 65
330 52 66
330 53 67
330 53 68
330 53 69
330 54 70
330 54 71
330 55 72
330 56 73
330 56 74
330 57 75
330 57 76
330 58 77
330 58 78
330 59 75
331 0 1
331 0 2
331 1 3
331 1 4
331 2 5
331 4 6
331 5 7
331 6 8
331 8 9
331 8 10
331 9 11
331 9 12
331 10 13
331 11 14
331 12 15
331 12 16
331 14 17
331 15 18
331 15 19
331 17 20
331 18 21
331 19 22
331 19 23
331 20 24
331 20 25
331 20 26
331 22 27
331 23 28
331 23 29
331 28 30
331 28 31
331 29 32
331 30 33
331 32 34
331 33 35
331 35 36
331 36 37
332 0 1
332 0 2
332 1 3
332 1 4
332 2 5
332 2 6
332 3 7
332 3 8
332 4 9
332 4 10
332 5 11
332 5 12
332 5 13
332 6 14
332 6 15
332 6 16
332 7 17
332 8 18
332 9 19
332 9 20
332 10 21
332 10 22
332 11 23
332 11 24
332 12 25
332 12 26
332 14 27
332 15 28
332 16 27
332 16 29
332 16 30
332 17 31
332 19 32
332 21 33
332 22 34
332 23 35
332 24 36
332 25 37
332 25 38
332 25 39
332 27 40
332 28 41
332 30 42
332 30 43
332 32 44
332 32 45
332 33 46
332 34 47
332 35 48
332 35 49
332 36 46
332 36 50
332 37 41
332 39 49
332 40 43
332 41 51
332 42 52
332 42 53
332 42 54
332 43 55
332 44 56
332 45 57
332 46 58
332 47 59
332 48 60
332 50 61
332 50 62
332 51 63
332 51 64
332 52 65
332 53 66
332 54 67
332 55 68
332 56 69
332 57 70
332 58 71
332 58 72
332 59 73
332 60 74
332 61 75
332 61 76
332 61 77
332 62 78
333 0 1
333 0 2
333 0 3
333 0 4
333 1 3
333 1 5
333 1 6
333 2 7
333 3 8
333 3 9
333 4 10
333 4 11
333 6 12
333 6 13
333 7 14
333 8 15
333 8 16
333 8 17
333 9 13
333 9 18
333 9 19
333 11 20
333 11 21
333 12 13
333 12 22
333 12 23
333 14 24
333 14 25
333 15 26
333 16 27
333 17 28
333 18 29
333 18 30
333 20 31
333 20 32
333 21 33
333 21 34
333 22 35
333 22 36
333 23 37
333 24 38
333 24 39
333 25 40
333 25 41
333 26 42
333 26 43
333 26 44
333 27 45
333 27 46
333 27 47
333 28 48
333 29 49
333 29 50
333 30 48
333 30 51
333 31 52
333 31 53
333 31 54
333 32 55
333 32 56
333 33 57
333 33 58
333 33 59
333 34 36
333 36 59
333 36 60
333 36 61
333 37 62
333 39 63
333 40 64
333 40 65
333 42 66
333 43 67
333 44 68
333 44 69
333 45 46
333 45 56
333 47 70
333 47 71
333 48 72
333 48 73
333 49 74
333 49 75
333 50 76
333 50 77
333 51 73
333 51 78
333 51 79
333 52 80
333 52 81
333 52 82
333 53 83
333 55 83
333 55 84
333 55 85
333 57 58
333 57 86
333 58 82
333 58 87
333 60 61
333 61 88
333 66 71
333 86 88
334 0 1
334 0 2
334 0 3
334 2 4
334 2 5
334 3 4
334 3 6
334 4 7
334 4 8
334 5 9
334 6 10
334 6 11
334 7 12
334 7 13
334 8 14
334 8 15
334 9 16
334 9 17
334 12 18
334 13 19
334 14 20
334 15 21
334 15 22
334 17 23
334 17 24
334 18 25
334 19 26
334 20 27
334 21 22
334 21 28
334 21 29
334 22 30
334 22 31
334 22 32
334 23 33
334 25 34
334 26 35
334 27 36
334 28 37
334 29 31
334 29 38
334 29 39
334 30 40
334 31 41
334 33 42
334 34 43
334 35 44
334 35 45
334 36 37
334 36 46
334 37 39
334 39 47
334 39 48
334 40 49
334 41 50
334 42 51
334 42 52
334 43 53
334 43 54
334 44 55
334 45 56
334 45 57
334 46 58
334 46 59
334 47 60
334 49 61
334 49 62
334 50 63
334 51 64
334 51 65
334 51 66
334 60 63
335 0 1
335 1 2
335 1 3
335 2 4
335 3 5
335 3 6
335 4 7
335 4 8
335 5 9
335 5 10
335 5 11
335 6 12
335 7 13
335 9 11
335 9 14
335 11 15
335 11 16
335 12 17
335 13 18
335 15 19
335 15 20
335 17 21
335 17 22
335 19 23
335 20 24
335 22 25
335 23 26
335 23 27
335 23 28
335 24 29
335 25 30
335 25 31
335 26 32
335 27 33
335 28 34
335 29 35
335 30 36
335 31 37
335 32 38
335 35 39
335 35 40
335 37 41
335 37 42
335 39 43
335 40 44
335 41 45
335 41 46
335 42 47
335 43 48
335 43 49
335 44 50
335 44 51
335 46 52
335 47 53
335 48 54
335 51 55
335 52 56
335 53 57
335 54 58
335 54 59
335 54 60
335 57 61
335 58 62
335 59 59
335 59 63
335 60 64
335 61 65
335 61 66
335 61 67
335 61 68
335 61 69
335 62 70
335 62 71
335 63 72
336 0 1
336 0 2
336 1 3
336 3 4
337 0 1
337 0 2
337 1 3
337 2 4
337 2 5
337 2 6
337 3 7
337 4 8
337 4 9
337 4 10
337 5 11
337 6 12
337 7 13
337 8 14
337 8 15
337 8 16
337 9 17
337 10 18
337 11 19
337 12 20
337 13 21
337 14 22
337 15 23
337 16 24
337 17 25
337 18 26
337 19 27
337 20 28
337 21 29
337 22 30
337 23 31
337 23 32
337 24 33
337 24 34
337 24 35
337 25 36
337 26 37
337 27 38
337 27 39
337 27 40
337 28 40
337 28 41
337 29 35
337 29 42
337 30 43
337 31 34
337 31 44
337 31 45
337 31 46
337 32 46
337 32 47
337 32 48
337 33 49
337 33 50
337 36 51
337 37 52
337 38 53
337 38 54
337 38 55
337 39 56
337 40 57
337 40 58
337 41 59
337 41 60
337 42 61
337 43 62
337 44 63
337 45 64
337 46 65
337 46 66
338 0 1
338 0 2
338 0 3
338 1 4
338 1 5
338 2 6
338 2 7
338 3 8
338 4 9
338 4 10
338 4 11
338 7 12
338 10 13
338 11 14
338 12 15
338 15 16
338 16 17
339 0 1
339 1 2
339 2 3
339 3 4
340 0 1
340 1 2
340 1 3
340 2 4
340 2 5
340 4 6
340 6 7
340 7 8
340 7 9
340 9 10
340 9 11
340 10 12
340 11 13
340 11 14
340 12 15
340 13 16
340 14 17
340 14 18
340 14 19
340 15 20
340 15 21
340 15 22
340 15 23
340 16 24
340 17 25
340 17 26
340 17 27
340 18 28
340 20 29
340 21 30
340 21 31
340 21 32
340 22 33
340 23 34
340 24 35
340 24 36
340 25 37
340 25 38
340 25 39
340 25 40
340 26 37
340 26 41
340 26 42
340 28 43
340 29 44
340 29 45
340 30 46
340 30 47
340 31 48
340 32 49
340 33 50
340 33 51
340 34 52
340 35 41
340 35 53
340 36 54
340 36 55
340 36 56
340 38 57
340 38 58
340 38 59
340 40 60
340 41 59
340 42 44
340 53 59
341 0 1
341 0 2
341 0 3
341 1 4
341 1 5
341 1 6
341 2 7
341 3 8
341 3 9
341 4 10
341 4 11
341 5 12
341 5 13
341 6 14
341 7 15
341 8 16
341 8 17
341 9 18
341 10 19
341 12 18
341 13 20
341 13 21
341 14 22
341 16 23
341 19 24
341 19 25
341 21 26
341 22 27
341 24 28
341 25 26
341 25 29
341 25 30
341 28 31
341 30 32
341 30 33
341 31 34
341 32 35
341 33 36
341 34 37
341 34 38
341 34 39
341 36 40
341 36 41
341 37 42
341 37 43
341 38 44
341 38 45
341 39 46
341 41 47
341 42 48
341 43 49
341 43 50
341 43 51
341 45 52
341 46 53
341 47 54
341 48 55
341 48 56
341 49 57
341 50 56
341 50 58
341 50 59
341 51 60
341 52 61
341 52 62
341 53 63
341 54 64
341 54 65
342 0 1
342 0 2
342 1 3
342 2 4
342 3 5
342 4 6
342 4 7
342 4 8
342 4 9
342 4 10
342 5 11
342 5 12
342 7 13
342 8 14
342 9 15
342 11 16
342 11 17
342 12 18
342 13 19
342 14 20
342 15 21
342 17 22
342 18 23
342 18 24
342 19 25
342 20 26
342 20 27
342 21 28
342 22 29
342 22 30
342 23 31
342 23 32
342 24 33
342 25 34
342 25 35
342 27 36
342 27 37
342 28 38
342 29 39
342 29 40
342 31 41
342 31 42
342 32 43
342 33 44
342 34 45
342 35 46
342 35 47
342 37 48
342 38 49
342 39 50
342 42 51
342 43 52
342 43 53
342 44 54
342 45 55
342 45 56
342 46 55
342 50 57
342 51 58
342 52 59
342 54 60
342 54 61
342 56 62
342 57 63
342 58 64
342 59 65
342 60 66
342 60 67
342 60 68
342 61 69
343 0 1
343 1 2
343 2 3
343 2 4
343 2 5
343 4 6
343 4 7
343 5 8
343 6 9
343 7 10
343 8 11
343 8 12
343 9 13
343 9 14
343 13 15
343 14 16
343 14 17
343 15 18
343 15 19
343 16 20
343 17 21
343 18 22
343 19 23
343 19 24
343 19 25
343 21 26
343 21 27
343 21 28
343 22 29
343 22 30
343 22 31
343 24 31
343 24 32
343 24 33
343 25 27
343 26 34
343 29 35
343 30 36
343 30 37
343 30 38
343 32 39
343 32 40
343 32 41
343 33 42
343 34 43
343 34 44
343 34 45
343 35 46
343 35 47
343 36 37
343 36 48
343 36 49
343 37 50
343 38 51
343 39 50
343 40 52
343 40 53
343 40 54
343 42 43
343 42 55
343 44 56
343 45 57
343 46 58
343 47 59
343 48 53
343 48 60
343 48 61
343 50 53
343 52 62
343 52 63
343 53 64
343 54 65
343 54 66
343 55 67
343 55 68
343 56 69
343 56 70
343 57 71
343 59 72
343 61 73
343 62 74
343 62 75
343 62 76
343 63 74
343 64 77
343 64 78
343 65 75
343 65 79
343 66 80
343 67 69
344 0 1
344 1 2
344 1 3
344 2 4
344 2 5
345 0 1
345 0 2
345 1 3
345 1 4
345 2 5
345 2 6
345 3 7
345 3 8
345 4 9
345 4 10
345 5 11
345 5 12
345 5 13
345 6 13
345 6 14
345 7 15
345 8 16
345 9 17
345 10 18
345 11 19
345 11 20
345 11 21
345 12 22
345 13 23
345 13 24
345 14 24
345 15 19
345 16 25
345 16 26
345 17 27
345 17 28
345 17 29
345 18 25
345 18 30
345 18 31
345 20 32
345 21 33
345 21 34
345 22 35
345 23 36
345 23 37
345 24 38
345 26 39
345 27 40
345 28 41
345 28 42
345 28 43
345 29 38
345 29 44
345 29 45
345 30 46
345 31 47
345 33 48
345 33 49
345 35 50
345 36 51
345 36 52
345 37 53
345 38 52
345 38 54
345 39 55
345 39 56
345 40 57
345 40 58
345 40 59
345 41 60
345 43 59
345 43 61
345 44 62
345 46 63
345 47 60
345 47 64
345 47 65
345 48 66
345 48 67
345 49 66
345 49 68
345 49 69
345 50 70
345 51 70
345 51 71
345 52 72
345 54 62
345 54 73
345 54 74
345 55 75
345 57 76
345 58 77
345 58 78
345 73 78
346 0 1
346 1 2
346 2 3
346 2 4
346 2 5
346 2 6
346 3 7
346 3 8
346 4 6
346 4 9
346 4 10
346 5 11
346 5 12
346 6 13
346 6 14
346 7 15
346 8 16
346 8 17
346 9 18
346 10 14
346 10 19
346 10 20
346 12 15
346 12 21
346 12 22
346 13 16
346 13 23
346 13 24
346 14 25
346 14 26
346 15 27
346 15 28
346 17 29
346 18 30
346 19 31
346 20 32
346 20 33
346 20 34
346 21 35
346 23 25
346 23 36
346 24 37
346 25 26
346 26 38
346 27 29
346 27 39
346 28 40
346 29 41
346 29 42
346 32 43
346 32 44
346 33 45
346 34 38
346 35 46
346 36 47
346 37 48
346 38 49
346 38 50
346 39 51
346 39 52
346 39 53
346 40 54
346 41 55
346 41 56
346 42 57
346 42 58
346 43 59
346 44 60
346 44 61
346 45 60
346 46 51
346 46 62
346 47 63
346 47 64
346 47 65
346 48 66
346 49 67
346 51 53
346 52 54
346 53 68
346 55 69
346 56 66
346 56 70
346 56 71
346 57 72
346 58 73
346 58 74
346 59 67
346 59 75
346 59 76
346 60 77
346 61 78
346 61 79
346 62 80
347 0 1
347 1 2
347 1 3
347 1 4
347 2 5
347 2 6
347 2 7
347 3 6
347 4 8
347 5 9
347 6 10
347 6 11
347 7 12
347 7 13
347 8 14
347 9 15
347 13 16
347 14 17
347 14 18
347 14 19
347 16 20
347 16 21
347 17 22
347 18 23
347 19 24
347 19 25
347 20 26
347 22 27
347 23 28
347 24 29
347 24 30
347 25 31
347 26 32
347 26 33
347 27 34
347 29 35
347 29 36
347 30 37
347 31 38
347 34 39
347 34 40
347 34 41
347 35 42
347 37 43
347 39 44
347 40 45
347 40 46
347 41 47
347 43 48
347 44 49
347 44 50
347 44 51
347 45 52
347 45 53
347 47 54
347 47 55
347 48 56
347 50 57
347 50 58
347 51 59
347 51 60
347 52 61
347 52 62
347 55 63
347 57 64
347 57 65
347 58 66
347 58 67
347 58 68
347 59 67
347 60 69
347 62 70
347 63 65
347 64 71
347 64 72
347 66 73
347 67 74
347 67 75
347 69 76
347 69 77
347 69 78
347 70 79
347 71 80
347 71 81
348 0 1
348 0 2
348 2 3
348 2 4
348 3 5
348 3 6
348 3 7
348 4 8
348 4 9
348 5 10
348 6 11
348 8 12
348 8 13
348 9 14
348 11 15
348 12 14
348 13 16
348 14 17
348 17 18
348 18 19
348 18 20
348 18 21
348 19 22
348 19 23
348 20 24
348 20 25
348 21 26
348 22 27
348 22 28
348 23 29
348 24 30
348 24 31
348 24 32
348 26 28
348 27 33
348 27 34
348 28 35
348 28 36
348 29 37
348 29 38
348 30 39
348 33 40
348 33 41
348 34 42
348 34 43
348 35 44
348 35 45
348 35 46
348 37 38
348 38 47
348 38 48
348 40 49
348 40 50
348 40 51
348 42 52
348 42 53
348 42 54
348 43 55
348 44 54
348 44 56
348 45 57
348 45 58
348 45 59
348 47 60
348 47 61
348 48 62
348 49 51
348 49 62
348 49 63
348 50 64
348 51 65
348 51 66
348 52 54
348 52 67
348 53 55
348 54 68
348 55 69
348 55 70
348 55 71
348 57 72
348 57 73
348 58 73
348 58 74
348 58 75
348 59 76
348 69 70
349 0 1
349 1 2
349 2 3
349 2 4
349 2 5
349 3 6
349 3 7
349 3 8
349 4 8
349 4 9
349 6 10
349 6 11
349 7 12
349 7 13
349 7 14
349 8 15
349 9 16
349 10 17
349 11 18
349 15 19
349 16 17
349 16 20
349 16 21
349 16 22
349 18 23
349 18 24
349 19 25
349 19 26
349 19 27
349 20 28
349 21 29
349 21 30
349 21 31
349 22 32
349 23 33
349 24 34
349 25 35
349 25 36
349 25 37
349 26 38
349 26 39
349 27 36
349 28 40
349 28 41
349 29 42
349 30 43
349 31 44
349 31 45
349 32 46
349 33 47
349 33 48
349 33 49
349 36 50
349 36 51
349 36 52
349 37 53
349 37 54
349 37 55
349 38 49
349 38 56
349 39 51
349 39 56
349 40 57
349 40 58
349 40 59
349 41 60
349 41 61
349 42 62
349 43 63
349 44 64
349 44 65
349 45 66
349 46 55
349 46 67
349 48 68
349 49 69
349 50 70
349 50 71
349 51 72
349 51 73
349 53 74
349 55 75
349 57 76
349 57 77
349 58 78
349 58 79
349 58 80
349 59 81
349 59 82
349 60 78
349 60 83
349 61 64
349 61 65
349 61 84
349 62 85
349 62 86
349 63 87
349 63 88
349 68 72
349 69 75
349 74 81
349 77 82
349 86 87
350 0 1
350 1 2
350 1 3
350 3 4
350 3 5
350 4 6
350 4 7
350 5 8
350 6 9
350 7 10
350 7 11
350 8 12
350 9 13
350 10 14
350 11 15
350 11 16
350 11 17
350 11 18
350 12 19
350 12 20
350 13 21
350 14 22
350 14 23
350 15 24
350 15 25
350 15 26
350 17 27
350 17 28
350 20 29
350 21 30
350 22 31
350 23 32
350 24 33
350 24 34
350 26 35
350 26 36
350 29 37
350 30 38
350 31 39
350 32 40
350 33 36
350 33 41
350 36 42
350 36 43
350 39 44
350 39 45
350 40 46
350 41 47
350 42 48
350 42 49
350 42 50
350 43 51
350 43 52
350 44 53
350 45 54
350 45 55
350 45 56
350 47 57
350 50 58
350 51 58
350 51 59
350 52 60
350 53 61
350 57 62
350 58 63
350 59 64
350 59 65
350 59 66
350 60 67
350 60 68
350 60 69
350 60 70
350 61 71
350 62 72
350 62 73
350 62 74
350 63 75
350 64 76
350 65 76
350 65 77
350 67 78
350 68 79
350 69 80
350 69 81
350 76 80
351 0 1
351 0 2
351 1 3
351 1 4
351 2 5
351 2 6
351 3 7
351 5 8
351 6 9
351 7 10
351 8 11
351 9 12
351 9 13
351 9 14
351 12 15
351 12 16
351 13 17
351 15 18
351 16 19
351 16 20
351 17 21
351 19 22
351 20 23
351 20 24
351 21 25
351 21 26
351 22 27
351 23 28
351 23 29
351 24 30
351 24 31
351 26 32
351 26 33
351 26 34
351 27 35
351 27 36
351 27 37
351 28 38
351 28 39
351 29 40
351 29 41
351 30 42
351 31 43
351 32 44
351 33 45
351 33 46
351 34 47
351 34 48
351 35 49
351 36 50
351 36 51
351 36 52
351 37 53
351 38 54
351 38 55
351 39 56
351 39 57
351 39 58
351 40 57
351 40 59
351 41 60
351 43 61
351 44 62
351 45 47
351 45 63
351 46 64
351 46 65
351 47 63
351 47 66
351 48 67
351 48 68
351 48 69
351 57 59
351 59 60
351 63 67
352 0 1
352 0 2
352 0 3
352 0 4
352 1 5
352 2 6
352 3 7
352 5 8
352 6 9
352 6 10
352 8 11
352 9 12
352 10 13
352 10 14
352 10 15
352 12 16
352 12 17
352 12 18
352 13 19
352 15 18
352 15 20
352 16 21
352 17 22
352 17 23
352 18 24
352 18 25
352 19 26
352 19 27
352 19 28
352 20 29
352 20 30
352 21 31
352 21 32
352 24 33
352 26 34
352 26 35
352 27 36
352 28 37
352 29 38
352 30 39
352 30 40
352 33 41
352 35 42
352 35 43
352 36 44
352 37 45
352 37 46
352 38 46
352 39 47
352 39 48
352 39 49
352 40 50
352 40 51
352 41 48
352 41 52
352 42 53
352 42 54
352 44 55
352 47 56
352 47 57
352 47 58
352 48 56
352 50 58
352 50 59
352 51 60
352 51 61
352 52 62
352 52 63
352 54 64
352 55 65
352 55 66
352 55 67
352 56 68
352 57 58
352 57 69
352 57 70
352 59 69
352 60 71
352 60 72
352 61 73
352 61 74
352 62 75
352 63 68
352 63 76
352 63 77
352 63 78
352 68 70
352 69 70
352 75 77
353 0 1
353 0 2
353 1 3
353 2 4
354 0 1
354 1 2
354 1 3
354 2 4
354 2 5
354 3 6
354 4 7
354 4 8
354 5 9
354 7 10
354 7 11
354 7 12
354 8 13
354 9 14
354 10 15
354 11 14
354 11 16
354 12 17
354 12 18
354 13 19
354 15 20
354 16 21
354 16 22
354 17 23
354 20 24
354 21 25
354 23 26
354 23 27
354 25 27
354 26 28
354 27 29
354 27 30
354 28 31
354 30 32
354 30 33
354 31 34
354 32 35
354 33 36
354 34 37
354 34 38
354 34 39
354 36 40
354 36 41
354 37 42
354 38 43
354 38 44
354 39 45
354 39 46
354 41 47
354 42 48
354 44 49
354 45 50
354 45 51
354 45 52
354 46 53
354 47 54
354 48 55
354 49 56
354 49 57
354 50 58
354 50 59
354 50 60
354 51 61
354 52 62
354 53 58
354 53 63
354 54 64
354 54 65
354 56 66
354 57 67
354 58 68
354 59 69
354 60 69
355 0 1
355 0 2
355 0 3
355 1 4
355 1 5
355 2 6
355 2 7
355 3 8
355 4 9
355 4 10
355 5 11
355 5 12
355 5 13
355 7 14
355 7 15
355 8 16
355 9 17
355 9 18
355 10 19
355 10 20
355 12 20
355 12 21
355 13 22
355 14 23
355 14 24
355 15 25
355 16 26
355 17 19
355 17 27
355 18 28
355 19 21
355 20 29
355 21 30
355 22 31
355 23 32
355 24 33
355 25 34
355 26 34
355 26 35
355 27 36
355 28 37
355 30 38
355 31 39
355 32 40
355 34 41
355 35 42
355 35 43
355 36 44
355 36 45
355 37 46
355 37 47
355 38 48
355 38 49
355 39 50
355 42 51
355 42 52
355 43 53
355 44 54
355 45 55
355 45 56
355 47 57
355 48 58
355 48 59
355 49 55
355 49 60
355 49 61
355 50 62
355 50 63
355 51 64
355 52 65
355 52 66
355 52 67
355 53 68
355 53 69
355 53 70
355 54 71
355 55 72
355 57 73
355 57 74
355 58 72
355 59 75
355 60 76
355 61 77
355 62 78
355 62 79
356 0 1
356 1 2
356 2 3
357 0 1
357 0 2
357 0 3
357 1 4
357 1 5
357 1 6
357 2 7
357 3 8
357 3 9
357 4 10
357 5 11
357 6 12
357 7 13
357 8 14
357 9 15
357 9 16
357 10 17
357 11 18
357 12 19
357 14 20
357 15 21
357 18 22
357 18 23
357 18 24
357 19 25
357 20 26
357 23 27
357 24 27
357 24 28
357 24 29
357 25 30
357 25 31
357 25 32
357 26 33
357 27 34
357 27 35
357 28 36
357 28 37
357 29 38
357 30 39
357 31 40
357 32 41
357 32 42
357 36 43
357 38 44
357 39 45
357 39 46
357 40 47
357 40 48
357 40 49
357 42 50
357 42 51
357 43 52
357 43 53
357 45 54
357 48 55
357 48 56
357 49 57
357 49 58
357 50 59
357 50 60
357 52 61
357 54 62
357 55 63
357 56 64
357 57 63
357 57 65
357 57 66
357 58 62
357 58 67
357 59 68
357 61 69
357 61 70
357 63 71
357 63 72
357 64 73
357 64 74
357 64 75
358 0 1
358 0 2
358 0 3
358 1 4
358 1 5
358 1 6
358 3 7
358 3 8
358 3 9
358 5 9
358 5 10
358 6 11
358 6 12
358 6 13
358 6 14
358 7 15
358 7 16
358 7 17
358 8 18
358 8 19
358 9 20
358 12 21
358 12 22
358 14 23
358 14 24
358 16 25
358 18 26
358 19 25
358 19 27
358 20 28
358 21 29
358 21 30
358 22 31
358 25 32
358 26 33
358 26 34
358 26 35
358 26 36
358 27 37
358 27 38
358 27 39
358 28 40
358 29 41
358 30 42
358 30 43
358 31 44
358 31 45
358 32 46
358 33 47
358 34 48
358 35 49
358 36 50
358 36 51
358 36 52
358 37 53
358 38 53
358 38 54
358 40 55
358 41 56
358 42 57
358 42 58
358 43 59
358 44 60
358 45 61
358 46 62
358 47 63
358 47 64
358 48 65
358 49 66
358 50 53
358 50 67
358 51 68
358 52 69
358 55 70
358 55 71
358 55 72
358 56 73
358 59 74
358 66 72
359 0 1
359 1 2
359 1 3
359 1 4
359 1 5
359 2 6
359 4 7
359 7 8
359 8 9
359 9 10
359 9 11
359 10 12
359 10 13
359 11 14
359 12 15
359 12 16
359 13 17
359 13 18
359 13 19
359 14 20
359 15 21
359 16 22
359 16 23
359 16 24
359 17 24
359 17 25
359 17 26
359 18 27
359 18 28
359 19 29
359 20 30
359 21 31
359 26 32
359 26 33
359 26 34
359 27 35
359 27 36
359 27 37
359 28 38
359 29 39
359 29 40
359 30 41
359 30 42
359 31 43
359 33 38
359 33 44
359 36 45
359 38 46
359 39 47
359 41 48
359 41 49
359 41 50
359 42 51
359 43 52
359 44 53
359 44 54
359 45 46
359 45 55
359 46 56
359 48 57
359 48 58
359 49 59
359 49 60
359 50 58
359 50 61
359 51 62
359 52 63
359 54 64
359 55 65
359 55 66
359 56 67
359 57 68
359 58 69
359 59 70
359 59 71
359 60 72
359 61 73
359 61 74
359 62 75
359 63 76
359 63 77
359 70 71
360 0 1
360 0 2
360 1 3
360 1 4
360 3 5
360 3 6
360 3 7
360 4 8
360 4 9
360 5 10
360 6 11
360 6 12
360 7 13
360 8 14
360 8 15
360 10 16
360 10 17
360 11 18
360 11 19
360 12 20
360 12 21
360 13 22
360 13 23
360 14 24
360 14 25
360 15 26
360 16 26
360 17 27
360 18 28
360 19 29
360 20 30
360 20 31
360 21 32
360 22 23
360 22 33
360 22 34
360 23 35
360 23 36
360 24 37
360 25 38
360 27 39
360 28 40
360 28 41
360 28 42
360 29 43
360 30 44
360 31 45
360 32 46
360 32 47
360 33 47
360 33 48
360 34 49
360 35 50
360 36 39
360 37 51
360 38 52
360 38 53
360 40 41
360 40 43
360 40 54
360 41 55
360 43 56
360 45 57
360 46 58
360 48 59
360 48 60
360 50 61
360 50 62
360 51 63
360 52 64
360 52 65
360 53 66
360 54 67
360 56 68
360 56 69
360 57 70
360 57 71
360 58 72
360 58 73
360 59 74
360 61 75
360 62 76
360 64 77
360 65 78
360 66 79
360 67 80
360 67 81
360 68 82
360 69 83
360 73 74
360 74 75
360 77 81
360 80 82
361 0 1
361 0 2
361 1 3
361 2 4
361 2 5
361 2 6
361 4 7
361 5 8
361 5 9
361 6 10
361 6 11
361 8 12
361 9 13
361 10 14
361 11 15
361 12 16
361 13 17
361 14 18
361 15 19
361 15 20
361 16 21
361 17 22
361 18 23
361 19 24
361 20 25
361 21 26
361 22 27
361 23 28
361 25 29
361 26 30
361 26 31
361 28 32
361 29 33
361 31 34
361 32 35
361 33 36
361 34 37
361 35 38
361 35 39
361 36 40
361 36 41
361 37 42
361 38 43
361 38 44
361 39 45
361 40 46
361 41 47
361 41 48
361 42 49
361 42 50
361 42 51
361 44 52
361 44 53
361 45 54
361 46 55
361 47 56
361 49 57
361 52 58
361 54 59
361 54 60
361 55 61
361 56 62
361 56 63
361 56 64
361 57 65
361 57 66
361 58 67
361 59 68
361 60 69
361 61 70
361 61 71
361 62 72
361 62 73
362 0 1
362 0 2
362 0 3
362 1 4
362 1 5
362 1 6
362 1 7
362 2 8
362 2 9
362 2 10
362 4 11
362 5 7
362 5 12
362 5 13
362 6 14
362 6 15
362 7 16
362 7 17
362 8 14
362 8 18
362 8 19
362 9 20
362 12 21
362 12 22
362 12 23
362 13 16
362 13 24
362 13 25
362 15 21
362 15 26
362 16 27
362 16 28
362 17 29
362 18 30
362 19 31
362 19 32
362 20 33
362 22 34
362 23 25
362 23 35
362 24 25
362 24 36
362 26 32
362 27 37
362 28 38
362 28 39
362 28 40
362 29 41
362 30 42
362 31 43
362 31 44
362 31 45
362 32 46
362 32 47
362 33 43
362 33 48
362 34 49
362 35 50
362 36 39
362 36 51
362 36 52
362 38 53
362 38 54
362 40 55
362 42 44
362 43 45
362 45 56
362 46 57
362 46 58
362 47 59
362 47 60
362 48 61
362 48 62
362 49 63
362 50 64
362 50 65
362 50 66
362 51 67
362 53 68
362 53 69
362 54 70
362 55 69
362 56 71
362 57 72
362 58 73
362 58 74
362 59 63
362 67 70
363 0 1
363 0 2
363 1 3
363 2 4
363 2 5
363 3 6
363 5 7
363 6 8
363 7 9
363 8 10
364 0 1
364 0 2
364 1 3
364 1 4
364 2 5
364 3 6
364 3 7
364 4 8
364 4 9
364 5 10
364 5 11
364 6 12
364 6 13
364 7 9
364 7 14
364 8 15
364 9 16
364 11 17
364 12 18
364 12 19
364 13 20
364 13 21
364 13 22
364 14 20
364 14 23
364 15 24
364 15 25
364 16 20
364 16 26
364 17 27
364 17 28
364 18 29
364 18 30
364 19 31
364 22 32
364 24 33
364 24 34
364 25 35
364 26 36
364 27 37
364 28 38
364 29 39
364 29 40
364 31 41
364 32 42
364 33 43
364 33 44
364 35 45
364 36 43
364 36 46
364 37 47
364 37 48
364 37 49
364 38 50
364 38 51
364 39 52
364 39 53
364 40 54
364 41 55
364 42 56
364 43 57
364 43 58
364 44 59
364 44 60
364 46 59
364 46 61
364 47 62
364 48 63
364 49 64
364 50 65
364 51 64
364 51 66
364 52 67
364 53 68
364 54 69
364 55 69
364 55 70
364 56 71
364 57 72
364 58 73
364 60 74
364 60 75
364 60 76
364 61 77
365 0 1
365 0 2
365 0 3
365 1 4
365 2 5
365 3 6
365 4 7
365 5 8
365 5 9
365 5 10
365 6 11
365 6 12
365 8 13
365 10 14
365 10 15
365 11 16
365 13 17
365 14 18
365 14 19
365 15 20
365 16 21
365 17 22
365 17 23
365 18 24
365 19 25
365 19 26
365 23 27
365 23 28
365 23 29
365 24 30
365 25 31
365 25 32
365 26 33
365 26 34
365 27 35
365 27 36
365 28 37
365 29 38
365 29 39
365 30 40
365 30 41
365 30 42
365 31 43
365 31 44
365 32 45
365 32 46
365 33 47
365 34 48
365 35 39
365 35 49
365 36 50
365 36 51
365 37 52
365 38 53
365 38 54
365 38 55
365 39 49
365 39 56
365 40 57
365 41 58
365 42 59
365 42 60
365 42 61
365 43 62
365 43 63
365 44 64
365 44 65
365 44 66
365 45 67
365 46 64
365 46 68
365 48 69
365 49 55
365 50 70
365 50 71
365 50 72
365 51 73
365 52 74
365 52 75
365 53 76
365 53 77
365 54 78
365 54 79
365 54 80
365 55 80
365 56 77
365 60 74
365 61 74
365 64 68
365 67 68
366 0 1
366 1 2
366 1 3
366 2 4
366 3 5
366 3 6
366 3 7
366 4 8
366 4 9
366 4 10
366 6 9
366 6 11
366 7 12
366 8 13
366 9 14
366 9 15
366 9 16
366 9 17
366 10 18
366 10 19
366 10 20
366 11 21
366 12 22
366 13 23
366 14 24
366 15 25
366 16 26
366 17 27
366 18 28
366 19 29
366 19 30
366 20 30
366 20 31
366 21 32
366 22 33
366 24 34
366 24 35
366 25 36
366 26 37
366 27 38
366 27 39
366 31 40
366 32 41
366 32 42
366 32 43
366 33 44
366 33 45
366 33 46
366 34 42
366 36 47
366 37 48
366 38 49
366 41 50
366 41 51
366 43 52
366 43 53
366 43 54
366 43 55
366 44 56
366 44 57
366 45 58
366 45 59
366 45 60
366 46 61
366 46 62
366 46 63
366 48 64
366 50 65
366 50 66
366 51 67
366 52 68
366 53 69
366 54 70
366 55 71
366 56 58
366 56 72
366 57 73
366 58 74
366 58 75
366 60 76
366 62 77
366 63 78
367 0 1
367 1 2
368 0 1
368 0 2
368 0 3
368 1 4
368 2 4
368 2 5
368 2 6
368 3 7
368 4 8
368 4 9
368 5 7
368 5 10
368 7 11
368 8 12
368 9 13
368 9 14
368 10 15
368 10 16
368 10 17
368 11 18
368 12 19
368 13 20
368 14 21
368 14 22
368 14 23
368 15 24
368 16 25
368 17 26
368 18 27
368 19 28
368 19 29
368 20 30
368 20 31
368 22 32
368 22 33
368 23 34
368 23 35
368 24 36
368 24 37
368 24 38
368 26 39
368 27 40
368 28 41
368 28 42
368 29 32
368 30 43
368 30 44
368 31 45
368 31 46
368 32 47
368 32 48
368 34 49
368 35 50
368 36 51
368 36 52
368 36 53
368 37 54
368 38 55
368 39 56
368 40 56
368 41 57
368 42 58
368 43 59
368 44 60
368 45 61
368 45 62
368 46 63
368 46 64
368 48 65
368 49 65
368 49 66
368 50 67
368 50 68
368 51 69
368 51 70
368 52 53
368 55 56
369 0 1
369 0 2
369 2 3
369 2 4
369 3 5
369 3 6
369 4 7
369 4 8
369 5 9
369 5 10
369 6 11
369 7 12
369 7 13
369 8 14
369 9 15
369 9 16
369 10 17
369 10 18
369 10 19
369 11 14
369 11 20
369 12 21
369 14 22
369 14 23
369 15 24
369 17 20
369 17 25
369 17 26
369 20 27
369 20 28
369 21 29
369 24 30
369 24 31
369 26 32
369 27 33
369 28 34
369 28 35
369 29 36
369 30 37
369 31 38
369 31 39
369 32 34
369 32 40
369 32 41
369 33 42
369 33 43
369 34 44
369 35 45
369 35 46
369 36 47
369 36 48
369 37 49
369 37 50
369 37 51
369 38 52
369 39 53
369 43 54
369 44 55
369 45 56
369 46 57
369 47 58
369 47 59
369 48 60
369 48 61
369 49 51
369 49 52
369 49 62
369 51 63
369 52 64
369 55 65
369 56 66
370 0 1
370 1 2
370 2 3
370 3 4
370 4 5
370 5 6
371 0 1
371 0 2
371 0 3
371 0 4
371 1 5
371 1 6
371 2 7
371 3 8
371 3 9
371 3 10
371 5 6
371 5 11
371 5 12
371 5 13
371 7 14
371 7 15
371 8 16
371 9 17
371 10 18
371 10 19
371 11 14
371 12 20
371 13 21
371 13 22
371 14 15
371 14 20
371 15 23
371 15 24
371 16 25
371 16 26
371 17 19
371 17 27
371 18 28
371 19 29
371 20 30
371 21 31
371 21 32
371 21 33
371 23 34
371 23 35
371 24 25
371 24 36
371 25 36
371 26 28
371 26 37
371 27 38
371 27 39
371 28 29
371 28 40
371 28 41
371 28 42
371 29 43
371 30 44
371 30 45
371 31 33
371 31 46
371 32 47
371 33 48
371 34 49
371 34 50
371 34 51
371 36 37
371 36 52
371 37 53
371 37 54
371 38 55
371 39 43
371 40 56
371 41 56
371 41 57
371 42 58
371 42 59
371 43 60
371 44 50
371 44 61
371 45 62
371 45 63
371 46 64
371 46 65
371 46 66
371 47 67
371 48 62
371 48 65
371 48 68
371 49 69
371 49 70
371 49 71
371 50 72
371 50 73
371 52 74
371 52 75
371 53 76
371 53 77
371 54 57
371 54 77
371 54 78
371 55 79
371 55 80
371 55 81
371 56 78
371 62 65
371 67 79
371 74 75
372 0 1
372 0 2
372 1 3
372 2 4
372 3 5
372 3 6
372 4 7
372 4 8
372 5 9
372 6 10
372 6 11
372 6 12
372 7 13
372 7 14
372 8 15
372 9 16
372 10 17
372 10 18
372 11 18
372 11 19
372 12 20
372 12 21
372 13 22
372 13 23
372 14 24
372 14 25
372 14 26
372 15 27
372 16 28
372 17 29
372 17 30
372 18 31
372 19 32
372 20 33
372 20 34
372 21 35
372 22 36
372 22 37
372 22 38
372 23 39
372 24 40
372 25 37
372 25 41
372 25 42
372 26 43
372 26 44
372 27 45
372 28 46
372 32 47
372 32 48
372 33 34
372 33 49
372 33 50
372 33 51
372 34 52
372 34 53
372 35 54
372 39 55
372 40 56
372 40 57
372 41 58
372 41 59
372 41 60
372 43 61
372 44 62
372 44 63
372 44 64
372 45 65
372 45 66
372 45 67
372 45 68
372 46 69
372 46 70
372 48 71
372 48 72
372 50 53
372 50 73
372 51 74
372 52 75
372 53 76
372 53 77
372 54 78
372 55 79
372 57 80
372 58 61
372 58 81
372 61 82
372 62 83
372 75 77
372 75 78
372 82 83
373 0 1
373 0 2
373 1 3
373 1 4
373 3 5
373 5 6
373 6 7
374 0 1
374 0 2
374 2 3
374 2 4
374 3 5
374 4 6
374 5 7
374 5 8
374 6 9
374 6 10
374 8 11
374 9 12
374 9 13
374 10 14
374 11 15
374 13 16
374 14 17
374 15 18
374 15 19
374 16 20
374 17 21
374 18 22
374 18 23
374 18 24
374 19 25
374 19 26
374 21 27
374 22 24
374 22 28
374 22 29
374 24 30
374 26 31
374 27 32
374 27 33
374 27 34
374 27 35
374 27 36
374 28 37
374 28 38
374 31 39
374 31 40
374 32 41
374 32 42
374 33 43
374 34 44
374 35 45
374 36 46
374 36 47
374 36 48
374 37 49
374 38 50
374 40 51
374 41 52
374 41 53
374 41 54
374 42 55
374 43 56
374 43 57
374 44 58
374 44 59
374 45 60
374 46 61
374 46 62
374 46 63
374 47 64
374 48 52
374 49 65
374 49 66
374 49 67
374 50 68
374 51 69
374 52 70
375 0 1
375 0 2
375 1 3
375 1 4
375 1 5
375 2 6
375 3 7
375 3 8
375 3 9
375 4 10
375 4 11
375 5 12
375 6 10
375 6 13
375 7 14
375 7 15
375 7 16
375 8 17
375 9 14
375 9 18
375 9 19
375 10 20
375 11 21
375 12 15
375 12 22
375 12 23
375 14 18
375 14 24
375 15 16
375 16 25
375 18 26
375 18 27
375 18 28
375 19 29
375 20 30
375 20 31
375 21 32
375 21 33
375 21 34
375 23 34
375 24 25
375 24 35
375 24 36
375 25 37
375 26 38
375 26 39
375 27 40
375 27 41
375 28 42
375 29 43
375 31 44
375 32 44
375 32 45
375 33 46
375 34 47
375 35 48
375 36 38
375 37 49
375 38 50
375 39 51
375 41 51
375 41 52
375 41 53
375 45 54
375 45 55
375 47 56
375 47 57
375 48 58
375 49 57
375 49 59
375 49 60
375 50 61
375 51 62
375 51 63
375 53 64
375 54 65
375 54 66
375 54 67
375 56 68
375 58 69
375 59 70
375 59 71
375 59 72
375 61 62
375 61 73
375 61 74
375 62 75
375 63 76
376 0 1
376 0 2
376 1 3
376 1 4
376 2 5
376 4 6
376 5 7
376 6 8
376 7 9
376 7 10
376 7 11
376 8 12
376 11 13
376 12 14
376 13 15
376 13 16
376 14 17
376 14 18
376 15 19
376 15 20
376 16 21
376 17 22
376 18 23
376 18 24
376 18 25
376 19 26
376 19 27
376 21 28
376 21 29
376 22 30
376 23 31
376 24 32
376 24 33
376 25 34
376 26 35
376 27 28
376 28 36
376 29 37
376 30 38
376 32 39
376 33 40
376 34 41
376 36 42
376 37 43
376 38 44
376 39 45
376 40 46
376 40 47
376 43 48
376 43 49
376 45 50
376 46 51
376 47 52
376 48 53
376 49 54
376 50 55
376 51 56
376 53 57
376 54 58
376 54 59
376 55 60
376 56 61
376 57 62
376 58 63
376 59 64
376 60 65
376 61 62
376 62 66
376 63 67
376 64 68
377 0 1
377 1 2
377 2 3
377 3 4
378 0 1
378 1 2
378 2 3
378 3 4
378 3 5
378 4 6
378 4 7
378 5 8
378 5 9
378 6 10
378 6 11
378 7 12
378 8 13
378 8 14
378 10 15
378 10 16
378 11 17
378 11 18
378 12 19
378 12 20
378 14 21
378 15 22
378 15 23
378 16 24
378 16 25
378 16 26
378 17 27
378 17 28
378 18 23
378 18 29
378 19 30
378 19 31
378 20 32
378 20 33
378 20 34
378 21 35
378 21 36
378 23 37
378 24 38
378 25 39
378 26 40
378 27 41
378 30 42
378 31 43
378 31 44
378 31 45
378 32 46
378 33 47
378 35 38
378 35 48
378 37 49
378 39 50
378 40 51
378 42 52
378 42 53
378 43 54
378 43 55
378 43 56
378 45 57
378 46 53
378 46 58
378 49 59
378 50 60
378 51 61
378 52 62
378 52 63
378 53 64
378 55 65
378 57 66
378 58 67
378 58 68
378 58 69
379 0 1
379 1 2
379 1 3
379 2 4
379 3 5
379 4 6
379 4 7
379 5 8
379 7 9
379 9 10
379 9 11
379 11 12
379 11 13
379 12 14
379 12 15
379 13 16
379 15 17
379 15 18
379 16 19
379 17 20
379 17 21
379 20 22
379 20 23
379 21 24
379 21 25
379 22 26
379 22 27
379 23 28
379 24 29
379 24 30
379 25 31
379 26 27
379 26 32
379 26 33
379 27 34
379 28 35
379 30 36
379 31 37
379 32 38
379 33 39
379 33 40
379 34 41
379 35 39
379 35 42
379 35 43
379 37 44
379 38 45
379 39 46
379 39 47
379 40 48
379 40 49
379 40 50
379 41 51
379 41 52
379 43 53
379 43 54
379 45 46
379 47 55
379 48 56
379 48 57
379 49 58
379 50 59
379 50 60
379 51 61
379 52 62
379 53 55
379 53 63
379 53 64
379 53 65
379 55 58
379 56 66
379 56 67
379 56 68
379 63 64
380 0 1
380 0 2
380 2 3
380 3 4
380 4 5
380 4 6
380 5 7
380 5 8
380 7 9
380 7 10
380 8 11
380 9 12
380 9 13
380 10 14
380 10 15
380 11 16
380 12 17
380 12 18
380 12 19
380 13 20
380 14 21
380 15 19
380 15 22
380 15 23
380 16 24
380 17 25
380 17 26
380 17 27
380 18 27
380 18 28
380 19 28
380 21 29
380 22 30
380 22 31
380 22 32
380 23 33
380 23 34
380 23 35
380 24 25
380 26 36
380 26 37
380 26 38
380 27 39
380 29 40
380 29 41
380 29 42
380 30 33
380 31 43
380 31 44
380 31 45
380 33 46
380 34 47
380 34 48
380 34 49
380 35 50
380 35 51
380 36 52
380 37 53
380 37 54
380 38 55
380 39 56
380 41 57
380 42 58
380 43 59
380 44 60
380 44 61
380 44 62
380 45 63
380 46 48
380 46 64
380 48 64
380 48 65
380 49 66
380 50 67
380 50 68
380 56 59
380 63 64
381 0 1
381 0 2
381 1 3
381 3 4
381 3 5
382 0 1
382 0 2
382 0 3
382 0 4
382 2 5
382 4 6
382 5 7
382 6 8
382 6 9
382 7 10
382 8 11
382 8 12
382 9 13
382 10 14
382 10 15
382 11 16
382 11 17
382 13 18
382 13 19
382 14 20
382 16 19
382 17 21
382 18 22
382 19 23
382 20 24
382 22 25
382 23 26
382 24 27
382 25 28
382 25 29
382 27 30
382 28 31
382 29 32
382 30 33
382 30 34
382 31 35
382 31 36
382 32 37
382 33 38
382 34 39
382 34 40
382 34 41
382 35 42
382 36 43
382 37 44
382 38 45
382 39 46
382 40 47
382 41 48
382 41 49
382 42 50
382 43 51
382 44 52
382 44 53
382 45 54
382 46 55
382 48 56
382 49 57
382 52 58
382 52 59
382 53 60
382 54 61
382 56 62
382 56 63
382 57 64
382 58 65
382 60 66
382 62 67
382 63 66
382 64 68
382 65 69
383 0 1
383 0 2
383 1 3
383 1 4
383 2 5
383 3 6
383 3 7
383 4 8
383 4 9
383 4 10
383 5 11
383 5 12
383 6 13
383 7 14
383 7 15
383 9 16
383 9 17
383 10 18
383 12 19
383 12 20
383 13 21
383 13 22
383 14 23
383 15 24
383 15 25
383 16 26
383 17 27
383 18 28
383 20 29
383 21 30
383 22 31
383 22 32
383 22 33
383 23 34
383 24 35
383 26 36
383 27 37
383 27 38
383 29 39
383 29 40
383 30 41
383 30 42
383 31 43
383 31 44
383 33 45
383 33 46
383 34 47
383 34 48
383 35 49
383 35 50
383 37 51
383 37 52
383 38 53
383 39 54
383 39 55
383 39 56
383 40 56
383 40 57
383 41 58
383 42 59
383 43 59
383 43 60
383 43 61
383 45 62
383 45 63
383 45 64
383 46 65
383 47 66
383 48 65
383 48 67
383 50 68
383 50 69
383 50 70
383 51 71
383 52 72
383 52 73
383 53 74
384 0 1
384 1 2
384 1 3
384 2 4
384 2 5
384 2 6
384 3 7
384 3 8
384 4 9
384 5 10
384 6 11
384 6 12
384 6 13
384 7 14
384 7 15
384 8 15
384 8 16
384 8 17
384 9 18
384 11 19
384 11 20
384 11 21
384 12 21
384 12 22
384 13 23
384 14 24
384 15 25
384 16 26
384 18 27
384 19 28
384 19 29
384 20 30
384 20 31
384 21 29
384 22 32
384 23 33
384 24 34
384 25 35
384 27 32
384 27 36
384 28 37
384 28 38
384 28 39
384 30 40
384 31 39
384 31 41
384 32 42
384 33 43
384 34 44
384 36 45
384 37 46
384 37 47
384 37 48
384 38 49
384 38 50
384 38 51
384 39 52
384 41 53
384 41 54
384 42 55
384 42 56
384 43 54
384 44 57
384 44 58
384 45 59
384 45 60
384 46 56
384 46 61
384 46 62
384 47 50
384 49 63
385 0 1
385 0 2
385 0 3
385 1 4
385 1 5
385 3 6
385 3 7
385 4 8
385 4 9
385 4 10
385 5 11
385 5 12
385 6 13
385 7 11
385 7 14
385 8 15
385 9 16
385 10 17
385 11 18
385 12 19
385 12 20
385 13 21
385 15 22
385 16 23
385 17 24
385 18 25
385 18 26
385 19 27
385 20 28
385 20 29
385 21 30
385 22 31
385 22 32
385 23 33
385 24 34
385 25 35
385 27 36
385 27 37
385 28 38
385 28 39
385 29 40
385 30 41
385 32 42
385 32 43
385 33 44
385 34 45
385 36 46
385 36 47
385 36 48
385 37 49
385 37 50
385 38 43
385 38 51
385 40 52
385 45 53
385 46 54
385 48 55
385 49 56
385 50 57
385 50 58
385 50 59
385 53 60
385 53 61
385 53 62
385 53 63
385 54 64
385 54 65
385 56 64
385 56 66
385 57 67
385 58 68
385 58 69
385 58 70
385 60 71
385 60 72
385 61 65
385 62 63
385 62 73
385 62 74
385 63 75
385 63 76
385 64 77
385 65 71
385 65 78
386 0 1
386 0 2
386 0 3
386 0 4
386 2 5
386 2 6
386 3 7
386 4 8
386 4 9
386 5 10
386 6 11
386 6 12
386 7 9
386 7 13
386 7 14
386 7 15
386 8 16
386 8 17
386 9 18
386 10 19
386 10 20
386 10 21
386 11 22
386 12 23
386 12 24
386 13 15
386 13 25
386 13 26
386 14 27
386 15 28
386 15 29
386 16 30
386 18 31
386 19 32
386 19 33
386 20 34
386 22 35
386 23 32
386 24 36
386 24 37
386 26 38
386 27 39
386 30 40
386 30 41
386 30 42
386 31 43
386 31 44
386 32 45
386 33 46
386 36 47
386 39 48
386 40 49
386 43 50
386 45 51
386 45 52
386 45 53
386 46 54
386 46 55
386 47 56
386 47 57
386 48 58
386 51 59
386 53 60
386 53 61
386 53 62
386 54 63
386 54 64
386 55 65
386 55 66
386 56 67
387 0 1
387 0 2
387 1 3
387 1 4
387 2 5
387 3 6
387 4 7
387 5 8
387 6 9
387 6 10
387 7 11
387 9 12
387 9 13
387 10 14
387 10 15
387 10 16
387 10 17
387 11 18
387 11 19
387 12 20
387 13 21
387 13 22
387 16 23
387 16 24
387 17 25
387 17 26
387 17 27
387 18 28
387 19 29
387 19 30
387 19 31
387 20 32
387 21 33
387 21 34
387 22 35
387 25 36
387 25 37
387 26 38
387 26 39
387 28 40
387 32 41
387 35 42
387 37 38
387 37 43
387 37 44
387 38 45
387 40 46
387 41 47
387 42 48
387 42 49
387 43 50
387 43 51
387 44 52
387 44 53
387 44 54
387 45 55
387 46 56
387 47 57
387 48 58
387 50 59
387 50 60
387 51 61
387 52 59
387 55 62
387 56 63
387 56 64
388 0 1
388 0 2
388 0 3
388 1 4
388 2 5
388 2 6
388 3 7
388 3 8
388 3 9
388 4 10
388 4 11
388 5 12
388 5 13
388 5 14
388 6 15
388 7 16
388 7 17
388 7 18
388 8 19
388 10 20
388 10 21
388 11 22
388 11 23
388 12 24
388 14 22
388 15 25
388 15 26
388 18 27
388 19 28
388 20 29
388 22 30
388 23 31
388 25 32
388 25 33
388 26 34
388 26 35
388 27 36
388 28 37
388 29 38
388 29 39
388 30 40
388 30 41
388 30 42
388 31 43
388 32 44
388 32 45
388 33 46
388 33 47
388 34 48
388 34 49
388 35 50
388 36 51
388 36 52
388 38 53
388 39 54
388 40 55
388 42 56
388 42 57
388 44 58
388 44 59
388 44 60
388 45 61
388 45 62
388 46 63
388 46 64
388 47 61
388 47 65
388 48 66
388 48 67
388 50 68
388 51 69
388 52 70
388 52 71
388 53 72
388 53 73
388 55 57
388 55 74
388 55 75
388 55 76
388 56 77
388 74 75
389 0 1
389 0 2
389 1 3
389 2 4
389 2 5
389 3 6
389 4 7
389 4 8
389 5 7
389 5 9
389 5 10
389 7 11
389 8 12
389 9 13
389 9 14
389 10 15
389 11 12
389 11 16
389 12 17
389 13 18
389 14 19
389 15 20
389 15 21
389 17 22
389 17 23
389 18 24
389 19 25
389 19 26
389 20 27
389 20 28
389 21 29
389 22 30
389 22 31
389 23 32
389 23 33
389 24 34
389 25 35
389 26 36
389 27 37
389 27 38
389 28 39
389 29 36
389 29 37
389 30 40
389 30 41
389 31 42
389 31 43
389 31 44
389 32 45
389 32 46
389 33 47
389 34 42
389 34 48
389 34 49
389 36 50
389 36 51
389 37 52
389 38 39
389 38 53
389 39 54
389 39 55
389 40 56
389 40 57
389 40 58
389 41 56
389 41 59
389 41 60
389 42 48
389 43 61
389 43 62
389 43 63
389 45 64
389 45 65
389 46 66
389 47 67
389 48 63
389 49 68
389 49 69
389 50 70
389 51 71
389 52 53
389 52 72
389 61 63
389 65 66
390 0 1
390 1 2
390 2 3
390 3 4
390 3 5
390 3 6
390 5 7
390 6 8
390 8 9
390 9 10
390 9 11
390 9 12
390 10 13
390 10 14
390 11 15
390 11 16
390 11 17
390 12 13
390 12 18
390 12 19
390 13 20
390 14 21
390 14 22
390 15 23
390 16 24
390 16 25
390 16 26
390 17 27
390 18 28
390 18 29
390 19 30
390 20 31
390 21 31
390 21 32
390 22 33
390 23 30
390 24 34
390 24 35
390 25 36
390 25 37
390 25 38
390 28 39
390 29 40
390 30 35
390 33 41
390 33 42
390 34 43
390 35 44
390 36 45
390 36 46
390 36 47
390 37 48
390 38 49
390 39 50
390 39 51
390 40 52
390 40 53
390 41 54
390 41 55
390 42 56
390 44 57
390 44 58
390 45 59
390 48 60
390 50 61
390 55 62
390 57 60
390 57 63
390 58 64
390 58 65
390 63 66
390 64 67
390 64 68
390 65 69
390 66 70
390 66 71
390 67 72
390 68 73
390 69 74
390 69 75
390 74 75
391 0 1
391 1 2
391 1 3
391 3 4
391 3 5
391 3 6
391 4 7
391 4 8
391 8 9
391 9 10
392 0 1
392 0 2
392 0 3
392 1 4
392 1 5
392 1 6
392 2 7
392 3 8
392 3 9
392 4 10
392 5 11
392 6 12
392 6 13
392 7 14
392 7 15
392 8 16
392 8 17
392 9 11
392 9 18
392 9 19
392 10 20
392 10 21
392 12 22
392 12 23
392 12 24
392 14 15
392 15 25
392 15 26
392 16 27
392 16 28
392 17 29
392 17 30
392 19 31
392 19 32
392 19 33
392 20 34
392 21 35
392 22 36
392 25 37
392 25 38
392 26 39
392 28 40
392 28 41
392 28 42
392 29 43
392 29 44
392 29 45
392 30 46
392 32 45
392 32 47
392 33 48
392 33 49
392 33 50
392 34 35
392 34 51
392 35 52
392 37 53
392 38 54
392 39 40
392 39 55
392 39 56
392 40 42
392 40 57
392 41 58
392 42 59
392 42 60
392 43 46
392 44 45
392 44 61
392 45 62
392 46 63
392 46 64
392 46 65
392 48 66
392 48 67
392 49 68
392 49 69
392 50 68
392 64 65
393 0 1
393 1 2
393 1 3
393 1 4
393 2 5
393 3 6
393 3 7
393 4 8
393 5 9
393 5 10
393 6 11
393 7 12
393 11 13
393 11 14
393 13 15
393 13 16
393 14 17
393 15 18
393 16 19
393 17 20
393 17 21
393 18 22
393 18 23
393 18 24
393 20 25
393 21 26
393 21 27
393 21 28
393 23 28
393 24 29
393 25 30
393 25 31
393 25 32
393 26 32
393 26 33
393 26 34
393 29 35
393 29 36
393 29 37
393 30 38
393 31 39
393 31 40
393 31 41
393 33 42
393 33 43
393 33 44
393 34 45
393 35 46
393 36 47
393 37 45
393 38 48
393 38 49
393 39 41
393 39 50
393 39 51
393 40 52
393 41 53
393 43 53
393 44 54
393 44 55
393 44 56
393 45 57
393 46 58
393 46 59
393 47 60
393 48 61
393 49 62
393 50 54
393 50 63
393 53 54
394 0 1
394 0 2
394 0 3
394 1 4
394 1 5
394 1 6
394 2 7
394 3 8
394 4 9
394 7 10
394 9 11
394 9 12
394 10 13
394 11 14
394 13 15
394 13 16
394 15 17
394 16 18
394 16 19
394 17 20
394 17 21
394 18 22
394 18 23
394 19 24
394 20 25
394 20 26
394 21 27
394 23 28
394 24 29
394 24 30
394 26 31
394 27 32
394 28 33
394 29 34
394 31 35
394 31 36
394 32 37
394 33 38
394 34 39
394 35 40
394 35 41
394 37 42
394 38 43
394 38 44
394 38 45
394 39 46
394 39 47
394 40 48
394 42 49
394 42 50
394 42 51
394 42 52
394 42 53
394 43 54
394 44 55
394 44 56
394 45 57
394 47 58
394 48 59
394 51 60
394 52 61
394 53 62
394 54 63
394 54 64
394 55 65
394 55 66
394 55 67
394 57 68
394 58 69
394 59 69
394 60 70
394 61 71
394 62 72
394 63 73
394 64 74
394 66 75
395 0 1
395 0 2
395 0 3
395 1 3
395 1 4
395 1 5
395 2 6
395 3 7
395 3 8
395 4 9
395 4 10
395 6 11
395 7 12
395 9 13
395 10 14
395 11 15
395 11 16
395 12 13
395 12 17
395 13 18
395 15 19
395 15 20
395 17 21
395 18 22
395 19 23
395 19 24
395 21 25
395 21 26
395 23 27
395 26 28
395 26 29
395 27 30
395 28 31
395 28 32
395 28 33
395 29 34
395 29 35
395 30 36
395 30 37
395 33 38
395 33 39
395 33 40
395 34 41
395 34 42
395 35 43
395 36 44
395 37 45
395 39 43
395 39 46
395 39 47
395 40 48
395 41 49
395 42 50
395 42 51
395 43 52
395 44 53
395 46 54
395 47 55
395 47 56
395 48 56
395 48 57
395 48 58
395 50 59
395 50 60
395 51 52
395 52 61
395 52 62
395 53 63
395 53 64
395 54 65
395 54 66
395 55 67
395 55 68
395 56 69
395 60 70
395 63 71
395 63 72
395 64 73
395 65 74
395 67 75
395 68 76
395 69 77
395 70 78
395 71 79
395 72 80
396 0 1
397 0 1
397 0 2
397 0 3
397 0 4
397 1 5
397 1 6
397 2 7
397 2 8
397 2 9
397 3 10
397 4 6
397 4 11
397 4 12
397 5 13
397 6 14
397 7 15
397 7 16
397 8 17
397 9 18
397 10 19
397 11 20
397 11 21
397 12 14
397 12 22
397 13 23
397 13 24
397 16 25
397 16 26
397 18 27
397 19 28
397 20 29
397 20 30
397 21 31
397 22 30
397 22 32
397 22 33
397 23 34
397 23 35
397 24 27
397 24 36
397 25 37
397 25 38
397 26 38
397 26 39
397 26 40
397 28 41
397 29 41
397 29 42
397 30 43
397 32 44
397 32 45
397 32 46
397 33 47
397 33 48
397 33 49
397 34 44
397 35 50
397 36 51
397 37 52
397 38 53
397 40 54
397 42 55
397 42 56
397 43 57
397 44 58
397 44 59
397 46 47
397 47 60
397 48 61
397 48 62
397 49 63
397 49 64
397 49 65
397 50 66
397 50 67
397 51 66
397 60 64
398 0 1
398 0 2
398 0 3
398 1 4
398 1 5
398 2 6
398 2 7
398 3 8
398 5 9
398 6 10
398 7 11
398 7 12
398 8 13
398 9 14
398 10 15
398 10 16
398 10 17
398 11 18
398 11 19
398 11 20
398 12 21
398 13 22
398 14 23
398 14 24
398 15 25
398 15 26
398 17 27
398 18 28
398 18 29
398 18 30
398 18 31
398 19 32
398 20 33
398 20 34
398 21 35
398 21 36
398 22 23
398 22 37
398 23 38
398 24 39
398 24 40
398 25 41
398 26 33
398 26 34
398 27 42
398 27 43
398 28 44
398 29 44
398 29 45
398 29 46
398 30 47
398 30 48
398 34 44
398 35 49
398 36 50
398 36 51
398 37 52
398 37 53
398 39 54
398 40 55
398 41 56
398 42 57
398 43 58
398 44 59
398 45 56
398 45 60
398 45 61
398 48 62
398 49 63
398 50 64
398 51 62
398 52 65
398 52 66
398 53 67
398 53 68
398 53 69
398 54 70
398 56 71
398 58 72
398 58 73
398 59 74
398 61 75
398 62 76
398 62 77
398 63 78
398 63 79
398 64 80
398 64 81
398 73 74
399 0 1
399 1 2
399 1 3
399 1 4
399 2 5
399 2 6
399 3 7
399 4 5
399 4 8
399 5 9
399 6 10
399 8 11
399 8 12
399 9 13
399 12 14
399 12 15
399 12 16
399 13 17
399 14 18
399 15 19
399 16 20
399 16 21
399 16 22
399 17 23
399 18 24
399 20 25
399 21 26
399 21 27
399 21 28
399 22 28
399 22 29
399 23 30
399 23 31
399 24 32
399 25 33
399 26 34
399 26 35
399 27 36
399 27 37
399 28 35
399 29 38
399 32 38
399 32 39
399 33 40
399 34 41
399 34 42
399 34 43
399 36 44
399 37 43
399 37 45
399 38 46
399 39 47
399 40 48
399 41 49
399 41 50
399 41 51
399 42 52
399 42 53
399 42 54
399 43 55
399 45 48
399 45 56
399 46 57
399 46 58
399 47 59
399 47 60
399 49 52
399 49 61
399 50 62
399 50 63
399 50 64
399 51 65
399 51 66
399 53 58
399 53 67
399 53 68
399 55 69
399 56 70
399 61 64
400 0 1
400 1 2
400 2 3
400 3 4
400 3 5
400 3 6
400 4 7
400 4 8
400 4 9
400 5 10
400 5 11
400 6 12
400 7 13
400 7 14
400 8 15
400 8 16
400 9 16
400 9 17
400 10 18
400 10 19
400 10 20
400 11 14
400 14 21
400 15 22
400 16 23
400 17 24
400 17 25
400 17 26
400 18 27
400 18 28
400 19 29
400 20 30
400 21 31
400 22 26
400 22 32
400 22 33
400 24 34
400 24 35
400 24 36
400 25 34
400 25 37
400 25 38
400 25 39
400 26 40
400 26 41
400 27 42
400 29 43
400 30 44
400 32 41
400 32 45
400 33 46
400 33 47
400 34 48
400 35 49
400 35 50
400 36 49
400 36 51
400 37 52
400 38 53
400 39 54
400 40 53
400 40 55
400 40 56
400 41 57
400 42 58
400 42 59
400 43 60
400 44 61
400 45 62
400 47 63
400 47 64
400 48 65
400 49 66
400 50 67
400 50 68
400 51 69
400 52 70
400 52 71
400 52 72
400 53 73
400 54 74
400 55 75
400 56 57
400 56 76
400 56 77
400 57 78
400 57 79
400 58 80
400 59 81
400 60 82
400 60 83
400 62 84
400 65 72
401 0 1
401 0 2
401 1 3
401 1 4
401 2 5
401 3 6
401 3 7
401 4 8
401 4 9
401 5 10
401 5 11
401 6 9
401 6 12
401 7 13
401 7 14
401 8 15
401 9 16
401 11 17
401 12 18
401 12 19
401 13 18
401 13 20
401 13 21
401 14 22
401 14 23
401 15 24
401 15 25
401 16 18
401 16 26
401 17 27
401 17 28
401 20 29
401 22 30
401 23 31
401 23 32
401 24 33
401 25 34
401 25 35
401 26 36
401 27 37
401 28 38
401 29 39
401 30 40
401 32 41
401 32 42
401 33 43
401 34 44
401 34 45
401 36 45
401 36 46
401 37 47
401 37 48
401 38 49
401 38 50
401 38 51
401 39 52
401 40 53
401 41 54
401 41 55
401 42 56
401 44 57
401 44 58
401 45 59
401 45 60
401 46 57
401 46 61
401 47 62
401 47 63
401 48 64
401 49 63
401 50 65
401 51 66
401 52 67
401 53 68
401 53 69
401 54 70
401 55 71
401 56 68
401 58 72
401 58 73
401 58 74
401 59 75
401 60 76
401 61 77
401 62 78
401 63 79
401 64 80
402 0 1
402 0 2
402 1 3
402 2 4
402 3 5
402 3 6
402 3 7
402 4 8
402 5 9
402 6 10
402 7 11
402 8 12
402 8 13
402 8 14
402 9 15
402 9 16
402 9 17
402 10 18
402 10 19
402 11 20
402 11 21
402 12 22
402 13 23
402 13 24
402 14 25
402 14 26
402 14 27
402 16 28
402 17 29
402 18 30
402 19 31
402 19 32
402 20 31
402 21 33
402 23 34
402 23 35
402 24 36
402 25 37
402 26 38
402 27 39
402 28 40
402 29 41
402 29 42
402 30 40
402 30 43
402 30 44
402 31 45
402 32 46
402 33 47
402 33 48
402 34 49
402 34 50
402 34 51
402 35 52
402 35 53
402 36 50
402 36 54
402 37 55
402 38 56
402 39 57
402 40 58
402 40 59
402 41 60
402 42 61
402 42 62
402 43 63
402 44 64
402 44 65
402 44 66
402 45 67
402 46 68
402 46 69
402 48 70
402 49 71
402 50 72
402 51 73
402 53 74
402 53 75
402 54 76
402 56 77
402 57 78
402 58 61
402 58 79
402 62 80
402 63 79
403 0 1
403 1 2
403 2 3
403 2 4
403 3 5
403 3 6
403 4 7
403 4 8
403 5 9
403 6 10
403 6 11
403 7 12
403 7 13
403 10 14
403 10 15
403 11 16
403 12 17
403 13 18
403 13 19
403 14 20
403 16 21
403 17 22
403 18 23
403 19 24
403 20 25
403 22 26
403 23 27
403 25 28
403 26 29
403 26 30
403 26 31
403 27 32
403 27 33
403 28 34
403 33 35
403 35 36
403 36 37
404 0 1
404 0 2
404 1 3
404 2 4
404 3 5
404 5 6
404 5 7
404 5 8
404 6 9
404 7 10
404 7 11
404 8 12
404 9 13
404 10 14
404 10 15
404 11 16
404 11 17
404 12 18
404 13 19
404 13 20
404 14 21
404 14 22
404 15 23
404 15 24
404 17 21
404 17 25
404 18 26
404 20 27
404 20 28
404 21 29
404 22 30
404 22 31
404 23 32
404 24 33
404 24 34
404 25 35
404 26 36
404 28 37
404 30 38
404 32 39
404 32 40
404 33 41
404 34 37
404 34 42
404 35 43
404 36 44
404 37 45
404 39 46
404 39 47
404 39 48
404 40 49
404 40 50
404 41 51
404 43 52
404 44 53
404 44 54
404 44 55
404 44 56
404 47 57
404 48 58
404 49 59
404 49 60
404 49 61
404 50 62
404 52 63
404 53 54
404 53 64
404 53 65
404 54 66
404 54 67
404 55 68
404 55 69
404 56 70
404 57 70
404 57 71
404 60 72
404 60 73
404 60 74
404 61 75
404 62 71
404 68 70
405 0 1
405 0 2
405 0 3
405 0 4
405 1 5
405 1 6
405 1 7
405 3 8
405 4 9
405 5 10
405 6 11
405 6 12
405 6 13
405 7 14
405 9 15
405 9 16
405 9 17
405 10 18
405 11 19
405 11 20
405 11 21
405 12 20
405 12 22
405 13 23
405 13 24
405 14 25
405 16 26
405 17 27
405 18 28
405 19 29
405 20 30
405 20 31
405 21 31
405 21 32
405 23 33
405 23 34
405 24 35
405 25 36
405 25 37
405 25 38
405 26 39
405 26 40
405 27 41
405 28 42
405 28 43
405 28 44
405 29 32
405 29 33
405 29 45
405 30 46
405 32 47
405 33 48
405 35 42
405 36 49
405 36 50
405 37 51
405 37 52
405 38 53
405 39 54
405 40 55
405 41 56
405 43 57
405 43 58
405 43 59
405 44 60
405 46 61
405 49 62
405 49 63
405 50 64
405 51 65
405 51 66
405 52 63
405 52 67
405 53 68
405 53 69
405 55 70
405 55 71
405 56 72
405 57 73
405 58 74
405 58 75
405 58 76
405 59 77
405 60 78
405 61 79
405 61 80
405 62 81
405 64 82
405 64 83
405 66 84
405 66 85
405 67 86
405 67 87
405 67 88
405 68 89
406 0 1
406 0 2
406 1 3
406 1 4
406 2 5
406 3 6
406 4 7
406 4 8
406 5 9
406 5 10
406 7 11
406 8 12
406 8 13
406 9 14
406 11 15
406 12 16
406 12 17
406 14 18
406 15 19
406 16 20
406 16 21
406 17 22
406 18 23
406 19 24
406 19 25
406 19 26
406 20 27
406 20 28
406 21 29
406 27 30
406 28 31
406 28 32
406 30 33
406 31 34
406 34 35
406 35 36
406 36 37
407 0 1
407 1 2
407 2 3
407 3 4
407 3 5
407 3 6
407 5 7
407 6 8
407 7 9
408 0 1
408 1 2
408 2 3
408 2 4
408 2 5
408 3 6
408 3 7
408 3 8
408 4 9
408 4 10
408 4 11
408 5 9
408 5 12
408 5 13
408 6 14
408 7 15
408 7 16
408 8 17
408 9 12
408 9 18
408 10 11
408 10 17
408 11 19
408 12 20
408 12 21
408 12 22
408 13 23
408 14 24
408 15 24
408 15 25
408 16 26
408 17 27
408 17 28
408 18 19
408 18 29
408 18 30
408 19 31
408 20 32
408 21 33
408 21 34
408 22 35
408 22 36
408 23 37
408 24 38
408 25 39
408 25 40
408 26 41
408 26 42
408 26 43
408 27 41
408 29 36
408 30 44
408 31 45
408 34 46
408 34 47
408 34 48
408 35 46
408 36 49
408 39 50
408 41 51
408 42 52
408 43 50
408 43 53
408 44 54
408 45 55
408 45 56
408 45 57
408 46 58
408 46 59
408 48 60
408 49 61
408 51 57
408 51 62
408 53 63
408 53 64
408 54 65
408 56 66
408 56 67
408 56 68
408 58 61
408 58 69
408 59 70
408 60 71
408 61 72
408 61 73
408 62 74
408 64 75
408 64 76
408 64 77
408 65 78
408 67 79
408 73 78
409 0 1
409 0 2
409 0 3
409 0 4
409 1 5
409 1 6
409 1 7
409 3 8
409 3 9
409 3 10
409 4 11
409 4 12
409 5 13
409 5 14
409 6 15
409 6 16
409 7 13
409 7 17
409 7 18
409 9 19
409 9 20
409 10 21
409 11 22
409 11 23
409 11 24
409 13 25
409 13 26
409 15 27
409 17 28
409 17 29
409 18 28
409 19 30
409 19 31
409 20 32
409 20 33
409 21 31
409 22 34
409 22 35
409 23 24
409 23 32
409 23 36
409 24 37
409 26 38
409 26 39
409 26 40
409 28 41
409 29 41
409 29 42
409 30 43
409 31 44
409 31 45
409 32 46
409 33 47
409 33 48
409 34 35
409 34 49
409 35 50
409 35 51
409 36 52
409 37 53
409 38 54
409 38 55
409 38 56
409 39 54
409 39 57
409 40 55
409 40 58
409 40 59
409 41 59
409 41 60
409 42 61
409 43 62
409 43 63
409 44 64
409 45 65
409 45 66
409 46 52
409 48 67
409 48 68
409 48 69
409 49 70
409 49 71
409 50 70
409 50 72
409 51 61
409 58 59
409 62 63
409 68 69
410 0 1
410 1 2
411 0 1
411 1 2
411 1 3
411 2 4
411 2 5
411 2 6
411 2 7
411 6 8
411 6 9
411 7 10
411 7 11
411 7 12
411 8 13
411 9 14
411 9 15
411 10 16
411 10 17
411 11 18
411 11 19
411 13 20
411 13 21
411 14 22
411 14 23
411 15 24
411 17 18
411 17 25
411 18 26
411 18 27
411 20 28
411 21 29
411 22 30
411 23 31
411 23 32
411 24 33
411 25 34
411 26 35
411 26 36
411 26 37
411 27 38
411 27 39
411 28 40
411 29 41
411 30 42
411 33 43
411 34 44
411 36 45
411 38 45
411 38 46
411 39 47
411 40 48
411 40 49
411 41 50
411 42 51
411 42 52
411 43 53
411 44 54
411 45 55
411 46 56
411 46 57
411 46 58
411 47 59
411 47 60
411 47 61
411 47 62
411 48 63
411 48 64
411 48 65
411 49 66
411 52 67
411 53 68
411 54 69
411 54 70
411 54 71
411 55 72
411 56 73
411 58 73
412 0 1
412 0 2
412 2 3
413 0 1
413 0 2
413 2 3
413 2 4
413 3 5
413 5 6
413 6 7
413 6 8
413 7 9
413 8 10
413 10 11
414 0 1
414 0 2
414 2 3
414 2 4
414 3 5
414 4 5
414 4 6
414 4 7
414 5 8
414 6 9
414 7 10
414 7 11
414 7 12
414 10 13
414 11 14
414 11 15
414 11 16
414 11 17
414 11 18
414 12 19
414 13 20
414 14 21
414 15 22
414 15 23
414 16 24
414 17 25
414 18 26
414 19 22
414 19 27
414 21 28
414 21 29
414 22 30
414 22 31
414 23 32
414 24 33
414 25 34
414 26 35
414 26 36
414 28 37
414 31 38
414 32 39
414 33 40
414 34 41
414 36 42
414 38 43
414 39 42
414 39 44
414 39 45
414 41 46
414 43 47
414 44 48
414 44 49
414 44 50
414 44 51
414 45 52
414 45 53
414 46 54
414 46 55
414 47 56
414 47 57
414 47 58
414 48 59
414 49 60
414 50 61
414 51 62
414 52 63
414 52 64
414 53 65
414 54 66
414 55 67
414 55 68
414 56 69
414 56 70
414 56 71
414 57 72
414 57 73
414 58 74
414 58 75
414 58 76
414 59 77
414 60 78
414 60 79
414 61 80
414 61 81
414 62 82
414 69 73
415 0 1
415 0 2
415 1 3
415 2 4
415 4 5
415 5 6
415 6 7
415 6 8
415 7 9
415 7 10
415 7 11
415 8 12
415 8 13
415 12 14
415 12 15
415 15 16
416 0 1
416 0 2
416 1 3
416 1 4
416 2 5
416 3 6
416 3 7
416 4 8
416 5 9
416 5 10
416 6 11
416 6 12
416 6 13
416 7 14
416 8 15
416 9 16
416 10 17
416 11 14
416 11 18
416 11 19
416 12 20
416 12 21
416 13 22
416 14 23
416 15 24
416 17 25
416 18 26
416 19 22
416 19 23
416 20 27
416 22 28
416 24 29
416 25 30
416 25 31
416 27 32
416 28 33
416 28 34
416 29 35
416 29 36
416 31 37
416 31 38
416 33 39
416 33 40
416 34 41
416 35 42
416 36 43
416 36 44
416 38 45
416 38 46
416 39 47
416 39 48
416 40 49
416 40 50
416 41 51
416 43 52
416 44 53
416 45 54
416 47 55
416 48 56
416 48 57
416 49 58
416 49 59
416 50 60
416 50 61
416 50 62
416 51 63
416 52 64
416 53 65
416 53 66
416 53 67
416 54 68
416 55 57
416 55 69
416 57 70
416 58 71
416 58 72
416 58 73
416 59 72
416 59 74
416 59 75
416 60 76
416 60 77
416 62 78
416 62 79
416 62 80
416 63 81
416 69 70
416 76 77
416 76 78
416 78 80
417 0 1
417 0 2
417 0 3
417 1 4
417 2 5
417 3 6
417 4 7
417 5 8
417 5 9
417 6 10
417 7 11
417 8 12
417 8 13
417 10 14
417 11 15
417 12 16
417 12 17
417 13 18
417 13 19
417 14 20
417 15 21
417 16 22
417 17 23
417 17 24
417 18 25
417 19 26
417 21 27
417 22 28
417 22 29
417 23 30
417 24 31
417 25 32
417 26 33
417 27 34
417 28 35
417 28 36
417 28 37
417 29 38
417 29 39
417 29 40
417 30 41
417 32 42
417 32 43
417 33 44
417 35 45
417 35 46
417 37 47
417 37 48
417 38 49
417 39 49
417 39 50
417 39 51
417 40 52
417 42 48
417 42 53
417 43 54
417 43 55
417 44 56
417 45 57
417 45 58
417 45 59
417 47 60
417 49 61
417 51 62
417 51 63
417 52 64
417 53 65
417 53 66
417 55 67
417 56 68
417 56 69
417 57 64
417 59 70
417 60 70
417 60 71
417 61 63
417 62 72
417 62 73
417 62 74
417 63 75
417 64 76
418 0 1
418 1 2
418 1 3
418 2 4
418 2 5
418 3 4
418 3 6
418 4 7
418 5 8
418 6 9
418 7 10
418 7 11
418 8 12
418 8 13
418 9 14
418 10 15
418 10 16
418 10 17
418 11 18
418 12 19
418 13 20
418 14 21
418 16 22
418 17 23
418 18 24
418 19 25
418 19 26
418 20 27
418 21 28
418 21 29
418 21 30
418 21 31
418 22 32
418 23 33
418 23 34
418 23 35
418 24 27
418 24 35
418 25 36
418 26 37
418 26 38
418 27 39
418 27 40
418 27 41
418 28 42
418 28 43
418 29 44
418 30 45
418 32 46
418 32 47
418 32 48
418 33 49
418 33 50
418 35 41
418 35 51
418 36 52
418 37 53
418 38 54
418 38 55
418 40 41
418 40 56
418 41 50
418 42 57
418 42 58
418 43 57
418 43 59
418 44 53
418 44 60
418 45 61
418 46 62
418 49 63
418 49 64
418 52 65
418 53 60
418 53 66
418 54 67
418 55 68
418 55 69
418 56 70
418 56 71
419 0 1
419 1 2
419 2 3
419 2 4
419 2 5
419 5 6
419 5 7
419 5 8
419 7 9
419 7 10
419 7 11
419 9 12
419 12 13
419 12 14
419 14 15
419 14 16
419 15 17
419 16 18
419 17 19
419 18 20
419 19 21
419 20 22
419 21 23
419 21 24
419 22 25
419 23 26
419 24 27
419 25 28
419 25 29
419 26 30
419 26 31
419 27 32
419 28 33
419 29 34
419 30 35
419 31 36
419 32 37
419 32 38
419 34 39
419 34 40
419 35 41
419 36 42
419 37 43
419 38 44
419 38 45
419 39 46
419 40 47
419 40 48
419 40 49
419 43 50
419 43 51
419 44 52
419 45 53
419 46 54
419 47 55
419 48 56
419 49 57
419 49 58
419 50 59
419 51 52
419 51 60
419 52 61
419 54 62
419 55 63
419 57 64
419 58 65
419 59 66
419 59 67
419 59 68
419 61 69
419 62 70
419 64 71
419 65 72
419 68 73
419 70 74
419 71 75
419 72 76
419 73 77
419 74 78
419 75 79
419 76 80
419 77 79
419 78 81
419 78 82
420 0 1
420 1 2
420 2 3
420 2 4
420 2 5
420 3 6
420 3 7
420 4 8
420 4 9
420 5 10
420 5 11
420 5 12
420 5 13
420 6 14
420 7 15
420 7 16
420 8 17
420 8 18
420 9 18
420 10 19
420 10 20
420 11 17
420 13 17
420 13 21
420 13 22
420 14 23
420 14 24
420 15 25
420 15 26
420 16 27
420 17 28
420 18 29
420 19 30
420 22 31
420 22 32
420 22 33
420 23 34
420 23 35
420 24 36
420 25 37
420 25 38
420 26 39
420 27 29
420 27 40
420 27 41
420 28 42
420 29 43
420 30 34
420 30 44
420 30 45
420 31 46
420 32 47
420 32 48
420 35 49
420 36 50
420 37 51
420 39 52
420 41 53
420 42 54
420 42 55
420 43 48
420 44 56
420 45 57
420 46 58
420 47 59
420 47 60
420 49 61
420 49 62
420 49 63
420 50 64
420 50 65
420 51 66
420 52 67
420 53 68
420 53 69
420 54 70
420 54 71
420 55 71
420 55 72
420 55 73
420 56 62
420 56 74
420 57 75
420 57 76
420 58 77
420 61 63
420 69 73
421 0 1
421 0 2
421 1 3
421 1 4
421 2 5
421 3 6
421 3 7
421 4 8
421 5 9
421 6 10
421 6 11
421 7 12
421 7 13
421 7 14
421 8 15
421 9 16
421 9 17
421 9 18
421 9 19
421 10 20
421 11 21
421 11 22
421 11 23
421 12 24
421 12 25
421 13 26
421 14 22
421 14 27
421 14 28
421 15 29
421 16 30
421 20 31
421 24 32
421 24 33
421 24 34
421 25 35
421 26 36
421 26 37
421 28 38
421 28 39
421 28 40
421 29 41
421 29 42
421 31 43
421 33 44
421 35 40
421 35 45
421 36 46
421 40 47
421 41 48
421 42 49
421 42 50
421 42 51
421 43 52
421 44 45
421 44 53
421 45 54
421 47 55
421 47 56
421 48 57
421 49 58
421 49 59
421 50 60
421 50 61
421 51 60
421 51 62
421 52 63
421 53 64
421 53 65
421 54 66
421 55 67
421 57 68
421 58 69
421 58 70
421 59 71
421 60 72
421 61 73
421 62 74
421 62 75
421 63 76
421 63 77
421 65 78
421 67 79
421 67 80
421 68 81
421 69 70
421 69 82
421 69 83
422 0 1
422 0 2
422 1 3
422 2 4
422 3 5
422 4 6
422 4 7
422 4 8
422 5 9
422 5 10
422 7 11
422 7 12
422 8 13
422 8 14
422 9 15
422 9 16
422 10 17
422 11 18
422 11 19
422 12 20
422 12 21
422 13 19
422 13 22
422 14 23
422 14 24
422 15 25
422 16 26
422 17 27
422 19 20
422 20 28
422 21 29
422 22 28
422 22 30
422 23 31
422 24 32
422 24 33
422 25 34
422 25 35
422 26 36
422 27 37
422 27 38
422 28 39
422 29 40
422 29 41
422 30 42
422 31 43
422 32 44
422 32 45
422 34 46
422 35 47
422 35 48
422 36 49
422 36 50
422 36 51
422 37 52
422 37 53
422 38 54
422 39 55
422 40 56
422 40 57
422 41 58
422 41 59
422 41 60
422 42 61
422 43 62
422 44 63
422 44 64
422 45 65
422 46 66
422 47 67
422 47 68
422 48 69
422 49 70
422 49 71
422 50 71
423 0 1
423 0 2
424 0 1
424 0 2
424 1 3
424 2 4
424 2 5
424 2 6
424 3 7
424 4 6
424 4 8
424 5 9
424 5 10
424 6 11
424 7 10
424 8 12
424 8 13
424 9 14
424 9 15
424 9 16
424 10 17
424 10 18
424 11 19
424 12 20
424 13 21
424 13 22
424 14 23
424 14 24
424 15 25
424 16 26
424 16 27
424 17 20
424 17 28
424 17 29
424 18 30
424 19 31
424 19 32
424 21 33
424 21 34
424 22 35
424 22 36
424 23 37
424 23 38
424 24 39
424 25 30
424 25 40
424 26 41
424 26 42
424 26 43
424 27 44
424 28 45
424 28 46
424 30 46
424 31 47
424 32 48
424 33 49
424 33 50
424 34 51
424 35 52
424 35 53
424 39 54
424 39 55
424 40 56
424 41 57
424 42 58
424 43 59
424 44 60
424 44 61
424 46 62
424 46 63
424 46 64
424 47 65
424 48 66
424 50 67
424 51 68
424 53 69
424 53 70
424 54 71
424 55 60
424 56 62
424 56 72
424 56 73
424 57 74
424 58 75
424 58 76
424 62 63
424 65 71
424 72 74
425 0 1
425 0 2
425 0 3
425 1 4
425 2 5
425 3 6
425 3 7
425 3 8
425 4 9
425 5 10
425 6 11
425 6 12
425 7 13
425 7 14
425 8 11
425 8 15
425 9 16
425 10 17
425 11 18
425 12 19
425 12 20
425 13 21
425 13 22
425 14 23
425 15 24
425 16 25
425 17 26
425 17 27
425 21 22
425 21 28
425 21 29
425 21 30
425 22 31
425 22 32
425 23 33
425 24 34
425 24 35
425 25 36
425 25 37
425 26 38
425 26 39
425 27 40
425 28 31
425 28 41
425 30 42
425 31 43
425 31 44
425 32 45
425 33 46
425 35 47
425 35 48
425 36 49
425 37 50
425 38 51
425 38 52
425 38 53
425 39 54
425 39 55
425 40 56
425 41 57
425 42 58
425 44 45
425 44 59
425 44 60
425 45 46
425 46 61
425 47 62
425 49 63
425 49 64
425 50 65
425 51 66
425 51 67
425 52 68
425 52 69
425 52 70
425 53 71
425 55 68
426 0 1
426 0 2
426 1 3
426 2 4
426 4 5
426 4 6
426 5 7
426 5 8
426 6 9
426 7 10
426 9 11
426 9 12
426 9 13
426 10 14
426 10 15
426 10 16
426 11 17
426 11 18
426 12 19
426 12 20
426 14 21
426 14 22
426 14 23
426 15 19
426 15 24
426 17 25
426 17 26
426 18 27
426 19 28
426 19 29
426 21 30
426 22 31
426 22 32
426 23 33
426 23 34
426 24 35
426 24 36
426 28 37
426 29 38
426 31 39
426 34 40
426 35 41
426 35 42
426 37 43
426 40 44
426 40 45
426 40 46
426 41 47
426 41 48
426 42 49
426 43 50
426 44 51
426 45 52
426 46 53
426 47 54
426 47 55
426 48 56
426 49 57
426 49 58
426 49 59
426 50 60
426 50 61
426 51 62
426 51 63
426 52 64
426 52 65
426 53 66
426 53 67
426 54 68
426 55 69
426 55 70
426 57 71
426 58 72
426 59 73
426 59 74
426 62 75
426 62 76
426 63 77
426 63 78
426 64 79
426 64 80
426 65 77
426 67 81
426 67 82
426 67 83
427 0 1
427 0 2
427 2 3
427 3 4
428 0 1
428 0 2
428 0 3
428 1 4
428 2 5
428 4 6
428 4 7
428 4 8
428 5 9
428 6 10
428 6 11
428 6 12
428 8 13
428 10 14
428 10 15
428 11 16
428 12 17
428 12 18
428 12 19
428 13 20
428 13 21
428 14 22
428 15 19
428 15 23
428 16 24
428 18 25
428 19 26
428 19 27
428 20 28
428 21 29
428 21 30
428 22 31
428 24 32
428 27 33
428 31 34
428 32 35
428 32 36
428 32 37
428 33 38
428 33 39
428 35 40
428 35 41
428 37 42
428 37 43
428 38 44
428 40 45
428 41 46
428 41 47
428 41 48
428 41 49
428 41 50
428 42 48
428 44 51
428 45 52
428 46 53
428 47 54
428 48 55
428 48 56
428 49 57
428 50 58
428 51 59
428 52 60
428 52 61
428 52 62
428 53 63
428 53 64
428 54 65
428 54 66
428 55 67
428 56 68
428 56 69
428 56 70
428 57 71
428 58 72
428 60 65
429 0 1
429 0 2
429 1 3
429 3 4
430 0 1
430 1 2
431 0 1
431 1 2
431 1 3
431 1 4
431 2 5
431 2 6
431 5 7
431 6 8
431 7 9
431 8 10
431 9 11
431 10 12
431 10 13
431 11 14
431 12 15
431 13 16
431 14 17
431 14 18
431 15 19
431 15 20
431 16 21
431 19 22
431 19 23
431 20 24
431 20 25
431 20 26
431 20 27
431 21 28
431 22 29
431 22 30
431 23 31
431 25 32
431 25 33
431 25 34
431 27 35
431 27 36
431 29 37
431 29 38
431 30 39
431 31 40
431 33 41
431 33 42
431 34 43
431 34 44
431 39 45
431 40 46
431 42 44
431 42 47
431 42 48
431 44 49
431 45 50
431 45 51
431 46 52
431 47 53
431 47 54
431 47 55
431 48 56
431 48 57
431 49 58
431 51 59
431 52 60
431 54 61
431 56 62
431 57 61
431 57 63
431 58 64
431 59 65
431 61 66
431 62 67
431 62 68
431 62 69
431 62 70
431 63 71
431 63 72
431 63 73
432 0 1
432 1 2
432 2 3
432 3 4
432 3 5
432 4 6
432 5 7
432 6 8
432 6 9
432 6 10
432 7 11
432 7 12
432 9 13
432 9 14
432 10 15
432 12 16
432 13 17
432 14 18
432 14 19
432 15 20
432 16 21
432 18 22
432 19 23
432 19 24
432 20 25
432 20 26
432 22 27
432 23 28
432 23 29
432 24 30
432 24 31
432 26 32
432 26 33
432 26 34
432 27 35
432 27 36
432 27 37
432 28 38
432 29 39
432 30 40
432 30 41
432 31 42
432 31 43
432 32 44
432 33 45
432 33 46
432 34 47
432 34 48
432 35 49
432 36 50
432 37 51
432 37 52
432 37 53
432 38 54
432 40 55
432 40 56
432 40 57
432 41 58
432 41 59
432 42 60
432 43 56
432 43 61
432 44 62
432 45 63
432 45 64
432 46 47
432 46 65
432 47 65
432 47 66
432 48 67
432 48 68
432 48 69
432 56 61
432 60 61
432 65 69
433 0 1
433 1 2
433 2 3
433 3 4
434 0 1
434 0 2
434 1 3
434 2 4
434 2 5
434 3 6
434 3 7
434 4 8
434 5 9
434 7 10
434 7 11
434 8 12
434 8 13
434 9 14
434 10 15
434 10 16
434 11 17
434 12 13
434 12 18
434 12 19
434 13 20
434 14 21
434 14 22
434 15 23
434 16 24
434 16 25
434 16 26
434 17 27
434 17 28
434 17 29
434 18 30
434 18 31
434 19 32
434 20 33
434 20 34
434 21 35
434 22 36
434 22 37
434 23 38
434 24 39
434 25 26
434 25 40
434 25 41
434 26 42
434 27 39
434 28 43
434 29 44
434 30 45
434 30 46
434 30 47
434 31 48
434 31 49
434 31 50
434 32 51
434 33 52
434 33 53
434 34 54
434 36 55
434 37 38
434 37 56
434 38 41
434 39 57
434 43 58
434 43 59
434 44 60
434 44 61
434 45 62
434 46 63
434 46 64
434 47 65
434 47 66
434 48 54
434 48 67
434 48 68
434 49 69
434 50 51
434 52 70
434 52 71
434 53 72
434 53 73
434 55 66
434 55 74
434 56 75
434 56 76
434 56 77
434 62 69
435 0 1
435 0 2
435 0 3
435 1 4
435 2 5
435 2 6
435 3 7
435 3 8
435 4 9
435 4 10
435 4 11
435 5 12
435 5 13
435 6 14
435 6 15
435 7 16
435 8 17
435 9 11
435 9 18
435 9 19
435 11 20
435 12 21
435 12 22
435 13 23
435 13 24
435 14 25
435 15 26
435 16 27
435 17 28
435 17 29
435 18 30
435 19 31
435 20 32
435 21 33
435 21 34
435 21 35
435 22 36
435 23 37
435 24 38
435 25 39
435 26 40
435 26 41
435 27 42
435 28 43
435 29 44
435 29 45
435 29 46
435 30 47
435 30 48
435 31 49
435 32 50
435 32 51
435 32 52
435 32 53
435 34 38
435 34 54
435 34 55
435 35 39
435 35 56
435 35 57
435 37 54
435 37 58
435 37 59
435 41 60
435 42 47
435 42 49
435 43 61
435 44 62
435 46 63
435 46 64
435 47 65
435 48 66
435 48 67
435 50 68
435 51 69
435 51 70
435 52 71
435 54 72
435 54 73
435 55 74
435 56 75
435 57 76
435 57 77
435 57 78
435 59 73
436 0 1
436 0 2
436 2 3
436 2 4
436 2 5
436 3 6
436 3 7
436 4 8
436 6 9
436 7 10
436 8 11
436 8 12
436 10 13
436 10 14
436 13 15
436 14 16
436 14 17
436 15 18
436 15 19
436 16 20
436 17 21
436 18 22
436 18 23
436 18 24
436 19 25
436 20 26
436 20 27
436 20 28
436 22 27
436 24 29
436 24 30
436 24 31
436 25 31
436 25 32
436 25 33
436 28 34
436 29 35
436 29 36
436 29 37
436 30 38
436 32 39
436 33 40
436 33 41
436 33 42
436 34 43
436 34 44
436 34 45
436 36 46
436 36 47
436 36 48
436 37 49
436 38 44
436 38 50
436 39 51
436 39 52
436 40 42
436 40 53
436 40 54
436 41 55
436 42 49
436 43 56
436 45 57
436 46 58
436 46 59
436 47 60
436 47 61
436 48 49
436 48 54
436 48 62
436 50 63
436 50 64
436 51 65
436 52 66
436 54 67
436 54 68
436 56 69
436 57 70
437 0 1
437 1 2
437 1 3
437 2 4
437 3 5
437 3 6
437 4 7
437 4 8
437 6 9
437 7 10
437 8 11
437 9 12
437 10 13
437 10 14
437 10 15
437 12 16
437 14 17
437 15 18
437 16 19
437 17 20
437 17 21
437 17 22
437 18 23
437 19 24
437 20 25
437 22 26
437 22 27
437 22 28
437 23 29
437 24 30
437 24 31
437 24 32
437 26 33
437 26 34
437 26 35
437 27 36
437 28 37
437 29 38
437 30 39
437 30 40
437 30 41
437 31 42
437 32 43
437 32 44
437 32 45
437 33 46
437 33 47
437 33 48
437 34 49
437 34 50
437 35 48
437 35 51
437 36 52
437 37 39
437 38 53
437 40 54
437 41 55
437 42 56
437 43 57
437 44 58
437 45 59
437 46 60
437 46 61
437 47 62
437 48 60
437 48 63
437 49 54
437 50 64
437 50 65
437 52 66
437 61 62
437 62 65
438 0 1
438 0 2
438 1 3
438 2 4
438 2 5
438 2 6
438 3 7
438 3 8
438 3 9
438 3 10
438 4 11
438 4 12
438 5 13
438 5 14
438 5 15
438 6 9
438 6 16
438 6 17
438 7 18
438 8 18
438 8 19
438 8 20
438 9 21
438 9 22
438 10 23
438 10 24
438 10 25
438 11 26
438 11 27
438 13 28
438 14 29
438 15 27
438 15 30
438 16 28
438 16 31
438 16 32
438 17 33
438 19 20
438 19 29
438 20 34
438 20 35
438 22 36
438 23 37
438 23 38
438 24 39
438 25 40
438 25 41
438 25 42
438 26 43
438 26 44
438 28 45
438 29 30
438 30 46
438 30 47
438 31 48
438 32 49
438 32 50
438 32 51
438 33 52
438 34 53
438 35 54
438 36 55
438 37 56
438 38 57
438 39 41
438 39 58
438 40 59
438 40 60
438 41 61
438 43 62
438 46 63
438 47 64
438 48 65
438 50 66
438 51 67
438 52 68
438 56 61
438 56 69
438 56 70
438 58 70
438 59 71
438 59 72
438 60 71
438 60 73
438 61 74
439 0 1
439 1 2
439 1 3
439 2 4
439 2 5
439 2 6
439 3 6
439 3 7
439 3 8
439 4 9
439 4 10
439 5 11
439 5 12
439 5 13
439 6 14
439 6 15
439 7 16
439 8 14
439 9 17
439 9 18
439 10 19
439 11 20
439 12 21
439 13 22
439 13 23
439 13 24
439 14 25
439 15 26
439 16 27
439 17 26
439 17 28
439 19 29
439 20 30
439 21 31
439 22 32
439 24 33
439 25 26
439 25 34
439 26 35
439 27 36
439 27 37
439 29 38
439 30 38
439 31 39
439 31 40
439 31 41
439 32 42
439 32 43
439 32 44
439 36 45
439 36 46
439 37 47
439 38 48
439 38 49
439 39 50
439 39 51
439 40 52
439 40 53
439 41 54
439 42 55
439 44 56
439 45 57
439 46 58
439 47 59
439 47 60
439 48 61
439 48 62
439 48 63
439 49 64
439 50 65
439 51 66
439 51 67
439 52 68
439 52 69
439 53 66
439 53 70
439 54 71
439 54 72
439 55 73
439 56 74
439 56 75
439 57 76
439 58 77
440 0 1
440 0 2
440 0 3
440 1 4
440 1 5
440 2 6
440 2 7
440 3 7
440 3 8
440 3 9
440 4 10
440 4 11
440 5 12
440 6 10
440 7 13
440 7 14
440 8 15
440 9 16
440 9 17
440 9 18
440 12 19
440 12 20
440 13 21
440 13 22
440 14 23
440 15 24
440 16 25
440 17 26
440 17 27
440 17 28
440 18 29
440 19 30
440 19 31
440 20 32
440 21 33
440 22 34
440 23 25
440 23 35
440 24 36
440 24 37
440 24 38
440 27 39
440 27 40
440 27 41
440 28 35
440 28 42
440 31 43
440 33 44
440 33 45
440 34 46
440 34 47
440 35 48
440 37 49
440 38 50
440 39 51
440 40 52
440 40 53
440 40 54
440 41 55
440 42 56
440 45 57
440 48 58
440 48 59
440 49 60
440 51 61
440 52 62
440 59 61
441 0 1
441 1 2
441 2 3
441 3 4
441 4 5
441 5 6
441 5 7
441 5 8
441 6 9
441 7 10
441 7 11
441 7 12
441 8 13
441 8 14
441 8 15
441 9 16
441 10 17
441 11 18
441 12 19
441 13 20
441 14 21
441 15 22
441 16 23
441 17 24
441 18 25
441 18 26
441 18 27
441 19 28
441 19 29
441 20 30
441 21 31
441 22 32
441 23 33
441 24 34
441 25 35
441 26 28
441 27 36
441 27 37
441 28 38
441 28 39
441 28 40
441 29 39
441 29 41
441 29 42
441 30 43
441 31 44
441 32 45
441 33 46
441 34 47
441 35 48
441 35 49
441 36 50
441 36 51
441 37 52
441 37 53
441 38 54
441 39 55
441 39 56
441 40 57
441 41 58
441 41 59
441 42 58
441 42 60
441 43 61
441 44 62
441 44 63
441 44 64
441 45 63
441 45 65
441 46 66
441 46 67
441 47 68
441 48 61
441 49 69
441 50 70
441 50 71
441 51 72
441 53 73
441 54 73
441 55 74
441 57 74
442 0 1
442 1 2
442 2 3
442 2 4
442 2 5
442 3 6
442 5 7
442 5 8
442 6 9
442 6 10
442 7 11
442 8 12
442 11 13
442 11 14
442 13 15
442 14 16
442 14 17
442 15 18
442 15 19
442 16 20
442 17 21
442 18 22
442 19 23
442 19 24
442 19 25
442 20 26
442 20 27
442 20 28
442 22 29
442 22 30
442 22 31
442 23 26
442 25 29
442 25 32
442 25 33
442 28 34
442 30 35
442 30 36
442 30 37
442 31 38
442 32 39
442 33 40
442 33 41
442 33 42
442 34 43
442 34 44
442 34 45
442 35 36
442 35 46
442 35 47
442 36 48
442 37 49
442 38 50
442 38 51
442 39 43
442 39 52
442 41 48
442 42 53
442 42 54
442 42 55
442 44 56
442 45 57
442 47 53
442 47 58
442 47 59
442 48 53
442 50 60
442 51 61
442 52 62
442 52 63
442 53 64
442 54 65
442 54 66
442 55 67
442 55 68
442 56 69
442 56 70
442 57 71
442 58 72
442 61 73
442 62 70
442 62 74
442 63 75
442 64 76
442 64 77
443 0 1
443 1 2
444 0 1
444 0 2
444 0 3
444 1 4
444 1 5
444 2 6
444 2 7
444 3 8
444 4 9
444 7 10
444 7 11
444 7 12
444 8 10
444 8 13
444 9 14
444 10 15
444 10 16
444 11 17
444 12 18
444 12 19
444 12 20
444 13 21
444 13 22
444 13 23
444 14 24
444 14 25
444 15 26
444 16 23
444 17 27
444 18 27
444 18 28
444 18 29
444 19 30
444 20 26
444 20 31
444 20 32
444 21 33
444 22 34
444 23 35
444 24 33
444 25 36
444 25 37
444 25 38
444 26 39
444 27 40
444 27 41
444 27 42
444 29 43
444 30 44
444 31 45
444 31 46
444 31 47
444 32 48
444 35 41
444 35 49
444 36 50
444 36 51
444 36 52
444 38 53
444 38 54
444 38 55
444 38 56
444 40 57
444 40 58
444 40 59
444 41 49
444 41 60
444 42 60
444 43 61
444 44 62
444 46 63
444 47 64
444 48 65
444 49 66
444 49 67
444 50 53
444 53 68
444 54 69
444 55 70
444 55 71
444 56 72
444 57 73
444 57 74
444 58 75
444 58 76
444 58 77
444 59 78
444 63 79
444 64 80
444 70 72
444 77 78
445 0 1
445 0 2
445 0 3
445 1 4
445 2 5
445 2 6
445 2 7
445 3 7
445 3 8
445 3 9
445 3 10
445 4 11
445 4 12
445 4 13
445 5 14
445 5 15
445 6 14
445 6 16
445 7 17
445 7 18
445 8 19
445 9 20
445 10 21
445 11 22
445 12 20
445 13 23
445 13 24
445 13 25
445 14 26
445 15 27
445 15 28
445 16 29
445 17 30
445 17 31
445 18 32
445 18 33
445 18 34
445 19 35
445 20 36
445 20 37
445 21 33
445 21 38
445 22 39
445 23 40
445 24 41
445 25 42
445 25 43
445 25 44
445 26 45
445 29 46
445 29 47
445 30 48
445 30 49
445 30 50
445 31 48
445 31 51
445 32 52
445 32 53
445 33 54
445 33 55
445 34 53
445 34 56
445 34 57
445 35 58
445 35 59
445 36 60
445 37 61
445 37 62
445 38 63
445 39 64
445 40 65
445 41 66
445 42 67
445 43 68
445 44 69
445 45 70
445 46 71
445 47 72
445 48 57
445 49 73
445 52 54
445 58 61
445 70 72
446 0 1
446 0 2
446 1 3
446 1 4
446 2 5
446 2 6
446 3 7
446 3 8
446 3 9
446 4 10
446 4 11
446 5 6
446 6 12
446 6 13
446 7 14
446 8 15
446 8 16
446 9 17
446 10 14
446 10 18
446 10 19
446 11 20
446 11 21
446 12 22
446 13 23
446 13 24
446 15 25
446 15 26
446 15 27
446 17 28
446 17 29
446 19 30
446 19 31
446 19 32
446 20 33
446 20 34
446 21 35
446 21 36
446 22 37
446 22 38
446 22 39
446 23 40
446 24 41
446 26 42
446 28 43
446 29 44
446 30 45
446 30 46
446 31 47
446 31 48
446 31 49
446 33 45
446 33 50
446 33 51
446 34 52
446 35 38
446 35 53
446 35 54
446 37 55
446 38 53
446 38 56
446 39 57
446 40 58
446 41 59
446 43 44
446 43 60
446 44 61
446 45 51
446 45 62
446 47 63
446 47 64
446 48 65
446 48 66
446 49 66
446 49 67
446 49 68
446 50 52
446 51 69
446 52 70
446 52 71
446 52 72
446 53 73
446 53 74
446 54 75
446 55 76
446 56 77
446 56 78
446 56 79
446 57 58
446 57 80
446 57 81
446 59 82
446 60 83
446 61 84
446 61 85
446 62 86
446 62 87
446 63 88
446 66 89
446 66 90
446 67 91
446 68 91
446 68 92
446 69 93
446 70 72
446 71 94
446 71 95
446 72 93
446 74 79
446 74 95
446 75 96
446 76 97
446 76 98
446 76 99
446 77 99
446 79 95
446 86 87
447 0 1
448 0 1
448 0 2
448 1 3
448 1 4
448 1 5
448 2 6
448 3 7
448 4 8
448 5 9
448 5 10
448 5 11
448 6 12
448 7 13
448 8 14
448 9 15
448 10 16
448 10 17
448 11 18
448 12 19
448 14 20
448 15 21
448 16 22
448 17 23
448 17 24
448 19 25
448 20 26
448 21 27
448 22 28
448 22 29
448 23 30
448 23 31
448 24 29
448 24 32
448 24 33
448 25 34
448 26 35
448 27 36
448 28 37
448 29 38
448 31 39
448 31 40
448 32 41
448 33 42
448 34 43
448 35 44
448 36 45
448 36 46
448 36 47
448 37 48
448 38 49
448 39 50
448 40 51
448 41 52
448 41 53
448 42 54
448 44 55
448 45 56
448 46 57
448 47 58
448 49 59
448 49 60
448 50 60
448 50 61
448 51 62
448 52 63
448 54 64
449 0 1
449 0 2
449 0 3
449 1 4
449 1 5
449 2 6
449 2 7
449 3 8
449 5 9
449 7 10
449 7 11
449 8 12
449 9 13
449 9 14
449 11 15
449 11 16
449 14 17
449 15 18
449 15 19
449 16 20
449 16 21
449 17 22
449 17 23
449 18 24
449 18 25
449 19 26
449 20 27
449 21 28
449 21 29
449 22 30
449 24 31
449 26 32
449 27 33
449 28 29
449 28 34
449 28 35
449 29 36
449 30 37
449 32 38
449 33 39
449 33 40
449 33 41
449 34 42
449 35 41
449 35 43
449 36 44
449 40 45
449 40 46
449 41 47
449 41 48
449 42 49
449 43 50
449 43 51
449 43 52
449 44 53
449 44 54
449 45 55
449 45 56
449 45 57
449 45 58
449 47 49
449 48 56
449 50 59
449 50 60
449 51 61
449 52 62
449 52 63
449 53 64
449 54 65
449 55 66
449 56 61
449 57 58
449 57 67
449 57 68
450 0 1
450 0 2
450 1 3
450 1 4
450 2 5
450 3 6
450 4 7
450 4 8
450 6 9
450 6 10
450 6 11
450 7 9
450 7 12
450 8 13
450 8 14
450 8 15
450 9 16
450 9 17
450 12 18
450 13 19
450 13 20
450 15 20
450 16 21
450 16 22
450 17 23
450 17 24
450 18 25
450 18 26
450 18 27
450 18 28
450 20 29
450 21 24
450 21 30
450 22 31
450 24 32
450 24 33
450 25 29
450 25 34
450 25 35
450 26 36
450 27 37
450 28 38
450 29 39
450 31 40
450 33 41
450 33 42
450 33 43
450 33 44
450 34 45
450 35 46
450 36 47
450 36 48
450 37 49
450 38 50
450 39 51
450 40 52
450 42 53
450 42 54
450 44 55
450 44 56
450 45 57
450 46 58
450 47 59
450 47 60
450 48 59
450 48 61
450 48 62
450 49 63
450 49 64
450 50 59
450 50 65
450 51 66
450 52 64
450 52 67
450 52 68
450 55 69
450 56 70
450 56 71
450 57 72
450 57 73
450 58 74
450 58 75
450 59 76
450 60 77
450 62 78
450 63 79
450 63 80
450 67 77
450 73 75
451 0 1
451 0 2
451 1 3
451 2 4
451 2 5
451 3 6
451 3 7
451 3 8
451 4 9
451 4 10
451 5 11
451 6 12
451 6 13
451 7 14
451 8 15
451 9 16
451 10 17
451 12 18
451 13 19
451 15 20
451 15 21
451 17 22
451 17 23
451 19 24
451 20 25
451 20 26
451 21 27
451 21 28
451 25 29
451 25 30
451 27 31
451 28 32
451 28 33
451 29 34
451 29 35
451 29 36
451 30 37
451 30 38
451 30 39
451 32 40
451 33 41
451 33 42
451 34 43
451 35 44
451 35 45
451 35 46
451 37 47
451 37 48
451 38 49
451 39 50
451 43 51
451 43 52
451 44 53
451 44 54
451 45 55
451 46 56
451 46 57
451 48 58
451 48 59
451 48 60
451 49 61
451 51 60
451 51 62
451 53 63
451 57 64
451 58 65
451 58 66
451 61 67
451 62 68
451 64 69
451 64 70
451 64 71
451 65 72
451 66 73
451 66 74
451 67 75
451 67 76
451 68 77
451 69 78
451 70 79
451 71 80
451 77 81
452 0 1
452 1 2
453 0 1
453 0 2
453 0 3
453 1 4
453 3 5
453 4 6
453 5 7
453 6 8
453 7 9
453 7 10
453 8 10
453 8 11
453 8 12
453 9 13
453 10 14
453 10 15
453 11 16
453 11 17
453 11 18
453 12 19
453 12 20
453 13 21
453 14 17
453 14 22
453 14 23
453 15 24
453 16 25
453 16 26
453 16 27
453 17 28
453 18 28
453 18 29
453 18 30
453 19 31
453 20 26
453 21 32
453 22 33
453 22 34
453 25 35
453 25 36
453 25 37
453 26 35
453 26 38
453 26 39
453 27 40
453 27 41
453 28 42
453 29 43
453 30 44
453 30 45
453 31 46
453 32 47
453 34 48
453 34 49
453 34 50
453 35 51
453 36 52
453 36 53
453 37 52
453 37 54
453 38 55
453 39 56
453 40 43
453 40 57
453 40 58
453 41 43
453 41 59
453 42 60
453 44 61
453 44 62
453 46 63
453 47 64
453 48 61
453 48 65
453 49 66
453 51 67
453 52 68
453 53 69
454 0 1
454 0 2
454 1 3
454 2 4
454 3 5
454 4 6
454 4 7
454 5 8
454 6 9
454 6 10
454 8 11
454 9 12
454 9 13
454 12 14
454 12 15
454 12 16
454 14 17
454 15 18
454 16 19
454 17 20
454 17 21
454 17 22
454 18 23
454 18 24
454 19 25
454 21 26
454 21 27
454 22 28
454 22 29
454 23 30
454 25 31
454 26 32
454 27 33
454 28 34
454 28 35
454 29 32
454 29 36
454 29 37
454 30 35
454 31 38
454 31 39
454 31 40
454 32 41
454 32 42
454 33 43
454 33 44
454 33 45
454 34 46
454 34 47
454 37 48
454 38 49
454 39 50
454 40 51
454 40 52
454 41 53
454 42 54
454 42 55
454 43 56
454 45 57
454 46 58
454 46 59
454 46 60
454 47 61
454 47 62
454 48 63
454 49 64
454 50 65
454 51 66
454 51 67
454 52 68
454 53 69
454 60 63
455 0 1
455 0 2
455 0 3
455 1 4
455 2 5
455 2 6
455 3 7
455 4 8
455 5 9
455 5 10
455 6 11
455 6 12
455 7 13
455 7 14
455 7 15
455 8 9
455 8 14
455 8 16
455 9 17
455 9 18
455 10 19
455 11 20
455 11 21
455 12 22
455 12 23
455 13 24
455 13 25
455 14 26
455 14 27
455 15 27
455 15 28
455 16 29
455 18 30
455 18 31
455 18 32
455 20 33
455 20 34
455 21 35
455 22 36
455 23 37
455 24 38
455 25 39
455 26 40
455 27 41
455 28 42
455 30 43
455 30 44
455 30 45
455 31 37
455 32 46
455 33 47
455 34 48
455 35 49
455 35 50
455 35 51
455 36 52
455 36 53
455 38 54
455 38 55
455 39 56
455 39 57
455 40 58
455 41 59
455 41 60
455 42 59
455 45 61
455 47 62
455 49 50
456 0 1
456 1 2
456 1 3
456 1 4
456 2 5
456 3 6
456 4 7
456 4 8
456 5 9
456 5 10
456 5 11
456 6 12
456 6 13
456 7 8
456 7 14
456 8 11
456 8 15
456 9 16
456 9 17
456 10 18
456 11 19
456 11 20
456 12 16
456 12 21
456 12 22
456 13 23
456 13 24
456 14 25
456 14 26
456 15 19
456 15 26
456 15 27
456 17 28
456 17 29
456 18 29
456 19 27
456 19 30
456 20 31
456 21 32
456 21 33
456 22 34
456 23 35
456 24 36
456 25 35
456 26 37
456 26 38
456 27 39
456 27 40
456 27 41
456 28 42
456 28 43
456 29 44
456 30 45
456 32 46
456 32 47
456 33 42
456 35 48
456 35 49
456 36 50
456 36 51
456 37 52
456 38 53
456 39 54
456 39 55
456 40 56
456 41 52
456 41 57
456 45 58
456 47 59
456 47 60
456 47 61
456 49 62
456 49 63
456 49 64
456 50 51
456 50 65
456 50 66
456 51 67
456 51 68
456 52 69
456 53 70
456 54 71
456 54 72
456 54 73
456 57 73
456 59 74
457 0 1
457 1 2
457 1 3
457 2 4
457 3 5
457 4 6
457 4 7
457 4 8
457 4 9
457 4 10
457 5 11
457 6 12
457 6 13
457 6 14
457 7 15
457 8 16
457 8 17
457 9 18
457 10 19
457 11 20
457 11 21
457 11 22
457 12 23
457 13 24
457 14 25
457 14 26
457 14 27
457 15 28
457 16 22
457 17 24
457 17 29
457 17 30
457 18 31
457 19 32
457 19 33
457 20 34
457 20 35
457 20 36
457 20 37
457 21 38
457 21 39
457 23 40
457 24 41
457 25 42
457 25 43
457 26 42
457 26 44
457 27 45
457 28 46
457 29 47
457 31 48
457 32 49
457 34 50
457 35 51
457 36 52
457 37 53
457 38 54
457 39 55
457 39 56
457 43 57
457 46 58
457 47 59
457 50 60
457 50 61
457 51 62
457 52 63
457 53 64
458 0 1
458 0 2
458 1 3
458 1 4
458 4 5
458 4 6
458 5 7
458 5 8
458 6 9
458 8 10
458 8 11
458 9 12
458 10 13
458 11 14
458 12 15
458 12 16
458 12 17
458 14 18
458 15 19
458 15 20
458 16 17
458 16 21
458 16 22
458 17 23
458 17 24
458 19 25
458 19 26
458 21 27
458 21 28
458 23 29
458 23 30
458 23 31
458 24 27
458 24 32
458 24 33
458 25 34
458 25 35
458 26 36
458 26 37
458 27 28
458 28 38
458 28 39
458 29 40
458 30 41
458 31 42
458 32 43
458 32 44
458 34 45
458 35 46
458 35 47
458 35 48
458 36 49
458 36 50
458 36 51
458 37 52
458 37 53
458 38 45
458 38 54
458 39 55
458 40 56
458 41 57
458 41 58
458 41 59
458 42 60
458 42 61
458 42 62
458 43 56
458 43 63
458 44 64
458 44 65
458 45 48
458 45 66
458 45 67
458 46 47
458 46 68
458 47 69
458 47 70
458 50 70
458 50 71
458 50 72
458 53 62
458 61 62
458 66 67
459 0 1
459 0 2
459 1 3
459 1 4
459 2 5
459 2 6
459 2 7
459 3 8
459 4 9
459 5 10
459 6 11
459 6 12
459 8 13
459 9 14
459 9 15
459 10 16
459 11 17
459 11 18
459 12 19
459 15 20
459 16 21
459 16 22
459 17 23
459 17 24
459 18 25
459 20 26
459 22 27
459 22 28
459 22 29
459 23 30
459 23 31
459 24 32
459 24 33
459 25 34
459 27 35
459 27 36
459 28 37
459 28 38
459 29 39
459 30 40
459 30 41
459 31 42
459 31 43
459 32 44
459 33 45
459 34 46
459 34 47
459 34 48
459 35 49
459 35 50
459 35 51
459 36 38
459 36 52
459 36 53
459 37 54
459 37 55
459 38 52
459 39 56
459 40 57
459 40 58
459 40 59
459 41 60
459 41 61
459 42 59
459 42 62
459 43 63
459 44 64
459 46 65
459 47 66
459 49 52
459 59 62
459 62 63
460 0 1
460 0 2
460 2 3
460 2 4
460 3 5
460 3 6
460 3 7
460 5 8
460 5 9
460 6 10
460 6 11
460 6 12
460 7 9
460 7 13
460 7 14
460 9 15
460 9 16
460 10 17
460 10 18
460 10 19
460 11 20
460 11 21
460 13 22
460 14 22
460 14 23
460 16 24
460 16 25
460 16 26
460 17 27
460 17 28
460 19 29
460 21 30
460 21 31
460 21 32
460 22 33
460 23 33
460 23 34
460 24 35
460 24 36
460 25 37
460 25 38
460 25 39
460 26 35
460 26 37
460 26 40
460 27 41
460 27 42
460 28 43
460 28 44
460 29 41
460 30 32
460 30 45
460 31 46
460 31 47
460 32 43
460 32 48
460 33 38
460 33 49
460 34 50
460 35 51
460 37 52
460 37 53
460 38 39
460 38 53
460 38 54
460 38 55
460 39 56
460 39 57
460 40 51
460 40 52
460 40 58
460 40 59
460 41 60
460 41 61
460 42 62
460 43 63
460 44 64
460 44 65
460 45 66
460 46 47
460 46 67
460 47 68
460 47 69
460 48 70
460 49 71
460 50 69
460 50 72
460 51 73
460 52 59
460 63 70
460 68 71
460 69 72
461 0 1
461 1 2
461 2 3
461 2 4
461 2 5
461 3 6
461 4 7
461 5 8
461 7 9
461 7 10
461 8 11
461 9 12
461 9 13
461 9 14
461 10 15
461 12 13
461 12 16
461 13 17
461 13 18
461 15 19
461 18 20
461 18 21
461 19 22
461 20 23
461 21 24
461 21 25
461 22 26
461 22 27
461 23 28
461 25 29
461 26 30
461 27 31
461 28 32
461 28 33
461 29 34
461 29 35
461 30 36
461 30 37
461 31 38
461 31 39
461 32 40
461 35 41
461 36 42
461 38 43
461 40 44
461 40 45
461 41 46
461 42 47
461 42 48
461 42 49
461 44 50
461 45 51
461 47 52
461 48 53
461 49 49
461 49 54
461 51 55
461 51 56
461 52 57
461 52 58
461 53 59
461 54 60
461 55 61
461 55 62
461 56 63
461 57 64
461 57 65
461 58 66
461 59 67
461 60 68
461 62 69
461 63 70
461 65 71
461 66 72
462 0 1
462 0 2
462 1 3
462 2 3
462 2 4
462 2 5
462 2 6
462 3 7
462 3 8
462 4 9
462 4 10
462 4 11
462 5 12
462 5 13
462 5 14
462 6 15
462 7 8
462 7 16
462 7 17
462 8 18
462 9 19
462 9 20
462 9 21
462 11 22
462 12 23
462 13 24
462 13 25
462 14 26
462 14 27
462 14 28
462 15 19
462 16 29
462 17 30
462 18 31
462 18 32
462 19 33
462 19 34
462 20 35
462 20 36
462 20 37
462 21 38
462 22 39
462 23 27
462 23 40
462 24 41
462 25 42
462 27 43
462 28 44
462 28 45
462 31 46
462 31 47
462 31 48
462 32 33
462 33 47
462 33 49
462 34 50
462 34 51
462 35 52
462 35 53
462 35 54
462 36 49
462 36 55
462 37 56
462 38 57
462 40 58
462 42 43
462 42 58
462 42 59
462 43 60
462 43 61
462 44 62
462 44 63
462 45 63
462 45 64
462 46 65
462 47 66
462 48 67
462 51 66
462 51 68
462 52 69
462 53 70
462 56 71
462 57 72
462 58 73
462 58 74
462 59 60
462 59 75
462 59 76
462 60 77
462 62 78
462 63 79
462 64 80
462 64 81
462 67 82
462 68 83
462 68 84
462 69 85
462 70 86
462 71 78
462 77 81
463 0 1
463 0 2
463 1 3
463 1 4
463 2 5
463 2 6
463 2 7
463 3 8
463 4 9
463 4 10
463 6 10
463 6 11
463 6 12
463 8 13
463 9 14
463 9 15
463 9 16
463 10 17
463 11 18
463 11 19
463 12 20
463 12 21
463 14 22
463 15 22
463 15 23
463 17 24
463 18 25
463 19 21
463 19 26
463 21 27
463 21 28
463 22 29
463 24 30
463 24 31
463 24 32
463 24 33
463 25 34
463 27 35
463 27 36
463 27 37
463 27 38
463 29 31
463 29 39
463 30 40
463 31 41
463 31 42
463 32 43
463 33 44
463 34 45
463 37 46
463 37 47
463 38 48
463 38 49
463 39 50
463 40 51
463 40 52
463 41 53
463 42 54
463 43 55
463 44 56
463 45 57
463 45 58
463 45 59
463 46 60
463 47 61
463 47 62
463 50 63
463 51 64
463 51 65
463 51 66
463 52 65
463 52 67
463 53 68
463 54 69
463 55 58
463 55 70
463 56 65
463 56 71
463 58 72
463 59 73
464 0 1
464 0 2
464 0 3
464 2 4
464 2 5
464 3 6
464 3 7
464 3 8
464 4 9
464 5 10
464 5 11
464 5 12
464 6 13
464 8 14
464 9 15
464 10 16
464 10 17
464 11 18
464 12 19
464 14 20
464 15 21
464 15 22
464 16 23
464 17 24
464 17 25
464 19 22
464 19 26
464 22 27
464 23 28
464 23 29
464 23 30
464 24 31
464 25 32
464 26 29
464 26 33
464 26 34
464 27 35
464 27 36
464 30 37
464 30 38
464 31 39
464 31 40
464 31 41
464 32 42
464 32 43
464 33 36
464 34 37
464 34 44
464 34 45
464 37 38
464 37 46
464 38 47
464 40 48
464 40 49
464 40 50
464 41 47
464 42 43
464 42 51
464 42 52
464 43 53
464 43 54
464 44 55
464 45 46
464 45 56
464 45 57
464 46 57
464 46 58
464 47 58
464 48 59
464 49 60
464 49 61
464 49 62
464 51 63
464 51 64
464 52 59
464 53 65
464 53 66
464 54 67
464 56 68
464 57 69
464 57 70
464 57 71
464 58 72
464 58 73
464 64 66
465 0 1
465 0 2
465 1 3
465 1 4
465 1 5
465 2 5
465 2 6
465 4 7
465 4 8
465 5 9
465 6 10
465 6 11
465 7 12
465 7 13
465 8 14
465 8 15
465 10 16
465 10 17
465 10 18
465 11 19
465 12 20
465 12 21
465 12 22
465 13 18
465 14 23
465 15 22
465 16 24
465 17 25
465 18 26
465 18 27
465 18 28
465 19 29
465 20 30
465 20 31
465 21 32
465 21 33
465 22 34
465 22 35
465 23 36
465 24 37
465 25 38
465 26 39
465 27 40
465 28 41
465 30 32
465 30 42
465 30 43
465 32 44
465 33 45
465 37 46
465 37 47
465 38 48
465 38 49
465 39 50
465 40 51
465 40 52
465 41 53
465 43 54
465 43 55
465 43 56
465 43 57
465 45 58
465 46 48
465 46 59
466 0 1
466 0 2
466 1 3
466 2 4
466 2 5
466 3 6
466 4 7
466 5 8
466 6 9
466 6 10
466 7 11
466 7 12
466 8 13
466 9 14
466 10 15
466 10 16
466 11 17
466 12 18
466 13 19
466 13 20
466 14 21
466 15 22
466 17 23
466 18 24
466 19 25
466 19 26
466 20 27
466 21 28
466 22 29
466 22 30
466 22 31
466 25 32
466 26 33
466 27 34
466 27 35
466 28 36
466 29 37
466 29 38
466 29 39
466 32 34
466 32 40
466 34 41
466 35 42
466 36 43
466 36 44
466 39 45
466 39 46
466 39 47
466 40 48
466 42 49
466 42 50
466 42 51
466 43 52
466 44 53
466 45 54
466 50 55
466 52 56
466 52 57
466 55 58
466 56 59
466 57 60
466 57 61
466 57 62
466 58 63
466 59 64
466 60 65
466 60 66
466 61 67
466 62 68
466 63 69
466 63 70
466 64 71
467 0 1
467 0 2
467 1 3
467 3 4
467 4 5
467 5 6
467 5 7
467 5 8
467 6 9
467 7 10
467 7 11
467 8 12
467 9 13
467 10 14
467 10 15
467 11 16
467 11 17
467 12 18
467 13 19
467 13 20
467 14 21
467 14 22
467 15 23
467 15 24
467 16 24
467 16 25
467 18 26
467 20 27
467 20 28
467 21 29
467 22 30
467 22 31
467 23 32
467 23 33
467 24 34
467 25 35
467 26 36
467 28 37
467 29 38
467 29 39
467 30 37
467 30 40
467 31 41
467 33 42
467 35 43
467 36 44
467 37 45
467 38 46
467 38 47
467 38 48
467 39 49
467 39 50
467 41 51
467 43 52
467 44 53
467 44 54
467 44 55
467 44 56
467 46 57
467 48 58
467 54 56
468 0 1
468 0 2
468 1 3
468 2 4
468 3 5
468 4 6
468 4 7
468 5 8
468 6 9
468 7 10
468 7 11
468 8 12
468 8 13
468 10 14
468 10 15
468 10 16
468 11 17
468 11 18
468 12 19
468 12 20
468 13 21
468 13 22
468 13 23
468 15 24
468 15 25
468 16 26
468 18 27
468 19 28
468 19 29
468 20 30
468 20 31
468 20 32
468 22 32
468 25 33
468 25 34
468 28 35
468 29 36
468 30 37
468 31 38
468 31 39
468 32 40
468 32 41
468 33 42
468 35 43
468 36 44
468 37 45
468 37 46
468 38 47
468 38 48
468 38 49
468 39 50
468 40 51
468 40 52
468 40 53
468 42 54
468 43 55
468 44 56
468 46 57
468 48 58
468 50 51
468 50 59
468 51 60
468 54 61
468 55 62
468 55 63
468 56 64
468 56 65
468 56 66
468 56 67
468 58 59
468 58 68
468 59 69
468 60 70
468 60 71
468 61 72
468 62 73
468 62 74
468 62 75
468 63 76
468 67 77
468 68 78
468 68 79
468 69 80
468 71 81
468 72 82
468 73 83
468 73 84
469 0 1
469 0 2
469 0 3
469 1 4
469 3 5
469 3 6
469 4 7
469 5 8
469 6 9
469 6 10
469 7 11
469 8 12
469 9 13
469 9 14
469 10 15
469 10 16
469 12 17
469 13 18
469 14 19
469 14 20
469 14 21
469 15 22
469 16 21
469 16 23
469 16 24
469 17 25
469 19 25
469 19 26
469 19 27
469 20 27
469 20 28
469 21 28
469 22 29
469 23 30
469 23 31
469 23 32
469 24 33
469 24 34
469 24 35
469 26 36
469 26 37
469 26 38
469 27 39
469 29 40
469 29 41
469 29 42
469 30 43
469 30 44
469 31 33
469 31 45
469 32 46
469 32 47
469 32 48
469 34 49
469 34 50
469 34 51
469 36 52
469 37 53
469 38 54
469 38 55
469 39 56
469 41 57
469 42 58
469 43 59
469 43 60
469 44 61
469 44 62
469 44 63
469 45 46
469 45 64
469 46 64
469 46 65
469 47 66
469 49 67
469 50 68
469 51 69
469 51 70
469 51 71
469 53 72
469 55 73
469 55 74
469 56 68
469 56 75
469 58 76
469 59 77
469 63 78
469 64 67
469 64 79
469 66 80
469 67 81
469 72 75
470 0 1
470 0 2
470 1 3
470 2 4
470 2 5
470 3 6
470 3 7
470 3 8
470 3 9
470 4 10
470 4 11
470 5 12
470 5 13
470 6 14
470 6 15
470 6 16
470 7 17
470 8 18
470 9 19
470 11 20
470 12 21
470 13 22
470 13 23
470 13 24
470 14 25
470 15 26
470 15 27
470 16 28
470 17 29
470 18 30
470 18 31
470 19 32
470 19 33
470 20 34
470 21 35
470 23 36
470 23 37
470 23 38
470 24 39
470 25 40
470 26 41
470 26 42
470 27 43
470 28 44
470 29 45
470 29 46
470 30 47
470 30 48
470 30 49
470 31 50
470 31 51
470 32 46
470 32 52
470 33 46
470 33 53
470 33 54
470 34 55
470 34 56
470 35 57
470 35 58
470 36 52
470 36 59
470 36 60
470 37 60
470 37 61
470 37 62
470 37 63
470 39 64
470 40 65
470 40 66
470 41 50
470 42 50
470 42 67
470 43 68
470 48 64
470 57 59
471 0 1
471 0 2
471 1 3
471 1 4
471 1 5
471 3 6
471 3 7
471 3 8
471 4 9
471 4 10
471 5 10
471 5 11
471 6 12
471 6 13
471 6 14
471 6 15
471 6 16
471 7 17
471 8 18
471 11 19
471 12 20
471 12 21
471 13 22
471 14 23
471 15 24
471 16 25
471 17 20
471 17 26
471 18 27
471 20 28
471 20 29
471 21 30
471 22 31
471 23 32
471 23 33
471 24 34
471 24 35
471 25 36
471 28 37
471 30 38
471 31 39
471 32 40
471 35 41
471 36 42
471 37 43
471 38 41
471 38 44
471 38 45
471 42 46
471 43 47
471 44 48
471 44 49
471 45 50
471 45 51
471 45 52
471 45 53
471 46 54
471 46 55
471 47 56
471 47 57
471 47 58
471 48 59
471 48 60
471 49 61
471 50 62
471 51 63
471 52 64
471 53 65
471 54 66
471 54 67
471 55 68
471 56 69
471 56 70
471 56 71
472 0 1
472 1 2
472 2 3
472 3 4
473 0 1
473 0 2
473 1 3
473 2 4
473 3 5
473 4 6
473 4 7
473 5 8
473 5 9
473 6 10
473 6 11
473 7 12
473 8 13
473 9 14
473 10 15
473 12 16
473 14 17
473 14 18
473 15 19
473 15 20
473 15 21
473 16 22
473 17 23
473 17 24
473 17 25
473 18 26
473 21 27
473 21 28
473 21 29
473 22 30
473 22 31
473 23 32
473 23 33
473 24 34
473 25 35
473 26 36
473 28 37
473 28 38
473 28 39
473 30 40
473 31 41
473 32 42
473 33 43
473 34 44
473 36 45
473 39 46
473 40 47
473 41 48
473 41 49
473 42 50
473 43 51
473 45 52
473 47 53
473 47 54
473 48 55
473 49 56
473 50 57
473 51 58
473 52 59
473 53 60
473 54 61
473 54 62
473 55 63
473 56 64
473 57 65
473 58 66
473 59 67
473 60 68
473 60 69
473 61 70
473 68 70
474 0 1
474 0 2
474 1 3
474 1 4
474 1 5
474 2 6
474 3 7
474 3 8
474 3 9
474 5 10
474 5 11
474 6 12
474 8 13
474 10 14
474 11 15
474 11 16
474 13 17
474 14 18
474 14 19
474 15 20
474 15 21
474 15 22
474 16 23
474 17 24
474 17 25
474 18 26
474 18 27
474 19 28
474 19 29
474 21 29
474 22 30
474 23 31
474 23 32
474 24 33
474 24 34
474 25 35
474 26 36
474 28 37
474 29 38
474 31 39
474 31 40
474 32 41
474 32 42
474 33 43
474 35 44
474 36 45
474 36 46
474 37 47
474 38 48
474 38 49
474 38 50
474 39 51
474 39 52
474 40 53
474 40 54
474 41 55
474 42 56
474 42 57
474 43 58
474 45 59
474 46 60
474 48 61
474 50 62
474 50 63
474 51 64
474 51 65
474 52 66
474 52 67
474 52 68
474 53 69
474 53 70
474 54 65
474 54 71
474 55 72
474 57 73
474 57 74
474 58 75
474 58 76
474 60 77
474 60 78
474 61 62
474 61 79
474 61 80
474 61 81
474 62 82
474 79 80
475 0 1
475 1 2
475 1 3
475 1 4
475 3 5
475 3 6
475 3 7
475 4 8
475 6 9
475 6 10
475 6 11
475 8 12
475 8 13
475 11 14
475 12 15
475 12 16
475 15 17
475 16 18
475 17 19
475 18 20
475 19 21
475 20 22
475 21 23
475 22 24
475 22 25
475 23 26
475 23 27
475 24 28
475 25 29
475 26 30
475 27 31
475 28 32
475 29 33
475 29 34
475 31 35
475 31 36
475 32 37
475 32 38
475 33 39
475 34 40
475 35 41
475 35 42
475 35 43
475 36 44
475 37 45
475 38 46
475 38 47
475 39 48
475 40 49
475 41 50
475 42 51
475 43 52
475 43 53
475 44 54
475 45 55
475 45 56
475 46 57
475 47 58
475 51 59
475 52 60
475 53 61
475 54 62
475 55 63
475 56 58
475 56 64
475 58 65
475 60 66
475 61 67
475 62 68
476 0 1
476 0 2
476 1 3
476 1 4
476 1 5
476 2 6
476 3 7
476 3 8
476 4 9
476 5 10
476 5 11
476 5 12
476 6 13
476 7 14
476 8 15
476 8 16
476 10 17
476 10 18
476 10 19
476 11 20
476 13 21
476 14 22
476 15 23
476 16 24
476 18 25
476 19 26
476 20 27
476 21 28
476 22 29
476 22 30
476 23 31
476 25 32
476 25 33
476 26 34
476 26 35
476 27 36
476 29 37
476 30 38
476 31 39
476 31 40
476 32 41
476 32 42
476 32 43
476 33 44
476 33 45
476 34 46
476 35 47
476 35 48
476 36 46
476 36 49
476 36 50
476 37 51
476 39 52
476 41 53
476 42 54
476 43 45
476 43 55
476 43 56
476 44 45
476 44 57
476 45 58
476 46 50
476 47 57
476 48 59
476 55 56
476 55 58
477 0 1
477 0 2
477 0 3
477 2 4
477 3 5
477 3 6
477 5 7
477 7 8
477 8 9
477 8 10
477 8 11
477 8 12
477 8 13
477 9 14
477 10 15
477 12 16
477 14 17
477 15 18
477 16 19
477 17 20
477 18 21
477 19 22
477 20 23
477 21 24
477 21 25
477 22 26
477 23 27
477 24 28
477 24 29
477 25 30
477 26 31
477 26 32
477 29 33
477 30 33
477 30 34
477 31 35
477 31 36
477 32 37
477 34 38
477 35 39
477 37 40
477 37 41
477 38 42
477 38 43
477 39 44
477 39 45
477 40 46
477 41 47
477 41 48
477 43 49
477 44 50
477 44 51
477 46 52
477 47 53
477 48 54
477 48 55
477 49 56
477 49 57
477 49 58
477 50 59
477 52 60
477 53 61
477 53 62
477 55 63
477 57 64
477 58 65
477 59 66
477 60 67
477 60 68
477 61 69
477 63 70
477 64 71
477 66 72
477 67 73
477 67 74
477 67 75
477 68 76
477 69 77
478 0 1
478 0 2
478 1 3
478 2 4
478 3 5
478 4 6
478 4 7
478 4 8
478 6 9
478 6 10
478 6 11
478 7 12
478 7 13
478 7 14
478 8 15
478 9 16
478 10 17
478 11 18
478 12 19
478 13 20
478 14 21
478 15 22
478 16 23
478 17 24
478 18 25
478 19 26
478 19 27
478 20 28
478 21 29
478 21 30
478 21 31
478 22 32
478 23 33
478 24 34
478 25 35
478 26 31
478 26 36
478 26 37
478 26 38
478 27 36
478 27 39
478 27 40
478 28 41
478 29 42
478 30 43
478 30 44
478 32 45
478 33 46
478 34 47
478 34 48
478 35 47
478 35 49
478 35 50
478 36 51
478 36 52
478 37 53
478 38 54
478 39 55
478 39 56
478 40 56
478 40 57
478 41 58
478 42 59
478 42 60
478 43 61
478 43 62
478 44 63
478 44 64
478 45 65
478 46 59
478 47 66
479 0 1
479 0 2
479 1 3
479 2 4
479 2 5
479 3 6
479 3 7
479 3 8
479 3 9
479 4 10
479 5 11
479 6 12
479 7 13
479 7 14
479 7 15
479 8 16
479 9 14
479 9 17
479 10 18
479 11 19
479 11 20
479 12 19
479 12 21
479 12 22
479 13 23
479 13 24
479 14 25
479 14 26
479 15 27
479 15 28
479 15 29
479 16 27
479 16 30
479 17 31
479 18 30
479 19 32
479 21 31
479 22 33
479 23 34
479 23 35
479 23 36
479 24 34
479 24 37
479 25 38
479 25 39
479 26 38
479 26 40
479 27 41
479 27 42
479 28 43
479 28 44
479 29 44
479 29 45
479 29 46
479 31 47
479 31 48
479 32 49
479 32 50
479 33 51
479 33 52
479 34 46
479 35 53
479 35 54
479 36 55
479 36 56
479 36 57
479 38 58
479 39 59
479 40 60
479 40 61
479 41 43
479 41 62
479 41 63
479 42 64
480 0 1
480 0 2
480 1 3
480 2 4
480 3 5
480 3 6
480 4 7
480 5 8
480 6 9
480 7 10
480 7 11
480 9 12
480 9 13
480 10 14
480 11 15
480 11 16
480 12 17
480 13 18
480 13 19
480 13 20
480 14 21
480 16 22
480 17 23
480 18 24
480 19 25
480 20 26
480 20 27
480 21 28
480 22 29
480 22 30
480 22 31
480 23 32
480 24 33
480 26 34
480 27 35
480 28 36
480 28 37
480 30 38
480 30 39
480 30 40
480 32 41
480 34 42
480 35 43
480 36 44
480 37 45
480 39 46
480 39 47
480 39 48
480 41 49
480 42 50
480 43 51
480 44 52
480 44 53
480 45 54
480 47 55
480 49 56
480 50 57
480 51 58
480 52 59
480 53 60
480 54 61
480 54 62
480 56 63
481 0 1
481 1 2
481 2 3
481 2 4
481 2 5
481 4 5
481 4 6
481 4 7
481 5 8
481 5 9
481 5 10
481 8 11
481 8 12
481 9 13
481 10 14
481 11 14
481 11 15
481 12 16
481 13 17
481 14 18
481 14 19
481 15 20
481 15 21
481 16 22
481 16 23
481 17 24
481 19 25
481 19 26
481 20 27
481 22 28
481 24 29
481 25 30
481 26 31
481 26 32
481 27 33
481 27 34
481 27 35
481 29 36
481 30 37
481 30 38
481 30 39
481 31 40
481 32 41
481 32 42
481 35 43
481 36 44
481 36 45
481 36 46
481 38 47
481 38 48
481 39 49
481 40 50
481 41 51
481 41 52
481 42 47
481 44 53
481 44 54
481 45 55
481 46 56
481 47 57
481 48 58
481 52 59
481 53 60
481 53 61
481 54 58
481 54 62
481 55 63
481 56 64
481 57 65
481 57 66
482 0 1
482 0 2
482 0 3
482 0 4
482 0 5
482 1 6
482 2 7
482 2 8
482 3 9
482 3 10
482 3 11
482 4 12
482 4 13
482 5 14
482 7 14
482 7 15
482 7 16
482 8 17
482 8 18
482 9 13
482 9 19
482 9 20
482 10 21
482 10 22
482 12 18
482 12 23
482 14 24
482 15 16
482 15 17
482 15 25
482 16 26
482 17 25
482 17 27
482 18 27
482 21 28
482 22 29
482 23 30
482 25 31
482 26 31
482 27 32
482 27 33
482 28 34
482 29 35
482 30 36
482 31 37
482 32 37
482 32 38
482 34 39
482 35 40
482 35 41
482 36 42
482 36 43
482 36 44
482 37 45
482 38 42
482 38 46
482 39 47
482 39 48
482 39 49
482 41 50
482 41 51
482 42 52
482 43 53
482 43 54
482 43 55
482 45 56
482 45 57
482 46 58
482 47 59
482 47 60
482 48 61
482 49 50
482 49 62
482 51 63
482 60 62
483 0 1
483 1 2
483 2 3
483 2 4
483 3 5
483 3 6
483 5 7
483 6 8
483 6 9
483 7 10
483 8 11
483 8 12
483 10 13
483 10 14
483 10 15
483 11 16
483 12 17
483 13 18
483 13 19
483 14 15
483 14 20
483 14 21
483 15 22
483 15 23
483 17 24
483 18 25
483 18 26
483 20 27
483 20 28
483 20 29
483 21 30
483 21 31
483 21 32
483 23 27
483 23 33
483 25 34
483 25 35
483 26 36
483 26 37
483 27 33
483 29 38
483 29 39
483 30 40
483 31 41
483 32 42
483 33 43
483 33 44
483 34 45
483 34 46
483 35 47
483 35 48
483 35 49
483 36 50
483 36 51
483 36 52
483 37 53
483 38 54
483 38 55
483 39 56
483 39 57
483 40 58
483 40 59
483 40 60
483 41 61
483 41 62
483 41 63
483 42 57
483 43 64
483 44 53
483 44 65
483 45 61
483 50 53
483 51 52
483 61 62
484 0 1
484 1 2
484 2 3
484 3 4
484 3 5
484 4 6
484 4 7
484 4 8
484 6 9
484 6 10
484 6 11
484 7 12
484 8 13
484 8 14
484 9 13
484 9 15
484 10 12
484 10 15
484 11 16
484 12 17
484 14 18
484 14 19
484 17 20
484 17 21
484 18 22
484 19 23
484 20 24
484 21 25
484 21 26
484 22 27
484 23 28
484 24 29
484 25 30
484 25 31
484 26 32
484 26 33
484 27 34
484 27 35
484 28 36
484 29 37
484 30 38
484 31 39
484 31 40
484 32 41
484 32 42
484 33 43
484 33 44
484 33 45
484 34 46
484 35 47
484 36 48
484 37 49
484 37 50
484 38 40
484 38 51
484 40 52
484 41 53
484 41 54
484 41 55
484 42 53
484 42 56
484 42 57
484 43 58
484 43 59
484 45 60
484 45 61
484 45 62
484 46 63
484 48 64
484 48 65
484 50 66
484 50 67
484 51 52
484 51 68
484 52 69
484 52 70
484 55 71
484 57 72
484 58 59
484 58 61
484 59 73
484 59 74
484 60 61
484 60 75
484 60 76
484 61 77
484 62 71
484 62 78
484 62 79
484 63 80
484 63 81
485 0 1
485 1 2
485 2 3
485 3 4
485 4 5
485 5 6
485 6 7
485 6 8
485 7 9
485 7 10
485 8 11
485 8 12
485 9 13
485 10 14
485 10 15
485 11 16
485 11 17
485 11 18
485 11 19
485 12 20
485 13 21
485 18 22
485 18 23
485 19 24
485 19 25
485 19 26
485 20 27
485 20 28
485 21 29
485 21 30
485 24 31
485 24 32
485 26 33
485 26 34
485 27 35
485 28 36
485 30 37
485 32 34
485 32 38
485 32 39
485 34 40
485 35 41
485 36 42
485 37 43
485 38 44
485 38 45
485 39 46
485 39 47
485 39 48
485 40 49
485 41 50
485 41 51
485 42 52
485 44 53
485 44 54
485 45 55
485 46 53
485 49 56
485 50 57
485 51 58
485 51 59
485 51 60
485 53 61
485 54 62
485 54 63
485 54 64
485 55 65
485 55 66
485 55 67
485 55 68
485 56 69
485 57 70
485 61 71
485 62 72
485 62 73
485 64 73
485 65 74
485 65 75
485 65 76
485 66 77
485 67 78
485 68 79
485 73 76
486 0 1
486 1 2
486 2 3
486 2 4
486 3 5
486 3 6
486 4 7
486 5 8
486 6 9
486 6 10
486 6 11
486 7 12
486 8 13
486 9 14
486 9 15
486 9 16
486 10 17
486 11 18
486 12 19
486 12 20
486 13 21
486 13 22
486 15 23
486 16 24
486 16 25
486 16 26
486 17 27
486 20 28
486 21 29
486 22 30
486 23 31
486 24 32
486 26 33
486 27 34
486 28 35
486 29 36
486 31 37
486 32 38
486 32 39
486 33 40
486 33 41
486 34 42
486 35 43
486 35 44
486 37 45
486 37 46
486 37 47
486 38 47
486 39 48
486 39 49
486 40 50
486 40 51
486 41 52
486 41 53
486 41 54
486 42 55
486 43 56
486 43 57
486 44 58
486 44 59
486 45 47
486 45 60
486 45 61
486 46 62
486 46 63
486 48 64
486 49 65
486 49 66
486 49 67
486 50 51
486 50 54
486 50 68
486 51 64
486 52 69
486 53 70
486 54 71
486 54 72
486 56 73
486 58 74
486 58 75
486 59 76
486 60 77
486 61 78
486 61 79
486 63 78
486 64 80
486 64 81
486 68 72
486 71 72
487 0 1
487 0 2
487 0 3
487 2 4
487 3 5
487 4 6
487 4 7
487 5 8
487 6 9
487 6 10
487 9 11
487 10 12
487 10 13
487 10 14
487 11 15
487 12 13
487 12 16
487 13 17
487 13 18
487 15 19
487 15 20
487 17 21
487 17 22
487 20 23
487 21 24
487 22 25
487 23 26
487 23 27
487 24 28
487 25 29
487 25 30
487 25 31
487 26 32
487 27 33
487 28 34
487 29 35
487 30 36
487 31 37
487 32 38
487 32 39
487 34 40
487 34 41
487 35 42
487 38 43
487 39 44
487 39 45
487 40 46
487 41 47
487 43 48
487 45 49
487 46 50
487 46 51
487 47 52
487 47 53
487 48 54
487 49 55
487 51 56
487 52 57
487 54 58
487 57 59
487 57 60
487 57 61
487 58 62
487 58 63
487 58 64
487 58 65
487 58 66
487 59 67
487 60 60
487 60 68
487 61 69
487 62 70
487 63 71
487 64 72
487 65 73
487 65 74
487 65 75
487 66 76
487 66 77
487 67 78
487 67 79
487 68 80
487 69 81
487 70 82
488 0 1
488 0 2
488 2 3
488 3 4
488 3 5
489 0 1
489 0 2
489 0 3
489 2 4
489 3 5
489 3 6
489 4 7
489 5 8
489 6 9
489 6 10
489 7 11
489 8 12
489 9 13
489 10 14
489 10 15
489 10 16
489 11 17
489 12 18
489 13 15
489 13 19
489 13 20
489 15 21
489 15 22
489 16 23
489 18 19
489 18 24
489 19 20
489 20 22
489 20 25
489 20 26
489 22 27
489 23 28
489 23 29
489 23 30
489 24 31
489 24 32
489 24 33
489 26 34
489 27 35
489 28 36
489 30 35
489 30 37
489 31 38
489 31 39
489 32 40
489 32 41
489 33 40
489 33 42
489 34 43
489 36 44
489 37 45
489 37 46
489 38 47
489 39 48
489 40 49
489 41 50
489 41 51
489 42 52
489 43 53
489 43 54
489 44 55
489 44 56
489 44 57
489 45 58
489 45 59
489 46 54
489 46 59
489 47 60
489 48 61
489 52 62
489 52 63
489 53 64
489 57 65
489 58 66
489 59 67
489 60 68
489 61 69
489 63 70
489 63 71
489 64 72
490 0 1
491 0 1
491 0 2
491 1 3
491 2 4
491 2 5
491 3 6
491 5 7
491 6 8
491 6 9
491 6 10
491 7 11
491 8 12
491 8 13
491 9 14
491 9 15
491 9 16
491 10 11
491 10 17
491 10 18
491 11 19
491 12 20
491 13 21
491 14 20
491 14 22
491 14 23
491 15 24
491 15 25
491 15 26
491 16 17
491 16 25
491 17 27
491 17 28
491 18 29
491 19 30
491 20 31
491 20 32
491 20 33
491 21 34
491 22 32
491 22 35
491 22 36
491 23 37
491 23 38
491 24 39
491 25 40
491 26 41
491 26 42
491 28 43
491 28 44
491 30 45
491 31 46
491 32 47
491 33 48
491 34 49
491 35 50
491 35 51
491 36 51
491 36 52
491 37 39
491 37 53
491 38 39
491 38 54
491 38 55
491 40 56
491 41 57
491 41 58
491 44 59
491 44 60
491 44 61
491 45 62
491 46 63
491 47 64
491 48 65
491 48 66
491 48 67
491 49 63
491 50 68
491 51 69
491 52 70
491 52 71
491 54 72
491 54 73
491 58 59
491 64 65
492 0 1
492 1 2
492 1 3
492 1 4
492 2 5
492 3 6
492 4 7
492 6 8
492 6 9
492 7 10
492 8 11
492 11 12
492 11 13
492 12 14
492 13 15
492 14 16
492 14 17
492 15 17
492 16 18
492 17 19
492 18 20
492 20 21
492 21 22
492 21 23
492 21 24
492 21 25
492 21 26
492 22 27
492 23 28
492 24 29
492 27 30
492 28 31
492 29 32
492 30 33
492 31 34
492 32 35
492 32 36
492 33 37
492 34 38
492 36 39
492 36 40
492 37 41
492 37 42
492 38 43
492 39 44
492 41 45
492 42 46
492 42 47
492 45 48
492 45 49
492 47 50
492 48 51
492 49 52
492 49 53
492 50 54
492 50 55
492 51 56
492 52 57
492 53 58
492 53 59
492 55 60
492 55 61
492 56 62
492 57 63
492 57 64
492 59 65
492 60 66
492 62 67
492 62 68
492 63 69
492 65 70
492 66 71
492 67 72
492 68 73
492 68 74
492 68 75
492 69 76
493 0 1
493 1 2
493 2 3
493 2 4
493 3 5
493 4 6
493 5 7
493 6 8
493 7 9
493 7 10
493 9 11
494 0 1
494 1 2
494 1 3
494 1 4
494 2 5
494 3 6
494 4 7
494 6 8
494 7 9
494 8 10
494 8 11
494 9 12
494 10 13
494 10 14
494 10 15
494 11 16
494 11 17
494 12 18
494 13 19
494 13 20
494 13 21
494 14 22
494 14 23
494 14 24
494 15 25
494 15 26
494 16 25
494 16 27
494 17 28
494 17 29
494 18 30
494 20 31
494 20 32
494 20 33
494 21 22
494 22 34
494 23 35
494 23 36
494 24 37
494 24 38
494 24 39
494 25 40
494 25 41
494 26 41
494 27 42
494 28 43
494 28 44
494 29 45
494 30 46
494 30 47
494 30 48
494 31 49
494 32 50
494 33 51
494 33 52
494 33 53
494 34 37
494 34 54
494 35 55
494 35 56
494 35 57
494 36 58
494 36 59
494 37 54
494 37 60
494 38 61
494 40 62
494 40 63
494 40 64
494 41 64
494 43 65
494 45 66
494 46 67
494 47 47
494 47 68
494 48 69
494 49 54
494 49 70
494 49 71
494 50 72
494 50 73
494 52 74
494 53 70
494 53 75
494 54 76
494 57 77
494 59 78
494 61 79
495 0 1
495 0 2
495 0 3
495 1 4
495 2 5
495 2 6
495 4 7
495 6 8
495 6 9
495 6 10
495 7 11
495 8 12
495 10 13
495 10 14
495 11 15
495 13 16
495 13 17
495 14 18
495 14 19
495 15 20
495 16 21
495 17 22
495 19 23
495 20 24
495 20 25
495 20 26
495 22 27
495 25 28
495 26 28
495 26 29
495 27 30
495 28 31
495 28 32
495 29 33
495 29 34
495 30 35
495 31 36
495 33 37
495 33 38
495 33 39
495 34 40
495 34 41
495 35 42
495 36 43
495 37 43
495 37 44
495 37 45
495 38 46
495 38 47
495 40 48
495 40 49
495 41 50
495 41 51
495 42 52
495 42 53
495 43 54
495 43 55
495 44 45
495 44 47
495 44 56
495 45 57
495 45 58
495 46 47
495 46 59
495 46 60
495 48 61
495 49 62
495 49 63
495 50 64
495 51 65
495 51 66
495 52 67
495 52 68
495 52 69
495 53 70
495 53 71
495 54 72
495 55 73
495 64 66
496 0 1
496 1 2
496 1 3
497 0 1
497 0 2
497 1 3
497 3 4
497 3 5
497 3 6
497 4 7
497 5 8
497 6 9
497 8 10
497 8 11
497 10 12
497 11 13
497 11 14
497 11 15
497 12 16
497 13 14
497 13 17
497 13 18
497 14 19
497 16 20
497 18 21
497 18 22
497 20 23
497 20 24
497 21 25
497 22 26
497 22 27
497 23 28
497 24 29
497 25 30
497 26 31
497 28 32
497 28 33
497 29 34
497 29 35
497 30 36
497 30 37
497 31 38
497 31 39
497 33 40
497 34 41
497 37 42
497 39 43
497 41 44
497 41 45
497 41 46
497 42 47
497 42 48
497 43 49
497 44 44
497 44 50
497 45 51
497 46 52
497 47 53
497 48 54
497 50 55
497 51 56
497 51 57
497 52 58
497 54 59
497 54 60
497 55 61
497 56 62
497 57 63
497 57 64
497 58 65
497 59 66
497 59 67
497 60 68
497 62 69
497 63 70
497 65 71
498 0 1
498 0 2
498 1 3
498 2 4
498 3 5
498 4 6
498 4 7
498 5 8
498 5 9
498 5 10
498 6 11
498 7 12
498 8 9
498 8 13
498 9 14
498 9 15
498 10 16
498 11 17
498 12 13
498 12 18
498 12 19
498 14 20
498 14 21
498 15 22
498 16 23
498 16 24
498 17 25
498 18 26
498 18 27
498 19 28
498 19 29
498 20 30
498 20 31
498 21 32
498 23 33
498 24 34
498 25 26
498 25 35
498 26 36
498 27 37
498 28 38
498 28 39
498 29 40
498 29 41
498 30 42
498 32 38
498 32 43
498 33 42
498 33 44
498 33 45
498 34 46
498 35 47
498 35 48
498 39 49
498 39 50
498 40 51
498 41 52
498 42 53
498 43 54
498 44 55
498 45 56
498 46 57
498 47 58
498 48 59
498 53 54
499 0 1
499 0 2
499 1 3
499 1 4
499 2 5
499 2 6
499 3 7
499 3 8
499 3 9
499 4 10
499 4 11
499 4 12
499 5 13
499 5 14
499 6 15
499 6 16
499 7 16
499 7 17
499 7 18
499 8 19
499 9 20
499 9 21
499 11 14
499 13 22
499 14 23
499 15 24
499 15 25
499 16 26
499 16 27
499 18 28
499 19 29
499 19 30
499 20 31
499 20 32
499 21 28
499 21 33
499 23 34
499 23 35
499 24 36
499 28 37
499 28 38
499 30 39
499 31 40
499 32 41
499 33 42
499 34 43
499 36 44
499 36 45
499 40 46
499 41 47
499 42 48
499 43 49
499 44 50
499 44 51
499 45 52
499 46 53
499 47 54
499 48 55
499 49 56
499 50 57
499 51 58
499 52 59
499 52 60
499 52 61
499 53 62
499 53 63
499 53 64
499 53 65
499 54 66
499 54 67
499 55 68
499 56 69
499 56 70
499 58 60
499 58 71
499 59 60
499 59 72
499 60 73
499 63 74
499 66 75
