0 -30.14789711 -98.62375632
0 -35.43956711 -25.20187632
0 -73.35482711 -113.0424863
0 -14.48503711 -91.87581632
0 -22.21039711 1.256453684
0 -118.2513171 -76.82763632
0 -86.58399711 -123.6258163
0 -8.531917105 -75.33935632
0 118.4680829 -68.06331632
0 -16.91872711 33.00645368
0 -145.3711071 -113.8693063
0 -130.1575671 -68.22868632
0 69.52017289 -17.13102632
0 179.9837129 -66.07894632
0 14.16981289 66.07937368
0 -149.3392871 -138.3421463
0 -59.46420711 32.47835368
0 -184.3971471 -6.713056316
0 213.4781229 -56.47544632
0 9.989482895 79.77374368
0 20.73762289 40.41585368
0 30.04481289 77.98562368
0 -111.0579571 34.79345368
0 -48.21941711 58.60595368
0 -231.3606871 13.79215368
0 391.8625229 31.02208368
0 193.6343729 -44.56919632
0 -156.0371171 39.42366368
0 -111.0585171 34.79233368
0 9.988922894 79.77262368
0 184.3739529 -16.78794632
0 -346.5371271 26.19449368
0 118.8455929 127.7603637
0 168.2896029 2.579373684
0 95.85991289 130.7369237
0 185.6968729 36.12872368
0 44.92762289 128.7525537
0 29.05262289 125.4452637
1 -79.67053035 -57.20951682
1 -127.2949604 -98.21881682
1 -161.0658104 -101.1644768
1 -25.26501035 -88.13157682
1 -206.6699604 -120.7083968
1 -12.03642035 -47.12227682
1 -27.91142035 -121.8670668
1 -172.2741304 -86.31256682
1 -286.0449604 -185.5313168
1 28.31310965 8.441343176
1 -95.58144035 28.81208318
1 -64.95308035 -156.9243568
1 -212.6236604 -193.4699268
1 -456.7017804 -271.5220168
1 -350.8684504 -171.6418068
1 42.20373965 50.11321318
1 -82.23368035 59.70324318
1 -140.5247004 42.00923318
1 -62.30668035 -172.7982368
1 82.71805965 48.62493318
1 61.38602965 82.52467318
1 -62.38936035 95.42311318
1 -73.96545035 156.9376232
1 -146.5137304 12.27562318
1 -256.9413604 68.46757318
1 -111.2551704 -208.5181068
1 -27.99410035 -240.5988368
1 245.4368096 46.64056318
1 255.1933196 146.6861332
1 28.31253965 8.440223176
1 96.44274965 163.8829332
1 27.56839965 178.7657432
1 -172.2747004 -86.31367682
1 -240.4408104 18.89021318
1 -327.7174104 74.42069318
1 -152.4309504 -224.5584768
1 -88.93038035 -278.7969368
1 233.9433996 -128.1509168
1 273.8789496 40.68632318
1 235.2668896 -95.07688682
1 218.3991296 150.3230332
1 294.2193596 164.5455132
1 112.6490496 227.7147832
1 128.4407996 166.8594932
1 61.38545965 82.52356318
1 19.96162965 202.9089732
1 -297.9517804 -49.27201682
1 -416.5541004 26.08356318
1 -466.1275604 101.2097532
1 -200.0559504 -267.5532668
1 -199.3944904 -328.4074268
1 -107.4517804 -315.1782668
1 384.0944396 -64.98164682
1 404.4810596 72.46833318
1 314.8893696 34.07173318
1 281.8164496 124.6915232
1 166.1439196 158.2605332
1 288.9271296 202.9089732
1 182.4323296 131.4714732
1 108.6797296 251.5261632
1 -41.55399035 396.3855432
1 49.72725965 340.4923132
1 -350.8684504 -51.91784682
1 -327.7168404 74.42181318
1 -463.0215404 -2.276456824
1 -204.6861604 -291.3657668
1 -152.4303804 -337.0052768
1 403.9381896 -62.99727682
1 465.4543896 4.472593176
1 577.7831496 104.2183332
1 470.6268896 149.1975032
1 386.3268696 22.82694318
1 294.2187896 164.5443932
1 315.3860296 213.4934232
1 98.75841965 293.1991532
1 -47.42387035 478.2421232
1 -202.9498304 139.7397032
1 -575.1028204 -84.32930682
1 -464.3444604 69.82250318
1 -231.8059504 -308.5636768
1 -188.1497004 -372.7251368
1 -219.2382404 -340.3136768
1 507.7871496 -65.64310682
1 587.8236096 64.00272318
1 646.6933996 132.7943932
2 -317.0983796 -44.01814972
2 -198.0353096 16.17567028
2 -60.45253958 53.87768028
2 -114.7280296 133.4500603
2 -212.9186896 -113.1405497
2 -113.9291696 -10.64056972
2 -82.44602958 180.5469503
2 -20.80094958 101.0386003
2 -281.7103596 -151.5051297
2 -29.69472958 -22.52075972
2 -202.7493396 -156.6325497
2 -76.98899958 15.51310028
2 -182.8223396 -51.95564972
2 6.189380417 234.1250703
2 -145.2845796 166.6563203
2 51.00318042 89.26570028
2 31.15943042 -2.677009722
2 3.173620417 -51.90535972
2 -260.5436896 -185.9009697
2 -153.1399596 -132.1585997
2 84.90292042 245.3698703
2 -184.9715096 186.5011903
2 -320.5710296 42.96362028
2 34.95866042 50.69898028
2 96.97454042 84.96622028
2 26.52923042 -40.38012972
2 53.91816042 -99.86173972
2 -147.1862696 -155.9699797
2 112.0227204 257.2761203
2 -228.6283296 175.2552803
2 81.67832042 342.7696103
2 -503.1335396 -60.22387972
2 32.48179042 25.10312028
2 181.9719404 81.32820028
2 53.91816042 -54.13588972
2 92.67506042 3.937570278
2 18.59173042 -18.55200972
2 120.7870404 -34.09627972
2 111.3612604 -132.9842997
2 -163.5584396 -236.4816597
2 91.41893042 244.4762103
2 -589.1231196 -114.4634697
2 31.16000042 -2.675889722
2 257.3787504 89.92828028
2 160.3097404 14.52203028
2 155.1834404 -55.92328972
2 168.2466704 -191.8540897
2 -169.6758496 -309.4283097
2 250.9295304 272.4907803
2 84.24147042 235.4479903
2 -625.5033296 -146.8749297
2 33.14381042 -24.50512972
2 236.9609604 107.0198403
2 285.3253704 65.45432028
2 201.9810504 39.65632028
2 228.6047504 0.2995502781
2 169.7349604 -66.50773972
2 114.8339104 -94.28898972
2 256.3871304 -129.0133097
2 152.5376104 -205.7435997
2 168.2466704 -205.7447197
2 47.61321042 -247.9126897
2 -167.6914796 -355.0689397
2 297.2316204 280.4282803
2 -764.4095796 -219.6353397
2 162.1281904 178.5625703
2 246.9602204 56.85424028
2 322.3664704 74.05216028
2 305.0031904 42.96362028
2 223.1477204 36.34903028
2 225.2974604 -110.1639897
2 247.1255804 10.22143028
3 482.5074047 242.0273687
3 412.3928147 183.8190287
3 538.7319247 277.7472287
3 377.3360947 150.0857687
3 611.5744547 313.6302287
3 218.6682047 156.2031487
3 357.4923447 117.0128587
3 662.5067547 359.9323087
3 199.3673247 155.0776087
3 327.0646947 113.7044487
3 374.0282347 117.0117387
3 280.7620447 113.7033287
3 237.1069247 114.3670187
3 143.1798447 40.2836887
3 218.5855247 117.6731987
3 129.3713347 29.8645987
3 108.1225547 12.5024387
3 202.1328847 32.5126687
3 -16.14893532 3.076658701
3 49.91364468 -24.5403413
3 16.26195468 35.8177287
3 -34.66976532 1.753738701
3 20.89216468 -58.7708113
3 24.86091468 60.9531487
3 -55.29413532 -59.8963513
3 -83.52481532 -9.516401299
3 -3.002445324 -73.4871413
3 78.43960468 -30.9884413
3 27.50674468 101.3020987
3 -63.11361532 -94.4906813
3 -140.3135953 -24.4800413
3 -80.97241532 -37.6041513
3 -88.90878532 35.8199687
3 -95.14699532 -166.8045513
3 36.10570468 -70.0156013
3 127.3869547 6.052098701
3 109.5275847 -21.7291513
3 -71.71200532 -115.9869613
3 -140.7876253 -96.0285113
3 -153.7311353 -31.3169413
3 -43.93075532 29.5338787
3 -133.2276253 49.7083487
3 -239.8045353 -289.7840213
3 23.53856468 -76.6290713
3 143.2625247 16.6365587
3 134.0015447 -15.7760213
3 74.47029468 -54.8020613
3 -155.0557553 -98.7890413
3 -174.8995053 -56.1249813
3 -320.4197653 -51.1629213
3 -336.2953353 -28.6744613
3 6.573604676 40.7265887
3 -34.67033532 86.4192887
3 -135.2120053 76.1666887
3 -261.6326553 -304.9975613
3 -312.5655153 -252.0820113
3 -49.88387532 -160.6354013
3 202.1317447 32.5104387
3 -217.8942953 -72.6614413
3 -406.4099153 -63.0702913
3 -274.7797153 -110.3645613
3 -360.1078353 -3.539041299
3 -402.7718953 -32.6432113
3 27.50731468 189.6079087
3 -153.0708053 86.7511387
3 -287.3474153 -302.8489413
3 -472.5551853 -423.2332413
3 -299.6821753 -242.3787013
3 -346.8786653 -230.7499813
3 -66.42033532 -184.4479013
3 232.5594047 47.7250987
3 -274.7791453 -110.3634413
3 -254.2745053 -134.5077913
3 34.66420468 201.3796887
3 -34.78892532 181.5359387
3 67.85570468 189.9375187
3 -241.7067953 95.3489787
4 -124.4737085 146.4037964
4 -207.7809885 29.12940638
4 -30.5466285 113.9923364
4 -92.1917085 193.5006864
4 -326.8440585 -31.06441362
4 -70.1982185 66.83141638
4 -123.6748485 2.313166375
4 -222.6643685 -100.1868136
4 41.2575015 102.2194364
4 -3.556298499 247.0788064
4 -155.0302585 179.6100564
4 -192.5680185 -39.00191362
4 -86.7346785 28.46683638
4 -291.4560385 -138.5513936
4 -212.4950185 -143.6788136
4 -39.4404085 -9.567023625
4 87.2288615 97.91995638
4 25.2129815 63.65271638
4 -194.7171885 199.4549264
4 75.1572415 258.3236064
4 -330.3167085 55.91735638
4 -162.8856385 -119.2048636
4 -270.2893685 -172.9472336
4 21.4137515 10.27672638
4 -6.572058499 -38.95162362
4 172.2262615 94.28193638
4 22.7361115 38.05685638
4 -238.3740085 188.2090164
4 71.9326415 355.7233464
4 102.2770415 270.2298564
4 -512.8792185 -47.27014362
4 -156.9319485 -143.0162436
4 44.1724815 -86.90800362
4 16.7835515 -27.42639362
4 247.6330715 102.8820164
4 21.4143215 10.27784638
4 81.6732515 257.4299464
4 -598.8687985 -101.5097336
4 -173.3041185 -223.5279236
4 111.0413615 -21.14254362
4 101.6155815 -120.0305636
4 8.846051501 -5.598273625
4 82.9293815 16.89130638
4 44.1724815 -41.18215362
4 275.5796915 78.40805638
4 227.2152815 119.9735764
4 23.3981315 -11.55139362
4 241.1838515 285.4445164
4 74.4957915 248.4017264
4 -635.2490085 -133.9211936
4 -179.4215285 -296.4745736
4 145.4377615 -42.96955362
4 150.5640615 27.47576638
4 158.5009915 -178.9003536
4 295.2575115 55.91735638
4 237.2145415 69.80797638
4 312.6207915 87.00589638
4 152.3825115 191.5163064
4 287.4859415 293.3820164
4 -774.1552585 -206.6816036
4 -177.4371585 -342.1152036
4 105.0882315 -81.33525362
4 159.9892815 -53.55400362
4 218.8590715 13.25328638
4 192.2353715 52.61005638
4 158.5009915 -192.7909836
4 246.6414515 -116.0595736
4 142.7919315 -192.7898636
4 37.8675315 -234.9589536
4 128.5700115 205.4069364
4 328.4957915 301.3183964
4 -129.4808585 -320.9474136
4 -261.9676585 -367.9546836
4 -173.7991385 -396.3547836
4 215.5517815 -97.21025362
4 237.3799015 23.17516638
4 213.4020415 49.30276638
4 178.3447415 -219.9107736
4 314.7710915 -84.31069362
4 316.7549015 -49.91598362
5 255.7770908 80.33563208
5 239.9020908 64.46063208
5 177.0635508 36.01792208
5 120.8395908 6.913762083
5 98.92935083 -14.08642792
5 75.77774083 -25.99378792
5 200.1319108 22.95412208
5 21.78677083 -17.22834792
5 64.53295083 -37.23858792
5 241.1428908 32.87712208
5 -41.05176917 -5.322097917
5 55.52058083 -14.58363792
5 36.53037083 -32.73804792
5 267.6833408 -8.961237917
5 274.8772708 54.70524208
5 -35.09920917 1.952822083
5 -153.7471692 9.727192083
5 -47.25350917 -31.28545792
5 277.5225308 -18.71774792
5 308.6110808 83.14683208
5 255.7776608 80.33675208
5 66.10391083 -7.307597917
5 -128.6123192 20.97087208
5 -129.5223892 -3.008117917
5 -194.7581492 -11.44058792
5 -98.18522917 -42.52912792
5 43.69758083 -91.14631792
5 398.5694108 102.3291221
5 236.5948008 100.1793821
5 -211.8739492 27.41897208
5 -116.4585892 31.05699208
5 -257.9279892 -64.02764792
5 -153.4175692 -58.73597792
5 56.92618083 -94.45472792
5 -11.86548917 -74.61097792
5 -13.43587917 -104.8715779
5 479.2673308 104.9749621
5 157.8812608 144.4970921
5 -236.5881092 22.63486208
5 -165.5718692 37.34084208
5 12.52579083 21.13511208
5 -108.7685692 38.16878208
5 -273.1409592 -64.68798792
5 -278.1018992 -78.90933792
5 -193.1056392 -66.01313792
5 78.09341083 -99.74527792
5 -7.152599166 -123.3935279
5 -39.64616917 -68.65673792
5 -28.98071917 -109.5029079
5 488.8584708 105.6364121
5 176.9808708 160.5374621
5 89.99910083 124.4879821
5 -396.7521192 -13.92329792
5 -149.6962992 41.97217208
5 -187.7307192 56.52313208
5 96.53156083 33.70394208
5 -82.97168917 57.35107208
5 -359.7920092 -64.02652792
5 -276.3661392 -36.08102792
5 -355.7411392 -75.43779792
5 -241.0607992 -74.94170792
5 -227.1696092 -78.24787792
5 -92.30075917 -155.9468879
5 1.445800834 -138.6081879
5 -56.84464917 -69.31930792
5 -52.15122917 -112.4515679
5 499.4423708 97.70003208
5 227.2522708 175.0906621
5 53.53564083 105.8006621
5 48.98868083 146.3161021
5 -408.6578092 -5.323217917
5 -373.6005092 -35.75029792
6 35.70748 2.2665975
6 189.74403 121.6587075
6 -79.25738 -52.1074525
6 -146.19413 -71.8178525
7 -183.4817614 -48.62741052
7 -184.1432214 -92.94512052
7 -186.1276014 -19.52324052
7 -272.7786414 -98.89824052
7 -69.13159143 34.55208948
7 -232.5118014 -40.19270052
7 -446.0807214 -188.8565805
7 79.77921857 83.33464948
7 -256.9863214 -48.13132052
7 -473.8614114 -188.1940005
7 -388.5338514 -194.1482405
7 -472.6576514 -203.2112805
7 148.5703186 126.9897795
7 -350.2519514 -81.20423052
7 -521.4869714 -216.6378305
7 -422.2682214 -167.0284505
7 -501.6432214 -171.6586605
7 234.5604686 142.8658995
7 -390.6009114 -103.6938205
7 -428.9654914 -126.1834005
7 -550.6738214 -161.9021505
7 -526.1998614 -191.0063205
7 478.3986286 232.1751195
7 -455.4226914 -114.2749105
7 -347.5234314 -96.91387052
7 -390.6003414 -103.6927005
7 454.5855586 212.9917095
7 490.3043086 244.0802495
7 -510.3243014 -133.4583205
7 -272.7775014 -98.89601052
7 443.3407686 164.0437995
7 572.5651086 277.8022795
7 -538.1061114 -133.4594405
7 -546.6223914 -145.2003305
7 -222.5072414 -99.55858052
7 513.0338586 236.7918595
7 409.6063986 133.6167095
7 -559.2727814 -124.1990205
7 -608.1380214 -157.1065805
7 -233.0905714 -128.0012905
7 -184.1426614 -92.94400052
7 572.5656786 277.8033995
7 412.2522286 82.02295948
7 376.5334786 140.2312995
7 551.3163286 168.8281395
7 -606.2363214 -128.1677705
7 -706.0338514 -190.1794905
7 -239.7051614 -137.2617105
7 -162.4336914 -114.5758605
7 -0.3399214293 -87.15624052
7 650.2037786 337.8296195
7 393.0699386 43.65837948
7 350.0751486 133.6167095
7 522.8371386 134.7939295
7 575.1282586 200.5770195
7 -308.4973914 -176.9503305
7 -128.0013814 -106.9999905
7 -30.10611143 -103.6938205
7 72.41992857 -26.96465052
7 677.6542986 336.8374395
7 271.3615986 127.6635895
7 492.4459686 72.25409948
7 591.6652886 205.2083395
7 -169.5911414 -139.9086605
7 -153.7161414 -139.2472005
7 124.0142486 1.47917948
7 721.3111186 351.3906395
7 332.3730486 -19.02715052
7 628.0090186 249.2262195
7 -230.4453114 -203.4086605
7 114.0917986 22.64472948
7 129.3059086 -12.41145052
7 150.4360986 24.99184948
7 766.2897186 317.6551395
7 318.4824286 -36.22507052
7 702.2208186 305.5641495
7 141.2115986 -31.59486052
8 -96.87709853 -0.9428253337
8 -93.40557853 65.03541467
8 -71.08078853 -22.77206533
8 -268.0311485 85.53950467
8 -35.19724853 76.28020467
8 -58.71492853 -64.57840533
8 -16.18031853 -51.21589533
8 -309.8672485 85.04564467
8 10.94004147 119.4414747
8 -54.74617853 -80.45340533
8 -169.8399285 -80.45340533
8 -16.17917853 -51.21365533
8 3.001971466 -78.33568533
8 24.29809147 111.3695047
8 31.61061147 132.1745547
8 -42.83992853 144.4424247
8 -40.65370853 -111.4074853
8 -134.1211785 -110.8804953
8 -209.5274285 -56.64090533
8 9.084551466 -48.04194533
8 44.50905147 -123.1483653
8 38.18872147 106.0778447
8 22.31372147 55.14555467
8 56.74660147 142.4282747
8 -112.9545085 177.5153447
8 44.50848147 -123.1494853
8 -34.70114853 -129.9294353
8 -94.43367853 -124.1096553
8 -221.8938585 -18.14297533
8 33.55851147 -32.82840533
8 70.70263147 -158.3786753
8 64.31632147 95.49450467
8 43.48038147 10.16638467
8 112.9335115 122.6143047
8 50.13145147 174.8386147
8 -180.4232585 180.1611747
8 -39.99281853 -198.7210953
8 -273.3216785 68.34382467
8 67.29288147 -26.87528533
8 141.4121315 -194.2562553
8 111.7130515 -218.5713853
8 108.0750315 -164.0010753
8 141.3762215 90.86430467
8 60.67830147 48.53096467
8 216.6535815 12.94668467
8 98.71216147 98.14034467
8 74.56893147 -8.354445334
8 143.3605915 137.8278447
8 55.42311147 191.0443447
8 -252.9823985 227.2580647
8 -78.52219853 -205.1691953
8 -33.54359853 -241.5505253
8 -309.8678185 85.04452467
8 101.5598315 -16.15748533
8 200.5767415 -229.9429953
8 76.92051147 -247.5025353
8 106.1894715 -137.8669353
8 215.1647315 -170.7744853
8 165.1887215 84.24971467
8 193.9621615 117.9840947
8 255.8438515 26.33898467
8 204.0853115 6.992444666
8 163.2043415 146.4268047
8 -21.96750853 181.7839247
8 158.6100515 236.0223947
8 47.23700147 281.1669247
8 -321.9753385 244.9840947
8 -263.4009385 130.8493947
8 -175.7571385 237.3453047
8 -93.07427853 -241.5494053
8 -132.1008885 -208.4776053
8 -39.82688853 -352.3436753
8 162.4134315 -1.606515334
8 149.6803615 -39.80573533
8 217.7746615 -167.7659053
9 59.29889065 -26.64206436
9 48.59696065 -35.70509436
9 93.36400065 -4.813934355
9 8.945380645 -61.20325436
9 3.405660645 -31.93372436
9 101.3015006 93.08189564
9 92.70254064 -21.35039436
9 146.5292806 24.12598564
9 94.89905065 -54.22593436
9 -94.24155936 -106.1813044
9 -102.4276694 -16.05872436
9 136.3593606 136.7392656
9 150.2499806 -26.64094436
9 71.86660065 -18.70456436
9 202.7532406 65.13640564
9 152.8952506 -55.08476436
9 95.34780065 -107.3410944
9 -171.6321794 -115.4417244
9 -99.53321935 -122.3870344
9 -175.9316594 11.55827564
9 -109.0428194 23.62765564
9 143.6359706 159.2299656
9 146.5287106 24.12486564
9 213.8320906 -43.50924436
9 237.8099606 78.36444564
9 102.6244106 83.82148564
9 183.5344706 -60.84051436
9 -6.304079355 -159.3978044
9 -92.91806935 -154.7973744
9 -233.4790994 0.9738256449
9 -153.4426494 61.16653564
9 -181.2227594 -11.59164436
9 -123.0155594 38.67695564
9 -120.3691594 63.81348564
9 172.7390006 150.9595056
9 22.17454064 180.2290356
9 249.0547506 94.23944564
9 213.8326606 -43.50813436
9 102.5058206 -103.8353044
9 -36.73115936 -174.6113444
9 13.53967065 -150.7988444
9 -118.0540594 -165.0510944
9 -290.3650894 -20.19395436
9 -139.5520194 88.94778564
9 -120.3697294 63.81236564
9 -280.4420794 41.32390564
9 -197.7603494 -65.83346436
9 -150.0526694 1.139185645
9 -325.4218094 -59.88034436
9 -112.4322294 94.23945564
9 145.9505006 178.0804156
9 175.3854006 143.6845756
9 26.47402065 214.6248656
9 20.85219064 166.3395256
9 273.0326206 105.9803356
9 346.7852206 21.97512564
9 -85.34834935 -201.7311444
9 44.29749065 -179.2415544
9 -138.7246294 -177.7841744
9 -376.3541094 -41.35950436
9 -112.4316594 94.24056564
9 -145.5045794 113.4228556
10 -80.25052051 -7.60472322
10 -89.84054051 18.19438678
10 -106.0468305 19.18545678
10 -49.82287051 -33.06975322
10 -119.9374605 38.69847678
10 107.4049995 -103.1939632
10 161.4953295 -102.6363332
10 28.22120949 -99.84816322
10 216.8280795 -91.44233322
10 -16.00582051 -102.0267832
10 108.8525295 -186.5157332
10 275.0364195 -59.69233322
10 -138.6242205 -102.1932632
10 109.7545195 17.53292678
10 409.5022995 1.50150678
10 321.3379295 -87.47470322
10 -231.5585505 -100.8692332
10 -117.4569905 -122.6973532
10 -186.2486605 -43.32235322
10 88.58727949 72.43284678
10 59.40042949 34.23363678
10 495.9634995 47.46391678
10 655.8785695 -172.6251132
10 -273.9745705 -102.0267832
10 -312.9179305 -9.587983221
10 -177.6497005 -69.78069322
10 -193.5247005 -32.07756322
10 119.6763895 83.67875678
10 26.41019949 157.7609768
10 0.6133194915 48.62034678
10 39.55724949 34.23474678
10 539.0398395 71.43954678
10 724.8355995 -149.1433432
10 -328.1320305 13.56193678
10 -270.9153205 17.53180678
10 -391.3007405 -56.55152322
10 -208.9119305 -4.21422322
10 -190.0918405 -57.04988322
10 233.4466595 129.3182668
10 -44.03511051 221.2609768
10 23.76436949 40.02139678
10 -67.59957051 77.88988678
10 -113.1575105 41.34430678
10 -48.16866051 20.50948678
10 554.9154095 78.71670678
10 878.3685295 -35.71558322
10 -362.8574705 -10.24832322
10 -336.7304305 26.79222678
10 -314.5710105 30.76209678
10 -244.4564205 36.05375678
10 -247.7642805 16.20889678
10 -200.8007405 -28.10881322
10 -220.4791205 11.24795678
10 -57.92574051 247.0578468
10 58.16019949 47.95889678
10 -121.9212905 86.26161678
10 -113.8189705 145.8547268
10 -169.7122005 18.19326678
10 -89.84110051 18.19326678
11 9.988922894 79.77262368
11 118.8455929 127.7603637
11 -48.21941711 58.60595368
11 95.85991289 130.7369237
11 -111.0585171 34.79233368
11 -59.46420711 32.47835368
11 44.92762289 128.7525537
11 -111.0579571 34.79345368
11 -130.1575671 -68.22868632
11 29.05262289 125.4452637
11 -156.0371171 39.42366368
11 -118.2513171 -76.82763632
11 -184.3971471 -6.713056316
11 -346.5371271 26.19449368
11 -145.3711071 -113.8693063
11 -73.35482711 -113.0424863
11 -231.3606871 13.79215368
11 -149.3392871 -138.3421463
11 -86.58399711 -123.6258163
11 -30.14789711 -98.62375632
11 -35.43956711 -25.20187632
11 -14.48503711 -91.87581632
11 -22.21039711 1.256453684
11 118.4680829 -68.06331632
11 -8.531917105 -75.33935632
11 -16.91872711 33.00645368
11 179.9837129 -66.07894632
11 69.52017289 -17.13102632
11 14.16981289 66.07937368
11 213.4781229 -56.47544632
11 30.04481289 77.98562368
11 20.73762289 40.41585368
11 9.989482895 79.77374368
11 193.6343729 -44.56919632
11 391.8625229 31.02208368
11 184.3739529 -16.78794632
11 168.2896029 2.579373684
11 185.6968729 36.12872368
12 191.5724984 22.23919444
12 136.0099984 6.364194445
12 71.18707839 -24.06288556
12 139.6839284 -32.69386556
12 133.3641684 104.2600244
12 28.85374839 -29.35455556
12 83.79012839 -59.48404556
12 156.5511184 -25.74854556
12 260.4006484 -140.1797256
12 -51.84417161 -108.7295556
12 84.41624839 -22.73997556
12 289.5042384 -153.4100056
12 -37.75227161 150.0340044
12 -80.91185161 -121.6588856
12 63.24957839 59.28086444
12 364.8745784 -157.6774756
12 304.0563284 -163.3318856
12 -183.2725316 103.0715844
12 46.91439839 165.9090044
12 -242.8870316 -203.8462056
12 438.8284584 -175.7342256
12 425.5987284 -220.0530556
12 -220.8467716 98.30690444
12 -149.7400016 -14.80247556
12 51.34332839 194.2183644
12 100.4925284 187.0756744
12 -318.2932816 -230.9659956
12 -305.7255716 -202.5232856
12 440.1513784 -108.2654756
12 428.2456984 -240.5560256
12 -266.7822216 95.29832444
12 -217.5394816 132.0412744
12 -229.7405516 -30.37875556
12 -82.27125161 -1.573305555
12 46.91553839 206.9216544
12 -24.06292161 174.3746144
12 183.6349984 252.4266944
12 -365.2568216 -231.6274556
12 -316.4275016 -161.6462256
12 469.1827384 -155.9098556
12 441.4014884 -90.42547556
12 427.5836684 -267.6769356
12 -383.0335216 85.21108444
12 -268.1051316 113.1577044
12 -214.2321916 155.8537744
12 -113.1579516 165.2486644
12 -288.6462516 -6.864975555
12 -288.6462516 -28.03163556
12 -208.5738816 -46.91521556
12 48.69749839 274.9162744
12 183.6349984 178.3433644
12 290.7912484 304.0204444
12 179.6662484 319.8954444
12 -386.4234916 -260.7316256
12 -455.3337516 -267.4795556
12 -299.1936716 -128.9360456
12 571.7087784 -226.0244356
12 483.7348184 -106.3004756
12 440.1513784 -55.34880556
12 349.5321584 -68.57685556
12 -381.1479616 59.07694444
12 -373.2770116 136.9702044
12 -486.2204516 144.7434544
12 -231.7608316 154.5308644
12 -222.5004216 187.6037744
12 -271.4483316 55.31211444
12 -347.8108616 28.82176444
12 -412.3024816 -24.42451556
12 -80.91242161 -121.6600056
12 281.2360184 185.5873844
12 163.7912484 178.3433644
12 268.3016684 355.6141944
12 310.6349984 253.7496144
12 177.8837184 347.1497044
12 91.36155839 267.6402344
12 -491.5953716 -324.2316256
12 -533.3858316 -297.9066356
12 -524.1254216 -248.9587256
12 -310.4384716 -128.9360456
12 596.3849984 -172.2295556
12 420.3076284 -14.99985556
13 363.2833978 269.2630046
13 386.8571478 289.2516246
13 315.6578278 243.4650046
13 382.4651178 209.0691746
13 550.4755378 163.4285546
13 270.0171978 267.9389646
13 445.7269378 177.4651646
13 256.7880378 277.1993846
13 549.8140778 135.6473046
13 389.5035578 153.6537846
13 189.4019678 311.4298546
13 326.6638678 174.1567546
13 293.5920978 147.0391946
13 382.4656878 209.0702946
13 226.1955878 121.9220446
13 341.2893378 207.2501646
13 101.1805278 64.70701458
13 253.3159478 141.1054446
13 76.37527778 46.51579458
13 210.9092378 156.2984946
13 70.75287778 30.31006458
13 53.55495778 15.09651458
13 41.64927778 26.34242458
13 116.9821478 -0.4671254174
13 84.97422778 -37.82014542
13 52.89349778 -3.424315417
13 52.89349778 30.97151458
13 27.09662778 48.83089458
13 218.1858478 6.148574583
13 -34.17095222 -46.41910542
13 35.82503778 59.28087458
13 268.4566778 -12.37226542
13 -55.33762222 -55.67952542
13 14.52891778 81.90381458
13 165.2691778 -35.52330542
13 347.1696478 -42.80046542
13 -169.7699122 -73.53889542
13 -5.975722222 92.48826458
13 202.3102778 -55.36816542
13 142.7795978 -51.39830542
13 -230.6235122 -131.0846554
13 -11.26795222 111.6694346
13 107.7222978 -69.91913542
13 -276.2647022 -137.0388954
13 -198.0004822 -127.2503754
13 -319.9203822 -121.8242354
13 -146.7374622 -89.54724542
13 -149.0525622 -119.3128754
13 -251.1292822 -95.36702542
13 -403.9261622 -148.9451454
13 70.09198778 -60.97007542
13 -240.1319722 -82.79819542
13 -448.9047622 -166.1419454
13 -402.6032422 -109.2576454
13 -78.73670222 -162.8357754
13 115.7320478 -56.34098542
13 -207.0596222 -72.21598542
13 -480.4431922 -212.5784954
13 -420.4626222 -110.5805654
13 -240.1325422 -82.79931542
13 -388.1697522 -257.5576654
13 -145.8412522 -164.1652254
13 -158.5251222 -29.88264542
13 -447.3369222 -218.9059254
13 -538.6515222 -203.3180754
13 -496.5303322 -123.8097354
13 -190.8204222 -171.0443954
13 -65.50697222 44.86326458
13 -58.23150222 -18.96858542
13 -432.3666822 -227.6095554
13 -563.4197322 -140.5104354
13 -244.7954222 -186.3902254
14 66.41672761 -20.41044207
14 37.51382761 -14.98543207
14 14.82297761 -50.83753207
14 -50.46012239 -30.19897207
14 17.25666761 -66.57918207
14 -5.682232392 -39.59273207
14 -75.34749239 -39.45938207
14 -95.19124239 -29.53751207
14 8.869847608 -99.12398207
14 80.30734761 -144.1031521
14 -53.51937239 -52.68855207
14 -147.6939324 -50.04160207
14 -145.2499424 -0.5666920652
14 -217.1470624 -18.95306207
14 -28.17182239 -101.7698221
14 -45.36973239 -140.1344021
14 -217.1476324 -18.95418207
14 -287.2622124 -59.30313207
14 -199.9497124 17.42602793
14 -38.96729239 -155.2145921
14 -246.2517924 -2.417722065
14 -306.4445024 -61.94897207
14 -168.1991424 31.31777793
14 -52.19645239 -174.0661521
14 -256.1736724 2.873947935
14 -119.9132524 42.56144793
14 23.42192761 -179.1604421
14 -73.15098239 -171.8844021
14 -293.8767924 24.70206793
14 -25.32471239 45.20727793
14 -129.9178124 66.04321793
14 101.4740176 -181.1448221
14 -109.5311924 -152.7021121
14 -148.5207524 98.29042793
14 -104.7823924 63.39738793
14 186.8021376 -179.8219021
14 -128.2641624 96.13956793
14 -180.6379624 100.6364279
14 -153.1515324 114.1643079
14 -96.84489239 100.4390479
14 118.7905276 97.79321793
14 218.5521376 -158.6552321
14 112.0573476 -242.6604421
14 -153.8124224 132.0248079
14 -208.3006224 86.87915793
14 -131.0285924 121.8030979
14 -28.05322239 190.3973879
14 159.8009376 95.14738793
14 156.3750576 29.19892793
14 278.7448476 -134.8427321
14 308.5463876 -66.41381207
14 87.58338761 -257.2125321
14 -153.1874424 156.8603879
14 -252.2043524 91.51047793
14 -222.8532724 65.04991793
14 27.72140761 205.8083079
14 224.7071076 59.09902793
14 98.82818761 140.9853879
14 181.2983376 -28.21459207
14 372.6719376 -85.23336207
14 181.2977676 -28.21571207
14 323.0990376 -70.38144207
14 385.2755476 -14.82006207
14 28.91543761 -299.4113921
14 -164.4322324 242.8499679
14 -235.4204124 78.28019793
14 -273.9035924 102.6208079
14 -249.9725024 51.82186793
14 -168.1997124 31.31665793
14 -4.690042392 242.8499679
14 155.8321876 241.9911379
14 300.1127876 74.31144793
14 173.1127876 53.80623793
14 480.0300276 -52.68743207
14 123.9995076 -2.252352065
14 118.4597976 -78.48543207
14 301.2697776 -74.35243207
14 481.8490376 -32.01686207
14 514.2604976 12.96230793
14 -75.59554239 -347.0375121
14 -54.63015239 273.2770579
14 -144.5884824 318.2562179
14 -249.9719324 51.82297793
14 -280.3169024 157.9859279
14 -282.6320024 35.28540793
14 363.6127876 78.28019793
14 99.48963761 -97.13961207
14 259.5984676 -75.67423207
14 528.8125776 49.34251793
14 -94.77726239 -362.9113921
14 183.4948476 368.5270579
14 -256.1731024 2.875067935
15 79.55934667 79.03896174
15 61.53460667 134.4360917
15 98.74163667 -25.47145826
15 72.03525667 182.3918217
15 93.44997667 -46.63812826
15 115.0300467 175.7772417
15 80.22080667 202.7316617
15 92.62314667 -64.66286826
15 58.39267667 41.99729174
15 130.2435967 167.1782817
15 -187.9172933 -69.29195826
15 91.79632667 -78.38812826
15 -17.92307333 68.62099174
15 41.69199667 126.5008317
15 168.0288367 189.3360117
15 61.53574667 134.4383317
15 152.1543967 148.9881717
15 -242.1574533 -102.3659883
15 -40.41265333 16.03505174
15 -185.9334933 -107.6576583
15 87.49684667 -112.7839583
15 -87.49479333 -132.2649683
15 -77.37164333 43.81630174
15 -40.41265333 89.78765174
15 30.44606667 82.18088174
15 26.64267667 170.3202117
15 24.62239667 115.1204517
15 277.1705967 189.9997117
15 197.1335667 207.1965117
15 195.0665067 99.04807174
15 -270.7187533 -112.4212183
15 -328.9270833 -104.4837183
15 -183.4062533 -132.5956983
15 -152.3177033 -121.0201783
15 208.9582767 -133.7830283
15 86.17449667 -126.6734683
15 -127.1463833 -141.8881283
15 -285.0689933 -80.53674826
15 -3.949193333 100.7028317
15 -142.8560133 39.84755174
15 -75.12991333 117.2176817
15 -5.143233333 116.4433717
15 282.4616967 197.9360917
15 249.3887767 234.3163017
15 281.8013767 43.15708174
15 -335.5416633 -143.5097583
15 -367.0903933 -124.8555783
15 -241.6145833 -154.0930883
15 -181.4218733 -147.8092383
15 201.6816667 -156.2737283
15 238.0613067 -142.0534883
15 124.9519267 -130.4779683
15 77.24424667 -177.6068783
15 -242.0742033 -44.15653826
15 -83.06628333 169.1443917
15 -135.0012033 150.6418217
15 -38.87760333 136.2871217
15 341.4609367 232.1985717
15 277.1700267 189.9985917
15 326.1179467 20.00380174
15 -472.9231533 -185.7086183
15 -538.0773733 -185.0482783
15 -345.4264933 -191.4952683
15 166.6238067 -199.9310983
15 211.2728067 -114.9325783
15 240.7077067 -149.3284183
15 194.4050567 -150.9831783
15 64.34580667 -249.7058383
15 -373.0435133 -71.93890826
16 290.2263249 -58.6855444
16 273.6898649 -57.3626244
16 243.7029049 -61.7917744
16 215.9216549 -52.5313644
16 169.1794449 -41.4876244
16 157.7133249 -42.6094844
16 95.53624493 -47.2396944
16 58.13713493 -52.5670544
16 1.251714932 -58.5201744
16 -12.72102507 -40.1635944
16 26.38713493 -88.9472644
16 -26.52953507 -59.8430944
16 -49.10180507 -38.1803344
16 -32.48209507 -23.4617644
16 129.4919449 -28.2584644
16 71.36629493 -135.2493444
16 -49.01911507 -62.4889244
16 -157.9116951 -39.1725244
16 -85.39932507 14.2402356
16 -155.5965951 -20.6516844
16 156.2815749 -23.2964044
16 89.22567493 -155.7545544
16 -75.47745507 -62.4889244
16 -27.85188507 51.9444856
16 -155.5954551 -20.6494544
16 -222.4033151 -20.6505744
16 186.7639549 -16.4161244
16 -93.64084507 -66.4219844
16 123.7515049 101.8019256
16 -14.45848507 62.5255756
16 -170.8101351 -2.1308544
16 -148.3205551 -39.1725244
16 -234.9710251 -48.4318244
16 -246.8778451 -23.9589844
16 267.4886949 61.2037756
16 -136.4143051 -68.9381444
16 131.7249349 90.9705256
16 118.4952049 107.5058656
16 -76.88248507 42.1879756
16 -143.6903451 -44.4641844
16 -310.3778451 -62.3235644
16 -276.3127351 -38.8417944
16 311.1449449 110.1516956
16 -145.2345951 -69.7292744
16 146.1578649 69.9174356
16 117.3370849 113.7885956
16 -28.51447507 67.8172456
16 -234.9715951 -48.4329344
16 -136.4137351 -68.9370244
16 -352.9597851 -77.7035844
16 -316.3309651 -55.0475244
16 371.2549749 100.3951856
16 368.0303649 174.9746156
16 268.0674749 134.1295656
16 -207.1076651 -81.6712244
16 181.9952049 -2.9576744
16 158.1827049 138.9251356
16 116.0147349 117.0970056
16 110.9716849 147.3598456
16 -114.3574851 -93.3693844
16 -397.6897751 -103.3328644
16 -339.0685951 -101.5149744
16 -361.5581851 -62.4889244
16 388.3702049 84.3548256
16 456.6657749 241.7819056
16 231.0263749 177.1254756
16 -255.4762351 -89.4422344
16 161.5726749 128.1764356
16 154.3787549 146.3654256
16 113.8644249 131.1518856
16 113.2035349 136.7753956
16 145.0367849 158.6046356
16 -107.3101351 -112.5943944
16 -497.9012851 -120.2011644
16 -321.8706851 -120.6972644
17 147.7575466 327.4986606
17 126.0953466 314.9320706
17 216.8440366 377.6361506
17 88.22572662 284.1720206
17 85.57989662 147.2501506
17 50.52316662 256.7226206
17 38.12082662 226.2955406
17 -88.87917338 221.0038706
17 35.67621662 184.4150406
17 -49.35704338 150.5585606
17 0.2523366241 133.3606406
17 -118.2303034 134.7857606
17 18.11079662 127.2577306
17 31.21515662 147.3324906
17 -46.66442338 117.9310706
17 73.67477662 107.5648906
17 86.24191662 194.8762706
17 -14.91442338 106.0248206
17 -161.8049534 104.9179306
17 114.6846266 213.3971006
17 -79.73734338 20.69669062
17 56.06288662 84.24736062
17 -168.3362934 56.46723062
17 19.68323662 -2.402559375
17 53.54650662 29.95711062
17 73.67420662 107.5637706
17 -153.1233134 -23.57034938
17 40.27169662 -0.5824293753
17 14.85119662 -10.72257938
17 199.0216966 17.93840062
17 51.89286662 21.68888062
17 70.69764662 144.9361606
17 -131.0003634 -63.63923938
17 171.2398766 11.98416062
17 -20.20609338 -25.27465938
17 2.944946624 -34.20434938
17 19.68267662 -2.403679375
17 85.58045662 147.2512706
17 -233.8571334 -36.51944938
17 -127.3264434 -71.52607938
17 -80.06807338 -66.28507938
17 199.0205666 17.93616062
17 14.14295662 -103.4414394
17 -5.984743376 -35.85798938
17 132.1465966 155.4181606
17 -240.9094134 -115.7305494
17 -100.9507934 -144.7825894
17 -121.1252734 -100.7956094
17 -58.57067338 -67.93871938
17 242.5577966 -43.93538938
17 238.7080666 17.93616062
17 57.28446662 -175.2577994
17 -118.1487034 -110.7174794
17 42.92543662 -105.1355294
17 -38.06547338 -68.26944938
17 -282.7691534 -137.6719094
17 -260.0315234 -208.9440494
17 -124.7632934 -104.1028994
17 -235.8907234 -70.00469938
17 288.0693966 -71.52607938
17 321.7210866 11.65231062
17 68.46522662 -184.9661794
17 25.80116662 -201.8333694
17 -134.3538734 -111.0470894
17 128.6579366 -106.9140994
17 67.14230662 -133.3724294
17 -309.5582134 -137.6719094
17 -304.2665434 -92.03127938
17 -239.5263134 -207.6211294
17 -289.0530034 -208.4479494
17 -281.4462334 -24.56252938
17 310.2282466 -90.70836938
17 365.3773366 4.376270625
17 73.75689662 -194.8880594
17 39.60910662 -202.3294594
17 2.567436624 -214.2357094
17 -1.401313376 -202.9909194
17 -225.6356834 -190.4232094
17 199.0624766 -101.2321094
17 56.55954662 -121.4650594
18 46.31717787 -31.0877312
18 23.08344787 -43.4900712
18 77.80047787 -4.5121612
18 19.11469787 -32.2452812
18 60.12511787 -31.5838212
18 3.652547868 -54.2398912
18 88.98123787 -14.2205412
18 34.65896787 67.3041988
18 -2.051962133 -36.8754912
18 118.3340179 -34.2285412
18 25.31643787 -86.9798412
18 -68.23370213 -91.0003812
18 -2.713422133 -49.4432012
18 94.27290787 -24.1424212
18 0.3099178672 145.4709788
18 63.44144787 65.6101088
18 -97.63269213 60.0281588
18 -99.94780213 -41.5057012
18 23.08401787 -43.4889512
18 140.5749879 -32.7413712
18 70.46040787 -146.1814812
18 -99.03829213 -98.8872112
18 25.31587787 -86.9809612
18 27.84311787 -164.1742012
18 -119.1300921 -71.2713212
18 136.5241179 -21.3301012
18 46.31660787 -31.0888512
18 35.36720787 160.0230588
18 -59.55206213 104.4605588
18 149.1739479 63.8315388
18 87.65831787 37.3732088
18 -113.8378621 59.6985488
18 -136.3280121 -36.8754912
18 -2.712862133 -49.4420812
18 218.2142279 -36.2129112
18 -208.9722621 -169.1902312
18 107.3367079 -94.2570012
18 -24.78959213 -166.0252312
18 126.2715179 -178.4264512
18 -183.8235421 -82.4841012
18 -98.16469213 -66.9398312
18 122.7156179 6.9461288
18 223.1751679 -21.9915612
18 60.78770787 170.1632088
18 40.19924787 168.3430788
18 23.46095787 136.5412888
18 -100.6092621 69.9500288
18 -38.05466213 102.8069188
18 -110.4843521 107.1063988
18 219.5784879 69.5135288
18 77.07555787 49.2805788
18 99.56400787 28.7731288
18 -205.1196721 -19.6775712
18 -104.2472821 66.6427388
18 -219.0103021 -36.8754912
18 -72.16655213 -59.3650712
18 238.3881379 -21.3312212
18 255.2553279 -32.2452812
18 -199.0011821 -187.8533512
18 -242.6933421 -98.0283712
18 -99.03773213 -98.8860912
18 -257.3743121 -67.9629112
18 219.9499879 6.6153988
18 191.7558879 182.7297988
18 -59.22133213 191.4423288
18 14.53126787 134.8876488
18 -17.54946213 102.4761888
18 -106.8104321 99.2195588
18 -132.6073021 147.1752888
18 -213.3411221 134.2261888
18 259.7280179 65.3312888
18 -220.3934021 55.0150888
18 -243.1067521 -56.2738112
18 -239.5155121 -38.1984112
18 301.5579779 31.2558388
19 161.4166637 -210.9210705
19 154.8020837 -163.2960705
19 265.2656237 -97.15024048
19 148.1130337 -129.6247505
19 291.0624937 -107.0721105
19 191.2187637 -86.59780048
19 157.3184537 -119.0103805
19 172.0364737 -124.9623905
19 130.3640237 -133.5624605
19 295.6927037 -126.9158605
19 113.7916637 -69.36899048
19 169.3900737 -59.47913048
19 139.4590837 -112.3957905
19 172.0359037 -124.9635005
19 107.8750137 -140.1759305
19 307.3868137 -156.5481405
19 47.68173369 -79.32288048
19 169.3906337 -59.47801048
19 51.49690369 -49.18481048
19 138.9635537 -20.45197048
19 197.6674137 -132.2395405
19 -9.69690631 -137.1527905
19 50.98902369 -167.2968405
19 306.0638937 -241.8762605
19 -95.19326631 -109.0885005
19 20.39658369 -44.92704048
19 96.62965369 0.7135795243
19 -112.5565463 -131.5780905
19 -145.2015563 -66.33348048
19 -162.4881563 -81.38956048
19 -10.02993631 -52.86343048
19 97.78720369 -29.71350048
19 81.41611369 24.52607952
19 -156.3542063 -128.2306705
19 -195.9002963 -75.35413048
19 -72.04222631 -16.81507048
19 -92.71279631 -71.38538048
19 138.9629837 -20.45309048
19 127.7187637 9.313659524
19 23.20834369 33.12615952
19 56.94272369 66.86052952
19 -210.4523763 -122.9791305
19 -231.4536863 -69.40100048
19 143.4278337 -8.546840476
19 109.8588237 60.24482952
19 -28.38540631 81.41261952
19 -120.6657363 31.25216952
19 50.82423369 134.3292795
19 -164.1610563 209.1368695
19 56.94215369 66.85940952
19 -104.4895863 89.21564952
19 -122.4784163 47.67711952
19 -168.6145763 9.313659524
19 80.75522369 141.6053195
19 14.44345369 158.1406595
19 -186.4663463 227.5387395
19 109.8593837 60.24594952
19 -183.1205563 119.0792595
19 -150.0943063 30.47920952
19 -236.7442163 -22.43522048
19 124.3896137 155.3380995
19 69.22398369 158.3808095
19 98.61402369 131.0208695
19 12.45908369 187.2448295
19 -218.8859763 250.0833695
19 -249.6437863 211.7187895
19 142.2702737 61.56774952
19 -246.0063363 116.7983995
19 -115.0364463 68.84490952
19 -168.6151363 9.312539524
19 -266.6763363 -32.35934048
19 -324.8846763 -85.27600048
19 -166.6307663 43.70836952
19 146.9010537 164.0949095
19 91.63281369 158.6687695
19 43.34635369 158.6687695
19 142.2697137 61.56662952
19 -4.73883631 217.0104595
19 -241.3755563 271.9114995
19 215.6927237 61.56886952
19 -257.9120163 115.4765995
19 -302.3950863 -40.95829048
19 -267.8338863 -3.585900476
19 -445.5181363 -141.3346005
20 53.14986295 -39.83836179
20 131.2019429 -9.411281795
20 -11.67305705 -68.94253179
20 221.2788729 26.44081821
20 -158.5168071 -128.4737818
20 280.8101229 55.54498821
20 200.1122029 -2.663351795
20 -255.0897271 -158.9008618
20 -371.5063871 -283.2550318
20 62.41027295 9.109548205
20 270.1081929 96.42204821
20 343.6486629 54.22206821
20 268.2424129 27.10227821
20 94.94032295 -66.16335179
20 -346.3709771 -194.6196118
20 -302.5961371 -254.6789718
20 -544.8084771 -315.0050318
20 287.3420229 129.1322282
20 505.6238429 136.4093882
20 22.17991295 -136.9393918
20 -492.3519971 -372.4185518
20 -154.4294671 -220.9446018
20 -478.6626471 -238.2758618
20 -675.4105871 -346.7870418
20 -562.9626671 -364.6464218
20 276.0972229 129.1322282
20 297.8894429 230.0366382
20 534.6915229 149.3387182
20 -703.8527271 -340.8328018
20 -634.4001671 -353.4016318
20 -667.4730871 -262.7818418
20 207.6362929 119.5410782
20 174.2332129 233.6437582
20 356.7951429 227.6895182
20 297.8894429 251.2032982
20 670.3258229 198.5842282
20 548.7834229 408.1022782
20 -714.0226471 -482.5502518
20 -866.5714771 -338.8484318
20 -655.0707471 -222.9289718
20 59.46962295 97.05149821
20 63.76910295 239.5957682
20 57.48524295 128.8014982
20 209.0257529 262.5749082
20 377.9618129 211.1530582
20 436.7956929 243.2657982
20 315.0873629 313.3803882
20 238.7248329 286.8900382
20 726.2196229 225.3744082
20 846.9363429 117.8885482
20 670.9519429 235.3282982
20 633.4500929 423.9772782
20 403.2631629 361.1398582
20 -715.3461371 -515.6242818
20 -694.0962171 -240.7872318
20 -907.0857971 -337.3601518
20 -920.9769971 -379.0331418
20 -633.9035071 -173.9799418
20 24.41233295 88.45253821
20 57.48581295 128.8026182
20 60.79197295 58.68579821
20 57.31988295 282.4251982
20 168.0153329 322.7676182
20 505.6232729 136.4082682
20 504.2644429 256.4949682
20 743.0868129 232.3197282
20 722.5456929 264.4324682
20 876.0399329 104.6582682
20 649.7852729 317.3491382
20 637.8790229 452.2866382
20 687.0282229 445.1439482
20 365.6889229 356.3751782
20 -977.2836371 -628.0722018
20 -565.1950971 -452.4550118
20 -730.8904071 -237.1503318
20 -655.0701771 -222.9278518
20 -887.9035071 -304.9486918
20 -920.9764271 -379.0320218
21 71.46351782 -3.568634103
21 28.69005782 -6.084794103
21 89.62690782 0.3644258974
21 19.86976782 -6.875924103
21 116.0852478 0.3644258974
21 -42.00330218 -18.8178741
21 138.5748278 3.010255897
21 -90.37187218 -26.5888841
21 166.3560778 4.333175897
21 -103.6016022 -14.0222941
21 -44.07035218 -85.4597941
21 -123.3626722 -31.3855741
21 191.4914978 -26.0939141
21 223.2414978 10.2862959
21 152.3833378 22.6897559
21 -26.87187218 -108.6097241
21 -173.9642322 -38.6616241
21 236.4706578 -72.3959941
21 260.6406078 15.6136559
21 132.6222678 39.3915859
21 294.5963078 34.5948859
21 116.0025578 24.6730159
21 -92.93559218 -110.0991241
21 80.36649782 -109.4376641
21 -187.8554222 -14.8502341
21 -156.7663222 -57.8439141
21 -206.7064222 -47.2605741
21 254.3300378 -92.9012041
21 322.8176878 20.2438659
21 9.50776782 42.2016659
21 79.70503782 77.0935859
21 321.3859378 39.5569459
21 7.19266782 23.6808259
21 -122.7006522 -120.6813341
21 236.4712278 -72.3948741
21 -196.4538222 0.3644258974
21 -145.2734822 0.5297858973
21 -232.5854122 -40.4795141
21 -232.5859822 -40.4806341
21 334.2838078 21.3657259
21 -57.29895218 42.2027759
21 9.508907821 42.2038959
21 137.2524778 114.7978359
21 351.8683178 46.4372259
21 -139.2376722 -95.5470341
21 -371.4095522 -137.2189141
21 -281.6019822 -32.1889341
21 -132.3750422 29.3032259
21 -202.7371022 18.8863759
21 -69.86666218 14.4215259
21 -332.7969222 -57.3478141
21 381.0260178 10.3219859
21 -81.77348218 38.8943659
21 -5.70577218 60.7224959
21 16.78380782 23.6808259
21 288.8558678 164.6552759
21 150.6458778 125.3789259
21 432.5930578 124.0571259
21 -44.06979218 -85.4586741
21 -256.5085222 -113.0456141
21 -283.2748722 -2.076784103
21 -291.1250422 -36.8426041
21 -111.2078122 24.0126759
21 -145.6036422 32.6116359
21 -228.9473922 55.1012159
21 -218.2819422 14.2550459
21 -481.0462722 -127.6277641
21 408.8072678 1.061575897
21 -111.2083722 24.0115559
21 88.22187782 105.0413259
21 21.41401782 18.3891659
21 296.8292978 153.8238759
21 283.5995678 170.3592159
21 476.2493078 173.0050459
21 -297.3262122 -117.3751641
21 -260.4119522 7.960595897
21 -346.8449522 -18.8057541
21 -299.0625422 -47.4259441
22 -18.07986 18.74132
22 -1.5434 -0.4409699999
22 19.62326 -18.30035
23 -87.52561836 -20.2765706
23 -60.40638836 -7.048520597
23 -45.85373836 14.7807194
23 -72.97352836 6.181759403
23 -5.752828359 -40.7817806
23 9.295351641 42.0658694
23 -89.75746836 19.4120394
23 -87.52504836 -20.2754606
23 31.41829164 49.7046594
23 13.92613164 26.1919894
23 8.634461641 59.9263694
23 -111.4567084 30.5223694
23 -93.72621836 -69.2233706
23 -18.19107836 28.5379894
23 34.18272164 24.0411294
23 32.52907164 -6.055220597
23 9.259441641 84.7619494
23 134.3936616 118.2989494
23 -117.8700184 85.8874894
23 -120.1851184 -36.8130306
23 -97.44748836 -95.0213706
23 57.66449164 -8.701050597
23 42.53363164 -29.5369906
23 -1.985348359 170.7515294
23 65.60199164 28.3406094
23 190.1682916 133.7098694
23 -128.4533484 133.5124894
23 -131.4293384 -47.3952506
23 -138.4579084 -146.6151206
23 281.2374116 25.6947794
23 137.1221716 -26.8911606
23 -5.752258359 -40.7806606
23 107.8167316 201.1786194
23 17.85840164 246.1577794
23 261.2750716 68.8869494
23 318.2790716 169.8926994
23 157.7568416 170.7515294
23 -144.9898084 171.8770694
23 -143.9970484 -134.0462906
23 -138.5764984 -241.9984706
23 318.8219416 -42.8995106
23 322.2478216 23.0489494
23 -37.50282836 -54.6724106
23 345.9417316 296.4286194
23 -139.8994084 198.5327794
23 -164.1715284 -168.9382206
23 -131.8427584 -301.3952506
23 343.7452216 -100.3130306
23 387.1539916 -12.9994106
23 -83.80490836 -74.5161606
23 17.19694164 -72.6651306
23 -205.7145184 169.0978894
23 -128.4533484 234.0541594
23 -93.80946836 208.9187394
23 -140.3595984 251.9135294
23 -226.4318684 -176.3807406
23 -180.7085584 -325.5395906
23 -143.0875484 -339.7598306
23 -20.71831836 -298.7505306
23 462.5596716 2.213009403
23 335.5596716 -18.2922006
23 -54.70074836 -91.0526206
23 -93.72678836 -69.2244906
23 67.25564164 -101.6359506
23 -273.5139984 162.4833094
23 -226.4324284 -229.2985306
23 -324.2444484 -207.9642606
24 -173.994303 11.76235427
24 -86.01977303 5.148894269
24 -195.821863 9.117644269
24 -6.645343035 19.69985427
24 59.50105696 91.79993427
24 -225.789323 87.53135427
24 -187.554193 -5.766285731
24 -101.435153 43.87510427
24 45.60986697 -1.466805731
24 146.812997 148.6842343
24 88.60465697 88.49152427
24 -234.388283 96.79176427
24 -169.033363 -17.67253573
24 -49.17994303 117.2969743
24 98.52653697 -2.789725731
24 169.964037 -19.98764573
24 -245.761963 108.0056643
24 -146.543783 -65.29753573
24 -71.00807303 170.8751043
24 -36.61224303 137.8021843
24 146.151537 -21.31055573
24 -277.511963 143.7244143
24 -171.219013 -80.47906573
24 -150.595213 169.3548043
24 169.965737 -19.98428573
24 -185.109633 -87.75510573
24 -149.933753 144.2193943
24 -141.335363 251.3745243
24 328.512767 21.38551427
24 107.254947 -56.99729573
24 184.976307 -54.02073573
24 235.448407 54.09569427
24 -188.416923 -102.3071857
24 -137.282793 123.8806643
24 -95.03271303 353.9016843
24 82.81689697 -65.29753573
24 36.51538697 -211.4787157
24 179.023177 -75.84885573
24 240.079187 70.63326427
24 -176.510673 -95.69260573
24 -194.370053 -119.5051057
24 -213.516433 -117.5527457
24 -211.366133 114.6202443
24 -135.381673 100.5631443
24 -36.16292303 377.7141843
24 12.70231696 -206.1881657
24 53.71272697 -109.6152457
24 126.473147 -230.0006657
24 165.794007 -111.5676057
24 234.585677 -85.10927573
24 246.032307 90.47701427
24 -256.547133 -165.8071857
24 -253.203933 -118.8756657
24 -245.762533 108.0045443
24 -4.412923035 404.1725143
24 35.85335697 -147.3183757
24 -6.480543035 -204.2049057
24 10.05647697 -212.8027457
24 37.17627697 -116.2298257
24 167.778387 -186.3123957
24 120.153387 -143.9790657
24 261.044007 -84.44781573
24 262.366927 -91.72385573
24 266.537517 112.3051443
24 -317.401303 -202.1873957
24 96.79020697 445.8443943
24 -48.73063303 402.8495943
24 37.17683697 -116.2287157
24 -162.832193 -180.5566557
24 -38.22997303 -231.9850357
24 6.087726965 -154.5944157
24 169.101307 -258.4113557
24 549.439847 8.817814269
24 302.054427 -120.8280257
24 309.330467 114.6511443
24 291.010907 134.1321543
24 -353.084143 -223.3860757
24 -311.412273 -163.1933757
24 141.320057 451.9948943
24 -36.16178303 377.7164143
24 -120.084313 403.0172043
24 -61.87654303 438.7348343
24 -148.692953 -202.2182957
24 -191.026853 -175.7610757
24 -89.85963304 -265.3566657
24 -6.479973035 -204.2037857
24 57.02002697 -340.4642057
24 215.568747 -230.0513357
24 550.881917 -50.24824573
25 -6.105953333 26.6141475
25 -21.65136333 25.2889875
25 23.04441667 -15.1922025
25 81.91421667 11.9275975
25 87.15910667 27.2744875
25 -39.79412333 72.1202975
25 -34.54923333 23.9671975
25 -104.0023533 92.7588575
25 20.35181667 -41.5171825
25 -183.3773533 25.9515675
25 67.97681667 -97.0796825
25 109.0340067 -152.1140725
26 -196.1487928 -20.62751946
26 -111.6182928 5.211960541
26 -107.9802728 -49.02761946
26 -113.6026628 50.85259054
26 -63.66199284 26.37975054
26 -101.6120328 -98.79900946
26 -79.12415284 -79.62006946
26 -56.67047284 -65.69742946
26 -107.4852528 123.7992405
26 5.129677163 66.06725054
26 -9.670452837 -34.63977946
26 -159.2432928 -41.75157946
26 -81.19064284 -135.0160895
26 -112.9412028 -109.2203295
26 -79.12358284 -79.61894946
26 -39.80328284 -69.66617946
26 -9.671022837 -34.64089946
26 -91.11308284 204.3109205
26 53.41556716 93.18592054
26 -71.26933284 193.0661305
26 61.73056716 -44.53075946
26 -36.49599284 -117.9526395
26 -97.06564284 -135.6775395
26 -50.01941284 -205.9574895
26 -97.06620284 -135.6786595
26 -155.9360028 -150.2307495
26 35.93369716 -85.54117946
26 135.0229872 89.05181054
26 -97.06677284 228.1223005
26 103.6863972 112.3682105
26 -91.11364284 204.3098005
26 -32.76252284 174.5437805
26 135.1524472 -49.16096946
26 8.813907163 -100.0932595
26 -155.9365628 -150.2318595
26 136.8060872 -155.6557595
26 -100.2908128 -220.5106895
26 -252.4256628 -233.7387395
26 226.3042372 103.6038905
26 184.6323572 130.7236805
26 59.24680716 308.3755405
26 -146.6761528 203.6483505
26 224.3198572 168.4268105
26 -1.535112837 163.3911405
26 162.9336972 -53.12971946
26 187.1133972 -245.6449895
26 233.7462072 -133.1970795
26 -119.3904228 -236.5510595
26 -270.0381228 -248.1276995
26 -289.1371728 -220.8414195
26 -228.2830028 -234.7320495
26 218.3673072 130.0633405
26 264.6693872 104.2664705
26 235.2494972 78.07339054
26 208.6107972 154.5373005
26 26.37845716 337.7601405
26 82.60241716 319.9007705
26 109.9913472 260.4191605
26 -156.8455028 247.1403505
26 -204.4705028 174.3799305
26 167.4344472 227.2966005
26 312.4603172 231.2675905
26 224.3198572 154.5361805
26 28.61144716 136.1818305
26 106.8283272 12.81873054
26 201.9597372 -58.42138946
26 228.1232472 -250.9377795
26 199.0190772 -269.4586095
26 -40.67688284 -280.8687695
26 -187.2725828 -256.5601695
26 -288.1444128 -263.5043695
26 -330.8090428 -144.7737095
26 208.6102272 154.5361805
26 244.1641772 127.4175105
27 -172.6127397 239.7172851
27 -150.1231597 217.8891551
27 -117.7035297 195.3445251
27 -95.39823966 176.9426551
27 -180.8809697 179.5245751
27 40.37741034 49.21840506
27 91.97116034 0.9319450578
27 125.7049703 34.66519506
27 -35.72676966 57.02143506
27 119.5870503 102.1350651
27 -53.71559966 15.48290506
27 -51.90291966 -0.9420449422
27 150.1789303 -7.668134942
27 178.6222003 28.05173506
27 -114.3577397 86.88504506
27 149.5180403 109.4111051
27 83.20627034 125.9464451
27 178.6216403 28.05061506
27 -81.33148966 -1.715004942
27 -99.85175966 -22.88055494
27 165.3924703 -31.48063494
27 125.7055403 34.66631506
27 196.4815803 -22.88055494
27 211.0330903 29.37353506
27 -177.2435197 84.60418506
27 137.9868003 126.1865951
27 167.3768403 98.82665506
27 193.1524303 123.1438851
27 81.22190034 155.0506151
27 -46.27362966 36.65069506
27 -99.85231966 -22.88167494
27 -167.9813997 -54.62943494
27 207.7263703 -52.64618494
27 212.1906503 -40.74105494
27 284.4555403 29.37465506
27 -189.1491997 83.28238506
27 112.1091703 126.4745551
27 160.3956303 126.4745551
27 211.0325303 29.37241506
27 215.6638703 131.9006951
27 64.02398034 184.8162451
27 -97.86794966 11.51415506
27 -197.9135197 -64.55355494
27 -256.1218597 -117.4702149
27 238.1528903 -91.67334494
27 314.2205903 25.40478506
27 300.1646003 140.4985351
27 -199.0710697 -35.78011494
27 -233.6322697 -73.15250494
27 -376.7553197 -173.5288149
27 -313.0072697 -58.60042494
27 -271.8309197 -131.3597249
27 -256.1218597 -131.3608449
27 259.9815803 -118.7920149
27 215.6633003 131.8995751
27 331.0518803 24.60997506
27 -195.7637797 74.68342506
27 -254.6335697 7.876135058
27 -268.0281097 -71.16813494
27 -427.0261497 -192.7111049
27 -370.4503697 -25.47786494
27 -295.8093597 -155.1733449
27 -236.2781097 -158.4806349
27 334.0284403 -129.3444549
27 226.0812703 -151.2045949
27 182.5544803 -101.5632049
27 105.2003303 205.3225651
27 383.0122603 18.12874506
27 318.4102303 49.86537506
27 -269.1850897 18.46058506
27 -177.2429497 84.60530506
27 -313.0078397 -58.60154494
27 -475.3120397 -219.8297749
27 -421.1949097 22.47851506
27 -303.5814897 40.28759506
27 -345.4187297 -196.8452149
27 -262.0744097 -155.8336849
27 -215.7723297 -181.6305549
27 223.5649003 -195.4902849
27 359.8253103 -139.2663249
27 240.7987203 -157.1577149
27 216.8758503 -161.8189649
27 208.2219003 -144.5900049
27 116.4445503 -111.5170949
27 238.1534503 -91.67222494
27 120.2597203 -81.37902494
27 70.80393034 232.4412451
28 54.22683631 108.3284009
28 -11.91899369 64.01070092
28 121.8615163 118.9128609
28 15.46993631 50.25494092
28 -19.85649369 85.83882092
28 -35.27460369 52.48547092
28 163.5328263 144.0471509
28 82.33881631 70.29455092
28 15.46993631 4.529090923
28 -191.5881837 -27.76776908
28 -68.14295369 81.87007092
28 184.6994963 140.7398609
28 116.7352163 48.46754092
28 72.91303631 -28.59346908
28 -241.1975637 -52.24171908
28 -185.6344937 -51.57914908
28 -7.288793691 101.7138209
28 -251.3669137 -8.749719077
28 217.1109563 152.6461109
28 131.2867363 37.88309092
28 76.38568631 10.10184092
28 190.1565263 104.6903809
28 129.7984463 -87.46325908
28 -298.9919137 -81.51013908
28 -202.0066637 -132.0908291
28 -236.4835337 120.5665009
28 -320.1585837 -47.11429908
28 186.8492363 -5.773159077
28 208.6773563 114.6122609
28 114.0893863 -101.3527691
28 217.9389063 -24.62247908
28 9.164986308 -143.5218591
28 129.7984463 -101.3538891
28 -208.1240737 -205.0374791
28 -153.1762537 237.8408909
28 -355.5466037 60.37268092
28 -98.90076369 158.2685109
28 -152.3773937 93.75026092
28 188.0067863 -34.54659908
28 90.11094631 -125.1663891
28 286.0685463 7.126400923
28 288.0523563 41.52111092
28 -41.10584369 -162.7041491
28 149.6421963 -128.4736791
28 -206.1397037 -250.6781091
28 -59.24917369 205.4294309
28 -120.8942537 284.9377809
28 -221.2705637 52.43518092
28 -115.4372237 119.9039309
28 152.2880363 -43.14554908
28 40.50157631 -166.8382591
28 123.8458963 -125.8267291
28 334.0173863 29.06491092
28 339.6466763 66.65765092
28 -89.39173369 -189.8228191
28 170.1479763 -151.6235991
28 -202.5016837 -304.9176891
28 -158.1834037 -229.5103191
28 -290.6702037 -276.5175891
28 12.55495631 193.6565309
28 -32.25884369 338.5159009
28 -183.7328037 271.0471509
28 117.8921963 -41.16117908
28 -104.1924337 -290.5309691
28 131.7828263 -152.2861791
29 -168.5515987 79.277191
29 -156.1851687 40.779261
29 -219.9794187 165.763991
29 -116.4976687 16.966761
29 -256.5255587 182.464691
29 -80.77891867 -13.460329
29 -5.372668666 32.841761
29 -41.09141867 -26.689489
29 -1.403918666 16.966761
29 -17.73852867 74.648101
29 37.16308133 46.206511
29 18.64111133 -32.509269
29 12.68855133 -13.987319
29 -43.53483867 96.477341
29 37.16194133 46.204271
29 62.42681133 49.378221
29 13.34944133 -101.300929
29 97.85074133 -25.729319
29 -40.06331867 162.455581
29 56.34423133 19.084481
29 86.90077133 64.591761
29 75.65598133 152.565721
29 -25.17993867 -107.749029
29 19.79866133 -144.130359
29 18.14501133 173.700371
29 -214.6888887 182.959671
29 97.85131133 -25.728199
29 96.82264133 107.586551
29 120.6351413 70.544881
29 77.64035133 208.789671
29 -78.75862867 -111.057439
29 -39.73201867 -144.129239
29 13.51537133 -254.923509
29 130.2627713 -150.082369
29 64.28230133 216.861641
29 -256.5249887 182.465811
29 124.0448913 -60.958509
29 91.53098133 203.498011
29 127.9111913 89.065721
29 154.9020913 81.262681
29 -190.3797287 -78.811349
29 -72.14347867 -189.108409
29 -168.7169687 -171.911609
29 15.49918133 -286.674629
29 -187.5685287 -351.497549
29 165.0553113 -121.151219
29 253.9190013 -153.689489
29 13.51480133 -254.924629
29 84.95287133 229.594721
29 10.50233133 241.862591
29 161.4172913 -66.580909
29 194.7543913 -96.836089
29 117.6585813 192.914671
29 114.0205613 145.951131
29 215.7556913 95.813651
29 203.0226213 57.614431
29 -253.8797287 -82.780099
29 -230.8934787 -227.472989
29 -73.96248867 -209.778979
29 -245.4461287 -223.505359
30 -125.8357299 43.72354214
30 -68.20446986 -13.32388786
30 -47.78307986 -49.54096786
30 -74.57270986 36.44750214
30 -79.53363986 -23.74520786
30 -45.71601986 5.856172143
30 -63.65807986 -50.20241786
30 -3.088429858 -32.47751786
30 -16.61184986 -120.4823679
30 -45.71658986 5.855052143
30 -78.21072986 90.68708214
30 -23.26290986 19.77769214
30 -122.5284399 -64.75562786
30 -63.65863986 -50.20353786
30 -122.5289999 -64.75673786
30 42.22147014 -14.61813786
30 -6.395719857 15.80894214
30 -66.88324986 -135.0355679
30 170.2136501 -70.18063786
30 -80.19509986 136.3277121
30 -162.7412299 64.84760214
30 -30.25442986 111.8548721
30 23.73654014 50.83422214
30 -219.0180999 -148.2636179
30 69.34126014 -0.06605785736
30 -85.98285986 -151.0759379
30 267.1537701 -47.72195786
30 220.5209601 -160.1698679
30 -74.07768986 209.2743621
30 23.73711014 50.83534214
30 38.53724014 151.5423721
30 168.4305501 174.5269321
30 -255.7296099 -135.3662979
30 -194.8754399 -149.2569279
30 -236.6305599 -162.6525779
30 168.5600101 36.31415214
30 -7.269319857 -195.3936479
30 -153.8650199 -171.0850479
30 196.3412601 32.34540214
30 261.5308101 -165.4626579
30 232.4266401 -183.9834879
30 -57.70551986 289.7860421
30 95.13813014 40.94436214
30 86.82313014 178.6610421
30 -37.86176986 278.5412521
30 259.7118001 189.0790121
30 218.0399201 216.1988021
30 -297.4014799 -59.29858786
30 -254.7368499 -178.0292479
30 11.91354014 -215.2362779
30 -190.3284799 -189.7723679
30 235.3673001 27.05373214
30 140.2358901 98.29385214
30 287.3276901 -164.8011979
30 235.4037701 -190.5969579
30 258.2235201 -180.0147379
30 -63.65920986 313.5974221
30 137.0939601 197.8433321
30 0.6450401423 260.0189021
30 -57.70607986 289.7849221
30 268.6570601 163.5485121
30 251.7748701 215.5384621
30 298.0769501 189.7415921
30 242.0183601 240.0124221
30 -245.0630299 -32.01231786
30 -309.3077299 -30.19442786
30 -354.2868999 -163.1475479
30 -317.5759599 -228.9626579
30 31.01315014 -240.8677879
30 -199.7536999 -192.7478079
31 -81.41199314 138.5198119
31 -39.86858314 123.1923019
31 -6.134213139 103.3485519
31 -37.75574314 103.7932519
31 -45.69324314 172.2541919
31 23.63141686 102.0256319
31 -4.940743139 87.60690186
31 -16.58908314 148.4416919
31 40.70101686 113.4060119
31 -4.940173139 87.60801186
31 1.27029686 143.1500219
31 60.54476686 121.3435119
31 57.40169686 28.90247186
31 25.65169686 157.2253919
31 -41.40363314 76.69283186
31 40.69987686 113.4037719
31 129.2526169 154.0834619
31 -18.91405314 55.52617186
31 92.45899686 -59.73294814
31 -143.8469931 26.75273186
31 -76.12089314 104.1228619
31 114.0390669 162.6824219
31 151.1634169 135.8933519
31 167.0378569 176.2411919
31 29.45508686 69.08606186
31 -78.36262314 30.72148186
31 91.63216686 -77.75768814
31 97.75065686 -38.56627814
31 -243.0651831 -57.25135814
31 -135.9921831 137.5470019
31 -84.05726314 156.0495719
31 71.04427686 169.2970019
31 194.0755269 85.95325186
31 276.1796169 176.9048919
31 196.1425869 194.1016919
31 -286.0599731 -93.63156814
31 90.80534686 -91.48294814
31 -188.9082731 -82.38677814
31 78.56836686 65.94414186
31 -286.0605431 -93.63268814
31 -374.0344931 -85.03372814
31 60.54362686 121.3412719
31 79.22982686 189.6368419
31 280.8103969 30.06226186
31 281.4707169 184.8412719
31 248.3977969 221.2214819
31 -329.9180631 -117.5785381
31 86.50586686 -125.8787781
31 -88.48577314 -145.3597881
31 -186.9244731 -120.7524781
31 -41.40363314 2.940231861
31 -243.1484331 -115.4608081
31 325.1269669 6.908981861
31 340.4699569 219.1037519
31 276.1790469 176.9037719
31 -368.0813731 -137.9503981
31 85.18351686 -139.7682881
31 207.9672969 -146.8778481
31 -128.1373631 -154.9829481
31 -153.3086831 -134.1149981
31 -184.3972331 -145.6905181
31 -271.7097331 -125.5160381
31 307.2675869 5.586061861
31 369.4452369 7.571561861
31 354.8104769 -17.23312814
31 247.0020669 163.9859619
31 -473.9141331 -198.8034381
31 -539.0683531 -198.1430981
31 76.25326686 -190.7016981
31 123.9609469 -143.5727881
31 200.6906869 -169.3685481
31 237.0703269 -155.1483081
31 -182.4128531 -160.9040581
31 -242.6055631 -167.1879081
31 -336.5326431 -156.6045781
31 296.2708469 -20.54153814
31 272.2108669 -0.3659381391
31 388.6269669 0.9558518608
31 392.0637069 -53.41707814
31 185.0272469 143.6975019
31 -539.0677831 -198.1419881
31 -373.5389731 -203.9319781
31 -528.9811131 -223.1131581
31 -603.0644431 -223.1131581
31 63.35482686 -262.8006581
31 193.4140769 -164.0779981
32 19.68914657 142.4046279
32 -26.61350343 39.87746791
32 78.55893657 166.2171279
32 -35.87335343 -42.14225209
32 110.3089366 192.6754579
32 -35.21189343 -67.27766209
32 43.71378657 -40.62195209
32 65.99122657 191.3525379
32 211.5120666 234.3473379
32 -22.56093343 -87.61639209
32 65.54191657 -94.20008209
32 52.84531657 227.2377779
32 -5.362453433 191.5201479
32 78.56007657 166.2193579
32 256.0419166 240.4978379
32 -20.65981343 -110.9339121
32 -96.64427343 -96.87681209
32 13.28670657 -167.6219521
32 78.10961657 -73.69487209
32 73.47941657 237.8520079
32 -50.34218343 153.1544379
32 -79.44692343 203.4241579
32 105.8908666 159.7999179
32 290.4377466 242.4822079
32 286.4689966 219.3311679
32 -131.0406734 -103.4925121
32 -81.10000343 -202.3794121
32 -95.32192343 -50.57584209
32 -62.24900343 180.9345779
32 95.96899657 137.9717979
32 315.5731666 255.7113779
32 328.8023266 240.4978379
32 -59.27244343 -199.7347021
32 -72.83233343 -217.2633421
32 -111.0674634 -123.9657021
32 -96.64483343 -96.87792209
32 -101.9365034 -56.52897209
32 -79.44748343 203.4230379
32 21.88566657 100.9301279
32 28.70208657 -206.3481621
32 -54.31150343 -229.1695921
32 -119.6664234 -114.7052921
32 -140.3005234 -60.49660209
32 -83.41510343 216.6544379
32 174.2229166 -119.6971221
32 108.0765166 -191.7972021
32 -31.82192343 -276.7945921
32 -131.0401034 -103.4913921
32 -218.8492634 29.46061791
32 -132.3635834 -69.09667209
32 -173.3740034 215.3304079
32 -91.35317343 231.2054079
32 261.5348566 -62.81282209
32 203.3265166 -123.0055321
32 160.3317266 -212.9638621
32 -56.49715343 -291.9761221
32 -162.7901034 -67.77264209
32 -162.7906734 -67.77376209
32 -398.1039034 205.4096479
32 284.6858966 -231.4847021
32 213.2483966 -214.2867821
32 -70.38777343 -299.2521621
32 -203.1396334 -69.09667209
32 -287.6409334 131.9866579
32 -432.5003034 232.5283279
32 260.8733966 -232.8076121
32 -73.69506343 -313.8042421
33 282.8637359 166.1029795
33 365.1245359 199.8250095
33 270.9580559 154.1978495
33 247.1449859 135.0144395
33 27.11989595 64.88862946
33 235.9001959 86.06652946
33 -58.87025405 49.01250946
33 305.5932859 158.8145895
33 202.1658259 55.63943946
33 -127.6613541 5.357379459
33 365.1251059 199.8261295
33 343.8757559 90.85086946
33 169.0929059 62.25402946
33 204.8116559 4.045689459
33 -276.5721641 -43.42518054
33 442.7632059 259.8523495
33 315.3965659 56.81665946
33 367.6876859 122.5997495
33 142.6345759 55.63943946
33 185.6293659 -34.31889054
33 -393.5681741 -97.50051054
33 470.2137259 258.8601695
33 285.0053959 -5.723170541
33 384.2247159 127.2310695
33 63.92102595 49.68631946
33 -390.9223341 -126.6046805
33 -439.9523741 -118.1699705
33 513.8705459 273.4133695
33 124.9324759 -97.00442054
33 420.5684459 171.2489495
33 -480.2192141 -176.8755105
33 -391.5837941 -170.9223905
33 -464.4268941 -126.1085905
33 558.8491459 239.6778695
33 111.0418559 -114.2023405
33 494.7802459 227.5868795
33 -653.5212941 -266.8338505
33 -557.6925241 -159.1815005
33 569.2671159 240.8354295
33 -17.94195405 -188.2845505
33 525.8687859 236.8472995
33 -681.3019841 -266.1712705
33 -595.9744241 -272.1255105
33 -680.0982241 -281.1885505
33 -598.0414841 -181.6710905
33 620.8608659 246.7885495
33 623.5072659 201.8104995
33 -65.56752405 -125.4471305
33 -6.035704054 -210.1126805
33 -629.7087941 -245.0057205
33 -728.9275441 -294.6151005
33 -709.0837941 -249.6359305
33 -554.9640041 -174.8911405
33 -662.8632641 -192.2521805
33 637.3973259 268.9473995
33 615.2396059 185.9366195
33 627.8061759 208.4239695
33 -66.22897405 -109.5721305
33 -758.1143941 -239.8794205
33 -636.4060641 -204.1606705
33 -733.6404341 -268.9835905
33 -480.2180741 -176.8732805
33 -717.7648741 -211.4355905
33 686.3452459 305.6583395
33 618.4735159 170.0411195
33 769.5317059 261.0222495
33 -78.13466405 -90.38872054
33 -598.0409141 -181.6699705
33 -429.9478141 -177.5358505
33 -745.5466841 -211.4367105
33 -754.0629641 -223.1776005
33 701.8895159 294.7442795
33 687.3374259 327.8171995
33 578.7854559 90.00354946
34 200.7854044 -8.868996154
34 228.5666544 16.92787385
34 172.3432644 -19.45121615
34 131.2131244 1.249133846
34 227.1245844 75.99393385
34 235.8427044 -32.02003615
34 106.8577544 -49.21907615
34 -20.26083564 -53.65190615
34 222.6129644 111.5153038
34 -61.27125564 -17.27169615
34 247.4176544 -93.53678615
34 -17.90925564 -114.5369662
34 -59.94833564 -24.54773615
34 207.3994244 221.3173838
34 194.1708244 145.9122538
34 -87.72958564 -17.93315615
34 -106.7465156 -162.8752162
34 195.5764244 261.5020938
34 183.5869244 254.3903038
34 -156.5212556 -44.39148615
34 -143.2920856 -8.672736153
34 -153.2139556 -191.2352362
34 69.36677436 -170.0685662
34 184.9098444 331.7809238
34 175.7321044 250.9176438
34 195.5758544 261.5009738
34 -154.5368756 -119.1362762
34 -202.1618756 -76.80294615
34 -137.3389556 13.15538385
34 -265.2952356 -273.2880862
34 163.2938544 -176.6831562
34 160.4358844 369.4840538
34 67.05166436 210.9314338
34 262.3831444 289.2822238
34 -152.3495256 47.19183385
34 -251.4040456 -286.5161362
34 -295.7217556 -299.0838462
34 137.5328844 -275.2724562
34 169.2828844 -146.9495462
34 -12.98479564 181.8272638
34 -31.30435564 201.3082738
34 228.1167744 429.5434138
34 6.19750436 88.56163385
34 -176.1637256 45.86556385
34 -86.86685564 121.2718138
34 -215.0603156 10.17882385
34 -269.2639856 -332.1578762
34 -218.2490156 -303.5498062
34 -318.2119056 -312.9755862
34 -284.0641156 -391.5237662
34 11.85580436 -238.2307962
34 235.8421344 -32.02115615
34 214.2261444 -160.1466962
34 52.86622436 -120.4912062
34 -76.28351564 157.6520238
34 -55.77774564 179.4812638
34 24.58887436 365.6806638
34 194.1702544 412.4788438
34 227.2431744 458.7809238
34 327.2066344 487.7208438
34 338.5803144 464.6007038
34 -223.7887256 64.38639385
34 -82.23607564 137.8093838
34 -285.7998756 -144.3025962
34 -239.4983656 1.878583846
34 -282.4925856 -348.6932162
34 -185.9202356 -310.3297562
34 -313.5816956 -352.6630862
34 -335.4098256 -322.8974562
34 -282.4925856 -430.7140562
34 -277.4489656 -389.2075362
34 -41.06086564 -240.8766262
34 297.7711644 -236.0810562
34 227.5739044 -129.2555362
34 -17.90982564 -114.5380862
34 -76.28295564 157.6531338
34 134.0602344 380.2327538
34 -5.50747564 362.7041038
35 98.56711364 -43.52716286
35 44.32752364 -24.34487286
35 175.2962736 -46.17299286
35 5.962943636 -18.39174286
35 53.58794364 -13.76153286
35 46.31190364 -35.58966286
35 185.8437036 -39.19566286
35 -34.63406636 -29.80190286
35 -77.38080636 2.774927143
35 127.0103836 23.94270714
35 2.655653636 -34.26674286
35 43.66606364 -49.48028286
35 6.624403636 -52.12612286
35 237.4733636 -5.824032857
35 -90.85801636 -27.81752286
35 -107.8073264 10.05208714
35 -41.69796636 23.97360714
35 -121.7344264 -16.70608286
35 164.4648936 -13.26544286
35 112.8711436 45.60434714
35 -42.98440636 -71.30729286
35 19.19211364 -105.0427829
35 285.7598136 13.35825714
35 -161.3854464 10.05208714
35 -171.3078864 28.57179714
35 -35.70893636 62.96762714
35 19.15620364 60.35381714
35 -151.5000464 -57.05504286
35 -161.3860164 10.05096714
35 98.56767364 -43.52604286
35 191.8327336 -45.51153286
35 222.2598136 27.24887714
35 269.2227936 21.95609714
35 84.67648364 50.39992714
35 -78.04226636 -68.66257286
35 -31.74018636 -93.13653286
35 -108.4693464 -113.6417429
35 16.54627364 -146.0532029
35 288.4056536 19.97283714
35 -206.3651864 8.066587143
35 -201.0735164 34.52492714
35 -126.3287264 50.39992714
35 -29.13025636 107.9788171
35 81.33328364 106.6558971
35 -136.2865064 -93.43525286
35 -197.7662264 -51.46466286
35 175.2957136 -46.17411286
35 -24.46357636 -147.3750029
35 -124.3443464 -107.0271629
35 312.2187236 14.68228714
35 311.5566936 78.84262714
35 358.5202336 160.8634671
35 -244.7297664 0.1290871426
35 -230.8385764 53.04687714
35 -160.7245564 50.39992714
35 -160.7251264 50.39880714
35 -13.88080636 116.5457571
35 -54.92712636 95.08037714
35 87.28641364 123.8538171
35 -78.04169636 -68.66146286
35 -209.8737464 -117.6611629
35 -288.9647964 -48.32273286
35 -95.90107636 -170.5260429
35 16.54684364 -146.0520829
35 -177.2610164 -152.0063229
35 402.1764836 -3.839662857
35 382.9582836 169.1637071
35 312.8801736 109.9322871
35 329.4160636 116.5457571
35 -259.1991664 -13.92690286
35 -328.0729464 55.03124714
35 -302.9375364 21.29687714
35 -175.9380964 64.95200714
35 -107.8078864 70.24367714
35 -189.8287264 57.67596714
35 9.931693636 112.5770071
35 -38.35533636 120.5133871
36 -152.4751854 -7.780826572
36 -221.4681254 9.945203428
36 -75.24992543 2.306413428
36 -162.8937254 -104.1894966
36 -79.91604543 -54.87771657
36 -212.0064354 18.67751343
36 -245.9061754 -14.23004657
36 -6.458265428 -25.47483657
36 -126.1822254 20.82725343
36 68.94912457 50.59511343
36 -102.7004454 -107.8263966
36 -186.7056554 -100.5503566
36 -167.5233654 -149.4982666
36 -12.44729543 -57.52354657
36 -165.8685854 42.65761343
36 25.29173457 -36.71962657
36 -212.0058754 18.67863343
36 -40.19320543 41.99280343
36 52.41153457 -3.646706572
36 74.24022457 73.74503343
36 100.1192146 63.32594343
36 5.117254572 -142.2222266
36 -172.8156054 -166.6973066
36 57.66728457 -90.59646657
36 -175.7910254 95.57316343
36 -97.73894543 75.72941343
36 78.53913457 -53.25608657
36 -266.4113854 69.11371343
36 -191.5012354 4.125423428
36 16.69278457 63.16058343
36 37.85944457 -9.599836572
36 127.1563246 100.8637134
36 96.72923457 123.3532934
36 147.7442146 46.12803343
36 65.31053457 -158.7575666
36 -114.1106054 -190.3433266
36 111.4472546 -115.5974166
36 -95.75513543 120.0460034
36 -226.7238854 85.65016343
36 -39.53004543 90.28261343
36 156.5912146 -82.69097657
36 -290.0585254 86.80772343
36 25.29230457 -36.71850657
36 129.8021546 125.9991234
36 110.6198646 151.1345434
36 -30.27019543 103.5106634
36 141.1290646 85.81441343
36 253.5775446 30.25303343
36 155.9303246 -43.99454657
36 3.628974572 -235.9839466
36 65.30996457 -158.7586866
36 124.8053046 -123.6693866
36 132.1178246 -102.8643366
36 104.6667346 175.6085034
36 -145.3645154 133.9366234
36 -335.0376854 106.6514734
36 -269.0572254 115.4157934
36 137.7402246 156.4273234
36 104.6673046 175.6096134
36 322.0384846 43.48219343
36 129.8027246 126.0002434
36 298.7688446 26.48166343
36 150.6386646 -60.20027657
36 78.53970457 -53.25496657
36 259.1172646 0.9835034283
36 7.101634572 -170.0034766
36 138.6959346 -128.9610466
36 122.8209346 -179.8933366
36 157.2538146 -92.61061657
36 244.2344446 198.0980834
37 -15.875 -13.229165
37 15.875 13.229165
38 -80.53567263 -24.6238896
38 -165.3209326 -29.3874496
38 -78.00843263 -49.5619296
38 -46.91988263 -37.98640961
38 -82.51947263 13.7418104
38 -230.1438426 -60.4759896
38 -136.7596326 -19.3322196
38 -76.02405263 -64.7754696
38 -136.2167626 -71.0593196
38 17.90302737 -49.2311996
38 64.98516737 99.0688204
38 198.0209674 18.3709004
38 -367.5253326 -102.6748496
38 -223.5292626 -21.4499496
38 -21.74856263 -58.8543596
38 -240.0286726 -108.4614996
38 197.1941474 4.645640395
38 198.8477974 36.3956404
38 -261.6925726 -41.8218096
38 -267.1501726 -107.8033896
38 -432.6789826 -102.0133996
38 -422.5923126 -126.9845696
38 -179.6711726 2.497020395
38 -264.5037726 -138.2293596
38 192.8946674 -29.7501896
38 204.1394574 57.5623104
38 163.7904974 125.0310604
38 -432.6795526 -102.0145096
38 -464.2641826 -99.8647696
38 -466.0831926 -146.3322196
38 -320.0662726 -133.5991496
38 -496.6756426 -126.9845696
38 28.02617737 126.8500704
38 314.3560974 -50.7492596
38 191.5723174 -43.6396996
38 184.9571674 162.0727304
38 147.0898174 209.5346004
38 87.47474737 151.6547604
38 -293.6079326 -134.2606096
38 -329.3266826 -152.1199796
38 -530.9061126 -137.7332596
38 -543.6391826 -127.6460196
38 343.4591274 -59.0197196
38 307.0794874 -73.2399596
38 230.3497474 -47.4441996
38 182.6420674 -94.5731096
38 166.9324274 217.4698604
38 132.0404974 253.3539804
38 166.9335674 217.4721004
38 130.0202174 198.1542204
38 64.98516737 172.8214204
38 135.8438874 165.2146504
38 -264.5043426 -138.2304796
38 -348.5089826 -156.7501896
38 316.6706274 -31.8988096
38 346.1055274 -66.2946496
38 272.0216274 -116.8973296
38 299.8028774 -67.94940961
38 169.7436274 -166.6720696
38 177.4330774 265.4255904
38 235.6414174 250.2120504
38 101.4486274 183.7366004
38 100.2545874 199.4771404
38 -37.45819263 122.8813204
38 30.26790737 200.2514504
38 -224.8162726 -138.2293596
38 -369.5102826 -185.3582596
38 277.6440174 0.8422603952
38 412.9949274 -79.5249296
38 463.1830774 3.157360395
38 330.2299574 -65.3035796
38 264.0841274 -214.7931596
38 307.0789174 -73.2410796
38 220.4278674 258.8110104
38 185.6186274 285.7654304
38 273.4266574 272.3697804
39 151.3009127 -157.7533919
39 144.6118627 -124.0820719
39 261.7644527 -91.60756185
39 157.9154927 -205.3783919
39 168.5353027 -119.4197119
39 153.8172827 -113.4677019
39 126.8628527 -128.0197819
39 287.5613227 -101.5294319
39 187.7175927 -81.05512185
39 168.5347327 -119.4208219
39 135.9579127 -106.8531119
39 104.3738427 -134.6332519
39 292.1915327 -121.3731819
39 110.2904927 -63.82631185
39 165.8889027 -53.93645185
39 194.1662427 -126.6968619
39 -13.19807728 -131.6101119
39 47.48785272 -161.7541619
39 303.8856427 -151.0054619
39 44.18056272 -73.78020185
39 47.99573272 -43.64213185
39 165.8894627 -53.93533185
39 135.4623827 -14.90929185
39 -116.0577173 -126.0354119
39 302.5627227 -236.3335819
39 -98.69443728 -103.5458219
39 16.89541272 -39.38436185
39 93.12848272 6.256258149
39 -159.8553773 -122.6879919
39 -165.9893273 -75.84688185
39 -148.7027273 -60.79080185
39 -13.53110728 -47.32075185
39 94.28603272 -24.17082185
39 77.91494272 30.06875815
39 -213.9535473 -117.4364519
39 -199.4014673 -69.81145185
39 -75.54339728 -11.27239185
39 -96.21396728 -65.84270185
39 135.4618127 -14.91041185
39 124.2175927 14.85633815
39 53.44155272 72.40320815
39 19.70717272 38.66883815
39 -234.9548573 -63.85832185
39 139.9266627 -3.004161851
39 106.3576527 65.78750815
39 -124.1669073 36.79484815
39 -31.88657728 86.95529815
39 47.32306272 139.8719581
39 -172.1157473 14.85633815
39 53.44098272 72.40208815
39 -125.9795873 53.21979815
39 -107.9907573 94.75832815
39 -167.6622273 214.6795481
39 77.25405272 147.1479981
39 10.94228272 163.6833381
39 -240.2453873 -16.89254185
39 106.3582127 65.78862815
39 -153.5954773 36.02188815
39 -186.6217273 124.6219381
39 -189.9675173 233.0814181
39 65.72281272 163.9234881
39 95.11285272 136.5635481
39 120.8884427 160.8807781
39 8.957912716 192.7875081
39 -270.1775073 -26.81666185
39 -170.1319373 49.25104815
39 -328.3858473 -79.73332185
39 138.7691027 67.11042815
39 -118.5376173 74.38758815
39 -172.1163073 14.85521815
39 -249.5075073 122.3410781
39 -253.1449573 217.2614681
39 -222.3871473 255.6260481
39 88.13164272 164.2114481
39 39.84518272 164.2114481
39 138.7685427 67.10930815
39 143.3998827 169.6375881
39 -8.240007284 222.5531381
39 -305.8962573 -35.41561185
39 -271.3350573 1.956778149
39 -449.0193073 -135.7919219
40 222.8962761 -33.073836
40 252.0004361 -31.750926
40 223.5577361 -199.099886
40 150.9626761 -13.726186
40 219.5895461 -3.968556
40 269.1983561 -96.573836
40 285.8642661 -35.191566
40 228.8493961 -245.401966
40 150.9267661 93.792814
40 115.7400261 -20.506136
40 202.3910661 -1.323836
40 217.0726061 42.199064
40 250.0160661 -7.276966
40 282.4275261 -113.110296
40 246.0473161 -292.365506
40 96.55829614 -13.890426
40 297.1090561 -166.821776
40 285.0727861 -280.460376
40 52.24002614 -14.553006
40 274.6194761 -305.728026
40 7.923456144 8.600274
40 34.38064614 -15.875926
40 81.92353614 -38.695116
40 281.2340561 -369.228026
40 272.8363761 -287.073836
40 -78.81141386 64.491264
40 23.38390614 -42.003526
40 -0.6760738562 -21.827926
40 119.1767661 -74.879066
40 -121.7235239 114.431364
40 16.10785614 -97.566026
40 -3.322473856 -31.089466
40 7.922316144 8.598034
40 128.4736661 -95.745896
40 -143.6343239 132.621474
40 -26.88693386 -131.961866
40 -12.58289386 -82.021756
40 -44.99435386 -42.995716
40 23.13585614 70.775114
40 -212.3421739 99.881524
40 -158.8478739 141.220434
40 -105.8490839 154.779204
40 -181.2542039 -99.218556
40 37.85273614 92.106034
40 -232.1859239 91.944024
40 -201.8426639 147.835014
40 -76.74435386 172.639704
40 3.292676144 155.442904
40 41.16002614 121.871654
40 -215.4852439 7.440484
40 -249.2555239 80.563644
40 -247.2352439 135.763404
40 -193.6571139 168.174854
40 -212.3433139 99.879284
40 8.583776144 163.379284
40 -24.48914386 199.759494
40 64.27572614 183.751144
40 -180.4279439 -81.194936
40 -291.8009939 34.064184
40 -279.0211539 81.886564
40 -277.8271139 66.146024
40 -194.3185739 44.482154
40 3.292106144 155.441784
40 67.58301614 197.641764
40 -181.2547739 -99.219676
40 -175.1362839 -60.028266
40 -314.2905739 55.230844
40 -351.2495639 9.259494
40 -243.4318539 47.624074
40 -312.7555239 101.730314
41 361.1627254 -231.5983232
41 360.5006954 -258.7192332
41 358.5157554 -211.0953532
41 236.9733554 -154.3741832
41 371.7454854 -166.7765232
41 222.4212654 -144.4523032
41 373.0684054 -99.30777323
41 297.7916054 -148.7197732
41 193.3176754 -131.2220232
41 374.3185154 -81.46777323
41 402.0997654 -146.9521532
41 16.70715538 -50.52634323
41 416.6518454 -97.34277323
41 373.0684054 -46.39110323
41 282.4491854 -59.61915323
41 504.6258054 -217.0667332
41 72.60095538 -23.73616323
41 17.33327538 -13.78227323
41 -118.9271446 -99.77185323
41 529.3020254 -163.2718532
41 353.2246554 -6.042153231
41 89.46814538 -16.79084323
41 68.92702538 15.32189677
41 -3.833394617 68.23856677
41 -104.8352446 158.9917068
41 -147.9948246 -112.7011832
41 340.6569454 26.36930677
41 124.4895254 31.19689677
41 4.104105383 -15.10518323
41 66.28119538 113.2177268
41 -20.16857462 174.8667068
41 -250.3555046 112.0292868
41 -309.9700046 -194.8885032
41 -38.22922462 -20.39685323
41 -15.73964462 203.1760668
41 33.40955538 196.0333768
41 -216.8229746 -5.844773231
41 -287.9297446 107.2646068
41 -372.8085446 -193.5655832
41 -385.3762546 -222.0082932
41 116.5520254 261.3843968
41 -20.16743462 215.8793568
41 -91.14589462 183.3323168
41 -296.8235246 -21.42105323
41 -149.3542246 7.384396769
41 -284.6224546 140.9989768
41 -333.8651946 104.2560268
41 -432.3397946 -222.6697532
41 -383.5104746 -152.6885232
41 223.7082754 312.9781468
41 112.5832754 328.8531468
41 116.5520254 187.3010668
41 -18.38547462 283.8739768
41 -180.2409246 174.2063668
41 -355.7292246 2.092726769
41 -355.7292246 -19.07393323
41 -275.6568546 -37.95751323
41 -281.3151646 164.8114768
41 -335.1881046 122.1154068
41 -450.1164946 94.16878677
41 -453.5064646 -251.7739232
41 -522.4167246 -258.5218532
41 -366.2766446 -119.9783432
41 243.5520254 262.7073168
41 201.2186954 364.5718968
42 22.426076 -46.650195
42 -55.213164 -43.178655
42 59.467176 -42.682565
42 42.599986 -31.768505
42 27.387016 -32.428845
42 -77.454134 -44.665825
42 73.358366 -45.988735
42 105.769826 20.818555
42 24.161836 -3.821885
42 -59.264034 -31.767385
42 -135.663034 -42.021105
42 -172.704134 -53.926235
42 107.422336 -33.753995
42 146.780806 41.986335
42 40.698296 50.086965
42 -101.515244 -34.579705
42 -73.072534 -3.491155
42 -149.470974 -41.525015
42 -198.501014 -59.879365
42 147.110406 -26.476835
42 259.476206 26.937045
42 171.915656 53.230015
42 171.005586 29.251025
42 -106.806914 -24.657825
42 -149.471544 -41.526135
42 -96.224144 18.335845
42 -176.673454 -42.682565
42 -117.987674 -14.949445
42 -172.704704 -53.927355
42 -267.954704 -69.802355
42 202.342746 -10.269985
42 265.428766 34.211965
42 322.314746 15.030795
42 184.069386 63.316135
42 88.654026 59.678115
42 -108.129834 26.935925
42 63.939866 54.894005
42 -197.840114 -47.312775
42 -161.129184 56.866915
42 -192.135604 -64.677175
42 -293.952844 -77.377115
42 253.274466 0.9736849999
42 366.631886 24.951545
42 356.048556 17.675505
42 376.305716 6.265355
42 313.053766 53.394255
42 191.759406 70.427925
42 134.956106 69.599985
42 -132.346704 55.172825
42 -295.735954 -51.942985
42 -195.478234 135.033695
42 -293.420844 49.590875
42 -264.021854 -101.437665
42 -198.501574 -59.880485
42 -170.471714 -97.417125
42 -314.918244 -81.708605
42 337.058346 -0.4789050003
42 365.060926 -4.979445
42 399.457326 18.172715
42 397.059536 65.963085
42 217.556286 89.610215
42 112.797256 88.782275
42 150.831676 74.231315
42 -46.614204 53.394255
42 -332.116164 -47.312775
42 -255.340214 94.023275
42 -160.420944 149.585775
42 -309.626014 49.261265
42 -170.472274 -97.418245
42 -294.826444 -109.324495
43 0.33073 9.591145
43 -0.33073 -9.591145
44 46.92861341 81.22690146
44 7.902573415 63.36752146
44 -164.5726866 -34.69367854
44 -28.89161659 67.00442146
44 -1.853936585 -36.67804854
44 -205.0870066 -33.20539854
44 -218.9782066 -74.87838854
44 -64.85841659 48.15286146
44 41.63638341 119.5903615
44 -81.14682658 74.94192146
44 26.58820341 -42.63228854
44 -12.02385658 -178.3954985
44 -218.9776366 -74.87726854
44 -185.9047166 -0.7939385362
44 68.09528342 130.1748115
44 -118.8499466 83.54088146
44 157.1903134 -10.85027854
44 67.59862341 -49.24687854
44 34.52570341 41.37291146
44 -13.34734659 -211.4695285
44 -259.3271666 -130.4408885
44 -150.8479966 80.56432146
44 46.92804341 81.22578146
44 97.19945341 167.8779415
44 330.4924034 20.89972146
44 223.3361434 65.87889146
44 139.0361234 -60.49166854
44 -275.2848466 -323.9174485
44 136.8036934 -148.3002585
44 -342.8721866 -54.50652854
44 -272.5557566 -171.4501885
44 -134.6416966 144.3961715
44 116.3811734 183.7518215
44 -7.311536585 167.2153615
44 399.4026534 49.47578146
44 543.4819834 175.6809715
44 209.6467934 -68.26379854
44 -336.2211266 -362.1155485
44 -309.5974266 -256.1168485
44 218.1636434 -78.84601854
44 156.6474434 -146.3158885
44 -387.8154466 -41.30937854
44 -329.5244266 -23.61536854
44 -374.5857066 -181.5374285
44 -275.2021666 -205.1856785
44 -138.6110166 168.2075515
44 220.8921534 231.3779415
44 -138.6104466 168.2086715
44 547.5693234 83.21015146
44 764.4090634 313.2643015
44 446.9090634 145.2538915
44 690.3257334 235.2122215
44 -354.7425266 -398.4968785
44 -446.6852366 -411.7260385
44 -312.2438266 -240.2429685
44 -358.5459166 -291.8367185
44 340.5328634 -19.31588854
44 260.4964034 -148.9617185
44 -393.8044766 -71.04298854
44 -321.2561966 73.61901146
44 -504.2321066 -14.85103854
44 -309.6801066 12.10450146
44 -408.3565566 -184.4830885
44 -326.9612766 -140.5281285
44 -148.5323266 209.8805415
44 279.5601034 273.5768015
44 724.1787034 167.2153615
44 989.3408134 433.2869815
44 355.6278134 109.5351415
44 755.1486534 264.3163915
44 -399.7211266 -420.3238885
44 -399.7216966 -307.8770885
44 523.0953634 62.70495146
44 -487.7315566 -64.42839854
44 -419.5654466 -169.6322885
44 -575.0081566 -8.897918536
44 -219.7223466 95.44713146
44 -453.9607066 -204.0270085
44 -151.1787266 277.3481815
44 304.0340634 288.1288915
44 796.9391134 237.9914015
44 972.1069834 400.5768015
45 126.5530997 -38.30117156
45 133.8291397 -43.59284156
45 57.09996969 -17.79596156
45 18.32253969 -13.99146156
45 9.392289688 -64.92487156
45 19.64488969 -0.1019515621
45 -3.506150312 -137.0238316
45 141.1063197 -21.10102156
45 23.94436969 34.29387844
45 170.2093497 -29.37148156
45 133.8297097 -43.59172156
45 24.77118969 48.01913844
45 -155.3467503 -19.58296156
45 143.4208497 -2.250571562
45 172.8557497 -36.64641156
45 98.77184969 -87.24909156
45 25.59801969 66.04387844
45 -255.7692503 43.39004844
45 -194.9983403 -29.20612156
45 -220.1696603 -8.338171562
45 104.3942397 30.49049844
45 239.7451497 -49.87669156
45 156.9801797 -35.65534156
45 289.9332997 32.80559844
45 90.83434969 -185.1449216
45 30.88967969 87.21054844
45 -9.459280312 154.6792984
45 -108.2646103 128.7170584
45 -310.0094103 10.31601844
45 -253.7854503 5.024348438
45 -249.2738303 -35.12723156
45 -251.2582103 -19.91369156
45 249.9977597 -55.82982156
45 334.4990597 51.49179844
45 56.76923969 -206.9730516
45 143.9996297 -156.2050016
45 90.17288969 -201.6813816
45 11.70738969 191.7209684
45 -85.77503031 181.3029984
45 -26.15996031 239.1828384
45 -338.5707103 0.2607884379
45 -396.7790403 8.198288438
45 -309.4665403 -41.41108156
45 282.7399397 -59.13711156
45 270.5035297 -74.34953156
45 351.5321797 60.58796844
45 46.06730969 -216.0360816
45 200.2235897 -115.1945816
45 69.33694969 -199.0355516
45 147.7203297 -206.9719316
45 92.36939969 -234.5569216
45 -6.317350312 247.1180984
45 -108.2646103 202.4696584
45 -37.40589031 194.8628884
45 -145.2236003 156.4983084
45 -43.22956031 227.8024584
45 -6.316210312 247.1203384
45 -41.20928031 283.0022184
45 -403.3936203 -30.82775156
45 -434.9423503 -12.17357156
45 -352.9209503 32.14525844
45 -413.2784503 -78.81326156
45 305.2300997 -68.39641156
45 296.0985697 -88.37462156
46 -86.35710417 -2.923106667
46 -183.5914842 -16.81372667
46 110.0960158 1.045643333
46 -165.0700842 -6.229276667
46 -235.8461242 -34.67198667
46 202.1483958 17.59984333
46 -132.6591842 8.983143333
46 -173.3388742 -109.4178967
46 237.0960158 63.22272333
46 233.1272658 23.53522333
46 -63.20606417 20.88939333
46 257.6012258 34.78002333
47 -219.8542351 -24.85150116
47 -214.5620051 -12.28267116
47 -285.3386151 -57.92441116
47 -211.9167351 1.606838841
47 -304.5209051 -55.27858116
47 -279.0553251 -60.24063116
47 -236.3906951 -11.62233116
47 -185.2936151 38.48201884
47 -339.5781951 -55.94004116
47 -127.4154351 61.63417884
47 -392.4948651 -67.84629116
47 -68.54507507 74.53373884
47 -421.5990351 -71.81504116
47 70.02987493 102.6445988
47 140.7238049 127.4503988
47 9.305164928 69.76905884
47 122.4145349 102.1805188
47 12.15283493 27.23945884
47 -31.83470507 48.73573884
47 170.9022749 116.8659488
47 -34.48054507 7.725328841
47 -139.8177851 -9.637951159
47 12.31820493 63.12357884
47 -35.47272507 -14.43353116
47 -151.7240351 -27.49733116
47 79.20760493 79.82427884
47 -84.42064507 -51.14447116
47 -19.92845507 -25.34759116
47 -207.9479851 -46.67962116
47 155.2753149 93.05344884
47 -100.9571051 -73.30332116
47 -18.93627507 -49.49082116
47 173.1346949 94.37636884
47 -152.5508551 -79.25644116
47 -25.55085507 -58.08978116
47 171.8117749 54.68886884
47 335.6053949 120.8346988
47 -98.31070507 -118.2813712
47 -162.9688251 -80.41400116
47 -23.56647507 -72.97259116
47 255.8175549 81.80977884
47 126.8331749 37.49206884
47 -94.01179507 -111.6679012
47 -106.5783651 -134.1552512
47 -207.9474251 -46.67850116
47 299.4732349 66.59511884
47 324.6086549 108.2669888
47 95.29474493 -8.944481159
47 47.71373493 -59.06962116
47 -103.3444551 -150.0507512
47 -251.6042451 -61.23170116
47 345.1144249 72.54935884
47 335.6059649 120.8358188
47 128.4010149 -15.27191116
47 37.08641493 0.3159388406
47 -143.0325151 -230.0883212
47 -279.0547651 -60.23952116
47 405.9680249 130.0951188
47 377.7374549 76.38363884
47 368.6783149 131.4180288
47 143.3712549 -23.97554116
47 -166.1835651 -295.5727012
47 -356.6928651 -120.2657412
47 520.4003149 147.9544888
47 429.0004749 114.0867688
47 426.6853749 84.32113884
47 417.2128149 173.7513688
47 161.8229649 -27.80514116
47 -416.2246851 -161.2772812
48 -366.8997351 -73.69065061
48 -337.7955651 -69.72190061
48 -284.8788951 -57.81565061
48 -249.8216051 -57.15419061
48 -230.6393151 -59.80002061
48 -181.6913951 -13.49794061
48 -165.1549351 -26.72711061
48 -224.3560251 -62.11624061
48 -159.8627051 -14.15828061
48 -157.2174351 -0.2687706123
48 -130.5943151 36.60640939
48 -72.7161351 59.75856939
48 -13.8457751 72.65812939
48 124.7291749 100.7689894
48 64.0044649 67.89344939
48 195.4231049 125.5747894
48 177.1138349 100.3049094
48 22.8645949 46.86012939
48 66.8521349 25.36384939
48 225.6015749 114.9903394
48 20.2187549 5.849719388
48 67.0175049 61.24796939
48 -85.1184851 -11.51356061
48 19.2265749 -16.30914061
48 133.9069049 77.94866939
48 -97.0247351 -29.37294061
48 34.7708449 -27.22320061
48 -29.7213451 -53.02008061
48 209.9746149 91.17783939
48 -153.2486851 -48.55523061
48 35.7630249 -51.36643061
48 -46.2578051 -75.17893061
48 227.8339949 92.50075939
48 29.1484449 -59.96539061
48 -97.8515551 -81.13205061
48 226.5110749 52.81325939
48 390.3046949 118.9590894
48 31.1328249 -74.84820061
48 -108.2695251 -82.28961061
48 -43.6114051 -120.1569806
48 181.5324749 35.61645939
48 310.5168549 79.93416939
48 -153.2481251 -48.55411061
48 -39.3124951 -113.5435106
48 -51.8790651 -136.0308606
48 149.9940449 -10.82009061
48 379.3079549 106.3913794
48 354.1725349 64.71950939
48 -196.9049451 -63.10731061
49 16.20573 -43.98698
49 -16.20573 43.98698
50 13.66995 6.8347
50 4.4101 4.85144
50 -18.08005 -11.68614
51 -200.8911864 59.72401039
51 -199.4769564 -0.03503960557
51 -214.2862764 72.78669039
51 -178.3194864 -32.38517961
51 -293.6612764 112.4741904
51 -156.1600664 -65.45697961
51 -341.2862764 144.8856504
51 -195.0158964 -99.29358961
51 -121.4346264 -41.64671961
51 -398.1716964 148.1929404
51 -179.4021864 -60.25932961
51 -106.2205264 -64.79663961
51 -130.0330264 -28.41642961
51 -107.8736064 -24.44655961
51 -203.3803764 -37.39640961
51 -64.21791645 -37.67684961
51 -184.6033364 -111.7601796
51 -24.86114645 -156.0778896
51 -149.2153164 11.27107039
51 -130.0324564 -28.41530961
51 -37.75901645 -19.15489961
51 -102.2517764 -18.49455961
51 -178.3189164 -32.38405961
51 -309.2882364 -56.19767961
51 -41.06687645 -38.99975961
51 -67.27716645 -157.2354396
51 68.07318355 -157.4019196
51 -147.8923964 -28.41642961
51 -19.90020645 -37.67684961
51 92.87843355 90.64607039
51 -33.21149645 53.10943039
51 -114.1580264 4.656490394
51 -13.78115645 -43.95957961
51 20.44874355 -98.53100961
51 89.24041355 -177.9060096
51 190.6915836 -157.2354396
51 -13.78171645 -43.96069961
51 36.98520355 -37.01538961
51 64.43572355 136.2866904
51 162.6628536 166.0534404
51 139.0978336 22.68123039
51 -124.7413564 18.54711039
51 47.73390355 -45.94507961
51 29.04770355 -124.9893496
51 13.17270355 -87.28621961
51 234.9186136 -155.0568196
51 -2.214526447 -59.42287961
51 -11.30125645 -54.87475961
51 93.53989355 -13.86434961
51 117.0211036 168.6970304
51 28.08223355 119.1244704
51 49.88364355 163.4064904
51 293.3305936 111.3520104
51 283.7097336 176.6367704
51 84.77611355 31.05296039
51 207.3107236 -6.588309606
51 -138.7135364 46.49596039
51 128.1005236 -75.38108961
51 16.60556355 -112.2585396
51 314.1024036 -158.4026196
51 5.896663553 -83.31746961
51 148.7711036 191.8480804
51 -6.422996447 115.2853904
51 41.94614355 174.6512804
51 307.8290336 103.5451604
51 343.5175036 -30.28659961
51 322.0737436 177.2971104
51 82.95656355 45.00544039
51 230.4617736 -15.18725961
51 295.2846836 17.22419039
51 -114.9021664 65.01456039
51 156.8745336 -88.27840961
51 368.1927336 -157.8449896
51 165.9695836 207.7241904
51 -71.24591645 82.21248039
51 -148.8511064 123.7289804
52 130.3015125 -62.33245863
52 165.3588125 -43.81162863
52 187.8483925 -27.93662863
52 224.8894925 -47.78148863
52 291.0358925 -4.785588625
52 240.7650625 13.73525137
52 369.7488625 -35.21378863
52 139.5613625 7.119551375
52 76.1341725 22.68319137
52 93.3320925 37.89674137
52 64.2284925 33.92910137
52 75.4727125 4.162361375
52 75.4727125 38.55819137
52 107.5534425 -30.23346863
52 98.9544925 54.10247137
52 49.6758425 56.41757137
52 -11.5917375 -38.83242863
52 123.7597425 72.29369137
52 58.4042525 66.86755137
52 -32.7584075 -48.09284863
52 248.7748025 129.5087214
52 37.1081325 89.49049137
52 -147.1906975 -65.95221863
52 275.8951625 148.6921214
52 316.1713125 154.6258714
52 16.6034925 100.0749414
52 -208.0442975 -123.4979786
52 363.8685525 214.8368414
52 233.4884525 163.8851714
52 349.2430825 181.7434314
52 11.3112625 119.2561114
52 -253.6854875 -129.4522186
52 -175.4212675 -119.6636986
52 405.0449025 216.6569714
52 412.0827725 161.2404614
52 -297.3411675 -114.2375586
52 -124.1582475 -81.96056863
52 -126.4733475 -111.7261986
52 468.3061525 185.0518414
52 -381.3469475 -141.3584686
52 -228.5500675 -87.78034863
52 92.6712025 -53.38339863
52 572.3932925 143.2339814
52 405.0443325 216.6558514
52 -426.3255475 -158.5552686
52 -380.0240275 -101.6709686
52 -217.5527575 -75.21151863
52 -56.1574875 -155.2490986
52 138.3112625 -48.75430863
52 338.2370425 251.0516814
52 -457.8639775 -204.9918186
52 -397.8834075 -102.9938886
52 -217.5533275 -75.21263863
52 -184.4804075 -64.62930863
52 -365.5905375 -249.9709886
52 -123.2620375 -156.5785486
52 292.5964125 275.5256414
52 385.8626125 276.8496814
52 573.0547525 171.0152314
52 -516.0723075 -195.7313986
52 -424.7577075 -211.3192486
52 -473.9511175 -116.2230586
52 -135.9459075 -22.29596863
52 -168.2412075 -163.4577186
52 279.3672525 284.7860614
52 409.4363625 296.8383014
52 -409.7874675 -220.0228786
52 -540.8405175 -132.9237586
52 -35.6522875 -11.38190863
52 -42.9277575 52.44994137
52 -222.2162075 -178.8035486
52 211.9811825 319.0165314
52 -391.3357575 -223.8524786
52 -584.9934275 -147.3115986
52 -7.622987499 -15.68138863
52 -11.8397875 46.82642137
52 -55.4960375 56.08684137
52 16.6029225 100.0738214
52 -282.5412075 -187.2702186
52 -308.4771775 -175.1121286
53 -123.5337872 -34.15601638
53 -169.8358672 -53.99976638
53 -68.83401725 -52.14873638
53 -91.78321725 -20.26426638
53 -140.7317072 -70.53622638
53 -179.7577472 -48.70809638
53 -18.77531725 -81.11955638
53 -43.49732725 -9.020596377
53 -71.27800725 -101.6236464
53 -217.4608672 -26.87997638
53 -140.7311372 -70.53510638
53 25.95580275 -81.78101638
53 1.068432753 -91.04142638
53 51.09121275 -6.374766377
53 -53.50188725 14.46117362
53 -210.8462872 -110.8851764
53 113.9297528 -66.56747638
53 22.89655275 -104.2705964
53 -28.36646725 11.81534362
53 -72.10482725 46.70838362
53 -230.0285772 -113.5310164
53 142.8326528 -71.99248638
53 -20.42896725 48.85700362
53 195.2064528 46.21117362
53 -76.73560725 62.58226362
53 -104.2220372 49.05438362
53 -51.84823725 44.55752362
53 91.23890275 -102.4195764
53 48.36270275 138.8153436
53 236.2168628 43.56534362
53 232.7909828 -22.38311638
53 -54.61266725 70.22105362
53 -77.39649725 80.44276362
53 -131.8846972 35.29711362
53 93.67259275 -118.1612264
53 70.73369275 -91.17477638
53 104.1373328 154.2262636
53 301.1230328 7.516983623
53 175.2441128 89.40334362
53 257.7142628 -79.79663638
53 -76.77151725 105.2783436
53 -175.7884272 39.92843362
53 -146.4373472 13.46787362
53 156.7232728 -195.6851964
53 85.28577275 -150.7060264
53 232.2481128 190.4090936
53 71.72588275 191.2679236
53 249.5287128 2.224193623
53 376.5287128 22.72940362
53 -88.01630725 191.2679236
53 -197.4876672 51.03876362
53 -159.0044872 26.69815362
53 -173.5565772 0.2398236233
53 -91.78378725 -20.26538638
53 48.24410275 -153.3518664
53 31.04619275 -191.7164464
53 440.0287128 26.69815362
53 21.78577275 221.6950136
53 -68.17255725 266.6741736
53 -206.2160772 -16.29663638
53 -203.9009772 106.4038836
53 -173.5560072 0.2409336234
53 37.44863275 -206.7966364
53 551.6498128 -5.547936377
53 259.9107728 316.9450136
53 -217.4602972 -26.87885638
53 -214.4843072 154.0288836
53 -179.7571772 -48.70697638
53 24.21947275 -225.6481964
54 -194.9405735 -29.21977512
54 -126.0474035 12.09530488
54 -210.1535435 38.91154488
54 -89.10723354 38.24897488
54 -126.8462635 156.1859349
54 -72.57077354 76.61355488
54 -225.0369235 -90.40467512
54 -329.2166135 -21.28227512
54 -94.56426354 203.2828249
54 -32.91918354 123.7744749
54 -214.8675735 -133.8966751
54 -293.8285935 -128.7692551
54 -41.81296354 0.2151148783
54 -157.4028135 189.3921949
54 -5.928853536 256.8609449
54 38.88494646 112.0015749
54 -165.2581935 -109.4227251
54 -272.6619235 -163.1650951
54 19.04119646 20.05886488
54 -8.944613536 -29.16948512
54 -332.6892635 65.69949488
54 72.78468646 268.1057449
54 -197.0897435 209.2370649
54 22.84042646 73.43485488
54 84.85630646 107.7020949
54 -159.3045035 -133.2341051
54 41.79992646 -77.12586512
54 14.41099646 -17.64425512
54 -515.2517735 -37.48800512
54 99.90448646 280.0119949
54 -240.7465635 197.9911549
54 69.56008646 365.5054849
54 20.36355646 47.83899488
54 169.8537065 104.0640749
54 -175.6766735 -213.7457851
54 99.24302646 -110.2484251
54 108.6688065 -11.36040512
54 80.55682646 26.67344488
54 6.473496464 4.183864878
54 41.79992646 -31.40001512
54 -601.2413535 -91.72759512
54 79.30069646 267.2120849
54 19.04176646 20.05998488
54 245.2605165 112.6641549
54 -181.7940835 -286.6924351
54 156.1284365 -169.1182151
54 148.1915065 37.25790488
54 143.0652065 -33.18741512
54 -637.6215635 -124.1390551
54 238.8112965 295.2266549
54 72.12323646 258.1838649
54 21.02557646 -1.769255122
54 224.8427265 129.7557149
54 273.2071365 88.19019488
54 -179.8097135 -332.3330651
54 244.2688965 -106.2774351
54 140.4193765 -183.0077251
54 35.49497646 -225.1768151
54 156.1284365 -183.0088451
54 189.8628165 62.39219488
54 157.6167265 -43.77186512
54 216.4865165 23.03542488
54 102.7156765 -71.55311512
54 -776.5278135 -196.8994651
54 285.1133865 303.1641549
54 150.0099565 201.2984449
54 310.2482365 96.78803488
54 234.8419865 79.59011488
54 292.8849565 65.69949488
54 -131.8534135 -311.1652751
54 -264.3402135 -358.1725451
54 -176.1716935 -386.5726451
54 314.3823465 -40.13384512
54 312.3985365 -74.52855512
54 214.3367765 -116.2015551
54 116.4409365 -206.8213451
54 -14.77585354 -244.3591051
54 175.9721865 -210.1286351
54 211.0294865 59.08490488
54 213.1792265 -87.42811512
54 235.0073465 32.95730488
54 326.1232365 311.1005349
55 -65.19985919 -35.2777086
55 39.31055081 -3.527708604
55 -45.35610919 -18.0797886
55 -94.30402919 -55.1214586
55 106.7793008 18.9618814
55 26.08139081 12.3472914
55 -137.0975492 -87.3995586
55 -194.5149692 -49.1683286
55 220.0899508 12.4806414
55 108.3040608 -43.0807386
55 106.7793008 34.8368814
55 212.8144808 29.6796814
55 -4.345699187 11.0243814
55 -185.8806692 -104.4332286
55 35.54308081 -47.0506086
55 -276.5357992 -46.5224986
55 -188.2311092 -7.496458604
55 225.3816208 -6.701648604
55 296.1582308 -10.0078186
55 134.7624008 -36.4661486
55 117.3626408 -98.7777086
55 106.7793008 50.7118814
55 208.6438908 53.3577114
55 272.1438908 45.4202114
55 -79.75194919 -2.204788604
55 6.237640813 62.6181314
55 -225.0709392 -117.8255286
55 -181.9472592 -131.8506186
55 -300.3482992 -39.9079086
55 -247.7623592 -12.7881186
55 -119.4394492 0.4410413958
55 138.8600308 -86.2099986
55 225.3821908 -6.700528604
55 97.51889081 -109.3610386
55 208.8457308 66.7213514
55 116.3704508 122.8108414
55 273.4668008 66.5868814
55 315.8001408 1.763961396
55 346.5579508 72.5400014
55 -85.37433919 67.2483414
55 90.44412081 154.6941914
55 -237.6392092 -123.7797686
55 -377.4081992 -35.2777086
55 -206.4212192 -143.7568686
55 -134.3222592 -108.0381186
55 -175.0019492 -166.2464586
55 -343.0123592 -32.6318686
55 -174.6712192 21.6077114
55 -278.5201792 15.6545914
55 227.1647208 -33.9547886
55 -0.3769491874 -143.7568686
55 273.4668008 82.4618814
55 202.3600308 105.6129214
55 100.4954508 132.0712514
55 120.3392008 145.9618814
55 350.1959708 83.7848014
55 389.8834708 29.5452114
55 338.2897208 -49.8297886
55 341.2662808 37.4827114
55 52.20899081 113.5504214
55 89.78323081 188.4296814
55 -279.3110892 -132.3787286
55 -381.0462192 -82.2412486
55 -328.7910092 -8.157908604
55 -403.5357992 -24.6943686
55 -67.51496919 -96.7933286
55 -65.65947919 -188.6015686
55 -298.3639292 7.055631396
55 -189.5540292 62.6181314
55 231.1334708 -101.4235386
55 285.3730508 251.7952114
55 354.1647208 111.5660514
55 197.0683708 126.7795914
55 179.7410008 123.6056414
55 66.76107081 114.8733414
55 124.8399508 192.3973114
55 358.1334708 -100.1006186
55 54.72537081 188.4285614
55 62.00198081 407.3723914
55 -340.1646892 -146.9296986
55 -367.1555892 -139.1266586
55 -384.9779192 11.6560614
55 -398.2441392 -120.6058286
55 -417.4264292 -19.4027086
55 11.19857081 -86.8714586
55 -166.7337192 -197.9964586
56 -314.1112732 15.78557169
56 -310.5553632 51.34008169
56 -293.9362232 57.78930169
56 -264.1711632 44.55901169
56 -250.2799732 98.79971169
56 -244.3268532 26.03930169
56 -314.1107032 15.78669169
56 -174.2122632 43.23721169
56 -216.4797932 116.4768017
56 -378.0241132 -11.49845831
56 -117.0782332 24.88286169
56 -176.9407832 126.7463317
56 -183.2246332 26.86612169
56 -19.84386324 22.89849169
56 -142.3146932 146.0313117
56 -91.94282324 -8.85150831
56 9.921196761 4.37654169
56 35.05661676 34.80362169
56 -113.6888332 155.0236717
56 -114.5162232 -8.35764831
56 -33.73505324 -30.01929831
56 39.68682676 -1.57658831
56 50.27015676 20.25154169
56 103.1873868 40.09640169
56 -32.74286324 185.6161217
56 -34.97528324 133.1955517
56 -125.6771932 -30.01817831
56 4.62952676 -22.08179831
56 -48.20445324 -44.07528831
56 84.66598676 20.25154169
56 103.1873868 -20.09629831
56 103.1868268 40.09529169
56 -198.3554932 -72.51799831
56 49.60926676 -20.09629831
56 -87.97350324 -73.67330831
56 50.26958676 20.25042169
56 175.2857768 32.81924169
56 133.6139068 -27.37345831
56 128.9836968 50.01716169
56 -260.5325832 -113.8591383
56 -77.97008324 -78.47111831
56 21.16598676 27.52758169
56 169.2967468 -6.17477831
56 181.8644568 77.83043169
56 216.9576568 -48.54012831
56 89.26028676 -46.85446831
56 138.9055768 64.56924169
56 -303.6094832 -143.1275483
56 -166.6054932 -145.2784083
56 13.22848676 -81.61304831
56 230.1509168 30.20543169
56 156.0675868 64.93199169
56 197.1139068 86.39737169
56 338.0050968 -6.20567831
56 255.3222368 -54.49325831
56 176.3606468 -59.95028831
56 59.49466676 -87.20342831
56 49.60869676 -20.09741831
56 120.1366968 -57.96590831
56 -334.6159132 -162.8070583
56 -266.5683832 -186.1234583
56 -223.4909132 -210.1013283
56 292.3279968 76.50751169
56 172.6393768 90.36500169
56 220.9264068 82.42862169
56 375.4596068 -43.41382831
56 323.8658568 15.45596169
56 309.5618268 -73.67554831
56 257.3066168 -65.73804831
56 264.5826568 -43.90991831
56 213.6503668 -64.41512831
57 9.253423195 76.12456139
57 -50.6085568 35.11414139
57 43.6024732 -2.042218611
57 44.3107132 90.67664139
57 -91.6657568 0.6036113889
57 -29.1111568 33.46050139
57 -101.5408468 37.75998139
57 86.7439832 -73.85857861
57 -88.6891868 -9.318258611
57 72.3849532 -3.736308611
57 49.1427532 98.99666139
57 69.7312132 100.8167914
57 32.4044632 67.19487139
57 -95.3037768 -2.703678611
57 -8.605956805 33.12977139
57 -123.6637968 77.82887139
57 -97.86692681 29.87314139
57 -204.3976168 64.87977139
57 55.2606832 -100.4341486
57 97.9247432 -83.56695861
57 -104.8943568 -9.647868611
57 96.60182319 -31.97320861
57 158.1174532 -5.514878611
57 -50.27782681 122.0959114
57 200.6993932 113.3833814
57 23.4747732 65.54123139
57 -211.4498968 -14.33132861
57 -138.8767768 157.8664514
57 -71.4912768 -43.38336861
57 69.06862319 -100.9302386
57 32.0269532 -112.8364886
57 28.0582032 -101.5916986
57 103.2164132 -93.48883861
57 -196.1761668 -89.02398861
57 108.5075132 -40.57328861
57 86.0190632 -20.06583861
57 228.5219932 0.1671113891
57 14.5450932 207.4240414
57 228.4800832 119.3353814
57 -206.4312068 31.39452139
57 -230.5720068 -107.5448286
57 -253.3096368 -36.27268861
57 127.2775232 -103.5749586
57 12.5960532 -123.5863086
57 6.891543195 -106.2219086
57 55.2601132 -100.4352686
57 145.4676232 -90.67651861
57 -210.0667968 -106.2219086
57 131.6591232 -62.40028861
57 268.6715232 -4.015128611
57 85.5224032 185.6465814
57 -17.2049068 219.3302914
57 268.1675832 119.3353814
57 272.0173132 57.46383139
57 -251.9867168 76.83669139
57 -259.5934868 -107.0487286
57 -274.8070268 9.367941389
57 -280.0986968 -36.27268861
57 149.5184932 -102.0877886
57 32.02752319 -112.8353686
57 -59.2901968 -160.3467986
57 6.230083195 -118.7896186
57 34.2599432 -156.3262586
57 -91.0042968 -110.8521186
57 232.1186732 -91.33797861
57 -127.3845068 -106.2219086
57 -234.1632468 -125.6202286
57 293.3856832 0.768981389
57 103.1337232 208.9629914
57 83.0060232 131.3563314
57 47.5703132 228.6569514
57 -132.3454368 206.3171514
58 -32.84296217 -11.70517696
58 -20.93671217 -11.70517696
58 -78.48359217 0.2010730435
58 -44.74865217 -14.34989696
58 -3.738802174 -10.38226696
58 -34.16588217 -0.4603869566
58 22.72009783 -46.09989696
58 12.79765783 -1.783306957
58 -55.99401217 -5.090596956
58 -7.046092174 1.523983043
58 -37.47261217 8.139693043
58 111.3549478 -72.55934696
58 36.61072783 8.801143043
58 -14.32213217 6.154193043
58 -104.2804722 51.13336304
58 141.7820378 -87.11142696
58 69.68307783 18.06044304
58 43.22473783 16.73753304
58 55.79244783 28.64378304
58 -122.8013022 72.96148304
58 155.6726578 -87.11142696
58 94.81905783 29.96781304
58 -187.6242222 106.034403
59 -48.71371194 -44.52856556
59 -56.23837194 -19.72499556
59 -19.03077194 -100.9178956
59 -20.18832194 18.47533444
59 -58.63559194 -10.79419556
59 10.81810806 38.15484444
59 -62.02556194 -0.04549555504
59 47.85920806 -4.841065555
59 53.89500806 67.42325444
59 -65.82951194 7.394794445
59 -102.8711819 -25.18203556
59 90.93667806 -28.81893556
59 116.0720981 108.7643944
59 -106.3438419 -7.818745555
59 -70.54184194 13.01830444
59 -104.1935319 -21.87362556
59 -101.7130619 -31.46476556
59 47.28042806 -77.76685556
59 151.0467081 -38.57544556
59 147.8220981 36.00398444
59 226.4540881 107.6090844
59 188.7503981 151.2642144
59 -107.0047319 -2.195235555
59 -75.17148194 19.63400444
59 13.54604806 54.19408444
59 -248.7227419 -71.15338556
59 -96.45676194 -37.16870556
59 -33.44431194 -155.3867556
59 168.1619381 -54.61580556
59 236.4575081 102.8112744
59 266.2231381 137.2071044
59 199.9113681 172.9247444
59 -72.27816194 15.16804444
59 -109.2365819 8.389214445
59 -85.75538194 27.57038444
59 -35.48454194 36.16934444
59 -7.041841944 52.04434444
59 23.46792806 60.80867444
59 -297.0907519 -96.78265556
59 -248.0601519 -87.02614556
59 -88.48333194 -48.00010556
59 -63.92669194 -162.2670356
59 60.34422806 -99.59497556
59 270.6885481 2.270724445
59 194.0414981 -74.95565556
59 327.6560781 99.66934444
59 280.6925381 151.2630944
59 222.4847681 172.4308844
59 -95.34652194 26.90893444
59 -43.42204194 52.70580444
59 -32.83814194 62.62879444
59 53.89557806 67.42437444
59 -391.0184019 -141.1014856
59 -305.6075919 -124.7303956
59 -234.6667519 -76.44505556
59 -74.05040194 -69.05319556
59 -90.71632194 -167.2290956
59 315.5485581 33.47284444
59 246.9587281 -80.90765556
59 373.9222581 94.07896444
59 324.3487881 185.6589344
59 319.0571181 159.2005944
59 294.5837281 204.1808844
59 -176.0444419 24.26309444
59 -69.21892194 52.04434444
59 -43.42148194 52.70692444
59 10.15664806 87.76421444
59 -375.8037219 -159.6200856
59 -442.6115819 -159.6212056
59 -252.6903619 -162.4323956
59 -38.21306194 -141.9283056
59 -232.9292919 -179.1342256
60 -64.07897566 21.01569934
60 -74.08239566 25.81350934
60 -152.7143857 -45.79159066
60 27.11959434 17.87376934
60 -34.31334566 55.41152934
60 -184.4643857 26.96881934
60 -209.5998057 -110.6145107
60 73.38577434 12.28338934
60 -19.84394566 69.46751934
60 -246.6414757 -14.37232066
60 -111.7860857 69.46863934
60 -149.4897757 -120.3710207
60 -253.2560557 -159.5624307
60 -252.6772757 -86.63664066
60 103.1513943 52.63234934
60 88.59931434 -24.09682066
60 146.8435543 0.6758593421
60 23.81230434 103.8633593
60 18.52063434 77.40501934
60 -289.7183757 -43.64073066
60 -100.6251157 91.12916934
60 -132.3745457 -136.4113807
60 -333.9807957 -237.1823307
60 147.5050143 72.11335934
60 63.49980434 79.38939934
60 134.0278043 41.52090934
60 15.01207434 -48.32273066
60 146.8441243 0.6769693422
60 100.5414743 -37.68873066
60 181.9014143 -1.968860658
60 53.57793434 97.91022934
60 64.16126434 119.7383593
60 -5.952755658 122.3853093
60 63.50037434 79.39051934
60 -320.7248057 -63.32024066
60 -78.05171566 90.63530934
60 -106.4949857 -156.7512307
60 -29.84793566 -79.52485066
60 -240.1922557 -181.3905507
60 -364.4631757 -244.0626107
60 230.8487643 50.94668934
60 117.0784943 79.39051934
60 183.1878543 93.31203934
60 190.2517543 39.53652934
60 47.62480434 -82.66789066
60 116.4164743 -44.30331066
60 193.1456343 -23.79810066
60 231.5102243 17.21230934
60 98.55709434 119.7383593
60 117.0779343 139.5821093
60 -103.1871257 124.3696793
60 48.94772434 134.2904393
60 -349.2501957 -126.3241407
60 -53.57775566 -162.7032307
60 -391.2528057 -249.0246707
60 269.2133443 44.99355934
60 351.8962043 93.28113934
60 189.1768843 132.3060593
60 244.0420243 129.6922493
60 227.5414743 35.07168934
60 -23.81269566 -148.8137307
60 200.4222443 -78.03657066
60 244.0779343 -35.70435066
60 271.1977243 33.74876934
60 64.16069434 119.7372393
60 142.8748043 149.5039793
60 -160.3211557 142.7240293
60 -169.3335257 126.3529393
60 117.0784943 139.5832193
60 -356.7748557 -101.5205707
60 -319.5672557 -182.7134707
60 -72.09858566 -181.2240707
60 -533.4657757 -260.9298007
60 278.4737643 55.57689934
60 323.4529343 25.81126934
60 337.7569643 114.9427793
61 30.75781 -17.859375
61 -30.75781 17.859375
62 89.55179036 3.247163374
62 76.98465036 -3.366306626
62 131.8856904 42.27432337
62 3.562210362 -87.37263663
62 162.9736704 51.53361337
62 74.33825036 14.49195337
62 180.8330404 79.31486337
62 -12.97424964 -111.1851366
62 187.4476304 57.48674337
62 127.9163804 18.46070337
62 196.7086104 89.89932337
62 103.3597304 48.72242337
62 50.44364036 -0.2243766265
62 255.5778304 105.7732034
62 161.5686404 85.76520337
62 -41.70090964 -93.54178663
62 -9.667529637 -21.22791663
62 286.0054904 120.9878634
62 37.29715036 76.33942337
62 182.8174204 103.1273634
62 -186.3584496 -216.5212566
62 -87.34153964 -22.76574663
62 -18.26591964 -42.72419663
62 -1.848049637 13.36641337
62 360.0882504 173.9034134
62 319.7392904 120.9867434
62 18.77632036 75.01650337
62 69.70804036 109.0804934
62 196.6259304 113.5464534
62 255.5789704 105.7754334
62 -259.1194296 -178.8192466
62 -208.1865696 -231.7347966
62 -101.6096696 -25.52627663
62 380.5113404 186.9683334
62 412.3434604 171.2575734
62 399.1148604 155.3836934
62 -30.07872964 63.74636337
62 78.30700036 134.2159134
62 334.2081304 186.9660934
62 -293.4325796 -157.4872166
62 -246.2360896 -169.1159366
62 -419.1090996 -349.9704766
62 -233.9013296 -229.5861766
62 449.3851304 166.6273634
62 412.3440304 171.2586934
62 -86.86750964 48.78272337
62 -35.46269964 109.0827334
62 -27.52632964 35.65861337
62 80.95283036 174.5648634
62 290.5530104 187.6297834
62 380.5107804 186.9672134
62 -278.2184796 -123.7517266
62 -338.4117496 -126.3986766
62 -218.4548396 -169.7773966
62 -209.5094896 -137.1462566
62 -408.5263296 -373.1226366
62 -429.6924296 -328.1423466
62 -336.4273796 -244.1382566
62 572.9951504 235.9151334
62 -100.2850496 41.94582337
62 -79.78153964 122.9711134
62 9.515330363 102.7966434
62 272.0316104 190.9359634
62 410.9384304 190.2756234
62 -257.7138296 -82.08096663
62 -189.6663096 -120.6109166
62 -362.3069296 -115.9807066
62 -342.3799296 -144.9183866
62 -336.4268096 -111.8454766
62 -166.8599496 -145.3011966
62 -151.5029996 -162.3334566
62 -166.8605196 -145.3023166
62 -861.8652596 -425.3654866
62 -462.7653496 -265.9652666
62 -462.7659196 -265.9663866
62 520.7399404 196.2276334
62 600.1149404 253.1130434
62 -121.4534196 17.13778337
62 -282.8492496 44.58830337
62 -266.9736796 22.09984337
62 -81.76591964 149.4294534
62 60.01969036 113.9893534
62 18.77575036 159.6820534
63 52.5111548 106.5648386
63 -17.2732652 31.15746857
63 6.869404805 109.2084286
63 183.1788948 51.86340857
63 173.5580348 117.1481686
63 -45.7159752 76.79808857
63 -147.9107152 -78.64350143
63 28.94613481 -36.80737143
63 38.6194048 132.3594786
63 197.6773348 44.05655857
63 233.3658048 -89.77520143
63 211.9220448 117.8085086
63 -143.3631952 -6.379171429
63 -82.06946519 59.63586857
63 -60.26805519 103.9178886
63 -174.3696152 -97.16545143
63 -130.0519052 -97.16545143
63 -218.0253052 -83.93516143
63 97.1590248 -66.07691143
63 -25.3755852 -28.43564143
63 55.81788481 148.2355886
63 226.1434048 -27.71232143
63 436.4871548 -103.7800314
63 206.2996548 -97.16545143
63 249.6251748 111.1939286
63 -212.4034752 -77.98316143
63 -116.5746952 55.79678857
63 -68.20555519 115.1626786
63 -151.2185752 -98.48836143
63 -216.3722252 -124.2852414
63 -73.1664952 -96.50399143
63 -123.9334152 -103.4493014
63 -240.1841552 -87.90391143
63 -231.5863252 -101.1353214
63 -16.61180519 -73.35295143
63 120.3100748 -74.67586143
63 185.1329848 -42.26441143
63 -27.19513519 -14.48316143
63 86.82430481 174.1989486
63 19.76840481 146.2512186
63 104.7657948 151.5428886
63 231.4350748 -38.95711143
63 289.3132448 121.1169186
63 355.7892348 102.5949686
63 -224.3097252 -54.83211143
63 -181.3976152 22.72387857
63 -78.78888519 144.2668386
63 -259.0028052 64.24037857
63 -123.9328552 -103.4481814
63 -135.0128452 -215.5664914
63 -294.7550352 -171.2487814
63 -121.4529552 -114.3633614
63 -112.3662252 -118.9114814
63 -258.0440952 -87.90503143
63 -240.1847252 -87.90503143
63 -266.3117652 -124.9455814
63 154.7059048 -66.73836143
63 136.1029548 -80.46251143
63 206.3002248 -97.16433143
63 122.9559048 43.06371857
63 216.2220948 -31.01850143
63 148.3393648 228.4374186
63 119.9793448 161.4647586
63 206.8789948 215.5400986
63 168.8198648 137.0417386
63 316.7631948 -8.530031429
63 440.1251748 129.7147586
63 504.6179248 53.64816857
63 -234.8930552 -40.94149143
63 -225.0538652 5.525958571
63 -258.1267752 45.21345857
63 -110.5388852 181.3085086
63 -310.9340452 51.03690857
63 -294.4243052 129.7147586
63 -62.41779519 -105.4336814
63 -177.4288652 -216.7240414
63 -42.07851519 -216.8905214
64 -26.476285 7.126685
64 26.476285 -7.126685
65 297.0586359 120.2230381
65 157.4909259 97.7334581
65 -42.93094413 42.1709581
65 13.29414587 12.4075681
65 -92.54032413 56.0615781
65 -122.9668341 17.6981181
65 22.55399587 25.6356181
65 -44.91475413 -2.145631905
65 -132.2283941 56.0604581
65 -113.0443941 -35.2174319
65 -173.8996941 7.775118095
65 163.4440559 73.2594981
65 149.5534259 45.4782481
65 -161.3319841 60.0303281
65 -159.1822441 -59.1975319
65 -73.35803413 -57.0477919
65 -213.5871941 -8.761331905
65 157.4914959 97.7345681
65 190.5644159 78.5522781
65 182.6263459 48.1240781
65 127.0644159 -4.130011905
65 -187.7903241 60.6917881
65 -168.6439341 -67.9298419
65 12.63098587 -35.8822419
65 -22.42573413 -75.5686319
65 -159.1816841 -59.1964119
65 -237.2343341 8.932678095
65 156.8294759 112.9469981
65 314.9174459 99.7167081
65 179.9805159 22.9886681
65 200.5684059 -31.7470119
65 69.51697587 -14.7144619
65 121.7733159 -27.2799319
65 -290.3163641 67.3063681
65 -197.0507341 42.1709581
65 -99.65099413 -85.6558719
65 -193.0819841 -92.1050919
65 46.36592587 -103.3498819
65 -138.6770441 -73.7496219
65 -282.2134941 28.7764281
65 -216.2330341 37.5407481
65 208.7545159 -121.8695919
65 193.9532559 7.939368095
65 306.4017359 -47.6220119
65 152.9434059 -14.5491019
65 105.2357259 -81.5217519
65 -235.2493841 91.6160881
65 -364.3996941 67.3063681
65 -333.8072441 47.9587181
65 -110.0695341 -182.0645419
65 -27.09185413 -132.7527619
65 78.11592587 -114.5946719
65 203.4628559 -138.0753219
65 131.3638959 -131.1300119
65 311.9414559 -76.8915419
65 182.6269159 48.1251981
65 374.8626759 -34.3928519
65 351.5930359 -51.3933819
65 90.68363587 -87.4748819
65 -134.8742241 86.4875481
65 -97.86789413 133.8149481
65 -129.4166241 152.4691281
65 -300.4030341 92.2775381
66 -181.1711422 -31.52075187
66 -114.3644222 -31.52186187
66 -205.6456722 -34.82916187
66 -129.5779622 -13.00103187
66 8.750077813 -34.33194187
66 -235.0805622 -49.71197187
66 -35.65031219 31.31779813
66 -114.3632822 -31.51963187
66 28.51114781 -51.03377187
66 -44.16715219 3.370058125
66 -275.0987922 -65.91770187
66 12.71769781 56.94706813
66 -193.7388522 -59.30200187
66 -107.0883822 -50.04270187
66 42.48388781 -69.39035187
66 -7.869632187 -49.05051187
66 170.7241178 -39.12864187
66 13.38028781 41.07430813
66 152.2038578 136.4896681
66 157.2469078 106.2268281
66 -269.1456722 -73.19374187
66 -102.4581722 -55.33436187
66 67.61930781 -99.81744187
66 14.70263781 -70.71327187
66 99.36930781 -63.43723187
66 -116.6795222 -50.04270187
66 197.5137478 -34.16658187
66 164.9836778 90.93174813
66 26.77368781 51.65539813
66 154.4357078 125.9052181
66 186.2689578 147.7344581
66 155.0965978 120.2817081
66 158.5692578 102.9184181
66 -311.7276122 -88.57376187
66 -95.18156219 -79.80720187
66 -193.7394222 -59.30311187
66 112.5984678 -146.1195219
66 -7.786942187 -73.35910187
66 136.7684178 -58.10987187
66 227.9961278 -27.28630187
66 159.7273778 96.63568813
66 172.9571078 80.10034813
66 189.1622778 143.2684981
66 190.8985978 141.1187581
66 175.6850578 155.6708381
66 225.9558978 164.2697981
66 195.6109278 135.4952481
66 199.4148778 128.0549581
66 -320.3260122 -73.35910187
66 -356.4576022 -114.2030419
66 -297.8364222 -112.3851519
66 -73.12531219 -104.2395619
66 130.4578478 -166.6247319
66 -34.24528219 -73.35910187
66 198.9454978 -53.47966187
66 308.7208678 50.33359813
66 187.3900378 59.04725813
66 274.9864878 182.2945381
66 166.0939178 155.0093881
66 202.8048478 117.3062581
66 -326.6092922 -54.83715187
66 -405.4741722 -105.9124619
66 -256.2472322 -44.42030187
66 -456.6691122 -131.0713419
67 -67.75630851 -10.80287209
67 -17.19065851 8.080697911
67 -182.6846985 -38.74949209
67 -20.49794851 -25.65367209
67 -13.88336851 31.89319791
67 87.19087149 41.28808791
67 -285.8716285 20.78287791
67 -172.9281885 13.00962791
67 -66.43339851 -28.66225209
67 -180.7991385 -64.88363209
67 17.07629149 -20.88899209
67 -31.41200851 30.57028791
67 -22.15159851 63.64319791
67 247.2643615 82.96107791
67 -139.1938085 59.31170791
67 -73.70943851 -71.65704209
67 -218.1715385 -59.26123209
67 162.5965515 26.07342791
67 50.60882149 -138.7630521
67 -53.57086851 86.13278791
67 -29.09690851 98.03903791
67 251.6921515 70.25778791
67 249.0463215 150.9556979
67 -126.4601685 97.51204791
67 -187.3143385 82.95995791
67 -244.3651185 -24.03092209
67 -147.4620385 -95.13881209
67 -177.1611185 -119.4539421
67 148.5046515 -232.6901321
67 247.2632215 41.94842791
67 118.0775715 -125.5338821
67 -29.39172851 -154.3393321
67 -84.78885851 106.1098879
67 18.52809149 121.8515379
67 -33.03031851 125.4564279
67 383.9838215 128.4661179
67 176.2859015 50.41403791
67 -221.5812885 72.24215791
67 -126.4607385 97.51092791
67 -214.3052385 90.76299791
67 -285.8721985 20.78175791
67 -88.29742851 -130.8255521
67 -211.9536585 -148.3850921
67 284.1389515 -183.4446221
67 119.4369715 -245.6194621
67 263.5984015 -64.67971209
67 300.8413515 63.11509791
67 -88.29742851 -151.9922121
67 -8.225058508 -170.8757921
67 -72.22058851 112.0641279
67 85.33538149 133.0963279
67 152.4734015 86.13278791
67 -41.66461851 180.7213279
67 15.75280149 142.4900979
67 380.0150715 195.9348679
67 383.9838215 54.38278791
67 491.1400715 180.0598679
67 -255.3156585 66.28903791
67 -245.3937885 109.2838279
67 -228.1958685 147.6484079
67 -305.0544885 47.90154791
67 -71.09950851 -68.64846209
67 -328.7016285 -253.2273521
67 -322.4177685 -142.4330821
67 460.7494715 -264.1403021
67 284.7650715 -146.7005521
67 340.0327515 -156.6544421
68 -43.98662625 -2.64513625
68 -54.57052625 -10.58375625
68 34.06489375 34.39541375
68 -51.92412625 -54.23888625
68 -159.7423963 -82.68270625
68 155.1123337 70.77674375
68 -54.57052625 -68.13062625
68 175.6169737 113.1089537
69 273.603978 -55.84505257
69 243.617018 -60.27420257
69 290.140438 -57.16797257
69 215.835768 -51.01379257
69 169.093558 -39.97005257
69 157.627438 -41.09191257
69 95.45035797 -45.72212257
69 58.05124797 -51.04948257
69 1.165827972 -57.00260257
69 -26.61542203 -58.32552257
69 -12.80691203 -38.64602257
69 26.30124797 -87.42969257
69 -49.10500203 -60.97135257
69 -49.18769203 -36.66276257
69 -32.56798203 -21.94419257
69 129.406058 -26.74089257
69 71.28040797 -133.7317726
69 -75.56334203 -60.97135257
69 -157.997582 -37.65495257
69 -155.682482 -19.13411257
69 -85.48521203 15.75780743
69 156.195688 -21.77883257
69 89.13978797 -154.2369826
69 -93.72673203 -64.90441257
69 -222.489202 -19.13300257
69 -27.93777203 53.46205743
69 -155.681342 -19.13188257
69 186.678068 -14.89855257
69 -136.500192 -67.42057257
69 -246.963732 -22.44141257
69 -170.896022 -0.6132825676
69 123.665618 103.3194974
69 -14.54437203 64.04314743
69 -148.406442 -37.65495257
69 -235.056912 -46.91425257
69 267.402808 62.72134743
69 -145.320482 -68.21170257
69 -276.398622 -37.32422257
69 -76.96837203 43.70554743
69 131.639048 92.48809743
69 118.409318 109.0234374
69 -143.776232 -42.94661257
69 -310.463732 -60.80599257
69 311.059058 111.6692674
69 -207.193552 -80.15365257
69 -316.416852 -53.52995257
69 -28.60036203 69.33481743
69 146.071978 71.43500743
69 117.251198 115.3061674
69 -235.057482 -46.91536257
69 -136.499622 -67.41945257
69 -353.045672 -76.18601257
69 371.169088 101.9127574
69 267.981588 135.6471374
69 367.944478 176.4921874
69 -255.562122 -87.92466257
69 110.885798 148.8774174
69 115.928848 118.6145774
69 181.909318 -1.440102568
69 158.096818 140.4427074
69 -114.443372 -91.85181257
69 -361.644072 -60.97135257
69 -339.154482 -99.99740257
69 -397.775662 -101.8152926
69 388.284318 85.87239743
69 230.940488 178.6430474
69 456.579888 243.2994774
69 -288.552922 -92.72135257
69 -209.260602 -146.7955726
69 -268.791852 -75.35807257
69 113.117648 138.2929674
69 144.950898 160.1222074
69 113.778538 132.6694574
69 161.486788 129.6940074
70 235.5035645 51.47959636
70 104.5348145 27.00563636
70 37.72752455 27.66709636
70 -31.72503545 13.77758636
70 -83.98080545 1.870216364
70 -91.91830545 -6.728743636
70 -126.8929155 -11.19358364
70 -85.22104545 -30.37587364
70 -185.8453955 -12.68186364
70 -23.04396545 -27.06858364
70 250.8615645 -33.75148364
71 111.918752 -0.2645839998
71 63.301562 -6.879164
71 6.416142 -6.879164
71 -55.760938 6.349996
71 -125.875518 7.672916
72 -32.77283841 129.521419
72 -111.4863884 151.349539
72 -140.1122484 142.357179
72 -30.54041841 181.941989
72 -174.7383384 123.072199
72 -214.2773484 112.802669
72 -248.0775284 95.12557899
72 -172.0098184 39.56307899
72 -291.7337784 54.11516899
72 -114.8757884 21.20872899
72 -261.9687184 40.88487899
72 -308.3529184 47.66594899
72 -181.0221884 23.19198899
72 -17.64141841 19.22435899
72 -242.1244084 22.36516899
72 -311.9082584 12.11255899
72 -311.9088284 12.11143899
72 -89.74037841 -12.52564101
72 37.25906159 31.12948899
72 12.12364159 0.7024089855
72 -375.8216684 -15.17259101
72 -112.3137784 -12.03178101
72 105.3898316 36.42226899
72 41.88927159 -5.250721015
72 52.47260159 16.57740899
72 -31.53260841 -33.69343101
72 -123.4747484 -33.69231101
72 6.831971594 -25.75593101
72 86.86843159 16.57740899
72 105.3898316 -23.77043101
72 105.3892716 36.42115899
72 -46.00200841 -47.74942101
72 -196.1530484 -76.19213101
72 51.81171159 -23.77043101
72 177.4882216 29.14510899
72 52.47203159 16.57628899
72 135.8163516 -31.04759101
72 131.1861416 46.34302899
72 -85.77105841 -77.34744101
72 -258.3301384 -117.533271
72 171.4991916 -9.848911015
72 184.0669016 74.15629899
72 23.36843159 23.85344899
72 219.1601016 -52.21426101
72 91.46273159 -50.52860101
72 141.1080216 60.89510899
72 -75.76763841 -82.14525101
72 -301.4070384 -146.801681
72 232.3533616 26.53129899
72 199.3163516 82.72323899
72 158.2700316 61.25785899
72 257.5246816 -58.16739101
72 178.5630916 -63.62442101
72 340.2075416 -9.879811015
72 61.69711159 -90.87756101
72 122.3391416 -61.64004101
72 51.81114159 -23.77155101
72 15.43093159 -85.28718101
72 -164.4030484 -148.952541
72 -264.3659384 -189.797591
72 -332.4134684 -166.481191
72 294.5304416 72.83337899
72 223.1288516 78.75448899
72 174.8418216 86.69086899
72 311.7642716 -77.34968101
72 259.5090616 -69.41218101
72 266.7851016 -47.58405101
72 215.8528116 -68.08926101
72 326.0683016 11.78182899
73 -21.82784 -27.44996
73 21.82784 27.44996
74 73.04319185 119.2309163
74 77.01081185 105.9995163
74 -16.91570815 117.9068863
74 65.10512185 133.7818863
74 94.20929185 83.51105631
74 -241.6456082 107.9861263
74 106.1161118 55.73091631
74 -131.1826382 34.56313631
74 -276.0420082 135.1048063
74 61.13637185 -147.9993637
74 151.0958418 94.09662631
74 -32.62534815 -71.93165369
74 -381.2138882 210.5110563
74 54.52179185 -153.9524937
74 59.81346185 -194.3014437
74 209.3036118 129.8142563
74 222.4495218 93.92901631
74 77.01137185 106.0006363
74 -15.79405815 -72.72646369
74 -62.39039815 -67.96178369
74 16.15777185 -157.9201237
74 229.9377118 140.4284863
74 235.0183718 68.79583631
74 266.7672318 95.25193631
74 36.16632185 -79.20769369
74 -28.43570815 -47.47106369
74 -135.8128482 -67.96290369
74 24.09471185 -166.5201937
74 -62.39096815 -67.96290369
74 367.9703618 136.9238163
74 235.0172318 68.79360631
74 -38.28364815 -28.40875369
74 -168.2237382 -69.28470369
74 -6.332378154 -165.1972837
74 412.5002118 143.0743163
74 176.1474418 44.98110631
74 -38.94510815 -2.611883693
74 -221.1409682 -62.67124369
74 -46.68133815 -166.5201937
74 262.3491618 62.37639631
74 446.8960418 145.0586863
74 442.9272918 121.9076463
74 129.8447918 -57.54605369
74 -306.4685282 -48.11803369
74 252.4272918 40.54827631
74 472.0314618 158.2878563
74 485.2606218 143.0743163
74 120.5849418 -139.5657737
74 -382.5727082 -40.31500369
74 -400.5615382 -81.85353369
74 -442.2441782 79.60621631
74 -227.2588882 4.798626307
74 -254.8747782 -96.40449369
74 178.3439618 3.506606307
74 121.2464018 -164.7011837
74 200.1720818 -138.0454737
74 -461.2036782 -10.45139369
74 -428.1774282 -99.05144369
74 -464.5494682 98.00808631
74 -263.6396682 28.61000631
74 -168.2242982 -69.28582369
74 -197.3278982 12.07466631
74 -398.7488582 -98.27848369
74 -196.6670082 -105.0045737
74 133.8973618 -185.0399137
75 296.1704654 25.300295
75 276.4926454 47.790995
75 248.5460254 72.264955
75 238.1274954 39.190915
75 313.5337454 56.388835
75 228.1282354 89.356515
75 173.1392154 63.664875
75 153.2954654 160.899245
75 88.14181539 67.302895
75 129.4829654 174.789875
75 42.17045539 71.602375
75 124.4086254 188.336255
75 26.12593539 33.035655
75 -29.63367461 83.375275
75 130.5425854 200.046535
75 23.64906539 7.439795
75 -123.5607546 115.786735
75 113.6079654 198.602375
75 159.9100454 203.232585
75 22.32727539 -20.339215
75 -91.27875461 162.883625
75 -206.8680346 -1.487655
75 24.31108539 -42.168455
75 -154.1173046 148.992995
75 -2.643344605 216.461745
75 -325.9311046 -61.681475
75 -122.7618946 -28.303895
75 -221.7514146 -130.803875
75 -69.28526461 36.214355
75 -329.4037546 25.300295
75 76.07019539 227.706545
75 -193.8042346 168.837865
75 -191.6550646 -69.618975
75 -85.82172461 -2.150225
75 -38.52745461 -40.184085
75 -211.5820646 -174.295875
75 -290.5430846 -169.168455
75 -511.9662646 -77.887205
75 103.1899954 239.612795
75 -237.4610546 157.591955
75 72.84559539 325.106285
75 22.32670539 -20.340335
75 -5.659104605 -69.568685
75 -161.9726846 -149.821925
75 -269.3764146 -203.564295
75 -597.9558446 -132.126795
75 82.58620539 226.812885
75 45.08543539 -117.525065
75 17.69650539 -58.043455
75 -156.0189946 -173.633305
75 -634.3360546 -164.538255
75 75.40874539 217.784665
75 242.0968054 254.827455
75 102.5285354 -150.647625
75 111.9543154 -51.759605
75 9.759005395 -36.215335
75 83.84233539 -13.725755
75 45.08543539 -71.799215
75 -172.3911646 -254.144985
75 -773.2423046 -237.298665
75 288.3988954 262.764955
75 159.4139454 -209.517415
75 151.4770154 -3.141295
75 146.3507154 -73.586615
75 -178.5085746 -327.091635
75 329.4087454 270.701335
75 247.5544054 -146.676635
75 38.78048539 -265.576015
75 143.7048854 -223.406925
75 159.4139454 -223.408045
75 193.1483254 21.992995
75 219.7720254 -17.363775
75 160.9022354 -84.171065
75 106.0011854 -111.952315
75 -176.5242046 -372.732265
75 317.6678554 -80.533045
76 310.0757922 -282.2204916
76 299.6224822 -307.4881416
76 307.4305322 -114.8704116
76 297.8393822 -288.8339516
76 306.2370622 -370.9881416
76 322.1120622 -168.5818916
76 294.2013622 -98.33395158
76 277.0034422 -33.51104158
76 310.8672722 -36.95168158
76 247.8992822 -34.83395158
76 248.5607422 -200.8600016
76 175.9656822 -15.48630158
76 244.5925522 -5.728671579
76 253.8524022 -247.1620816
76 227.3940722 -3.083951579
76 140.7430322 -22.26625158
76 175.9297722 92.03269842
76 242.0756122 40.43894842
76 275.0190722 -9.037081579
76 271.0503222 -294.1256216
76 121.5613022 -15.65054158
76 77.24303224 -16.31312158
76 32.92646224 6.840158421
76 59.38365224 -17.63604158
76 106.9265422 -40.45523158
76 -53.80840776 62.73114842
76 24.32693224 -23.58804158
76 48.38691224 -43.76364158
76 144.1797722 -76.63918158
76 -96.72051776 112.6712484
76 32.92532224 6.837918421
76 21.68053224 -32.84958158
76 41.11086224 -99.32614158
76 153.4766722 -97.50601158
76 -118.6313178 130.8613584
76 48.13886224 69.01499842
76 -19.99134776 -44.75583158
76 12.42011224 -83.78187158
76 -1.883927763 -133.7219816
76 -80.84607776 153.0190884
76 -187.3391678 98.12140842
76 -133.8448678 139.4603184
76 62.85574224 90.34591842
76 -156.2511978 -100.9786716
76 -51.74134776 170.8795884
76 28.29568224 153.6827884
76 -207.1829178 90.18390842
76 -176.8396578 146.0748984
76 66.16303224 120.1115384
76 0.5138622369 197.9993784
76 33.58678224 161.6191684
76 -222.2322378 134.0032884
76 -190.4822378 5.680368421
76 -224.2525178 78.80352842
76 -168.6541078 166.4147384
76 -187.3403078 98.11916842
76 89.27873224 181.9910284
76 28.29511224 153.6816684
76 92.58602224 195.8816484
76 -266.7979878 32.30406842
76 -155.4249378 -82.95505158
76 -252.8241078 64.38590842
76 -254.0181478 80.12644842
76 -169.3155678 42.72203842
76 -0.8818677631 140.7638584
76 -326.2465578 7.499378421
76 -218.4288478 45.86395842
76 -289.2875678 53.47072842
76 -150.1332778 -61.78838158
76 -156.2517678 -100.9797916
76 -287.7525178 99.97019842
76 -62.85668776 120.4753984
76 -533.9439078 -116.8536716
76 -324.0048278 80.90075842
76 -391.7309278 3.530628421
76 -436.7922078 -105.6088816
77 -282.3907811 -56.91865879
77 -242.0418211 -34.42906879
77 -347.2125611 -67.49974879
77 -239.3133011 -50.13870879
77 -148.7761911 -1.356158788
77 -402.1141711 -86.68315879
77 -164.5673711 -52.12084879
77 -124.3016711 6.582461213
77 -438.4122611 -98.42516879
77 -429.8959811 -86.68427879
77 -114.2971111 -52.78341879
77 -77.91747106 27.25192121
77 -499.9278911 -110.3314188
77 -451.0626511 -77.42385879
77 -75.93253106 -46.16883879
77 -124.8804411 -81.22612879
77 -75.27163106 -1.852248788
77 39.07853894 81.32725121
77 -597.8237211 -143.4043288
77 -498.0261911 -81.39260879
77 107.8702089 -40.38107879
77 -54.22356106 -67.80069879
77 -131.4950311 -90.48654879
77 -75.93309106 -46.16995879
77 -164.5685111 -52.12307879
77 187.9893489 130.1098112
77 78.10401894 -56.91865879
77 180.6300589 19.81051121
77 -19.79125106 -60.22482879
77 -200.2872611 -130.1751688
77 -337.8705911 -142.0814188
77 256.7804489 173.7649412
77 -45.50601106 -92.47203879
77 232.2243789 48.25434121
77 -61.38101106 -93.13349879
77 -364.4475211 -156.4361188
77 -365.6512811 -141.4188388
77 -280.3237211 -147.3730788
77 342.7705989 189.6410612
77 222.3019289 69.41989121
77 258.6462289 71.76701121
77 237.5160389 34.36371121
77 -122.2351811 -156.6334988
77 -413.2768411 -169.8626688
77 -314.0580911 -120.2532888
77 -393.4330911 -124.8834988
77 586.6087589 278.9502812
77 249.4217289 15.18030121
77 -417.9897311 -144.2311588
77 -320.7553611 -79.40823879
77 -442.4636911 -115.1269888
77 562.7956889 259.7668712
77 598.5144389 290.8554112
77 250.0831789 -0.6946987875
77 -282.3902111 -56.91753879
77 551.5508989 210.8189612
77 680.7752389 324.5774412
77 297.7087489 -63.53211879
77 517.8165289 180.3918712
77 621.2439889 283.5670212
77 309.6149989 -85.36024879
77 426.6925589 10.55009121
77 520.4623589 128.7981212
77 484.7436089 187.0064612
77 659.5264589 215.6033012
77 680.7758089 324.5785612
78 0.33073 9.591145
78 -0.33073 -9.591145
79 137.2532379 18.18667896
79 175.3138079 17.56090896
79 101.4270979 12.28448896
79 195.1575579 20.86819896
79 37.37302792 26.78563896
79 215.3053279 21.49396896
79 -11.57488208 23.47833896
79 -28.77336208 7.602228961
79 19.43153792 49.44169896
79 -47.62436208 21.49396896
79 -60.52336208 -15.54882104
79 52.58657792 36.70750896
79 139.4862279 90.78284896
79 80.94659792 103.680169
79 -135.5983221 -9.594571039
79 -113.1087421 -47.95916104
79 -14.88161208 -18.19241104
79 199.4303279 47.95229896
79 130.1425679 97.23094896
79 326.6795079 159.575629
79 178.4290179 89.29344896
79 100.1288879 119.555169
79 -326.3955721 -60.51687104
79 -146.1816521 19.50958896
79 -127.6608221 -20.83936104
79 -210.7559621 -131.136421
79 -149.4622321 -65.12138104
79 -84.66603208 -93.59978104
79 106.1652679 -7.609081039
79 115.7861279 -72.89384104
79 288.0663079 79.70341896
79 80.94772792 103.682399
79 360.4127479 169.495269
79 326.6783679 159.573399
79 120.6340979 131.461419
79 -378.3268121 -73.72034104
79 -361.8170721 4.957508961
79 -177.9316521 56.55125896
79 -279.7962421 -202.740411
79 -183.9674621 -68.96046104
79 -215.3034821 -203.400751
79 -38.44663208 -161.564621
79 130.2845679 -80.70069104
79 144.5292779 -6.948741039
79 165.9730379 -214.532451
79 362.1490779 99.54604896
79 59.94529792 106.822089
79 368.3502479 180.078609
79 426.8898779 176.441699
79 154.3684779 151.305169
79 -435.3216321 -70.28337104
79 -325.5195421 -79.54379104
79 -328.0827021 18.84813896
79 -422.6445221 9.623408962
79 -69.03908208 76.39500896
79 -189.4244921 53.90542896
79 -291.7024921 -179.589361
79 -285.4180721 -208.692411
79 -248.7903821 -102.033371
79 -197.4446721 -221.922701
79 -241.7623821 -221.922701
79 29.76625792 -190.834161
79 -92.76835208 -153.192891
79 158.7506379 -152.469571
79 182.2324079 -13.56332104
79 138.9068879 -221.922701
79 369.0943879 -228.537281
79 402.9667679 103.875599
79 30.84112792 99.54604896
79 377.8733079 184.732279
79 471.6198679 202.070979
79 243.0038879 262.430169
79 -308.9004021 20.17104896
79 -364.4629021 20.17104896
79 -489.8086921 15.54195896
79 -33.04556208 88.33694896
79 -288.3952021 41.33771896
80 3.716572564 -57.01788436
80 -41.01454744 -56.35642436
80 -21.17079744 -66.27829436
80 91.69052256 -41.80434436
80 -91.07324744 -27.38560436
80 -162.9703674 -45.77197436
80 -93.51723744 -76.86051436
80 0.6573225642 -79.50746436
80 120.5934226 -47.22935436
80 -145.7730174 -9.392884359
80 -233.0855174 -86.12204436
80 -162.9709374 -45.77309436
80 68.99967256 -77.65644436
80 -114.0224474 4.498865641
80 -192.0750974 -29.23663436
80 -252.2678074 -88.76788436
80 48.49446256 -66.41164436
80 71.43336256 -93.39809436
80 -65.73655744 15.74253564
80 -201.9969774 -23.94496436
80 134.4840426 -170.9220644
80 63.04654256 -125.9428944
80 28.85198256 18.38836564
80 -75.74111744 39.22430564
80 -239.7000974 -2.116844359
80 8.806962564 -166.9533144
80 26.00487256 -128.5887344
80 -94.34405744 71.47151564
80 -50.60569744 36.57847564
80 15.20940256 -182.0335044
80 -98.97483744 87.34539564
80 -126.4612674 73.81751564
80 -74.08746744 69.32065564
80 -42.66819744 73.62013564
80 172.9672226 70.97430564
80 1.980242564 -200.8850644
80 -99.63572744 105.2058956
80 -154.1239274 60.06024564
80 -76.85189744 94.98418564
80 26.12347256 163.5784756
80 213.9776326 68.32847564
80 210.5517526 2.380015641
80 77.59862256 -205.9793544
80 -18.97428744 -198.7033144
80 -99.01074744 130.0414756
80 -198.0276574 64.69156564
80 -168.6765774 38.23100564
80 81.89810256 178.9893956
80 278.8838026 32.28011564
80 153.0048826 114.1664756
80 235.4750326 -55.03350436
80 155.6507126 -207.9637344
80 -55.35449744 -179.5210244
80 -110.2555374 216.0310556
80 -219.7268974 75.80189564
80 -181.2437174 51.46128564
80 -195.7958074 25.00295564
80 -114.0230174 4.497745641
80 210.0088826 215.1722256
80 49.48665256 216.0310556
80 354.2894826 47.49253564
80 227.2894826 26.98732564
80 240.9788326 -206.6408144
80 -0.4534574356 246.4581456
80 -90.41178744 291.4373056
80 -226.1402074 131.1670156
80 -228.4553074 8.466495641
80 -195.7952374 25.00406564
80 417.7894826 51.46128564
80 272.7288326 -185.4741444
80 166.2340426 -269.4793544
80 237.6715426 341.7081456
80 -236.7235374 178.7920156
80 -239.6995274 -2.115724359
80 -201.9964074 -23.94384436
80 529.4105826 19.21519564
80 332.9215426 -161.6616444
80 362.7230826 -93.23272436
81 -130.9394313 52.06168114
81 -3.690811284 13.86358114
81 -193.7774013 1.791961143
81 -188.2376913 78.02504114
81 -93.68506128 -78.37783886
81 10.86183872 9.895951143
81 73.03834872 65.45733114
81 -212.7475613 -16.86221886
81 -33.49235128 -54.56533886
81 -125.4350613 -99.54450886
81 -10.96742128 5.924961143
81 169.6118387 48.26053114
81 60.43473872 -4.955968857
81 202.0232987 93.23970114
81 -250.4506813 -14.21638886
81 -200.1798513 -162.3830489
81 -210.7631813 -100.8674289
81 -52.63873128 4.603161143
81 167.7928287 27.58996114
81 216.5753787 129.6199111
81 -224.6538113 -176.9351389
81 -288.8152713 -98.88304886
81 255.1047587 136.0680111
81 162.9966887 126.3115011
81 -283.3217613 -219.1339989
81 -364.4336513 -93.78875886
81 260.3964287 204.8596711
81 261.5539787 93.23858114
81 51.37558872 158.5575911
81 -387.8327413 -266.7601189
81 -385.3881813 -91.60700886
81 -351.2044913 -74.93719886
81 200.6638987 210.6794511
81 254.4438687 223.3816211
81 255.2706887 -17.55456886
81 372.0180887 87.28657114
81 -12.12441128 154.5888411
81 -407.0144613 -282.6339989
81 -421.7683913 -72.42471886
81 -357.6069313 -59.85700886
81 160.9763987 223.9086111
81 339.6060587 211.6396211
81 240.3513987 254.3357011
81 54.18678872 -114.1286089
81 257.2544987 -49.30568886
81 495.6743187 83.67945114
81 406.8106287 116.2177211
81 255.2701187 -17.55568886
81 -87.53009128 139.3764211
81 -511.5254513 -283.2965789
81 -436.1186313 -320.3371289
81 -303.3673513 -18.84658886
81 125.2576487 254.3357011
81 236.3826487 270.2107011
81 222.1972087 -57.90464886
81 -31.50797128 -132.6174289
81 -13.94285128 -175.6431189
81 258.5768487 -87.67138886
81 405.4211687 -26.81610886
81 485.1268987 -17.22495886
81 554.5800187 81.33233114
81 495.6743187 104.8461111
81 436.5097087 140.5328511
81 365.8002087 176.4104311
81 -152.4362613 175.4247811
81 -139.1244113 134.0836311
81 -642.8243613 -282.3032689
81 -462.5775313 -330.9215789
81 -457.2858713 -369.2861589
81 -340.4090213 -21.49242886
82 -32.32309373 31.56727093
82 -77.30225373 9.739140933
82 58.29669627 44.13497093
82 -66.71949373 31.56615093
82 -112.3595537 -10.76606907
82 -13.80169373 -8.780569067
82 -107.0678837 15.69227093
82 64.87537627 89.14616093
82 52.30766627 5.140950933
82 -95.82309373 38.84331093
82 -67.37981373 -8.780569067
82 -150.7241337 -18.70356907
82 16.62482627 -16.05772907
82 -136.8329437 34.21422093
82 -66.71892373 31.56727093
82 80.12482627 97.71310093
82 39.07850627 76.24772093
82 113.1618363 41.52116093
82 -165.1935337 -32.75955907
82 99.96857627 -37.22439907
82 -27.72879373 -35.53873907
82 -208.9319037 2.464220933
82 -81.93246373 46.11935093
82 -234.0673137 36.19859093
82 -13.80225373 51.41102093
82 55.65029627 101.6807309
82 103.9373263 93.74435093
82 21.91649627 75.88497093
82 175.3389163 87.82324093
82 -204.9625837 -62.35757907
82 138.3331563 -43.17752907
82 221.0160163 5.110050933
82 59.37156627 -48.63455907
82 -67.38038373 -8.781689067
82 -57.49441373 -75.88769907
82 3.147616266 -46.65017907
82 -231.5053037 2.958080933
82 -13.80169373 51.41213093
82 -291.2013437 54.55294093
82 -300.2137137 38.18185093
82 11.99461627 61.33289093
82 127.7498263 97.71310093
82 181.2920463 105.0211609
82 -315.3445737 -61.20226907
82 -194.9591637 -67.15538907
82 192.5727463 -62.35981907
82 140.3175363 -54.42231907
82 147.5935763 -32.59418907
82 258.4705263 -32.09809907
82 206.8767763 26.77169093
82 96.66128627 -53.09939907
82 15.96336627 -87.49522907
82 -42.28087373 -112.2679091
82 -103.7605937 -70.29731907
82 -242.6662737 -18.70244907
82 -381.1602437 55.87474093
82 -367.2690537 110.1154409
82 152.2237863 97.71310093
82 184.5993363 119.5732409
82 193.1982963 111.6357409
82 156.1925363 89.77560093
82 -377.5216637 -102.5434091
82 -283.5945737 -133.9626791
82 269.3019063 -65.00564907
82 100.6300363 -70.95877907
82 137.6716963 -68.31293907
82 192.5733063 -62.35869907
82 316.2654463 8.416220933
82 285.8383663 -64.34418907
82 178.6821163 31.56727093
82 363.2284263 3.123440933
82 51.02122627 -90.13994907
82 -30.33871373 -125.8598191
82 15.96393627 -87.49411907
82 -115.8681137 -136.4938191
83 52.37164575 96.50078329
83 29.88263575 46.89252329
83 -74.62778425 76.65815329
83 66.26227575 124.2820333
83 85.44456575 99.14661329
83 -27.66480425 36.30807329
83 24.59153575 23.74260329
83 82.79873575 74.01120329
83 103.3866258 19.27552329
83 -83.88763425 63.43010329
83 93.38263575 129.5748133
83 60.30971575 148.7571033
83 -84.55079425 15.14029329
83 8.053945754 -30.49921671
83 -119.6075142 -24.54609671
83 55.76162575 36.47343329
83 209.2199558 3.400523288
83 96.77147575 58.96190329
83 111.5727358 -70.84705671
83 -140.1127242 93.19349329
83 -142.0965342 48.87690329
83 217.7356658 150.7392433
83 59.64769575 163.9695333
83 -170.5398142 -6.025256712
83 -6.498144247 -36.45234671
83 -196.8327742 -34.63333671
83 -50.81585425 -52.32734671
83 254.4112558 -0.3708467123
83 277.6808958 16.62968329
83 85.44513575 99.14773329
83 214.7596758 -25.86900671
83 34.18211575 -80.10747671
83 106.2810758 -87.05278671
83 60.30914575 148.7559933
83 -220.1486142 68.72065329
83 -189.7221042 107.0841133
83 -210.2261742 15.80510329
83 -256.3634642 -8.173876712
83 -19.06528425 -63.57101671
83 -124.2736342 -81.73022671
83 -265.8257142 -16.90730671
83 -207.2513142 -131.0420067
83 -19.06585425 -63.57213671
83 265.1131858 8.692183288
83 298.5168358 13.98385329
83 93.38206575 129.5737033
83 300.7133458 -18.89168671
83 199.5102158 -124.0635567
83 112.8962258 -119.4631267
83 199.8768558 171.2455733
83 -271.0814742 58.79765329
83 -229.4101742 107.0829933
83 -256.3640242 -8.174996712
83 -310.7689742 42.26120329
83 -235.8588242 -22.72708671
83 -56.80488425 -84.37605671
83 -290.2637642 -41.08255671
83 -231.0632442 -127.4028667
83 -147.0580342 -134.6789067
83 -211.8809542 -176.3507767
83 34.18154575 -80.10859671
83 299.1782958 30.52031329
83 356.0642758 8.693303288
83 358.7095458 -19.75051671
83 301.1620958 -72.00684671
83 169.0831358 -139.2770967
83 219.3539658 -115.4645967
83 87.76023575 -129.7168467
83 -258.5137642 111.0528633
83 -334.4161142 59.95521329
83 13.30969575 -117.4489767
83 -39.24033425 -169.0747367
83 -217.1731942 -193.5498167
84 -6.542635715 -13.37532321
84 19.91570429 -13.37532321
84 -24.70602571 -17.30838321
84 42.40528429 -10.72949321
84 -67.47948571 -19.82454321
84 70.18653429 -9.406573214
84 -76.29977571 -20.61567321
84 56.21379429 8.950006786
84 127.0719543 -3.453453214
84 95.32195429 -39.83366321
84 -138.1728457 -32.55762321
84 198.4267643 20.85513679
84 36.45272429 25.65183679
84 19.83301429 10.93326679
84 164.4710643 1.873906786
84 140.3011143 -86.13574321
84 -186.5414157 -40.32863321
84 225.2163943 25.81719679
84 -86.66177571 28.46191679
84 -16.46450571 63.35383679
84 -88.97687571 9.941076786
84 226.6481443 6.504116786
84 158.1604943 -106.6409532
84 -140.2398957 -99.19954321
84 -219.5322157 -45.12532321
84 -199.7711457 -27.76204321
84 255.6987743 32.69747679
84 -153.4684957 28.46302679
84 41.08293429 101.0580868
84 -86.66063571 28.46414679
84 238.1142643 7.625976786
84 -123.0414157 -122.3494732
84 -270.1337757 -52.40137321
84 336.4235143 110.3173768
84 -177.9430257 25.15461679
84 -101.8753157 46.98274679
84 54.47633429 111.6391768
84 192.6863243 150.9155268
84 -79.38573571 9.941076786
84 -166.0362057 0.681776786
84 284.8564743 -3.417763214
84 -189.1051357 -123.8388732
84 -15.80304571 -123.1774132
84 -302.8759657 -61.00032321
84 -284.0249657 -28.58998321
84 -252.9358657 -71.58366321
84 380.0797643 159.2652968
84 -207.3779157 10.27180679
84 -7.947665715 91.30157679
84 187.4300243 156.6194668
84 200.6597543 140.0841268
84 -74.75552571 4.649416786
84 -241.4430257 -13.20996321
84 312.6377243 -12.67817321
84 -218.8701957 -134.4210832
84 140.3016843 -86.13462321
85 98.29651389 -45.42052611
85 98.95797389 13.44926389
85 87.71261389 31.30752389
85 83.74500389 40.57017389
85 41.77646389 10.04257389
85 36.11999389 22.04934389
85 128.0621439 57.10551389
85 49.46997389 -64.74851611
85 7.676723889 -5.733026111
85 2.506423889 15.28794389
85 27.22494389 -89.83651611
85 -69.05244611 8.819053889
85 -23.83331611 -16.99016611
85 -50.16567611 22.61140389
85 -202.4270661 14.75983389
85 -152.9003661 -80.98626611
85 -67.36359611 31.21036389
85 -95.80630611 36.50202389
86 43.22473783 16.73753304
86 36.61072783 8.801143043
86 69.68307783 18.06044304
86 12.79765783 -1.783306957
86 -7.046092175 1.523983043
86 94.81905783 29.96781304
86 -3.738802175 -10.38226696
86 -34.16588217 -0.4603869566
86 55.79244783 28.64378304
86 -20.93671217 -11.70517696
86 -37.47261217 8.139693043
86 -55.99401217 -5.090596956
86 -14.32213217 6.154193043
86 -32.84296217 -11.70517696
86 22.72009783 -46.09989696
86 -104.2804722 51.13336304
86 -44.74865217 -14.34989696
86 -78.48359217 0.2010730435
86 111.3549478 -72.55934696
86 -122.8013022 72.96148304
86 141.7820378 -87.11142696
86 -187.6242222 106.034403
86 155.6726578 -87.11142696
87 -25.54840375 -11.65736625
87 82.60003625 -0.08184624999
87 -104.2625138 -36.79389625
87 115.0109262 13.80766375
87 118.9796762 3.22433375
87 -146.2651138 -31.17150625
87 132.2088462 29.68266375
87 -172.7234538 32.98995375
88 78.70298766 -67.72638547
88 -18.53138234 -47.22118547
88 -50.86016234 -40.44123547
88 0.6509076562 -76.98680547
88 -84.01519234 -23.40756547
88 39.01548766 -91.53888547
88 -97.90638234 -10.17951547
88 -101.8751323 -69.04930547
88 58.85923766 -131.2263855
88 14.17489766 71.87333453
88 -128.3329023 -35.97527547
88 -115.1037323 -85.58464547
88 60.64233766 100.2333545
88 12.85197766 143.9722945
88 -150.8230523 -49.86701547
88 -116.6752623 -128.4151955
88 -110.0606823 -126.1000855
88 236.7556277 93.04000453
88 149.4795977 148.5716045
88 10.86759766 218.7170845
88 -146.1928423 -89.55451547
88 -168.0209723 -59.78888547
88 -110.0601123 -126.0989655
88 -115.1037323 -167.6054855
88 -105.4304723 -166.7797755
88 330.6827077 86.42541453
88 274.2466077 213.8894945
88 79.65926766 245.1754145
88 -34.77302234 186.3056245
88 24.09676766 254.4358345
88 -138.2553423 -112.0440955
88 -209.0308223 -86.24610547
88 -26.71693234 -108.9021755
88 -111.7970123 -196.0493055
88 -128.9949323 -172.2368055
88 -53.50543234 -168.7630355
88 -98.48516234 -207.7901955
88 336.6717377 116.1590245
88 304.9217377 -12.16388547
88 339.7321177 243.6573545
88 106.1175977 245.8368745
88 107.4405177 238.5608345
88 30.04989766 276.2639545
88 -187.1205823 -174.7172755
88 -226.8080823 -57.63914547
88 -254.0099823 -105.4283955
88 -119.7345123 -194.7263855
88 59.60337766 -157.5193555
88 -66.73516234 -185.3006055
88 -5.880992344 -94.68081547
88 -101.7924523 -276.5818555
88 220.2550777 142.6173645
88 403.2309877 231.0874145
88 381.6149977 102.9618745
88 179.2446577 24.87777453
88 368.1742577 254.2395745
88 394.5134377 339.1025045
88 147.1280177 209.4566645
88 15.03932766 310.3004045
88 -178.6043023 -213.9086855
88 -372.4110323 -178.1888155
88 -233.5047723 -42.58985547
88 -281.1662523 -56.78031547
88 -316.1049523 -101.9568555
89 38.55974024 98.63564614
89 123.2264102 114.5106461
89 24.46784024 -160.1279139
89 -106.9605198 51.67322614
89 139.5615902 7.882506144
89 127.6553402 142.8200061
89 176.8045402 135.6773161
89 160.1021402 -110.8824039
89 -4.59983976 -173.0572439
89 -144.5347598 46.90854614
89 -73.42798976 -66.20083386
89 160.7282602 -74.13833386
89 123.2275502 155.5232961
89 259.9470102 201.0283361
89 52.24909024 122.9762561
89 336.7126602 -191.5780839
89 215.9959402 -84.09222386
89 -166.5750198 -255.2445639
89 -190.4702098 43.89996614
89 -141.2274698 80.64291614
89 -5.959239759 -52.97166386
89 -153.4285398 -81.77711386
89 -36.84593976 113.8503061
89 125.0095102 223.5179161
89 259.9470102 126.9450061
89 367.1032602 252.6220861
89 255.9782602 268.4970861
89 365.8162502 -204.8083639
89 232.8631302 -77.14690386
89 212.3220102 -45.03416386
89 -241.9812698 -282.3643539
89 -229.4135598 -253.9216439
89 -306.7215098 33.81272614
89 -137.9201798 104.4554161
89 -191.7931198 61.75934614
89 -212.3342398 -58.26333386
89 -132.2618698 -98.31357386
89 -212.3342398 -79.42999386
89 -146.1884098 136.2054161
89 240.1032602 126.9450061
89 357.5480302 134.1890261
89 344.6136802 304.2158361
89 386.9470102 202.3512561
89 167.6735702 216.2418761
89 254.1957302 295.7513461
89 380.3683402 -214.7302439
89 441.1865902 -209.0758339
89 267.8845102 -29.15916386
89 147.4990902 -75.46124386
89 209.6761802 52.86166614
89 -288.9448098 -283.0258139
89 -240.1154898 -213.0445839
89 -296.9649998 85.57184614
89 -304.8359498 7.678586144
89 -409.9084398 93.34509614
89 -155.4488198 103.1325061
89 -271.4988498 -22.57659386
89 -195.1363198 3.913756144
89 -4.600409759 -173.0583639
89 -222.8816598 -180.3344039
89 -335.9904698 -75.82287386
89 -153.1337198 170.6012561
89 -177.6076798 158.6950061
89 249.3636802 31.69500614
89 418.6970102 331.9970861
89 300.9574302 347.8720861
89 146.1761802 203.6741661
89 163.5759402 265.9857261
89 501.9107402 -271.4514139
89 515.1404702 -227.1325839
89 105.1657602 -80.75291386
89 -379.0217398 -318.8779139
89 -310.1114798 -312.1299839
89 -263.2306198 131.8739261
89 -342.2083498 13.30098614
89 -197.7462498 0.9051761446
89 -301.1979298 -46.89172386
89 15.24277024 -186.9501039
89 -447.8134098 -300.3570839
89 -234.1264598 -180.3344039
89 -446.4545798 -69.87086386
89 -452.7384398 -180.6651339
89 -105.5087198 194.4137561
90 -191.1639301 -58.59766652
90 -140.8936701 -59.26023652
90 -265.9098601 -56.61552652
90 -102.5290901 -52.64565652
90 -151.4770001 -87.70294652
90 -308.9873401 -63.39547652
90 81.27364986 -46.85789652
90 -80.82012014 -74.27751652
90 -158.0915901 -96.96336652
90 -373.8091201 -73.97656652
90 -268.6383801 -40.90588652
90 154.0334999 13.33369348
90 51.50745986 -63.39547652
90 -46.38781014 -66.70164652
90 -226.8838201 -136.6519865
90 -428.7107301 -93.15997652
90 -175.3727501 -7.832976521
90 205.6278199 41.77752348
90 -72.10257014 -98.94885652
90 -87.97757014 -99.61031652
90 -465.0088201 -104.9019865
90 -456.4925401 -93.16109652
90 -150.8982301 0.1056434787
90 232.0496699 65.29019348
90 210.9194799 27.88689348
90 195.7053699 62.94307348
90 -148.8317401 -163.1103165
90 -526.5244501 -116.8082365
90 -477.6592101 -83.90067652
90 -104.5140301 20.77510348
90 222.8251699 8.703483479
90 -624.4202801 -149.8811465
90 -524.6227501 -87.86942652
90 12.48197986 74.85043348
90 -101.8681901 -8.329066521
90 223.4866199 -7.171516521
90 161.3927899 123.6329935
90 -102.5296501 -52.64677652
90 -191.1650701 -58.59989652
90 271.1121899 -70.00893652
90 230.1838899 167.2881235
90 -364.4671501 -148.5582365
90 283.0184399 -91.83706652
90 400.0959999 4.073273479
90 316.1740399 183.1642435
90 -391.0440801 -162.9129365
90 -306.9202801 -153.8498965
90 -392.2478401 -147.8956565
90 413.9866199 21.27119348
90 560.0121999 272.4734635
90 -439.8734001 -176.3394865
90 -420.0296501 -131.3603165
90 -340.6546501 -126.7301065
90 574.0595399 112.5524435
90 571.9178799 284.3785935
90 536.1991299 253.2900535
90 -444.5862901 -150.7079765
90 -347.3519201 -85.88505652
90 -469.0602501 -121.6038065
90 604.4507099 175.0922735
90 654.1786799 318.1006235
90 524.9543399 204.3421435
90 -308.9867701 -63.39435652
90 632.9298999 209.1264835
90 594.6474299 277.0902035
90 491.2199699 173.9150535
90 656.7418299 240.8753635
90 654.1792499 318.1017435
90 458.1470499 180.5296435
91 -73.63033 12.66927041
91 -57.45899 101.8904304
91 -94.13808 2.439160411
91 -81.43718 150.4044404
91 -120.79768 5.117000411
91 -80.11799 0.156070411
91 -45.85162 147.2985304
91 -188.56126 173.2607704
91 -155.19351 5.117000411
91 -168.25732 -30.60174959
91 -55.31331 18.34617041
91 -71.84976 -1.497579589
91 -93.01643 -7.450699589
91 -29.97662 77.84541041
91 17.15229 136.2191004
91 -119.88818 18.42885041
91 -185.6206 9.747210411
91 -185.6206 -3.481949589
91 -52.4662 4.423530411
91 -51.80418 -12.11180959
91 -130.51829 -37.24833959
91 -6.117340001 76.63719041
91 51.21739 129.6045204
91 9.132099999 118.0290004
91 -220.47662 13.02249041
91 -220.01643 -6.789249589
91 -10.05019 3.596710411
91 -4.840640001 -15.41909959
91 -85.53912 -55.10771959
91 -2.774150001 108.1071304
91 -20.63352 30.71650041
91 53.44981 74.37275041
91 -340.40185 -66.32049959
91 19.63275 7.730820411
91 -4.841200001 -15.42021959
91 85.1177 -26.66388959
91 -90.16876 -96.77847959
91 80.23887 74.37275041
91 73.95502 3.596710411
91 57.41856 100.8310804
91 76.23422 -8.856299589
91 99.79867 -56.72934959
91 158.66847 -41.18507959
91 85.11713 -26.66500959
91 -150.36204 -135.1441796
91 -88.18495 -147.0504296
91 58.74148 120.0133804
91 122.09861 96.31411041
91 102.9765 3.100610411
91 58.74204 120.0144904
91 99.38526 -14.97478959
91 133.51975 -127.8912096
91 59.78044 -55.07569959
91 243.45428 -57.58706959
91 223.36192 -29.97229959
91 -88.84641 -160.9410496
91 -157.47271 -190.8720396
91 -68.17527 -135.9698796
91 51.21796 129.6056404
91 238.24473 107.9417604
91 127.1173 142.0399604
91 235.68158 140.5185804
91 123.48171 4.423530411
91 143.49083 -146.5543296
91 243.45372 -57.58818959
91 -13.2748 -102.2366296
91 317.70242 -124.7262096
91 274.25831 -49.70135959
91 244.32732 -25.64080959
91 -202.45132 -219.9750896
91 34.35077 -179.6261296
91 -201.79042 -189.5491296
91 15.41596 191.4508804
92 -50.33294457 152.3113077
92 -0.7235645689 135.1133877
92 -119.2062046 136.5385077
92 34.70031543 186.1677877
92 30.23925543 149.0852377
92 17.13489543 129.0104777
92 37.14492543 228.0482877
92 85.26601543 196.6290177
92 72.69887543 109.3176377
92 -47.64032457 119.6838177
92 -89.85507457 222.7566177
92 49.54726543 258.4753677
92 113.7087254 215.1498477
92 -15.89032457 107.7775677
92 -162.7808546 106.6706777
92 87.24982543 285.9247677
92 -80.71324457 22.44943765
92 55.08698543 86.00010765
92 84.60399543 149.0028977
92 125.1194454 316.6848177
92 -169.3121946 58.21997765
92 18.70733543 -0.6498123461
92 72.69830543 109.3165177
92 52.57060543 31.70985765
92 146.7816454 329.2514077
92 -154.0992146 -21.81760235
92 39.29579543 1.170317654
92 13.87529543 -8.969832346
92 69.72174543 146.6889077
92 50.91696543 23.44162765
92 198.0457954 19.69114765
92 215.8681354 379.3888977
92 -131.9762646 -61.88649235
92 170.2639754 13.73690765
92 1.969045431 -32.45160235
92 -21.18199457 -23.52191235
92 84.60455543 149.0040177
92 18.70677543 -0.650932346
92 -81.04397457 -64.53233235
92 -234.8330346 -34.76670235
92 -128.3023446 -69.77333235
92 198.0446654 19.68890765
92 -6.960644569 -34.10524235
92 13.16705543 -101.6886923
92 131.1706954 157.1709077
92 -122.1011746 -99.04286235
92 -59.54657457 -66.18597235
92 -101.9266946 -143.0298423
92 -241.8853146 -113.9778023
92 237.7321654 19.68890765
92 241.5818954 -42.18264235
92 -39.04137457 -66.51670235
92 41.94953543 -103.3827823
92 -119.1246046 -108.9647323
92 56.30856543 -173.5050523
92 -125.7391946 -102.3501523
92 -261.0074246 -207.1913023
92 -283.7450546 -135.9191623
92 -236.8666246 -68.25195235
92 320.7451854 13.40505765
92 287.0934954 -69.77333235
92 66.16640543 -131.6196823
92 127.6820354 -105.1613523
92 -135.3297746 -109.2943423
92 24.82526543 -200.0806223
92 67.48932543 -183.2134323
92 -240.5022146 -205.8683823
92 -290.0289046 -206.6952023
92 -310.5341146 -135.9191623
92 -305.2424446 -90.27853235
92 -282.4221346 -22.80978235
92 364.4014354 6.129017654
92 309.2523454 -88.95562235
92 78.07209543 -140.2197623
92 55.58364543 -119.7123123
92 198.0865754 -99.47936235
92 -226.6115846 -188.6704623
92 1.591535431 -212.4829623
92 38.63320543 -200.5767123
92 -2.377214569 -201.2381723
92 72.78099543 -193.1353123
93 -49.25010776 5.092385523
93 70.80458224 46.43353552
93 12.26495224 59.33085552
93 -16.09506776 -7.641804477
93 -80.25652776 -20.87097448
93 61.46092224 52.88163552
93 257.9978622 115.2263155
93 109.7473722 44.94413552
93 31.44724224 75.20585552
93 130.7486822 3.602985523
93 -116.3060078 -22.85534448
93 -31.30861776 -17.56367448
93 -97.45500776 -36.74708448
93 12.26608224 59.33308552
93 291.7311022 125.1459555
93 257.9967222 115.2240855
93 51.95245224 87.11210552
93 219.3846622 35.35410552
93 -204.2799678 -53.94388448
93 32.74545224 -32.06482448
93 -129.2050078 -59.89813448
93 -8.736347761 62.47277552
93 299.6686022 135.7292955
93 358.2082322 132.0923855
93 85.68683224 106.9558555
93 293.4674322 55.19673552
93 -214.8632978 -24.83972448
93 -395.0772178 -104.8661845
93 -196.3424678 -65.18867448
93 68.57159224 -26.16263448
93 -83.56325776 -62.54172448
93 -181.7903878 -92.30847448
93 -37.84051776 55.19673552
93 309.1916622 140.3829655
93 402.9382222 157.7216655
93 174.3222422 218.0808555
93 334.2851222 59.52628552
93 -246.6132978 12.20194552
93 -430.4987178 -39.39180448
93 -447.0084578 -118.0696545
93 106.6321622 -26.78840448
93 -153.3476778 -137.9490945
93 37.48362224 -51.95839448
93 47.10448224 -117.2431545
93 -279.4376078 -175.4857345
93 -218.1438778 -109.4706945
93 -101.7272078 43.98763552
93 394.3398222 172.9363255
93 307.5187722 170.4951155
93 416.8294122 133.9102755
93 445.5201622 173.1016855
93 451.5559722 77.02486552
93 -258.1061378 9.556115523
93 -137.7207278 32.04569552
93 -396.7643478 -25.50117448
93 -491.3261678 -34.72590448
93 -394.2011878 -123.8931045
93 -504.0032778 -114.6326845
93 126.4759122 -23.48111448
93 -283.9851278 -247.7500645
93 -107.1282778 -205.9139345
93 61.60292224 -125.0500045
93 75.84763224 -51.29805448
93 97.29139224 -258.8817645
93 -348.4778878 -247.0897245
93 -252.6491078 -113.3097745
93 458.4186022 201.8751255
94 -216.0132311 -46.29445506
94 -321.9210911 -65.09572506
94 -192.0350411 -69.15737506
94 -190.9517711 -41.28210506
94 -207.6487511 -108.1916351
94 -160.5252511 -37.31447506
94 -168.7929211 -74.35502506
94 -142.6653111 -37.31335506
94 -190.9523411 -41.28322506
94 -134.0674811 -50.54476506
94 -120.5064611 -33.34460506
94 -212.1098111 -8.933085062
94 -118.8533811 -73.69468506
94 -142.6658811 -37.31447506
94 -50.39187111 -28.05294506
94 -114.8846311 -27.39260506
94 -213.5240411 50.82596494
94 -197.2361911 -120.6582251
94 -76.85077111 -46.57489506
94 -37.49400111 -164.9759351
94 -161.8481711 2.373024938
94 80.24557889 81.74802494
94 -32.53306111 -46.57489506
94 -45.84435111 44.21138494
94 -126.7908811 -4.241555062
94 -226.9191311 63.88864494
94 -53.69973111 -47.89780506
94 55.44032889 -166.2999651
94 -79.91002111 -166.1334851
94 51.80286889 127.3886449
94 126.4649789 13.78318494
94 150.0299989 157.1553949
94 24.35234889 -45.91343506
94 -26.41457111 -52.85874506
94 -137.3742111 9.649064938
94 -306.2941311 103.5761449
94 -26.41401111 -52.85762506
94 7.815888889 -107.4290551
94 178.0587289 -166.1334851
94 76.60755889 -186.8040551
94 15.44937889 110.2264249
94 104.3882489 159.7989849
94 37.25078889 154.5084449
94 194.6778689 -15.48635506
94 72.14325889 22.15491494
94 280.6977389 102.4539649
94 271.0768789 167.7387249
94 80.90703889 -22.76239506
94 -23.93411111 -63.77280506
94 -14.84738111 -68.32092506
94 -151.3463911 37.59791494
94 -353.9191311 135.9876049
94 35.10104889 -54.84312506
94 16.41484889 -133.8873951
94 0.5398488892 -96.18426506
94 222.2857589 -163.9548651
94 -19.05585111 106.3873449
94 136.1382489 182.9500349
94 29.31328889 165.7532349
94 282.6518289 8.326144938
94 217.8289189 -24.08530506
94 70.32370889 36.10739494
94 295.1961789 94.64711494
94 330.8846489 -39.18464506
94 309.4408889 168.3990649
94 -6.736191111 -92.21551506
94 -127.5350211 56.11651494
94 -410.8045511 139.2948949
94 115.4676689 -84.27913506
94 3.972708889 -121.1565851
94 301.4695489 -167.3006651
94 -83.87877111 73.31443494
94 153.3367289 198.8261449
94 -161.4839611 114.8309349
94 18.72995889 194.8573949
94 117.2872489 196.8417749
94 303.8190689 -46.57377506
94 220.4747489 93.65427494
94 313.7409389 19.57205494
94 252.2247489 -16.14780506
94 233.6217989 -29.87195506
95 125.6591161 51.39237437
95 35.03932606 21.62675437
95 127.4416461 24.13811437
95 39.13695606 -28.11709563
95 8.580986056 15.01216437
95 131.4103961 -43.33063563
95 216.0770661 59.85686437
95 17.63956606 -40.68480563
95 7.056226056 77.05478437
95 -64.17999394 11.04229437
95 -0.8812739439 -101.5389656
95 131.4103961 -117.4139656
95 238.5666461 8.263114367
95 172.4208161 103.5131144
95 290.1603961 87.63811437
95 -2.204183944 -51.26813563
95 113.0914061 87.77258437
95 120.3668761 70.57354437
95 7.056226056 92.92978437
95 -73.64168394 70.44019437
95 -60.41252394 54.56519437
95 -236.8206239 -29.30665563
95 -5.310203944 -129.8483256
95 -5.309063944 -88.83567563
95 -76.28752394 -121.3827156
95 229.0114161 -110.1699456
95 111.5666461 -117.4139656
95 258.4103961 -42.00771563
95 173.7437261 124.6797844
95 246.8348761 130.6329044
95 -100.1000239 -85.66396563
95 108.9208161 111.4506144
95 196.4351561 48.08508437
95 125.6585461 51.39125437
95 7.056226056 108.8047844
95 -104.0687739 69.11728437
95 -145.0791839 40.01311437
95 -164.9229339 22.81519437
95 -194.0271039 2.971444367
95 -285.6037439 -46.34032563
95 48.26792606 -108.6816556
95 11.02497606 -236.4764656
95 -89.97687394 -145.7233256
95 -3.527103944 -20.84105563
95 -165.3825539 -130.5086656
95 120.8270661 -212.6639656
95 173.7437261 140.5547844
95 250.4728961 141.8777044
95 241.5432061 95.57561437
95 -167.2380439 -38.70042563
95 -234.0453339 -49.94521563
95 109.1226561 124.8142544
95 -93.48543394 120.7110344
95 16.64737606 180.9037444
95 -179.4750239 55.88811437
95 -294.2380439 8.924574367
95 -281.6703339 -73.75771563
95 -324.7940139 -59.73262563
95 32.19164606 -318.4973056
95 -104.0687739 -404.4868856
95 -235.4971339 -192.6857456
95 -274.7250239 -108.1535556
95 -269.7640839 -163.7160556
95 -266.4567939 -139.9035556
95 254.4416461 169.6589544
95 185.6499761 309.8881144
95 102.6369561 163.7058244
95 -88.52450394 -28.77855563
95 -185.0974139 125.3412444
95 -9.278953944 212.7870944
95 0.7723760558 190.1641544
96 -63.34754205 -117.6273986
96 -117.3225421 -127.1523986
96 -26.30587205 -91.16906859
96 -135.1004221 -127.7513286
96 34.01912795 -82.70239859
96 -52.24184205 -79.01097859
96 -153.5521321 -123.9217286
96 87.99412795 -67.35656859
96 -168.5223721 -115.2180986
96 132.9732979 -60.47739859
96 -201.6286421 -108.8906686
96 200.0778479 -59.14794859
96 -259.8369721 -99.63024859
96 -170.0902121 -62.45411859
96 348.9065379 42.71775141
96 -109.3552021 -153.8698386
96 -125.1116121 -45.25731859
96 394.5465979 47.34684141
96 132.0770879 14.14058141
96 -123.7886921 -5.56981859
96 -41.10583205 -18.13640859
96 80.81406795 -23.56254859
96 -141.6480721 -6.89273859
96 38.68200795 20.88851141
96 27.68526795 8.32080141
96 2.549847949 -33.35106859
96 48.19103795 -27.39682859
96 129.7619879 -15.62504859
96 -217.7157821 -20.12190859
96 38.68257795 20.88963141
96 109.0446379 30.14893141
96 -284.6051821 -36.82260859
96 71.75492795 31.47184141
96 223.4769279 48.00830141
96 -328.7580921 -51.21044859
96 120.2894279 73.80518141
96 244.6435979 57.26872141
96 -436.7411721 -109.5841386
96 -331.4039321 -92.22085859
96 -287.6182221 -30.17712859
96 220.5830479 84.71924141
96 213.3075779 148.5510914
96 363.7887779 65.86768141
96 -448.6474221 -127.4435186
96 -332.3961121 -114.3797186
96 -284.7705521 -72.70672859
96 -226.8935121 2.69841141
96 248.6123479 80.41976141
96 244.3955479 142.9275714
96 200.7392979 152.1879914
96 272.8382579 196.1749714
96 332.3695079 118.7843414
96 -504.8713721 -146.6258086
96 -381.3440321 -151.0906586
96 -316.8518421 -125.2937786
96 -174.5088521 2.23433141
96 -365.4684621 -25.41244859
96 -156.1995821 27.50421141
96 322.4476379 240.4926814
96 331.7080479 100.2635114
96 331.7080479 134.6593414
96 320.4638279 130.0302514
96 349.5674279 133.9978914
96 395.7966979 103.2207014
96 -397.8804921 -173.2495086
96 -315.8596621 -149.4370086
96 -126.0211121 16.91976141
96 -424.3388221 -38.31200859
96 379.9945079 168.3937214
96 548.8323179 371.6279114
96 305.9111779 152.5187214
96 355.1898279 150.2036214
96 497.0003979 109.8364014
96 -449.4742421 -179.2026286
96 -322.4742421 -158.0359686
96 -482.2170021 -61.46416859
96 469.9528479 122.7530914
96 314.6395879 162.9687014
97 -84.52173972 -28.20989569
97 -58.64217972 -34.98983569
97 -25.89998972 -26.39088569
97 24.70157028 -19.11483569
97 -8.702079722 -45.57317569
97 -39.79117972 -2.579495695
97 57.69237028 -14.31814569
97 -84.52116972 -28.20877569
97 2.790760278 12.80052431
97 -48.38957972 12.63516431
97 44.46264028 -1.751555695
97 106.0609403 -6.547135695
97 103.9938903 -73.18905569
97 -184.7326797 -45.07707569
97 78.19758028 26.69226431
97 15.68920028 41.57396431
97 -133.5377397 -19.91819569
97 -54.67285972 31.15711431
97 167.9340103 5.394814305
97 121.1923703 -96.33898569
97 -332.9820297 -115.3570257
97 157.5731503 54.47463431
97 36.85643028 36.28341431
97 2.460600278 44.88237431
97 -135.2106297 10.19395431
97 -143.0607997 -24.57186569
97 -80.88314972 67.37195431
97 -70.21769972 26.52578431
97 176.7543003 6.185944305
97 228.4307403 -97.16692569
97 55.12865028 -97.82838569
97 -371.9248197 -113.8676257
97 142.3584703 72.99323431
97 164.8480503 35.95156431
97 227.7692803 89.36432431
97 -53.10246972 61.41771431
97 236.2855503 117.3109443
97 -112.3477097 20.23133431
97 -198.7807097 -6.535015695
97 -150.9982997 -35.15520569
97 -98.08162972 66.70938431
97 -93.38820972 23.57712431
97 219.5277603 8.702104305
97 384.5354703 -60.12413569
97 25.36359028 -108.4105957
97 -491.9795097 -155.2087757
97 -381.2684797 -107.4195257
97 -184.7315397 -45.07484569
97 90.76529028 54.47351431
97 236.2861203 117.3120643
97 169.4782603 30.65990431
97 285.3167203 127.0685743
97 280.6865103 51.66232431
97 226.4463603 127.0674543
97 -142.3993397 71.33958431
97 -194.6551197 77.29159431
97 -90.14412972 -4.728115695
97 237.6911503 12.63516431
97 -223.3453097 -124.9481757
97 8.826570278 -83.27629569
97 -430.4644497 -100.9703057
97 -522.9859297 -181.1721357
97 -458.8244697 -167.9429657
97 -430.4633197 -100.9680757
97 157.5720103 54.47240431
97 66.29076028 51.16510431
97 284.6541303 142.9413343
97 78.19701028 26.69115431
97 176.7548703 6.187064305
97 298.7101203 137.6496643
97 436.9201103 176.9260143
97 300.4475803 34.96049431
98 18.74169667 -4.18849
98 -54.01928333 12.34685
98 35.27758667 -8.15836
99 -2.339566667 3.423273333
99 -29.60626667 0.5362333334
99 31.94583333 -3.959506667
100 99.05419908 -26.96947231
100 90.78653908 -42.84335231
100 103.3531091 -20.35600231
100 44.81404908 12.05545769
100 94.02044908 -58.73885231
100 245.0786391 32.24227769
100 34.39607908 10.89789769
100 96.40779908 18.00857769
100 54.33238908 -138.7764223
100 -10.58252092 44.63339769
100 112.9442591 40.16742769
100 31.18133908 -204.2608023
100 -54.23934092 30.08019769
100 161.8921791 76.87836769
100 -81.68986092 31.07237769
100 162.8843591 99.03722769
100 177.4364491 65.96430769
100 -159.3279609 -28.95384231
100 165.5301991 140.0476377
100 178.4286291 41.82107769
100 -218.8597809 -69.96538231
100 57.54711908 81.67394769
100 209.6831091 154.4354777
100 206.6700691 161.0809577
100 171.8140491 33.22211769
100 -288.5528709 -142.7134423
100 45.64086908 63.81456769
100 276.5725091 171.1361777
100 209.5177391 118.5513577
100 267.3947791 193.9564977
100 173.7984291 18.33930769
100 -322.2872409 -173.1405323
100 -277.3080809 -93.76553231
100 -10.58308092 44.63227769
100 352.6402191 184.3653477
100 128.8198291 165.8456377
100 319.7794391 193.4924177
100 338.0887091 218.7622977
100 -180.5773109 -137.9291023
100 -319.6414109 -224.7342823
100 -355.3601609 -166.5259423
100 -253.4950109 -74.58212231
100 370.4995991 185.6882677
100 69.94946908 152.9460777
100 368.2671791 208.1778477
100 -209.0565009 -171.9633123
100 -156.7653809 -106.1802223
100 -338.8237009 -263.0988623
100 -381.8184909 -173.1405323
100 -241.5893309 -62.67699231
100 -497.3331709 -163.8913423
100 369.1766791 146.0007677
100 532.9702991 212.1465977
100 12.07128908 129.7939177
100 -239.4476709 -234.5031423
100 -140.2283509 -101.5489023
100 -460.5320409 -179.0936523
100 -159.3285309 -28.95496231
100 -583.3233209 -179.7674623
100 453.1824591 173.1216777
100 324.1980791 128.8039677
100 -14.55183092 92.91873769
100 -399.5205909 -325.7843923
100 -103.8846209 -57.53102231
100 -652.1144209 -223.4225923
101 243.757008 -32.9920913
101 214.652848 -34.3150013
101 260.954928 -97.8150013
101 277.620838 -36.4327313
101 142.719248 -14.9673513
101 215.314308 -200.3410513
101 211.346118 -5.209721304
101 274.184098 -114.3514613
101 107.496598 -21.7473013
101 194.147638 -2.565001304
101 142.683338 92.5516487
101 220.605968 -246.6431313
101 241.772638 -8.518131304
101 208.829178 40.9578987
101 288.865628 -168.0629413
101 276.829358 -281.7015413
101 88.31486797 -15.1315913
101 237.803888 -293.6066713
101 266.376048 -306.9691913
101 43.99659797 -15.7941713
101 272.990628 -370.4691913
101 264.592948 -288.3150013
101 26.13721797 -17.1170913
101 -0.3199720276 7.359108696
101 73.68010797 -39.9362813
101 15.14047797 -43.2446913
101 -8.919502028 -23.0690913
101 -87.05484203 63.2500987
101 110.933338 -76.1202313
101 7.864427972 -98.8071913
101 -11.56590203 -32.3306313
101 -0.3211120279 7.356868696
101 -129.966952 113.1901987
101 120.230238 -96.9870613
101 -35.13036203 -133.2030313
101 -53.23778203 -44.2368813
101 -20.82632203 -83.2629213
101 14.89242797 69.5339487
101 -151.877752 131.3803087
101 -189.497632 -100.4597213
101 29.60930797 90.8648687
101 -114.092512 153.5380387
101 -167.091302 139.9792687
101 -220.585602 98.6403587
101 32.91659797 120.6304887
101 -84.98778203 171.3985387
101 -4.950752028 154.2017387
101 -210.086092 146.5938487
101 -240.429352 90.7028587
101 56.03229797 182.5099787
101 0.3403479722 162.1381187
101 -32.73257203 198.5183287
101 -220.586742 98.6381187
101 -201.900542 166.9336887
101 -257.498952 79.3224787
101 -255.478672 134.5222387
101 -223.728672 6.199318696
101 -4.951322028 154.2006187
101 59.33958797 196.4005987
101 -202.562002 43.2409887
101 -286.070542 64.9048587
101 -287.264582 80.6453987
101 -188.671372 -82.4361013
101 -300.044422 32.8230187
101 -34.12830203 141.2828087
101 -183.379712 -61.2694313
101 -322.534002 53.9896787
101 -320.998952 100.4891487
101 -189.498202 -100.4608413
102 7.775798888 45.41426317
102 81.27978889 17.79726317
102 30.26480889 95.02252317
102 60.69189889 72.53294317
102 -49.77164111 34.82981317
102 2.484698888 22.26434317
102 74.66463889 57.48364317
102 89.46589889 -72.32531683
102 187.1131189 1.922263175
102 -96.73462111 75.17989317
102 63.33772889 97.66835317
102 44.15543889 122.8037732
102 -106.6576311 13.66203317
102 33.65478889 34.99517317
102 -141.7143511 -26.02435683
102 -14.05289111 -31.97747683
102 63.33829889 97.66947317
102 255.5740589 15.15142317
102 12.07527889 -81.58573683
102 192.6528389 -27.34726683
102 84.17423889 -88.53104683
102 232.3044189 -1.849106825
102 -105.9944711 61.95184317
102 71.27579889 128.0965532
102 38.20287889 147.2788432
102 -192.6466511 -7.503516825
102 -218.9396111 -36.11159683
102 -72.92269111 -53.80560683
102 -28.60498111 -37.93060683
102 71.27522889 128.0954432
102 276.4099989 12.50559317
102 278.6065089 -20.36994683
102 90.78938889 -120.9413868
102 177.4033789 -125.5418168
102 243.0063489 7.213923175
102 -162.2195611 91.71523317
102 -164.2033711 47.39864317
102 195.6288289 149.2609832
102 37.54085889 162.4912732
102 -232.3330111 14.32684317
102 -278.4703011 -9.652136825
102 -229.3581511 -132.5202668
102 -146.3804711 -83.20848683
102 -287.9325511 -18.38556683
102 -41.17269111 -65.05039683
102 -41.17212111 -65.04927683
102 333.9574389 7.215043175
102 277.0714589 29.04205317
102 279.0552589 -73.48510683
102 336.6027089 -21.22877683
102 146.9762989 -140.7553568
102 65.65339889 -131.1951068
102 197.2471289 -116.9428568
102 38.20230889 147.2777332
102 -211.8289411 105.6058532
102 -242.2554511 67.24239317
102 -278.4708611 -9.653256825
102 -257.9656611 -24.20534683
102 -332.8758111 40.78294317
102 -233.9877911 -177.8290368
102 -169.1648711 -136.1571668
102 -253.1700811 -128.8811268
102 -78.91172111 -85.85431683
103 175.7052237 -7.344514286
103 299.3979337 -11.97472429
103 69.21043371 18.45236571
103 342.3927237 -8.667424286
103 248.4662037 -63.56735429
103 79.84054371 25.51237571
103 53.33486371 11.17520571
103 151.8927237 -119.7924243
103 214.7312637 -37.11013429
103 305.3516237 -117.8069343
103 175.6236737 81.12777571
103 17.82882371 38.16276571
103 114.2363737 19.55924571
103 10.25852371 -12.80042429
103 83.76251371 -86.71951429
103 166.8663037 -131.6863243
103 127.4187637 -5.360134286
103 277.5703737 -143.6038143
103 465.4239737 69.38465571
103 337.0189437 191.5901957
103 70.58012371 94.96549571
103 278.9395037 1.699875714
103 -76.20267629 -58.76283429
103 72.51772371 -65.55284429
103 208.7781437 -171.3861743
103 203.5332537 -147.1282543
103 53.33543371 11.17632571
103 246.9027637 -140.2852843
103 474.0229337 83.27527571
103 438.2220637 264.0198857
103 3.111373713 94.96549571
103 -210.6685563 -119.9566743
103 10.25795371 -12.80154429
103 234.5750137 -185.2768043
103 238.9652637 -165.4207043
103 -72.95633629 46.01758571
103 464.6804037 286.8401957
103 581.0965037 329.8338757
103 -375.9504563 -42.73141429
103 -164.3670463 -147.7390443
103 -268.8768963 -151.7066743
103 268.7308837 -175.3425743
103 630.0444137 349.6776257
103 -397.1176963 12.16850571
103 -426.3045463 -26.03070429
103 170.1735937 -232.8894543
103 -324.2096463 -162.9006743
103 -376.8524463 -246.7800743
103 695.1621537 403.4531257
103 -459.2947763 97.49663571
103 -485.0916563 -11.64399429
103 -366.0285863 23.41441571
103 -446.1477263 -26.02959429
103 239.1306237 -209.4076843
103 -378.2999763 -163.4583043
103 700.8210237 407.2256157
103 764.9819137 372.8286657
103 -529.7400863 160.9966357
103 -553.3045463 17.62554571
103 -598.8624863 -18.92003429
103 -461.9406063 -20.24294429
103 -252.2583163 69.05392571
103 -533.8736363 -39.75485429
103 392.6635537 -95.97992429
103 -535.5278463 -93.33409429
103 -457.4837663 -160.1125043
103 -543.6307163 186.7935057
103 -599.5239463 85.59038571
103 -607.6262663 25.99727571
103 -655.4171763 -42.07107429
104 28.85612 38.9158
104 3.05924 7.1658
104 -31.91536 -46.0816
105 -144.8018347 10.90165532
105 -183.9099947 6.768655325
105 -82.70686468 7.430115324
105 -304.9568647 -61.36155468
105 -37.72770468 26.61240532
105 -201.1079147 -65.33030468
105 -293.9606947 11.23238532
105 -327.3743547 -145.9591247
105 -15.81746468 -61.85876468
105 -55.50496468 55.21936532
105 3.282145324 53.06962532
105 -387.6391647 -171.8250947
105 -7.301184676 -101.0501747
105 42.30818532 -59.37829468
105 -109.8631347 56.07819532
105 -62.20165468 70.26865532
105 20.48006532 62.99149532
105 -404.0929347 -184.8888947
105 4.569155324 -136.4061747
105 51.56860532 -81.86787468
105 33.04777532 0.8144153245
105 56.19938532 -54.74697468
105 -177.9568647 51.74782532
105 -78.73868468 101.3560753
105 25.11027532 23.30399532
105 42.97021532 76.88323532
105 -435.5460847 -203.4972747
105 -352.5824347 -261.1230847
105 34.99624532 -178.7395147
105 29.70457532 -108.6249247
105 65.87264532 -53.92126468
105 59.50610532 -83.19079468
105 54.62785532 -15.55668468
105 -134.3011847 75.55920532
105 -199.1600047 36.23444532
105 -88.66056468 117.8925353
105 -117.7647247 96.72587532
105 73.39673532 102.6789953
105 -437.9300447 -151.4603447
105 -436.7889147 -243.3143847
105 -287.0980647 -272.3678747
105 52.89152532 -180.4251747
105 1.959235324 -173.8105847
105 33.04834532 -131.4761347
105 61.24243532 -13.24157468
105 117.7976853 -55.90452468
105 72.81795532 -94.93168468
105 61.24300532 -13.24045468
105 -142.2386847 86.80399532
105 87.28792532 89.45094532
105 185.4780153 184.7318453
105 -442.7420447 -277.7102147
105 128.9597953 -183.7313447
105 -63.52514468 -149.3366247
105 56.19938532 27.27386532
105 230.9064953 -44.66084468
105 104.5679553 -72.44209468
105 165.4221253 18.17769532
105 69.51066532 -163.7233447
105 144.5861853 3.956335325
105 120.4429553 72.41727532
105 69.42798532 43.80920532
105 231.9454553 213.0918653
105 184.1550953 256.8308053
105 134.2508953 -169.8418347
105 86.04712532 -115.4368947
105 152.7717353 65.63732532
105 408.0587453 205.8985153
105 320.7827153 261.4301153
105 182.1707153 331.5755953
105 171.9540253 35.87170532
105 250.0061053 45.13212532
105 501.9858253 199.2839253
105 445.5497253 326.7480053
105 195.3998853 367.2943453
105 250.9623853 358.0339253
105 136.5300953 299.1641353
106 -132.7123403 -91.59192188
106 -178.3164903 -111.1358419
106 -98.94149029 -88.64626188
106 -257.6914903 -175.9587619
106 -143.9206603 -76.74001188
106 3.088459709 -78.55902188
106 -51.31706029 -47.63696188
106 -428.3483103 -261.9494619
106 -184.2701903 -183.8973719
106 -322.5149803 -162.0692519
106 16.31704971 -37.54972188
106 0.4420497091 -112.2945119
106 -67.22797029 38.38463812
106 56.66657971 18.01389812
106 -36.59961029 -147.3518019
106 -53.88021029 69.27579812
106 -112.1712303 51.58178812
106 70.55720971 59.68576812
106 -33.95321029 -163.2256819
106 -34.03589029 104.9956681
106 -228.5878903 78.04012812
106 -118.1602603 21.84817812
106 -45.61198029 166.5101781
106 111.0715297 58.19748812
106 89.73949971 92.09722812
106 0.3593697092 -231.0262819
106 -82.90170029 -198.9455519
106 55.92186971 188.3382981
106 -299.3639403 83.99324812
106 -143.9212303 -76.74112188
106 -212.0873403 28.46276812
106 56.66600971 18.01277812
106 273.7902797 56.21311812
106 283.5467897 156.2586881
106 124.7962197 173.4554881
106 -60.57691029 -269.2243819
106 262.2968697 -118.5783619
106 -124.0774803 -214.9859219
106 48.31509971 212.4815281
106 89.73892971 92.09611812
106 -437.7740903 110.7823081
106 -269.5983103 -39.69946188
106 -388.2006303 35.65611812
106 263.6203597 -85.50433188
106 302.2324197 50.25887812
106 246.7525997 159.8955881
106 322.5728297 174.1180681
106 141.0025197 237.2873381
106 156.7942697 176.4320481
106 -79.09831029 -305.6057119
106 -171.0410203 -318.8348719
106 412.4479097 -55.40909188
106 -171.7024803 -257.9807119
106 78.08072971 350.0648681
106 -13.20052029 405.9580981
106 -322.5149803 -42.34529188
106 -434.6680703 7.296098116
106 -299.3633703 83.99436812
106 343.2428397 43.64428812
106 432.8345297 82.04088812
106 310.1699197 134.2640781
106 317.2805997 212.4815281
106 194.4973897 167.8330881
106 210.7857997 141.0440281
106 137.0331997 261.0987181
106 -124.0769103 -327.4327219
106 493.8078597 14.04514812
106 432.2916597 -53.42472188
106 -176.3326903 -281.7932119
107 33.70564493 -33.35168521
107 37.67496493 -57.16306521
107 23.78433493 8.321304789
107 21.46866493 -120.9949152
107 21.13793493 75.78894479
107 -13.58805507 -202.3531752
107 53.46671493 -118.0183552
107 37.67496493 232.3903148
107 -32.77034507 -234.7646352
107 91.16983493 -126.6173152
107 57.84944493 267.2822448
107 -24.58537507 224.9477948
107 -46.66097507 -276.4365052
107 7.743974929 -236.2529152
107 143.4250449 -134.5548152
107 70.41715493 353.9332848
107 -122.3979551 193.3642748
107 -24.58593507 172.0300048
107 -9.288575071 426.1976148
107 -87.01050507 -332.0001252
107 170.4627249 -238.2372852
107 180.2192349 -138.1917152
107 -46.66154507 -276.4376252
107 107.4582449 -153.4063752
107 213.9530449 -81.96887521
107 81.66137493 364.5155048
107 -116.5280751 111.5076948
107 -72.87182507 181.9530048
107 -45.75203507 91.33321479
107 78.68481493 470.0181048
107 -57.57503507 391.8017748
107 -170.5555251 -256.0657652
107 -100.2390951 -373.0094252
107 160.2928049 -379.9547352
107 198.9048649 -244.1915252
107 219.2452749 -120.3323352
107 240.4119449 -71.38442521
107 90.38978493 431.8509048
107 -55.01245507 -81.96887521
107 -68.90307507 57.59883479
107 -37.15307507 48.33841479
107 -57.11541507 52.17381479
107 85.29939493 479.9399848
107 -156.6648951 333.6243448
107 -157.5384951 362.8618548
107 -215.4987851 -242.8686152
107 -157.2077651 -225.1746052
107 -102.8855051 -406.7449152
107 -202.2690451 -383.0966652
107 158.9693149 -413.0287652
107 239.9152849 -250.8061152
107 329.5069749 -212.4095152
107 206.8423649 -160.1863252
107 219.2447049 -120.3334552
107 269.5161149 -33.68129521
107 83.97647493 487.2160248
107 112.0890249 420.7405748
107 -25.24682507 55.61446479
107 -47.40568507 -106.1121052
107 49.49796493 478.6170648
107 -122.3985251 193.3631548
107 -46.20135507 368.6816348
107 -190.6114151 316.5597748
107 -195.9030751 352.9399848
107 -152.6961451 426.8899648
107 -148.9395351 -127.9402252
107 -221.4878151 -272.6022252
107 -331.9154451 -216.4102752
107 -137.3634451 -189.4547352
107 -139.9271651 -441.8022052
107 -154.6446151 -342.0873652
108 -65.26897212 -8.378897879
108 -28.22730212 -5.733057879
108 -82.46688212 -46.74347788
108 -19.84048212 26.81174212
108 -76.06444212 -61.82366788
108 43.21019788 -50.71222788
108 -22.27417212 42.55339212
108 -89.29360212 -80.67522788
108 29.31957788 72.98048212
108 -42.77938212 53.79819212
108 -13.67522212 -85.76951788
108 -110.2481321 -78.49347788
108 0.4166778782 78.40549212
108 64.37686788 -87.75389788
108 -146.6283421 -59.31118788
108 -87.55727212 63.19195212
108 149.7049879 -86.43097788
108 -132.2883921 63.85341212
108 -112.4446421 53.93154212
108 74.96019788 -149.2695179
108 181.4549879 -65.26430788
108 -254.2442121 74.43786212
108 -182.3470921 92.82423212
108 -90.61652212 40.70237212
108 -184.7910821 43.34932212
108 50.48623788 -163.8216079
108 241.6476979 -41.45180788
108 271.4492379 26.97711212
108 -237.0468621 110.8169521
108 -254.2447821 74.43674212
108 -324.3593621 34.08779212
108 -8.181712122 -206.0204679
108 335.5747879 8.157562121
108 348.1783979 78.57086212
108 286.0018879 23.00948212
108 144.2006179 65.17521212
108 -283.3489421 90.97320212
108 -205.2962921 124.7087021
108 -343.5416521 31.44195212
108 -112.6926921 -253.6465879
108 442.9328779 40.70349212
108 477.1633479 106.3532321
108 264.1726279 19.03849212
108 444.7518879 61.37406212
108 81.36264788 14.90549212
108 86.90235788 91.13857212
108 -293.2708221 96.26487212
108 -157.0104021 135.9523721
108 -131.8744121 -269.5204679
108 491.7154279 142.7334421
108 222.5013179 17.71669212
108 62.39248788 -3.748687879
108 -330.9739421 118.0929921
108 -62.42186212 138.5982021
108 -167.0149621 159.4341421
108 -236.3854021 -270.1830479
108 -160.9785821 -307.2235979
108 438.1367379 139.4250321
108 530.2448079 149.1815421
108 24.68936788 -1.102857879
108 -185.6179021 191.6813521
108 -141.8795421 156.7883121
108 -367.6843121 -269.1897379
108 -182.1458221 -356.1726279
108 -187.4374821 -317.8080479
108 326.5156379 171.6711221
109 -156.3300741 51.49075207
109 -17.75512414 79.60161207
109 -215.2004341 38.59119207
109 -78.47983414 46.72607207
109 34.62953586 79.13753207
109 52.93880586 104.4074121
109 -273.0786141 15.43903207
109 -75.63216414 4.196472069
109 -119.6197041 25.69275207
109 83.11727586 93.82296207
109 -299.7017341 -21.43614793
109 -75.46679414 40.08059207
109 -227.6027841 -32.68093793
109 -122.2655441 -15.31765793
109 -302.3470041 -35.32565793
109 -8.577394137 56.78129207
109 -239.5090341 -50.54031793
109 -123.2577241 -37.47651793
109 -307.6392341 -47.89448793
109 67.49031586 70.01046207
109 -295.7329841 -69.72260793
109 -172.2056441 -74.18745793
109 -107.7134541 -48.39057793
109 -373.1236141 -80.96739793
109 85.34969586 71.33338207
109 -188.7421041 -96.34630793
109 -106.7212741 -72.53380793
109 -392.3059041 -78.32156793
109 -366.8403241 -83.28361793
109 -324.1756941 -34.66531793
109 247.8203959 97.79171207
109 84.02677586 31.64588207
109 -240.3358541 -102.2994279
109 -113.3358541 -81.13276793
109 -427.3631941 -78.98302793
109 168.0325559 58.76679207
109 39.04817586 14.44908207
109 -250.7538241 -103.4569879
109 -186.0957041 -141.3243579
109 -111.3514741 -96.01557793
109 -480.2798641 -90.88927793
109 211.6882359 43.55213207
109 236.8236559 85.22400207
109 7.509745863 -31.98746793
109 -295.7324241 -69.72148793
109 -194.3633641 -157.1982379
109 -181.7967941 -134.7108879
109 -509.3840341 -94.85802793
109 257.3294259 49.50637207
109 247.8209659 97.79283207
109 40.61601586 -38.31489793
109 -50.69858414 -22.72704793
109 -339.3892441 -84.27468793
109 -40.07126414 -82.11260793
109 -191.1294541 -173.0937379
109 289.9524559 53.34065207
109 318.1830259 107.0521321
109 280.8933159 108.3750421
109 55.58625586 -47.01852793
109 -366.8397641 -83.28250793
109 -230.8175141 -253.1313079
109 341.2154759 91.04378207
109 338.9003759 61.27815207
109 432.6153159 124.9115021
109 329.4278159 150.7083821
109 74.03796586 -50.84812793
109 -444.4778641 -143.3087279
109 -253.9685641 -318.6156879
109 558.0449259 119.6209521
109 453.7819859 134.1719221
109 422.4459659 225.4542921
109 429.7214359 161.6224421
109 91.81584586 -50.24919793
109 156.8965459 -2.107777931
109 -504.0096841 -184.3202679
109 409.2162359 17.75525207
109 603.6849859 124.2500421
109 572.9271659 142.7708821
109 409.8776859 229.0911921
109 481.9766459 273.0781721
109 453.5339359 219.8307721
109 457.7507359 157.3229621
109 145.7908459 -40.72419793
109 -573.7027741 -257.0683279
109 99.78318586 -76.96663793
109 342.1116859 16.42580207
109 541.5078959 195.6875421
110 111.3378834 48.34517026
110 100.7539834 56.28155026
110 77.27278342 37.10038026
110 151.0248234 64.88051026
110 115.9675234 41.72947026
110 91.16284342 55.62010026
110 -62.21337658 -42.44221974
110 79.50463342 26.51593026
110 120.6798534 36.10596026
110 200.0554134 82.90525026
110 10.46492342 52.97426026
110 -110.5813866 -68.07148974
110 82.31583342 6.837540263
110 114.2312034 43.87921026
110 80.16552342 20.89242026
110 124.4838034 28.66567026
110 209.9772934 89.51984026
110 179.4675234 80.75551026
110 -79.49340658 33.79197026
110 -204.5090366 -112.3903197
110 83.63818342 3.529130263
110 127.8737734 17.91697026
110 240.4049434 96.13554026
110 153.6712234 91.33996026
110 143.0873234 81.41697026
110 -113.2272166 5.350380263
110 -189.2943566 -130.9089197
110 -256.1022166 -130.9100397
110 84.79630342 -2.753599737
110 130.2709934 8.986170263
110 196.6660134 116.4753803
110 143.0878834 81.41809026
110 117.2904434 80.75551026
110 -146.9615966 -16.47773974
110 -132.3268266 30.98189026
110 -182.0194566 -149.4319897
110 -119.0982266 -96.01922974
110 -268.6699266 -158.6912897
110 -280.5767466 -134.2184497
110 -189.2954966 -130.9111497
110 90.05260342 -8.457539737
110 137.7956534 -15.81739974
110 286.6237734 144.2555103
110 177.4831534 117.7971803
110 113.9831534 66.20343026
110 76.28059342 86.04830026
110 -120.4211466 -58.31609974
110 -187.9725766 -26.40073974
110 -151.5096866 50.82452026
110 -177.3892466 -154.7236497
110 -61.55078658 -58.31497974
110 -66.18099658 -133.7212297
110 -344.0767466 -172.5830297
110 -310.0116366 -149.1012597
110 98.02603342 -19.28893974
110 167.4785934 -72.20672974
110 166.3210434 47.18650026
110 325.6509534 148.8879603
110 149.7019034 117.7971803
110 88.18627342 62.23468026
110 25.97328342 176.0375303
110 -110.5819566 -68.07260974
110 -289.1751366 -63.44128974
110 -230.2232266 95.14223026
110 -170.1126366 -179.1964897
110 -268.6704966 -158.6923997
110 -48.15738658 -47.73388974
110 -46.41992658 -150.4230597
110 -386.6586866 -187.9630497
110 -350.0298666 -165.3069897
110 112.4589634 -40.34202974
110 197.3274734 66.86601026
110 117.2904434 123.0888503
110 91.16340342 55.62121026
110 122.9134034 198.4962103
110 -160.8522166 125.7358003
111 -6.259670139 -83.23114681
111 -36.74205014 -90.11142681
111 74.46506986 -5.611246805
111 -63.53168014 -95.07348681
111 118.1213199 43.33667319
111 -205.7446501 -106.9786168
111 178.2313499 33.58016319
111 175.0067399 108.1595932
111 75.04384986 67.31454319
111 -191.7719101 -125.3351968
111 -242.1254301 -104.9953568
111 -225.5057201 -90.27678681
111 195.3465799 17.53980319
111 263.6421499 174.9668832
111 38.00274986 110.3104532
111 -134.8864901 -119.3820768
111 -219.5531601 -126.6581168
111 -166.6364901 -155.7622868
111 -350.9353201 -105.9875468
111 -348.6202201 -87.46670681
111 -278.4229501 -52.57478681
111 87.52886986 -27.43936681
111 221.2261399 -2.800046805
111 297.8731899 74.42633319
111 253.6387299 179.7646932
111 354.8407199 171.8249532
111 6.996319861 90.63094319
111 81.07964986 139.5788632
111 -97.48738014 -114.0547168
111 -242.0427401 -129.3039468
111 -121.6573301 -202.0643668
111 -415.4269401 -87.46559681
111 -220.8755101 -14.87053681
111 -348.6190801 -87.46447681
111 274.1433699 -8.752046805
111 342.7331999 105.6284532
111 143.2567399 180.9200032
111 293.4077799 209.3627132
111 401.1068999 166.2345732
111 -21.52907014 27.62704319
111 -35.31030014 -109.4245068
111 -268.5010801 -129.3039468
111 -103.7979501 -222.5695768
111 -439.9014701 -90.77400681
111 -363.8337601 -68.94587681
111 -207.4821101 -4.289446805
111 -69.27212014 34.98690319
111 -427.9946501 -115.2468468
111 -341.3441801 -105.9875468
111 255.6225399 -27.27288681
111 303.9084299 5.137453195
111 416.3204399 129.8543632
111 215.9350399 223.4198232
111 307.8771799 223.4187032
111 474.5646799 154.6270432
111 430.8725199 206.5835332
111 8.153869861 -28.76228681
111 -29.05373014 52.43061319
111 -23.84418014 -108.3026468
111 -286.6644701 -133.2370068
111 -469.3363601 -105.6568168
111 -269.9061101 -24.62704681
111 -61.29869014 24.15550319
111 -74.52842014 40.69084319
111 -503.4014701 -129.1385868
111 -336.7139701 -111.2792068
111 118.7000999 -41.82608681
111 375.3459299 71.28329319
111 337.6428099 -3.461506805
111 428.2625999 116.2624532
111 474.5652499 154.6281532
111 227.0960099 245.0803532
112 -132.29181 -21.16695
112 -263.26056 -33.73465
112 149.49001 44.31855
112 246.06236 10.58305
113 348.5141367 160.110681
113 438.4724767 114.470051
113 290.9672667 232.209641
113 241.3578867 187.891931
113 517.3519467 363.344871
113 181.8272067 140.268051
113 169.2589267 143.904951
113 212.9151767 134.644531
113 88.80905671 65.522141
113 40.27455671 23.188801
113 189.1026767 76.436201
113 7.202206714 12.606591
113 217.1319767 72.136721
113 -3.795103286 0.03776099929
113 -72.58620329 -26.419449
113 -156.5919833 -53.540359
113 -28.93052329 -41.634109
113 -155.2690633 -13.852859
113 -201.5705833 -70.737159
113 16.71066671 -35.679869
113 -173.1284433 -15.175779
113 7.201636714 12.605471
113 -233.1090133 -117.173709
113 77.56426671 21.865891
113 49.33369671 -31.845589
113 -249.1961533 -28.404949
113 -200.0027433 -123.501139
113 -291.3173433 -107.913289
113 191.9965567 39.725261
113 100.5967167 5.857540999
113 98.28161671 -23.908089
113 -316.0855533 -45.105649
113 -185.0325033 -132.204769
113 213.1632267 48.985681
113 317.4261667 34.434711
113 -360.2384633 -59.493489
113 -166.5807933 -136.034369
113 332.3084067 57.584641
113 168.5974767 -67.430989
113 363.0662267 39.063801
113 -362.8843033 -100.503899
113 -468.2215433 -117.867179
113 -319.0985933 -38.460169
113 -148.8029133 -135.435439
113 -83.72221329 -87.294019
113 300.8891367 110.501301
113 101.4929267 -68.760439
113 -140.8355733 -162.152879
113 -363.8764833 -122.662759
113 -480.1277933 -135.726559
113 -316.2509233 -80.989769
113 -258.3738833 -5.584629001
113 -94.82791329 -125.910439
113 364.3163267 94.937661
113 288.9834567 121.747211
113 300.2276767 126.376301
113 318.0870567 125.714851
113 300.2276767 91.980471
113 56.51375671 -75.639609
113 -412.8244033 -159.373699
113 -348.3322133 -133.576819
113 -536.3517433 -154.908849
113 -396.9488333 -33.695489
113 -187.6799533 19.221171
113 -205.9892233 -6.048709001
113 -57.78624329 -99.452109
113 465.5200267 101.553361
113 274.4308067 144.235681
113 323.7094567 141.920581
113 2.538756714 -90.985439
114 132.5718102 -89.61593165
114 158.3686902 -85.64718165
114 120.6661302 -65.80231165
114 135.5489402 -96.22940165
114 187.4734202 -70.43252165
114 70.35882023 24.18691835
114 161.6759802 -71.09510165
114 198.0567602 -60.51065165
114 -116.4666798 -26.11481165
114 167.2989402 46.64559835
114 187.4728602 -70.43364165
114 254.3628302 -62.33077165
114 241.0515502 -35.37523165
114 -166.7380798 -40.66801165
114 -147.6379098 44.82658835
114 96.48643023 126.7129584
114 223.8530602 -71.09510165
114 244.4409502 -68.94536165
114 284.7904802 -55.71507165
114 221.8686902 -34.05343165
114 331.0093102 -7.595101647
114 -185.8376898 -56.70838165
114 -163.5129098 44.16513835
114 -168.0592998 81.04366835
114 -102.9432598 61.89003835
114 135.5124702 121.4212884
114 40.38106023 192.6614084
114 68.70518023 130.6817084
114 160.3530602 -110.1211416
114 194.0874402 -34.05343165
114 370.0364902 -2.962651647
114 -253.7198498 -76.71749165
114 -107.1241498 -101.0260916
114 -222.3838298 29.61081835
114 -145.5708498 100.2237284
114 -225.6905598 138.0910984
114 -179.3884698 70.62234835
114 -174.4275398 130.8150584
114 -57.63335977 79.74941835
114 -106.2505498 110.1764984
114 212.2416402 157.8014984
114 -30.51356977 94.30149835
114 -4.716699766 135.3119184
114 165.0653902 -115.7446516
114 155.7234202 -103.5054416
114 161.6759802 -28.76176165
114 -290.1833098 -95.40481165
114 -294.7302698 -54.88937165
114 -87.94128977 -120.8687216
114 -123.1177398 114.1452484
114 -163.5134698 44.16401835
114 -222.3832698 29.61192835
114 -178.0655598 185.0546384
114 -145.5714198 100.2226084
114 178.3778002 200.7642784
114 265.0288502 178.9361484
114 -76.11771977 145.2028984
114 124.5510602 -130.9581916
114 168.8693402 -123.1849416
114 145.1395202 -95.56906165
114 121.6583202 -114.7502316
114 195.4103602 -86.97010165
114 -299.6085298 -98.38025165
114 -318.8729298 -53.89606165
114 -68.84167977 -146.5002316
114 -76.11828977 145.2017784
114 -180.0499298 230.6952684
114 -130.1092598 206.2224284
114 -262.5960598 159.2151584
114 154.5653002 238.4673984
114 198.2221202 284.1091484
114 126.7013702 -145.0130716
114 123.8901702 -125.3346816
114 172.2593102 -133.9336416
114 128.0237202 -148.3214816
114 135.5483802 -96.23051165
114 -17.82783977 -194.2928316
114 -247.1873898 -167.5015316
114 -399.3233698 -148.3203616
114 -417.4307898 -134.5951016
114 -336.4853898 -68.28502165
114 -355.5844398 -40.99874165
114 -35.10786977 -118.0586416
114 -102.5760598 -168.3283516
114 68.57572023 268.8944884
115 79.38170855 84.55627029
115 55.56920855 88.52502029
115 103.1942086 88.52502029
115 40.31975855 79.95808029
115 31.09467855 92.49265029
115 127.6681685 88.52502029
115 33.74107855 34.94689029
115 14.52288855 67.05964029
115 181.9077486 140.7802303
115 -56.87871145 22.37919029
115 27.75204855 -4.04712971
115 -2.63912145 66.69689029
115 -91.27511145 22.37807029
115 -101.8578715 0.5510602898
115 88.60621855 32.33308029
115 -7.93079145 -25.24580971
115 -12.56100145 52.14481029
115 -120.3787114 29.65523029
115 -136.9151715 -19.95414971
115 -38.35731145 -17.96864971
115 -131.6235014 6.50419029
115 150.7832986 78.63516029
115 -52.28441145 -44.72681971
115 75.41295855 -46.41247971
115 -38.35787145 42.22294029
115 -175.2797514 -27.89164971
115 -91.93543145 -17.96864971
115 -161.3885614 25.02614029
115 -91.27454145 22.37919029
115 156.7364285 95.83308029
115 -91.93600145 -17.96976971
115 -21.40800145 -55.83825971
115 -82.05003145 -85.07577971
115 113.7775386 -52.36560971
115 34.81594855 -57.82263971
115 196.4603986 -4.07802971
115 -189.7491515 -41.94763971
115 -258.6229315 27.01051029
115 -233.4875215 -6.72385971
115 -106.4880815 36.93127029
115 160.0437185 110.3851603
115 131.6369185 80.58752029
115 168.6426785 102.4476603
115 -8.59225145 -96.68330971
115 -66.83649145 -121.4559897
115 -128.3162114 -79.48539971
115 123.0379586 -41.78226971
115 168.0171285 -71.54789971
115 115.7619185 -63.61039971
115 72.10566855 -62.28747971
115 182.3211586 17.58361029
115 233.9149086 -41.28617971
115 -229.5182014 -71.54565971
115 -315.7569614 45.36486029
115 -324.7693315 28.99377029
115 -256.0609215 -6.22999971
115 -38.35731145 42.22405029
115 173.9343386 117.6612003
115 91.94941855 79.26460029
115 26.46560855 -99.32802971
115 -140.4237314 -145.6818997
115 -8.59168145 -96.68219971
115 -54.89433145 -135.0478997
115 -219.5147814 -76.34346971
115 244.7462886 -74.19372971
115 113.1160785 -77.50101971
115 76.07441855 -80.14685971
115 338.6728086 -6.06463971
115 154.1264986 22.37919029
116 133.8353544 -101.6733929
116 109.9119144 -106.3357529
116 92.16290439 -110.2734629
116 119.1173344 -95.72138288
116 116.6009644 -140.0070729
116 69.67389439 -116.8869329
116 133.8347844 -101.6745029
116 101.2579644 -89.10679288
116 153.0176444 -63.30880288
116 227.0645044 -73.86124288
116 123.2155444 -187.6320729
116 -47.89802561 -113.8637929
116 12.78790439 -144.0078429
116 159.4662944 -108.9505429
116 75.59054439 -46.07999288
116 131.1889544 -36.19013288
116 252.8613744 -83.78311288
116 -150.7576656 -108.2890929
116 13.29578439 -25.89581288
116 9.480614394 -56.03388288
116 131.1895144 -36.18901288
116 100.7624344 2.837027122
116 257.4915844 -103.6268629
116 -194.5553256 -104.9416729
116 -17.80453561 -21.63804288
116 -133.3943856 -85.79950288
116 58.42853439 24.00257712
116 269.1856944 -133.2591429
116 -248.6534956 -99.69013288
116 -48.23105561 -29.57443288
116 59.58608439 -6.424502878
116 -200.6892756 -58.10056288
116 -183.4026756 -43.04448288
116 43.21499439 47.81507712
116 267.8627744 -218.5872629
116 -110.2433456 6.473927122
116 -130.9139156 -48.09638288
116 100.7618644 2.835907121
116 -234.1014156 -52.06513288
116 89.51764439 32.60265712
116 18.74160439 90.14952712
116 -14.99277561 56.41515712
116 -269.6548056 -46.11200288
116 71.65770439 83.53382712
116 105.2267144 14.74215712
116 -66.58652561 104.7016171
116 -158.8668556 54.54116712
116 12.62311439 157.6182771
116 18.74103439 90.14840712
116 -160.6795356 70.96611712
116 -142.6907056 112.5046471
116 -202.3621756 232.4258671
116 -206.8156956 32.60265712
116 42.55410439 164.8943171
116 -23.75766561 181.4296571
116 71.65826439 83.53494712
116 -188.2954256 53.76820712
116 -221.3216756 142.3682571
116 -224.6674656 250.8277371
116 -274.9453356 0.8537771215
116 31.02286439 181.6698071
116 60.41290439 154.3098671
116 86.18849439 178.6270971
116 -25.74203561 210.5338271
116 104.0691544 84.85674712
116 -153.2375656 92.13390712
117 56.50148447 7.849772895
117 69.73121447 -4.716817105
117 116.0327345 -63.58772711
117 36.74041447 -9.513507105
117 118.0997845 3.054192895
117 133.2312145 -86.73765711
117 -13.86114553 -16.78955711
117 179.9728545 14.99614289
117 240.4695845 -87.56559711
117 67.16749447 -88.22705711
117 -27.75233553 7.021832895
117 3.336764474 -35.97184711
117 -46.60333553 -25.38850711
117 188.7931445 15.78727289
117 396.5743145 -50.52280711
117 37.40243447 -98.80926711
117 -36.35073553 22.23649289
117 -72.48232553 -18.60744711
117 14.82960447 22.40185289
117 -72.48289553 -18.60856711
117 231.5666045 18.30343289
117 20.86541447 -73.67496711
117 -211.3064655 -115.3468471
117 -42.63401553 40.75844289
117 27.72804447 51.17529289
117 -121.4988955 -10.31686711
117 -172.6938355 -35.47574711
117 90.23642447 36.29359289
117 249.7299945 22.23649289
117 116.0332945 -63.58660711
117 -96.40543553 -91.17354711
117 -68.84430553 76.97328289
117 -58.17885553 36.12711289
117 14.49944447 54.48370289
117 48.89527447 45.88474289
117 -131.0219555 -14.97053711
117 -123.1717855 19.79528289
117 -320.9431855 -105.7556971
117 169.6119945 64.07596289
117 276.1883345 22.23649289
117 -137.2231255 -95.50309711
117 -86.04278553 76.31071289
117 -41.06362553 71.01904289
117 -81.34936553 33.17845289
117 248.3243945 126.9122729
117 -138.9594555 -25.55387711
117 -100.3088655 29.83266289
117 -186.7418655 3.066312895
117 -359.8859755 -104.2662971
117 154.3973145 82.59456289
117 239.8081245 98.96565289
117 176.8868945 45.55289289
117 298.6779145 24.88232289
117 -211.3058955 -115.3457271
117 -182.6162755 86.89292289
117 -78.10528553 4.873212895
117 238.4852045 136.6687829
117 -172.6926955 -35.47351711
117 -130.3604955 80.94091289
117 -369.2296355 -97.81819711
117 -479.9406655 -145.6074471
117 102.8041345 64.07484289
117 248.3249645 126.9133929
117 297.3555645 136.6699029
117 292.7253545 61.26365289
117 181.5171045 40.26123289
117 326.4591645 26.20524289
117 -299.9418755 -147.0968471
117 211.9447545 178.5071429
117 -418.4244755 -91.36674711
117 -418.4256055 -91.36897711
117 -510.9470855 -171.5708071
117 -446.7856255 -158.3416371
117 78.32960447 60.76643289
117 169.6108545 64.07373289
117 296.6929745 152.5426629
118 62.69996458 55.10884681
118 -8.039595417 -99.37257319
118 38.26191458 46.80860681
118 125.4107546 92.12185681
118 -31.85266542 -94.08202319
118 81.91816458 -117.8945232
118 9.157744583 2.490896806
118 101.5965546 90.79558681
118 283.9577846 133.4916568
118 140.4213246 58.08540681
118 190.8934246 166.2018368
118 -34.49850542 -100.6966032
118 -8.701625417 -35.21223319
118 -51.03552542 -92.09876319
118 -7.378705417 -4.123683194
118 53.97155458 109.3164168
118 134.4681946 36.25728681
118 195.5242046 182.7394068
118 -82.78495542 -119.8788932
118 -7.378145417 -4.122573194
118 -207.3871754 -68.45051319
118 -38.46725542 -42.48827319
118 1.054884583 110.6393368
118 121.2390246 0.5385368059
118 190.0306946 26.99686681
118 201.4773246 202.5831568
118 -134.4146154 -153.2505232
118 -193.2479354 -90.11215319
118 -235.5818354 -63.65493319
118 -51.03495542 -92.09764319
118 -51.20032542 131.8059968
118 123.2234046 -74.20625319
118 75.59840458 -31.87292319
118 216.4890246 27.65832681
118 217.8119446 20.38228681
118 221.9825346 224.4112868
118 -144.9620454 -160.2278532
118 -155.7934254 -127.3203032
118 -314.2953754 -132.4466032
118 -130.5747554 117.2550368
118 124.5463246 -146.3052132
118 504.8848646 120.9239568
118 257.4994446 -8.721883194
118 246.4559246 246.2382968
118 264.7754846 226.7572868
118 -221.6912054 -157.5820232
118 -128.4255854 -159.5663932
118 -97.99850542 -86.80598319
118 -221.6906454 -157.5809032
118 -275.9307954 -138.3997332
118 -397.6391254 -111.2799332
118 -354.8923854 -143.8567632
118 -218.5492854 123.8684968
118 14.94607458 203.9060768
118 171.0137646 -117.9451932
118 12.46504458 -228.3580632
118 506.3269346 61.85789681
118 500.3732446 156.4453268
118 408.9734046 46.17915681
118 344.8119446 255.8614568
118 302.3491546 410.6106868
118 201.4767646 202.5820468
118 -144.9626054 -160.2289732
118 -273.9464154 -149.6445232
118 -266.6703754 -127.8163932
118 -361.9562854 -90.08125319
118 -441.9927454 -130.7609432
118 -428.0656454 -104.0027732
118 -317.6026654 -148.3216032
118 -411.1163354 -141.8723832
118 -240.3768454 121.2237868
118 44.04967458 200.5976668
119 -39.59246769 49.514706
119 -48.85231769 -32.505014
119 6.710182308 152.041866
119 30.73482231 -30.984714
119 -48.19085769 -57.640424
119 65.57997231 175.854366
119 52.56295231 -84.562844
119 -35.53989769 -77.979154
119 97.32997231 202.312696
119 0.3077423074 -157.984714
119 65.13065231 -64.057634
119 -109.6232377 -87.239574
119 -33.63877769 -101.296674
119 53.01226231 200.989776
119 198.5331023 243.984576
119 -94.07896769 -192.742174
119 -144.0196377 -93.855274
119 39.86635231 236.875016
119 65.58111231 175.856596
119 -18.34141769 201.157386
119 243.0629523 250.135076
119 -85.81129769 -207.626104
119 -72.25140769 -190.097464
119 -124.0464277 -114.328464
119 60.50045231 247.489246
119 -63.32114769 162.791676
119 -92.42588769 213.061396
119 92.91190231 169.437156
119 273.4900323 228.968406
119 277.4587823 252.119446
119 -67.29046769 -219.532354
119 15.72312231 -196.710924
119 -132.6453877 -105.068054
119 -75.22796769 190.571816
119 -108.3008877 -40.938604
119 82.99003231 147.609036
119 315.8233623 250.135076
119 302.5942023 265.348616
119 -44.80088769 -267.157354
119 95.09755231 -182.159964
119 161.2439523 -110.059884
119 -144.0190677 -93.854154
119 -92.42644769 213.060276
119 -109.6237977 -87.240684
119 -114.9154677 -46.891734
119 8.906702308 110.567366
119 -69.47611769 -282.338884
119 147.3527623 -203.326624
119 248.5558923 -53.175584
119 190.3475523 -113.368294
119 -175.7690677 -58.135404
119 -96.39406769 226.291676
119 -153.2794877 -50.859364
119 -83.36673769 -289.614924
119 200.2694323 -204.649544
119 271.7069323 -221.847464
119 -186.3529677 224.967646
119 -104.3321377 240.842646
119 -231.8282277 39.097856
119 -145.3425477 -59.459434
119 -86.67402769 -304.167004
119 247.8944323 -223.170374
119 -411.0828677 215.046886
119 -175.7696377 -58.136524
119 -92.62715769 -321.364924
120 -40.16963167 -15.153325
120 -15.62229167 27.531235
120 -70.42428167 -56.217045
120 24.65385833 7.998835
120 -0.4815616668 19.243625
120 102.0439083 16.596675
121 -41.15895657 -46.06274397
121 -46.36794657 -27.04581397
121 -88.78395657 -26.21899397
121 -56.95127657 0.07397602778
121 -16.68500657 -22.91170397
121 -108.1675166 -32.14010397
121 -42.43509657 45.99466603
121 39.91646343 -39.49882397
121 37.63726343 -27.04581397
121 -88.12193657 -42.75433397
121 -116.4357466 -30.48645397
121 -66.29437657 47.20288603
121 -39.09190657 77.46460603
121 17.13205343 43.73022603
121 63.06750343 -45.61731397
121 66.65874343 -27.54191397
121 -121.8568766 -85.75024397
121 -41.15839657 -46.06162397
121 -130.4558366 -28.20336397
121 -129.3341866 -38.09322397
121 -91.63106657 -12.29635397
121 -82.16937657 116.656006
121 -27.18565657 87.38647603
121 21.10080343 70.18855603
121 43.92111343 43.73022603
121 48.79937343 -57.30753397
121 87.16395343 -26.21899397
121 85.78085343 65.67158603
121 -126.4865166 -127.421004
121 48.79994343 -57.30641397
121 -157.1154366 -25.52552397
121 -109.9480866 -17.97325397
121 -166.8360466 -67.89086397
121 -117.7549366 119.761916
121 -19.16546657 105.576576
121 22.42428343 89.37196603
121 22.42372343 89.37085603
121 101.0545834 -9.021073972
121 169.8462434 -26.21899397
121 90.79954343 111.397436
121 201.9269734 77.29923603
121 199.3638234 109.876056
121 -124.5027066 -177.692954
121 -186.6797966 -165.786704
121 122.3507134 -71.82760397
121 63.48091343 -87.37187397
121 -191.5112666 -25.52552397
121 -204.5750766 -61.24427397
121 -93.77674657 71.24790603
121 -224.8790166 142.618246
121 14.89963343 98.96199603
121 14.90020343 98.96311603
121 192.3363934 70.35504603
121 206.2264534 -30.84920397
121 45.24403343 156.839606
121 205.5649934 80.60652603
121 195.6899034 117.762896
121 225.7394734 36.61954603
121 -125.1641666 -191.583574
121 -193.7904666 -221.514564
121 -104.4930266 -166.612404
121 207.1365234 -88.22959397
121 187.0441634 -60.61482397
121 23.46268343 -85.71822397
121 97.20199343 -158.533734
121 -221.9383566 -34.12447397
121 -221.9383566 -20.89531397
121 -156.2059366 -12.21367397
121 -20.90179657 160.808356
121 208.5415634 70.68465603
121 304.1222934 -26.21899397
121 246.6221934 115.117056
121 173.5669534 157.831786
122 -160.0754785 33.31733296
122 -109.1426185 43.24033296
122 -199.7629785 16.78088296
122 -99.22017852 -9.675217037
122 -29.10672852 67.71317296
122 -145.3574685 -33.65419704
122 -223.4101185 34.47489296
122 -145.3580285 -33.65531704
122 -59.53381852 -31.50557704
122 -31.09053852 23.39658296
122 -78.71610852 81.60379296
122 27.11836148 37.94978296
122 171.3151415 123.275673
122 -124.8528285 -48.20740704
122 -202.4088185 63.08296296
122 -268.3892785 54.31864296
122 -154.8197185 -42.38762704
122 26.45520148 -10.34002704
122 -8.601518519 -50.02641704
122 -118.4041785 81.60267296
122 36.37821148 51.17783296
122 310.8828515 145.765253
122 -183.2265185 67.71317296
122 -179.2577685 -66.56287704
122 -85.82677852 -60.11365704
122 83.34119148 10.82775296
122 135.5975315 -1.737717037
122 60.19014148 -77.80766704
122 -147.5077685 85.57254296
122 177.2682715 98.80171296
122 163.3776415 71.02046296
122 -173.9661085 86.23400296
122 -96.24531852 -156.522327
122 -13.26763852 -107.210547
122 140.8886315 21.41220296
122 119.0599415 -55.97953704
122 166.7676215 10.99311296
122 91.94014148 -89.05245704
122 171.3157115 123.276783
122 204.3886315 104.094493
122 196.4505615 73.66629296
122 -276.4921485 92.84858296
122 -100.8749585 -201.831097
122 -36.05203852 -160.159227
122 -120.0572485 -152.883187
122 54.20111148 -109.856377
122 214.3926215 -6.204797037
122 193.8047315 48.53088296
122 104.5078515 -61.93266704
122 145.1875415 -105.588917
122 170.6536915 138.489213
122 328.7416615 125.258923
122 -350.5754785 92.84858296
122 -319.9830285 73.50093296
122 -221.4251685 117.158303
122 -106.1671985 -219.030137
122 71.76566148 -194.555057
122 124.3156915 -142.929297
122 207.7774715 33.48158296
122 320.2259515 -22.07979704
122 222.5787315 -96.32737704
122 91.94071148 -89.05133704
122 223.2396215 -135.023807
122 -384.8059485 82.09989296
122 -397.5390185 92.18713296
122 -286.5793885 117.818643
122 -286.5788185 117.819753
122 -121.0500085 112.029763
122 -84.04367852 159.357163
122 -115.5924085 178.011343
122 -47.46219852 -242.676157
122 131.9589415 -211.090397
122 178.0956615 -167.930247
122 388.6868915 -8.850637037
122 196.4511315 73.66741296
122 365.4172515 -25.85116704
122 325.7656715 -51.34932704
122 217.2870715 -112.533107
122 145.1881115 -105.587797
122 -318.1640185 119.968383
122 -93.92850852 111.371653
123 -295.8093394 -70.33968841
123 -239.5853894 -51.15739841
123 -227.6791394 -33.29801841
123 -119.6960594 25.07567159
123 -75.54314939 39.46351159
123 -122.3418994 -15.93473841
123 -78.55618939 46.10899159
123 -8.65374939 56.16421159
123 -123.3340794 -38.09359841
123 -75.70851939 3.579391585
123 -17.83147939 78.98453159
123 67.41396061 69.39338159
123 -107.7898094 -49.00765841
123 -172.2819994 -74.80453841
123 -156.4064294 50.87367159
123 34.55318061 78.52045159
123 52.86245061 103.7903316
123 85.27334061 70.71630159
123 -106.7976294 -73.15088841
123 -188.8184594 -96.96338841
123 -215.2767894 37.97411159
123 83.04092061 93.20588159
123 83.95042061 31.02880159
123 247.7440406 97.17463159
123 -113.4122094 -81.74984841
123 -240.4122094 -102.9165084
123 -273.1549694 14.82195159
123 38.97182061 13.83200159
123 167.9562006 58.14971159
123 -111.4278294 -96.63265841
123 -250.8301794 -104.0740684
123 -186.1720594 -141.9414384
123 -299.7780894 -22.05322841
123 7.43339061 -32.60454841
123 236.7473006 84.60692159
123 211.6118806 42.93505159
123 -295.8087794 -70.33856841
123 -194.4397194 -157.8153184
123 -181.8731494 -135.3279684
123 -302.4233594 -35.94273841
123 40.53966061 -38.93197841
123 -50.77493939 -23.34412841
123 247.7446106 97.17575159
123 257.2530706 48.88929159
123 -339.4655994 -84.89176841
123 -40.14761939 -82.72968841
123 -191.2058094 -173.7108184
123 -307.7155894 -48.51156841
123 55.50990061 -47.63560841
123 280.8169606 107.7579616
123 318.1066706 106.4350516
123 289.8761006 52.72357159
123 -366.9161194 -83.89958841
123 -230.8938694 -253.7483884
123 -373.1999694 -81.58447841
123 73.96161061 -51.46520841
123 329.3514606 150.0913016
123 432.5389606 124.2944216
123 338.8240206 60.66107159
123 341.1391206 90.42670159
123 -444.5542194 -143.9258084
123 -254.0449194 -319.2327684
123 -324.2520494 -35.28239841
123 -366.9166794 -83.90069841
123 -392.3822594 -78.93864841
123 91.73949061 -50.86627841
123 156.8201906 -2.724858415
123 422.3696106 224.8372116
123 429.6450806 161.0053616
123 453.7056306 133.5548416
123 557.9685706 119.0038716
123 -504.0860394 -184.9373484
123 -427.4395494 -79.60010841
123 145.7144906 -41.34127841
123 409.8013306 228.4741116
123 453.4575806 219.2136916
123 481.9002906 272.4610916
123 457.6743806 156.7058816
123 572.8508106 142.1538016
123 603.6086306 123.6329616
123 409.1398806 17.13817159
123 -573.7791294 -257.6854084
124 -219.7753476 -115.28213
124 -111.9576376 -70.30296
124 -9.431027562 -13.41643
124 -129.0728676 -54.2626
124 -86.07807756 -90.64281
124 35.42898244 17.78569
124 -189.1828976 -44.50609
124 -33.16084756 -96.59481
124 109.0162224 42.0116
124 -232.2603676 -20.52822
124 -232.8391476 -93.45401
124 -132.2974776 20.31683
124 -51.68167756 -115.11565
124 -3.395787562 -82.70531
124 120.9583824 28.41969
124 167.2610324 66.78539
124 93.80268244 78.39181
124 -269.3014676 22.46769
124 -313.5638876 -171.07391
124 -43.66206756 87.12412
124 -188.6041176 -129.66885
124 30.33859244 -91.30427
124 68.04171244 -16.55947
124 136.8333824 21.80511
124 167.2604624 66.78428
124 123.5683024 118.74077
124 47.53650244 83.98219
124 -300.3078976 2.78818
124 -226.2245676 51.7361
124 -344.0462676 -177.95419
124 -53.66548756 91.92193
124 54.18642244 -89.87959
124 202.3183224 64.13956
124 154.4447124 107.62933
124 167.9219224 138.22178
124 83.91671244 145.49782
124 -328.8332876 -60.21572
124 -164.0474776 93.07724
124 -370.8358976 -182.91625
124 -13.89643756 121.51995
124 90.99148244 -83.0867
124 41.58394244 -167.37086
124 251.9271324 83.32073
124 213.5625424 42.31032
124 210.6686624 105.64495
124 251.2656724 117.05511
124 137.4954024 145.49894
124 203.6047624 159.42046
124 -336.3579476 -35.41215
124 -299.1503476 -116.60505
124 -91.36917756 135.57706
124 -513.0488676 -194.82138
124 0.5729624382 135.57594
124 138.8183224 -68.81356
124 -4.635457562 -428.81226
124 109.0521324 -163.40322
124 -98.64578756 -179.93968
124 247.9583824 101.18011
124 291.6146324 99.85719
124 264.4948424 30.40407
124 220.8391524 -11.92815
124 372.3131124 159.38956
124 289.6302524 111.10198
124 83.91728244 145.49894
124 73.99484244 164.01865
124 264.4589324 195.80067
124 209.5937924 198.41448
124 -338.7551676 -26.48135
124 -80.20820756 157.23759
124 -532.8099376 -178.11955
124 -549.4296476 -192.83812
124 -499.0761276 -213.17796
124 38.93754244 143.51344
124 44.22921244 169.97178
124 -4.966187562 -454.60914
124 -147.7949776 -173.04504
124 288.9687924 85.96657
124 261.8490024 -10.60635
124 149.4016524 -35.07919
124 261.8495724 -10.60523
124 409.7676224 122.18141
124 358.1738724 181.0512
125 394.2845081 193.6285394
125 464.3990981 251.8368794
125 359.2277881 159.8952794
125 520.6236181 287.5567394
125 200.5598981 166.0126594
125 339.3840381 126.8223694
125 593.4661481 323.4397394
125 181.2590181 164.8871194
125 355.9199281 126.8212494
125 308.9563881 123.5139594
125 644.3984481 369.7418194
125 262.6537381 123.5128394
125 218.9986181 124.1765294
125 125.0715381 50.09319941
125 200.4772181 127.4827094
125 111.2630281 39.67410941
125 184.0245781 42.32217941
125 90.01424809 22.31194941
125 31.80533809 -14.73083059
125 -34.25724191 12.88616941
125 2.783858088 -48.96130059
125 -52.77807191 11.56324941
125 -1.846351912 45.62723941
125 60.33129809 -21.17893059
125 -21.11075191 -63.67763059
125 -73.40244191 -50.08684059
125 -101.6331219 0.2931094118
125 6.752608088 70.76265941
125 109.2786481 15.86160941
125 91.41927809 -11.91964059
125 17.99739809 -60.20609059
125 -113.2553019 -156.9950406
125 -81.22192191 -84.68117059
125 -99.08072191 -27.79464059
125 -158.4219019 -14.67053059
125 -107.0170919 45.62947941
125 9.398438088 111.1116094
125 115.8932381 -5.966510588
125 56.36198809 -44.99255059
125 125.1542181 26.44606941
125 5.430258088 -66.81956059
125 -257.9128419 -279.9745106
125 -158.8959319 -86.21900059
125 -89.82031191 -106.1774506
125 -171.8394419 -21.50743059
125 -62.03906191 39.34338941
125 -151.3359319 59.51785941
125 184.0234381 42.31994941
125 -67.99218191 -150.8258906
125 -330.6738219 -242.2725006
125 -279.7409619 -295.1880506
125 -173.1640619 -88.97953059
125 -338.5280719 -41.35341059
125 -193.0078119 -46.31547059
125 -354.4036419 -18.86495059
125 -52.77864191 96.22879941
125 -11.53470191 50.53609941
125 -153.3203119 85.97619941
125 214.4510981 57.53460941
125 -84.52864191 -174.6383906
125 -317.7904819 -232.5691906
125 -364.9869719 -220.9404706
125 -305.4557219 -293.0394306
125 -490.6634919 -413.4237306
125 -292.8880219 -100.5550506
125 -424.5182219 -53.26078059
125 -236.0026019 -62.85193059
125 -378.2161419 6.270469412
126 -0.9917599997 -12.5668675
126 6.94517 7.9372225
126 -15.54441 -25.7971575
126 9.591 30.4268025
127 124.7719655 -9.465971466
127 122.1261355 88.42985853
127 180.3344655 6.409028534
127 59.94904547 -39.89305147
127 128.4458955 -48.52403147
127 17.61571547 -45.18472147
127 145.3130855 -41.57871147
127 72.55209547 -75.31421147
127 249.1626155 -156.0098915
127 73.17821547 -38.57014147
127 -63.08220453 -124.5597215
127 278.2662055 -169.2401715
127 52.01154547 43.45069853
127 -48.99030453 134.2038385
127 -92.14988453 -137.4890515
127 353.6365455 -173.5076415
127 292.8182955 -179.1620515
127 35.67636547 150.0788385
127 -194.5105645 87.24141853
127 -254.1250645 -219.6763715
127 427.5904255 -191.5643915
127 414.3606955 -235.8832215
127 89.25449547 171.2455085
127 40.10529547 178.3881985
127 -232.0848045 82.47673853
127 -160.9780345 -30.63264147
127 -316.9636045 -218.3534515
127 -329.5313145 -246.7961615
127 428.9133455 -124.0956415
127 417.0076655 -256.3861915
127 -35.30095453 158.5444485
127 172.3969655 236.5965285
127 35.67750547 191.0914885
127 -228.7775145 116.2111085
127 -278.0202545 79.46815853
127 -240.9785845 -46.20892147
127 -93.50928453 -17.40347147
127 -327.6655345 -177.4763915
127 -376.4948545 -247.4576215
127 457.9447055 -171.7400215
127 430.1634555 -106.2556415
127 416.3456355 -283.5071015
127 168.4282155 304.0652785
127 279.5532155 288.1902785
127 172.3969655 162.5131985
127 37.45946547 259.0861085
127 -124.3959845 149.4184985
127 -225.4702245 140.0236085
127 -279.3431645 97.32753853
127 -394.2715545 69.38091853
127 -299.8842845 -43.86180147
127 -219.8119145 -62.74538147
127 -299.8842845 -22.69514147
127 -310.4317045 -144.7662115
127 -397.6615245 -276.5617915
127 -466.5717845 -283.3097215
127 560.4707455 -241.8546015
127 472.4967855 -122.1306415
127 338.2941255 -84.40702147
127 428.9133455 -71.17897147
127 257.0636355 339.7840285
127 166.6456855 331.3195385
127 80.12352547 251.8100685
127 299.3969655 237.9194485
127 152.5532155 162.5131985
127 269.9979855 169.7572185
127 -233.7384545 171.7736085
127 -242.9988645 138.7006985
127 -384.5150445 121.1400385
127 -497.4584845 128.9132885
127 -392.3859945 43.24677853
127 -423.5405145 -40.25468147
127 -92.15045453 -137.4901715
127 -359.0488945 12.99159853
127 -282.6863645 39.48194853
128 96.56874839 31.55434383
128 86.8116684 56.02718383
128 104.5056784 5.094893827
128 62.8337984 32.21468383
128 122.3656184 28.90851383
128 142.8708284 5.757473827
128 113.4509384 -20.43560617
128 13.22442839 -9.457186173
128 86.8122384 56.02830383
128 181.2729684 21.94445383
128 209.6775584 -99.41552617
128 122.3650484 28.90739383
128 121.6063084 -14.85927617
128 104.3197084 -27.12718617
128 117.7348484 -33.93114617
128 -131.4695816 -133.1498962
128 102.5212984 69.91781383
128 156.8903484 -120.5501762
128 102.5212984 56.02718383
128 -178.4690316 -164.2064262
128 -18.11216161 13.85921383
128 45.63588839 128.7876038
128 190.6617584 132.7585938
128 80.1611784 -156.9303862
128 123.0265084 -77.58739617
128 -229.7788316 -147.5366162
128 -200.9221416 -178.1279462
128 -161.6018416 -168.1751762
128 -68.3829916 -5.323076173
128 -11.8072116 161.9101638
128 258.7913984 164.5074738
128 260.7752084 198.9021838
128 160.7296384 122.8344738
128 41.13513839 -151.6387162
128 99.2140084 -39.88427617
128 -223.4105916 -197.3080062
128 -200.9227116 -178.1290662
128 -233.4168516 -93.29703617
128 -158.2945516 -216.4616362
128 -85.86486161 -184.0501762
128 -116.6688816 -32.44174617
128 55.0616684 227.6756238
128 -62.5517516 209.8665438
128 306.7402384 186.4459838
128 312.3695284 224.0387238
128 125.0108884 114.2355238
128 159.5720884 151.6079138
128 111.9476484 -231.7060762
128 -14.9702316 -85.69026617
128 13.35388839 -147.6699662
128 -202.9892016 -233.5250862
128 -234.7397616 -207.7293262
128 -281.0418516 -140.2605762
128 -235.4012216 -47.65640617
128 -317.9473516 -119.1365162
128 -185.4605516 -72.12924617
128 -112.9846516 -198.6022562
128 -193.0678916 94.55713383
128 94.5843684 276.2939338
128 89.4580684 205.8486138
128 -95.4201016 239.2511438
128 -218.8653316 129.6133038
128 -39.1961416 221.3917738
128 450.6143184 188.3199738
128 277.3116684 185.6730238
128 90.6150484 116.2198938
128 162.8793784 262.0714538
128 104.0095884 195.2641638
128 15.00752839 -254.1647562
128 -60.06799161 -143.0397562
128 -218.8642016 -234.1865362
128 -171.8179716 -304.4664862
128 -277.7345616 -248.7397462
128 -218.8647616 -234.1876562
128 -229.2838116 25.29024383
128 -131.4690116 -133.1487762
128 -154.5610816 76.03478383
128 -212.9122016 105.8008038
128 26.9496884 265.7094738
128 136.2556784 301.4282238
128 49.10853839 167.4829138
129 51.35779351 -48.22611622
129 31.51404351 -58.80944622
129 42.29921351 7.470853784
129 72.85518351 -35.65840622
129 -66.38179649 -93.20527622
129 40.77445351 69.51347378
129 -30.46176649 3.500983784
129 68.75755351 14.08544378
129 161.1598735 16.59680378
129 -200.3271065 -57.48652622
129 -133.5198165 -46.24173622
129 154.0851035 63.03223378
129 -39.92345649 62.89888378
129 146.8096335 80.23127378
129 40.77445351 85.38847378
129 -26.69429649 47.02388378
129 -203.1023965 -36.84796622
129 159.3773435 43.85106378
129 165.1286235 -50.87194622
129 249.7952935 52.31555378
129 -247.9521065 -81.29902622
129 -54.80627649 -36.31986622
129 159.3767735 43.84994378
129 230.1533835 40.54377378
129 -70.35054649 61.57597378
129 -111.3609565 32.47180378
129 142.6390435 103.9093038
129 206.1390435 95.97180378
129 40.77445351 101.2634738
129 -131.2047065 15.27388378
129 -251.8855165 -53.88163622
129 -160.3088765 -4.569866216
129 165.1286235 -124.9552762
129 32.83695351 -109.0802762
129 272.2848735 0.7218037844
129 323.8786235 80.09680378
129 -272.4260665 -93.20527622
129 -241.0067965 -115.6948662
129 -145.7567965 48.34680378
129 -59.76720649 113.1697238
129 142.8408835 117.2729438
129 207.4619535 117.1384738
129 280.5531035 123.0915938
129 50.36560351 173.3624338
129 -291.0757865 -67.27393622
129 -260.5198165 1.383263784
129 262.7296435 -117.7112562
129 145.2848735 -124.9552762
129 28.40916351 -96.37698622
129 28.40802351 -137.3896362
129 -42.56929649 -128.9240262
129 292.1286235 -49.54902622
129 -303.6440565 -73.22817622
129 -131.6643265 -138.0499762
129 -185.4442965 50.99263378
129 -151.3791865 117.7999338
129 24.43927351 205.2457838
129 207.4619535 133.0134738
129 136.3551835 156.1645138
129 284.1911235 134.3363938
129 275.2614335 88.03430378
129 54.33435351 196.5134738
129 34.49060351 182.6228438
129 -443.4130465 15.27388378
129 -342.5406465 4.029093784
129 -254.2359565 43.05513378
129 154.5452935 -220.2052762
129 30.19112351 -28.38236622
129 -56.25864649 -153.2646362
129 81.98615351 -116.2229662
129 44.74320351 -244.0177762
129 -345.3159365 -81.82713622
129 -236.0458565 -171.2573662
129 -232.7385665 -147.4448662
130 -198.6078268 -56.62449253
130 -144.2023068 -16.43978253
130 18.5164432 -18.42415253
130 28.2729532 81.62141747
130 -184.7166268 -14.95150253
130 46.9585832 -24.37839253
130 8.346523201 -160.1416025
130 -8.5212368 85.25831747
130 67.2989932 99.48079747
130 -198.6072568 -56.62337253
130 -165.5343368 17.45995747
130 177.5606932 7.403617467
130 54.8960832 59.62680747
130 87.9690032 -30.99298253
130 7.0230332 -193.2156325
130 62.0067632 137.8442575
130 -44.4880368 66.40675747
130 -60.7764468 93.19581747
130 -238.9567868 -112.1869925
130 -130.4776168 98.81821747
130 350.8627832 39.15361747
130 159.4065032 -42.23777253
130 243.7065232 84.13278747
130 67.2984232 99.47967747
130 157.1740732 -130.0463625
130 -254.9144668 -305.6635525
130 88.4656632 148.4287075
130 -98.4795668 101.7947775
130 -322.5018068 -36.25263253
130 -252.1853768 -153.1962925
130 -114.2713168 162.6500675
130 419.7730332 67.72967747
130 563.8523632 193.9348675
130 230.0171732 -50.00990253
130 177.0178232 -128.0619925
130 238.5340232 -60.59212253
130 -315.8507468 -343.8616525
130 -289.2270468 -237.8629525
130 117.5698332 186.1318375
130 -367.4450668 -23.05548253
130 -309.1540468 -5.361472533
130 -354.2153268 -163.2835325
130 -254.8317868 -186.9317825
130 -118.2406368 186.4614475
130 567.9397032 101.4640475
130 710.6961132 253.4661175
130 467.2794432 163.5077875
130 784.7794432 331.5181975
130 280.8667832 -130.7078225
130 360.9032432 -1.061992533
130 -426.3148568 -393.4721425
130 -334.3721468 -380.2429825
130 -338.1755368 -273.5828225
130 -291.8734468 -221.9890725
130 13.0588432 185.4692575
130 136.7515532 202.0057175
130 -373.4340968 -52.78909253
130 -483.8617268 3.402857467
130 -300.8858168 91.87290747
130 -289.3097268 30.35839747
130 -387.9861768 -166.2291925
130 -306.5908968 -122.2742325
130 -128.1619468 228.1344375
130 744.5490832 185.4692575
130 775.5190332 282.5702875
130 375.9981932 127.7890375
130 1009.711193 451.5408775
130 543.4657432 80.95884747
130 -379.3507468 -402.0699925
130 -379.3513168 -289.6231925
130 -118.2400668 186.4625675
130 241.2625332 249.6318375
130 -399.1950668 -151.3783925
130 -467.3611768 -46.17450253
130 -554.6377768 9.355977467
131 159.3078415 -21.66288258
131 133.7128015 -7.637792581
131 186.2981715 -27.81339258
131 113.2070315 10.88191742
131 145.9492115 7.574627419
131 102.9544215 16.83504742
131 168.4393715 -1.684672581
131 36.06502145 30.06532742
131 175.3841115 -16.56860258
131 152.5638015 26.09546742
131 20.18945145 31.05639742
131 33.41862145 37.34025742
131 153.1425715 99.51733742
131 186.2987415 -27.81227258
131 4.31559145 45.61071742
131 6.63012145 64.46116742
131 197.7083315 118.2035374
131 242.5221315 -91.64412258
131 -117.1458385 66.60978742
131 -2.96101855 23.12001742
131 -32.39648855 97.20223742
131 214.7414515 127.2997074
131 -118.4681885 52.72027742
131 -112.8463585 101.0056174
131 -38.01887855 -20.53735258
131 242.5227015 -91.64300258
131 292.1320815 180.8778274
131 -79.69075855 48.91577742
131 -127.3984385 1.786867419
131 -112.0195385 114.7308774
131 -292.1374785 47.12877742
131 -45.95637855 -118.4331826
131 207.4648415 -91.64412258
131 243.1835915 -125.3784926
131 277.5794215 -87.67537258
131 -10.23762855 28.41056742
131 -140.2968785 -70.31209258
131 -111.1927085 132.7556174
131 -392.5599785 110.1017874
131 -356.9603885 58.37356742
131 -331.7890685 37.50561742
131 -80.02148855 -140.2613126
131 -46.61783855 -134.9696426
131 7.208901451 -89.49326258
131 74.51228145 -157.1273826
131 253.2349215 -148.0014326
131 158.9771115 -217.4545526
131 273.0786715 -134.1108026
131 325.8658815 -77.09203258
131 -2.96158855 23.11889742
131 -105.9010485 153.9222874
131 -146.2500085 221.3910374
131 -245.0553385 195.4287974
131 -390.5761785 71.73608742
131 -446.8001385 77.02775742
131 -388.0489385 46.79804742
131 -386.0645585 31.58450742
131 -90.72341855 -149.3243426
131 -44.42132855 -167.8451826
131 10.92960145 -140.2601926
131 -67.45377855 -132.3238126
131 63.43286145 -48.48284258
132 38.41285093 -123.5776511
132 35.10556093 -192.3693111
132 31.46754093 -82.56723107
132 21.79428093 -83.39294107
132 26.83733093 -41.88754107
132 83.39258093 -84.55049107
132 20.22275093 -44.20265107
132 25.10100093 -111.8367611
132 7.903080934 -88.02426107
132 21.79428093 -1.372101067
132 196.5013909 -73.30681107
132 131.0170209 -10.46827107
132 70.16285093 -101.0880611
132 8.565110934 48.23726893
132 26.83790093 -41.88642107
132 17.16350093 -110.5138411
132 -1.357329066 -27.83155107
132 -50.22256907 -90.50473107
132 35.02288093 15.16323893
132 51.64202093 -144.0828611
132 -13.92503907 34.34552893
132 38.99163093 74.03302893
132 110.1810809 -24.68963107
132 -4.700529066 -137.2708911
132 -9.294829066 -5.341971067
132 -41.70628907 -129.6961411
132 -235.5130191 -93.97627107
132 -72.13280907 -2.033561067
132 52.88282093 60.80497893
132 -31.12295907 24.42365893
132 151.0729109 156.0858789
132 -29.83594907 -165.0521411
132 -361.7794591 -174.6050911
132 -117.1119691 -21.21585107
132 -89.91006907 26.57339893
132 86.03785093 43.77130893
132 149.7499909 228.1848389
132 197.5403509 184.4458989
132 0.5911409338 -207.3854811
132 -339.3619691 -90.00752107
132 -422.0442691 -200.4710611
132 -179.2069391 -17.74431107
132 -144.2682391 27.43222893
132 -96.60675907 41.62268893
132 118.3666309 36.99135893
132 147.7656109 302.9296289
132 286.3776109 232.7841489
132 373.6536409 177.2525489
132 18.48642093 -209.0711411
132 -32.44586907 -202.4565511
132 -1.356759066 -160.1221011
132 -328.3657991 -17.41358107
132 -218.3150991 -21.87731107
132 -438.4980391 -213.5348611
132 -212.3619691 23.10185893
132 -113.1437891 72.71010893
132 215.6010009 16.48615893
132 137.5489209 7.225738933
132 216.5572809 329.3879589
132 102.1249909 270.5181689
132 160.9947809 338.6483789
132 411.1446209 298.1020389
132 467.5807209 170.6379589
132 94.55469093 -212.3773111
132 -97.93024907 -177.9825911
132 -386.9875391 -289.7690511
132 -469.9511891 -232.1432411
132 -233.5651091 7.588478933
132 -168.7062891 46.91323893
132 -152.1698291 68.07990893
132 -123.0656691 89.24656893
132 175.9135009 -7.326341067
132 243.0156109 330.0494189
132 244.3385309 322.7733789
132 166.9479109 360.4764989
133 9.272383334 80.90773
133 13.90259333 37.91294
133 -23.17497667 -118.82067
134 13.29609153 -51.15231833
134 11.31171153 -36.26950833
134 17.92629153 -27.67054833
134 16.93411153 -3.527318333
134 1.389841529 7.386741667
134 -47.55807847 -29.32419833
134 2.382021529 29.54560167
134 -64.09453847 -51.48304833
134 5.027861529 70.55601167
134 -115.6882885 -57.43616833
134 46.16773153 91.58933167
134 -102.9552185 12.18232167
134 49.18077153 84.94385167
134 -61.44813847 -96.46109833
134 -126.1062585 -58.59372833
134 106.8924415 124.4648717
134 49.01540153 49.05973167
134 -114.8614685 -5.677058333
134 116.0701715 101.6445517
134 -57.14922847 -89.84762833
134 -69.71579847 -112.3349783
134 -171.0848585 -24.85822833
134 177.5863715 149.2706717
134 -31.68250847 96.35401167
134 159.2771015 124.0007917
134 -171.0854185 -24.85934833
134 192.1378815 114.8737217
134 -66.48188847 -128.2304783
134 84.57630153 -37.24934833
134 -214.7416785 -39.41142833
134 -90.55286847 83.45445167
134 207.7648415 138.6862217
134 209.9972615 116.1966417
134 -106.1699485 -208.2680483
134 -242.1921985 -38.41924833
134 -148.4310485 60.30229167
134 372.4679615 142.6549717
134 208.6743415 76.50914167
134 -129.3209985 -273.7524283
134 -319.8302985 -98.44546833
134 -175.0541685 23.42711167
134 163.6957415 59.31234167
134 292.6801215 103.6300517
134 -379.3621185 -139.4570083
134 -177.6994385 9.537601667
134 132.1573115 12.87579167
134 361.4712215 130.0872617
134 336.3358015 88.41539167
134 -449.0552085 -212.2050683
134 -182.9916685 -3.031228333
134 73.94898153 22.13621167
134 165.2635815 6.548361667
134 372.4685315 142.6560917
134 381.9769915 94.36963167
134 -437.8104185 -163.2571583
134 -482.7895785 -242.6321583
134 -248.4760485 -36.10413833
134 180.2338215 -2.155268333
134 405.5408815 153.2383017
134 442.8305915 151.9153917
134 414.6000215 98.20391167
134 -413.9973485 -144.0737483
134 -480.1437485 -294.2259083
134 -341.0796485 -207.4207283
134 -515.8624985 -236.0175683
134 -199.5281285 10.19794167
134 -267.6583385 -33.45830833
134 -242.1927585 -38.42035833
134 198.6855315 -5.984868333
134 454.0753815 195.5716417
134 557.2628815 169.7747617
134 463.5479415 106.1414117
135 -94.62140456 -62.33603747
135 -117.0745146 -76.25755747
135 -145.9312046 -45.66622747
135 -77.75421456 -66.30478747
135 -47.62195456 -31.27950747
135 -139.5629646 -95.43761747
135 -117.0750846 -76.25867747
135 -149.5692246 8.573352531
135 -74.44692456 -114.5912475
135 -2.017234557 -82.17978747
135 97.07205544 92.41320253
135 -150.8921346 -105.8589375
135 -197.1942246 -38.39018747
135 -119.1415746 -131.6546975
135 -234.0997246 -17.26612747
135 -151.5535946 54.21398253
135 -101.6129246 29.74114253
135 -29.13702456 -96.73186747
135 97.20151544 -45.79957747
135 188.3533054 106.9652825
135 146.6814254 134.0850725
135 -193.8869346 -146.8693575
135 -135.0171346 -132.3172675
135 -135.0165746 -132.3161475
135 -87.97034456 -202.5960975
135 -145.4361846 127.1606325
135 -32.82125456 69.42864253
135 -47.62138456 -31.27838747
135 124.9827654 -49.76832747
135 23.77963544 -41.16936747
135 197.2985654 81.43478253
135 180.4163754 133.4247325
135 226.7184554 107.6278625
135 170.6598654 157.8986925
135 -290.3765946 -230.3773475
135 -193.8874946 -146.8704675
135 98.85515544 -152.2943675
135 -138.2417446 -217.1492975
135 -129.0640146 207.6723125
135 -109.2202646 196.4275225
135 15.46463544 96.54731253
135 164.0088054 -55.05999747
135 195.7952754 -129.8356875
135 68.87739544 16.18012253
135 205.4539354 87.01111253
135 188.1673354 74.74320253
135 201.5824754 67.93924253
135 170.6592954 157.8975725
135 206.2132454 130.7789025
135 206.2126754 130.7777825
135 293.5251854 2.454862531
135 186.3689254 171.7882025
135 -266.2339346 -231.3706575
135 -327.0881046 -217.4800275
135 -307.9890546 -244.7663075
135 149.1624654 -242.2835975
135 -157.3413546 -233.1896675
135 -135.0177046 231.4836925
135 -70.71345456 177.9051725
135 -129.0645746 207.6711925
135 65.73546544 115.7296025
135 240.7379754 -18.67978747
135 265.1205954 123.8148425
135 186.3689254 157.8975725
135 129.4835154 230.6579925
135 274.5093854 234.6289825
135 -225.2235146 -253.1987775
135 -368.7599746 -141.4123175
135 -326.0953446 -260.1429775
135 161.0681454 -266.0972175
135 190.1723154 -247.5763875
135 -78.62781456 -277.5073775
135 -184.6270846 207.0097425
135 21.29587544 311.7369325
135 -39.48604456 166.7525325
135 206.8741354 24.28299253
135 72.04041544 263.7805525
135 244.5772654 224.7048625
135 342.6390254 266.3778625
136 -11.41663783 -18.18318261
136 38.93745217 -34.88389261
136 -31.25981783 -18.18207261
136 204.2193522 -112.1091526
136 17.77021217 20.01602739
136 -118.9857278 -31.90733261
136 -47.05269783 -12.39542261
136 250.5208622 -139.8915226
136 146.0110122 -143.8591526
136 338.6852322 -50.91531261
136 -70.20374783 -3.796472609
136 -44.40686783 105.3441574
136 48.85932217 31.26193739
136 -160.6581678 -34.22355261
136 -12.65686783 -4.457922609
136 585.0615022 -225.0419326
136 38.03546217 -238.9325526
136 90.67826217 -155.0531526
136 425.1464322 -4.952902609
136 -138.4166378 25.47306739
136 -183.9745778 -11.07251261
136 -114.8521778 168.8441574
136 162.6295922 76.90144739
136 654.0185322 -201.5601626
136 36.58793217 -155.6107826
136 468.2227722 19.02272739
136 -192.7383578 33.84479739
136 -184.6360378 93.43790739
136 -240.5292678 -34.22355261
136 -128.7428078 194.6410274
136 807.5514622 -88.13240261
136 -42.59585783 -152.2649826
136 -120.6399378 -85.48657261
136 484.0983422 26.29988739
136 -194.5579078 47.79727739
136 -315.2734878 -16.36306261
136 -213.0787478 139.0785274
136 -114.8516178 168.8452774
136 -297.4146778 -34.88501261
136 -86.82288783 -154.4436026
136 -151.0675878 -60.02154261
136 494.7284522 33.35989739
136 590.5931322 0.5030073915
136 -341.7323878 -34.88501261
136 -385.3880778 -21.65472261
136 -227.6308278 166.1983274
136 -310.7259678 55.90126739
136 -160.4933678 171.4888674
136 -249.4322378 121.9163074
136 15.81612217 114.1438474
136 6.195262173 179.4286074
136 -318.5813478 -36.20792261
136 -291.2961878 -41.16886261
136 -209.4412878 -154.6100826
136 -176.8638978 -33.23136261
136 -160.6576078 -34.22243261
136 590.5115822 88.97529739
136 529.1242822 27.40676739
136 432.7167322 46.01028739
136 714.2858422 -4.127202609
136 -383.7349978 -62.00480261
136 -398.9490978 -38.85488261
136 -407.5469278 -25.62347261
136 -379.7662478 -15.70272261
136 -235.5683278 177.4431174
136 -128.7433678 194.6399174
136 -283.9374678 118.0772274
136 30.31456217 106.3369974
136 66.00303217 -27.49476261
137 173.1790345 -15.04290394
137 91.81965451 93.43626606
137 62.71605451 96.74467606
137 -82.80477549 10.09363606
137 150.0279945 153.6289761
137 -170.7793055 16.70709606
137 -3.430345494 24.64459606
137 -192.6068655 14.06238606
137 48.82486451 3.477936056
137 -184.3391955 -0.8215439436
137 -98.22015549 48.81984606
137 -222.5743255 92.47609606
137 101.7415345 2.155016056
137 -165.8183655 -12.72779394
137 -45.96494549 122.2417161
137 -231.1732855 101.7365061
137 149.3665345 -16.36581394
137 -143.3287855 -60.35279394
137 -67.79307549 175.8198461
137 -33.39724549 142.7469261
137 -242.5469655 112.9504061
137 173.1807345 -15.03954394
137 -168.0040155 -75.53432394
137 -147.3802155 174.2995461
137 -274.2969655 148.6691561
137 110.4699445 -52.05255394
137 238.6634045 59.04043606
137 331.7277645 26.33025606
137 188.1913045 -49.07599394
137 -181.8946355 -82.81036394
137 -146.7187555 149.1641361
137 -138.1203655 256.3192661
137 39.73038451 -206.5339739
137 86.03189451 -60.35279394
137 243.2941845 75.57800606
137 182.2381745 -70.90411394
137 -185.2019255 -97.36244394
137 -134.0677955 128.8254061
137 -91.81771549 358.8464261
137 15.91731451 -201.2434239
137 129.6881445 -225.0559239
137 56.92772451 -104.6705039
137 249.2473045 95.42175606
137 169.0090045 -106.6228639
137 237.8006745 -80.16453394
137 -210.3014355 -112.6080039
137 -173.2956755 -90.74786394
137 -191.1550555 -114.5603639
137 -132.1666755 105.5078861
137 -208.1511355 119.5649861
137 -32.94792549 382.6589261
137 39.06835451 -142.3736339
137 -3.265545494 -199.2601639
137 13.27147451 -207.8580039
137 40.39127451 -111.2850839
137 269.7525145 117.2498861
137 170.9933845 -181.3676539
137 123.3683845 -139.0343239
137 264.2590045 -79.50307394
137 265.5819245 -86.77911394
137 -249.9889355 -113.9309239
137 -253.3321355 -160.8624439
137 -242.5475355 112.9492861
137 -1.197925494 409.1172561
137 40.39183451 -111.2839739
137 -159.6171955 -175.6119139
137 -35.01497549 -227.0402939
137 9.302724506 -149.6496739
137 294.2259045 139.0768961
137 312.5454645 119.5958861
137 172.3163045 -253.4666139
138 161.4196514 39.25185702
138 72.78367143 7.500737024
138 235.5024214 59.09448702
138 -74.06007857 -3.744052976
138 276.3201114 63.42403702
138 -107.2151186 8.990137024
138 393.5909614 80.92261702
138 -45.70005857 63.22860702
138 -138.2215386 -16.97322298
138 12.83957143 50.33128702
138 410.1279814 55.78831702
138 488.7588414 91.01097702
138 -26.51776857 79.10360702
138 -155.4200186 -32.84933298
138 -89.27362857 -13.66592298
138 -174.2710186 -18.95759298
138 51.78236143 48.84188702
138 200.0328514 119.124067
138 3.495911428 56.77938702
138 161.4190814 39.25073702
138 439.8930414 66.37052702
138 -6.012558572 91.00985702
138 -187.1700186 -56.00038298
138 -25.21955857 -28.16707298
138 -262.2449786 -50.04613298
138 200.0317114 119.121837
138 233.7660914 129.043707
138 -45.69892857 63.23083702
138 505.9567614 67.85992702
138 27.72182143 110.853607
138 -141.5282686 -58.64397298
138 -239.7553986 -88.41072298
138 10.60658143 -22.26488298
138 -254.3074786 -61.29092298
138 -453.0422286 -100.968433
138 -272.8283086 -20.94197298
138 300.2432214 135.990137
138 241.7035914 139.627047
138 -66.70135857 66.37052702
138 613.1951314 67.03198702
138 488.7582814 91.00985702
138 116.3572314 221.978607
138 -211.3126886 -134.051343
138 -20.48138857 -48.06064298
138 -10.86052857 -113.345403
138 -337.4026186 -171.587983
138 -276.1088886 -105.572943
138 48.66715143 -22.89065298
138 -488.4637286 -35.49405298
138 -504.9734686 -114.171903
138 -304.5783086 16.09969702
138 344.9732114 161.619417
138 251.2266514 144.280717
138 -95.80552857 59.09448702
138 769.2998614 104.074777
138 442.4567614 149.880767
138 -165.0932886 -202.016183
138 -341.9501386 -243.852313
138 17.88262143 -47.40030298
138 3.637911428 -121.152253
138 39.32638143 -254.984013
138 -406.4428986 -243.191973
138 -310.6141186 -109.412023
138 68.51090143 -19.58336298
138 -549.2911786 -30.82815298
138 -454.7293586 -21.60342298
138 -452.1661986 -119.995353
138 -561.9682886 -110.734933
138 -316.0711486 13.45386702
138 -195.6857386 35.94344702
138 387.5551514 176.999437
138 336.3748114 176.834077
138 358.8644014 137.808027
138 249.5537614 174.392867
138 -159.6922186 47.88538702
138 409.4659614 145.084077
138 490.8253314 157.651777
138 429.2270314 162.447357
138 -96.88039857 -231.285723
138 -219.4150086 -193.644453
138 -412.0647286 -249.143973
138 -368.4090386 -262.374263
138 -324.0913286 -262.374263
138 55.58575143 -54.01488298
139 -19.3348552 38.80319808
139 -14.7040752 22.92931808
139 -19.9957452 56.66369808
139 2.788084796 46.44198808
139 -74.4839452 11.51804808
139 3.898864795 -9.317891918
139 5.552514796 20.77845808
139 -46.8212852 25.27531808
139 -19.3707652 81.49927808
139 -118.3876752 16.14936808
139 105.7634548 115.0362781
139 -89.0365952 -10.31119192
139 13.9034248 -32.79966192
139 29.0342848 -11.96372192
139 -30.6155552 167.4888581
139 -101.6037352 2.919088082
139 -140.0869152 27.25969808
139 36.9717848 25.07793808
139 161.5380848 130.4471981
139 -116.1558252 -23.53924192
139 -34.3830352 -44.04445192
139 -34.3824652 -44.04333192
139 108.4919648 -30.15383192
139 252.6072048 22.43210808
139 79.1865248 197.9159481
139 -10.7718052 242.8951081
139 -116.1552552 -23.53813192
139 -146.5002252 82.62481808
139 -148.8153252 -40.07570192
139 232.6448648 65.62427808
139 129.1266348 167.4888581
139 289.6488648 166.6300281
139 -66.1330352 -57.93508192
139 290.1917348 -46.16218192
139 293.6176148 19.78627808
139 317.3115248 293.1659481
139 -122.3564252 -72.48604192
139 -157.0835552 130.2498181
139 -160.0595452 -50.65792192
139 -112.4351152 -77.77883192
139 -11.4332652 -75.92780192
139 315.1150148 -103.5757019
139 358.5237848 -16.26208192
139 -126.0776952 -98.28404192
139 -173.6200152 168.6143981
139 -172.6272552 -137.3089619
139 -122.3569952 -72.48716192
139 -83.3309552 -94.31529192
139 38.6254348 -104.8986219
139 306.9294648 -21.55487192
139 433.9294648 -1.049661918
139 -167.0881152 -149.8777919
139 -168.5296152 195.2701081
139 -192.8017352 -172.2008919
139 -160.0601152 -50.65904192
139 -13.8772552 -125.4027119
139 58.4691848 -114.8204919
139 -83.3303852 -94.31417192
139 83.3565548 -105.5600819
139 497.4294648 2.919088082
139 -167.2067052 -245.2611419
139 -157.0835552 230.7914881
139 -122.4396752 205.6560681
139 -168.9898052 248.6508581
139 -234.3447252 165.8352181
139 -209.3387652 -328.8022619
139 -255.0620752 -179.6434119
139 -153.4455352 -134.6642419
139 80.2973048 -128.0496619
139 171.3305048 -90.34654192
139 609.0505648 -29.32700192
139 -160.4729652 -304.6579219
139 -302.1442052 159.2206381
140 79.04615859 16.47148346
140 88.96860859 -4.694066538
140 94.26026859 -18.58469654
140 37.37428859 -33.13789654
140 115.3904586 18.81860346
140 106.1659586 -37.76810654
140 -35.38556141 -93.32948654
140 106.8274086 -53.64310654
140 -65.15175141 -109.8670665
140 -219.1883014 -99.11724654
140 154.4529786 -116.4805265
140 -163.0470214 -113.1732365
140 -188.7617814 -145.4204465
140 -257.5528814 -105.7318265
140 283.4367886 -42.39831654
140 166.3592286 -138.3086565
140 -204.6367814 -146.0819065
140 -197.4793314 -120.7491065
140 -307.8231414 -105.0692565
140 -268.1362114 -134.1745365
140 297.3274086 -25.20039654
140 -265.4909514 -209.5819065
140 -382.5690714 -103.0871165
140 -274.7508014 -143.4349565
140 457.4003286 66.08085346
140 -425.6465514 -109.8670665
140 -343.5430314 -183.1235765
140 487.7914986 128.6206835
140 -385.2975914 -87.37747654
140 -490.4683314 -120.4481565
140 516.2706886 162.6548935
140 -292.0319614 -54.30456654
140 -545.3699414 -139.6315665
140 540.0826186 194.4037735
140 374.5607586 127.4434635
140 -267.5574414 -46.36594654
140 -581.6680314 -151.3735765
140 -573.1517514 -139.6326865
140 556.6196486 199.0350935
140 341.4878386 134.0580535
140 408.2951286 157.8705535
140 377.2065886 75.84971346
140 -221.1732414 -25.69648654
140 -643.1836614 -163.2798265
140 -594.3184214 -130.3722665
140 592.9633786 243.0529735
140 315.0295086 127.4434635
140 419.5399186 206.8184635
140 477.9882186 230.6186135
140 358.0242986 37.48513346
140 -104.1772314 28.37884346
140 -218.5274014 -54.80065654
140 -741.0794914 -196.3527365
140 -641.2819614 -134.3410165
140 667.1751786 299.3909035
140 236.3159586 121.4903435
140 443.3529886 226.0018735
140 537.5200386 271.6301535
140 44.73357859 77.16140346
140 -219.1888614 -99.11836654
140 -307.8242814 -105.0714865
140 698.2637186 308.6513235
140 455.2586686 237.9070035
140 199.5148286 136.6926535
140 615.1581386 331.6563735
140 113.5246786 120.8165335
140 -481.1263614 -195.0298265
140 537.5194686 271.6290335
140 642.6086586 330.6641935
140 -507.7032914 -209.3845265
140 -508.9070514 -194.3672465
140 -423.5794914 -200.3214865
140 686.2654786 345.2173935
140 -556.5326114 -222.8110765
140 -457.3138614 -173.2016965
140 -536.6888614 -177.8319065
140 731.2440786 311.4818935
140 -464.0111314 -132.3566465
141 0.3823025003 -130.1342681
141 22.2463325 -103.3772181
141 12.9859125 -80.88763809
141 -45.1397375 -83.36810809
141 26.8771125 -76.25631809
141 3.7255025 -20.69492809
141 -67.0499775 5.103061905
141 -36.6234575 -122.5595181
141 -230.4301875 -86.83964809
141 36.5503725 -75.43060809
141 30.1838325 -104.7001381
141 25.3055825 -37.06602809
141 -4.2119975 1.794651905
141 -26.0401275 31.56028191
141 -112.0291375 -14.07922809
141 -84.8272375 33.71002191
141 -24.7531175 -157.9155181
141 -356.6966275 -167.4684681
141 88.4754125 -77.41386809
141 31.9201625 -34.75091809
141 43.4956825 -116.4410281
141 13.6479425 55.37389191
141 31.9207325 -34.74979809
141 -8.842207499 41.48215191
141 -174.1241075 -10.60768809
141 -139.1854075 34.56885191
141 -91.5239275 48.75931191
141 5.6739725 -200.2488581
141 -416.9614375 -193.3344381
141 -334.2791375 -82.87089809
141 75.2456825 -93.95143809
141 136.0998525 -3.331648095
141 201.5842225 -66.17018809
141 26.8771125 5.764521905
141 40.1883925 -185.2326881
141 44.0744625 81.16965191
141 115.2639125 -17.55300809
141 -213.2322675 -14.74068809
141 -207.2791375 30.23848191
141 -108.0609575 79.84673191
141 -27.3630375 -195.3199281
141 23.5692525 -201.9345181
141 3.7260725 -152.9854781
141 -433.4152075 -206.3982381
141 -323.2829675 -10.27695809
141 56.7248525 -136.9462381
141 40.1057125 22.29986191
141 156.1557425 163.2225019
141 57.9656525 67.94160191
141 -163.6234575 54.04986191
141 -228.4822775 14.72510191
141 -147.0869975 75.21653191
141 -117.9828375 96.38319191
141 -92.8474175 -170.8459681
141 99.6375225 -205.2406881
141 -464.8683575 -225.0066181
141 -381.9047075 -282.6324281
141 202.6231825 191.5825219
141 154.8328225 235.3214619
141 91.1206825 50.90793191
141 -171.5609575 65.29465191
141 104.9286225 -191.3511781
141 -467.2523175 -172.9696881
141 -466.1111875 -264.8237281
141 -316.4203375 -293.8772181
141 378.7364725 184.3891719
141 291.4604425 239.9207719
141 152.8484425 310.0662519
141 123.4494625 44.12798191
141 -472.0643175 -299.2195581
141 472.6635525 177.7745819
141 416.2274525 305.2386619
141 221.6401125 336.5245819
141 166.0776125 345.7850019
141 107.2078225 277.6547919
141 220.6838325 23.62278191
141 142.6317525 14.36236191
141 478.6525825 207.5081919
141 446.9025825 79.18528191
141 481.7129625 335.0065219
141 248.0984425 337.1860419
141 249.4213625 329.9100019
141 172.0307425 367.6131219
141 180.9963325 -0.1897180947
142 29.05284816 46.76564474
142 37.78125816 57.21562474
142 43.60549816 24.27717474
142 16.48513816 79.83856474
142 55.51117816 13.03126474
142 -4.019501841 90.42301474
142 72.70909816 28.24481474
142 54.84971816 28.90626474
142 54.84971816 -5.489565264
142 118.9383682 -2.532375264
142 86.93044816 -39.88539526
142 -9.311731841 109.6041847
142 78.33149816 44.45054474
142 220.1420682 4.083324736
142 -32.21473184 -48.48435526
142 103.1367482 62.64176474
142 270.4128982 -14.43751526
142 -53.38140184 -57.74477526
142 228.1518082 119.8567947
142 167.2253982 -37.58855526
142 349.1258682 -44.86571526
142 -167.8136918 -75.60414526
142 255.2721682 139.0401947
142 295.5483182 144.9739447
142 204.2664982 -57.43341526
142 144.7358182 -53.46355526
142 -228.6672918 -133.1499053
142 212.8654582 154.2332447
142 343.2455582 205.1849147
142 328.6200882 172.0915047
142 109.6785182 -71.98438526
142 -274.3084818 -139.1041453
142 -196.0442618 -129.3156253
142 384.4219082 207.0050447
142 391.4597782 151.5885347
142 -317.9641618 -123.8894853
142 -147.0963418 -121.3781253
142 -144.7812418 -91.61249526
142 447.6831582 175.3999147
142 -249.1730618 -97.43227526
142 -401.9699418 -151.0103953
142 72.04820816 -63.03532526
142 551.7702982 133.5820547
142 384.4213382 207.0039247
142 -238.1757518 -84.86344526
142 -400.6470218 -111.3228953
142 -446.9485418 -168.2071953
142 117.6882682 -58.40623526
142 -76.78048184 -164.9010253
142 317.6140482 241.3997547
142 -205.1034018 -74.28123526
142 -238.1763218 -84.86456526
142 -418.5064018 -112.6458153
142 -478.4869718 -214.6437453
142 -386.2135318 -259.6229153
142 -143.8850318 -166.2304753
142 271.9734182 265.8737147
142 552.4317582 161.3633047
142 365.2396182 267.1977547
142 -156.5689018 -31.94789526
142 -494.5741118 -125.8749853
142 -445.3807018 -220.9711753
142 -536.6953018 -205.3833253
142 -188.8642018 -173.1096453
142 258.7442582 275.1341347
142 388.8133682 287.1863747
142 -56.27528184 -21.03383526
142 -63.55075184 42.79801474
142 -561.4635118 -142.5756853
142 -430.4104618 -229.6748053
142 -242.8392018 -188.4554753
142 191.3581882 309.3646047
142 -28.24598184 -25.33331526
142 -4.020071841 90.42189474
142 -32.46278184 37.17449474
142 -76.11903184 46.43491474
143 -46.37089632 -9.676805789
143 -49.67818632 -33.48930579
143 -63.89953632 -10.99971579
143 54.70334368 -0.281915789
143 -100.2438363 -52.37287579
143 -52.98547632 -67.22367579
143 -171.6813363 17.74170421
143 214.7768337 41.39107421
143 -54.63912632 22.07319421
143 -215.1722263 -80.31949579
143 -98.92092632 -70.23225579
143 -15.41123632 -62.45899579
143 -158.9476963 55.94204421
143 -205.4157163 -28.56037579
143 -219.8018663 41.38995421
143 219.2046237 28.68778421
143 216.5587937 109.3856942
143 -61.58443632 56.46903421
143 -86.05839632 44.56278421
143 -318.3591563 -20.78712579
143 -213.2866663 -106.4536358
143 18.12129368 -180.3330558
143 130.1090237 -15.49657579
143 -254.0688163 30.67215421
143 -246.7927663 49.19299421
143 -158.9482663 55.94092421
143 143.7983737 8.844034211
143 351.4962937 86.89611421
143 214.7756937 0.3784242112
143 -13.95943632 80.28153421
143 -65.51784632 83.88642421
143 -117.2763863 64.53988421
143 -250.6590663 -100.8312358
143 -106.1969663 -113.2270458
143 85.59004368 -167.1038858
143 -61.87925632 -195.9093358
143 116.0171237 -274.2601358
143 -287.8031863 24.71903421
143 -260.6833963 106.0784042
143 -277.8813163 67.71382421
143 347.5275437 154.3648642
143 351.4962937 12.81278421
143 458.6525437 138.4898642
143 231.1108737 -106.2497158
143 268.3538237 21.54509421
143 119.9858737 44.56278421
143 52.84785368 91.52632421
143 -74.15214632 139.1513242
143 -104.7081163 70.49412421
143 -16.73472632 100.9200942
143 -276.8526463 -65.60092579
143 -209.6486463 -161.0239458
143 -179.9495663 -136.7088158
143 -40.71258632 -212.4457958
143 -120.7849563 -193.5622158
143 -120.7849563 -172.3955558
143 251.6514237 -225.0146258
143 86.94944368 -287.1894658
143 -312.2771463 9.505494211
143 -257.0453763 153.0419442
143 -283.1729763 163.6252842
143 436.1629637 190.0836142
143 345.7450137 181.6191242
143 259.2228537 102.1096542
143 449.0973137 20.05680421
143 331.6525437 12.81278421
143 478.4962937 88.21903421
143 252.2775437 -188.2705558
143 217.8817137 78.95861421
143 131.5613937 101.4481942
143 -156.1729763 141.7971542
143 -67.86828632 180.8231942
143 26.05879368 133.1981942
143 155.9059037 141.2690442
143 -318.3597263 -20.78824579
143 -244.4411863 -189.9550958
144 -47.85782132 -30.25955987
144 30.85571868 -74.57726987
144 -28.75821132 -14.21918987
144 -115.7399813 -50.26866987
144 50.03857868 -94.41989987
144 21.51318868 0.3340101314
144 -152.2034413 -68.95598987
144 -156.7504013 -28.44054987
144 69.13818868 -120.0514099
144 -9.658041316 71.27541013
144 208.3386887 50.63574013
144 -161.6286613 -71.93142987
144 -180.8930613 -27.44723987
144 102.8719987 -91.60981987
144 35.40380868 -141.8795299
144 -30.07943132 107.4924901
144 -25.53304132 70.61396013
144 35.03660868 88.33886013
144 305.2788087 73.09442013
144 258.6459987 -39.35348987
144 -109.2075213 -141.0527099
144 -279.4509213 -108.1462799
144 -261.3435013 -121.8715399
144 -198.5055213 -41.83619987
144 -217.6045713 -14.54991987
144 -84.40340132 56.06075013
144 192.8303287 -72.42752987
144 61.94425868 -183.7178899
144 -5.607171316 -151.8025299
144 -87.71069132 164.5399201
144 -36.44767132 157.2638801
144 -7.590981316 126.6725501
144 -41.40860132 97.07117013
144 -84.40396132 56.05964013
144 31.72931868 136.6253201
144 80.34650868 106.1982401
144 234.4662987 153.1617801
144 270.5516787 -63.16710987
144 299.6558487 -44.64627987
144 -84.07267132 -142.3767499
144 -193.2132913 -153.6215399
144 -288.7107713 -117.4055799
144 -216.6118113 -57.21286987
144 -314.5082113 -136.5889899
144 -259.2764413 61.51779013
144 273.5282487 -69.78168987
144 71.78344868 -193.4743999
144 -106.8097313 -188.8430799
144 -40.08569132 211.5034601
144 14.86212868 140.5940701
144 -7.591551316 126.6714301
144 -25.53360132 70.61284013
144 107.4662987 120.7503201
144 206.6850487 157.1305301
144 273.4923387 147.8701101
144 178.3609287 219.1102301
144 296.3485587 -59.19835987
144 273.5288087 -69.78057987
144 325.4527287 -43.98481987
144 -322.1976713 -143.6996599
144 -314.5076513 -136.5878699
144 -316.1618613 -42.33116987
144 -206.9379913 88.80406013
144 -271.1826913 90.62195013
144 283.1193887 -69.12023987
144 -162.0415013 -265.9029699
144 -84.89949132 -167.8428899
144 -129.9613413 -200.7504399
144 -124.6161913 185.6639801
144 -42.07006132 257.1440901
144 7.870608684 232.6712501
144 61.86157868 171.6506001
144 133.2631687 161.7607401
144 350.2215087 184.2503201
144 325.4532887 -43.98369987
144 361.8329287 -44.64627987
145 108.4260894 71.86505765
145 96.51983938 65.25047765
145 71.42032938 50.00491765
145 99.82712938 79.80255765
145 90.56670938 48.05255765
145 31.73282938 48.68199765
145 113.7177494 87.07859765
145 28.38962938 1.750477654
145 138.3929794 102.2601277
145 -32.46454062 -34.62973235
145 115.9033994 149.8851277
145 -68.14738062 -55.82841235
145 -26.47551062 4.364287654
145 97.38256938 161.7913777
145 -112.5010006 -75.30942235
145 15.19636938 -76.99508235
145 -98.57390062 -48.55125235
145 -19.89683062 49.37547765
145 -117.0953006 -8.203412346
145 89.11489938 176.6753077
145 -152.1525906 -48.55237235
145 -142.2666206 -115.6583823
145 -81.62459062 -86.42086235
145 53.56094938 -82.94821235
145 -25.40064062 -88.40524235
145 136.2438094 -34.66063235
145 -162.0744606 -30.03154235
145 -152.1520206 -48.55125235
145 -45.69370062 36.47703765
145 -4.647380617 57.94241765
145 -151.4917006 -8.204532346
145 110.9424594 179.3200177
145 183.5016094 211.4327677
145 59.14743938 255.0890177
145 -68.80884062 -127.2659123
145 -127.0530806 -152.0385923
145 -188.5328006 -110.0680023
145 62.82136938 -72.36487235
145 55.54532938 -94.19300235
145 107.8005394 -102.1305023
145 11.88907938 -92.87008235
145 122.1045694 -12.99899235
145 173.6983194 -71.86878235
145 -197.1317606 -50.53675235
145 -191.8400906 -24.07841235
145 -62.85571062 36.11428765
145 19.16511938 53.97366765
145 -29.12191062 61.91004765
145 -180.5953006 -0.9273723462
145 198.9169894 172.7065577
145 235.7568194 284.8546377
145 50.54847938 264.3494277
145 -33.75098062 -129.9106323
145 -200.6403206 -176.2645023
145 -115.1109206 -165.6305023
145 -68.80827062 -127.2648023
145 -279.7313706 -106.9260723
145 52.89948938 -108.0836223
145 15.85782938 -110.7294623
145 184.5296994 -104.7763323
145 278.4562194 -36.64724235
145 93.90990938 -8.203412346
145 231.4932394 -31.35446235
145 201.0661594 -104.1148723
145 107.8010994 -102.1293823
145 -235.4963406 -58.47425235
145 -151.4911306 -8.203412346
145 -221.6051506 -5.556462346
145 -72.77759062 21.56220765
145 42.97761938 57.94241765
145 344.4378194 259.3575977
145 278.2914194 187.2575177
145 213.9286894 338.4327677
145 248.3245194 305.3598477
145 39.17479938 275.5633277
145 -22.50676062 -151.7398723
145 -99.23592062 -172.2450823
145 -245.5003306 -207.4666223
145 -168.0275906 -210.6096623
145 -368.3667806 -173.7333623
145 -289.7347906 -102.1282623
146 -61.14044488 -158.602321
146 -82.96856488 -173.815861
146 -133.9014249 -120.900311
146 83.51709512 -35.62285098
146 -108.6833249 -171.667241
146 -293.8910949 -292.051541
146 -121.0180849 -111.197001
146 -168.2145749 -99.56828098
146 175.6616451 57.69455902
146 -211.2093749 -186.219321
146 -304.4744249 -270.223411
146 -283.3083249 -315.203701
146 -93.23683488 -111.858461
146 -84.29148488 -79.22732098
146 -153.0004749 -65.83279098
146 -213.1937449 -68.47974098
146 199.5562551 72.41088902
146 115.5504751 36.69101902
146 -337.5479149 -208.047451
146 -337.5473449 -208.046331
146 -736.6472549 -367.446551
146 -26.28499488 -104.414521
146 -41.64194488 -87.38226098
146 -64.44830488 -62.69198098
146 -41.64251488 -87.38338098
146 -132.4958249 -24.16203098
146 -237.0889249 -58.06177098
146 -211.2088049 -53.92654098
146 -217.1619249 -86.99945098
146 228.5777351 106.641359
146 257.1036951 100.193259
146 123.3699551 71.28534902
146 106.9520851 15.19473902
146 37.87646512 35.15318902
146 -347.4692249 -192.832791
146 -10.55397488 -70.84692098
146 -34.68211488 -28.29503098
146 -279.6235349 -43.56035098
146 -140.4333249 -4.318280976
146 -238.3291649 -111.474531
146 286.7866451 143.684139
146 306.0510451 137.233799
146 288.1916751 109.452549
146 214.7697951 61.16609902
146 143.9943251 132.935439
146 23.60833512 32.39265902
146 -466.8162449 -47.52910098
146 -246.9281249 -151.162031
146 -13.05582488 -21.07077098
146 -329.8943649 -15.77910098
146 -96.11505488 20.81825902
146 162.5151551 134.258359
146 308.0354251 161.046299
146 253.1343851 76.37963902
146 321.9266151 147.818259
146 312.6656351 115.405679
146 202.2026551 54.55262902
146 95.13927512 121.665299
146 -214.5166649 -132.641201
146 -3.133944876 -22.39369098
146 -228.0765549 42.31452902
146 -39.23020488 58.52025902
146 194.9260451 166.999429
146 321.8439351 171.465389
146 380.7969751 163.694369
146 380.7958351 163.692139
146 128.7802151 -29.45370098
146 89.75530512 167.001669
146 97.69167512 93.57754902
146 38.35049512 106.701659
146 28.61605512 5.387559024
146 -195.0036449 59.51244902
146 3.764585123 75.05671902
146 203.5250051 192.134849
146 459.4261351 244.885029
146 411.2234951 178.906799
146 112.2437551 -53.26620098
146 45.43646512 180.890049
146 134.7333351 160.715579
146 24.93295512 99.86475902
146 69.91042512 25.77807902
146 206.1708351 232.483799
147 27.52309467 36.15753333
147 60.66882467 50.72899333
147 1.726224666 -8.160176667
147 103.6636147 71.89565333
147 130.7839747 81.15719333
147 86.46569467 118.1977433
147 196.9292447 91.73940333
147 74.56001467 165.1624033
147 -95.43477533 -5.493846667
147 -88.89357533 -48.50913667
147 -126.5233153 -24.01468667
147 -68.38836533 -70.99871667
147 -197.2999253 -77.59392667
147 180.6507047 -231.0716367
147 -286.4314353 -149.1967967
148 -7.561970649 -40.0414661
148 91.65677935 -3.661256104
148 -34.68176065 -54.5935461
148 -83.29895065 -24.1664661
148 119.4380294 -7.630006104
148 18.23489935 0.9689538958
148 -79.99166065 -72.4529261
148 -100.1661406 -20.1977161
148 190.2505394 -87.6973661
148 158.4640694 -12.9216761
148 63.33265935 58.3184439
148 -53.16612065 10.8599339
148 -124.6863106 -89.5163761
148 -151.4759406 -3.527906104
148 -122.6192506 -34.1192361
148 -53.16669065 10.8588139
148 93.31041935 -110.1560461
148 235.1932394 23.4585339
148 -107.1576606 71.8794639
148 -145.1077006 -53.2992961
148 -93.51508065 -160.4577761
148 -140.5613106 -90.1778261
148 -155.1139606 50.7116739
148 -122.6198206 -34.1203561
148 91.52731935 134.5515239
148 143.6177294 -200.1452761
148 287.9804494 44.5931839
148 201.3293994 66.4213139
148 -38.36599065 111.5669639
148 -202.7389606 3.748133896
148 -156.4368706 -63.7206161
148 -143.7864806 -175.0109761
148 -199.4322306 -104.7321461
148 -239.6444606 24.8721939
148 -157.0983306 96.3523039
148 141.1366894 176.2233939
148 182.8085694 149.1036039
148 155.5234094 -223.9588961
148 184.6275794 -205.4380661
148 221.1737194 149.7661839
148 177.5168994 104.1244339
148 -114.7650006 238.5658439
148 9.919899351 138.6856339
148 -199.4316706 -104.7310361
148 -140.5618706 -90.1789461
148 -162.8860906 -191.0513461
148 -150.9809206 169.2989539
148 174.8716394 175.5630539
148 165.1151294 200.0370139
148 191.7538294 123.5731039
148 181.3202894 -219.9901461
148 158.5005394 -230.5723661
148 210.4244594 -204.7766061
148 200.6679394 172.9161039
148 -134.6093106 249.8095139
148 -76.25819065 220.0434939
148 60.19072935 157.8679239
148 -295.9213306 -188.2390261
148 -230.7682506 -211.0604561
148 -84.17255065 -235.3690561
148 -134.6087506 249.8106339
148 200.6685094 172.9172239
148 165.1145594 200.0358939
148 180.8241894 213.9265239
148 196.0377394 110.0775639
148 182.6225994 116.8815239
148 199.9091994 129.1494339
148 210.4250194 -204.7754861
148 246.8046594 -205.4380661
148 180.8241894 200.0358939
148 -45.03078065 208.8908539
148 -332.6328406 -175.3417061
148 -313.5337906 -202.6279861
148 -271.7786706 -189.2323361
148 -267.2317106 -229.7477761
148 -64.98969065 -255.2116861
148 -140.5624406 273.6220139
149 196.0600889 -194.3140682
149 201.3517489 -240.6161482
149 195.3986289 -28.28801823
149 218.5496689 -287.5796882
149 224.5027889 -26.96510823
149 192.0918989 0.8172617739
149 123.4650289 -8.940368226
149 241.7007089 -91.78801823
149 258.3666189 -30.40574823
149 189.5749589 46.98488177
149 222.5184189 -2.491148226
149 174.8934189 3.461981774
149 123.4291189 98.57863177
149 88.24237887 -15.72031823
149 254.9298789 -108.3244782
149 69.06064887 -9.104608226
149 257.5751389 -275.6745582
149 269.6114089 -162.0359582
149 24.74237887 -9.767188226
149 247.1218289 -300.9422082
149 54.42588887 -33.90929823
149 -19.57419113 13.38609177
149 6.882998872 -11.09010823
149 245.3387289 -282.2880182
149 253.7364089 -364.4422082
149 91.67911887 -70.09324823
149 -106.3090611 69.27708177
149 -4.113741128 -37.21770823
149 -28.17372113 -17.04210823
149 100.9760189 -90.96007823
149 -149.2211711 119.2171818
149 -11.38979113 -92.78020823
149 -30.82012113 -26.30364823
149 -19.57533113 13.38385177
149 -171.1319711 137.4072918
149 -54.38458113 -127.1760482
149 -40.08054113 -77.23593823
149 -72.49200113 -38.20989823
149 -4.361791128 75.56093177
149 -239.8398211 104.6673418
149 -133.3467311 159.5650218
149 -186.3455211 146.0062518
149 -208.7518511 -94.43273823
149 10.35508887 96.89185177
149 -259.6835711 96.72984177
149 -24.20497113 160.2287218
149 -104.2420011 177.4255218
149 -229.3403111 152.6208318
149 13.66237887 126.6574718
149 -276.7531711 85.34946177
149 -274.7328911 140.5492218
149 -242.9828911 12.22630177
149 -18.91387113 168.1651018
149 -51.98679113 204.5453118
149 -239.8409611 104.6651018
149 -221.1547611 172.9606718
149 36.77807887 188.5369618
149 -305.3247611 70.93184177
149 -306.5188011 86.67238177
149 -319.2986411 38.85000177
149 -207.9255911 -76.40911823
149 -24.20554113 160.2276018
150 108.7525675 -22.13464236
150 116.0286075 -27.42631236
150 39.2994375 -1.629432361
150 0.5220074998 2.175067639
150 -8.4082425 -48.75834236
150 1.8443575 16.06457764
150 -21.3066825 -120.8573024
150 123.3057875 -4.934492361
150 6.1438375 50.46040764
150 152.4088175 -13.20495236
150 116.0291775 -27.42519236
150 6.9706575 64.18566764
150 -173.1472825 -3.416432361
150 155.0552175 -20.47988236
150 125.6203175 13.91595764
150 80.9713175 -71.08256236
150 -273.5697825 59.55657764
150 7.7974875 82.21040764
150 -212.7988725 -13.03959236
150 -237.9701925 7.828357639
150 272.1327675 48.97212764
150 221.9446175 -33.71016236
150 139.1796475 -19.48881236
150 86.5937075 46.65702764
150 73.0338175 -168.9783924
150 -126.0651425 144.8835876
150 -271.5859825 21.19087764
150 -327.8099425 26.48254764
150 13.0891475 103.3770776
150 -27.2598125 170.8458276
150 -267.0743625 -18.96070236
150 -269.0587425 -3.747162361
150 316.6985275 67.65832764
150 232.1972275 -39.66329236
150 126.1990975 -140.0384724
150 72.3723575 -185.5148524
150 38.9687075 -190.8065224
150 -356.3712425 16.42731764
150 -414.5795725 24.36481764
150 -6.0931425 207.8874976
150 -43.9604925 255.3493676
150 -103.5755625 197.4695276
150 -327.2670725 -25.24455236
150 333.7316475 76.75449764
150 264.9394075 -42.97058236
150 252.7029975 -58.18300236
150 182.4230575 -99.02805236
150 51.5364175 -182.8690224
150 74.5688675 -218.3903924
150 129.9197975 -190.8054024
150 28.2667775 -199.8695524
150 -421.1941525 -14.66122236
150 -370.7214825 48.31178764
150 -452.7428825 3.992957639
150 -24.1178825 263.2846276
150 -24.1167425 263.2868676
150 -59.0098125 299.1687476
150 -61.0300925 243.9689876
150 -55.2064225 211.0294176
150 -163.0241325 172.6648376
150 -126.0651425 218.6361876
150 -431.0789825 -62.64673236
150 361.5128975 -142.1882124
150 411.1222775 130.3326176
150 287.4295675 -52.22988236
150 278.2980375 -72.20809236
150 82.2942275 -80.34297236
150 217.4797775 -85.80001236
150 -129.3730025 -140.5368024
150 132.5650675 -219.2492224
150 -11.3848025 -225.3677124
150 75.0176175 -271.5055524
151 11.86382205 29.67466384
151 17.81694205 49.51841384
151 7.233042053 13.13709384
151 38.32215205 71.34654384
151 -58.24962795 -60.94288616
151 62.79554205 93.17355384
151 81.11510205 73.69254384
151 -82.06382795 -62.26915616
151 -43.23905795 -94.97933616
151 100.2974021 -19.57308616
151 -120.9604179 -97.95589616
151 118.6887721 257.5459438
151 161.1515621 102.7967138
151 17.81638205 49.51730384
151 -129.6888279 -43.74832616
151 -49.19218795 -116.8074562
151 -191.6999779 -252.4373162
151 -145.3984679 -106.2561362
151 228.1601321 272.0980338
151 88.59242205 254.5693838
151 269.8320021 142.7829238
151 -182.6054979 -42.42540616
151 -62.42135795 -152.5262062
151 6.370312054 -126.0678762
151 -101.7422179 -270.9592662
151 -215.5130479 -247.1467662
151 -174.5026379 -150.5738462
151 273.7180721 294.4222438
151 32.36846205 207.6058438
151 166.6445021 314.7620938
151 -4.011747946 249.9391738
151 277.6868221 146.2555838
151 -234.8607079 -21.25874616
151 -108.0619779 -184.9376662
151 -60.43697795 -227.2709962
151 32.82864205 -125.4064162
151 34.15156205 -132.6824562
151 -218.1588879 -253.7613462
151 -192.3620079 -188.2769762
151 -234.6959079 -245.1635062
151 -191.0390879 -157.1884262
151 288.2701521 304.3441238
151 288.3528321 413.9808438
151 -85.37111795 236.0485538
151 289.6757521 153.3662538
151 288.2707221 37.77753384
151 -314.2351379 -35.80970616
151 -59.11405795 -299.3699562
151 321.2244821 -32.14078616
151 73.83906205 -161.7866262
151 -266.4453379 -272.9436362
151 -191.0385279 -157.1873162
151 -391.0475579 -221.5152562
151 -222.1276379 -195.5530162
151 282.9784921 340.7243338
151 322.2166721 321.4086938
151 342.5924221 443.0850038
151 320.5630221 620.0571238
151 -126.5828079 250.9633738
151 356.4830421 181.1475038
151 316.7128621 3.380583835
151 -402.2096679 -29.19624616
151 -168.7143079 50.84133384
151 -171.1953379 -381.4228062
151 -12.64661795 -271.0099362
151 322.6665521 -91.20684616
151 225.3130221 -106.8855862
151 -318.0749979 -306.3152662
151 -376.9083179 -243.1768962
151 -419.2422179 -216.7196762
151 -234.6953379 -245.1623862
151 172.5976321 317.4079238
151 321.3430721 350.6462038
152 -398.9131682 153.8595932
152 -342.0277482 150.5523032
152 -294.4027482 118.1408432
152 -215.0277482 78.45334315
152 -201.6326582 65.39066315
152 -200.2184282 5.63161315
152 -179.0609582 -26.71852685
152 -156.9015382 -59.79032685
152 -122.1760982 -35.98006685
152 -195.7573682 -93.62693685
152 -106.9619982 -59.12998685
152 -108.6150782 -18.77990685
152 -130.7744982 -22.74977685
152 -180.1436582 -54.59267685
152 -185.3448082 -106.0935268
152 -25.60261822 -150.4112368
152 -64.95938822 -32.01019685
152 -102.9932482 -12.82790685
152 -130.7739282 -22.74865685
152 -38.50048822 -13.48824685
152 -149.9567882 16.93772315
152 -204.1218482 -31.72975685
152 67.33171178 -151.7352668
152 -68.01863822 -151.5687868
152 -41.80834822 -33.33310685
152 -114.8994982 10.32314315
152 -33.95296822 58.77608315
152 -148.6338682 -22.74977685
152 92.13696178 96.31272315
152 -20.64167822 -32.01019685
152 -179.0603882 -26.71740685
152 -310.0297082 -50.53102685
152 189.9501118 -151.5687868
152 88.49894178 -172.2393568
152 19.70727178 -92.86435685
152 -14.52262822 -38.29292685
152 -125.4828282 24.21376315
152 63.69425178 141.9533432
152 161.9213818 171.7200932
152 138.3563618 28.34788315
152 36.24373178 -31.34873685
152 -14.52318822 -38.29404685
152 234.1771418 -149.3901668
152 28.30623178 -119.3226968
152 12.43123178 -81.61956685
152 46.99243178 -40.27842685
152 -139.4550082 52.16261315
152 116.2796318 174.3636832
152 49.14217178 169.0731432
152 27.34076178 124.7911232
152 292.5891218 117.0186632
152 282.9682618 182.3034232
152 84.03464178 36.71961315
152 206.5692518 -0.9216568496
152 92.79842178 -8.197696849
152 -2.955998219 -53.75622685
152 -12.04272822 -49.20810685
152 313.3609318 -152.7359668
152 15.86409178 -106.5918868
152 127.3590518 -69.71443685
152 -115.6436382 70.68121315
152 148.0296318 197.5147332
152 41.20467178 180.3179332
152 -7.164468219 120.9520432
152 307.0875618 109.2118132
152 342.7760318 -24.61994685
152 321.3322718 182.9637632
152 82.21509178 50.67209315
152 229.7203018 -9.52060685
152 294.5432118 22.89084315
152 5.155191781 -77.65081685
152 156.1330618 -82.61175685
152 367.4512618 -152.1783368
153 284.2022432 -60.30619493
153 187.6287632 -116.5312649
153 335.1339732 -8.713564934
153 250.4673032 -33.84897493
153 341.0876632 -114.5457749
153 202.6023432 -128.4251649
153 119.4985532 -83.45835493
153 211.4412632 -4.083354933
153 378.1287632 -5.406264934
153 163.1548032 -2.098974933
153 313.3064132 -140.3426549
153 501.1600132 72.64581507
153 239.2692932 -143.8670949
153 244.5141832 -168.1250149
153 108.2537632 -62.29168493
153 104.9464732 21.71352507
153 89.0714732 14.43748507
153 282.6388032 -137.0241249
153 314.6755432 4.961035067
153 509.7589732 86.53643507
153 274.7013032 -162.1595449
153 270.3110532 -182.0156449
153 45.9939932 -9.540384934
153 115.5765832 28.77353507
153 89.0709032 14.43636507
153 -37.2202968 49.27874507
153 149.9724132 22.82040507
153 304.4669232 -172.0814149
153 53.5648632 41.42392507
153 211.3597132 84.38893507
153 45.9945632 -9.539264933
153 372.7549832 194.8513551
153 106.3161632 98.22665507
153 -40.4666368 -55.50167493
153 473.9581032 267.2810451
153 38.8474132 98.22665507
153 -174.9325168 -116.6955149
153 616.8325432 333.0950351
153 500.4164432 290.1013551
153 -128.6310068 -144.4778849
153 -340.2144168 -39.47025493
153 -233.1408568 -148.4455149
153 665.7804532 352.9387851
153 205.9096332 -229.6282949
153 -361.3816568 15.42966507
153 -390.5685068 -22.76954493
153 -341.1164068 -243.5189149
153 -288.4736068 -159.6395149
153 730.8981932 406.7142851
153 274.8666632 -206.1465249
153 -449.3556168 -8.382834933
153 -423.5587368 100.7577951
153 -330.2925468 26.67557507
153 -410.4116868 -22.76843493
153 -342.5639368 -160.1971449
153 800.7179532 376.0898251
153 736.5570632 410.4867751
153 428.3995932 -92.71876493
153 -563.1264468 -15.65887493
153 -517.5685068 20.88670507
153 -426.2045668 -16.98178493
153 -494.0040468 164.2577951
153 -216.5222768 72.31508507
153 -498.1375968 -36.49369493
153 -421.7477268 -156.8513449
153 -499.7918068 -90.07293493
153 -571.8902268 29.25843507
153 -619.6811368 -38.80991493
153 -563.7879068 88.85154507
153 -391.8087368 -9.044284933
153 -507.8946768 190.0546651
153 -539.8100368 -38.80991493
153 -465.9747568 -159.0299649
153 -530.2194568 -64.60790493
153 -573.7097768 43.21091507
154 40.52726145 99.89198398
154 -29.91804855 163.391984
154 102.7043414 14.56385398
154 -43.80867855 189.188854
154 14.73038145 -9.248646023
154 123.8715814 -40.33606602
154 133.7934514 25.80976398
154 37.88143145 -17.84759602
154 -99.04044855 -16.52468602
154 -53.48250855 20.02089398
154 73.51749145 -23.63535602
154 289.1534814 -117.561326
154 247.5637214 71.44927398
154 72.27726145 -9.910096023
154 53.67431145 -23.63424602
154 -107.8042286 28.39262398
154 -155.5951386 -39.67572602
154 -99.70190855 87.98573398
154 230.9451414 -149.311326
154 335.4549914 -145.343696
154 423.6193614 -56.36748602
154 -34.05159855 -37.35950602
154 -109.6237786 42.34510398
154 -212.4805486 -40.33718602
154 -29.91748855 163.393104
154 -128.1446186 133.626354
154 -230.3393586 -21.81523602
154 175.6123914 -160.505326
154 122.9695914 -244.384726
154 669.9956314 -230.494106
154 510.0805614 -10.40507602
154 -75.72403855 -39.67572602
154 -233.6472186 -41.66009602
154 -206.3620586 -46.62103602
154 100.7502514 108.691674
154 91.12939145 173.976434
154 -75.55923855 166.036694
154 -225.7918386 50.44909398
154 -164.4981086 116.464134
154 -142.6966986 160.746154
154 -256.7982586 -40.33718602
154 -300.4539486 -27.10689602
154 121.5220614 -161.062956
154 738.9526614 -207.012336
154 553.1569014 13.57055398
154 -206.3614986 -46.61991602
154 -203.8815986 -57.53509602
154 -194.7948686 -62.08321602
154 150.9371614 -32.94693602
154 115.2486914 100.884824
154 129.4934014 174.636774
154 -43.80923855 189.187744
154 -294.8321186 -21.15489602
154 -199.0033386 112.625054
154 -150.6341986 171.990944
154 -298.8008686 -67.45697602
154 -314.0149686 -44.30705602
154 -322.6127986 -31.07564602
154 -35.70580855 -90.93874602
154 42.33827145 -157.717156
154 892.4855914 -93.58457602
154 569.0324714 20.84771398
154 -144.8464386 -48.60541602
154 -186.6836786 -85.97780602
154 -179.4076386 -89.94655602
154 123.8710114 -40.33718602
154 354.0585114 -46.95176602
154 143.7147614 29.11594398
154 167.1965314 168.022194
154 -26.61075855 205.063854
154 -306.7383686 1.996153977
154 -263.8262586 79.55214398
154 -341.4314486 121.068644
154 -62.66023855 203.079484
154 -161.2175286 201.095104
154 -377.1836786 -114.420516
154 -217.4414886 -158.738226
154 -322.6133686 -31.07676602
154 -348.7404086 -68.11731602
154 -340.4727386 -31.07676602
154 -66.13345855 -65.47371602
154 -1.888758554 -159.895776
154 675.5272614 -4.949166023
155 -128.9341488 -32.18718079
155 -100.0780288 -62.77963079
155 -77.62434882 -48.85699079
155 -122.5659088 -81.95857079
155 -132.5721688 22.05239921
155 -30.62489882 -17.80046079
155 -100.0774588 -62.77851079
155 -60.75715882 -52.82574079
155 -133.8950788 -92.37989079
155 -180.1971688 -24.91114079
155 -102.1445188 -118.1756508
155 -134.5565388 67.69302921
155 -84.61586882 43.22018921
155 -217.1026688 -3.78708079
155 114.0691112 105.8922492
155 -57.44986882 -101.1122008
155 14.97982118 -68.70074079
155 -176.8898788 -133.3903108
155 -118.0200788 -118.8382208
155 -70.97328882 -189.1170508
155 -118.0195188 -118.8371008
155 -128.4391288 140.6396792
155 -15.82419882 82.90768921
155 -30.62432882 -17.79934079
155 163.6784812 147.5641192
155 205.3503612 120.4443292
155 -12.13996882 -83.25282079
155 114.1985712 -32.32053079
155 -273.3795388 -216.8983008
155 115.8522112 -138.8153208
155 -121.2446888 -203.6702508
155 -176.8904388 -133.3914208
155 -112.0669588 221.1513592
155 32.46169118 110.0263592
155 -92.22320882 209.9065692
155 40.77669118 -27.69032079
155 197.4134312 146.9037792
155 187.6569212 171.3777392
155 214.2956212 94.91382921
155 243.7155112 121.1069092
155 141.9798212 -36.28928079
155 -290.9919988 -231.2872608
155 -310.0910488 -204.0009808
155 -249.2368788 -217.8916108
155 212.7923312 -116.3566408
155 166.1595212 -228.8045508
155 -140.3442988 -219.7106208
155 -118.0206488 244.9627392
155 82.73252118 129.2086492
155 -53.71639882 191.3842192
155 -112.0675188 221.1502392
155 223.2103012 144.2579492
155 187.6563512 171.3766192
155 203.3659812 185.2672492
155 218.5795312 81.41828921
155 222.4509912 100.4901592
155 205.1643912 88.22224921
155 310.5222412 15.93390921
155 223.2097312 144.2568292
155 181.0058612 -41.58095079
155 85.87445118 29.65916921
155 -309.0982888 -246.6639308
155 -351.7629188 -127.9332708
155 -208.2264588 -239.7197308
155 178.0652012 -252.6181708
155 207.1693712 -234.0973408
155 -61.63075882 -264.0283308
155 -167.6300288 220.4887892
155 38.29293118 325.2159792
155 -22.48898882 180.2315792
155 282.1176512 137.2938892
155 146.4805712 244.1370392
155 203.3659812 171.3766192
155 291.5064412 248.1080292
155 257.7350312 -5.20074079
155 -408.6483388 -231.7822308
156 -53.73914855 128.4393543
156 -39.84909855 171.4330243
156 -142.3751386 137.0371943
156 -35.88034855 117.8549043
156 -201.9063886 141.0059443
156 -33.89596855 91.39656434
156 10.42287145 77.50818434
156 -54.39947855 10.37127434
156 55.40090145 71.22209434
156 15.80684145 32.17181434
156 -75.56784855 -14.43676566
156 -40.98193855 17.20817434
156 -236.9636786 13.01375434
156 -221.0881086 -9.474705663
156 105.9052614 82.41480434
156 64.66132145 128.1075043
156 64.66189145 43.44195434
156 18.35924145 4.084064337
156 -118.5626386 -30.97322566
156 -303.4402386 9.045004337
156 -260.7761786 38.14917434
156 -175.4480586 -68.67634566
156 -307.0782586 -21.38207566
156 126.8389714 231.2961243
156 83.18272145 44.76487434
156 44.03752145 -18.20813566
156 -175.4474886 -68.67522566
156 -154.9428486 -92.81957566
156 167.1873614 231.6257343
156 133.9958614 243.0679043
156 64.54273145 223.2241543
156 115.5936114 77.50594434
156 207.4542114 54.19065434
156 36.21804145 -52.80246566
156 -219.7657586 -93.81176566
156 194.8865014 224.8469043
156 124.1925714 102.6413643
156 228.7029914 71.55281434
156 149.2453014 17.14787434
156 -41.45596855 -54.34029566
156 27.61965145 -74.29874566
156 96.32921145 -31.79892566
156 -290.5412386 -143.4200257
156 126.8384014 142.9903143
156 242.5115014 81.97190434
156 301.4645414 74.20088434
156 120.2238214 -17.08259566
156 -55.72409855 -57.10082566
156 4.184661447 -125.1163357
156 -292.5261786 -157.9732257
156 380.0937014 155.3915443
156 177.7712614 10.69977434
156 -140.4728786 -248.0958057
156 -316.4213586 -147.5552557
156 -296.4943586 -176.4929357
156 -247.5470086 -189.0617657
156 336.4385814 156.0552343
156 426.3963514 155.3926643
156 226.7186114 47.74031434
156 135.4373614 -28.32738566
156 208.8592414 19.95906434
156 -213.2338586 -210.3937957
156 -162.3009986 -263.3093457
156 -358.9559686 -133.0538357
156 -317.6615986 -200.9680157
156 -232.3329086 -155.3262757
156 317.9171814 159.3614143
156 456.8240014 158.7010743
156 122.8702214 -34.94085566
156 233.3332014 25.91219434
156 173.8019514 -13.11384566
156 242.5941814 58.32477434
156 -200.3505186 -200.6904857
156 -373.2235286 -381.5450257
156 -188.0157586 -261.1607257
156 -409.2267986 -105.2725857
156 -326.2605586 -240.6555157
156 -211.8282586 -113.6555157
156 -143.7807386 -152.1854657
156 476.6677514 191.7739843
156 473.3598914 158.6999543
156 49.44778145 -118.9471857
156 301.4634014 74.19865434
157 54.34973478 120.0610021
157 37.15181478 57.88391209
157 96.05751478 34.37013209
157 37.15181478 36.71725209
157 -22.01279522 93.57065209
157 176.0580648 49.94641209
157 117.2241848 17.83367209
157 26.60439478 -64.18715791
157 -86.50441522 40.32437209
157 -51.71187522 69.25552209
157 -92.72229522 129.4482321
157 142.5255348 167.8204721
157 243.5268148 63.17558209
157 244.8856448 -56.91111791
157 15.35959478 -64.18715791
157 -198.3273552 -184.2098379
157 9.370564776 -96.89733791
157 -203.2523852 -64.51788791
157 -196.9685252 46.27638209
157 -118.9158752 164.6785421
157 -55.34989522 123.8258321
157 104.9512948 163.0557921
157 288.0457948 214.7828921
157 264.7288248 -70.80285791
157 -53.10133522 -73.77830791
157 -419.2544352 -321.7931679
157 20.07249478 -137.7743979
157 -203.2518152 -64.51676791
157 -203.4177452 89.10581209
157 -160.4229552 209.4912221
157 -57.23545522 149.9599721
157 51.73980478 117.0524221
157 108.2585848 196.7901621
157 59.01584478 160.0472121
157 273.9538948 -43.98066791
157 372.7124648 230.6578921
157 298.4637648 -71.46319791
157 238.9330848 -137.6079179
157 -201.2680052 -96.26788791
157 -515.8273552 -352.2202479
157 -632.2440152 -476.5744179
157 -272.4106852 -262.2619179
157 -39.45875522 -166.8785679
157 82.91103478 -139.0973179
157 7.504784775 -166.2171079
157 -404.3357152 -161.0908079
157 -241.9471252 82.65771209
157 -198.1260752 157.8974721
157 -179.6052452 236.6110121
157 57.69293478 177.9065921
157 -160.4223852 209.4923421
157 -47.47894522 201.7190921
157 212.6401148 229.9975521
157 111.5658748 220.6026621
157 409.5881948 5.264842089
157 244.8862148 -56.90999791
157 389.0476448 124.0297521
157 377.1413948 258.9672521
157 426.2905948 251.8245621
157 291.8497548 -130.3318779
157 342.7814748 -88.66111791
157 115.9012648 -146.8694479
157 271.3439748 -131.6559079
157 -199.9456552 -134.6335879
157 -236.3252952 -104.8668479
157 -607.1086052 -387.9389979
157 -563.3337652 -447.9983579
158 51.84861588 70.71932129
158 110.7543159 47.20554129
158 51.84861588 49.55266129
158 -7.315994118 106.4060613
158 69.04653588 132.8964113
158 131.9209859 30.66908129
158 190.7548659 62.78182129
158 41.30119588 -51.35174871
158 -71.80761412 53.15978129
158 -78.02549412 142.2836413
158 -37.01507412 82.09093129
158 259.5824459 -44.07570871
158 157.2223359 180.6558813
158 258.2236159 76.01099129
158 30.05639588 -51.35174871
158 -183.6305541 -171.3744287
158 24.06736588 -84.06192871
158 -188.5555841 -51.68247871
158 -182.2717241 59.11179129
158 -104.2190741 177.5139513
158 -40.65309412 136.6612413
158 279.4256259 -57.96744871
158 302.7425959 227.6183013
158 119.6480959 175.8912013
158 -38.40453412 -60.94289871
158 -404.5576341 -308.9577587
158 34.76929588 -124.9389887
158 -188.5550141 -51.68135871
158 -188.7209441 101.9412213
158 -145.7261541 222.3266313
158 -42.53865412 162.7953813
158 66.43660588 129.8878313
158 253.6298859 -124.7725087
158 313.1605659 -58.62778871
158 288.6506959 -31.14525871
158 387.4092659 243.4933013
158 73.71264588 172.8826213
158 122.9553859 209.6255713
158 -186.5712041 -83.43247871
158 -617.5472141 -463.7390087
158 -501.1305541 -339.3848387
158 -257.7138841 -249.4265087
158 22.20158588 -153.3816987
158 -24.76195412 -154.0431587
158 97.60783588 -126.2619087
158 -389.6389141 -148.2553987
158 -227.2503241 95.49312129
158 -183.4292741 170.7328813
158 -164.9084441 249.4464213
158 72.38973588 190.7420013
158 -32.78214412 214.5545013
158 -145.7255841 222.3277513
158 286.0407759 -118.8204987
158 130.5980659 -134.0340387
158 306.5465559 -117.4964687
158 357.4782759 -75.82570871
158 424.2849959 18.10025129
158 259.5830159 -44.07458871
158 391.8381959 271.8026613
158 403.7444459 136.8651613
158 440.9873959 264.6599713
158 126.2626759 233.4380713
158 227.3369159 242.8329613
158 -185.2488541 -121.7981787
158 -221.6284941 -92.03143871
158 -548.6369641 -435.1629487
158 -790.8493041 -495.4890087
158 -592.4118041 -375.1035887
158 -192.8909641 -220.3223387
158 -45.92862412 -183.1473287
158 -114.8388841 -189.8952587
158 -475.3336741 -166.7442187
158 -457.7685541 -209.7699087
158 -241.8024041 59.11291129
158 -280.8290141 92.18471129
158 -243.1618041 176.5526613
158 -189.3818341 189.2548313
158 -219.8089141 277.8902513
158 0.9522358822 260.8565813
158 186.2432459 -169.2566987
158 306.5459859 -117.4975887
158 268.1814059 -200.8413387
158 424.9111159 54.84432129
158 600.8955159 -62.59542871
158 480.1787959 44.89043129
159 436.8808904 287.8777567
159 410.4225504 265.0574467
159 553.2969904 330.8714367
159 309.2194304 192.6277567
159 602.2449004 350.7151867
159 147.8241604 82.16533672
159 667.3626404 404.4906867
159 52.04103045 26.54993672
159 42.78061045 96.00305672
159 737.1824004 373.8662267
159 673.0215104 408.2631767
159 -9.970689552 39.20032672
159 86.43686045 20.59680672
159 41.41092045 19.48992672
159 -24.68813955 96.00305672
159 251.1399904 2.737436716
159 147.9057104 -6.306953284
159 25.53535045 12.21276672
159 437.6244604 70.42221672
159 271.5984204 -10.93716328
159 -17.54098955 -11.76286328
159 446.2234204 84.31283672
159 277.5521104 -116.7693733
159 220.6666904 -62.52979328
159 314.5932104 -7.629863284
159 -104.0021896 -57.72527328
159 249.7708604 -142.5662533
159 186.9317504 -36.07257328
159 124.0932104 -118.7548633
159 -238.4680696 -118.9191133
159 219.1032504 -139.2477233
159 99.61925045 -4.322573284
159 139.0667904 -130.6487633
159 55.96300045 -85.68195328
159 -192.1665596 -146.7014833
159 -403.7499696 -41.69385328
159 -296.6764096 -150.6691133
159 175.7337404 -146.0906933
159 25.53592045 12.21388672
159 180.9786304 -170.3486133
159 44.71821045 -64.51528328
159 142.3740804 -231.8518933
159 -424.9172096 13.20606672
159 -454.1040596 -24.99314328
159 -352.0091596 -161.8631133
159 -404.6519596 -245.7425133
159 -100.7558496 47.05514672
159 211.1657504 -164.3831433
159 206.7755004 -184.2392433
159 -17.54155955 -11.76398328
159 211.3311104 -208.3701233
159 -487.0942896 98.53419672
159 -512.8911696 -10.60643328
159 -393.8280996 24.45197672
159 -473.9472396 -24.99203328
159 -406.0994896 -162.4207433
159 240.9313704 -174.3050133
159 364.8640404 -94.94236328
159 -557.5395996 162.0341967
159 -489.7401196 -19.20538328
159 -626.6619996 -17.88247328
159 -581.1040596 18.66310672
159 -280.0578296 70.09148672
159 -561.6731496 -38.71729328
159 -563.3273596 -92.29653328
159 -485.2832796 -159.0749433
159 -571.4302296 187.8310667
160 -17.45116395 41.79869222
160 -55.15428395 50.39765222
160 34.80404605 33.86119222
160 -87.15233395 47.42109222
160 105.332046 86.44713222
160 -1.16275395 15.00963222
160 71.59823605 30.22429222
160 -122.2090539 -33.93716778
160 -70.94603395 111.2529422
160 131.7909461 97.03158222
160 110.624276 48.08367222
160 -100.877024 -67.83690778
160 -141.391344 -66.34862778
160 -74.91535395 135.0643222
160 160.895116 134.7347122
160 110.623706 48.08255222
160 61.84172605 -69.82127778
160 -155.282544 -108.0216178
160 -155.281974 -108.0204978
160 -84.83666395 176.7373122
160 180.0768361 150.6085922
160 56.38412605 134.0721322
160 98.22136605 8.229682222
160 51.67180605 -211.5387278
160 90.28386605 -75.77551778
160 -195.631504 -163.5841178
160 -87.48306395 244.2049522
160 284.587816 198.2347122
160 -74.91478395 135.0654422
160 50.34831605 -244.6127578
160 220.8859761 -43.99350778
160 131.294286 -82.39010778
160 -279.1765239 -87.64975778
160 -208.860094 -204.5934178
160 -70.94603395 400.8063222
160 343.255766 240.4335722
160 -211.589184 -357.0606778
160 200.4993561 -181.4434878
160 394.188066 -12.24350778
160 202.731786 -93.63489778
160 287.031806 32.73566222
160 -324.119784 -74.45260778
160 -265.828764 -56.75859778
160 -211.506504 -238.3289078
160 -310.890044 -214.6806578
160 -50.77155395 435.6982522
160 -133.206374 393.3638022
160 367.7297261 254.9856622
160 -272.525464 -395.2587778
160 -245.901764 -289.2600778
160 220.3431061 -179.4591178
160 281.859306 -111.9892478
160 607.177646 142.5377422
160 463.098316 16.33255222
160 273.342456 -101.4070278
160 -257.560534 40.47578222
160 -330.108814 -104.1862178
160 -440.536444 -47.99426778
160 -245.984444 -21.03872778
160 -248.5481639 -273.3861978
160 -263.265614 -173.6713578
160 -344.660894 -217.6263178
160 -38.20384395 522.3492922
160 -117.909574 594.6136222
160 -133.206934 340.4460122
160 -231.018954 361.7802822
160 442.474516 317.8242022
160 -291.046864 -431.6401078
160 -382.9895739 -444.8692678
160 -294.850254 -324.9799478
160 324.192066 -182.1049478
160 404.228526 -52.45911778
160 828.1047261 280.1210722
160 754.021396 202.0689922
160 510.6047261 112.1106622
160 611.264986 50.06692222
160 -355.869784 -202.7755178
160 -424.035894 -97.57162778
160 -511.312494 -42.04114778
160 -156.026684 62.30390222
160 -390.265044 -237.1702378
161 -39.26935808 52.67598039
161 -15.91374808 64.20121039
161 -72.13770808 82.06058039
161 11.47518192 4.719600385
161 -195.5829381 -27.57725961
161 50.23208192 108.5189104
161 -23.85124808 86.02933039
161 11.47518192 50.44545039
161 -11.28354808 101.9043304
161 -255.3616681 -8.559209615
161 68.91828192 -28.40295961
161 78.34406192 70.48506039
161 -245.1923181 -52.05120961
161 -189.6292481 -51.38863961
161 117.8667619 119.1033704
161 -324.1533381 -46.92378961
161 -240.4782881 120.7570104
161 125.8036919 -87.27274961
161 112.7404619 48.65805039
161 -302.9866681 -81.31962961
161 -206.0014181 -131.9003196
161 159.5380719 144.2376604
161 -157.1710081 238.0314004
161 -156.3721481 93.94077039
161 -102.8955181 158.4590204
161 -359.5413581 60.56319039
161 213.9441519 -24.43196961
161 5.170231923 -143.3313496
161 125.8036919 -101.1633796
161 110.0946319 -101.1622596
161 186.1617719 104.8808904
161 72.39093192 10.29235039
161 127.2919819 38.07360039
161 -212.1188281 -204.8469696
161 180.7047419 140.9303704
161 -124.8890081 285.1282904
161 -63.24392808 205.6199404
161 -225.2653181 52.62569039
161 -119.4319781 120.0944404
161 184.0120319 -34.35608962
161 282.0737919 7.316910385
161 284.0576019 41.71162039
161 -45.10059808 -162.5136396
161 145.6474419 -128.2831696
161 86.11619192 -124.9758796
161 204.6826019 114.8027704
161 182.8544819 -5.582649615
161 -210.1344581 -250.4875996
161 213.1162019 152.8366204
161 -36.25359808 338.7064104
161 -187.7275581 271.2376604
161 8.560201923 193.8470404
161 148.2932819 -42.95503961
161 330.0226319 29.25542039
161 335.6519219 66.84816039
161 -93.38648808 -189.6323096
161 166.1532219 -151.4330896
161 36.50682192 -166.6477496
161 119.8511419 -125.6362196
161 -206.4964381 -304.7271796
161 -294.6649581 -276.3270796
161 -162.1781581 -229.3198096
161 42.45994192 349.9512104
161 -227.4144881 291.0825304
161 -363.0140081 147.5449604
161 54.53156192 189.5475604
161 -7.484318077 155.2803204
161 113.8974419 -40.97066961
161 473.8967119 31.12941039
161 300.5940619 28.48246039
161 -169.7854981 -62.63342961
161 232.9599519 -256.6060896
161 127.7880719 -152.0956696
161 -108.1871881 -290.3404596
161 110.0940619 -101.1633796
161 145.6480119 -128.2820496
161 -177.6403181 -335.3196296
161 -155.1866381 -321.3969896
162 753.4532038 376.9545981
162 683.6334438 407.5790581
162 689.2923138 411.3515481
162 618.5157038 353.8035581
162 569.5677938 333.9598081
162 426.6933538 268.1458181
162 453.1516938 290.9661281
162 325.4902338 195.7161281
162 164.0949638 85.25370812
162 59.05141377 99.09142812
162 68.31183377 29.63830812
162 -8.417336232 99.09142812
162 57.68172377 22.57829812
162 102.7076638 23.68517812
162 6.300113768 42.28869812
162 41.80615377 15.30113812
162 164.1765138 -3.218581884
162 267.4107938 5.825808116
162 -1.270186232 -8.674491884
162 287.8692238 -7.848791884
162 453.8952638 73.51058812
162 -87.73138623 -54.63690188
162 330.8640138 -4.541491884
162 236.9374938 -59.44142188
162 293.8229138 -113.6810019
162 462.4942238 87.40120812
162 -222.1972662 -115.8307419
162 140.3640138 -115.6664919
162 203.2025538 -32.98420188
162 266.0416638 -139.4778819
162 -175.8957562 -143.6131119
162 -387.4791662 -38.60548188
162 -280.4056062 -147.5807419
162 155.3375938 -127.5603919
162 72.23380377 -82.59358188
162 115.8900538 -1.234201884
162 235.3740538 -136.1593519
162 158.6448838 -228.7635219
162 -437.8332562 -21.90477188
162 -408.6464062 16.29443812
162 -388.3811562 -242.6541419
162 -335.7383562 -158.7747419
162 197.2494338 -167.2602419
162 192.0045438 -143.0023219
162 60.98901377 -61.42691188
162 41.80672377 15.30225812
162 227.6019138 -205.2817519
162 -457.6764362 -21.90366188
162 -496.6203662 -7.518061884
162 -377.5572962 27.54034812
162 -470.8234862 101.6225681
162 -389.8286862 -159.3323719
162 227.4365538 -161.2947719
162 223.0463038 -181.1508719
162 -1.270756232 -8.675611884
162 -84.48504623 50.14351812
162 381.1348438 -91.85399188
162 -473.4693162 -16.11701188
162 -545.4023462 -35.62892188
162 -564.8332562 21.75147812
162 -610.3911962 -14.79410188
162 -263.7870262 73.17985812
162 -541.2687962 165.1225681
162 -469.0124762 -155.9865719
162 -547.0565562 -89.20816188
162 257.2021738 -171.2166419
162 -439.0734862 -8.179511884
162 -587.0747862 -37.94514188
162 -619.1549762 30.12320812
163 -193.7981053 198.8096694
163 -237.4549253 187.5637594
163 72.85172469 355.0780894
163 -2.637215309 246.4335494
163 76.07632469 257.6783494
163 -91.27262531 192.8554294
163 103.1961247 269.5845994
163 -154.1111753 178.9647994
163 -123.5546253 145.7585394
163 82.59233469 256.7846894
163 -329.3976253 55.27209938
163 -29.62754531 113.3470794
163 -206.8619053 28.48414938
163 242.1029347 284.7992594
163 75.41487469 247.7564694
163 -511.9601353 -47.91540062
163 42.17658469 101.5741794
163 -325.9249753 -31.70967062
163 -122.7557653 1.667909383
163 -69.27913531 66.18615938
163 -221.7452853 -100.8320706
163 288.4050247 292.7367594
163 -597.9497153 -102.1549906
163 26.13206469 63.00745938
163 88.14794469 97.27469938
163 -191.6489353 -39.64717062
163 -85.81559531 27.82157938
163 -211.5759353 -144.3240706
163 -38.52132531 -10.21228062
163 -290.5369553 -139.1966506
163 329.4148747 300.6731394
163 -634.3299253 -134.5664506
163 23.65519469 37.41159938
163 173.1453447 93.63667938
163 -269.3702853 -173.5924906
163 -161.9665553 -119.8501206
163 -5.652975309 -39.59688062
163 22.33283469 9.631469383
163 -773.2361753 -207.3268606
163 22.33340469 9.632589383
163 248.5521547 102.2367594
163 -156.0128653 -143.6615006
163 45.09156469 -87.55326062
163 17.70263469 -28.07165062
163 24.31721469 -12.19665062
163 276.4987747 77.76279938
163 228.1343647 119.3283194
163 -172.3850353 -224.1731806
163 111.9604447 -21.78780062
163 102.5346647 -120.6758206
163 45.09156469 -41.82741062
163 9.765134691 -6.243530617
163 83.84846469 16.24604938
163 313.5398747 86.36063938
163 296.1765947 55.27209938
163 238.1336247 69.16271938
163 153.3015947 190.8710494
163 -178.5024453 -297.1198306
163 146.3568447 -43.61481062
163 151.4831447 26.83050938
163 159.4200747 -179.5456106
163 129.4890947 204.7616794
163 -176.5180753 -342.7604606
163 106.0073147 -81.98051062
163 219.7781547 12.60802938
163 160.9083647 -54.19926062
163 193.1544547 51.96479938
163 143.7110147 -193.4351206
163 159.4200747 -193.4362406
163 247.5605347 -116.7048306
163 38.78661469 -235.6042106
163 124.4147547 218.3080594
163 -261.0485753 -368.5999406
163 -128.5617753 -321.5926706
163 -172.8800553 -397.0000406
163 238.2989847 22.52990938
163 216.4708647 -97.85551062
163 214.3211247 48.65750938
163 119.7325747 -217.2487406
163 179.2638247 -220.5560306
163 315.6901747 -84.95595062
164 -569.7212069 -491.5198837
164 -527.3051969 -455.3050337
164 -503.6112869 -442.2092237
164 -463.8051969 -431.4925337
164 -387.1581369 -363.1958437
164 -322.3357969 -357.2438437
164 -269.4191269 -318.2178037
164 -258.1743369 -295.0667537
164 -222.4550169 -259.3468937
164 -289.2628769 -262.6552937
164 -177.4764169 -237.5198837
164 -350.1164769 -294.4041837
164 -158.9550169 -201.1385537
164 -371.2837069 -318.8792537
164 -98.01873687 -162.9404537
164 -269.4191269 -250.7490437
164 -420.2316269 -358.5667537
164 -132.3313169 -95.13985373
164 163.9187631 -50.49253373
164 -477.7784969 -396.9313437
164 -181.2798069 -130.8597237
164 -134.9777169 -79.26597373
164 165.2422531 -17.41850373
164 314.0698031 12.67673627
164 -222.4555869 -146.9000937
164 -97.93605687 -44.20868373
164 175.4121731 124.2989463
164 333.9135531 14.66110627
164 395.4297531 82.13097627
164 -270.0805869 -189.8948837
164 -95.28964687 -10.47319373
164 203.8543131 118.3447063
164 12.69342313 126.2833163
164 437.7625131 12.01527627
164 517.7989731 141.6611063
164 -274.7107969 -213.7073837
164 -82.06105687 30.53610627
164 -197.3195969 -20.56043373
164 334.4564231 150.1267163
164 244.8647331 111.7301163
164 211.7918131 202.3499063
164 185.1686831 224.3445163
164 -27.82089687 127.7715963
164 -41.71209687 86.09860627
164 700.3614731 223.6819463
164 -301.8305869 -230.9052937
164 -41.71152687 86.09972627
164 -165.6060769 106.4704663
164 -149.6951669 20.44886627
164 -231.0904469 -23.50609373
164 400.6022531 226.8558863
164 507.7585131 181.8767163
164 316.3022331 100.4853263
164 224.1941531 242.2027763
164 148.3744931 227.9814163
164 224.1947231 242.2038963
164 -8.638606868 160.1830563
164 -425.4406069 -300.1930637
164 -354.0857969 -270.5927937
164 -152.2583169 137.3616263
164 -210.5493369 119.6676163
164 -276.6945969 -43.05001373
164 720.7480931 336.6579663
164 576.6687631 210.4527763
164 386.9129031 92.71319627
164 245.3613931 291.1518063
164 96.11928313 235.9189163
164 112.4076931 209.1298563
164 218.9024931 280.5673563
164 26.41811313 241.5413163
164 -462.4822769 -295.5628537
164 -132.4139969 173.0814963
164 -216.5383669 89.93400627
164 -143.9900869 234.5960063
164 -326.9659969 146.1259563
164 -242.2987669 -8.654183734
164 -356.0695969 -107.8729337
164 941.6751731 474.2412963
164 867.5918431 396.1892163
164 624.1751731 306.2308863
164 724.8354331 244.1871463
164 274.4655631 328.8549363
164 58.41616313 244.5178763
165 32.81336537 -23.48520239
165 11.31597537 -36.05291239
165 121.1180554 28.77000761
165 28.71573537 26.25864761
165 2.257395372 19.64405761
165 -8.527774628 -46.63624239
165 209.7534754 64.48875761
165 119.3355254 56.02426761
165 125.0868054 -38.69874239
165 -70.50358463 15.67418761
165 0.7326353723 81.68667761
165 -106.4236146 -81.03207239
165 283.8368054 92.27000761
165 232.2430554 12.89500761
165 166.0972254 108.1450076
165 -7.204864628 -96.90707239
165 125.0868054 -112.7820724
165 -243.1442146 -24.67476239
165 0.7326353723 97.56167761
165 -66.73611463 59.19708761
165 114.0432854 75.20543761
165 -79.96527463 75.07208761
165 106.7678154 92.40447761
165 -173.5616346 -34.06853239
165 -240.3689246 -45.31332239
165 252.0868054 -37.37582239
165 240.5112854 135.2647976
165 167.4201354 129.3116776
165 -11.63379463 -125.2164324
165 -82.61111463 -116.7508224
165 -11.63265463 -84.20378239
165 105.2430554 -112.7820724
165 222.6878254 -105.5380524
165 -291.9273346 -41.70843239
165 -200.3506946 7.603337612
165 102.5972254 116.0825076
165 0.7326353723 113.4366776
165 -110.3923646 73.74917761
165 -171.2465246 27.44708761
165 119.3349554 56.02314761
165 190.1115654 52.71697761
165 -151.4027746 44.64500761
165 -94.84809463 -24.14666239
165 -287.9939246 -69.12582239
165 244.1493054 146.5095976
165 235.2196154 100.2075076
165 167.4201354 145.1866776
165 41.94433537 -104.0497624
165 -96.30046463 -141.0914324
165 4.701385372 -231.8445724
165 -171.7061446 -125.8767724
165 -9.850694628 -16.20916239
165 114.5034754 -208.0320724
165 -300.5616346 13.55646761
165 -331.1176046 -55.10073239
165 102.7990654 129.4461476
165 -99.80902463 125.3429276
165 10.32378537 185.5356376
165 -185.7986146 60.52000761
165 -312.4678846 -81.03207239
165 -281.0486146 -103.5216624
165 248.1180554 174.2908476
165 96.31336537 168.3377176
165 179.3263854 314.5200076
165 -241.8207246 -188.0538524
165 -110.3923646 -399.8549924
165 25.86805537 -313.8654124
166 -91.57507945 72.28682534
166 -159.6688095 67.95645534
166 -37.21690945 71.42799534
166 -116.0131295 91.76783534
166 -180.8719495 52.44307534
166 -43.91359945 86.47728534
166 -19.43964945 42.82103534
166 -60.45062945 117.5647053
166 2.470590548 -45.65013466
166 21.57020055 69.27825534
166 -64.41880945 23.63874534
166 -70.37250945 134.1011653
166 -99.47666945 112.9345053
166 60.59624055 -43.16966466
166 10.98687055 -84.84154466
166 -182.8198595 -49.12167466
166 38.76812055 79.20012534
166 -126.5137795 27.11028534
166 -123.9506295 103.0126253
166 74.48744055 -38.53834466
166 51.33583055 17.02304534
166 69.85666055 -65.65924466
166 22.85721055 -120.1975447
166 -309.0862995 -129.7504947
166 43.39833055 39.51262534
166 61.25827055 93.09186534
166 -165.6219395 22.97728534
166 84.16070055 -37.71263466
166 72.91591055 0.6519453425
166 77.79416055 -66.98216466
166 47.99263055 -92.41629466
166 53.28430055 -162.5308847
166 -286.6688095 -45.15292466
166 -369.3511095 -155.6164647
166 91.68479055 118.8876253
166 79.53049055 2.967055342
166 136.0857405 -39.69589466
166 91.10601055 -78.72305466
166 79.53106055 2.968175343
166 51.33640055 -115.2675047
166 20.24729055 -157.6019547
166 71.17958055 -164.2165447
166 -275.6726395 27.44101534
166 -385.8048795 -168.6802647
166 105.5759805 105.6595753
166 203.7660705 200.9404753
166 74.48744055 43.48249534
166 183.7101805 34.38632534
166 122.8560105 -56.23346466
166 249.1945505 -28.45221466
166 87.79872055 -147.5147147
166 162.8742405 20.16496534
166 -45.23708945 -133.1279947
166 147.2478505 -167.5227147
166 -417.2580295 -187.2886447
166 -334.2943795 -244.9144547
166 138.7310105 88.62590534
166 87.71604055 60.01783534
166 202.4431505 273.0394353
166 250.2335105 229.3004953
166 104.3351805 -99.22826466
166 152.5389505 -153.6332047
166 -418.5008595 -227.1057547
166 -419.6419895 -135.2517147
166 -268.8100095 -256.1592447
166 171.0597905 81.84595534
166 200.4587705 347.7842253
166 339.0707705 277.6387453
166 426.3468005 222.1071453
166 -424.4539895 -261.5015847
166 190.2420805 52.08033534
166 268.2941605 61.34075534
166 213.6879405 383.5029753
167 41.017426 -5.515743
167 83.351326 33.511417
167 28.450286 -12.129213
167 25.803886 5.729047
167 114.439306 42.770707
167 132.298676 70.551957
167 -44.972154 -96.135543
167 54.825366 39.959517
167 1.909276 -8.987283
167 79.382016 9.697797
167 138.913266 48.723837
167 148.174246 81.136417
167 -61.508614 -119.948043
167 113.034276 77.002297
167 -90.235274 -102.304693
167 -58.201894 -29.990823
167 207.043466 97.010297
167 134.283056 94.364457
167 -11.237214 67.576517
167 -234.892814 -225.284163
167 -50.382414 4.603507
167 -135.875904 -31.528653
167 -66.800284 -51.487103
167 237.471126 112.224957
167 148.091566 104.783547
167 207.044606 97.012527
167 -29.758044 66.253597
167 21.173676 100.317587
167 -307.653794 -187.582153
167 -256.720934 -240.497703
167 -150.144034 -34.289183
167 311.553886 165.140507
167 271.204926 112.223837
167 285.673766 178.203187
167 -78.613094 54.983457
167 29.772636 125.453007
167 -294.770454 -177.878843
167 -341.966944 -166.250123
167 -282.435694 -238.349083
167 -467.643464 -358.733383
167 363.809096 162.494667
167 331.976976 178.205427
167 350.580496 146.620787
167 242.018646 178.866877
167 331.976416 178.204307
167 -83.997064 100.319827
167 -76.060694 26.895707
167 -135.401874 40.019817
167 32.418466 165.801957
167 -258.043854 -145.909163
167 -266.989204 -178.540303
167 -386.946114 -135.161583
167 -326.752844 -132.514633
167 -384.961744 -252.901163
167 -457.060694 -381.885543
167 -478.226794 -336.905253
167 400.850766 157.864457
167 363.809666 162.495787
167 223.497246 182.173057
167 362.404066 181.512717
168 -139.6298811 -67.46248272
168 -154.8439811 -44.31256272
168 -218.0126911 -114.4260227
168 -97.62727111 -40.34269272
168 -58.27050111 -158.7437327
168 -163.4423811 -31.08227272
168 -141.2829611 -27.11240272
168 -189.5694211 -68.12282272
168 -71.16837111 -21.82074272
168 -74.47623111 -41.66560272
168 -100.6865211 -159.9012827
168 34.66382889 -160.0677627
168 -182.6246711 8.605227284
168 -135.6611311 -21.16040272
168 -163.4418111 -31.08115272
168 -228.4252511 -101.9594327
168 -211.7288411 -35.05102272
168 -53.30956111 -40.34269272
168 59.46907889 87.98022728
168 -47.19051111 -46.62542272
168 -12.96061111 -101.1968527
168 55.83105889 -180.5718527
168 157.2822289 -159.9012827
168 -66.62085111 50.44358728
168 -147.5673811 1.990647284
168 -181.3017511 -31.08227272
168 -212.8115411 -62.92517272
168 -232.8863111 -2.700882716
168 3.575848889 -39.68123272
168 -47.19107111 -46.62654272
168 129.2534989 163.3875973
168 31.02636889 133.6208473
168 105.6884789 20.01538728
168 14.32454889 -48.61092272
168 -20.23665111 -89.95206272
168 -4.361651111 -127.6551927
168 201.5092589 -157.7226627
168 -158.1507111 15.88126728
168 -211.7282711 -35.04990272
168 -236.7897311 -40.06225272
168 -234.3005411 57.05816728
168 60.13053889 -16.53019272
168 -35.62388111 -62.08872272
168 -44.71061111 -57.54060272
168 83.61174889 166.0311873
168 250.3003789 173.9709273
168 259.9212389 108.6861673
168 16.47428889 160.7406473
168 -5.327121111 116.4586273
168 51.36675889 28.38711728
168 173.9013689 -9.254152716
168 94.69116889 -78.04693272
168 -16.80379111 -114.9243827
168 280.6930489 -161.0684627
168 -172.1228911 43.83011728
168 -342.6975911 -58.86352272
168 -247.6956311 70.12084728
168 -27.51269111 -85.98331272
168 115.3617489 189.1822373
168 274.4196789 100.8793173
168 288.6643889 174.6312673
168 310.1081489 -32.95244272
168 8.536788889 171.9854373
168 -39.83235111 112.6195473
168 49.54720889 42.33959728
168 197.0524189 -17.85310272
168 261.8753289 14.55834728
168 123.4651789 -90.94425272
168 334.7833789 -160.5108327
168 -148.3115211 62.34871728
168 -327.0706311 109.8083473
168 132.5602289 205.0583473
168 302.8857489 29.11043728
168 326.3675189 168.0166873
168 513.2294989 -46.95727272
168 283.0419989 -40.34269272
168 -2.046541111 201.0895973
168 -182.2604611 121.0631373
168 96.51074889 203.0739773
168 -104.6552711 79.54663728
168 212.8452989 -23.63975272
169 -11.47092482 -55.24409471
169 85.76344518 -75.74929471
169 -43.79970482 -48.46414471
169 7.711365176 -85.00971471
169 -76.95473482 -31.43047471
169 46.07594518 -99.56179471
169 -90.84592482 -18.20242471
169 -94.81467482 -77.07221471
169 65.91969518 -139.2492947
169 -121.2724448 -43.99818471
169 21.23535518 63.85042529
169 -108.0432748 -93.60755471
169 -109.6148048 -136.4381047
169 -143.7625948 -57.88992471
169 67.70279518 92.21044529
169 19.91243518 135.9493853
169 -103.0002248 -134.1229947
169 -108.0432748 -175.6283947
169 -102.9996548 -134.1218747
169 -160.9605148 -67.81179471
169 -139.1323848 -97.57742471
169 156.5400552 140.5486953
169 243.8160852 85.01709529
169 17.92805518 210.6941753
169 -98.37001482 -174.8026847
169 -104.7365548 -204.0722147
169 -121.9344748 -180.2597147
169 -19.65647482 -116.9250847
169 -201.9703648 -94.26901471
169 -131.1948848 -120.0670047
169 281.3070652 205.8665853
169 337.7431652 78.40250529
169 -27.71256482 178.2827153
169 31.15722518 246.4129253
169 86.71972518 237.1525053
169 -91.42470482 -215.8131047
169 -46.44497482 -176.7859447
169 -112.6740548 -202.7492947
169 -180.0601248 -182.7401847
169 -246.9495248 -113.4513047
169 -219.7476248 -65.66205471
169 346.7925752 235.6344453
169 343.7321952 108.1361153
169 311.9821952 -20.18679471
169 37.11035518 268.2410453
169 113.1780552 237.8139653
169 114.5009752 230.5379253
169 -94.73199482 -284.6047647
169 1.179465177 -102.7037247
169 -59.67470482 -193.3235147
169 66.66383518 -165.5422647
169 -134.5380848 -229.5063447
169 -365.3505748 -186.2117247
169 -171.5438448 -221.9315947
169 -309.0444948 -109.9797647
169 -226.4443148 -50.61276471
169 -274.1057948 -64.80322471
169 375.2347152 246.2166653
169 388.6754552 94.93896529
169 410.2914452 223.0645053
169 227.3155352 134.5944553
169 186.3051152 16.85486529
169 22.09978518 302.2774953
169 401.5738952 331.0795953
169 154.1884752 201.4337553
169 -78.19553482 -236.3183147
169 -491.6170148 -266.8405447
169 -159.6735048 -257.2875947
169 -348.1526548 -114.1127647
169 -242.9813448 -19.52534471
169 -342.1995248 -69.13359471
169 403.0159652 272.0135353
169 305.6624352 256.3347953
169 472.2204752 19.00460529
169 402.0232152 125.8301253
169 156.5394852 140.5475753
169 133.3884452 14.20903529
169 87.58245518 376.3574753
169 -1.714414823 300.9512253
169 -40.61100482 265.2644853
169 180.6468152 343.6472953
169 397.0622752 366.6009653
169 -551.8818248 -292.7065147
169 -469.1995248 -182.2429747
169 -129.2464148 -299.6209347
170 267.9422664 78.9100748
170 291.7541964 110.6589548
170 239.4630764 44.8758648
170 126.2323364 43.6986448
170 308.2912264 115.2902748
170 209.0719064 -17.6639652
170 93.1594164 50.3132348
170 128.8781664 -7.8951052
170 159.9667064 74.1257348
170 344.6349564 159.3081548
170 48.9989864 -108.9452152
170 66.7010864 43.6986448
170 109.6958764 -46.2596852
170 229.6597964 146.8737948
170 171.2114964 123.0736448
170 418.8467564 215.6460848
170 35.1083664 -126.1431352
170 -12.0124636 37.7455248
170 289.1916164 187.8853348
170 195.0245664 142.2570548
170 449.9352964 224.9065048
170 -93.8754436 -200.2253452
170 366.8297164 247.9115548
170 206.9302464 154.1621848
170 -48.8135936 52.9478348
170 -141.5010136 -137.3879252
170 -81.9691936 -222.0534752
170 394.2802364 246.9193748
170 289.1910464 187.8842148
170 -134.8037436 37.0717148
170 -142.1624636 -121.5129252
170 437.9370564 261.4725748
170 -203.5948436 -6.5834152
170 -154.0681536 -102.3295152
170 482.9156564 227.7370748
170 -352.5056536 -55.3659752
170 -159.3598136 -88.4388852
170 493.3336264 228.8946348
170 -469.5016636 -109.4413052
170 -210.9541336 -116.8827152
170 -169.2822636 -67.2733352
170 -132.9379636 -64.9262152
170 547.5737764 189.8697048
170 544.9273764 234.8477548
170 -515.8858636 -130.1107652
170 -466.8558236 -138.5454752
170 -283.7139836 -177.0743052
170 551.8726864 196.4831748
170 539.3061164 173.9958248
170 561.4638364 257.0066048
170 -540.3603836 -138.0493852
170 -556.1527036 -188.8163052
170 -467.5172836 -182.8631852
170 -313.4801736 -193.6118852
170 -467.5167236 -182.8620652
170 693.5982164 249.0814548
170 542.5400264 158.1003248
170 610.4117564 293.7175448
170 -633.6260136 -171.1222952
170 -729.4547836 -278.7746452
170 -411.3754436 -196.9180552
170 -437.0902036 -229.1652652
170 -505.8813036 -189.4766452
170 502.8519664 78.0627548
170 625.9560264 282.8034848
170 611.4039364 315.8764048
170 -673.9749736 -193.6118852
170 -756.0317136 -293.1293452
170 -757.2354736 -278.1120652
170 -671.9079136 -284.0663052
170 -445.8077536 -204.4939252
170 -452.9652036 -229.8267252
170 -516.4646336 -217.9193552
170 -556.1515636 -188.8140752
170 479.7009164 12.5783748
171 -156.0371171 39.42366368
171 -346.5371271 26.19449368
171 -111.0579571 34.79345368
171 -59.46420711 32.47835368
171 -48.21941711 58.60595368
171 -130.1575671 -68.22868632
171 -111.0585171 34.79233368
171 9.988922894 79.77262368
171 -184.3971471 -6.713056316
171 -118.2513171 -76.82763632
171 118.8455929 127.7603637
171 -231.3606871 13.79215368
171 -145.3711071 -113.8693063
171 -73.35482711 -113.0424863
171 95.85991289 130.7369237
171 -149.3392871 -138.3421463
171 -86.58399711 -123.6258163
171 -30.14789711 -98.62375632
171 44.92762289 128.7525537
171 -14.48503711 -91.87581632
171 -35.43956711 -25.20187632
171 29.05262289 125.4452637
171 118.4680829 -68.06331632
171 -8.531917105 -75.33935632
171 -22.21039711 1.256453684
171 179.9837129 -66.07894632
171 69.52017289 -17.13102632
171 -16.91872711 33.00645368
171 213.4781229 -56.47544632
171 14.16981289 66.07937368
171 391.8625229 31.02208368
171 193.6343729 -44.56919632
171 9.989482895 79.77374368
171 30.04481289 77.98562368
171 20.73762289 40.41585368
171 184.3739529 -16.78794632
171 168.2896029 2.579373684
171 185.6968729 36.12872368
172 64.17722608 -110.92398
172 71.78399608 -135.06721
172 2.661606076 82.55259
172 93.94285608 26.65936
172 105.6010561 -231.30939
172 -18.17376392 -218.40984
172 -3.208273924 164.40917
172 -38.01808392 -254.12971
172 94.60430608 195.99269
172 46.31785608 152.9979
172 -51.36584392 -285.02087
172 109.9011061 397.24251
172 94.60374608 143.0749
172 156.8646461 203.43521
172 50.28660608 28.64373
172 -96.30910392 -271.82372
172 32.17917608 -360.95523
172 197.8744961 441.063
172 61.61464608 362.84667
172 73.43764608 62.37811
172 140.3276161 46.83384
172 177.0391261 238.32714
172 -212.7257639 -245.36538
172 -29.74985392 -156.89533
172 -102.2981339 -301.55733
172 72.52870608 -305.39161
172 18.95058608 -401.96453
172 204.4890761 450.98488
172 -38.34881392 333.90675
172 -37.47521392 304.66924
172 62.07426608 23.21871
172 82.03660608 19.38331
172 142.9740161 -20.6338
172 189.6068361 324.97818
172 -283.5018139 -239.41226
172 -196.2252139 -294.94274
172 -128.0591039 -400.14663
172 86.41933608 -263.71974
172 16.30417608 -435.70002
172 -83.07936392 -412.05177
172 168.6876461 449.66196
172 -76.71339392 323.98488
172 -33.50646392 397.93486
172 -3.208843925 164.40805
172 72.98832608 339.72653
172 -71.42173392 287.60467
172 152.8953261 -62.30679
172 200.8510561 335.5604
172 -421.9119639 -212.6232
172 -372.3385039 -287.74939
172 -253.7361839 -363.10497
172 126.9336561 -265.20802
172 105.6016261 -231.30828
172 -20.73748392 -470.75731
172 -35.45493392 -371.04247
172 -116.8502139 -414.99743
172 25.89589608 444.20605
172 -71.33905392 397.24139
172 -187.0942539 300.66847
172 -17.09946392 426.34555
172 -70.01613392 136.6268
172 -85.97381392 277.68279
172 156.8646461 -86.11817
172 209.5794661 402.8958
172 -418.8059439 -316.10941
172 -283.5012439 -239.41114
172 -306.6528539 -365.7508
172 72.52813608 -305.39273
172 299.4089161 -167.14682
172 289.6524061 -267.19239
172 140.6583461 -149.95002
172 -18.09108392 -486.63119
172 -162.4543639 -434.54135
172 88.73386608 476.61639
172 -39.12886392 603.31767
172 -193.0473839 298.02264
172 -82.00506392 129.51613
172 -131.5317539 255.35858
172 231.2787061 391.78547
173 9.272383334 80.90773
173 13.90259333 37.91294
173 -23.17497667 -118.82067
174 -35.82073288 41.34826153
174 -102.7101329 24.64756153
174 40.24697712 54.57743153
174 -146.8630429 10.25972153
174 58.10635712 55.90035153
174 -149.5088829 -30.75068847
174 -254.8461229 -48.11396847
174 -105.7231729 31.29304153
174 56.78343712 16.21285153
174 220.5770571 82.35868153
174 -150.5010629 -52.90954847
174 -266.7523729 -65.97334847
174 -102.8755029 -11.23655847
174 -44.99846288 64.16858153
174 11.80483712 -0.9839484745
174 140.7892171 43.33376153
174 -199.4489829 -89.62048847
174 -134.9567929 -63.82360847
174 -322.9763229 -85.15563847
174 7.386197119 63.70450153
174 -183.5734129 36.05772153
174 25.69546712 88.97438153
174 -19.73359288 -47.42049847
174 209.5803171 69.79097153
174 184.4448971 28.11910153
174 -215.9854429 -111.7793385
174 -133.9646129 -87.96683847
174 55.87393712 78.38993153
174 -242.4437729 23.15816153
174 -77.94192288 -38.16007847
174 13.37267712 -53.74792847
174 220.5776271 82.35980153
174 230.0860871 34.07334153
174 -267.5791929 -117.7324585
174 -140.5791929 -96.56579847
174 -300.3219529 0.006001525326
174 28.34291712 -62.45155847
174 253.6499771 92.94201153
174 262.7091171 37.90762153
174 290.9396871 91.61910153
174 -213.3390429 -156.7573885
174 -277.9971629 -118.8900185
174 -138.5948129 -111.4486085
174 -326.9450729 -36.86917847
174 46.79462712 -66.28115847
174 302.1844771 135.2753515
174 313.9721371 75.61075153
174 311.6570371 45.84512153
174 405.3719771 109.4784715
174 -221.6067029 -172.6312685
174 -209.0401329 -150.1439185
174 -322.9757629 -85.15451847
174 -329.5903429 -50.75868847
174 64.57250712 -65.68222847
174 129.6532071 -17.54080847
174 402.4780971 146.1894115
174 395.2026271 210.0212615
174 530.8015871 104.1879215
174 426.5386471 118.7388915
175 41.90624954 -135.2913429
175 18.75519954 -200.7757229
175 81.59430954 -55.25377287
175 78.36039954 -39.35827287
175 232.6524995 35.72735713
175 86.62805954 -23.48439287
175 90.92696954 -16.87092287
175 32.38790954 15.54053713
175 21.96993954 14.38297713
175 83.98165954 21.49365713
175 -23.00866046 48.11847713
175 100.5181195 43.65250713
175 -66.66548046 33.56527713
175 149.4660395 80.36344713
175 -94.11600046 34.55745713
175 150.4582195 102.5223071
175 165.0103095 69.44938713
175 -171.7541005 -25.46876287
175 153.1040595 143.5327171
175 166.0024895 45.30615713
175 -231.2859205 -66.48030287
175 194.2439295 164.5660371
175 197.2569695 157.9205571
175 45.12097954 85.15902713
175 159.3879095 36.70719713
175 -300.9790105 -139.2283629
175 197.0915995 122.0364371
175 254.9686395 197.4415771
175 264.1463695 174.6212571
175 33.21472954 67.29964713
175 161.3722895 21.82438713
175 -334.7133805 -169.6554529
175 -289.7342205 -90.28045287
175 116.3936895 169.3307171
175 325.6625695 222.2473771
175 307.3532995 196.9774971
175 340.2140795 187.8504271
175 -23.00922046 48.11735713
175 -193.0034505 -134.4440229
175 -367.7863005 -163.0408629
175 -332.0675505 -221.2492029
175 -265.9211505 -71.09704287
175 57.52332954 156.4311571
175 355.8410395 211.6629271
175 358.0734595 189.1733471
175 -169.1915205 -102.6951429
175 -221.4826405 -168.4782329
175 -394.2446305 -169.6554529
175 -351.2498405 -259.6137829
175 -509.7593105 -160.4062629
175 -254.0154705 -59.19191287
175 -0.3548504594 133.2789971
175 356.7505395 149.4858471
175 520.5441595 215.6316771
175 -152.6544905 -98.06382287
175 -251.8738105 -231.0180629
175 -472.9581805 -175.6085729
175 -595.7494605 -176.2823829
175 -171.7546705 -25.46988287
175 -26.97797046 96.40381713
175 311.7719395 132.2890471
175 440.7563195 176.6067571
175 -116.3107605 -54.04594287
175 -411.9467305 -322.2993129
175 -664.5405605 -219.9375129
175 -29.62324046 82.51430713
175 280.2335095 85.85249713
175 509.5474195 203.0639671
175 484.4119995 161.3920971
175 -42.09896046 2.291987126
175 -425.8373505 -339.4972329
175 -813.4513705 -268.7200729
175 -34.91547046 69.94547713
175 222.0251795 95.11291713
175 313.3397795 79.52506713
175 520.5447295 215.6327971
175 530.0531895 167.3463371
175 -11.01042046 11.55240713
175 -554.8211605 -413.5794429
175 -930.4473805 -322.7954029
175 -100.3998505 36.87256713
175 328.3100195 70.82143713
175 553.6170795 226.2150071
175 562.6762195 171.1806171
175 590.9067895 224.8920971
175 -602.4467305 -350.7420229
175 -542.9149105 -435.4075729
176 -54.39977303 97.54756237
176 -42.90693303 100.1933924
176 -153.370483 84.97985237
176 -11.15693303 63.15172237
176 65.98563697 120.0371424
176 -161.281263 68.47908237
176 -0.5736030266 34.04756237
176 101.979157 131.9790824
176 -173.875683 63.81318237
176 7.363896973 22.80277237
176 -191.370853 -16.87473763
176 87.40035697 65.13610237
176 165.865847 143.1881824
176 -201.904423 104.8247224
176 -193.057983 62.49027237
176 21.91597697 -4.317027631
176 -226.792353 48.59964237
176 -243.302093 -30.07820763
176 123.449837 67.12047237
176 194.970017 150.4642224
176 -229.438183 63.81318237
176 74.50135697 28.09331237
176 -75.73124303 -87.49428763
176 -14.43751303 -21.47924763
176 50.35868697 -49.95764763
176 -287.619803 53.26554237
176 -300.296913 -26.64123763
176 -190.494823 -35.90165763
176 106.251357 51.24436237
176 154.456257 93.08383237
176 172.397747 70.42777237
176 215.972447 147.3245324
176 -272.432983 70.42777237
176 120.143107 25.44972237
176 -144.771523 -159.0982776
176 -48.94274303 -25.31832763
176 -80.27876303 -159.7586176
176 96.57808697 -117.9224876
176 -354.783973 59.18409237
176 -113.765663 -58.39123763
176 215.971317 147.3223024
176 274.510947 134.4249824
176 187.611297 80.34964237
176 236.451817 55.92662237
176 265.167287 140.8730824
176 -332.211713 81.67368237
176 241.189987 36.03305237
176 250.810847 -29.25170763
176 -150.393353 -165.0502776
176 -156.677773 -135.9472276
176 -106.737663 -178.2805676
176 -62.41995303 -178.2805676
176 164.790977 -147.1920276
176 42.25636697 -109.5507576
176 -413.654333 40.66214237
176 -157.421913 -75.58915763
176 235.153607 163.1973024
176 313.453737 132.9355824
176 461.704227 203.2177624
176 334.455047 91.59443237
176 272.277957 61.82881237
176 -374.545613 84.97985237
176 -274.003943 91.59443237
176 265.309287 -37.05855763
176 279.553997 36.69339237
176 300.997757 -170.8903176
176 -163.954373 -182.2504376
176 -172.552203 -169.0190276
176 -167.261103 -122.0566076
176 -148.740273 -205.4003576
176 -83.58662303 -179.6034776
176 -5.534543027 -177.6191076
176 -56.30146303 -184.5644176
176 187.942027 -155.7909776
176 51.02014697 -154.4680676
176 252.764937 -123.3795276
177 221.7055376 16.74635829
177 166.1430376 0.8713582896
177 101.3201176 -29.55572171
177 169.8169676 -38.18670171
177 163.4972076 98.76718829
177 58.98678763 -34.84739171
177 186.6841576 -31.24138171
177 113.9231676 -64.97688171
177 -21.71113237 -114.2223917
177 114.5492876 -28.23281171
177 290.5336876 -145.6725617
177 -50.77881237 -127.1517217
177 -7.619232369 144.5411683
177 93.38261763 53.78802829
177 319.6372776 -158.9028417
177 -212.7539924 -209.3390417
177 77.04743763 160.4161683
177 -153.1394924 97.57874829
177 395.0076176 -163.1703117
177 334.1893676 -168.8247217
177 -275.5925324 -208.0161217
177 -288.1602424 -236.4588317
177 130.6255676 181.5828383
177 81.47636763 188.7255283
177 -190.7137324 92.81406829
177 -119.6069624 -20.29531171
177 468.9614976 -181.2270617
177 455.7317676 -225.5458917
177 -335.1237824 -237.1202917
177 -286.2944624 -167.1390617
177 77.04857763 201.4288183
177 6.070117631 168.8817783
177 213.7680376 246.9338583
177 -236.6491824 89.80548829
177 -187.4064424 126.5484383
177 -52.13821237 -7.06614171
177 -199.6075124 -35.87159171
177 470.2844176 -113.7583117
177 458.3787376 -246.0488617
177 -425.2007124 -272.9723917
177 -356.2904524 -266.2244617
177 -269.0606324 -134.4288817
177 78.83053763 269.4234383
177 -83.02491237 159.7558283
177 213.7680376 172.8505283
177 209.7992876 314.4026083
177 320.9242876 298.5276083
177 -352.9004824 79.71824829
177 -184.0991524 150.3609383
177 -237.9720924 107.6648683
177 -258.5132124 -33.52447171
177 -178.4408424 -52.40805171
177 -258.5132124 -12.35781171
177 499.3157776 -161.4026917
177 471.5345276 -95.91831171
177 457.7167076 -273.1697717
177 -503.2527924 -303.3994717
177 -461.4623324 -329.7244617
177 -493.9923824 -254.4515617
177 -280.3054324 -134.4288817
177 -192.3673824 182.1109383
177 193.9242876 172.8505283
177 311.3690576 180.0945483
177 208.0167576 341.6568683
177 298.4347076 350.1213583
177 121.4945976 262.1473983
177 340.7680376 248.2567783
177 -456.0874124 139.2506183
177 -351.0149224 53.58410829
177 -343.1439724 131.4773683
177 -201.6277924 149.0380283
177 -382.1694424 -29.91735171
177 -50.77938237 -127.1528417
177 -317.6778224 23.32892829
177 -241.3152924 49.81927829
177 601.8418176 -231.5172717
178 60.26391082 71.54182205
178 -88.64689918 22.75926205
178 129.0550108 115.1969521
178 -205.6429092 -31.31606794
178 215.0451608 131.0730721
178 -202.9970692 -60.42023795
178 -252.0271092 -51.98552794
178 458.8833208 220.3822921
178 -292.2939492 -110.6910679
178 -203.6585292 -104.7379479
178 -276.5016292 -59.92414795
178 470.7890008 232.2874221
178 435.0702508 201.1988821
178 -465.5960292 -200.6494079
178 -369.7672592 -92.99705795
178 553.0498008 266.0094521
178 423.8254608 152.2509721
178 -492.1729592 -215.0041079
178 -408.0491592 -205.9410679
178 -493.3767192 -199.9868279
178 -410.1162192 -115.4866479
178 493.5185508 224.9990321
178 390.0910908 121.8238821
178 -521.1585292 -183.4514879
178 -441.7835292 -178.8212779
178 -541.0022792 -228.4306579
178 -474.9379992 -126.0677379
178 -367.0387392 -108.7066979
178 553.0503708 266.0105721
178 392.7369208 70.23013206
178 531.8010208 157.0353121
178 357.0181708 128.4384721
178 -545.7151692 -202.7991479
178 -570.1891292 -173.6949779
178 -448.4807992 -137.9762279
178 -529.8396092 -145.2511479
178 -292.2928092 -110.6888379
178 630.6884708 326.0367921
178 373.5546308 31.86555205
178 503.3218308 123.0011021
178 555.6129508 188.7841921
178 330.5598408 121.8238821
178 -410.1156492 -115.4855279
178 -566.1376992 -156.9931579
178 -557.6214192 -145.2522679
178 -242.0225492 -111.3514079
178 658.1389908 325.0446121
178 472.9306608 60.46127205
178 572.1499808 193.4155121
178 251.8462908 115.8707621
178 -627.6533292 -168.8994079
178 -578.7880892 -135.9918479
178 -252.6058792 -139.7941179
178 -203.6579692 -104.7368279
178 701.7958108 339.5978121
178 312.8577408 -30.81997795
178 608.4937108 237.4333921
178 -725.5491592 -201.9723179
178 -625.7516292 -139.9605979
178 -181.9489992 -126.3686879
178 -259.2204692 -149.0545379
178 -19.85522918 -98.94906795
178 746.7744108 305.8623121
178 298.9671208 -48.01789795
178 682.7055108 293.7713221
178 -147.5166892 -118.7928179
178 -328.0126992 -188.7431579
178 52.90462082 -38.75747795
178 -49.62141918 -115.4866479
178 757.1923808 307.0198721
178 169.9833108 -122.1001079
178 713.7940508 303.0317421
178 -189.1064492 -151.7014879
179 -49.59125434 29.12283105
179 126.5220357 21.92948105
179 -96.05869434 0.7628110528
179 39.24600566 77.46108105
179 220.4491157 15.31489105
179 -208.1399743 -81.29003895
179 -97.38161434 72.86177105
179 164.0130157 142.7789711
179 226.4381457 45.04850105
179 194.6881457 -83.27440895
179 -238.5664943 -107.0857989
179 -194.2487843 -94.51808895
179 -99.36599434 147.6065611
179 229.4985257 172.5468311
179 292.9973957 159.9768911
179 110.0214857 71.50684105
179 271.3814057 31.85135105
179 69.01106566 -46.23274895
179 -261.0566443 -120.9775389
179 -226.9088543 -199.5257189
179 -161.0937543 -111.5517589
179 -212.1087243 -140.1598289
179 -30.57432434 174.0648911
179 -145.0066143 115.1951011
179 -86.13682434 183.3253111
179 257.9406657 183.1290511
179 39.24543566 77.45996105
179 284.7291657 62.74251105
179 354.9264257 -44.08300895
179 16.09439566 -48.87857895
179 -256.4264343 -160.6650389
179 -278.2545643 -130.8994089
179 -220.2937043 -197.2094889
179 -225.3373243 -238.7160089
179 -128.7649743 -118.3317089
179 -225.3373243 -156.6951689
179 -4.115994342 174.7263511
179 -2.793074342 167.4503111
179 -80.18369434 205.1534311
179 285.7219157 208.9259211
179 188.3683857 193.2471811
179 -99.16471434 104.2490211
179 304.5734857 98.46238105
179 395.2759557 11.48061105
179 341.6978357 -85.09230895
179 -248.4889343 -183.1546189
179 -319.2644143 -157.3566289
179 -136.9505243 -180.0126989
179 -215.6640643 -237.8902989
179 -222.0306043 -267.1598289
179 -239.2285243 -243.3473289
179 -31.53060434 -138.8369089
179 -109.5826843 -148.0973289
179 -220.2942743 -197.2106089
179 284.2798457 267.9919811
179 36.89442566 138.3461411
179 -95.19426434 239.1898811
179 292.9979657 159.9780111
179 394.5312457 181.8050111
179 409.1665857 53.15248105
179 339.0514257 -118.8277989
179 239.6678857 -95.17954895
179 -297.3541743 -245.8277989
179 -364.2435743 -176.5389189
179 -337.0416743 -128.7496689
179 -208.7187543 -278.9007189
179 -163.7390243 -239.8735589
179 -229.9681043 -265.8369089
179 -71.21810434 -162.6494089
179 279.7682257 303.5133511
179 -29.71159434 313.2698611
179 -119.0084643 237.8636111
179 -157.9050543 202.1768711
179 63.35276566 280.5596811
179 304.5729157 98.46126105
179 386.9244757 205.9482411
180 94.37701429 44.18758798
180 95.03847429 28.31258798
180 83.13279429 39.55849798
180 94.37701429 9.791757976
180 112.2363943 43.52613798
180 126.4577443 -24.60407202
180 158.4656643 12.74894798
180 68.58014429 62.04696798
180 117.8587943 59.73186798
180 7.312564287 -33.20303202
180 259.6693643 19.36464798
180 77.30855429 72.49694798
180 142.6640443 77.92308798
180 -13.85410571 -42.46345202
180 309.9401943 0.8438079758
180 56.01243429 95.11988798
180 267.6791043 135.138118
180 -128.2863957 -60.32282202
180 206.7526943 -22.30723202
180 388.6531643 -29.58439202
180 35.50779429 105.704338
180 294.7994643 154.321518
180 335.0756143 160.255268
180 -189.1399957 -117.868582
180 243.7937943 -42.15209202
180 184.2631143 -38.18223202
180 30.21556429 124.885508
180 252.3927543 169.514568
180 382.7728543 220.466238
180 368.1473843 187.372828
180 -234.7811857 -123.822822
180 -156.5169657 -114.034302
180 149.2058143 -56.70306202
180 423.9492043 222.286368
180 430.9870743 166.869858
180 -278.4368657 -108.608162
180 -105.2539457 -76.33117202
180 -107.5690457 -106.096802
180 487.2104543 190.681238
180 -209.6457657 -82.15095202
180 -362.4426457 -135.729072
180 111.5755043 -47.75400202
180 423.9486343 222.285248
180 591.2975943 148.863378
180 -198.6484557 -69.58212202
180 -407.4212457 -152.925872
180 -361.1197257 -96.04157202
180 157.2155643 -43.12491202
180 -37.25318571 -149.619702
180 357.1413443 256.681078
180 -165.5761057 -58.99991202
180 -438.9596757 -199.362422
180 -198.6490257 -69.58324202
180 -378.9791057 -97.36449202
180 -346.6862357 -244.341592
180 -104.3577357 -150.949152
180 311.5007143 281.155038
180 591.9590543 176.644628
180 404.7669143 282.479078
180 -117.0416057 -16.66657202
180 -405.8534057 -205.689852
180 -497.1680057 -190.102002
180 -455.0468157 -110.593662
180 -149.3369057 -157.828322
180 298.2715543 290.415458
180 428.3406643 302.467698
180 -16.74798571 -5.752512024
180 -24.02345571 58.07933798
180 -390.8831657 -214.393482
180 -521.9362157 -127.294362
180 -203.3119057 -173.174152
180 230.8854843 324.645928
180 11.28131429 -10.05199202
180 7.064514287 52.45581798
180 -36.59173571 61.71623798
180 35.50722429 105.703218
180 -372.4314557 -218.223082
180 -566.0891257 -141.682202
180 -263.6369057 -181.640822
180 85.11660429 150.020928
180 -289.5728757 -169.482732
180 -354.6535757 -217.624152
180 -568.7349657 -182.692612
180 -674.0722057 -200.055892
181 -27.3748469 25.92082887
181 -50.2377669 15.88344887
181 -57.4264769 77.02907887
181 -8.415346901 29.26661887
181 -48.5648769 -14.22870113
181 -113.8078469 -0.8455211269
181 -13.1087669 72.39887887
181 14.7551631 32.21527887
181 -5.171266901 0.9613788731
181 -58.0879369 -18.88237113
181 36.5832831 18.32465887
181 4.089713098 73.06144887
181 -109.6822569 82.98108887
181 30.3000031 36.84660887
181 -66.0254369 -29.46571113
181 100.6620631 47.26345887
181 45.1816831 3.109998873
181 31.8703931 67.10720887
181 87.4334631 50.57186887
181 -99.7586769 -39.38535113
181 121.8292931 41.97290887
181 59.0728731 -20.70139113
181 0.4516930985 -22.51928113
181 87.7636231 18.49001887
181 321.2584131 123.0004389
181 -286.9519569 -108.1781311
181 76.2707831 -39.88368113
181 26.3306831 -29.30034113
181 109.6744331 -13.42534113
181 -99.7598169 -39.38758113
181 163.1704431 32.38175887
181 311.4192231 132.7569489
181 -296.2956169 -101.7300311
181 -407.0066469 -149.5192811
181 -248.0091669 -109.6675311
181 0.4511230984 -22.52040113
181 142.6652331 -8.628651127
181 242.5460131 60.16412887
181 284.8787731 174.5953089
181 -345.4904569 -95.27858113
181 -345.4915869 -95.28081113
181 -373.8516069 -162.2534711
181 -438.0130669 -175.4826411
181 191.0338031 -0.857641127
181 188.9667531 -67.49956113
181 129.4355031 3.937938873
181 312.7421431 95.05381887
181 249.8209131 41.64105887
181 227.3313331 78.68272887
181 243.8677931 164.6723089
181 318.6131531 196.4234289
181 -366.4928869 -92.13889113
181 -326.3092969 -79.40581113
181 -227.0078569 -151.0086811
181 -389.0651569 -172.1753411
181 -474.0625469 -177.4670111
181 -455.2115469 -191.3587511
181 252.9068731 11.08430887
181 206.1652331 -90.64949113
181 370.2895831 132.7580689
181 365.6593731 57.35181887
181 254.4511231 36.34939887
181 175.7381531 60.16300887
181 321.2589831 123.0015589
181 142.6652331 127.6317589
181 299.5135431 222.0549389
181 352.3469631 224.8650189
181 -395.5970569 -99.41493113
181 -305.8040869 -67.49956113
181 -138.3718769 -119.2575611
181 -325.0110869 -186.6764911
182 35.27758667 -8.15836
182 18.74169667 -4.18849
182 -54.01928333 12.34685
183 232.6302454 -107.0807833
183 225.3541954 -58.1328733
183 244.2051954 -168.5975333
183 223.9121254 0.9331867034
183 197.5729454 -83.9297433
183 219.4005054 36.4545567
183 -64.48371462 -92.3324433
183 128.0006654 -73.8116133
183 169.1308054 -94.5119633
183 204.1869654 146.2566367
183 190.9583654 70.8515067
183 -90.94204462 -92.9939033
183 -23.47329462 -128.7126533
183 103.6452954 -124.2798233
183 192.3639654 186.4413467
183 180.3744654 179.3295567
183 -146.5045446 -83.7334833
183 -159.7337146 -119.4522333
183 -63.16079462 -99.6084833
183 -21.12171462 -189.5977133
183 181.6973854 256.7201767
183 172.5196454 175.8568967
183 192.3633954 186.4402267
183 -140.5514146 -61.9053633
183 -157.7493346 -194.1970233
183 -205.3743346 -151.8636933
183 -109.9589746 -237.9359633
183 157.2234254 294.4233067
183 63.83920538 135.8706867
183 259.1706854 214.2214767
183 -155.5619846 -27.8689133
183 -156.4264146 -266.2959833
183 66.15431538 -245.1293133
183 -34.51681462 126.2475267
183 -16.19725462 106.7665167
183 224.9043154 354.4826667
183 2.985045384 13.5008867
183 -90.07931462 46.2110667
183 -179.3761846 -29.1951833
183 -218.2727746 -64.8819233
183 -268.5076946 -348.3488333
183 160.0813954 -251.7439033
183 21.37641538 290.6199167
183 -58.99020462 104.4205167
183 -79.49597462 82.5912767
183 190.9577954 337.4180967
183 224.0307154 383.7201767
183 323.9941754 412.6600967
183 335.3678554 389.5399567
183 -85.44853462 62.7486367
183 -227.0011846 -10.6743533
183 -289.0123346 -219.3633433
183 -242.7108246 -73.1821633
183 -298.9342146 -374.1445933
183 -254.6165046 -361.5768833
183 134.3204254 -350.3332033
183 166.0704254 -222.0102933
183 -8.719934616 287.6433567
183 130.8477754 305.1720067
183 -79.49541462 82.5923867
183 176.4057154 327.4962167
183 185.6661354 373.7983067
183 228.8730654 447.7482867
183 372.2806354 447.0559367
183 -279.9178546 -9.351433297
183 -312.8254046 -214.0727933
183 -199.0545746 -237.8852933
183 -271.8149946 -117.4998733
183 -287.2765746 -466.5845133
183 -321.4243646 -388.0363333
183 -272.4764446 -407.2186233
183 -221.4614746 -378.6105533
183 8.643345384 -313.2915433
183 49.65376538 -195.5519533
183 211.0136854 -235.2074433
183 232.6296754 -107.0819033
183 69.33214538 347.8360667
183 -101.3241046 283.0131467
183 -64.94389462 240.6798167
183 75.28527538 350.4818967
183 191.0404754 447.0548167
183 245.2800654 476.1589767
183 356.9838354 245.8061167
183 460.2540254 490.8764267
183 -332.1730646 11.8152267
183 -332.0082646 -212.0895333
183 -289.6743646 -155.2030033
183 -315.4712446 -220.6873733
183 -288.3514446 -124.1144533
183 -280.6614246 -464.2682833
183 -285.7050446 -505.7748033
184 -99.55597058 -109.2111355
184 -47.30076058 -69.52363551
184 -20.18097058 -52.32572551
184 -170.9107806 -138.8114055
184 -15.55076058 -28.51322551
184 -207.9524506 -134.1811955
184 32.07423942 14.48156449
184 -260.2076606 -131.5353555
184 73.25001942 30.52193449
184 -334.2904206 -184.4509055
184 -239.7845706 -118.4704355
184 122.1985094 66.24180449
184 -300.5566206 -184.4520255
184 -364.7180806 -199.6655655
184 119.5521094 82.11568449
184 156.5110894 -1.558795507
184 -221.1810506 -150.0550755
184 -423.5873006 -215.5394455
184 156.5937694 117.1729745
184 95.57480942 -39.75689551
184 418.4485894 110.8891245
184 -207.9518806 -134.1800755
184 -457.3222406 -253.9051555
184 159.2401794 150.9084645
184 77.05340942 -76.13822551
184 -14.88930058 -89.36738551
184 568.5996294 174.0583945
184 419.7720794 143.9631545
184 -488.4102206 -263.1644455
184 -432.8482806 -247.9520255
184 -492.3795306 -286.9780655
184 172.4687694 191.9177645
184 57.21022942 140.8212245
184 32.07480942 -97.96523551
184 588.4433794 176.0427645
184 649.9595794 243.5126345
184 429.9419994 285.6806045
184 -545.9576606 -290.9468155
184 -439.4628706 -226.1239055
184 -530.7441206 -302.1916055
184 212.8182994 247.4813845
184 88.92374942 267.8521245
184 104.8346594 181.8305245
184 23.43937942 137.8755645
184 -34.73305058 -101.2736355
184 -3.644510579 -133.6850955
184 692.2923394 173.3969345
184 772.3287994 303.0427645
184 458.3841394 279.7263645
184 267.2232494 287.6649745
184 -516.9361806 -256.7163455
184 -569.8522706 -305.6631455
184 -543.3112606 -308.8050755
184 226.7089294 289.1532545
184 43.98048942 281.0492745
184 102.2715094 298.7432845
184 -22.16477058 118.3316445
184 -95.58665058 -133.0225255
184 -14.88930058 -156.8361455
184 954.8912994 385.0636045
184 466.3216394 363.7315645
184 588.9862494 311.5083745
184 499.3945594 273.1117745
184 439.6985094 385.7261745
184 212.8177294 247.4802645
184 -458.7272706 -219.6735655
184 -661.9968206 -398.9805555
184 -629.9634406 -326.6666855
184 -616.7337006 -392.8114055
185 132.7925608 11.13150803
185 143.7071908 -0.1121619693
185 125.8478208 26.01543803
185 199.9305808 -63.94401197
185 109.9722508 53.79557803
185 103.3576608 35.27473803
185 70.61548076 38.58202803
185 60.36287076 44.53515803
185 91.12125076 20.06231803
185 -6.526529242 57.76543803
185 116.7162908 6.037228031
185 -22.40209924 58.75650803
185 110.5510208 127.217448
185 -9.172929242 65.04036803
185 143.7066208 -0.1132819692
185 155.1167808 145.903648
185 -38.27595924 73.31082803
185 -35.96142924 92.16127803
185 172.1499008 154.999818
185 -45.55256924 50.82012803
185 -159.7373892 94.30989803
185 -74.98803924 124.902348
185 199.9311508 -63.94289197
185 249.5405308 208.577938
185 -80.61042924 7.162758031
185 -161.0597392 80.42038803
185 -155.4379092 128.705728
185 200.5920408 -97.67838197
185 164.8732908 -63.94401197
185 234.9878708 -59.97526197
185 -88.54792924 -90.73307197
185 -169.9899892 29.48697803
185 -122.2823092 76.61588803
185 -154.6110892 142.430988
185 -334.7290292 74.82888803
185 210.6433708 -120.301322
185 116.3855608 -189.754442
185 31.92073076 -129.427272
185 230.4871208 -106.410692
185 283.2743308 -49.39192197
185 -89.20938924 -107.269532
185 -35.38264924 -61.79315197
185 -122.6130392 -112.561202
185 -182.8884292 -42.61198197
185 -52.82917924 56.11067803
185 -435.1515292 137.801898
185 -153.7842592 160.455728
185 -399.5519392 86.07367803
185 -374.3806192 65.20572803
185 176.9089908 -137.499232
185 226.5183708 -129.561732
185 216.9272208 -201.660692
185 24.77358076 -185.124232
185 105.8022208 -241.348192
185 1.622540758 -146.759652
185 395.5209708 -0.5773619693
185 295.9714908 -110.379442
185 -110.0453292 -104.623702
185 -87.01287924 -140.145072
185 -31.66194924 -112.560082
185 20.84131076 -20.78273197
185 -133.3149692 -121.624232
185 -45.55313924 50.81900803
185 -287.6468892 223.128908
185 -489.3916892 104.727868
185 -433.1677292 99.43619803
186 263.3860367 82.23729381
186 244.8652067 70.33104381
186 164.1672867 41.22687381
186 230.3131267 238.3414538
186 240.8964567 42.54979381
186 164.1672867 25.35187381
186 93.06051667 64.37791381
186 176.0735367 210.5602038
186 99.54621667 25.48634381
186 248.8339567 242.3102038
186 227.6672867 255.5393738
186 237.2584367 31.30499381
186 99.34437667 12.12270381
186 162.8443767 4.18520381
186 70.44148667 82.37063381
186 87.76885667 85.54458381
186 63.82689667 161.7456438
186 178.7193767 243.6331238
186 -2.520213334 9.47687381
186 231.9667667 -3.75229619
186 103.5149667 -11.55532619
186 -2.520213334 -6.39812619
186 206.5006267 -39.47104619
186 76.52405667 100.7581238
186 15.54043667 151.1623038
186 7.070936666 81.57583381
186 -103.0618733 21.38312381
186 -2.520213334 -22.27312619
186 110.7904367 -28.75436619
186 -113.6452133 -30.21062619
186 117.8652067 -75.18979619
186 228.9902067 -91.06479619
186 280.5839567 -11.68979619
186 -19.51628333 147.1946738
186 11.03968667 104.7268738
186 -8.804063334 90.83624381
186 -194.6738533 26.01333381
186 -18.85539333 113.4591838
186 -69.98896333 -44.76271619
186 -0.9954533339 -84.31574619
186 -83.21812333 -28.88771619
186 116.0821067 -47.93665619
186 186.8587167 -51.24282619
186 -189.0514633 -43.43979619
186 29.56051667 -127.4450062
186 116.0826767 -47.93553619
186 121.8339567 -142.6585462
186 248.8339567 -141.3356262
186 -47.29753333 366.1373838
186 -54.57414333 147.1935538
186 -42.53844333 73.63833381
186 -57.09052333 72.31541381
186 -283.9707333 -19.62729619
186 -174.4993733 -76.51271619
186 -73.75643333 -88.28561619
186 25.46288667 -77.70115619
186 8.063126666 -140.0127162
186 -154.6556233 -59.31479619
186 -228.7389633 -40.79396619
186 121.8339567 -216.7418762
186 -10.45771333 -200.8668762
186 -64.33065333 357.0412138
186 30.09309667 419.7155038
186 -187.5267033 81.71029381
186 -357.0618733 -54.02312619
186 -203.6035433 -96.35646619
186 -246.3970633 -128.6345662
186 -11.78062333 -150.5960462
186 -297.5306233 -48.73146619
186 101.9902067 -216.7418762
186 219.4349767 -209.4978562
186 -85.86396333 -220.7106262
186 -14.88550333 -188.1635862
186 -14.88664333 -229.1762362
186 -108.8964133 338.3550138
186 -217.8248933 64.37791381
186 -387.8196933 -25.58041619
186 -409.6478133 -81.14291619
186 -452.3118733 -73.86687619
186 -303.8144833 -90.40333619
186 -295.1801833 -145.6682362
186 -109.6764633 -184.9918762
186 111.2506267 -311.9918762
186 -174.9589933 -229.8365762
187 -4.56598855 45.02435754
187 -19.57655855 79.06080754
187 -10.51911855 23.19623754
187 45.90611145 153.1407875
187 -82.28734855 42.04779754
187 -43.39075855 77.73453754
187 138.9704714 120.4306075
187 -23.74828855 -12.52251246
187 45.04338145 13.93581754
187 50.53689145 169.6783575
187 -153.0269086 -112.4336225
187 -106.7253986 33.74755754
187 -91.01575855 96.25536754
187 -69.38890855 -44.93397246
187 -21.76390855 -87.26730246
187 71.50171145 14.59727754
187 72.82463145 7.321237537
187 56.49001145 189.5221075
187 -176.8399786 -107.1430725
187 -63.06914855 -130.9555725
187 -135.8295686 -10.57015246
187 -143.9324286 97.57828754
187 -20.44098855 -159.3662625
187 359.8975514 107.8629075
187 112.5121314 -21.78293246
187 76.99522145 211.3502375
187 -153.6889386 -48.27328246
187 -196.0228386 -105.1598125
187 -179.4858186 -113.7576525
187 -152.3660186 -17.18473246
187 -196.1876386 118.7449475
187 26.02645145 -131.0062425
187 -132.5222686 -241.4191125
187 361.3396214 48.79684754
187 355.3859314 143.3842775
187 263.9860914 33.11810754
187 101.4686114 233.1772475
187 119.7881714 213.6962375
187 -152.3654586 -17.18362246
187 -352.3744886 -81.51156246
187 -227.7722686 -132.9399425
187 -183.4545686 -55.54932246
187 -275.5620686 104.1939875
187 114.8637114 -82.66799246
187 202.1397414 -138.1995925
187 -118.6310786 -254.6471625
187 -162.9487886 -267.2148725
187 368.6156714 -0.1510624634
187 333.5583714 22.99997754
187 326.9437914 177.7812275
187 340.1723914 253.1863575
187 199.8246314 242.8004075
187 157.3618414 397.5496375
187 56.48945145 189.5209975
187 -338.2352486 -103.1732025
187 -380.5691486 -76.71598246
187 -279.4019286 -166.3115725
187 -196.0222686 -105.1586925
187 -130.0412386 190.8450275
187 -363.5365986 110.8074475
187 239.6307214 -17.35010246
187 296.0668214 -144.8141825
187 -136.4910186 -300.2889025
187 -85.47604855 -271.6808325
187 -151.2911486 -359.6547925
187 -185.4389386 -281.1066125
187 380.1906214 -61.66781246
187 305.1162314 12.41775754
187 316.3598914 286.2592775
188 -124.3352751 -23.74851275
188 -90.60033512 19.24739725
188 -128.9649151 -65.41927275
188 -43.63679512 15.94010725
188 -110.6459151 29.86162725
188 46.32097488 4.69419725
188 -189.1581951 -103.7849727
188 -126.9811051 -115.6912227
188 46.32154488 4.69531725
188 -118.9141451 31.51527725
188 -91.26235512 35.78273725
188 60.58910488 16.38441725
188 -196.2688651 -159.5128327
188 -106.9714251 -104.6106727
188 -127.6425651 -129.5818427
188 61.00251488 -25.37014275
188 119.8723149 -9.82587275
188 -132.9342351 33.79836725
188 -94.10946512 49.70537725
188 -131.8125851 23.90850725
188 -48.84634512 34.95591725
188 84.68555488 35.78273725
188 37.43806488 22.50290725
188 -240.5865751 -158.1899227
188 -4.445385125 -148.2669227
188 -241.2474751 -188.6158827
188 -52.07095512 -70.87742275
188 20.98428488 -23.71649275
188 94.72359488 -96.53200275
188 184.5657649 1.38690725
188 204.6581249 -26.22786275
188 -159.5938351 36.47620725
188 -112.4264851 44.02847725
188 -68.77277512 109.2046173
188 -169.3144451 -5.88913275
188 -43.63735512 15.93898725
188 -59.42967512 62.07570725
188 -19.16340512 39.09002725
188 167.3678449 35.78273725
188 98.57618488 52.98065725
188 64.18034488 34.45981725
188 35.15886488 34.95591725
188 -278.2897051 -159.5128327
188 33.91919488 -156.2044227
188 29.28842488 -135.7003327
188 -250.5078851 -189.9388027
188 104.6946749 -115.1951227
188 204.6575649 -26.22898275
188 235.4621549 -18.34215275
188 205.5311649 5.71839725
188 278.9062649 -93.36700275
188 -207.0534751 0.7574572503
188 -193.9896651 36.47620725
188 -96.25514512 133.2496373
188 -84.64777512 178.6577373
188 -44.91349512 107.9963973
188 203.7480549 31.15252725
188 189.8579949 132.3567773
188 83.30245488 127.6733173
188 41.44271488 105.7319573
188 14.65365488 105.7319573
188 -332.5292851 -163.4815827
188 116.6009249 -166.7888727
188 -7.091785125 -164.1430427
188 59.71550488 -132.3930427
188 331.5389749 -91.51597275
188 307.3484049 18.41833725
188 329.0117349 -14.32273275
188 231.5293049 13.29315725
188 -224.4167551 27.87725725
188 -158.6843351 49.78805725
188 -224.4167551 41.10641725
188 -120.2333351 181.7636473
188 -21.64386512 167.5783073
188 -41.57030512 139.4663373
188 301.6438949 35.78273725
188 206.0631649 132.6863873
188 199.4485749 139.3009673
188 88.32114488 173.3991673
188 196.8854249 171.8777873
189 60.19271 -27.78125
189 -60.19271 27.78125
190 -296.7600348 -56.39590485
190 -190.8521748 -37.59463485
190 -166.8739848 -60.45755485
190 -165.7907148 -32.58228485
190 -182.4876948 -99.49181485
190 -135.3641948 -28.61465485
190 -143.6318648 -65.65520485
190 -117.5042548 -28.61353485
190 -108.9064248 -41.84494485
190 -165.7912848 -32.58340485
190 -95.34540485 -24.64478485
190 -117.5048248 -28.61465485
190 -93.69232485 -64.99486485
190 -186.9487548 -0.2332648484
190 -89.72357485 -18.69278485
190 -25.23081485 -19.35312485
190 -136.6871148 11.07284515
190 -12.33294485 -156.2761148
190 -172.0751348 -111.9584048
190 -51.68971485 -37.87507485
190 -188.3629848 59.52578515
190 -20.68329485 52.91120515
190 -101.6298248 4.458265152
190 -7.372004848 -37.87507485
190 105.4066352 90.44784515
190 -54.74896485 -157.4336648
190 80.60138515 -157.6001448
190 -28.53867485 -39.19798485
190 -201.7580748 72.58846515
190 76.96392515 136.0884652
190 -112.2131548 18.34888515
190 -1.253514848 -44.15892485
190 49.51340515 -37.21361485
190 175.1910552 165.8552152
190 151.6260352 22.48300515
190 32.97694515 -98.72923485
190 203.2197852 -157.4336648
190 101.7686152 -178.1042348
190 -1.252954848 -44.15780485
190 -281.1330748 112.2759652
190 129.5493052 168.4988052
190 62.41184515 163.2082652
190 40.61043515 118.9262452
190 -126.1853348 46.29773515
190 1.226945152 -55.07298485
190 10.31367515 -59.62110485
190 106.0680952 -14.06257485
190 296.2379352 176.4385452
190 305.8587952 111.1537852
190 97.30431515 30.85473515
190 219.8389252 -6.786534848
190 25.70090515 -87.48444485
190 41.57590515 -125.1875748
190 247.4468152 -155.2550448
190 60.26210515 -46.14330485
190 -328.7580748 144.6874252
190 161.2993052 191.6498552
190 54.47434515 174.4530552
190 6.105205152 115.0871652
190 -102.3739648 64.81633515
190 18.42486515 -83.51569485
190 334.6019452 177.0988852
190 320.3572352 103.3469352
190 356.0457052 -30.48482485
190 95.48476515 44.80721515
190 242.9899752 -15.38548485
191 -21.7507537 -123.1378903
191 95.8211663 -126.1610303
191 -124.6103937 -117.5631903
191 118.3101763 -119.5475603
191 38.9351763 -153.2819403
191 -168.4080537 -114.2157703
191 136.0591863 -115.6098503
191 -222.5062237 -108.9642303
191 145.2646063 -104.9954803
191 142.7482363 -149.2811703
191 159.9826263 -110.9474903
191 127.4052363 -98.38089027
191 179.1649163 -72.58290027
191 159.9820563 -110.9486003
191 149.3628163 -196.9061703
191 253.2117763 -83.13534027
191 157.3362263 -45.46423027
191 101.7378163 -55.35409027
191 185.6135663 -118.2246403
191 279.0086463 -93.05721027
191 126.9097063 -6.437070274
191 35.6278863 -65.30798027
191 39.4430563 -35.16991027
191 157.3367863 -45.46311027
191 283.6388563 -112.9009603
191 84.5758063 14.72847973
191 -107.2471137 -95.07360027
191 8.342736302 -30.91214027
191 295.3329663 -142.5332403
191 69.3622663 38.54097973
191 -174.5420037 -67.37466027
191 -157.2554037 -52.31858027
191 -22.0837837 -38.84853027
191 85.7333563 -15.69860027
191 294.0100463 -227.8613603
191 11.1544963 47.14105973
191 44.8888763 80.87542973
191 115.6649163 23.32855973
191 -207.9541437 -61.33923027
191 -104.7666437 -57.37048027
191 -84.0960737 -2.800170274
191 126.9091363 -6.438190274
191 -132.7195837 45.26706973
191 -40.4392537 95.42751973
191 97.8049763 74.25972973
191 131.3739863 5.468059726
191 -243.5075337 -55.38610027
191 -180.6684237 23.32855973
191 -116.5434337 103.2305497
191 38.7703863 148.3441797
191 -134.5322637 61.69201973
191 44.8883063 80.87430973
191 -176.2149037 223.1517697
191 -248.7980637 -8.420320274
191 -195.1744037 133.0941597
191 68.7013763 155.6202197
191 2.389606302 172.1555597
191 -162.1481537 44.49410973
191 97.8055363 74.26084973
191 -198.5201937 241.5536397
191 -178.6846137 57.72326973
191 -336.9385237 -71.26110027
191 -278.7301837 -18.34444027
191 -258.0601837 130.8132997
191 57.1701363 172.3957097
191 86.5601763 145.0357697
191 112.3357663 169.3529997
191 0.4052363019 201.2597297
191 -180.6689837 23.32743973
191 -127.0902937 82.85980973
191 130.2164263 75.58264973
191 -230.9398237 264.0982697
191 -261.6976337 225.7336897
192 -24.80469 -14.882815
192 24.80469 14.882815
193 111.918752 -0.2645839998
193 63.301562 -6.879164
193 6.416142 -6.879164
193 -55.760938 6.349996
193 -125.875518 7.672916
194 1.049837792 13.2351439
194 -2.588182208 9.927853897
194 42.10703779 47.7456739
194 -12.17876221 2.983663897
194 -118.7343022 -1.699796103
194 63.60443779 46.0920339
194 -8.825252208 50.3915139
194 101.9690178 88.7560939
194 4.026407792 3.313273896
194 -103.4605722 -76.3924561
194 -137.8564122 -94.9132961
194 -160.5940422 -23.6411561
194 -5.151332208 42.5046739
194 -113.7156122 44.0260539
194 84.10963779 45.7613039
194 -111.6820222 77.5113039
194 -30.94820221 90.4604039
194 137.0263078 103.3081739
194 136.3180678 10.5893139
194 -117.3512022 -93.5903761
194 -166.8778922 -94.4171961
194 -182.0914322 21.9994739
194 -187.3831022 -23.6411561
194 21.22431779 -30.7518361
194 -159.2711222 89.4682239
194 116.1903678 78.1727639
194 -46.16118221 170.4979839
194 162.4468078 113.4483239
194 125.1200578 79.8264039
194 141.8583478 111.6281939
194 179.4595778 -61.2270461
194 165.1005478 8.895223896
194 -34.66891221 -93.5903761
194 -141.4476522 -112.9886961
194 -164.5986922 -106.8702061
194 -221.2001622 -90.2830861
194 -189.6149522 31.5917339
194 -183.4143522 2.817173897
194 -246.9502522 -21.3767161
194 42.43776779 134.7274439
194 293.4149878 126.0149139
194 147.9762778 -87.8026161
194 190.6403378 -70.9354261
194 189.3174178 -19.3416761
194 250.8330478 7.116653896
194 1.711297792 -98.2205861
194 -155.7157822 -124.6789161
194 -250.8831022 -94.4171961
194 -225.4169522 93.4369739
194 -182.0908722 22.0005839
194 -243.6070622 10.0932239
194 -261.4664322 -67.2974061
194 -270.8095322 -20.1684961
194 107.2606878 220.0555739
194 321.1956778 131.9669139
194 161.7842178 -88.2987061
194 120.7737978 -88.9601661
194 124.7425478 -100.2049561
194 195.9320078 -80.8573061
194 201.2231078 -27.9417561
194 178.7346578 -7.434306104
194 321.2375878 12.7986439
194 99.60713779 -93.5903761
194 -331.0016722 -194.7923861
194 -245.6741122 -113.4341261
194 -293.2991122 -93.5903761
194 -231.7008122 20.0150939
194 -296.1462222 -79.6677361
194 -286.6845322 49.2846239
194 178.2379978 198.2781139
194 75.51068779 231.9618239
194 360.8831778 131.9669139
194 364.7329078 70.0953639
194 219.9931178 -90.9434261
194 105.3116478 -110.9547761
194 147.9757078 -87.8037361
194 238.1832178 -78.0449861
195 114.5452081 -78.72696643
195 145.9079481 -81.99968643
195 62.95088809 -88.64995643
195 107.9306181 -71.45092643
195 249.4821381 -81.37391643
195 32.5238081 -91.95724643
195 -103.7366119 -60.86870643
195 285.2008881 -82.03537643
195 -1.210001905 -104.5238364
195 -193.0334819 -115.7697464
195 37.15457809 -112.4613364
195 -238.0120919 -144.8727964
195 -123.7457219 -71.94813643
195 -237.3511919 -114.4468364
195 -3.856401905 -120.3999564
195 119.8363081 -123.0457864
195 -247.2725019 -146.1957164
195 -103.7360419 -60.86758643
195 -125.7295319 -21.67618643
195 -124.4071819 -85.83875643
195 -275.0543219 -115.7697464
195 -75.95536191 -133.6291264
195 143.6493681 -127.6748764
195 -48.83557191 -27.13433643
195 49.55635809 48.43728357
195 -185.9228119 -60.04188643
195 -121.0998919 19.99457357
195 -329.2939019 -119.7384964
195 -134.1631319 -143.5498764
195 24.2196681 20.02659357
195 63.8244881 60.12750357
195 -87.3649519 62.99048357
195 -347.1532819 -117.7541264
195 -74.3844019 -154.7957864
195 -176.4970319 -140.2437064
195 64.2378981 18.37294357
195 40.6734481 66.24599357
195 87.9209381 79.52582357
195 -107.4105319 73.60471357
195 -40.4014119 59.68319357
195 -388.8251519 -133.6291264
195 -31.3896019 -161.4103764
195 97.9589781 -52.78891643
195 49.55692809 48.43840357
195 123.1076981 33.91721357
195 38.39424809 78.69900357
195 -15.92802191 82.83311357
195 67.41572809 78.20290357
195 170.6032281 79.52582357
195 101.8115681 96.72374357
195 -88.02697191 79.52582357
195 -115.6787619 75.25836357
195 -412.6376519 -137.5978764
195 4.990598095 -162.7332864
195 107.9300581 -71.45203643
195 207.8929481 17.51410357
195 207.8935081 17.51522357
195 187.8011481 45.12999357
195 17.88903809 149.4750436
195 -45.61096191 78.69900357
195 86.53783809 171.4164036
195 44.6780981 149.4750436
195 206.9834381 74.89561357
195 193.0933781 176.0998636
195 -90.8740819 93.44846357
195 -128.5772019 67.65159357
195 -129.6988519 77.54145357
195 24.1728981 -161.4103764
195 -28.74377191 -176.6239164
195 238.6975381 25.40093357
195 282.1416481 -49.62391643
195 208.7665481 49.46148357
195 21.85778809 175.9333736
195 -41.67811191 151.7394836
195 -40.40197191 59.68207357
195 -56.19429191 105.8187936
195 200.1208081 215.6208736
195 202.6839581 183.0440536
195 91.55652809 217.1422536
195 23.18070809 195.1156736
195 304.8792781 79.52582357
195 209.2985481 176.4294736
195 -65.53739191 152.9477036
195 -166.0790619 37.85395357
196 -72.23030524 -26.32706937
196 -68.92301524 -74.61352937
196 3.506674762 -42.20206937
196 -89.09749524 -22.35831937
196 -23.61311524 -56.75414937
196 -113.6176652 -91.67697937
196 102.7254248 -5.821859365
196 -42.09804524 8.698210635
196 -111.5506052 -36.27983937
196 -140.4072952 -5.688509365
196 -134.0390552 -55.45989937
196 -82.44643524 -162.6183794
196 -129.4926652 -92.33842937
196 130.5066748 -9.790609365
196 29.30354476 -1.191649365
196 102.5959648 132.3909206
196 -111.5511752 -36.28095937
196 -144.0453152 48.55107063
196 -191.6703152 1.587530635
196 -145.3682252 -65.88121937
196 104.3790648 -112.3166494
196 -132.7178352 -177.1715794
196 -188.3635852 -106.8927494
196 74.40130476 56.15784063
196 201.3191848 -89.85796937
196 169.5327148 -15.08227937
196 -42.09747524 8.699330635
196 193.8772148 146.9430006
196 152.2053348 174.0627906
196 -96.08901524 69.71886063
196 -146.0296852 94.19170063
196 -228.5758152 22.71159063
196 -188.3630252 -106.8916394
196 -129.4932252 -92.33954937
196 154.6863748 -202.3058794
196 -151.8174452 -193.2119494
196 246.2618848 21.29793063
196 202.8224748 121.4125006
196 185.9402848 173.4024506
196 232.2423648 147.6055806
196 176.1837748 197.8764106
196 -27.29734524 109.4063606
196 -139.9122752 167.1383506
196 -284.8526852 -190.3996294
196 195.6962248 -207.5986694
196 166.5920548 -226.1194994
196 -219.6996052 -213.2210594
196 -73.10390524 -237.5296594
196 212.3980448 64.26071063
196 299.0490948 42.43258063
196 210.9778448 126.9888306
196 193.6912448 114.7209206
196 207.1063848 107.9169606
196 211.7371548 170.7566206
196 176.1832048 197.8752906
196 211.7365848 170.7555006
196 191.8928348 211.7659206
196 20.98854476 136.5250306
196 -103.6963552 236.4052406
196 -123.5401052 247.6500306
196 -260.7100252 -191.3929394
196 -302.4651452 -204.7885894
196 -321.5641952 -177.5023094
197 -1.251822683 5.325072927
197 19.91540732 0.03452292667
197 -65.33060268 -23.61372707
197 -14.48042268 8.633482927
197 -150.4787627 -56.16708707
197 -56.73220268 -38.82838707
197 -71.61388268 -5.091777073
197 -70.04349268 25.16882293
197 219.3445273 81.06205293
197 -160.0018227 -60.82075707
197 -152.1516527 -26.05493707
197 -101.4621927 -64.45766707
197 -42.84101268 -62.63977707
197 -14.15026268 -23.44836707
197 -97.82417268 31.12306293
197 -87.15872268 -9.723107073
197 209.5053373 90.81856293
197 -167.9393227 -71.40409707
197 -129.2887327 -16.01755707
197 -215.7217327 -42.78390707
197 -201.6737027 -81.32596707
197 -75.58320268 -71.23872707
197 -25.64310268 -81.82206707
197 7.760547318 -55.36372707
197 61.25655732 -9.556627073
197 -115.0226527 30.46049293
197 -110.3292327 -12.67176707
197 182.9648873 132.6569229
197 -201.6725627 -81.32373707
197 -159.3403627 35.09069293
197 -349.9230527 -151.6059171
197 -101.4627627 -64.45878707
197 40.75134732 -50.56703707
197 140.6321273 18.22574293
197 -211.5961427 41.04270293
197 -107.0851527 -40.97700707
197 216.6992673 154.4850429
197 141.9539073 122.7339229
197 -388.8658427 -150.1165171
197 87.05286732 -109.4379471
197 89.11991732 -42.79602707
197 27.52161732 -38.00044707
197 125.4174473 36.74434293
197 210.8282573 53.11543293
197 147.9070273 -0.2973270735
197 197.5996573 180.1165529
197 250.4330773 182.9266329
197 40.75134732 85.69337293
197 -398.2095027 -143.6684171
197 -508.9205327 -191.4576671
197 104.2513473 -132.5878771
197 150.9929873 -30.85407707
197 73.82426732 18.22462293
197 219.3450973 81.06317293
197 268.3756973 90.81968293
197 263.7454873 15.41343293
197 152.5372373 -5.588987073
197 178.4167973 199.9591829
197 340.3914073 202.1089229
197 17.59973732 73.78601293
197 62.66158732 106.6935629
197 -447.4043427 -137.2169671
197 -447.4054727 -137.2191971
197 -539.9269527 -217.4210271
197 -475.7654927 -204.1918571
197 211.4897173 -133.4158171
197 38.18762732 -134.0772771
197 159.8132773 -30.06294707
197 140.6309873 18.22351293
197 49.34973732 14.91621293
197 267.7131073 106.6924429
197 419.9790873 140.6771229
197 281.7690973 101.4007729
197 283.5065573 -1.288397074
197 159.8138473 -30.06182707
197 61.25598732 -9.557737073
197 99.70325732 244.2768929
197 421.0893273 204.7547629
197 -36.39123268 82.55145293
197 6.354947317 62.54121293
197 118.8855473 135.7977229
197 -468.4067727 -134.0772771
198 37.57124857 70.3795552
198 -51.26601143 22.0413052
198 162.3382586 135.6974452
198 -97.73345143 -6.318714805
198 124.8472786 14.8479552
198 227.8237686 165.4653052
198 -99.05637143 65.7802452
198 -209.8147314 -88.3715648
198 218.7743586 8.233365195
198 256.2659086 176.0475252
198 -101.0407514 140.5250352
198 -195.9235414 -101.5996148
198 -240.2412514 -114.1673248
198 224.7633886 37.9669752
198 193.0133886 -90.3559348
198 284.0471586 201.8443952
198 186.6936286 186.1656552
198 -87.81158143 176.2437852
198 -146.6813714 108.1135752
198 -32.24908143 166.9833652
198 -213.7834814 -147.2413548
198 -162.7685114 -118.6332848
198 -228.5836114 -206.6072448
198 -262.7314014 -128.0590648
198 291.3226386 152.8953652
198 108.3467286 64.4253152
198 269.7066486 24.7698252
198 67.33630857 -53.3142748
198 291.3232086 152.8964852
198 282.6050886 260.9104552
198 35.21966857 131.2646152
198 -81.85845143 198.0719052
198 -5.790751428 167.6448252
198 -4.467831428 160.3687852
198 -227.0120814 -163.7766948
198 -130.4397314 -125.4132348
198 -227.0120814 -245.7975348
198 -221.9684614 -204.2910148
198 -258.1011914 -167.7465648
198 -279.9293214 -137.9809348
198 37.57067857 70.3784352
198 353.2516686 -51.1645348
198 283.0544086 55.6609852
198 14.41963857 -55.9601048
198 302.8981586 91.3797352
198 278.0934686 296.4318252
198 -96.86902143 232.1083552
198 -221.9690314 -204.2921348
198 -111.2574414 -155.1788548
198 -33.20536143 -145.9184348
198 -223.7053614 -274.2413548
198 -240.9032814 -250.4288548
198 -217.3388214 -244.9718248
198 -138.6252814 -187.0942248
198 -250.1636914 -190.2361448
198 -320.9391714 -164.4381548
198 -100.8394714 97.1674952
198 393.6011986 4.399085195
198 340.0230786 -92.1738348
198 302.8987286 91.3808552
198 262.8799286 406.2339052
198 249.6513286 330.8287752
198 61.67800857 273.4781552
198 -159.5798114 195.0953452
198 -120.6832214 230.7820852
198 -31.38635143 306.1883352
198 -72.89286143 -169.7309348
198 -231.6428614 -272.9184348
198 -299.0289314 -252.9093248
198 -210.3935114 -285.9822448
198 -165.4137814 -246.9550848
198 -338.7164314 -135.8311948
198 -365.9183314 -183.6204448
198 407.4918286 46.0709552
198 337.3766686 -125.9093248
198 237.9931286 -102.2610748
198 392.8564886 174.7234852
199 -115.0863303 18.54532027
199 -42.40803027 61.04514027
199 -177.2634203 -22.79581973
199 -4.70434027 17.39001027
199 -31.24706027 82.70567027
199 -220.3403203 -52.06422973
199 5.29907973 12.59220027
199 35.06470973 46.98803027
199 -8.67366027 82.21181027
199 -183.2992203 -95.06013973
199 -251.3467503 -71.74373973
199 -83.33633027 -54.21508973
199 96.49764973 9.45027027
199 49.53410973 61.04402027
199 63.42529973 113.9618103
199 -140.2217503 -119.0380097
199 -279.8721403 -134.7476397
199 142.7638297 3.85989027
199 87.89868973 68.98152027
199 93.19035973 95.43986027
199 118.3257797 125.8669403
199 -33.80907027 115.9461803
199 -183.8780003 -167.9859297
199 -80.11172027 -128.7945197
199 -287.3968003 -109.9440697
199 -250.1892003 -191.1369697
199 157.9773697 -32.52031973
199 172.5294497 44.20885027
199 216.2216097 -7.74763973
199 122.9559897 89.48673027
199 132.8784297 70.96702027
199 133.5393197 111.3148603
199 186.4565497 131.1597203
199 -99.95547027 117.9294403
199 -90.94310027 134.3005303
199 -264.6027403 -245.6058297
199 -62.99649027 -144.8348797
199 -289.7940203 -101.0132697
199 84.39012973 -56.74622973
199 169.9195297 -46.11222973
199 216.2221797 -7.74652973
199 216.8830697 63.68986027
199 203.4058597 33.09741027
199 132.8778597 70.96590027
199 251.2794697 -10.39235973
199 167.9351497 111.3148603
199 186.4565497 70.96702027
199 186.4559897 131.1586103
199 -167.0108103 189.8630303
199 -180.9020003 135.6223303
199 -295.0851203 -252.4861097
199 -170.8142003 -189.8140497
199 -37.11693027 -165.1747297
199 39.53011973 -87.94834973
199 -293.1839903 -90.26456973
199 117.0028597 -91.09138973
199 185.7945297 -52.72680973
199 300.2268197 42.52319027
199 252.5659097 84.88854027
199 259.6298097 31.11303027
199 300.8882797 8.78881027
199 262.5236897 -32.22159973
199 133.5387497 111.3137403
199 258.5549397 123.8825603
199 212.2528597 141.0804803
199 -133.2106303 207.5401203
199 -210.6670603 148.8526203
199 -230.8415403 106.8500103
199 -161.0576903 117.1026203
199 -321.8747503 -257.4481697
199 15.80029973 -171.1267297
199 -296.9879403 -82.82427973
199 -334.0296103 -115.4011097
199 45.56535973 -157.2372297
200 -57.38259658 -21.83763392
200 31.58355342 25.12590608
200 -77.22634658 -30.43659392
200 -26.62477658 -50.28034392
200 112.6122034 68.12069608
200 -107.6534266 -45.65013392
200 -170.4554866 6.574176076
200 32.90647342 -44.98868392
200 46.46636342 -15.88451392
200 -79.21071658 -77.40013392
200 -121.8747766 -70.12409392
200 142.9103934 85.45307608
200 81.97298342 73.87644608
200 -156.2706166 -72.76993392
200 -163.8403366 -25.83616392
200 -165.1638266 22.77990608
200 26.62261342 -86.66055392
200 101.6981334 -37.05118392
200 135.7632434 29.75611608
200 -55.39821658 -84.01472392
200 275.8629534 150.9363361
200 23.97678342 74.73527608
200 79.32771342 102.3202661
200 -159.9086366 -119.7334739
200 -182.3982166 -62.18659392
200 -3.933356581 -155.3177539
200 -188.9763266 -36.08988392
200 -173.3499366 112.9024861
200 -242.5544466 13.51948608
200 -61.97688658 67.75795608
200 126.8335534 -92.61368392
200 35.25691342 -141.9254539
200 141.3856334 -39.69701392
200 273.3465734 76.05819608
200 227.3752234 25.12590608
200 310.9208134 150.9374561
200 24.42553342 21.62011608
200 21.78027342 107.6108161
200 142.9098234 85.45196608
200 75.60644342 153.0860761
200 -146.0180066 -176.6188839
200 -177.1065566 -158.0980539
200 -196.2888466 -56.89493392
200 -16.50162658 -161.2719939
200 -209.6468966 -48.82296392
200 -179.9650866 152.5888661
200 -246.8539266 140.5194861
200 -67.51660658 97.02748608
200 -22.32530658 93.25611608
200 84.04003342 -124.8917839
200 155.9377234 -72.76993392
200 39.19032342 -169.3428439
200 216.7918834 -26.46784392
200 287.8986534 77.38111608
200 311.5817034 117.2019661
200 327.9168834 13.21965608
200 345.9775334 154.9050861
200 283.1395634 369.8801661
200 22.44173342 124.1472761
200 0.9443334187 110.2566461
200 -119.0271066 -184.4219239
200 -187.0284266 -201.0928439
200 -198.2732166 -113.1188839
200 14.71636342 -181.2490939
200 -58.17350658 -169.8709539
200 -255.7841866 -91.98423392
200 -263.4268666 -23.82201392
200 -191.2914266 192.7746961
200 -193.9378266 167.6381661
200 -252.1450266 117.3695661
200 -224.3649166 190.1277461
200 -304.4013666 129.9350361
200 -11.62337658 102.3191461
200 256.6806634 -84.54283392
200 175.7814734 -55.57201392
200 260.4481334 -41.01993392
200 86.81532342 -145.5303439
200 46.13563342 -203.7386839
200 327.9168834 -2.655343924
201 -21.77262667 28.66394
201 -2.012126666 -7.05593
201 23.78475333 -21.60801
202 7.524317975 2.170846456
202 79.62270798 16.72180646
202 -6.109792025 18.50037646
202 150.027248 22.40379646
202 18.10707797 -9.736523544
202 -34.89227202 20.19446646
202 30.01276798 -18.33660354
202 -167.183932 12.91842646
202 -69.24132203 98.36124646
202 8.249237975 -51.62189354
202 53.16437797 -40.16360354
202 190.176778 18.22155646
202 -183.389102 12.58881646
202 -129.103302 57.35082646
202 -34.18403202 112.9133265
202 -23.23406202 -78.19746354
202 19.42999798 -61.33027354
202 66.97287798 -68.43983354
202 214.890938 23.00566646
202 -274.670912 -66.78730354
202 -173.798522 19.53300646
202 -180.035592 59.99666646
202 -170.160502 22.84029646
202 -107.605902 55.69718646
202 -29.35199203 121.2333465
202 -46.09028202 89.43155646
202 -8.763532025 123.0534765
202 -46.46779202 -90.59980354
202 -9.426122025 -78.69355354
202 -50.43654202 -79.35501354
202 24.72166798 -71.25215354
202 153.623928 -69.10129354
202 261.193018 32.92753646
202 298.152568 16.55756646
202 -288.561542 -83.98522354
202 -289.944642 7.905356456
202 -176.361672 52.10982646
202 -282.892362 87.11645646
202 -202.158542 100.0655565
202 -87.10070202 55.36645646
202 -128.772572 144.3325965
202 -55.01997202 87.77791646
202 122.204648 135.6200665
202 -65.89869202 -101.3496235
202 48.78277797 -81.33827354
202 -71.60320202 -83.98522354
202 -23.23463203 -78.19858354
202 150.398748 -40.49433354
202 148.662988 -83.32264354
202 168.836898 -68.44095354
202 239.034168 52.10982646
202 277.068588 37.55886646
202 310.306298 26.64368646
202 273.017718 5.313886456
202 -205.879252 -83.98522354
202 -312.657992 -103.3835435
202 -309.066752 -85.30814354
202 -284.925952 53.63120646
202 -331.804382 -14.03600354
202 -149.986022 -21.14668354
202 -217.371522 180.1031365
202 -63.94965203 229.6607265
202 149.985338 141.5720665
202 -44.23480202 -134.0895735
202 -72.26466203 -96.55293354
202 -137.784942 -138.1101135
202 71.02374798 -79.85110354
202 -46.46722203 -90.59868354
202 -169.499042 -88.61543354
202 166.935208 13.41451646
202 185.704088 -79.35501354
202 232.006738 -15.85389354
202 193.522568 79.70051646
202 343.792628 52.93665646
202 317.996318 33.75547646
202 439.290678 16.72180646
202 385.713118 -9.735403544
202 297.242498 -7.421423544
202 -335.809032 -97.26505354
203 -87.79575471 24.76953294
203 -61.58546471 -11.44530706
203 -60.01507471 18.81529294
203 -104.9942347 24.10696294
203 -4.452004706 2.279952941
203 -55.30218471 -29.96725706
203 -77.13030471 -16.07663706
203 -201.5677247 34.68917294
203 -100.3008147 -19.02529706
203 8.776595294 -1.028457059
203 229.3729453 74.70852294
203 -140.4503447 -62.52061706
203 -46.70378471 -45.18191706
203 -97.05673471 -47.33053706
203 -119.2603147 -22.37108706
203 29.94382529 -6.319007059
203 219.5337553 84.46503294
203 -149.9734047 -67.17428706
203 -142.1232347 -32.40846706
203 -32.81259471 -68.99330706
203 -4.121844707 -29.80189706
203 -91.43377471 -70.81119706
203 -149.3119447 28.73716294
203 192.9933053 126.3033929
203 -157.9109047 -77.75762706
203 -205.6933147 -49.13743706
203 17.78896529 -61.71725706
203 -65.55478471 -77.59225706
203 -15.61468471 -88.17559706
203 71.28497529 -15.91015706
203 -191.6452847 -87.67949706
203 226.7276853 148.1315129
203 151.9823253 116.3803929
203 -191.6441447 -87.67726706
203 50.77976529 -56.92056706
203 -91.43434471 -70.81231706
203 150.6605453 11.87221294
203 -339.8946347 -157.9594471
203 207.6280753 173.7630229
203 260.4614953 176.5731029
203 50.77976529 79.33984294
203 -378.8374247 -156.4700471
203 99.14833529 -49.14955706
203 97.08128529 -115.7914771
203 37.55003529 -44.35397706
203 157.9354453 -6.650857059
203 135.4458653 30.39081294
203 220.8566753 46.76190294
203 188.4452153 193.6056529
203 350.4198253 195.7553929
203 27.62815529 67.43248294
203 72.69000529 100.3400329
203 -498.8921147 -197.8111971
203 -388.1810847 -150.0219471
203 161.0214053 -37.20760706
203 114.2797653 -138.9414071
203 162.5656553 -11.94251706
203 229.3735153 74.70964294
203 83.85268529 11.87109294
203 273.7739053 9.059902941
203 278.4041153 84.46615294
203 109.7316753 237.9233629
203 431.1177453 198.4012329
203 -26.36281471 76.19792294
203 16.38336529 56.18768294
203 128.9139653 129.4441929
203 -529.8985347 -223.7745571
203 -437.3770547 -143.5727271
204 -38.69503 64.492745
204 38.69503 -64.492745
205 48.02558338 -0.7455716212
205 13.75921338 139.5156184
205 -18.78170662 -28.52682162
205 12.88561338 168.7531284
205 112.8490734 197.6930484
205 124.2227534 174.5729084
205 -20.18730662 122.4510484
205 -30.77063662 -35.63749162
205 -25.47896662 158.8312584
205 17.72796338 232.7812384
205 161.1355334 232.0888884
205 -34.73938662 112.5291684
205 -38.62545662 -39.11015162
205 -20.18673662 -144.1155416
205 -20.10462662 232.0877684
205 -135.8598266 135.5148484
205 34.13496338 261.1919284
205 249.1089234 275.9093784
205 145.8387334 30.83906838
205 -80.29732662 90.20495838
205 -147.3058966 -79.09636162
205 8.255403377 -178.5124916
205 12.10556338 438.1640484
205 -141.8129566 132.8690184
205 77.13032338 279.0524284
205 255.7235034 285.8312584
205 208.0990734 38.28158838
205 145.8381734 -22.07872162
205 48.02615338 -0.7444516213
205 -189.7686866 75.65286838
205 -245.6619166 -88.71952162
205 -227.3423566 -108.2005316
205 -6.958136623 -68.71041162
205 12.76702338 -214.0338616
205 -219.8650366 72.67630838
205 139.9682934 311.4627684
205 219.9220734 284.5083384
205 228.2735534 73.17351838
205 191.5620434 -118.3197816
205 97.55228338 -12.15572162
205 124.6720734 -102.7755116
205 53.89603338 -82.60103162
205 -270.1353066 -110.5465316
205 -290.6410766 -132.3757716
205 -18.78113662 -28.52570162
205 14.20909338 -273.0999216
205 -275.6288166 -307.2994916
205 -276.0889966 25.71276838
205 -312.4692066 68.04609838
205 235.2188634 358.4274284
205 133.4831634 336.6301984
205 240.8412634 159.8245584
205 194.2084434 -185.7874216
205 101.5210334 -136.5098916
205 113.3086934 -141.9349116
205 133.2710334 -145.7703116
205 115.4116534 -276.0776016
205 -290.6405166 -132.3746616
205 -29.44771662 41.75312838
205 21.48514338 -322.0478316
205 -13.57215662 -298.8967916
205 -302.0871466 -307.9609516
205 -393.8285766 54.15547838
205 106.4819634 371.1593784
205 252.0854834 170.4067784
205 204.1297534 -227.4604116
205 145.1772834 -138.4942616
205 123.0184234 -300.2208316
205 -296.5936366 -152.2184116
205 -53.92167662 79.45625838
205 33.06009338 -383.5645816
205 -83.14443662 -288.7786616
205 -42.01429662 -309.4790116
205 -357.6496466 -298.7005316
206 -202.802695 -82.29583026
206 -212.972045 -38.80383026
206 -260.597045 -111.5642503
206 -153.193315 -57.82188026
206 -198.088665 90.51238974
206 -29.748085 51.81595974
206 -281.763715 -77.16841026
206 3.120265 22.43135974
206 -147.239625 -81.63326026
206 -114.781385 207.7867797
206 -60.505895 128.2143997
206 -317.151735 30.31856974
206 -113.982525 63.69614974
206 31.106075 71.65970974
206 53.864805 -25.52502026
206 26.475875 33.95658974
206 -163.611795 -162.1449403
206 -20.854305 175.3753197
206 -82.499385 254.8836697
206 -182.875695 22.38106974
206 -77.042355 89.84981974
206 120.733685 40.24043974
206 111.307905 -58.64758026
206 53.864805 20.20082974
206 18.538375 55.78470974
206 92.621705 78.27428974
206 -169.729205 -235.0915903
206 50.949825 163.6024197
206 6.136024999 308.4617897
206 -145.337935 240.9930397
206 155.130085 18.41342974
206 160.256385 88.85874974
206 168.193315 -117.5173703
206 -167.744835 -280.7322203
206 34.905305 125.0356997
206 96.921185 159.3029397
206 84.849565 319.7065897
206 -185.024865 260.8379097
206 -320.624385 117.3003397
206 114.780555 -19.95227026
206 228.551395 74.63626974
206 169.681605 7.828979743
206 201.927695 113.9930397
206 47.559855 -173.5759703
206 152.484255 -131.4068803
206 168.193315 -131.4080003
206 256.333775 -54.67659026
206 -119.788535 -259.5644303
206 -252.275335 -306.5717003
206 -164.106815 -334.9718003
206 32.428435 99.43983974
206 181.918585 155.6649197
206 111.969365 331.6128397
206 81.624965 417.1063297
206 -228.681685 249.5919997
206 -503.186895 14.11283974
206 225.244105 -35.82727026
206 247.072225 84.55814974
206 223.094365 110.6857497
206 -2.710975001 -192.7582603
206 128.505815 -155.2205003
206 188.037065 -158.5277903
206 326.447225 11.46699974
206 226.401655 -64.60071026
206 324.463415 -22.92771026
206 -50.996865 -219.8769303
206 -65.796995 -320.5839603
206 -112.797015 -351.6416103
206 -135.250695 -365.5642503
206 -157.738575 -384.7431903
206 31.106645 71.66082974
206 257.325395 164.2649997
206 91.365575 318.8129297
206 -589.176475 -40.12675026
206 255.505825 122.5919997
206 162.240765 -155.8808403
206 78.896445 -196.8923703
206 208.542845 -181.6777103
207 -358.2209086 -188.536417
207 -415.7677786 -183.244757
207 -443.5484686 -182.582177
207 -242.4656986 -93.28641696
207 -442.3447086 -197.599457
207 -491.1740286 -211.026007
207 -391.9552786 -161.416627
207 -471.3302786 -166.046837
207 -153.1688186 -43.01558696
207 -520.3608786 -156.290327
207 -495.8869186 -185.394497
207 -398.6525486 -120.571577
207 -155.8146586 -13.91141696
207 -153.8302786 -87.33329696
207 -360.2873986 -98.08087696
207 -38.81864855 40.16391304
207 -202.1988586 -34.58087696
207 110.0921614 88.94647304
207 -226.6733786 -42.51949696
207 178.8832614 132.601603
207 -319.9390086 -75.59240696
207 264.8734114 148.477723
207 -360.2879686 -98.08199696
207 508.7115714 237.786943
207 -317.2104886 -91.30204696
207 -425.1097486 -108.663087
207 520.6172514 249.692073
207 484.8985014 218.603533
207 -242.4645586 -93.28418696
207 -480.0113586 -127.846497
207 602.8780514 283.414103
207 473.6537114 169.655623
207 -192.1942986 -93.94675696
207 -516.3094486 -139.588507
207 -507.7931686 -127.847617
207 543.3468014 242.403683
207 439.9193414 139.228533
207 -202.7776286 -122.389467
207 -153.8297186 -87.33217696
207 -577.8250786 -151.494757
207 -528.9598386 -118.587197
207 602.8786214 283.415223
207 406.8464214 145.843123
207 442.5651714 87.63478304
207 581.6292714 174.439963
207 -132.1207486 -108.964037
207 -209.3922186 -131.649887
207 29.97302145 -81.54441696
207 -675.7209086 -184.567667
207 -575.9233786 -122.555947
207 680.5167214 343.441443
207 380.3880914 139.228533
207 423.3828814 49.27020304
207 605.4412014 206.188843
207 553.1500814 140.405753
207 -97.68843855 -101.388167
207 -278.1844486 -171.338507
207 102.7328714 -21.35282696
207 0.2068314492 -98.08199696
207 707.9672414 342.449263
207 301.6745414 133.275413
207 621.9782314 210.820163
207 522.7589114 77.86592304
207 -139.2781986 -134.296837
207 154.3271914 7.091003043
207 -123.4031986 -133.635377
207 751.6240614 357.002463
207 658.3219614 254.838043
207 362.6859914 -13.41532696
208 35.2017505 -149.8323655
208 53.7225805 -106.8375655
208 66.9523105 -90.2999955
208 180.0611205 -79.0563155
208 15.0272705 -88.3167355
208 114.5767505 -16.2177755
208 5.3540105 -89.1424455
208 10.3970605 -47.6370455
208 21.9725805 -129.3271555
208 3.782480501 -49.9521555
208 8.660730501 -117.5862655
208 -8.537189499 -93.7737655
208 5.3540105 -7.1216055
208 18.6652905 -198.1188155
208 10.3976305 -47.6359255
208 -7.875159499 42.4877645
208 0.7232305007 -116.2633455
208 -66.6628395 -96.2542355
208 -17.7975995 -33.5810555
208 18.5826105 9.4137345
208 93.7408105 -30.4391355
208 22.5513605 68.2835245
208 -30.3653095 28.5960245
208 -21.1407995 -143.0203955
208 -58.1465595 -135.4456455
208 -88.5730795 -7.7830655
208 -251.9532895 -99.7257755
208 -25.7350995 -11.0914755
208 36.4425505 55.0554745
208 134.6326405 150.3363745
208 -47.5632295 18.6741545
208 -46.2762195 -170.8016455
208 -106.3503395 20.8238945
208 -133.5522395 -26.9653555
208 -378.2197295 -180.3545955
208 69.5975805 38.0218045
208 133.3097205 222.4353345
208 181.1000805 178.6963945
208 -15.8491295 -213.1349855
208 -160.7085095 21.6827245
208 -113.0470295 35.8731845
208 -195.6472095 -23.4938155
208 -438.4845395 -206.2205655
208 -355.8022395 -95.7570255
208 101.9263605 31.2418545
208 131.3253405 297.1801245
208 269.9373405 227.0346445
208 357.2133705 171.5030445
208 2.0461505 -214.8206455
208 -48.8861395 -208.2060555
208 -17.7970295 -165.8716055
208 -228.8022395 17.3523545
208 -129.5840595 66.9606045
208 -234.7553695 -27.6268155
208 -454.9383095 -219.2843655
208 -344.8060695 -23.1630855
208 121.1086505 1.4762345
208 199.1607305 10.7366545
208 85.6847205 264.7686645
208 144.5545105 332.8988745
208 200.1170105 323.6384545
208 394.7043505 292.3525345
208 451.1404505 164.8884545
208 78.1144205 -218.1268155
208 -114.3705195 -183.7320955
208 -250.0053795 1.8389745
208 -185.1465595 41.1637345
208 -139.5059395 83.4970645
208 -168.6100995 62.3304045
208 -403.4278095 -295.5185555
208 -486.3914595 -237.8927455
208 159.4732305 -13.0758455
208 150.5076405 354.7269945
208 226.5753405 324.2999145
208 227.8982605 317.0238745
208 460.1898605 322.1203945
208 425.3794805 66.2991545
208 457.1294805 194.6220645
208 83.4055205 -204.2373055
208 -193.0840595 52.4085245
209 -20.0092575 -5.705355
209 32.9079825 15.462425
209 -88.8009275 -42.416295
209 75.9022025 32.659225
210 108.1373892 11.12771667
210 139.2264992 22.37362667
210 20.1634292 -12.68478333
210 45.9603092 96.45584667
210 129.3046292 -43.77220333
210 252.9967692 68.01313667
210 43.3144792 -21.28373333
210 -48.0494608 16.58475667
210 -93.6074008 -19.96082333
210 -24.4850008 159.9558467
210 78.9505392 -27.07149333
210 294.5865292 -120.9974633
210 59.1073592 -27.07038333
210 77.7103092 -13.34623333
210 -102.3711808 24.95648667
210 -94.2688608 84.54959667
210 -150.1620908 -43.11186333
210 -38.3756308 185.7527167
210 340.8880392 -148.7798333
210 236.3781892 -152.7474633
210 429.0524092 -59.80362333
210 -28.6185508 -40.79564333
210 -104.1907308 38.90896667
210 -122.7115708 130.1902167
210 -224.9063108 -25.25137333
210 -24.4844408 159.9569667
210 -207.0475008 -43.77332333
210 675.4286792 -233.9302433
210 181.0454392 -163.9414633
210 128.4026392 -247.8208633
210 515.5136092 -13.84121333
210 -70.2909908 -43.11186333
210 -70.1261908 162.6005567
210 -220.3587908 47.01295667
210 -137.2636508 157.3100167
210 -159.0650608 113.0279967
210 -295.0209008 -30.54303333
210 -251.3652108 -43.77332333
210 106.1832992 105.2555367
210 96.5624392 170.5402967
210 -228.2141708 -45.09623333
210 -200.9290108 -50.05717333
210 744.3857092 -210.4484733
210 126.9551092 -164.4990933
210 558.5899492 10.13441667
210 -38.3761908 185.7516067
210 -289.3990708 -24.59103333
210 -145.2011508 168.5548067
210 -193.5702908 109.1889167
210 -317.1797508 -34.51178333
210 -308.5819208 -47.74319333
210 -293.3678208 -70.89311333
210 156.3702092 -36.38307333
210 120.6817392 97.44868667
210 134.9264492 171.2006367
210 -200.9284508 -50.05605333
210 -189.3618208 -65.51935333
210 -198.4485508 -60.97123333
210 897.9186392 -97.02071333
210 -30.2727608 -94.37488333
210 47.7713192 -161.1532933
210 574.4655192 17.41157667
210 -21.1777108 201.6277167
210 -301.3053208 -1.439983333
210 -155.7844808 197.6589667
210 -57.2271908 199.6433467
210 -335.9984008 117.6325067
210 -258.3932108 76.11600667
210 -335.0396908 -34.51290333
210 -343.3073608 -71.55345333
210 -317.1803208 -34.51290333
210 -371.7506308 -117.8566533
210 -212.0084408 -162.1743633
210 359.4915592 -50.38790333
210 129.3040592 -43.77332333
211 78.6089152 2.213795334
211 20.3641052 -22.55999467
211 5.1505652 13.82021533
211 32.3062652 -36.15190467
211 -53.2231348 -46.78590467
211 -41.1156148 19.41059533
211 34.9161852 54.16917533
211 78.6083452 2.212685334
211 48.1812652 -42.76648467
211 -20.6104048 -81.13106467
211 -98.0831448 -77.98802467
211 -132.3141848 22.55252533
211 79.2698052 73.65018533
211 -4.7354048 80.92622533
211 65.7925952 43.05773533
211 113.6662052 -0.4320346662
211 -92.0479048 -147.2769047
211 -200.6097548 -134.8745547
211 -142.3176048 27.35033533
211 -220.9495948 -44.25476467
211 114.9526452 94.84886533
211 48.8432852 80.92734533
211 162.6135552 52.48351533
211 122.0165452 41.07335533
211 124.9104252 -22.26127467
211 163.2750152 18.74913533
211 -58.3135248 -155.8758647
211 -121.8129648 -161.1664047
211 -308.4274648 -179.8537247
211 -217.7249848 -118.8341947
211 -174.7301948 -155.2144047
211 -102.5485548 56.94835533
211 -252.6995948 28.50564533
211 -277.8350148 -109.0776847
211 175.8068152 131.2290753
211 120.9416752 133.8428853
211 -14.6572748 99.44705533
211 -4.7348348 80.92734533
211 200.9781352 46.53038533
211 283.6609952 94.81796533
211 159.3062652 36.60851533
211 132.1870352 -76.49974467
211 202.9625152 35.28559533
211 175.8427252 -34.16752467
211 -34.4656948 -154.4511847
211 -140.3337948 -179.6872447
211 -88.0791548 71.00434533
211 -314.8766848 -12.83549467
211 -180.0212948 71.00546533
211 -320.9124848 -85.09981467
211 -321.4912648 -158.0256047
211 237.9838952 177.5311553
211 30.3218852 121.2751853
211 127.5203552 178.8540753
211 -49.7145748 78.94184533
211 -44.4229048 105.4001853
211 255.2177252 27.34809533
211 210.2385552 57.11372533
211 321.1155052 57.60981533
211 269.5217552 116.4796053
211 173.1974552 -75.17682467
211 60.7495352 -99.65078467
211 200.3166752 21.39497533
211 173.1968852 -75.17794467
211 -47.0681748 -231.9424547
211 2.3393652 -147.6582947
211 -277.2562348 -194.2404447
211 -357.9535848 -42.10390467
211 -168.8603248 92.66599533
211 -402.2160048 -235.6455047
211 243.9370252 194.7290753
211 -4.0745148 121.2740653
211 101.7234852 165.9556353
211 142.7698052 187.4210153
211 -4.0739448 121.2751853
212 389.061644 185.453922
212 327.625404 150.484572
212 207.744384 63.712332
212 -338.463716 -151.803008
212 -585.967716 -247.847818
213 109.0340067 -152.1140725
213 67.97681667 -97.0796825
213 20.35181667 -41.5171825
213 -34.54923333 23.9671975
213 -104.0023533 92.7588575
213 -183.3773533 25.9515675
213 -21.65136333 25.2889875
213 -39.79412333 72.1202975
213 -6.105953333 26.6141475
213 81.91421667 11.9275975
213 87.15910667 27.2744875
213 23.04441667 -15.1922025
214 -37.42233953 -31.61967628
214 -46.84755953 -34.59511628
214 -0.9588795342 -12.93235628
214 -146.5623995 -84.53522628
214 5.573580466 -103.7163963
214 -164.6698195 -70.80996628
214 66.92328047 7.076753721
214 -41.96929953 8.895763721
214 -199.7271095 -99.25267628
214 -78.43218953 -116.2852263
214 30.70843047 -105.0404363
214 -101.8307095 -19.87655628
214 -173.9296695 -80.06926628
214 145.6368205 -37.24095628
214 86.02289047 23.11712372
214 -66.11195953 9.889073721
214 -207.4165695 -106.3633463
214 -201.3807595 -4.994856279
214 -83.72441953 -4.499886279
214 -199.7265495 -99.25155628
214 164.8196805 -57.08358628
214 136.2942905 37.67032372
214 30.37770047 93.39706372
214 -102.8234695 22.78639372
214 -219.5702995 -116.4494663
214 -169.6307595 -43.35944628
214 -245.0370095 2.281183721
214 183.9192905 -82.71509628
214 323.1197905 87.97205372
214 105.1230605 108.6117237
214 73.37250047 134.4074837
214 -144.4953395 98.85410372
214 -244.7051495 -127.6931463
214 -302.8319295 -110.0013663
214 -328.0500295 8.565033721
214 150.1849105 -104.5432163
214 217.6531005 -54.27350628
214 373.4271005 -2.017176279
214 420.0599105 110.4307337
214 84.70167047 144.8288037
214 149.8177105 125.6751737
214 89.24806047 107.9502737
214 89.24750047 107.9491537
214 -156.4015895 127.9582637
214 -92.15688953 126.1403737
214 -132.0097495 -142.7424363
214 -220.4803695 -140.4284563
214 -285.7161295 -148.8609263
214 -256.5298495 -100.0794963
214 -327.5460895 -114.7854763
214 -367.7375295 8.565033721
214 109.1739305 -114.4662163
214 176.7253605 -146.3815763
214 307.6114305 -35.09121628
214 385.3327805 -25.83079628
214 414.4369505 -7.309966279
214 349.2474005 190.4980937
214 78.33343047 194.6001937
214 107.1901205 164.0088637
214 27.07041047 201.8762337
214 195.1276105 143.5345537
214 146.5104205 173.9616337
214 30.37714047 93.39595372
214 -107.3709895 147.9673837
214 -173.9296695 156.7328237
214 -195.3449495 103.6496737
214 -126.0571895 -135.4675163
214 -69.17120953 -154.6486863
214 -189.1432095 -179.9494663
214 -348.8859695 -201.4479863
214 -278.6886995 -80.89720628
214 -240.6542795 -95.44816628
214 -487.7100995 -151.3436363
214 -324.2002995 -53.30651628
214 -395.5182195 2.613033721
214 7.971370466 -151.5067663
214 186.5645505 -156.1380863
214 388.3093505 -32.44537628
214 388.3099105 -32.44426628
214 411.1296605 -21.86204628
214 440.2338305 -6.648506279
214 293.1420305 256.4465437
214 388.2734405 185.2064237
214 321.4661505 194.4668437
214 129.6432305 177.9303837
214 74.69541047 248.8397737
215 147.8102622 -99.1993677
215 89.60192216 -130.9493677
215 282.2761422 -38.0055277
215 194.1117722 -126.9817377
215 -17.47163784 -21.9741077
215 -18.37362784 -226.0227677
215 34.26917216 -142.1433677
215 368.7373422 7.956882297
215 528.6524122 -212.1321477
215 -67.82572784 -5.273397703
215 -38.63887784 32.9258123
215 -19.82115784 -142.7009977
215 411.8136822 31.9325123
215 597.6094422 -188.6503777
215 -87.66890784 -5.272287703
215 -7.549767837 44.1717223
215 -126.6128378 9.113312297
215 -100.8159578 118.2539423
215 -99.00494784 -139.3551977
215 -177.0490278 -72.5767877
215 427.6892522 39.2096723
215 751.1423722 -75.2226177
215 -103.4617878 0.5143622973
215 -175.3948178 -18.9975477
215 106.2205022 89.8112323
215 -194.8257278 38.3828523
215 -240.3836678 1.837272297
215 -171.2612678 181.7539423
215 -143.2319778 -141.5338177
215 -207.4766778 -47.1117577
215 438.3193622 46.2696823
215 534.1840422 13.4127923
215 -69.06595784 8.451862297
215 -217.0672578 -21.3137677
215 -241.0451278 106.3476923
215 -249.1474478 46.7545823
215 -296.9383578 -21.3137677
215 -185.1518978 207.5508123
215 -265.8503778 -141.7002977
215 -217.0666978 -21.3126477
215 -233.2729878 -20.3215777
215 376.3076422 58.9200723
215 472.7151922 40.3165523
215 534.1024922 101.8850823
215 657.8767522 8.782582297
215 -269.4878378 151.9883123
215 -371.6825778 -3.453277703
215 -171.2607078 181.7550623
215 -250.9669978 60.7070623
215 -353.8237678 -21.9752277
215 -313.4748178 -82.8293877
215 -244.6831478 -162.2043877
215 -358.7847078 -140.3762677
215 -247.1636178 -0.8085577027
215 637.4183222 22.4571823
215 695.4977622 212.3475023
215 429.0589422 115.7228023
215 606.9450222 -42.8100477
215 700.8715422 12.0898823
215 -305.8413278 134.8260923
215 -284.0399178 179.1081123
215 -367.1350578 68.8110523
215 -216.9024578 184.3986523
215 -441.7971678 -8.744937703
215 -398.1414778 -21.9752277
215 -40.59296784 127.0536323
215 -50.21382784 192.3383923
215 -347.7052778 -28.2590777
215 -374.9904378 -23.2981377
215 -320.7508578 -71.5845977
215 -304.8758578 -109.2877277
215 -401.2007278 -141.5338177
215 -440.1440878 -49.0950177
215 823.9027922 90.1419623
216 -114.15206 -13.22255158
216 58.3232 84.83864842
216 -154.66638 -11.73427158
216 48.56669 -15.20692158
216 -168.55758 -53.40726158
216 97.34924 102.6980284
216 21.52901 88.47554842
216 -168.55701 -53.40614158
216 -135.48409 20.67718842
216 38.39677 -156.9243716
216 77.00883 -21.16116158
216 -30.7262 96.41304842
216 -14.43779 69.62398842
216 92.05701 141.0614884
216 -208.90654 -108.9697616
216 -100.42737 102.0354484
216 37.07328 -189.9984016
216 84.94633 62.84403842
216 207.61094 10.62084842
216 118.01925 -27.77575158
216 -68.42932 105.0120084
216 118.51591 151.6459384
216 -292.45156 -33.03540158
216 -222.13513 -149.9790616
216 -84.22107 165.8672984
216 -224.86422 -302.4463216
216 187.22432 -126.8291316
216 97.34867 102.6969084
216 273.75677 87.35001842
216 380.91303 42.37084842
216 189.45675 -39.02054158
216 147.62008 189.3490684
216 -279.1038 -2.144241579
216 -337.39482 -19.83825158
216 -224.78154 -183.7145516
216 -324.16508 -160.0663016
216 -88.19039 189.6786784
216 -285.8005 -340.6444216
216 -259.1768 -234.6457216
216 268.58427 -57.37489158
216 207.06807 -124.8447616
216 593.90261 197.1520984
216 449.82328 70.94690842
216 260.06742 -46.79267158
216 166.8018 205.2229484
216 43.10909 188.6864884
216 -259.25948 33.57562842
216 -343.38385 -49.57186158
216 -270.83557 95.09013842
216 -453.81148 6.620088421
216 -261.8232 -218.7718416
216 -357.93593 -163.0119616
216 -276.54065 -119.0570016
216 -98.1117 231.3516684
216 -396.26461 -390.2549116
216 -304.3219 -377.0257516
216 -308.12529 -270.3655916
216 390.95349 2.155238421
216 310.91703 -127.4905916
216 814.82969 334.7354284
216 497.32969 166.7250184
216 740.74636 256.6833484
216 597.98995 104.6812784
216 271.31278 252.8490684
216 -88.18982 189.6797984
216 -169.30172 116.9182584
216 -437.31093 -42.95727158
216 -369.14482 -148.1611616
216 -524.58753 12.57320842
216 -403.54008 -182.5558816
216 -100.7581 298.8193084
216 -349.3005 -398.8527616
216 -349.30107 -286.4059616
216 573.51599 84.17607842
216 1039.76144 454.7581084
216 406.04844 131.0062684
217 16.867185 21.497395
217 -16.867185 -21.497395
218 -2.300199614 29.39851038
218 0.2522003856 1.310760384
218 -7.684169614 74.73488038
218 46.55485039 40.66865038
218 -59.08897961 14.43487038
218 37.29386039 68.44879038
218 -52.00300961 88.62326038
218 65.07568039 41.99157038
218 25.93048039 -20.98143962
218 -72.50651961 7.597970384
218 46.55428039 125.3342004
218 87.79822039 79.64150038
218 -53.98738961 115.0816004
218 97.48657039 74.73264038
218 189.3471704 51.41735038
218 18.11100039 -55.57576962
218 -255.0707196 10.24045038
218 -93.67488961 -17.21006962
218 -239.1951496 -12.24800962
218 108.7319304 228.5228204
218 -71.84618961 125.6660504
218 106.0855304 99.86806038
218 131.1382604 14.37457038
218 210.5959504 68.77951038
218 78.22217039 -34.57222962
218 -59.56300961 -57.11359962
218 9.512610386 -77.07204962
218 -321.5472796 6.271700384
218 -278.8832196 35.37587038
218 -136.6696796 -33.74652962
218 -325.1852996 -24.15537962
218 -193.5550996 -71.44964962
218 115.8888204 240.2946004
218 149.0803204 228.8524304
218 46.43569039 220.4508504
218 -160.4821796 134.2638904
218 -57.95613961 168.6597204
218 108.7313604 140.2170104
218 102.1167804 -19.85589962
218 283.3575004 71.42758038
218 224.4044604 79.19860038
218 -13.92237961 -127.8896396
218 -73.83113961 -59.87412962
218 -193.5545296 -71.44852962
218 -173.0498896 -95.59287962
218 176.7794604 222.0736004
218 -220.0134296 138.2326404
218 159.6642204 7.926470384
218 361.9866604 152.6182404
218 -158.5799196 -250.8691096
218 -237.8727996 -96.58506962
218 208.6115704 44.96701038
218 190.7522004 17.18576038
218 117.3303204 -31.10068962
218 408.2893104 152.6193604
218 318.3315404 153.2819304
218 -180.4080396 -266.0826496
218 -231.3408996 -213.1670996
218 -308.6482796 -146.1933296
218 215.2261604 23.13889038
218 155.6949104 -15.88714962
218 224.4871404 55.55147038
218 104.7631804 -37.71415962
218 438.7169604 155.9277704
218 299.8101404 156.5881104
218 -206.1227996 -263.9340296
218 -391.3305696 -384.3183296
218 -218.4575596 -203.4637896
218 -265.6540496 -191.8350696
218 -310.6332196 -160.7465296
218 283.3563604 71.42535038
218 31.34074039 -121.7204896
218 455.2528504 155.9266504
218 458.5607104 189.0006804
218 -308.6488496 -278.4861096
218 -401.9138996 -362.4901996
218 -380.7477996 -407.4704896
218 -181.7309596 -171.4941096
219 -224.9167568 -42.53873899
219 -264.9349868 -58.74446899
219 -195.4818668 -27.65592899
219 -171.0073368 -24.34751899
219 -104.2006168 -24.34862899
219 -119.4141568 -5.827798985
219 18.91388319 -27.15870899
219 -104.1994768 -24.34639899
219 -25.48650681 38.49103101
219 -34.00334681 10.54329101
219 38.67495319 -43.86053899
219 -96.92457681 -42.86946899
219 -183.5750468 -52.12876899
219 22.88150319 64.12030101
219 23.54409319 48.24754101
219 180.8879232 -31.95540899
219 2.294173189 -41.87727899
219 52.64769319 -62.21711899
219 -92.29436681 -48.16112899
219 -258.9818668 -66.02050899
219 167.4107132 113.400061
219 162.3676632 143.662901
219 175.1474832 98.10498101
219 36.93749319 58.82863101
219 207.6775532 -26.99334899
219 -106.5157168 -42.86946899
219 109.5331132 -56.26399899
219 77.78311319 -92.64420899
219 24.86644319 -63.54003899
219 -183.5756168 -52.12987899
219 -85.01775681 -72.63396899
219 -301.5638068 -81.40052899
219 168.7330632 110.091651
219 165.2604032 127.454941
219 164.5995132 133.078451
219 196.4327632 154.907691
219 169.8911832 103.808921
219 183.1209132 87.27358101
219 238.1599332 -20.11306899
219 146.9322232 -50.93663899
219 122.7622732 -138.946289
219 2.376863189 -66.18586899
219 -62.96150681 -97.06632899
219 -287.6726168 -105.211919
219 -310.1622068 -66.18586899
219 -346.2937968 -107.029809
219 209.5786832 135.228191
219 205.7747332 142.668481
219 199.3260832 150.441731
219 185.8488632 162.844071
219 201.0624032 148.291991
219 236.1197032 171.443031
219 197.5538432 66.22049101
219 318.8846732 57.50683101
219 209.1093032 -46.30642899
219 140.6216532 -159.451499
219 -24.08147681 -66.18586899
219 -55.91415681 -116.291339
219 -270.4747068 -124.394209
219 -237.0710568 -97.93586899
219 -320.4148068 -113.810869
219 -246.0834268 -37.24706899
219 -316.4454868 -47.66391899
219 -395.3103668 -98.73922899
219 -446.5053068 -123.898109
219 212.9686532 124.479491
219 176.2577232 162.182621
219 285.1502932 189.467771
219 233.3911832 -6.654618985
220 115.1026787 -115.8795287
220 132.8516887 -111.9418187
220 92.61366875 -122.4929987
220 156.7751287 -107.2794587
220 139.5407387 -145.6131387
220 142.0571087 -101.3274487
220 35.72767875 -149.6139087
220 -24.95825125 -119.4698587
220 146.1553187 -193.2381387
220 250.0042787 -79.46730875
220 124.1977387 -94.71285875
220 156.7745587 -107.2805687
220 175.9574188 -68.91486875
220 -127.8178913 -113.8951587
220 275.8011487 -89.38917875
220 182.4060687 -114.5566087
220 154.1287287 -41.79619875
220 98.53031875 -51.68605875
220 -171.6155513 -110.5477387
220 280.4313587 -109.2329287
220 123.7022087 -2.76903875
220 36.23555875 -31.50187875
220 32.42038875 -61.63994875
220 154.1292887 -41.79507875
220 -225.7137213 -105.2961987
220 292.1254688 -138.8652087
220 81.36830875 18.39651125
220 5.13523875 -27.24410875
220 -110.4546113 -91.40556875
220 290.8025487 -224.1933287
220 66.15476875 42.20901125
220 82.52585875 -12.03056875
220 -25.29128125 -35.18049875
220 -160.4629012 -48.65054875
220 -177.7495013 -63.70662875
220 41.68137875 84.54346125
220 112.4574188 26.99659125
220 7.94699875 50.80909125
220 123.7016387 -2.77015875
220 -107.9741413 -53.70244875
220 -87.30357125 0.8678612504
220 -211.1616413 -57.67119875
220 128.1664887 9.13609125
220 94.59747875 77.92776125
220 -135.9270813 48.93510125
220 -43.64675125 99.09555125
220 -246.7150313 -51.71806875
220 35.56288875 152.0122113
220 -183.8759213 26.99659125
220 -137.7397613 65.36005125
220 41.68080875 84.54234125
220 -119.7509313 106.8985813
220 -179.4224013 226.8198013
220 65.49387875 159.2882513
220 -0.8178912504 175.8235913
220 -252.0055613 -4.75228875
220 -165.3556513 48.16214125
220 94.59803875 77.92888125
220 -198.3819013 136.7621913
220 -201.7276913 245.2216713
220 109.1282687 173.0210313
220 83.35267875 148.7038013
220 53.96263875 176.0637413
220 -2.80226125 204.9277613
220 -281.9376813 -14.67640875
220 -181.8921113 61.39130125
220 -340.1460213 -67.59306875
220 -183.8764813 26.99547125
220 -130.2977913 86.52784125
220 127.0089287 79.25068125
220 -261.2676813 134.4813313
220 -264.9051313 229.4017213
221 41.38558277 3.998097385
221 76.44344277 47.65546738
221 33.44808277 -93.89773262
221 83.72005277 70.14616738
221 -0.6170272306 -115.7258626
221 32.78662277 -110.4341926
221 86.61336277 -64.95781262
221 112.8230828 61.87570738
221 -37.74137723 91.14523738
221 -11.31895723 -124.7888926
221 34.98313277 -143.3097326
221 11.95068277 -107.7883626
221 90.33406277 -115.7247426
221 142.8373228 -23.94739262
221 115.4694828 54.60077738
221 86.03458277 88.99661738
221 -39.06372723 77.25572738
221 -33.44189723 125.5410674
221 -56.51025723 -121.0175226
221 -50.97053723 -150.2870526
221 35.43188277 -196.4248926
221 92.97933277 -144.1685626
221 -168.9587372 -65.45614262
221 86.61279277 -64.95893262
221 153.9161728 -132.5930426
221 42.70849277 -5.262312615
221 177.8940428 -10.71935262
221 182.3588828 41.37049738
221 232.5470328 124.0527874
221 99.59391277 55.59184738
221 47.00797277 121.7376874
221 -47.99397723 26.32231738
221 -0.2862972305 73.45122738
221 -32.61507723 139.2663274
221 -212.7330172 71.66422738
221 -162.3435872 -105.1425226
221 -154.1574772 -195.2651026
221 123.6185528 -149.9243126
221 -180.2850772 -25.27031262
221 189.1388328 5.155647385
221 192.6114928 35.41736738
221 277.1127928 142.7389874
221 -60.89241723 -45.77664262
221 69.16683277 52.94601738
221 -31.78824723 157.2910674
221 -313.1555172 134.6372374
221 -277.5559272 82.90901738
221 -252.3846072 62.04106738
221 -235.8475772 -77.52552262
221 -231.5480972 -204.5255226
221 -159.4491372 -211.4708326
221 42.58990277 -192.9191026
221 153.9167428 -132.5919326
221 -172.3481472 5.155657385
221 213.1167028 16.89653738
221 213.1172628 16.89765738
221 225.3536728 32.11007738
221 294.1459128 151.8351574
221 76.44287277 47.65434738
221 -26.49658723 178.4577374
221 -66.84554723 245.9264874
221 -367.3956772 101.5632074
221 -165.6508772 219.9642474
221 -311.1717172 96.27153738
221 -308.6444772 71.33349738
222 -8.892207534 -0.8064980519
222 -17.27902753 -33.35129805
222 54.15847247 -78.33046805
222 -11.32589753 14.93515195
222 -54.32069753 -35.99713805
222 -71.51860753 -74.36171805
222 -31.83110753 26.17995195
222 40.26785247 45.36224195
222 -65.11616753 -89.44190805
222 11.36495247 50.78725195
222 -78.34532753 -108.2934681
222 -76.60899753 35.57371195
222 -99.29985753 -106.1117181
222 -2.726947533 -113.3877581
222 -121.3401175 36.23517195
222 -101.4963675 26.31330195
222 -135.6800675 -86.92942805
222 75.32514247 -115.3721381
222 -243.2959375 46.81962195
222 -171.3988175 65.20599195
222 -173.8428075 15.73108195
222 -79.66824753 13.08413195
222 160.6532625 -114.0492181
222 -226.0985875 83.19871195
222 -243.2965075 46.81850195
222 -313.4110875 6.469551948
222 85.90847247 -176.8877581
222 192.4032625 -92.88254805
222 -272.4006675 63.35496195
222 -194.3480175 97.09046195
222 -332.5933775 3.823711948
222 61.43451247 -191.4398481
222 252.5959725 -69.07004805
222 282.3975125 -0.6411280518
222 -282.3225475 68.64663195
222 -146.0621275 108.3341319
222 2.766562467 -233.6387081
222 346.5230625 -19.46067805
222 155.1488925 37.55697195
222 296.9501625 -4.608758052
222 359.1266725 50.95262195
222 -320.0256675 90.47475195
222 -51.47358753 110.9799619
222 -156.0666875 131.8159019
222 -101.7444175 -281.2648281
222 453.8811525 13.08525195
222 97.85063247 63.52033195
222 92.31092247 -12.71274805
222 275.1209025 -8.579748052
222 455.7001625 33.75582195
222 488.1116225 78.73499195
222 -130.9312675 129.1700719
222 -174.6696275 164.0631119
222 -120.9261375 -297.1387081
222 73.34076247 -31.36692805
222 233.4495925 -9.901548052
222 502.6637025 115.1152019
222 92.64165247 163.5659019
222 -122.9937675 166.2117319
222 -206.7868375 166.4091119
222 -179.3004075 179.9369919
222 -154.4130375 161.9122519
222 -150.0303075 -334.8418381
222 -225.4371275 -297.8012881
222 35.63764247 -28.72109805
222 541.1930825 121.5633019
222 449.0850125 111.8067919
222 133.6520625 160.9200719
222 130.2261825 94.97161195
222 -54.20209753 256.1700719
222 -234.4494975 152.6518419
222 -157.1774675 187.5757819
222 -179.9612975 197.7974919
222 -171.1975475 -383.7908681
222 -176.4892075 -345.4262881
222 -356.7360375 -296.8079781
222 547.6423025 78.73387195
223 -46.976535 30.38504226
223 -137.051615 -0.6990677379
223 -55.030785 59.49364226
223 -19.791955 32.05794226
223 -27.910995 0.6238522623
223 -267.358915 -19.21989774
223 -122.498965 107.7812223
223 -32.059865 54.78146226
223 15.745825 -15.25002774
223 -96.371935 -32.77979774
223 -20.634955 -47.00114774
223 -131.098495 120.3478123
223 -51.723495 40.31135226
223 -6.413595 71.06916226
223 -20.634385 -47.00002774
223 45.510885 1.946772262
223 33.273905 -44.02458774
223 -81.158385 -55.93083774
223 -107.616725 -18.22770774
223 -112.826275 -39.23012774
223 -139.532655 137.7099723
223 15.415095 80.33070226
223 -41.400215 100.6467123
223 -32.540635 -56.92190774
223 82.304505 -24.01546774
223 -5.669455 -68.33317774
223 45.180155 -73.12874774
223 -64.290075 -85.36349774
223 -102.985945 -52.62242774
223 -124.071065 -21.37075774
223 -183.519065 79.33739226
223 -148.957865 159.3738523
223 28.561015 68.25796226
223 30.628635 104.1432023
223 -68.724195 135.7775523
223 -81.157825 -55.92971774
223 97.518035 -45.84359774
223 64.279765 19.97151226
223 -64.291205 -85.36572774
223 97.518605 -45.84247774
223 86.852025 -149.1964577
223 -74.874535 -103.2251077
223 -105.963075 -137.6209377
223 -123.409605 -148.3707577
223 -137.051055 -0.6979477378
223 64.280325 19.97262226
223 79.492735 64.94955226
223 47.164525 140.5222923
223 -102.325055 124.9780223
223 37.160535 158.2174223
223 46.148065 189.8678823
223 110.833405 -78.91088774
223 123.563535 -162.0937777
223 -105.962515 -137.6198177
223 155.443995 -77.23798774
223 30.628065 104.1420823
223 119.842265 21.29442226
223 -122.499535 107.7801023
223 48.735495 166.1538023
223 116.534975 135.7267123
223 175.487445 229.4884323
223 105.951075 -176.4827377
223 220.053195 -78.58578774
223 147.706195 -163.0870877
223 -123.409045 -148.3696377
223 -146.642195 97.85934226
223 148.194775 176.4847123
223 167.285765 161.5170523
223 87.844785 -191.8594077
223 263.047995 -37.57536774
223 188.716615 -184.9152077
223 -154.248965 -164.7396177
223 -145.319845 106.1264523
223 -146.792715 92.28223226
223 241.699825 188.3061123
223 -11.705265 -176.9777077
223 25.005675 -242.7928177
223 278.922995 -64.03369774
223 274.377165 -27.15404774
223 256.598775 -164.9060977
223 152.253155 -203.6025277
223 -131.097925 120.3489323
223 -183.519635 79.33627226
223 -146.642765 64.45458226
224 293.550444 41.953445
224 212.190494 -27.500795
224 415.919664 101.483575
224 62.03945403 -90.670065
224 232.034244 -25.516425
224 598.482164 183.504415
224 -199.898046 -203.117985
224 63.36294403 -57.596035
224 335.883204 -28.162255
224 -234.210626 -135.317385
224 -260.834326 -241.316085
224 73.53286403 84.121415
224 -236.857026 -119.443505
224 -283.159116 -171.037255
224 -279.355726 -277.697415
224 -371.298436 -290.926575
224 101.975004 78.167175
224 -89.18588597 86.105785
224 -199.815366 -84.386215
224 -324.334896 -187.077625
224 -324.334326 -299.524425
224 232.577114 109.949185
224 142.985424 71.552585
224 109.912504 162.172375
224 83.28937403 184.166985
224 -143.591406 45.921075
224 -129.700206 87.594065
224 -197.168956 -50.650725
224 -371.959896 -230.072415
224 -360.053646 -335.244285
224 -391.142186 -302.832825
224 214.422924 60.307795
224 298.722944 186.678355
224 405.879204 141.699185
224 122.314844 202.025245
224 122.315414 202.026365
224 46.49518403 187.803885
224 -110.517916 120.005525
224 -143.590836 45.922195
224 -299.198906 -60.737965
224 -183.940366 -9.641425
224 -376.590106 -253.884915
224 -371.298436 -358.395335
224 -451.995786 -334.581715
224 285.033594 52.535665
224 618.868784 296.480435
224 474.789454 170.275245
224 143.482084 250.974275
224 10.52838403 168.952325
224 -5.760025968 195.741385
224 117.023184 240.389825
224 -75.46119597 201.363785
224 -251.574476 -19.728665
224 -332.969756 -63.683625
224 -267.485386 66.292935
224 -403.709896 -271.082825
224 -424.215106 -397.421375
224 -473.163016 -359.056785
224 765.712534 356.011685
224 522.295864 266.053355
224 839.795864 434.063765
224 622.956124 204.009615
225 -247.8421714 -53.89050521
225 -212.2887814 -59.84363521
225 -178.8766414 -65.87906521
225 -111.5817514 -93.57800521
225 31.29324859 -63.81238521
225 -161.5900414 -50.82298521
225 97.40317859 -53.85849521
225 153.0021486 -43.96751521
225 174.8302786 -71.08730521
225 35.10841859 -33.67431521
225 248.8771386 -81.63974521
225 140.9299686 -103.4998852
225 153.0015886 -43.96863521
225 4.008098592 -29.41654521
225 274.6740086 -91.56161521
225 138.4135986 -147.7855752
225 131.7245486 -114.1142552
225 123.0705986 -96.88529521
225 155.6474186 -109.4530052
225 122.5750686 -4.94147521
225 -26.41842141 -37.35293521
225 81.39871859 -14.20300521
225 279.3042186 -111.4053652
225 145.0281786 -195.4105752
225 113.9755386 -118.0519652
225 155.6479886 -109.4518952
225 181.2789286 -116.7290452
225 80.24116859 16.22407479
225 -88.43071141 -1.30457521
225 -109.1012814 -55.87488521
225 122.5744986 -4.942595211
225 290.9983286 -141.0376452
225 91.48652859 -124.6654352
225 65.02762859 40.03657479
225 289.6754086 -226.3657652
225 34.60053859 -151.7863452
225 -26.08539141 -121.6422952
225 40.55423859 82.37102479
225 111.3302786 24.82415479
225 6.819858592 48.63665479
225 -128.9450314 -116.0675952
225 127.0393486 6.963654789
225 93.47033859 75.75532479
225 -137.0542214 46.76266479
225 -44.77389141 96.92311479
225 -172.7426914 -112.7201752
225 34.43574859 149.8397748
225 -185.0030614 24.82415479
225 40.55366859 82.36990479
225 -180.5495414 224.6473648
225 -120.8780714 104.7261448
225 -138.8669014 63.18761479
225 -226.8408614 -107.4686352
225 -1.945031409 173.6511548
225 64.36673859 157.1158148
225 -253.1327014 -6.924725211
225 93.47089859 75.75644479
225 -202.8548314 243.0492348
225 -199.5090414 134.5897548
225 -166.4827914 45.98970479
225 -3.929401408 202.7553248
225 82.22553859 146.5313648
225 108.0011286 170.8485948
225 52.83549859 173.8913048
225 -283.0648214 -16.84884521
225 -341.2731614 -69.76550521
225 -183.0192514 59.21886479
225 125.8817886 77.07824479
225 -235.2744614 265.5938648
225 -266.0322714 227.2292848
225 -262.3948214 132.3088948
226 540.8630999 83.51959608
226 532.2641399 69.62897608
226 345.7796699 1.944196076
226 372.1917899 -117.5626139
226 181.0765399 19.80356608
226 344.4105399 -143.3594939
226 315.3063699 -63.32303392
226 146.6807099 25.75669608
226 313.7429299 -140.0409639
226 366.2380999 -11.73040392
226 218.7328899 -119.5481039
226 281.5714299 -36.86581392
226 136.0505999 18.69668608
226 242.4638399 81.37209608
226 84.66898987 38.40708608
226 270.3734199 -146.8839339
226 409.2328899 -8.423103924
226 242.5453899 -7.100193924
226 233.7064699 -131.4420039
226 150.6026799 -86.47519392
226 194.2589299 -5.115813924
226 120.1750299 11.41952608
226 137.4202899 95.20981608
226 403.8591099 191.8345161
226 275.6183099 -171.1418539
226 139.3578899 -65.30852392
226 120.1755999 11.42064608
226 77.09868987 -12.55610392
226 69.95153987 95.20981608
226 505.0622299 264.2642061
226 305.8054299 -165.1763839
226 301.4151799 -185.0324839
226 77.09811987 -12.55722392
226 -6.116170127 46.26190608
226 -9.362510127 -58.51851392
226 531.5205699 287.0845161
226 647.9366699 330.0781961
226 335.5710499 -175.0982539
226 -143.8283901 -119.7123539
226 696.8845799 349.9219461
226 -309.1102901 -42.48709392
226 -202.0367301 -151.4623539
226 -97.52688013 -147.4947239
226 762.0023199 403.6974461
226 -359.4643801 -25.78638392
226 -330.2775301 12.41282608
226 -257.3694801 -162.6563539
226 -310.0122801 -246.5357539
226 237.0137599 -232.6451339
226 767.6611899 407.4699361
226 831.8220799 373.0729861
226 -379.3075601 -25.78527392
226 -418.2514901 -11.39967392
226 -299.1884201 23.65873608
226 -392.4546101 97.74095608
226 -311.4598101 -163.2139839
226 305.9707899 -209.1633639
226 -395.1004401 -19.99862392
226 -467.0334701 -39.51053392
226 -486.4643801 17.86986608
226 -532.0223201 -18.67571392
226 -185.4181501 69.29824608
226 -462.8999201 161.2409561
226 -468.6876801 -93.08977392
226 -390.6436001 -159.8681839
226 459.5037199 -95.73560392
226 -360.7046101 -12.06112392
226 -508.7059101 -41.82675392
226 -532.6837801 85.83470608
226 -540.7861001 26.24159608
226 -588.5770101 -41.82675392
226 -476.7905501 187.0378261
226 -499.1153301 -67.62474392
226 -434.8706301 -162.0468039
226 -663.3212301 -23.96626392
226 -561.1264901 131.4753261
226 -462.8993601 161.2420761
226 -542.6056501 40.19407608
226 -645.4624201 -42.48821392
227 26.15656625 -19.56966486
227 -20.06283375 48.39517514
227 94.36945625 -48.83920486
227 -28.16515375 -11.19793486
227 -48.50554375 94.03579514
227 -150.7002837 -61.40579486
227 49.72158625 123.8025451
227 117.5205063 -57.43815486
227 182.3434163 -25.02670486
227 -19.40137375 -56.11524486
227 -29.98470375 2.754545139
227 -63.05762375 121.1555951
227 4.079836251 126.4461351
227 -84.85903375 76.87357514
227 -146.1527637 10.85853514
227 -132.8414737 -79.92774486
227 -220.8148737 -66.69745486
227 -177.1591837 -79.92774486
227 170.7684663 134.3858751
227 180.3893263 69.10111514
227 151.9163363 -49.50065486
227 133.3133863 -63.22480486
227 120.1663363 60.30142514
227 213.4325263 -13.78079486
227 203.5106563 -79.92662486
227 -75.95606375 -79.26628486
227 -70.99512375 132.4003851
227 35.82983625 149.5971851
227 -119.3642637 73.03449514
227 -215.1930437 -60.74545486
227 -154.0081437 -81.25065486
227 -126.7229837 -86.21159486
227 -234.3758937 -83.89761486
227 -242.9737237 -70.66620486
227 -219.1617937 -107.0475349
227 194.8877663 61.29426514
227 209.1324763 135.0462151
227 230.5762363 -72.53749486
227 153.1565663 -63.22591486
227 45.58747625 -76.95006486
227 49.72102625 123.8014251
227 327.2027963 31.85871514
227 368.7925563 -157.1518849
227 -261.7923737 81.47808514
227 16.97883625 163.4889251
227 -81.57845375 161.5045451
227 53.02831625 165.4732951
227 -184.1871837 39.96158514
227 -227.0992937 -37.59440486
227 -126.7224237 -86.21047486
227 -115.1557937 -101.6737749
227 -124.2425237 -97.12565486
227 -269.1013337 -107.7078749
227 -242.9742937 -70.66732486
227 -260.8336637 -70.66732486
227 -137.8024137 -198.3287849
227 -297.5446037 -154.0110749
227 223.3538363 -10.47461486
227 246.8356063 128.4316351
227 433.6975863 -86.54232486
227 203.5100863 -79.92774486
227 3.915036251 -79.26628486
227 35.83039625 149.5982951
227 415.0940663 -184.9342549
227 503.2584363 -95.95804486
227 310.5842163 -188.9018849
227 -313.7236137 68.27461514
227 -297.2138737 146.9524651
227 -113.3284537 198.5462151
227 101.9762263 168.7805951
227 84.03473625 191.4366551
227 -260.9163437 62.45116514
228 -38.42787597 -31.14999431
228 -45.70277597 -12.62692431
228 -33.79766597 -36.44165431
228 -60.91745597 5.891675694
228 -125.078346 -40.40929431
228 24.49335403 22.26276569
228 -26.52105597 -60.91449431
228 -125.078916 -40.41040431
228 33.01019403 50.21050569
228 -112.510636 -12.62804431
228 -200.485166 -54.30103431
228 77.41058403 -15.43923431
228 82.04079403 59.96701569
228 -4.464805972 -85.34685431
228 81.37820403 75.83977569
228 -45.70391597 -12.62915431
228 -136.985166 -15.93645431
228 -243.067106 -69.68105431
228 97.17165403 -32.14106431
228 95.43419403 70.54810569
228 233.644184 109.8244557
228 2.582544028 -104.5718643
228 225.907414 125.1195357
228 220.864364 155.3823757
228 -166.420056 -30.81926431
228 -229.175916 -93.49244431
228 -287.797096 -95.31033431
228 -251.665506 -54.46639431
228 239.384624 -20.23593431
228 60.79087403 -30.15780431
228 111.144394 -50.49764431
228 241.617614 98.99305569
228 228.387884 115.5283957
228 223.757104 139.1744157
228 227.229764 121.8111257
228 223.096214 144.7979257
228 254.929464 166.6271657
228 -206.438286 -47.02499431
228 -261.918106 -102.0913943
228 -178.574356 -86.21639431
228 -211.978006 -112.6747343
228 -388.008606 -112.1786343
228 -257.948786 -35.94444431
228 -187.586726 -25.52759431
228 -336.813666 -87.01975431
228 266.174254 -15.27387431
228 -48.01901597 -31.14999431
228 83.36314403 -51.82056431
228 136.279814 -80.92473431
228 168.029814 -44.54452431
228 256.050544 77.93996569
228 264.271434 154.3879557
228 268.075384 146.9476657
228 257.822784 162.1612057
228 294.616404 183.1625057
228 259.559104 160.0114657
228 244.345564 174.5635457
228 -287.797666 -95.31145431
228 -145.583556 -81.41970431
228 -536.257956 -182.4585843
228 -284.159076 0.2703956943
228 -273.493626 -40.57577431
228 -200.815326 -22.21918431
228 -166.419496 -30.81814431
228 -346.336726 -91.67342431
228 -338.486556 -56.90760431
228 296.656634 -8.393594306
228 60.87356403 -54.46639431
228 181.258974 -127.2268143
228 205.428924 -39.21716431
228 291.887884 5.064855694
228 271.465354 136.1989657
229 -4.528966184 -20.4696625
229 32.51270382 -25.0998725
229 -56.78417618 -17.8238225
229 156.1227238 44.1878975
229 -36.36108618 -4.7589025
229 -130.8669362 -70.7393725
229 103.8675138 4.5003975
229 183.2425138 61.3858075
229 -161.2945962 -85.9540325
229 -97.13313618 -70.7404925
229 187.8727238 85.1983075
229 -220.1638162 -101.8279125
229 -17.75756618 -36.3435425
229 235.4977238 128.1930975
229 -253.8987562 -140.1936225
229 -4.528396184 -20.4685425
229 276.6735038 144.2334675
229 -284.9867362 -149.4529125
229 -288.9560462 -173.2665325
229 -229.4247962 -134.2404925
229 325.6219938 179.9533375
229 -342.5341762 -177.2352825
229 -236.0393862 -112.4123725
229 -327.3206362 -188.4800725
229 322.9755938 195.8272175
229 359.9345738 112.1527375
229 -313.5126962 -143.0048125
229 -366.4287862 -191.9516125
229 -339.8877762 -195.0935425
229 360.0172538 230.8845075
229 298.9982938 73.9546375
229 621.8720738 224.6006575
229 -255.3037862 -105.9620325
229 -426.5399562 -212.9551525
229 -458.5733362 -285.2690225
229 -413.3102162 -279.0998725
229 362.6636638 264.6199975
229 280.4768938 37.5733075
229 188.5341838 24.3441475
229 623.1955638 257.6746875
229 772.0231138 287.7699275
229 -379.5752762 -115.3878125
229 -234.0550062 -88.5998725
229 -418.7204762 -178.3608225
229 -504.2139662 -214.4929825
229 -435.1383462 -234.4514325
229 -603.2308762 -408.2484925
229 -429.8466762 -302.9123725
229 375.8922538 305.6292975
229 260.6337138 254.5327575
229 235.4982938 15.7462975
229 633.3654838 399.3921375
229 853.3830638 357.2241675
229 791.8668638 289.7542975
229 -398.0961062 -116.7107325
229 -347.1643862 -82.6467425
229 -220.2464962 -78.1807825
229 -161.2934562 -85.9518025
229 -518.4820962 -217.2535125
229 -675.9918562 -370.5464825
229 -625.0589962 -423.4620325
229 292.3472338 381.5636575
229 416.2417838 361.1929175
229 226.8628638 251.5870975
229 308.2581438 295.5420575
229 168.6904338 12.4378975
229 199.7789738 -19.9735625
229 661.8076238 393.4378975
229 470.6467338 401.3765075
229 975.7522838 416.7542975
229 895.7158238 287.1084675
229 -446.9511562 -127.9808725
229 -338.5654262 -57.5113225
229 -82.66429618 -4.7611425
229 -663.1085162 -360.8431725
229 -710.3050062 -349.2144525
230 60.46200809 -2.340015843
230 34.04015809 -25.85268584
230 -17.55416191 -54.29651584
230 24.11770809 -4.687135843
230 39.33181809 -39.74331584
230 -90.31401191 -114.4881058
230 51.23750809 -58.92672584
230 -274.1167519 -120.2758658
230 -120.0802019 -131.0256858
230 51.89895809 -74.80172584
230 -312.4813319 -126.8904458
230 -243.6902319 -166.5790658
230 -217.9754719 -134.3318558
230 99.52452809 -137.6391458
230 -323.0646619 -155.3331558
230 -362.7515919 -126.2278758
230 -252.4077819 -141.9077258
230 -259.5652319 -167.2405258
230 228.5083381 -63.55693584
230 111.4307781 -159.4672758
230 -329.6792519 -164.5935758
230 -437.4975219 -124.2457358
230 -320.4194019 -230.7405258
230 242.3989581 -46.35901584
230 -398.4714819 -204.2821958
230 -480.5750019 -131.0256858
230 402.4718781 44.92223416
230 -440.2260419 -108.5360958
230 -545.3967819 -141.6067758
230 432.8630481 107.4620642
230 -346.9604119 -75.46318584
230 -600.2983919 -160.7901858
230 461.3422381 141.4962742
230 -322.4858919 -67.52456584
230 -636.5964819 -172.5321958
230 -628.0802019 -160.7913058
230 485.1541681 173.2451542
230 319.6323081 106.2848442
230 -276.1016919 -46.85510584
230 -698.1121119 -184.4384458
230 -649.2468719 -151.5308858
230 501.6911981 177.8764742
230 353.3666781 136.7119342
230 322.2781381 54.69109416
230 286.5593881 112.8994342
230 -273.4558519 -75.95927584
230 -159.1056819 7.220224157
230 -796.0079419 -217.5113558
230 -696.2104119 -155.4996358
230 538.0349281 221.8943542
230 423.0597681 209.4599942
230 364.6114681 185.6598442
230 303.0958481 16.32651416
230 260.1010581 106.2848442
230 -362.7527319 -126.2301058
230 -274.1173119 -120.2769858
230 -10.19487191 56.00278416
230 612.2467281 278.2322842
230 482.5915881 250.4715342
230 388.4245381 204.8432542
230 181.3875081 100.3317242
230 -536.0548119 -216.1884458
230 58.59622809 99.65791416
230 643.3352681 287.4927042
230 560.2296881 310.4977542
230 400.3302181 216.7483842
230 144.5863781 115.5340342
230 -478.5079419 -221.4801058
230 -563.8355019 -215.5258658
230 -562.6317419 -230.5431458
230 587.6802081 309.5055742
230 482.5910181 250.4704142
230 -512.2423119 -194.3603158
230 -591.6173119 -198.9905258
230 -611.4610619 -243.9696958
230 631.3370281 324.0587742
230 -640.6479119 -189.2340158
230 -518.9395819 -153.5152658
230 -616.1739519 -218.3381858
230 676.3156281 290.3232742
230 -480.5744319 -131.0245658
230 686.7335981 291.4808342
230 740.9737481 252.4559042
230 738.3273481 297.4339542
230 745.2726581 259.0693742
230 732.7060881 236.5820242
230 754.8638081 319.5928042
230 886.9981881 311.6676542
230 735.9399981 220.6865242
231 167.3486925 -53.68252353
231 270.9228825 -53.05675353
231 135.9859525 -50.40980353
231 306.6416325 -53.71821353
231 84.3916325 -60.33279353
231 129.3713625 -43.13376353
231 53.9645525 -63.64008353
231 -82.2958675 -32.55154353
231 20.2307425 -76.20667353
231 58.5953225 -84.14417353
231 -171.5927375 -87.45258353
231 17.5843425 -92.08279353
231 141.2770525 -94.72862353
231 -215.9104475 -86.12967353
231 -216.5713475 -116.5556335
231 -102.3049775 -43.63097353
231 -54.5146175 -105.3119635
231 165.0901125 -99.35771353
231 -253.6135775 -87.45258353
231 -225.8317575 -117.8785535
231 -102.9664375 -57.52159353
231 -82.2952975 -32.55042353
231 -104.2887875 6.640976471
231 -112.7223875 -115.2327135
231 -307.8531575 -91.42133353
231 -27.3948275 1.182826471
231 -99.6591475 48.31173647
231 -164.4820675 -31.72472353
231 70.9971025 76.75444647
231 -52.9436575 -126.4786235
231 -155.0562875 -111.9265435
231 -325.7125375 -89.43696353
231 45.6604125 48.34375647
231 -65.9242075 91.30764647
231 85.2652325 88.44466647
231 -9.9488575 -133.0932135
231 -367.3844075 -105.3119635
231 85.6786425 46.69010647
231 -85.9697875 101.9218765
231 -18.9606675 88.00035647
231 62.1141925 94.56315647
231 109.3616825 107.8429865
231 26.4313425 -134.4161235
231 -391.1969075 -109.2807135
231 119.3997225 -24.47175353
231 70.9976725 76.75556647
231 144.5484425 62.23437647
231 -94.2380175 103.5755265
231 -66.5862275 107.8429865
231 59.8349925 107.0161665
231 5.5127225 111.1502765
231 123.2523125 125.0409065
231 192.0439725 107.8429865
231 88.8564725 106.5200665
231 -7.3030275 -148.3067535
231 45.6136425 -133.0932135
231 229.3336925 45.83126647
231 129.3708025 -43.13487353
231 209.2418925 73.44715647
231 229.3342525 45.83238647
231 -69.4333375 121.7656265
231 -108.2581075 105.8586165
231 -107.1364575 95.96875647
231 -24.1702175 107.0161665
231 39.3297825 177.7922065
231 214.5341225 204.4170265
231 228.4241825 103.2127765
231 107.9785825 199.7335665
232 2.338489862 20.93057507
232 -54.54636014 -16.77142493
232 45.33327986 37.46703507
232 -98.86463014 -41.90796493
232 66.50164986 62.27507507
232 -169.6401101 -91.51622493
232 -116.0625501 64.91755507
232 79.91918986 69.11197507
232 -100.1869801 42.42909507
232 87.00515986 143.3003651
232 -171.6250501 -106.0694249
232 -139.8750501 90.05297507
232 -182.5391101 60.94880507
232 136.7079699 84.07561507
232 -54.54693014 -16.77254493
232 -186.1771301 30.52172507
232 131.3239999 129.4119851
232 85.02077986 169.7587051
232 -195.5202301 -95.65145493
232 -126.6458801 -137.1579649
232 -175.5932301 -124.5891349
232 185.5630199 95.34575507
232 139.2603699 55.98786507
232 -34.04172014 -40.91577493
232 176.3020299 123.1258951
232 67.16197986 180.3431551
232 -238.0548401 -81.15003493
232 -111.4317801 -103.4224749
232 -92.33273014 -158.4899949
232 -196.7604701 -149.0642149
232 204.0838499 96.66867507
232 164.9386499 33.69566507
232 226.8063899 134.3186051
232 185.5624499 180.0113051
232 81.05202986 223.3368251
232 -21.47401014 188.9409951
232 -288.3256701 -53.36878493
232 -22.87961014 -100.2816649
232 -90.92713014 -61.75171493
232 -19.57175014 -196.1920049
232 -79.44939014 -148.7866849
232 -205.3594301 -188.7517149
232 236.4947399 129.4097451
232 328.3553399 106.0944551
232 157.1191699 -0.8986649315
232 247.7400999 283.1999251
232 -81.00526014 192.9097451
232 -186.5078601 4.724845069
232 6.886579862 -65.88471493
232 -42.72279014 -116.8170049
232 125.0857899 -73.21253493
232 -41.39987014 -211.4055449
232 -51.66814014 -149.4481449
232 -305.9005301 -230.4224749
232 -172.9479701 -170.2308849
232 245.0936999 154.5451651
232 270.1464299 69.05167507
232 349.6041199 123.4566151
232 217.2303399 20.10487507
232 148.5207799 -22.39494493
232 79.44515986 -2.436494932
232 288.0884899 283.5295351
232 254.8969899 294.9717051
232 185.4438599 275.1279551
232 -153.4349501 21.92276507
232 28.51286986 -58.66045493
232 -0.07382013788 -124.9730649
232 -252.3224001 -329.6412249
232 -67.11463014 -209.2569249
232 15.28369986 -142.0042049
232 -0.0732501382 -124.9719449
232 -425.2475501 -85.11878493
232 -295.9786501 -245.6360149
233 22.40737167 -7.440475
233 21.08389167 28.938615
233 -25.63160833 -23.812685
233 34.31306167 -33.238465
233 21.08389167 76.563615
233 -73.25660833 -41.010605
234 -146.2651137 -31.17150625
234 -172.7234537 32.98995375
234 -104.2625137 -36.79389625
234 -25.54840375 -11.65736625
234 82.60003625 -0.08184624999
234 115.0109263 13.80766375
234 118.9796763 3.22433375
234 132.2088463 29.68266375
235 -45.74874446 -78.95357514
235 -75.51380446 -92.84307514
235 -12.01436446 -87.55253514
235 25.68875554 -12.80773514
235 -128.4310345 -86.89107514
235 -94.03463446 -111.3639151
235 11.83346554 -86.12785514
235 78.60542554 32.17142486
235 -154.3105945 -66.55122514
235 -230.9570745 -125.9171151
235 -0.76901446 -163.6191251
235 48.63852554 -79.33496514
235 94.48042554 25.55684486
235 66.66326554 45.76333486
235 -262.1283045 -111.5303951
235 -51.78398446 -9.664695135
235 -171.4258245 -50.51086514
235 -46.98841446 -425.0605251
235 -140.9987445 -176.1879451
235 66.69917554 -159.6514851
235 96.46536554 -65.06182514
235 159.9653655 67.89129486
235 51.44972554 82.14354486
235 -6.92397446 21.53742486
235 124.9080755 70.53712486
235 -231.5358545 -40.75435514
235 -47.31914446 -450.8574051
235 -190.1479345 -169.2933051
235 209.5741755 87.07246486
235 124.9075055 70.53601486
235 171.2095855 46.06205486
235 81.21534554 122.4925049
235 5.18354554 87.73392486
235 -174.6504345 24.06856486
235 -275.1921045 -89.70227514
235 -274.6133245 -16.77648514
235 -162.1654145 -155.6827351
235 -252.1237445 -162.9587851
235 249.2616755 103.6089249
235 205.6054255 104.9318449
235 222.1418855 34.15580486
235 178.4861955 -8.176415135
235 125.5689655 141.9735149
235 112.0917555 111.3810649
235 41.56375554 149.2495549
235 -86.01502446 90.87585486
235 -355.9168445 -167.3221751
235 -311.6544245 26.21942486
235 247.2772955 114.8537149
235 246.6158355 89.71830486
235 168.3157055 109.3966849
235 219.4960455 -6.854615135
235 219.4966155 -6.853495135
235 107.0486955 -31.32745514
235 95.14244554 149.2506749
235 208.9127155 120.8068449
235 161.2518055 163.1721949
235 -96.01844446 95.67366486
235 -386.3992245 -174.2024551
235 -268.5775245 55.48783486
235 -342.6608545 6.539914865
235 301.5168855 95.67142486
235 256.5377155 125.4370549
235 251.2466155 -4.869125135
235 96.46479554 -65.06294514
235 41.56432554 149.2506749
235 31.64188554 167.7703849
235 329.9601555 163.1412949
235 167.2408355 202.1662149
235 222.1059755 199.5524049
235 -206.4004345 96.82897486
235 -56.24939446 125.2716849
235 -413.1888545 -179.1645151
235 -371.1862445 -56.46398514
236 76.44092375 -24.25038375
236 34.10759375 -29.54205375
236 141.2638437 6.17669625
236 138.6180137 104.0725263
236 196.8263437 22.05169625
236 144.9377737 -32.88136375
236 161.8049637 -25.93604375
236 89.04397375 -59.67154375
236 265.6544937 -140.3672237
236 89.67009375 -22.92747375
236 -46.59032625 -108.9170537
236 294.7580837 -153.5975037
236 68.50342375 59.09336625
236 -75.65800625 -121.8463837
236 -32.49842625 149.8465063
236 309.3101737 -163.5193837
236 370.1284237 -157.8649737
236 52.16824375 165.7215063
236 -237.6331863 -204.0337037
236 -178.0186863 102.8840863
236 430.8525737 -220.2405537
236 444.0823037 -175.9217237
236 56.59717375 194.0308663
236 105.7463737 186.8881763
236 -300.4717263 -202.7107837
236 -313.0394363 -231.1534937
236 -215.5929263 98.11940625
236 -144.4861563 -14.98997375
236 433.4995437 -240.7435237
236 445.4052237 -108.4529737
236 -18.80907625 174.1871163
236 52.16938375 206.7341563
236 188.8888437 252.2391963
236 -311.1736563 -161.8337237
236 -360.0029763 -231.8149537
236 -261.5283763 95.11082625
236 -212.2856363 131.8537763
236 -77.01740625 -1.76080375
236 -224.4867063 -30.56625375
236 432.8375137 -267.8644337
236 446.6553337 -90.61297375
236 474.4365837 -156.0973537
236 53.95134375 274.7287763
236 -107.9041063 165.0611663
236 184.9200937 319.7079463
236 188.8888437 178.1558663
236 296.0450937 303.8329463
236 -293.9398263 -129.1235437
236 -381.1696463 -260.9191237
236 -450.0799063 -267.6670537
236 -377.7796763 85.02358625
236 -262.8512863 112.9702063
236 -208.9783463 155.6662763
236 -283.3924063 -28.21913375
236 -283.3924063 -7.052473749
236 -203.3200363 -47.10271375
236 488.9886637 -106.4879737
236 354.7860037 -68.76435375
236 445.4052237 -55.53630375
236 576.9626237 -226.2119337
236 -217.2465763 187.4162763
236 96.61540375 267.4527363
236 183.1375637 346.9622063
236 273.5555137 355.4266963
236 286.4898637 185.3998863
236 169.0450937 178.1558663
236 315.8888437 253.5621163
236 -518.8715763 -249.1462237
236 -305.1846263 -129.1235437
236 -486.3415263 -324.4191237
236 -528.1319863 -298.0941337
236 -480.9666063 144.5559563
236 -375.8941163 58.88944625
236 -368.0231663 136.7827063
236 -226.5069863 154.3433663
236 -407.0486363 -24.61201375
236 -266.1944863 55.12461625
236 -342.5570163 28.63426625
236 -75.65857625 -121.8475037
236 601.6388437 -172.4170537
237 -50.27618382 54.80537397
237 -154.7871738 54.14279397
237 -79.38035382 17.10224397
237 -31.09446382 70.67925397
237 -286.0860838 55.13610397
237 -100.5475938 -31.84678603
237 -105.8392538 6.517793971
237 73.41651618 118.305374
237 -112.9499338 -71.69965603
237 -176.3672538 -46.06814603
237 132.0844662 160.504234
237 -120.8874338 -155.704856
237 -139.5730638 -49.70504603
237 -228.6224638 -38.13064603
237 -212.3340538 -64.91970603
237 156.5584262 175.056324
237 -79.87701382 -162.319446
237 -149.3295738 -149.750616
237 9.714676177 -123.922846
237 -312.0483238 -147.766246
237 -100.5470238 -31.84566603
237 -266.3255838 -29.53168603
237 231.3032162 237.894864
237 -8.439513823 -173.564236
237 -159.4994938 -291.468066
237 75.86050618 -47.19367603
237 183.0167662 -92.17284603
237 -352.5626438 -146.277966
237 -366.4538438 -187.950956
237 -298.3236338 -32.50824603
237 145.9750962 236.571944
237 263.0532162 259.061534
237 62.17115618 -181.336366
237 -160.8229838 -324.542096
237 251.9270162 -63.59678603
237 396.0063462 62.60840397
237 -366.4532738 -187.949836
237 -333.3803538 -113.866506
237 -282.1173338 31.32360397
237 67.92300618 238.556324
237 353.0474662 351.302954
237 323.2459262 282.874034
237 -10.67194382 -261.372826
237 -422.7604838 -436.990016
237 400.0936862 -29.86241603
237 542.8500962 122.139654
237 299.4334262 32.18132397
237 616.9334262 200.191734
237 -406.8028038 -243.513456
237 -286.0866538 55.13498397
237 -7.695373823 243.650614
237 225.7988462 389.501054
237 367.6001162 347.335324
237 429.7766262 402.896704
237 417.1730162 332.483404
237 9.171806177 -259.388456
237 70.68800618 -191.918586
237 -457.0730638 -369.189416
237 -483.6967638 -475.188116
237 576.7030662 54.14279397
237 607.6730162 151.243824
237 208.1521762 -3.537426029
237 841.8651762 320.214414
237 -420.0313938 -284.522756
237 -490.3478238 -167.579096
237 -296.0079638 96.80797397
237 -28.64990382 245.832364
237 5.533786177 262.502174
238 -97.37371492 34.87824651
238 -109.7760549 -4.974623492
238 -76.20647492 83.82727651
238 -117.7135549 -88.97982349
238 -102.6653749 73.24282651
238 -47.10230492 121.5304065
238 12.88855508 -57.19781349
238 -76.70313492 -95.59441349
238 -146.1556949 -83.02558349
238 -173.1933749 20.65688651
238 -151.6132949 120.8678265
238 -27.92058492 137.4042865
238 79.03438508 19.53135651
238 186.1906451 -25.44781349
238 -5.26563492 -106.8392035
238 -308.8744449 -81.04121349
238 -156.3256149 -224.7430335
238 -209.1601749 1.805326508
238 -225.4485849 28.59438651
238 -136.3991849 17.01998651
238 -282.9122049 121.8611365
238 76.59039508 185.0304065
238 399.1802251 129.3334365
238 255.1008951 3.128246508
238 65.34503508 -114.6113335
238 -363.2799649 -121.2259235
238 -349.3887649 -79.55293349
238 -157.6491049 -257.8170635
238 -263.1517049 37.19334651
238 -97.37314492 34.87936651
238 135.2583451 227.2292665
238 620.1073051 266.9167665
238 302.6073051 98.90635651
238 546.0239751 188.8646865
238 403.2675651 36.86261651
238 -330.2064749 -47.14147349
238 -363.2793949 -121.2248035
238 -419.5866049 -370.2649835
238 -7.49806492 -194.6477935
238 -295.1497549 34.21678651
238 159.7323051 241.7813565
238 845.0390551 386.9394465
238 211.3260551 63.18760651
238 610.8468951 217.9688565
238 579.8769451 120.8678265
238 -403.6289249 -176.7884235
238 -480.5228849 -408.4630835
238 -453.8991849 -302.4643835
238 12.34568508 -192.6634235
238 73.86188508 -125.1935535
238 -278.9434549 98.04863651
238 234.4770951 304.6198965
238 827.8052251 354.2292665
238 833.7942551 386.9394465
238 855.5864751 487.8438565
238 688.8989751 248.3959365
238 652.6373551 191.6438665
238 -487.1739449 -100.8540635
238 -416.8575149 -217.7977235
238 -590.9869949 -458.0735735
238 -499.0442849 -444.8444135
238 -502.8476749 -338.1842535
238 -456.5455849 -286.5905035
239 -65.67546661 -169.7707035
239 41.03090339 -156.6760035
239 -102.7176966 -167.7874535
239 -221.1187366 -169.1103635
239 -101.3947766 -243.5244335
239 -90.14941661 -116.5233135
239 -226.4109766 -159.1896135
239 -332.2431766 -171.7550835
239 -91.47290661 -244.5166135
239 -280.7685766 -258.5405935
239 -144.1774366 -138.1551735
239 -238.9781166 -133.3916135
239 -343.4879666 -210.1196635
239 -338.9769166 -112.3583035
239 -65.67602661 -169.7718235
239 -9.038656614 -241.8707835
239 -268.0822866 -74.52182354
239 -355.3947866 -257.0843235
239 -338.8583266 -16.97495354
239 46.02774339 -240.7132335
239 -297.8479066 34.61879646
239 178.3194134 -204.3330235
239 -294.1266366 60.41679646
239 233.2204534 -195.7340635
239 -287.9254666 109.3647065
239 260.3408134 -198.3787835
239 -273.3739466 135.8219265
239 328.4704534 -136.8642735
239 -260.8068066 122.5916465
239 -290.1578866 149.0522065
239 242.7756934 -155.3530935
239 496.4808734 -80.64031354
239 529.5543534 -40.29023354
239 -206.1532466 88.85838646
239 -287.9260366 109.3635965
239 -246.2541566 144.4208865
239 -191.7659566 189.5665365
239 -311.8571266 160.1625365
239 531.5381634 -72.04135354
239 535.8376434 70.50291646
239 -191.1050666 171.7060365
239 -66.00675661 247.9391165
239 -191.1409766 214.4021165
239 -320.5855366 92.82713646
239 -318.2704366 215.5276565
239 679.7048334 -49.55177354
239 532.8605134 -110.4070535
239 529.3884234 113.3323465
239 646.3017534 64.55090646
239 -186.4742866 155.8321565
239 -168.9821266 179.3448265
239 -10.23212661 263.3500365
239 -134.7984266 157.9807765
239 -202.3857666 300.3916965
239 -331.8297566 82.24491646
239 -328.8537666 263.1526565
239 748.1657634 -39.96062354
239 534.6800934 182.1240065
239 490.8590434 106.8842465
239 769.9579834 60.94378646
239 529.5537834 -40.29135354
239 681.0942934 93.48205646
239 -218.5914966 158.1781565
239 -167.8713466 123.5849465
239 -166.2176966 153.6812965
240 -133.2257764 -96.61314373
240 -166.3320464 -90.28571373
240 -118.2555364 -105.3167737
240 -134.7936164 -43.84916373
240 -224.5403764 -81.02529373
240 -99.80382644 -109.1463737
240 -89.81501644 -26.65236373
240 -16.94524644 -60.40602373
240 -82.02594644 -108.5474437
240 -88.49209644 13.03513627
240 -5.809236441 0.4685462711
240 -28.05094644 -99.02244373
240 -106.3514764 11.71221627
240 73.97860356 39.49346627
240 37.84644356 -14.74611373
240 62.98186356 26.92575627
240 8.990723559 -72.56411373
240 -182.4191864 -1.516953729
240 83.48763356 -8.791873729
240 73.97917356 39.49458627
240 69.31572356 -64.09744373
240 -249.3085864 -18.21765373
240 116.1106636 -4.957593729
240 144.3412336 48.75388627
240 107.0515236 50.07679627
240 123.2907236 -48.75161373
240 -293.4614964 -32.60549373
240 165.0585836 2.979906271
240 167.3736836 32.74553627
240 258.7735236 66.61325627
240 155.5860236 92.41013627
240 168.2698936 -41.87244373
240 -296.1073364 -73.61590373
240 -252.3216264 -11.57217373
240 -401.4445764 -90.97918373
240 384.2031336 61.32270627
240 279.9401936 75.87367627
240 248.6041736 167.1560463
240 255.8796436 103.3241963
240 235.3744436 -40.54299373
240 -297.0995164 -95.77476373
240 -191.5969164 21.30336627
240 -249.4739564 -54.10177373
240 -413.3508264 -108.8385637
240 429.8431936 65.95179627
240 399.0853736 84.47263627
240 279.6921436 161.5325263
240 236.0358936 170.7929463
240 308.1348536 214.7799263
240 283.9089436 99.02471627
240 -74.05860644 -135.2648837
240 -281.5552464 -106.6888237
240 -346.0474364 -132.4857037
240 -120.9029864 46.10916627
240 -330.1718664 -6.807493729
240 -139.2122564 20.83928627
240 -469.5747764 -128.0208537
240 367.6661036 137.3892963
240 357.7442336 259.0976363
241 -73.01250031 -57.03182833
241 -44.57036031 -62.98606833
241 -235.7312503 -55.04745833
241 -83.18242031 -198.7492783
241 -3.559940313 -69.60065833
241 86.03174969 -31.20405833
241 -36.63286031 21.01913167
241 -63.25599031 43.01374167
241 -290.1367703 -95.23216833
241 -276.2455703 -53.55917833
241 -84.50591031 -231.8233083
241 67.87755969 -80.84544833
241 259.3338397 0.5459416672
241 152.1775797 45.52511167
241 -24.23052031 60.87200167
241 -24.22995031 60.87312167
241 -100.0501803 46.65064167
241 -290.1362003 -95.23104833
241 -257.0632803 -21.14771833
241 65.64512969 -168.6540383
241 -346.4434103 -344.2712283
241 138.4882297 -88.61757833
241 328.2440897 29.12200167
241 472.3234197 155.3271917
241 -3.063280313 109.8210317
241 -152.3053903 54.58814167
241 -29.52218031 99.23658167
241 -136.0169803 27.79908167
241 -330.4857303 -150.7946683
241 -222.0065603 60.21054167
241 147.0050797 -99.19979833
241 85.48887969 -166.6696683
241 -380.7559903 -276.4706283
241 -407.3796903 -382.4693283
241 476.4107597 62.85637167
241 619.1671697 214.8584417
241 375.7504997 124.9001117
241 693.2504997 292.9105217
241 26.04088969 147.5241617
241 -190.0085103 63.18710167
241 -343.7143203 -191.8039683
241 -414.0307503 -74.86030833
241 -205.8002603 124.0423917
241 269.3742997 -39.66966833
241 189.3378397 -169.3154983
241 -429.7044803 -312.1904983
241 -383.4023903 -260.5967483
241 -425.9010903 -418.8506583
241 -517.8438003 -432.0798183
241 653.0201397 146.8615817
241 683.9900897 243.9626117
241 284.4692497 89.18136167
241 918.1822497 412.9332017
241 -78.47010031 146.8615817
241 45.22260969 163.3980417
241 -346.3607303 -225.5394583
241 -445.7442703 -201.8912083
241 -458.9740103 -61.66315833
241 -400.6829903 -43.96914833
241 -209.7695803 147.8537717
241 451.9367997 42.35117167
241 -470.8802603 -328.2308683
241 -470.8796903 -440.6776683
241 725.7805497 217.6376217
241 762.0421697 274.3896917
241 906.9374497 412.9332017
241 900.9484197 380.2230217
241 928.7296697 513.8376117
241 -209.7690103 147.8548917
241 149.7335897 211.0241617
241 -479.5151203 -204.8368683
241 -398.1198403 -160.8819083
241 -464.9630403 -91.39676833
241 -575.3906703 -35.20481833
241 -392.4147603 53.26523167
241 -380.8386703 -8.249278333
241 -219.6908903 189.5267617
241 -518.5052603 -371.2256583
241 -537.6875503 -443.9860683
241 -506.5990103 -476.3975283
241 830.9524297 281.1376217
241 852.1190997 310.2417917
241 838.4765197 403.3420517
241 911.6503497 339.3459617
241 928.7296697 535.0042717
241 805.0734397 517.4447317
241 987.6353697 511.4904917
241 208.4015397 253.2230217
241 -525.1192703 -224.3807883
241 -558.8901203 -84.78217833
241 -490.7240103 -189.9860683
241 -646.1667203 -29.25169833
241 -290.8809103 75.09335167
241 -222.3372903 256.9944017
241 -523.1354703 -395.0381583
241 -598.5411503 -475.7349583
242 110.9043267 55.12115667
242 -289.9394233 -110.9048833
242 179.0350967 55.78372667
243 4.515886977 8.065477442
243 8.484636977 -116.2886926
243 52.80177698 -1.857522558
243 -45.01024302 19.47674744
243 52.80233698 51.06026744
243 31.63567698 -82.55431256
243 -39.14036302 -62.37983256
243 68.09913698 252.3100874
243 115.062677 58.50278744
243 40.23463698 -125.5491126
243 20.27229698 -121.7137126
243 22.37525698 -255.8564026
243 156.072527 296.1305774
243 19.81267698 217.9142474
243 135.237157 93.39471744
243 98.52564698 -98.09858256
243 29.98202698 -279.9996326
243 52.14088698 -118.2730626
243 162.687107 306.0524574
243 -79.27718302 159.7368174
243 -80.15078302 188.9743274
243 147.804867 180.0457574
243 101.172047 -165.5662226
243 -59.97573302 -363.3422626
243 63.79908698 -376.2418126
243 126.885677 304.7295374
243 31.18635698 194.7941074
243 -113.223703 142.6722474
243 -45.01081302 19.47562744
243 -75.30843302 253.0024374
243 -118.515363 179.0524574
243 159.049087 190.6279774
243 111.093357 -207.2392126
243 -79.82005302 -399.0621326
243 -15.90607302 299.2736274
243 -127.775783 132.7503674
243 -111.818103 -8.305622558
243 -58.90143302 281.4131274
243 -113.141023 252.3089674
243 -228.896223 155.7360474
243 167.777497 257.9633774
243 115.062677 -231.0505926
243 -93.16781302 -429.9532926
243 46.93189698 331.6839674
243 -173.333723 110.4261574
243 -123.807033 -15.41629256
243 -80.93083302 458.3852474
243 -234.849353 153.0902174
243 189.476737 246.8530474
243 161.364187 313.3284974
243 98.85637698 -294.8824426
243 -9.622793023 -505.8876526
243 -138.111073 -416.7561426
243 142.182467 378.6486274
243 40.44676698 356.8513974
243 -282.805083 95.87406744
243 -131.661853 -18.88895256
243 -113.223133 -123.8943426
243 -312.901433 92.89750744
243 287.868667 287.3673774
243 206.260677 233.6227674
243 150.780857 360.9534974
243 130.854427 -291.9058826
243 63.79965698 -376.2407026
243 -22.85138302 -546.8969526
243 30.72673698 -450.3240326
243 -144.100103 -446.4897526
243 -71.55182302 -301.8277526
243 -254.527733 -390.2978026
243 13.44556698 391.3805774
243 -338.698313 -68.49832256
243 -240.342293 -58.87516256
243 -84.78099302 -158.2912926
243 -405.505603 88.26729744
243 -369.125393 45.93396744
243 288.493647 312.2029574
243 288.529557 269.5068774
243 413.627867 345.7399574
243 218.827817 220.3924874
243 191.709157 207.1655474
243 134.244397 399.3180774
243 168.557547 -300.5048426
243 44.61736698 -408.6521626
243 -124.881333 -556.9841926
243 -25.49779302 -580.6324426
243 -238.027183 -439.8751626
244 -89.36780603 195.2506215
244 37.63219397 200.5422915
244 35.18758397 158.6617915
244 50.03453397 230.9693715
244 -49.84567603 124.8053115
244 87.73709397 258.4187715
244 -118.718936 109.0325115
244 -0.2362960307 107.6073915
244 85.09126397 121.4969015
244 125.606714 289.1788215
244 17.62216397 101.5044815
244 30.72652397 121.5792415
244 147.268914 301.7454115
244 73.18614397 81.81164147
244 -47.15305603 92.17782147
244 85.75328397 169.1230215
244 216.355404 351.8829015
244 -15.40305603 80.27157147
244 -162.293586 79.16468147
244 114.195994 187.6438515
244 55.57425397 58.49411147
244 -80.22597603 -5.056558529
244 73.18557397 81.81052147
244 53.05787397 4.203861471
244 -168.824926 30.71398147
244 19.19460397 -28.15580853
244 70.20901397 119.1829115
244 198.533064 -7.814848529
244 51.40423397 -4.064368529
244 -153.611946 -49.32359853
244 39.78306397 -26.33567853
244 14.36256397 -36.47582853
244 85.09182397 121.4980215
244 19.19404397 -28.15692853
244 -131.488996 -89.39248853
244 170.751244 -13.76908853
244 -20.69472603 -51.02790853
244 2.45631397 -59.95759853
244 131.657964 129.6649115
244 -234.345766 -62.27269853
244 -80.55670603 -92.03832853
244 -127.815076 -97.27932853
244 198.531934 -7.817088529
244 13.65432397 -129.1946885
244 -6.473376031 -61.61123853
244 -59.05930603 -93.69196853
244 -121.613906 -126.5488585
244 -241.398046 -141.4837985
244 -101.439426 -170.5358385
244 242.069164 -69.68863853
244 238.219434 -7.817088529
244 42.43680397 -130.8887785
244 56.79583397 -201.0110485
244 -118.637336 -136.4707285
244 -38.55410603 -94.02269853
244 -125.251926 -129.8561485
244 -236.379356 -95.75794853
244 -260.520156 -234.6972985
244 -283.257786 -163.4251585
244 287.580764 -97.27932853
244 321.232454 -14.10093853
244 66.65367397 -159.1256785
244 128.169304 -132.6673485
244 67.97659397 -210.7194285
244 25.31253397 -227.5866185
244 -134.842506 -136.8003385
244 -281.934866 -50.31577853
244 -289.541636 -234.2011985
245 126.2608588 161.4526871
245 136.9274388 91.17385712
245 101.7868988 199.1558171
245 148.7504388 50.98914712
245 163.9639788 -58.81293288
245 135.5218388 -24.41598288
245 168.4755988 -94.33430288
245 124.9379388 84.06206712
245 169.9176688 -153.4003629
245 -119.9202412 -187.5999329
245 117.0831188 80.58940712
245 136.9268688 91.17273712
245 177.1937188 -202.3482729
245 142.1364188 -179.1972329
245 -146.3785712 -188.2613929
245 8.402678767 40.60319712
245 203.7341588 118.9539871
245 188.7686688 -263.8650229
245 72.56413877 -169.0791029
245 113.6942788 -189.7794529
245 -201.9410712 -179.0009729
245 -215.1702412 -214.7197229
245 -118.5973212 -194.8759729
245 -71.63378123 11.49902712
245 -89.95334123 30.98003712
245 169.4677888 259.2151771
245 -78.90982123 -223.9801429
245 48.20876877 -219.5473129
245 -195.9879412 -157.1728529
245 -260.8108612 -247.1311829
245 -213.1858612 -289.4645129
245 -114.4267312 9.153027123
245 -134.9325012 -12.67621288
245 -34.06011123 195.3524271
245 135.5212688 242.1506071
245 268.5576488 317.3926071
245 279.9313288 294.2724671
245 168.5941888 288.4526871
245 -76.55824123 -284.8652029
245 -210.9985112 -123.1364029
245 -211.8629412 -361.5634729
245 -134.9319412 -12.67510288
245 -64.15646123 192.3758671
245 75.41124877 209.9045171
245 120.9691888 232.2287271
245 130.2296088 278.5308171
245 316.8441088 351.7884471
245 173.4365388 352.4807971
245 -165.3955012 -333.2034529
245 -234.8127112 -124.4626729
245 -273.7093012 -160.1494129
245 -52.45148123 -81.76660288
245 -145.5158412 -49.05642288
245 -323.9442212 -443.6163229
245 -140.8850612 -32.51885288
245 13.89561877 252.5685771
245 -120.3804212 145.4123271
245 -156.7606312 187.7456571
245 19.84874877 255.2144071
245 135.6039488 351.7873271
245 301.5473088 150.5386271
245 404.8174988 395.6089371
245 189.8435388 380.8914871
245 10.71778877 -340.3968029
245 -282.4377112 -105.9418429
245 -298.1473512 -168.4496529
245 -344.4488612 -314.6308329
245 -310.0530312 -456.8443729
245 -354.3707412 -469.4120829
245 -238.1200012 173.8550371
245 167.8141388 557.8636071
245 203.7347288 118.9551071
245 363.8076488 157.9811471
246 45.08007062 -77.57559687
246 -22.05794938 -30.61205687
246 -88.86523938 -41.85684687
246 142.9759106 -43.17976687
246 56.65559062 -20.69018687
246 -136.4902394 -65.66934687
246 162.8196606 -32.59643687
246 -140.4236494 -38.25195687
246 -160.9641994 -77.57559687
246 -129.5449294 -100.0651869
246 184.3170506 -20.02872687
246 153.7610806 23.10053313
246 -179.6139194 -51.64425687
246 -149.0579494 17.01294313
246 -91.64052938 -21.21828687
246 -192.1821894 -57.59849687
246 -20.20245938 -122.4202969
246 180.2194206 29.71512313
246 272.6217406 32.22648313
246 152.2363206 85.14315313
246 81.00010062 19.13066313
246 -331.9511794 30.90356313
246 -231.0787794 19.65877313
246 -48.84700938 11.05981313
246 -142.7740894 58.68481313
246 -233.8540694 -66.19745687
246 -124.5839894 -155.6276869
246 139.8710306 -80.74730687
246 -121.2766994 -131.8151869
246 270.8392106 59.48074313
246 276.5904906 -35.24226687
246 361.2571606 67.94523313
246 84.76757062 62.65356313
246 258.2715006 95.86095313
246 152.2363206 101.0181531
246 265.5469706 78.66191313
246 71.53841062 78.52856313
246 -283.3339894 58.02336313
246 -358.0787794 41.48690313
246 -254.8912794 26.27336313
246 -297.5553394 33.54940313
246 -335.5891994 -16.05997687
246 -19.74283938 30.90356313
246 -202.3053394 53.39315313
246 -73.98242938 66.62231313
246 -294.7076694 -80.74842687
246 -127.8912794 -189.3620569
246 -175.1496394 -174.5112569
246 144.2988206 -93.45059687
246 141.6529906 -12.75268687
246 -138.8053394 -133.1380969
246 383.7467406 16.35148313
246 276.5904906 -109.3255969
246 317.6009106 111.6014831
246 435.3404906 95.72648313
246 254.1009106 119.5389831
246 41.11132062 77.20565313
246 152.2363206 116.8931531
246 270.8386406 59.47962313
246 341.6152506 56.17345313
246 0.1009106245 48.10148313
246 -339.5208994 77.83733313
246 -252.9069094 73.23690313
246 -371.9694094 46.77856313
247 -62.29946309 -59.4355421
247 -29.97068309 -66.2154921
247 -95.45449309 -42.4018721
247 67.26368691 -86.7206921
247 -10.78839309 -95.9811121
247 -113.3144331 -88.0436121
247 -109.3456831 -29.1738221
247 27.57618691 -110.5331921
247 -126.5430331 -104.5789521
247 2.735596913 52.8790279
247 -139.7722031 -54.9695821
247 47.41993691 -150.2206921
247 -121.4999831 -145.0943921
247 49.20303691 81.2390479
247 1.412676913 124.9779879
247 -128.1145631 -147.4095021
247 -162.2623531 -68.8613221
247 -116.8697731 -185.7740821
247 225.3163269 74.0456979
247 138.0402969 129.5772979
247 -0.5717030866 199.7227779
247 -121.4994131 -145.0932721
247 -126.5430331 -186.5997921
247 -179.4602731 -78.7831921
247 -157.6321431 -108.5488221
247 -64.94473309 -187.7573421
247 -109.9244631 -226.7845021
247 319.2434069 67.4311079
247 262.8073069 194.8951879
247 68.21996691 226.1811079
247 -46.21232309 167.3113179
247 12.65746691 235.4415279
247 -38.15623309 -127.8964821
247 -140.4342331 -191.2311121
247 -123.2363131 -215.0436121
247 -220.4701231 -105.2404121
247 -149.6946431 -131.0384021
247 -17.32029309 -113.6751221
247 48.16407691 -176.5136621
247 -78.17446309 -204.2949121
247 -113.2317531 -295.5761621
247 325.2324369 97.1647179
247 293.4824369 -31.1581921
247 328.2928169 224.6630479
247 96.00121691 219.5665279
247 94.67829691 226.8425679
247 18.61059691 257.2696479
247 -131.1738131 -213.7206921
247 -198.5598831 -193.7115821
247 -238.2473831 -76.6334521
247 -265.4492831 -124.4227021
247 -96.69529309 -247.2897121
247 391.7916869 212.0931079
247 208.8157769 123.6230579
247 370.1756969 83.9675679
247 167.8053569 5.883467901
247 356.7349569 235.2452679
247 135.6887169 190.4623579
247 383.0741369 320.1081979
247 3.600026913 291.3060979
247 -153.0378431 -240.4777421
247 -383.8503331 -197.1831221
247 -190.0436031 -232.9029921
247 -244.9440731 -61.5841621
247 -292.6055531 -75.7746221
247 -327.5442531 -120.9511621
247 138.0397269 129.5761779
247 453.7207169 8.033207902
247 383.5234569 114.8587279
247 114.8886869 3.237637902
247 287.1626769 245.3633979
247 384.5162069 261.0421379
247 378.5625169 355.6295679
247 -20.21417309 289.9798279
247 162.1470569 332.6758979
247 69.08269691 365.3860779
247 -59.11076309 254.2930879
247 -510.1167731 -277.8119421
247 -178.1732631 -268.2589921
247 -261.4811031 -30.4967421
247 -360.6992831 -80.1049921
248 -118.4536975 -60.17178746
248 -63.55322746 -26.43853746
248 -138.4633775 -71.25233746
248 9.50201254 20.72239254
248 -139.1248375 -85.14295746
248 -140.4471875 -20.98038746
248 -207.7511375 -115.0739475
248 49.52024254 19.06874254
248 -200.6404675 -59.34608746
248 -135.8175475 20.69037254
248 34.83870254 49.13308254
248 -252.7297475 -144.1769975
248 -15.92765746 -103.8280375
248 -252.0688475 -113.7510375
248 83.24132254 -52.09311746
248 108.3900425 34.61301254
248 34.83927254 49.13420254
248 -102.0826075 63.68628254
248 49.10683254 60.82330254
248 -261.9901575 -145.4999175
248 22.43692254 -111.7655375
248 17.80615254 -91.26144746
248 -289.7719775 -115.0739475
248 93.21240254 -70.75623746
248 193.1752925 18.20990254
248 193.1758525 18.21102254
248 173.0834925 45.82579254
248 -55.11906746 60.37899254
248 -122.1281875 74.30051254
248 73.20328254 80.22162254
248 25.95579254 66.94179254
248 -18.57405746 -119.7041575
248 105.1186525 -122.3499875
248 48.23323254 -87.95415746
248 -344.0115575 -119.0426975
248 223.9798825 26.09673254
248 267.4239925 -48.92811746
248 194.0488925 50.15728254
248 -102.7446275 80.22162254
248 -130.3964175 75.95416254
248 155.8855725 80.22162254
248 52.69807254 78.89870254
248 87.09391254 97.41954254
248 -30.64567746 83.52891254
248 23.67659254 79.39480254
248 -90.67301746 -132.9333275
248 128.9317125 -126.9790775
248 99.82755254 -78.03116746
248 -361.8709375 -117.0583275
248 320.0567025 -47.07708746
248 317.5294625 30.11615254
248 295.8661325 62.85722254
248 220.0470325 57.73204254
248 -60.32861746 79.39480254
248 -144.4165075 78.23725254
248 -105.5917375 94.14426254
248 -143.2948575 68.34739254
248 192.2657825 75.59141254
248 71.82018254 172.1122025
248 29.96044254 150.1708425
248 178.3757225 176.7956625
248 3.171382539 150.1708425
248 -148.8807875 -142.8540775
249 12.86531 32.06369333
249 -1.02531 28.75639333
249 46.2191 30.01507333
249 -4.8287 -21.84516667
249 -58.57219 8.912643333
249 5.34179 -77.90263667
250 185.2906605 -27.64718179
250 109.2223805 -5.158721795
250 101.9469105 12.04031821
250 114.5140505 -24.34101179
250 -4.088269487 1.322518205
250 97.77632051 35.71834821
250 161.2763205 27.78084821
250 -71.55701949 -21.16707179
250 -84.78617949 -5.292071795
250 -4.088269487 17.19751821
250 -2.563509487 -60.72010179
250 97.97816051 49.08198821
250 162.5992305 48.94751821
250 235.6903805 54.9006382
250 204.9325705 -15.87540179
250 -176.0674295 -52.91707179
250 -115.2132695 -6.614981795
250 -156.2236795 -35.71915179
250 -4.088269487 33.07251821
250 -75.32448949 -64.68997179
250 6.495070513 -116.4170718
250 23.89483051 -54.10551179
250 91.49246051 87.97355821
250 162.5992305 64.82251821
250 239.3284005 66.14543821
250 230.3987105 19.84334821
250 116.2971505 -51.59415179
250 279.0159005 11.90584821
250 227.4221505 -67.46915179
250 -205.1715995 -72.76082179
250 -104.6299295 44.97876821
250 -190.6195195 -19.84415179
250 5.502880513 105.1714782
250 -247.9651195 -105.0389218
250 -13.34867949 -127.0004018
250 27.99246051 -103.8493618
250 114.5146205 -24.33989179
250 68.87343051 105.9662782
250 86.20080051 109.1402282
250 174.5054805 234.1558482
250 243.2971505 93.92668821
250 120.2659005 -119.0629018
250 247.2659005 -117.7399818
250 -305.3825395 -66.80769179
250 -20.42344949 137.0548282
250 -196.2419095 49.60897821
250 -230.3070195 -17.19832179
250 9.471630513 128.3225182
250 -10.37211949 114.4318882
250 -296.7482395 -122.0725918
250 -111.2445195 -161.3962318
250 74.95600051 124.3537682
250 228.7450705 261.9370982
250 177.1513205 267.2287682
250 62.25884051 185.3412882
250 261.8179805 105.8329382
250 120.2659005 -193.1462318
250 -12.02576949 -177.2712318
250 -387.4033695 -64.1618618
250 -299.0986795 -25.13582179
250 -21.08433949 170.7903182
250 -285.5387895 3.968348205
250 -58.65857949 95.91105821
250 13.97238051 174.7579482
250 -44.10649949 97.23397821
250 -335.9385095 -135.4648918
250 -292.8148295 -149.4899818
250 -245.1898295 -125.6774818
250 -178.3825395 -114.4326918
250 226.0992305 279.1350182
250 247.2659005 265.9058482
250 100.4221505 -193.1462318
250 217.8669205 -185.9022118
250 -16.45469949 -205.5805918
250 -16.45355949 -164.5679418
250 -87.43201949 -197.1149818
250 -411.2158695 -57.54727179
250 -358.6299295 -30.42748179
251 -6.73832 -7.60621
251 6.73832 7.60621
252 150.7652374 51.54000347
252 126.2912774 45.58687347
252 160.0262174 83.95258347
252 91.23398736 12.51396347
252 95.20329736 36.32758347
252 218.8954374 99.82646347
252 144.1506474 73.36812347
252 37.65585736 8.545213472
252 52.86939736 -2.699576528
252 249.3230974 115.0411235
252 13.76124736 -6.171116528
252 66.67733736 42.77568347
252 40.30225736 -9.313046528
252 323.4058574 167.9566735
252 283.0568974 115.0400035
252 -46.34992264 -27.17465653
252 -78.38330264 -99.48852653
252 124.8862474 79.81846347
252 -33.12018264 -93.31937653
252 343.8289474 181.0215935
252 375.6610674 165.3108335
252 362.4324674 149.4369535
252 -38.53044264 7.419673472
252 -54.94831264 -48.67093653
252 -124.0239326 -28.71248653
252 -223.0408426 -222.4679965
252 0.6147573609 70.39268347
252 146.1350274 97.18062347
252 -49.65664264 -117.1318765
252 412.7027374 160.6806235
252 375.6616374 165.3119535
252 -17.90607264 69.06976347
252 -138.2920626 -31.47301653
252 -295.8018226 -184.7659865
252 -244.8689626 -237.6815365
252 33.02564736 103.1337535
252 159.9435374 107.5997135
252 218.8965774 99.82869347
252 536.3127574 229.9683935
252 -66.76112264 57.79962347
252 -282.9184826 -175.0626765
252 -330.1149726 -163.4339565
252 -455.7914926 -355.9172165
252 -270.5837226 -235.5329165
252 41.62460736 128.2691735
252 297.5257374 181.0193535
252 484.0575474 190.2808935
252 563.4325474 247.1663035
252 -72.14509264 103.1359935
252 -64.20872264 29.71187347
252 -123.5499026 42.83598347
252 -255.1372326 -175.7241365
252 -246.1918826 -143.0929965
252 -375.0941426 -132.3454165
252 -314.9008726 -129.6984665
252 -445.2087226 -379.0693765
252 -466.3748226 -334.0890865
252 -373.1097726 -250.0849965
252 44.27043736 168.6181235
252 343.8283874 181.0204735
252 253.8706174 181.6830435
252 568.0627574 270.9788035
252 -116.4639326 117.0243735
252 -27.16706264 96.84990347
252 -136.9674426 35.99908347
252 -188.1853926 -168.2801965
252 -203.5423426 -151.2479365
252 -203.5429126 -151.2490565
252 -226.3487026 -126.5576565
252 -398.9893226 -121.9274465
252 -379.0623226 -150.8651265
252 -373.1092026 -117.7922165
253 346.4703535 318.6163964
253 108.3453535 223.3663964
253 -1.4567265 192.9393064
253 9.7880635 106.9497264
253 18.3870235 268.3455564
253 9.1630835 82.11414637
253 -89.2288465 41.59981637
253 134.9222835 140.4867264
253 9.8239735 64.25364637
253 -72.4449065 28.36953637
253 -110.9280865 52.71014637
253 190.6969135 155.8976464
253 66.1306135 50.52838637
253 31.9469135 71.89243637
253 -45.3251165 36.96849637
253 14.4547535 48.37976637
253 -59.8777665 15.13925637
253 -86.9964265 1.912316374
253 -119.6564965 -14.62525363
253 -117.3413965 108.0752664
253 158.2854635 192.9393064
253 261.8036935 91.07472637
253 318.8076935 192.0804764
253 58.1931135 13.48672637
253 -17.6624565 50.72576637
253 33.0576935 16.13255637
253 34.7113435 46.22890637
253 -5.2242065 -18.59400363
253 -86.9969965 1.911206374
253 -93.1975965 -47.03559363
253 -130.9007165 -25.20747363
253 -127.9247265 155.7002664
253 322.7764435 45.23672637
253 281.7660335 47.88255637
253 43.0622535 -7.349213626
253 -96.9188665 -72.83359363
253 -143.4684265 -111.8585136
253 -144.4611865 194.0648464
253 387.6826135 9.188366374
253 319.3505635 -20.71173363
253 -5.2236365 -18.59288363
253 137.6507935 -4.703383626
253 -137.9292865 -124.4273436
253 -163.6429065 -146.7504436
253 -139.3707865 220.7205564
253 336.0882935 3.895576374
253 463.0882935 24.40078637
253 344.2738435 -78.12525363
253 -36.9742065 -32.48463363
253 -138.0478765 -219.8106936
253 -225.9032465 -154.1929636
253 -180.1799365 -303.3518136
253 -127.9247265 256.2419364
253 -93.2808465 231.1065164
253 -139.8309765 274.1013064
253 -205.1858965 191.2856664
253 526.5882935 28.36953637
253 -83.2762865 -52.32838363
253 17.7255635 -50.47735363
253 -131.3141365 -279.2074736
253 -210.6064465 47.05685637
253 -225.9038065 -207.1107536
253 -323.7158265 -185.7764836
253 -177.5335365 -370.8194536
253 -272.9853765 184.6710864
253 638.2093935 -3.876553626
253 -54.1721265 -68.86484363
253 -93.1981665 -47.03671363
253 67.7842635 -79.44817363
253 -142.5589265 -317.5720536
253 -20.1896965 -276.5627536
253 -122.6330565 90.87734637
253 -258.8929065 12.66101637
253 -247.0699065 -287.8075436
253 -274.1896965 -197.1877536
253 -317.8459465 -267.6330636
253 -167.6122265 -412.4924436
253 691.7880835 -0.5681436255
253 15.2815735 -99.95226363
253 -130.9012865 -25.20859363
254 -101.7906639 -47.69596618
254 -30.35316395 -17.26888618
254 -121.6344139 -64.89388618
254 -60.78025395 -18.59179618
254 50.34474605 -10.65429618
254 -17.12400395 -33.14388618
254 -150.7385839 -84.73763618
254 -50.19691395 33.00195382
254 50.34474605 5.220703817
254 -136.1865039 -31.82096618
254 51.86950605 -72.69691618
254 163.6553961 -17.13553618
254 156.3799261 0.06350381649
254 -193.5321039 -117.0157362
254 -250.9495239 -78.78450618
254 -141.8088939 37.63216382
254 50.34474605 21.09570382
254 34.00956605 125.0780138
254 152.2093361 23.74153382
254 -175.8740039 -29.17513618
254 60.92808605 -128.3938862
254 -20.89147395 -76.66678618
254 78.32784605 -66.08232618
254 168.9470661 -36.31782618
254 239.7236761 -39.62399618
254 215.7093361 15.80403382
254 -242.3152239 -134.0494062
254 -244.6656639 -37.11263618
254 -332.9703539 -76.13867618
254 -231.1057739 -8.008466183
254 -4.225563949 83.93424382
254 152.4111761 37.10517382
254 59.93589605 93.19466382
254 44.06089605 102.4550738
254 33.34867605 158.8135038
254 217.0322461 36.97070382
254 82.42547605 -115.8261762
254 41.08433605 -138.9772162
254 168.9476361 -36.31670618
254 259.3655861 -27.85221618
254 290.1233961 42.92382382
254 -281.5054939 -147.4417062
254 -238.3818139 -161.4667962
254 -304.1969139 -42.40429618
254 -356.7828539 -69.52408618
254 10.32651605 85.25716382
254 217.0322461 52.84570382
254 145.9254761 75.99674382
254 63.90464605 116.3457038
254 -1.709183949 158.8123838
254 68.40539605 162.7811338
254 5.567426051 377.7562138
254 293.7614161 54.16862382
254 170.7301661 -63.57096618
254 -56.81150395 -173.3730462
254 281.8551661 -79.44596618
254 333.4489161 -0.07096618344
254 284.8317261 7.866533817
254 -294.0737639 -153.3959462
254 -433.8427539 -64.89388618
254 -190.7568139 -137.6542962
254 -231.4365039 -195.8626362
254 -262.8557739 -173.3730462
254 -399.4469139 -62.24804618
254 -334.9547339 -13.96158618
254 228.9384961 222.1790338
254 297.7301661 81.94987382
254 123.3064461 93.98946382
254 140.6338161 97.16341382
254 -134.6617439 93.32912382
254 116.6918561 173.3644738
254 82.95805605 431.3343338
254 -11.46569395 368.6600438
254 174.6989161 -131.0397162
254 -123.9495239 -126.4095062
254 301.6989161 -129.7167962
255 451.6203556 177.9573452
255 395.3969756 154.1459652
255 555.7074956 136.1394852
255 388.3585356 209.5613552
255 332.5572856 174.6489352
255 321.5512456 243.9571852
255 299.4855156 147.5313752
255 388.3591056 209.5624752
255 275.9106156 268.4311452
255 369.1768156 269.7551852
255 556.3689556 163.9207352
255 232.0890056 122.4142252
255 347.1827556 207.7423452
255 262.6814556 277.6915652
255 392.7505656 289.7438052
255 259.2093656 141.5976252
255 107.0739456 65.19919519
255 195.2953856 311.9220352
255 216.8026556 156.7906752
255 82.26869558 47.00797519
255 76.64629558 30.80224519
255 59.44837559 15.58869519
255 47.54269558 26.83460519
255 58.78691558 31.46369519
255 90.86764558 -37.32796481
255 122.8755656 0.02505519404
255 58.78691558 -2.932134806
255 32.99004558 49.32307519
255 -28.27753442 -45.92692481
255 224.0792656 6.640755194
255 41.71845558 59.77305519
255 -49.44420442 -55.18734481
255 274.3500956 -11.88008481
255 20.42233559 82.39599519
255 -163.8764944 -73.04671481
255 171.1625956 -35.03112481
255 353.0630656 -42.30828481
255 -0.08230441529 92.98044519
255 -224.7300944 -130.5924748
255 208.2036956 -54.87598481
255 148.6730156 -50.90612481
255 -5.374534415 112.1616152
255 -192.1070644 -126.7581948
255 -270.3712844 -136.5467148
255 113.6157156 -69.42695481
255 -140.8440444 -89.05506481
255 -143.1591444 -118.8206948
255 -314.0269644 -121.3320548
255 75.98540558 -60.47789481
255 -245.2358644 -94.87484481
255 -398.0327444 -148.4529648
255 -72.84328442 -162.3435948
255 121.6254656 -55.84880481
255 -234.2385544 -82.30601481
255 -396.7098244 -108.7654648
255 -443.0113444 -165.6497648
255 -382.2763344 -257.0654848
255 -139.9478344 -163.6730448
255 -201.1662044 -71.72380481
255 -234.2391244 -82.30713481
255 -414.5692044 -110.0883848
255 -474.5497744 -212.0863148
255 -184.9270044 -170.5522148
255 -152.6317044 -29.39046481
255 -490.6369144 -123.3175548
255 -532.7581044 -202.8258948
255 -441.4435044 -218.4137448
255 -238.9020044 -185.8980448
255 -52.33808442 -18.47640481
255 -59.61355442 45.35544519
255 -557.5263144 -140.0182548
255 -426.4732644 -227.1173748
255 -299.2270044 -194.3647148
255 -24.30878442 -22.77588481
255 -72.18183442 48.99234519
255 -28.52558442 39.73192519
255 -0.08287441498 92.97932519
256 -29.49511789 5.22922831
256 -50.16568789 -7.50385169
256 -4.359127888 15.48294831
256 -96.30297789 -50.66512169
256 -103.9456579 17.49709831
256 -36.80763789 -15.57582169
256 -10.97427789 47.89328831
256 51.82778211 -4.33102169
256 -154.5113079 -61.90991169
256 -174.0602379 50.57001831
256 -22.91700789 -20.86748169
256 -38.79200789 -71.79977169
256 -5.682617888 64.09901831
256 82.25486211 10.88251831
256 3.210592112 -31.45082169
256 -157.9828279 -127.8881517
256 -329.1368779 -41.40582169
256 -241.5289879 53.21584831
256 -17.62534789 -116.7789417
256 -52.02117789 -174.9872717
256 -13.86872789 154.2215983
256 97.50432211 109.0770683
256 -83.07323789 54.83859831
256 102.0986121 19.48147831
256 155.5478521 -113.9986417
256 -0.4274278884 -78.41436169
256 37.60643211 -28.80498169
256 80.27049211 -36.08102169
256 -132.1865179 -149.7173917
256 -370.9729779 -41.89968169
256 -314.0881279 100.3127383
256 13.46320211 -135.2997717
256 -27.54721789 -159.7737317
256 -77.28490789 -178.1589817
256 91.96460211 138.3465983
256 -87.37271789 181.8385983
256 -20.48387789 193.9079783
256 137.1559021 134.5752283
256 183.4579921 116.0543883
256 191.0647621 66.44501831
256 132.8564321 -8.96123169
256 142.9795821 -119.9528817
256 194.7381221 -100.6063417
256 104.0829921 -42.69561169
256 -77.28604789 -178.1612217
256 -119.8206579 -191.5237317
256 -383.0810679 118.0387683
256 -236.8628679 110.3999783
256 -324.5066679 3.90406831
256 40.45410211 -143.1028117
256 6.187152112 -153.8206117
256 -34.45661789 208.9572783
256 -64.88370789 231.4468583
256 -144.9201579 171.2541483
256 -92.66381789 158.6886783
256 160.4255421 151.5757583
256 -31.81021789 234.0938083
256 147.8578321 143.6382583
256 241.4541921 115.1955583
256 183.9067421 62.93922831
256 181.2614821 148.9299283
256 272.0934121 109.4398083
256 192.3876821 -3.66957169
256 205.9475721 25.43459831
256 174.1975721 -139.9299817
256 101.3077021 -128.5518417
256 186.1038221 -45.34144169
256 198.6715321 -128.0237317
256 243.5212421 -83.57267169
256 -58.10375789 -205.2810117
256 -115.8519079 -207.3987317
257 -17.2162625 -15.714755
257 92.5858275 -157.928305
257 -40.9559525 65.002535
257 -34.4136125 108.640525
258 92.81329954 -151.3555123
258 74.95391954 -130.8503023
258 29.97475954 -84.54822231
258 4.839339538 -54.12113231
258 -22.94191046 -55.44405231
258 -9.133400462 -35.76455231
258 61.72475954 -48.16801231
258 -45.43149046 -58.08988231
258 -45.51418046 -33.78129231
258 133.0795695 -23.85942231
258 -28.89447046 -19.06272231
258 99.12386954 -42.84065231
258 -71.88983046 -58.08988231
258 -154.3240705 -34.77348231
258 159.8691995 -18.89736231
258 -81.81170046 18.63927769
258 -152.0089705 -16.25264231
258 161.3009495 -38.21044231
258 -90.05322046 -62.02294231
258 190.3515795 -12.01708231
258 -152.0078305 -16.25041231
258 -24.26426046 56.34352769
258 -218.8156905 -16.25153231
258 172.7670695 -37.08858231
258 -132.8266805 -64.53910231
258 271.0763195 65.60281769
258 -167.2225105 2.268187692
258 -144.7329305 -34.77348231
258 -231.3834005 -44.03278231
258 -10.87086046 66.92461769
258 127.3391295 106.2009677
258 -243.2902205 -19.55994231
258 219.5092795 -48.13232231
258 -141.6469705 -65.33023231
258 314.7325695 114.5507377
258 -73.29486046 46.58701769
258 -140.1027205 -40.06514231
258 -306.7902205 -57.92452231
258 122.0828295 111.9049077
258 135.3125595 95.36956769
258 -272.7251105 -34.44275231
258 247.2905295 -57.39273231
258 -203.5200405 -77.27218231
258 374.8425995 104.7942277
258 271.6550995 138.5286077
258 371.6179895 179.3736577
258 -24.92685046 72.21628769
258 -231.3839705 -44.03389231
258 -132.8261105 -64.53798231
258 -349.3721605 -73.30454231
258 120.9247095 118.1876377
258 149.7454895 74.31647769
258 -312.7433405 -50.64848231
258 277.2774895 -52.96358231
258 -251.8886105 -85.04319231
258 391.9578295 88.75386769
258 234.6139995 181.5245177
258 460.2533995 246.1809477
258 114.5593095 151.7588877
258 119.6023595 121.4960477
258 -110.7698605 -88.97034231
258 -335.4809705 -97.11593231
258 -394.1021505 -98.93382231
258 -357.9705605 -58.08988231
258 161.7703295 143.3241777
259 56.5404354 43.89084494
259 60.2617054 -6.874965057
259 62.9069754 -35.31878506
259 123.8438154 -23.74326506
259 2.714265402 -1.584415057
259 4.910775403 -34.45995506
259 93.5461954 -41.07453506
259 3.375725402 14.95204494
259 -18.1216746 1.061414943
259 -81.0428946 -41.43727506
259 5.359525403 -87.57511506
259 123.8443854 -23.74215506
259 12.5175454 -84.06932506
259 56.5410054 43.89196494
259 11.3132254 112.8478749
259 -30.6893846 -6.876085057
259 -199.0310946 43.39363494
259 -184.2298346 -86.41532506
259 -41.3913146 -15.93911506
259 256.7969454 41.74110494
259 -76.4486046 -131.0328651
259 112.7649654 84.90238494
259 46.3710854 156.5052449
259 -210.3574346 83.57946494
259 -192.4159446 3.707254943
259 -261.6204546 -95.67574506
259 -189.5214946 -102.6210551
259 -86.5826146 -12.16774506
259 291.8548054 41.74222494
259 -96.2923546 -139.6318251
259 -45.6907846 -159.4755751
259 147.8216854 98.13042494
259 12.6361354 103.5874649
259 53.6476954 178.9959449
259 -202.4205046 114.0054349
259 -265.9199346 31.32425494
259 -182.9063446 -135.0313951
259 292.5156954 8.006734943
259 264.0735554 260.6849349
259 326.9115254 45.70985494
259 -126.7194346 -154.8453651
259 27.4003554 -125.0797451
259 -140.9407846 -179.3193251
259 13.8404654 -154.1839151
259 -98.2767246 -186.5953651
259 159.0664754 114.0054249
259 82.7507254 170.7254849
259 -67.8137346 199.9950149
259 -323.4673746 20.73980494
259 -271.2110346 8.174334943
259 -213.0038346 58.44293494
259 -243.4309246 80.93251494
259 -208.0423346 -145.2851151
259 302.5670254 -14.61620506
259 208.3092154 -84.06932506
259 247.0404354 251.5887649
259 341.4641854 314.2630549
259 375.1979854 56.29319494
259 322.4107754 -0.7255750569
259 -175.3366246 -181.9651651
259 116.6972354 -79.43911506
259 82.6321254 -146.2464151
259 7.556605402 -195.8557851
259 -74.4642246 -193.2099551
259 183.0443454 125.7463149
259 85.3971254 163.4505549
259 55.9622254 197.8463949
259 -69.1360846 186.1055049
259 -63.5142546 234.3908449
259 -380.3533646 -0.4279750567
259 -415.4100846 -40.11436506
259 -287.7486246 -46.06748506
259 -240.0409446 20.90516494
259 -210.3580046 83.57834494
259 -370.4303546 61.08988494
259 -229.5402946 108.7137649
259 -228.7129046 -158.0181951
259 268.8326454 -31.81411506
259 318.4420254 -23.87661506
259 197.7258754 -135.6630751
259 308.8508754 -95.97557506
259 202.4746754 232.9025649
259 487.4446254 105.1077549
259 387.8951454 -4.694325057
259 -201.4642246 -171.3818251
259 -22.9993646 -264.5129851
259 -178.9746446 -228.9287051
260 -163.9431337 -26.54525069
260 -137.4847937 -27.20671069
260 -173.2035437 -45.06608069
260 -266.4691737 -19.93067069
260 -108.3812037 -31.17658069
260 -192.3858437 -49.69629069
260 -340.5525037 -19.93067069
260 -309.9600537 -39.27832069
260 -211.4021937 4.379049306
260 -68.69313375 -31.17546069
260 -213.3871437 -78.30436069
260 -387.5160437 -20.59212069
260 -276.5564137 5.039389306
260 -374.7829737 -30.67936069
260 -74.02070375 46.57790931
260 -105.5694337 65.23208931
260 -276.5558437 5.040499306
260 -111.0270337 -0.7494906944
260 -19.08375375 -45.06608069
260 -258.3663037 -58.46061069
260 -189.7400037 -95.99837069
260 -9.197793749 77.66644931
260 19.90637625 35.99457931
260 -67.40612375 85.60394931
260 -308.1410437 7.189129306
260 -83.90553375 -1.407600694
260 37.14133625 -74.82947069
260 181.3381163 10.49641931
260 -99.11964375 -69.53892069
260 -135.3344937 -146.4334507
260 -150.0525037 -79.46192069
260 75.58746625 82.43000931
260 19.36350625 87.72167931
260 78.11470625 57.49196931
260 80.09908625 42.27842931
260 -23.54803375 109.5509193
260 -108.3806337 -31.17546069
260 -21.06756375 -89.38267069
260 46.40118625 -61.60142069
260 320.9058263 32.98599931
260 -89.19720375 -122.4544707
260 -49.51084375 -144.2848307
260 -114.8298537 -160.9866607
260 109.2032563 69.06748931
260 73.60366625 120.7957093
260 134.3745763 48.19953931
260 184.1493163 233.9039693
260 187.2912463 -13.97754069
260 173.4006163 -41.75879069
260 -135.3350537 -146.4345707
260 36.47817625 -123.1192807
260 1.421456251 -162.8056707
260 174.0261663 57.82269931
260 354.1441063 125.4247993
260 221.1083063 206.1227193
260 243.5978863 258.7086593
260 214.4116063 -8.684760694
260 181.3386863 10.49752931
260 150.9116063 -91.36705069
260 206.4735363 -39.11296069
260 -144.7967437 -155.1668807
260 93.36416625 -101.9515007
260 70.21311625 -190.5869207
260 145.6205063 -114.5169707
260 -75.80380375 -172.8929107
260 353.3172863 111.6995393
260 354.9709363 143.4495393
260 319.9136363 232.0849593
260 221.1083063 279.8753193
260 291.9670263 272.2685493
260 338.7646363 12.47966931
260 180.6766663 25.70995931
261 5.927380745 103.8370655
261 -25.82261925 115.7433155
261 76.90469075 82.05960552
261 -58.89553925 18.50893552
261 38.95260075 125.0699755
261 -140.9631493 102.7301755
261 94.51601075 105.3760155
261 74.38831075 27.76935552
261 -147.4944893 54.27947552
261 40.52504075 -4.590314477
261 94.51658075 105.3771355
261 21.09414075 131.1728855
261 91.53945075 142.7484055
261 219.8635007 15.75064552
261 72.73467075 19.50112552
261 -132.2815093 -25.75810448
261 35.69300075 -12.91033448
261 61.11350075 -2.770184478
261 -28.51523925 148.3708055
261 52.05696075 145.1447355
261 106.4222607 145.0635155
261 40.52448075 -4.591434477
261 -110.1585593 -65.82699448
261 0.6357107451 -27.46241448
261 23.78675075 -36.39210448
261 192.0816807 9.796405523
261 -97.38849925 132.5980055
261 56.51802075 182.2272855
261 107.0837207 192.6885155
261 152.9884007 153.2304055
261 -213.0153293 -38.70720448
261 -106.4846393 -73.71383448
261 -59.22626925 -68.47283448
261 34.98476075 -105.6291945
261 14.85706075 -38.04574448
261 219.8623707 15.74840552
261 58.96263075 224.1077855
261 135.5264307 211.2093455
261 -220.0676093 -117.9183045
261 -80.10898925 -146.9703445
261 -100.2834693 -102.9833645
261 -37.72886925 -70.12647448
261 78.12627075 -177.4455545
261 63.76724075 -107.3232845
261 -97.30689925 -112.9052345
261 -17.22366925 -70.45720448
261 259.5498707 15.74840552
261 263.3996007 -46.12314448
261 71.36497075 254.5348655
261 -68.03736925 218.8161155
261 -103.9214893 -106.2906545
261 -215.0489193 -72.19245448
261 -239.1897193 -211.1318045
261 -261.9273493 -139.8596645
261 46.64297075 -204.0211245
261 89.30703075 -187.1539345
261 149.4997407 -109.1018545
261 87.98411075 -135.5601845
261 -113.5120693 -113.2348445
261 342.5628907 9.464555523
261 308.9112007 -73.71383448
261 109.0675307 281.9842655
261 -260.6044293 -26.75028448
261 -268.2111993 -210.6357045
261 -218.6845093 -209.8088845
261 -283.4247393 -94.21903448
261 -288.7164093 -139.8596645
262 65.09100594 43.76057812
262 89.56439594 1.426128116
262 104.7779359 -22.38637188
262 135.8670459 -13.78629188
262 31.35662594 10.02620812
262 147.1118359 -43.55192188
262 118.0071059 37.14487812
262 151.5761159 -31.64679188
262 -20.23712406 58.31266812
262 -112.5174541 8.152218116
262 177.5383559 -82.57908188
262 58.97251594 111.2293281
262 -114.3301341 24.57716812
262 -96.34130406 66.11569812
262 65.09043594 43.75945812
262 -156.0127741 186.0369181
262 -160.4662941 -13.78629188
262 199.3670459 -109.6977519
262 88.90350594 118.5053681
262 22.59173594 135.0407081
262 -141.9460241 7.379258116
262 -174.9722741 95.97930812
262 118.0076659 37.14599812
262 -178.3180641 204.4387881
262 -228.5959341 -45.53517188
262 273.4139059 -120.2501919
262 165.4667359 -142.1103319
262 121.9399459 -92.46894188
262 77.37226594 135.2808581
262 106.7623059 107.9209181
262 132.5378959 132.2381481
262 20.60736594 164.1448781
262 -106.8881641 45.74495812
262 -160.4668541 -13.78741188
262 -237.8580541 93.69844812
262 150.4185559 38.46779812
262 -241.4955041 188.6188381
262 -210.7376941 226.9834181
262 -258.5280541 -55.45929188
262 -158.4824841 20.60841812
262 -316.7363941 -108.3759519
262 162.9503659 -186.3960219
262 299.2107759 -130.1720619
262 180.1841859 -148.0634519
262 156.2613159 -152.7247019
262 147.6073659 -135.4957419
262 59.64518594 -72.28476188
262 177.5389159 -82.57796188
262 55.83001594 -102.4228319
262 99.78109594 135.5688181
262 51.49463594 135.5688181
262 150.4179959 38.46667812
262 155.0493359 140.9949581
262 3.409445941 193.9105081
262 -249.7637341 92.37664812
262 223.8410059 38.46891812
262 -233.2272741 248.8115481
262 -294.2468041 -64.05824188
262 -259.6856041 -26.68585188
262 -373.6218041 -49.50616188
262 -316.7363941 -122.2665819
262 -332.4454541 -122.2654619
262 -437.3698541 -164.4345519
262 169.5649459 -234.0210219
262 303.8409859 -150.0158119
262 205.8156959 -155.3394919
262 180.1847559 -148.0623419
262 138.5123059 -156.6624119
262 28.54486594 -68.02699188
263 73.43411026 -16.80188295
263 -39.26128974 -1.752592948
263 136.2726503 -28.70813295
263 79.38667026 -9.526962948
263 -15.03650974 -14.48790295
263 -80.27226974 -22.92037295
263 -14.12643974 9.491087052
263 170.0064603 -26.06342295
263 190.2636203 -37.47357295
263 180.5897903 -18.78738295
263 16.30065026 -54.00891295
263 -143.4421097 -75.50743295
263 -97.38806974 15.93918705
263 -1.972709744 19.57720705
263 179.0188303 -48.71837295
263 213.4152303 -25.56621295
263 -38.93168974 -70.21576295
263 67.23237026 -42.76524295
263 -163.6160197 -90.38912295
263 -158.6550797 -76.16777295
263 -122.1022297 11.15507705
263 -51.08598974 25.86105705
263 127.0116703 9.655327051
263 5.717310256 26.68899705
263 151.0162503 -44.21783295
263 235.3254703 -4.566022949
263 314.6177903 11.47433705
263 -78.61975974 -77.49292295
263 -241.2552597 -86.91758295
263 -126.5749197 -86.42149295
263 -161.8802597 -47.56081295
263 -245.3061297 -75.50631295
263 -282.2662397 -25.40308295
263 -73.24483974 45.04334705
263 -35.21041974 30.49238705
263 211.0174403 22.22415705
263 31.51419026 45.87128705
263 291.5494303 24.53813705
263 355.6287703 21.39733705
263 -112.6837297 -89.72766295
263 -263.4962297 -88.40475295
263 -145.3437997 6.348037052
263 -287.5573397 -78.31863295
263 -259.1146297 -47.23008295
263 -294.1719297 -16.80300295
263 -118.7564397 72.63403705
263 31.51362026 45.87017705
263 58.88146026 41.40532705
263 158.5963003 91.34543705
263 236.1522903 20.90011705
263 40.77404026 55.13058705
263 354.3879703 52.98084705
263 389.3631503 43.22545705
263 382.1692203 -20.44102295
263 -321.7051297 -85.76003295
263 -358.7462297 -97.66516295
263 -335.5136397 -85.26506295
263 -292.8490097 -68.39675295
263 -318.3887997 11.43389705
263 -162.2936697 134.5055871
263 5.716750256 26.68787705
263 168.0215203 94.32087705
263 103.6131503 106.0639971
263 370.2629703 68.85584705
263 423.0969603 71.66704705
263 370.2635403 68.85696705
263 392.0084103 -30.19753295
263 -335.5130697 -85.26394295
263 -384.5431097 -103.6182929
263 -304.0297697 -58.68837295
263 -347.1712797 13.12798705
263 -232.6562997 9.655327051
263 -122.6061697 134.5055871
263 -190.0743597 128.5535871
263 204.4849803 113.0081971
263 4.063100256 120.9456971
263 121.7194403 121.4406671
263 513.0552903 90.84933705
264 106.3641598 13.70282202
264 79.94230976 -9.809847977
264 28.34798976 -38.25367798
264 85.23396976 -23.70047798
264 70.01985976 11.35570202
264 -44.41186024 -98.44526798
264 97.13965976 -42.88388798
264 -74.17805024 -114.982848
264 -228.2146002 -104.233028
264 97.80110976 -58.75888798
264 -197.7880802 -150.536228
264 -172.0733202 -118.289018
264 -266.5791802 -110.847608
264 145.4266798 -121.596308
264 -213.6630802 -151.197688
264 -206.5056302 -125.864888
264 -277.1625102 -139.290318
264 -316.8494402 -110.185038
264 274.4104898 -47.51409798
264 157.3329298 -143.424438
264 -274.5172502 -214.697688
264 -283.7771002 -148.550738
264 -391.5953702 -108.202898
264 288.3011098 -30.31617798
264 -352.5693302 -188.239358
264 -434.6728502 -114.982848
264 448.3740298 60.96507202
264 -394.3238902 -92.49325798
264 -499.4946302 -125.563938
264 478.7651998 123.504902
264 -301.0582602 -59.42034798
264 -554.3962402 -144.747348
264 507.2443898 157.539112
264 -276.5837402 -51.48172798
264 -582.1780502 -144.748468
264 -590.6943302 -156.489358
264 365.5344598 122.327682
264 531.0563198 189.287992
264 -230.1995402 -30.81226798
264 -603.3447202 -135.488048
264 -652.2099602 -168.395608
264 368.1802898 70.73393202
264 399.2688298 152.754772
264 332.4615398 128.942272
264 547.5933498 193.919312
264 -113.2035302 23.26306202
264 -227.5537002 -59.91643798
264 -650.3082602 -139.456798
264 -750.1057902 -201.468518
264 348.9979998 32.36935202
264 410.5136198 201.702682
264 468.9619198 225.502832
264 306.0032098 122.327682
264 583.9370798 237.937192
264 35.70727976 72.04562202
264 -228.2151602 -104.234148
264 -316.8505802 -110.187268
264 434.3266898 220.886092
264 528.4937398 266.514372
264 227.2896598 116.374562
264 658.1488798 294.275122
264 104.4983798 115.700752
264 -490.1526602 -200.145608
264 446.2323698 232.791222
264 190.4885298 131.576872
264 606.1318398 326.540592
264 689.2374198 303.535542
264 -517.9333502 -199.483028
264 -432.6057902 -205.437268
264 -516.7295902 -214.500308
264 528.4931698 266.513252
264 633.5823598 325.548412
264 -466.3401602 -178.317478
264 -565.5589102 -227.926858
264 -545.7151602 -182.947688
264 677.2391798 340.101612
264 -570.2718002 -202.295348
264 -473.0374302 -137.472428
264 -594.7457602 -173.191178
264 722.2177798 306.366112
264 -434.6722802 -114.981728
264 732.6357498 307.523672
264 784.2294998 313.476792
264 786.8758998 268.498742
265 281.3316943 -31.60425535
265 278.0249643 -2.498975349
265 209.3980943 -12.25660535
265 281.9931543 -197.6303053
265 310.4358543 -30.28134535
265 260.8264843 0.1457446513
265 275.5080243 43.66864465
265 308.4514843 -5.807385348
265 174.1754443 -19.03655535
265 209.3621843 95.26239465
265 287.2848143 -243.9323853
265 344.2996843 -33.72198535
265 327.6337743 -95.10425535
265 154.9937143 -12.42084535
265 304.4827343 -290.8959253
265 340.8629443 -111.6407153
265 110.6754443 -13.08342535
265 355.5444743 -165.3521953
265 343.5082043 -278.9907953
265 92.8160643 -14.40634535
265 66.3588743 10.06985465
265 140.3589543 -37.22553535
265 333.0548943 -304.2584453
265 57.7593443 -20.35834535
265 81.8193243 -40.53394535
265 -20.3759957 65.96084465
265 177.6121843 -73.40948535
265 339.6694743 -367.7584453
265 331.2717943 -285.6042553
265 55.1129443 -29.61988535
265 66.3577343 10.06761465
265 74.5432743 -96.09644535
265 -63.2881057 115.9009447
265 186.9090843 -94.27631535
265 13.4410643 -41.52613535
265 45.8525243 -80.55217535
265 81.5712743 72.24469465
265 31.5484843 -130.4922853
265 -85.1989057 134.0910547
265 -122.8187857 -97.74897535
265 96.2881543 93.57561465
265 -47.4136657 156.2487847
265 -153.9067557 101.3511047
265 -100.4124557 142.6900147
265 99.5954443 123.3412347
265 -18.3089357 174.1092847
265 61.7280943 156.9124847
265 -173.7505057 93.41360465
265 -143.4072457 149.3045947
265 122.7111443 185.2207247
265 33.9462743 201.2290747
265 67.0191943 164.8488647
265 -157.0498257 8.910064651
265 -190.8201057 82.03322465
265 -188.7998257 137.2329847
265 -153.9078957 101.3488647
265 -135.2216957 169.6444347
265 126.0184343 199.1113447
265 61.7275243 156.9113647
265 -121.9925257 -79.72535535
265 -233.3655757 35.53376465
265 -220.5857357 83.35614465
265 -219.3916957 67.61560465
265 -135.8831557 45.95173465
265 32.5505443 143.9935547
265 -116.7008657 -58.55868535
265 -122.8193557 -97.75009535
265 -184.9964357 49.09365465
265 -292.8141457 10.72907465
265 -255.8551557 56.70042465
265 -254.3201057 103.1998947
265 -29.4242757 123.7050947
265 -123.6461757 -111.4753553
265 -403.3597957 -102.3791853
265 -500.5114957 -113.6239753
265 -358.2985157 6.760324651
265 -290.5724157 84.13045465
265 -260.1447657 152.2617847
265 -295.8635157 118.5274047
265 -252.2072657 83.80084465
265 -63.2875357 115.9020647
265 -127.9456557 -145.8711853
265 -302.9372957 -165.3521953
265 -401.3759957 -140.7448853
265 -457.5999557 -135.4532153
265 -255.8551557 -17.05217535
266 2.948773 37.447446
266 37.345173 24.219396
266 18.162883 12.313146
266 4.272253 -11.499354
266 207.339963 46.047516
266 -32.108517 18.926606
266 -14.910607 -55.156724
266 -48.644407 20.912096
266 -104.666677 -121.085804
266 -69.738837 27.875676
267 -54.79526842 -27.4053021
267 -25.69109842 -7.561552105
267 -97.58878842 -59.6834021
267 -155.0062084 -21.4521721
267 78.81931158 24.1884479
267 -5.847348422 9.636367895
267 75.05184158 -19.3344521
267 -146.3719084 -76.7170721
267 -237.0270384 -18.8063421
267 -148.7223484 20.2196979
267 146.2880616 46.6780379
267 65.59015158 40.0634479
267 147.8128216 -15.3645821
267 -142.4384984 -104.1344621
267 -185.5621784 -90.1093721
267 -260.8395384 -12.1917521
267 -208.2535984 14.9280379
267 -79.93068842 28.1571979
267 252.3232416 57.3958379
267 259.5987116 40.1967979
267 146.2880616 62.5530379
267 35.16306158 38.7405379
267 174.2711616 -8.749992104
267 156.8714016 -71.0615521
267 -166.9124584 -116.0407121
267 -94.81349842 -80.3219621
267 -135.4931884 -138.5303021
267 -198.1304484 -96.0636121
267 -337.8994384 -7.561552105
267 -303.5035984 -4.915712105
267 -239.0114184 43.3707479
267 -135.1624584 49.3238679
267 -40.24318842 25.5113679
267 311.6526516 73.1363679
267 248.1526516 81.0738679
267 335.6669916 17.7083379
267 264.8903816 21.0145079
267 146.2880616 78.4280379
267 45.74640158 90.3342879
267 264.8909516 21.0156279
267 178.3687916 -58.4938421
267 137.0276516 -81.6448821
267 39.13181158 -116.0407121
267 -28.00620842 -69.0771721
267 -26.15071842 -160.8854121
267 -239.8023284 -104.6625721
267 -364.0270384 3.021787895
267 -341.5374584 -54.5250921
267 -289.2822484 19.5582479
267 -258.8551684 34.7717879
267 -150.0452684 90.3342879
267 -45.86557842 94.9644979
267 355.3089016 29.4801179
267 312.9755616 94.3030379
267 386.0667116 100.2561579
267 248.3544916 94.4375079
267 155.8792116 150.5269979
267 129.9528816 182.4103479
267 266.6734816 -6.238632105
267 50.70733158 -59.1553021
267 -130.5322484 -194.0928021
267 -127.2249584 -170.2803021
267 133.9227716 -119.2124221
267 -300.6559284 -119.2135421
267 -377.9176684 8.313447895
267 -358.7353784 -92.8896721
267 -327.6468284 -111.4105021
267 -345.4691584 39.3722179
267 -352.0843084 71.7825579
267 -69.01661842 133.3290779
267 91.71775158 141.2665779
267 429.3922316 57.2613679
267 377.7984816 -22.1136321
267 389.7047316 111.5009579
267 312.9755616 110.1780379
267 380.7750416 65.1988679
268 95.97008465 26.80437056
268 223.6315446 -47.94041944
268 74.80341465 43.34083056
268 243.4747246 -61.83215944
268 15.89771465 45.68795056
268 154.8039646 58.91711056
268 15.89771465 66.85461056
268 217.6789846 -128.6372194
268 277.2096646 -62.49249944
268 -107.7585154 49.29507056
268 5.350294647 -55.21645944
268 222.2727146 72.14628056
268 121.2714346 176.7911706
268 -43.26689535 102.5413506
268 33.09563465 129.0317006
268 94.64716465 -137.8987494
268 250.0898746 -122.6852094
268 270.5956546 -121.3611794
268 321.5273746 -79.69041944
268 -72.96597535 78.22622056
268 -218.2226254 55.24708056
268 -224.5064854 -55.54718944
268 -11.88353535 -87.92663944
268 -219.5814554 -175.2391394
268 -5.894505353 -55.21645944
268 266.7916946 223.7535906
268 83.69719465 172.0264906
268 -113.9763954 138.4189306
268 270.5950846 -121.3622994
268 150.2923446 -173.1214094
268 232.2305046 -204.7060494
268 -224.6718454 98.07651056
268 -224.5059154 -55.54606944
268 -1.181605353 -128.8036994
268 -440.5085354 -312.8224694
268 -74.35543535 -64.80760944
268 351.4583646 239.6285906
268 252.6997946 -35.00996944
268 37.76174465 169.0179106
268 87.00448465 205.7608606
268 -76.60399535 132.7965306
268 -140.1699754 173.6492406
268 344.0169546 -102.1800094
268 -148.6868154 -324.5953694
268 -219.3801754 166.8681706
268 -263.2012254 91.62841056
268 -222.5221054 -87.29718944
268 -425.5898154 -152.1201094
268 -13.74931535 -157.2464094
268 -60.71285535 -157.9078694
268 61.65693465 -130.1266194
268 -653.4981154 -467.6037194
268 -293.6647854 -253.2912194
268 -537.0814554 -343.2495494
268 355.8872946 267.9379506
268 405.0364946 260.7952606
268 367.7935446 133.0004506
268 223.6321146 -47.93929944
268 388.3340946 14.23554056
268 -78.48955535 158.9306706
268 191.3860146 238.9682506
268 36.43883465 186.8772906
268 90.31177465 229.5733606
268 30.48570465 126.0231206
268 -181.6770554 218.4619206
268 -247.2435454 -415.8754994
268 -279.1127054 172.6879506
268 -225.3327354 185.3901206
268 -277.7533054 55.24820056
268 -316.7799154 88.32000056
268 -221.1997554 -125.6628894
269 -260.5723435 -209.4004409
269 -149.4479035 -206.7557209
269 -271.8171335 -247.7650209
269 -267.3060835 -150.0036609
269 -154.7401435 -196.8349709
269 -31.04686351 -205.4328109
269 -283.7239535 -294.7296809
269 -267.1874935 -54.62031095
269 -167.3072835 -171.0369709
269 -72.50660351 -175.8005309
269 -29.72394351 -281.1697909
269 5.995366487 -207.4160609
269 -18.47858351 -154.1686709
269 -226.1770735 -3.026560946
269 -196.4114535 -112.1671809
269 -209.0977435 -296.1859509
269 -19.80207351 -282.1619709
269 112.7017365 -194.3213609
269 -222.4558035 22.77143905
269 62.63217649 -279.5161409
269 5.994806488 -207.4171809
269 -216.2546335 71.71934905
269 117.6985765 -278.3585909
269 -201.7031135 98.17656905
269 249.9902465 -241.9783809
269 -218.4870535 111.4068491
269 -189.1359735 84.94628905
269 304.8912865 -233.3794209
269 -120.0951235 151.9211791
269 -240.1862935 122.5171791
269 -174.5833235 106.7755291
269 -216.2552035 71.71823905
269 -134.4824135 51.21302905
269 332.0116465 -236.0241409
269 -119.4701435 176.7567591
269 -119.4342335 134.0606791
269 5.664076488 210.2937591
269 -246.5996035 177.8822991
269 -248.9147035 55.18177905
269 400.1412865 -174.5096309
269 -130.7149335 262.7463391
269 -114.8034535 118.1867991
269 -97.31129351 141.6994691
269 -63.12759351 120.3354191
269 61.43870649 225.7046791
269 -257.1829335 225.5072991
269 -260.1589235 44.59955905
269 601.2251865 -77.93559095
269 314.4465265 -192.9984509
269 568.1517065 -118.2856709
269 -20.91285351 293.1734291
269 -110.8711835 338.1525891
269 -146.9206635 120.5327991
269 -94.54686351 116.0359391
269 -96.20051351 85.93958905
269 -71.06509351 83.29375905
269 29.02725649 262.7463391
269 132.5454865 160.8817591
269 189.5494865 261.8875091
269 -273.7193935 263.8718791
269 -272.7266335 -42.05148095
269 607.5084765 32.85755905
269 603.2089965 -109.6867109
269 217.2121465 388.4234291
269 -86.19595351 62.45781905
269 152.5078265 117.6895891
269 193.5182365 115.0437591
269 -268.6289935 290.5275891
269 -292.9011135 -76.94341095
269 717.9725865 26.90554905
269 601.0592565 75.68698905
269 751.3756665 -87.19713095
269 604.5313465 -148.0524109
269 8.392586487 65.10364905
270 180.6507047 -231.0716367
270 -68.38836533 -70.99871667
270 -88.89357533 -48.50913667
270 -95.43477533 -5.493846667
270 74.56001467 165.1624033
270 -126.5233153 -24.01468667
270 86.46569467 118.1977433
270 -197.2999253 -77.59392667
270 103.6636147 71.89565333
270 -286.4314353 -149.1967967
270 130.7839747 81.15719333
270 60.66882467 50.72899333
270 196.9292447 91.73940333
270 27.52309467 36.15753333
270 1.726224667 -8.160176667
271 -97.19812 -0.05629059696
271 -5.58614 -4.686500597
271 40.38521 46.2457894
271 -186.495 -45.6969206
271 78.62034 87.3895594
271 -16.16948 -56.2802506
271 94.95552 -16.5927506
271 54.93729 47.5687094
271 -259.58614 -80.0927506
271 77.95945 121.1250494
271 88.67167 64.7666194
271 94.95552 -32.4677506
271 14.25761 -54.9573406
271 -91.57573 -69.5094206
271 197.02195 -0.5832805969
271 104.54667 55.5062094
271 -312.17208 -107.2125406
271 -354.83614 -99.9365006
271 -200.05489 -74.8010906
271 -290.34396 -51.6500406
271 113.01617 125.0926794
271 42.90159 121.1239294
271 50.1782 340.0677594
271 108.51542 78.6572494
271 196.82011 -13.9469206
271 94.95552 -48.3427506
271 -57.17989 -85.3844206
271 -131.26323 -66.8635906
271 261.64302 15.1572494
271 190.53625 38.3082894
271 -288.35958 -113.8271306
271 -389.23198 -102.5823406
271 -206.33875 -116.4729606
271 -201.37781 -4.686500597
271 -310.18771 -60.2490006
271 161.30263 135.6760194
271 -90.05097 55.6406694
271 33.14508 330.9715894
271 127.56883 393.6458794
271 200.9907 -37.6249506
271 261.64302 -0.717750597
271 208.26617 -54.8239906
271 96.48028 -110.3853706
271 27.48677 -70.8323406
271 -77.02364 -102.5823406
271 273.54927 184.4905794
271 342.34094 44.2614194
271 167.91722 56.3010094
271 185.24459 59.4749594
271 -236.89472 -185.1301606
271 -340.61479 -75.4625406
271 -392.87 -149.5458806
271 -415.35958 -91.9990006
271 -106.12781 -122.4260906
271 -197.70445 -171.7378606
271 -120.34916 38.3082894
271 -403.41685 -23.2382306
271 173.99979 74.6884994
271 -11.42068 312.2853894
271 260.32011 -21.8844206
271 338.37219 16.4801694
271 213.55784 -74.0062806
271 284.33445 -77.3124506
271 122.93862 -103.7707806
271 23.7193 -114.3552406
271 105.53886 -166.0823406
271 276.19511 217.5634994
272 283.6805767 -290.2310359
272 285.4636767 -308.8852259
272 292.0782567 -372.3852259
272 295.9169867 -283.6175759
272 293.2717267 -116.2674959
272 280.0425567 -99.73103589
272 307.9532567 -169.9789759
272 262.8446367 -34.90812589
272 296.7084667 -38.34876589
272 233.7404767 -36.23103589
272 161.8068767 -16.88338589
272 230.4337467 -7.12575589
272 234.4019367 -202.2570859
272 213.2352667 -4.48103589
272 161.7709667 90.63561411
272 126.5842267 -23.66333589
272 227.9168067 39.04186411
272 260.8602667 -10.43416589
272 239.6935967 -248.5591659
272 107.4024967 -17.04762589
272 256.8915167 -295.5227059
272 63.08422671 -17.71020589
272 92.76773671 -41.85231589
272 45.22484671 -19.03312589
272 18.76765671 5.44307411
272 130.0209667 -78.03626589
272 34.22810671 -45.16072589
272 10.16812671 -24.98512589
272 -67.96721329 61.33406411
272 139.3178667 -98.90309589
272 26.95205671 -100.7232259
272 7.521726714 -34.24666589
272 18.76651671 5.44083411
272 -110.8793233 111.2741641
272 -16.04273329 -135.1190659
272 -1.738693287 -85.17895589
272 -34.15015329 -46.15291589
272 33.98005671 67.61791411
272 -132.7901233 129.4642741
272 -170.4100033 -102.3757559
272 48.69693671 88.94883411
272 -148.0036733 138.0632341
272 -201.4979733 96.72432411
272 -95.00488329 151.6220041
272 52.00422671 118.7144541
272 -190.9984633 144.6778141
272 -221.3417233 88.78682411
272 14.13687671 152.2857041
272 -65.90015329 169.4825041
272 75.11992671 180.5939441
272 -182.8129133 165.0176541
272 -201.4991133 96.72208411
272 -236.3910433 132.6062041
272 -204.6410433 4.28328411
272 -238.4113233 77.40644411
272 19.42797671 160.2220841
272 -13.64494329 196.6022941
272 -183.4743733 41.32495411
272 -280.9567933 30.90698411
272 -169.5837433 -84.35213589
272 -268.1769533 78.72936411
272 -266.9829133 62.98882411
272 14.13630671 152.2845841
272 78.42721671 194.4845641
272 -164.2920833 -63.18546589
272 -303.4463733 52.07364411
272 -340.4053633 6.10229411
272 -232.5876533 44.46687411
272 -170.4105733 -102.3768759
272 -301.9113233 98.57311411
272 -15.04067329 139.3667741
272 -338.1636333 79.50367411
272 -405.8897333 2.13354411
273 98.29651389 -45.42052611
273 98.95797389 13.44926389
273 87.71261389 31.30752389
273 83.74500389 40.57017389
273 41.77646389 10.04257389
273 128.0621439 57.10551389
273 36.11999389 22.04934389
273 49.46997389 -64.74851611
273 7.676723889 -5.733026111
273 2.506423889 15.28794389
273 -23.83331611 -16.99016611
273 27.22494389 -89.83651611
273 -69.05244611 8.819053889
273 -50.16567611 22.61140389
273 -152.9003661 -80.98626611
273 -202.4270661 14.75983389
273 -67.36359611 31.21036389
273 -95.80630611 36.50202389
274 -200.1310986 -169.6597818
274 -150.9819086 -176.5544218
274 -172.1485786 -156.0492118
274 -262.1069086 -163.3252618
274 -10.75217857 -163.9856018
274 56.71601143 -160.0179618
274 1.850301428 -86.49433182
274 -56.97157857 -425.4270018
274 38.65536143 -79.70144182
274 -21.99752857 -87.91901182
274 -57.30230857 -451.2238818
274 86.48220143 -65.42830182
274 -55.73190857 -79.32005182
274 -85.49696857 -93.20955182
274 15.70559143 -13.17421182
274 -104.0177986 -111.7303918
274 -138.4141986 -87.25755182
274 68.62226143 31.80494818
274 -240.9402386 -126.2835918
274 -164.2937586 -66.91770182
274 84.49726143 25.19036818
274 56.68010143 45.39685818
274 -61.76714857 -10.03117182
274 -181.4089886 -50.87734182
274 -272.1114686 -111.8968718
274 149.9822014 67.52481818
274 114.9249114 70.17064818
274 -16.90713857 21.17094818
274 41.46656143 81.77706818
274 -241.5190186 -41.12083182
274 114.9243414 70.16953818
274 161.2264214 45.69557818
274 199.5910114 86.70598818
274 71.23218143 122.1260282
274 -4.799618572 87.36744818
274 -285.1752686 -90.06875182
274 -284.5964886 -17.14296182
274 -184.6335986 23.70208818
274 168.5030314 -8.542891818
274 212.1587214 33.78932818
274 239.2785114 103.2424482
274 195.6222614 104.5653682
274 102.1085914 111.0145882
274 115.5858014 141.6070382
274 31.58059143 148.8830782
274 -95.99818857 90.50937818
274 -365.9000086 -167.6886518
274 -321.6375886 25.85294818
274 97.06553143 -31.69393182
274 209.5134514 -7.219971818
274 209.5128814 -7.221091818
274 236.6326714 89.35182818
274 237.2941314 114.4872382
274 158.3325414 109.0302082
274 198.9295514 120.4403682
274 85.15928143 148.8841982
274 151.2686414 162.8057182
274 -106.0016086 95.30718818
274 -396.3823886 -174.5689318
274 -278.5606886 55.12135818
274 -352.6440186 6.173438182
274 86.48163143 -65.42942182
274 241.2634514 -5.235601818
274 291.5337214 95.30494818
274 246.5545514 125.0705782
274 319.9769914 162.7748182
274 21.65872143 167.4039082
274 31.58116143 148.8841982
274 212.1228114 199.1859282
274 157.2576714 201.7997382
274 -66.23255857 124.9052082
274 -216.3835986 96.46249818
274 -423.1720186 -179.5309918
274 -381.1694086 -56.83046182
274 64.65351143 -249.9763018
274 368.2628814 92.65911818
274 305.8377514 184.4364582
275 116.5181735 -46.64907148
275 64.88851352 -80.02070148
275 164.8046235 -27.46678148
275 54.34108352 -86.99803148
275 167.4504635 -20.85220148
275 -22.38807648 -84.35220148
275 148.2676035 -18.86894148
275 237.5650435 120.0384285
275 191.2635335 -26.14275148
275 190.6015035 38.01758852
275 -76.62766648 -65.16991148
275 -8.084046477 4.779308523
275 208.4608735 75.72071852
275 262.0030935 128.3386685
275 281.2212935 -44.66470148
275 191.9249835 69.10724852
275 -67.36724648 -54.58657148
275 -114.9922465 -59.21678148
275 -74.64328648 -76.41470148
275 6.055193523 -16.88233148
275 -36.27870648 9.574888523
275 191.9244235 69.10613852
275 324.7138835 165.3516785
275 -155.5892565 -70.62694148
275 -198.3359965 -38.05011148
275 -114.3307865 -92.95116148
275 -118.2995365 -75.09178148
275 -77.28912648 -90.30532148
275 43.50970352 -54.09048148
275 160.8358735 30.74154852
275 339.7244535 131.3152285
275 390.1965535 239.4316585
275 300.8996835 164.0254085
275 483.2609135 206.7214785
275 -211.8132065 -68.64256148
275 -228.7625165 -30.77295148
275 -162.6531565 -16.85143148
275 -242.6896165 -57.53112148
275 -101.7630765 -145.8678215
275 -163.9395965 -112.1323315
275 -22.38751648 -84.35108148
275 101.3046235 -13.57616148
275 70.87754352 -86.33657148
275 148.2681735 -18.86782148
275 333.7713235 109.4871085
275 394.8273335 255.9692285
275 253.2746835 182.5462385
275 -292.2630765 -12.25324148
275 -282.3406365 -30.77295148
275 -101.7989865 19.52877852
275 -156.6641265 22.14258852
275 -282.3412065 -30.77407148
275 -272.4552365 -97.88008148
275 -104.4089165 -186.8782415
275 -229.4245365 -154.4667815
275 -198.9974565 -109.4876115
275 -152.6953765 -133.9615715
275 54.34052352 -86.99915148
275 389.3338235 100.2266885
275 320.5421535 73.76835852
275 400.7804535 275.8129785
275 200.3580135 183.8691585
275 -247.2839165 9.574888523
275 -327.3203765 -32.75845148
275 -322.0287065 -6.300111477
275 -39.62190648 65.83085852
275 -150.0854465 67.15377852
275 -257.2416965 -134.2602915
275 -318.7214165 -92.28970148
275 -245.2995365 -147.8522015
275 -145.4187665 -188.2000415
275 417.1150735 93.61210852
275 415.7921535 100.8881485
275 274.9015335 41.35689852
275 322.5265335 -0.9764314773
275 421.2856635 297.6411085
275 148.1028035 205.0358185
275 -281.6803165 9.573768523
275 -365.6849565 -40.69595148
275 -351.7937665 12.22183852
275 -281.6797465 9.574888523
275 -33.66877648 83.02877852
275 -175.8823165 54.25533852
275 -134.8359965 75.72071852
275 -330.8289365 -158.4862015
275 -198.9968865 -109.4865015
275 -409.9199865 -89.14777148
275 -298.2162065 -192.8313615
276 -1.547248 4.557656
276 31.525672 -10.655884
276 -20.930808 4.920406
276 40.124632 -16.609004
276 -49.172248 17.786826
277 48.31146125 -1.846769166
277 -25.23930875 12.67442083
277 -10.55833875 -17.39103917
277 113.0049112 9.366010834
277 133.0972712 -18.24875917
277 -115.1976488 23.91921083
277 -50.57656875 -15.73738917
277 23.16274125 -88.55289917
277 163.9013012 -10.36304917
277 133.9703112 13.69750083
277 207.3454112 -85.38789917
277 -162.1611888 27.22650083
277 -123.6318088 -62.89831917
277 133.0967112 -18.24987917
277 33.13382125 -107.2160192
277 235.7875512 26.39744083
277 257.4508812 -6.343629166
277 259.9781212 -83.53686917
277 159.9684512 21.27226083
277 -182.2067688 37.84073083
277 -195.8961288 -15.76940917
277 -178.5322788 -96.63156917
277 257.4514412 -6.342509166
277 255.2184512 37.14726083
277 229.4215812 31.19413083
277 339.4717112 -13.61966917
277 358.4065212 -97.78911917
277 229.4221412 31.19525083
277 -190.4749988 39.49438083
277 -162.8232088 43.76184083
277 -200.5257688 -57.44016917
277 -198.5419588 -107.7121192
277 302.5954112 -65.54414917
277 278.4521812 49.54960083
277 255.2190212 37.14838083
277 -165.6703188 57.68448083
277 -204.4950888 41.77747083
277 -203.3734388 31.88761083
277 -120.4071988 42.93502083
277 -260.7190488 -95.80586917
277 -25.23987875 12.67330083
277 -199.2034188 -121.6027392
277 -267.8297188 -151.5337292
277 309.9354812 76.12517083
277 251.2497012 48.39205083
277 292.2601212 49.05351083
277 350.4690212 46.40879083
277 -140.3336288 117.1837208
277 -183.9873388 52.00758083
277 -231.1546888 44.45531083
277 -240.8752988 2.089970834
277 -90.72425875 47.06913083
277 -115.1982088 23.91809083
277 -130.9905288 70.05481083
277 -10.97174875 24.36352083
277 -312.1474288 -150.2108192
277 -312.8083288 -180.6367792
277 -76.00623875 -140.2878192
277 321.1162412 66.41679083
277 266.7939712 147.9415308
277 230.0830412 43.76184083
277 372.7099912 47.89596083
277 -116.4743488 115.9755008
277 -156.2086288 186.6368408
277 -167.8159988 141.2287408
277 -265.5505188 44.45531083
277 -278.6143288 8.736560834
277 -34.12278875 30.48201083
277 -36.40198875 42.93502083
277 13.12470125 43.76184083
277 -349.8505588 -151.5337292
277 -322.0687388 -181.9596992
278 9.59143 -14.882255
278 -9.59143 14.882255
279 206.4007112 31.47211
279 291.0668112 31.47099
279 172.5373112 146.12004
279 124.9123112 -3.36954
279 -58.31164875 -34.45808
279 -156.9157188 -44.24661
279 -242.2427088 -59.45791
279 -337.4470688 -67.531
280 15.54427 10.914065
280 -15.54427 -10.914065
281 22.67048292 63.06417954
281 37.22256292 35.94437954
281 14.73298292 74.30896954
281 65.66527292 -9.696240461
281 89.80794292 68.35471954
281 -60.42465708 -47.23288046
281 0.869072923 18.78215954
281 102.7069429 105.3975095
281 4.149652923 103.4131295
281 -176.0642671 23.38666954
281 -64.97217708 -119.4972105
281 111.8846729 -77.66108046
281 135.4496929 65.71112954
281 121.5579429 91.50576954
281 -129.4649371 -118.8368705
281 -33.63615708 14.94307954
281 138.7564229 107.3818795
281 -27.60034708 140.4547995
281 -211.4857671 88.86104954
281 -227.9955071 10.18319954
281 -135.0867671 -124.7888705
281 -47.11336708 -138.0191605
281 -91.43107708 -138.0191605
281 57.56295292 -69.28935046
281 180.0975629 -106.9306205
281 256.4965729 76.29445954
281 266.1174329 11.00969954
281 -141.3711871 -95.68582046
281 -98.45907708 -18.12983046
281 187.7043329 110.6891795
281 169.7628429 133.3452395
281 81.29222292 160.2985495
281 -39.09318708 137.8089695
281 -272.3132171 93.52694954
281 -177.7513971 102.7516795
281 -175.1882371 4.359749539
281 -284.9903271 13.62016954
281 -157.2456171 -128.7576205
281 -148.6477871 -141.9890305
281 -40.99487708 -144.3030105
281 -68.28003708 -139.3420705
281 9.772042923 -137.3577005
281 -133.4336871 -165.1389505
281 55.74340292 -55.33687046
281 66.32673292 -114.2066605
281 268.0715229 -83.11812046
281 203.2486129 -115.5295705
281 280.6158729 3.202849539
281 294.8605829 76.95479954
281 316.3043429 -130.6289105
281 -151.9545171 -81.79520046
281 -142.1153271 -35.32775046
281 251.7584029 96.18802954
281 289.8175329 174.6863895
281 231.2779029 187.5837095
281 202.9178829 120.6110495
281 117.2857429 172.2404895
281 -138.0638971 125.2412595
281 -339.4773871 99.44549954
281 -214.1315971 104.0745895
281 -158.5690971 104.0745895
281 -175.1055571 -128.7587405
281 -157.2461871 -128.7587405
281 -183.3732271 -165.7992905
281 -29.42768708 -159.7651905
282 -68.35594639 -40.51670431
282 -91.50755639 -18.68970431
282 -54.54744639 -68.79293431
282 68.65645361 17.86845569
282 -103.4132464 -10.08962431
282 -96.79865639 -71.60525431
282 32.10360361 -69.45439431
282 93.37061361 22.65256569
282 -127.6301164 18.14727569
282 -144.7549564 -78.55168431
282 -102.0903264 -61.68337431
282 47.31657361 -68.79405431
282 27.14266361 -83.67574431
282 28.87842361 -40.84743431
282 139.6726936 32.57443569
282 176.6322436 16.20446569
282 -156.4125964 19.84136569
282 -41.89761639 16.36870569
282 -113.2710864 -51.97499431
282 110.4864136 -16.20699431
282 -50.49657639 -80.20420431
282 64.18376361 -79.70811431
282 45.41488361 13.06141569
282 117.5138436 51.75672569
282 155.5482636 37.20576569
282 188.7859736 26.29058569
282 151.4973936 4.960785695
282 -288.7042564 12.56532569
282 -190.7616464 98.00814569
282 28.50692361 22.05069569
282 -113.9960064 1.817745695
282 -144.7543864 -78.55056431
282 -72.73754639 -81.69137431
282 78.07495361 -83.01428431
282 72.00224361 79.34741569
282 222.2723036 52.58355569
282 317.7703536 16.36870569
282 196.4759936 33.40237569
282 264.1927936 -10.08850431
282 175.7221736 -7.774524305
282 -304.9094264 12.23571569
282 -155.7043564 112.5602257
282 -250.6236264 56.99772569
282 -167.9881164 -90.95290431
282 -171.9568664 -79.70811431
282 -130.9464464 -79.04665431
282 -167.9875464 -90.95178431
282 112.1389236 -70.77954431
282 28.46501361 141.2189657
282 401.7761236 28.93753569
282 222.2728736 52.58466569
282 270.1453536 -2.813584305
282 327.0313336 -21.99475431
282 207.0593336 -47.29553431
282 -396.1912364 -67.14040431
282 -295.3188464 19.17990569
282 -150.8723164 120.8802457
282 -130.2838564 122.7003757
282 -167.6106064 89.07845569
282 -291.6808264 22.48719569
282 -301.5559164 59.64356569
282 -229.1262264 55.34408569
282 -187.4190164 -101.7027243
282 -193.1235264 -84.33832431
282 -193.7844264 -96.90491431
282 151.8269936 -63.50238431
282 68.15251361 141.2189657
282 0.6843236117 135.2669657
282 249.6401436 48.11870569
282 349.3549836 98.05881569
282 426.9109736 27.61349569
282 231.5327236 61.84396569
283 11.30484615 45.20084397
283 -31.60726385 95.14094397
283 98.03971615 -10.69014603
283 -53.51806385 113.331054
283 142.3562862 -33.84342603
283 -15.73282385 135.488784
283 -68.73161385 121.930014
283 -122.2259138 80.59110397
283 172.0397962 -57.98553603
283 124.4969062 -35.16634603
283 186.6745562 -33.18084603
283 13.37190615 153.349284
283 93.40893615 136.152484
283 -111.7264038 128.544594
283 -142.0696638 72.65360397
283 209.2930262 -94.16948603
283 113.5001662 -61.29394603
283 89.44018615 -41.11834603
283 205.8562862 -39.79655603
283 65.62711615 180.469074
283 98.70003615 144.088864
283 -122.2270538 80.58886397
283 -103.5408538 148.884434
283 -157.1189838 116.472984
283 -125.3689838 -11.84993603
283 -159.1392638 61.27322397
283 218.5899262 -115.036316
283 106.2241162 -116.856446
283 86.79378615 -50.37988603
283 98.03857615 -10.69238603
283 241.0789362 -33.01660603
283 157.6992762 178.351344
283 93.40836615 136.151364
283 -104.2023138 25.19173397
283 -90.31168385 -100.485356
283 -201.6847338 14.77376397
283 -187.7108538 46.85560397
283 -188.9048938 62.59614397
283 63.22932615 -151.252286
283 45.12190615 -62.28613603
283 77.53336615 -101.312176
283 113.2521162 51.48469397
283 313.0125362 -52.36425603
283 292.5073262 -20.61425603
283 241.0430262 74.50239397
283 64.23138615 123.233554
283 -85.02002385 -79.31868603
283 -91.13851385 -118.510096
283 -261.1333038 -10.03092603
283 -153.3155938 28.33365397
283 -224.1743138 35.94042397
283 -222.6392638 82.43989397
283 -91.13794385 -118.508976
283 127.9689962 72.81561397
283 309.7058062 -23.25897603
283 342.1166962 -51.04134603
283 313.6739962 -218.390306
283 2.256566154 102.945094
283 -371.6789538 -123.139186
283 -91.96533385 -132.235356
283 -468.8306538 -134.383976
283 -326.6176738 -13.99967603
283 -258.8915738 63.37045397
283 -228.4639238 131.501784
283 -220.5264238 63.04084397
283 -264.1826738 97.76740397
283 131.2762862 102.581234
283 340.1323262 -26.56738603
283 307.1888662 22.90864397
283 375.9805262 -54.48198603
283 359.3146162 -115.864256
283 318.9656562 -264.692386
283 -31.60669385 95.14206397
283 -224.1743138 -37.81217603
283 -425.9191138 -156.213216
283 -369.6951538 -161.504886
283 -96.26481385 -166.631186
283 -271.2564538 -186.112196
284 -85.5808725 -38.66923197
284 -31.3053825 -32.74812197
284 -145.7735825 -44.95308197
284 -87.5652525 -23.45569197
284 8.3462075 -23.12496197
284 -249.5854925 -82.35526197
284 -239.7006625 -34.36975197
284 -56.4767025 -11.88017197
284 -90.0924925 1.482348026
284 187.6373275 30.75187803
284 -274.0605925 -112.123122
284 -276.7069925 -81.69715197
284 -377.0821525 -76.56861197
284 -174.8777525 -3.281211974
284 -92.0762925 39.84804803
284 183.3378475 -3.643951974
284 188.4641475 44.47713803
284 -432.1491325 -100.878332
284 -271.2493925 -15.71557197
284 -442.2358025 -75.90716197
284 -146.3164525 6.774018026
284 55.4283475 125.175058
284 182.0154975 -17.53346197
284 304.7992775 -24.64302197
284 189.2909775 62.50187803
284 -329.6230925 -107.492912
284 -475.6400125 -120.225982
284 -506.2324625 -100.878332
284 -442.2363725 -75.90827197
284 -233.0860825 4.656288026
284 -473.8210025 -73.75853197
284 173.0852475 -68.46687197
284 220.7929275 -21.33796197
284 297.5226675 -47.13372197
284 333.9023075 -32.91348197
284 194.5826375 83.66854803
284 154.2336775 151.137298
284 -303.1647525 -108.154372
284 -338.8835025 -126.013742
284 -540.4629325 -111.627022
284 -553.1960025 -101.539782
284 -189.2279925 28.60325803
284 160.1868075 -140.565832
284 290.2460575 -41.84317197
284 262.4648075 -90.79109197
284 307.1138075 -5.792571974
284 336.5487075 -40.18841197
284 175.4003475 188.178968
284 77.9179275 177.760998
284 137.5329975 235.640838
284 -274.0611625 -112.124242
284 -358.0658025 -130.643952
284 18.4693575 152.956308
284 297.5220975 -47.13484197
284 254.5273075 -188.686922
284 268.0871975 26.94849803
284 453.6262575 29.26359803
284 403.4381075 -53.41869197
284 320.6731375 -39.19734197
284 157.3756075 243.576098
284 126.2870675 191.320888
284 55.4283475 198.927658
284 157.3767475 243.578338
284 122.4836775 279.460218
284 120.4633975 224.260458
284 -234.3730925 -112.123122
284 -379.0671025 -159.252022
284 253.8658475 -205.223382
284 307.6925875 -159.747002
284 220.4621975 -210.515052
284 498.1920175 47.94979803
284 413.6907175 -59.37182197
284 167.8762575 291.531828
284 91.8918075 209.842838
284 20.7110875 226.357688
284 -47.0150125 148.987558
285 -143.676036 71.35568444
285 -44.705326 83.92339444
285 -151.586816 54.85491444
285 -33.212486 86.56922444
285 -164.181236 50.18901444
285 -1.462486001 49.52755444
285 75.680084 106.4129744
285 -183.363536 48.86610444
285 -192.209976 91.20055444
285 9.120843999 20.42339444
285 111.673604 118.3549144
285 -217.097906 34.97547444
285 -219.743736 50.18901444
285 17.058344 9.178604444
285 97.094804 51.51193444
285 -181.676406 -30.49890556
285 175.560294 129.5640144
285 -277.925356 39.64137444
285 -262.738536 56.80360444
285 31.610424 -17.94119556
285 133.144284 53.49630444
285 -233.607646 -43.70237556
285 204.664464 136.8400544
285 -345.089526 45.55992444
285 -322.517266 68.04951444
285 -4.743066001 -35.10341556
285 -66.036796 -101.1184556
285 84.195804 14.46914444
285 60.053134 -63.58181556
285 164.150704 79.45966444
285 182.092194 56.80360444
285 115.945804 37.62019444
285 -180.800376 -49.52582556
285 -290.602466 -40.26540556
285 225.666894 133.7003644
285 -403.959886 27.03797444
285 -264.309496 77.97026444
285 -364.851166 71.35568444
285 -39.248296 -38.94249556
285 -135.077076 -172.7224456
285 129.837554 11.82555444
285 -70.584316 -173.3827856
285 106.272534 -131.5466556
285 225.665764 133.6981344
285 197.305744 66.72547444
285 284.205394 120.8008144
285 246.146264 42.30245444
285 -104.071216 -72.01540556
285 274.861734 127.2489144
285 -395.664936 21.12054444
285 -435.627206 65.40255444
285 -460.845306 9.178604444
285 -192.210536 91.19943444
285 -140.698906 -178.6744456
285 -146.983326 -149.5713956
285 250.884434 22.40888444
285 260.505294 -42.87587556
285 -97.043216 -191.9047356
285 -52.725506 -191.9047356
285 51.950814 -123.1749256
285 174.485424 -160.8161956
285 244.848054 149.5731344
285 344.149494 77.97026444
285 323.148184 119.3114144
285 471.398674 189.5935944
285 281.972404 48.20464444
285 -147.727466 -89.21332556
285 -463.407886 95.83076444
285 -151.199556 99.13805444
285 -162.857756 -182.6431956
285 -154.259926 -195.8746056
285 -157.566656 -135.6807756
285 289.248444 23.06922444
285 275.003734 -50.68272556
285 310.692204 -184.5144856
285 -139.045826 -219.0245256
285 -73.892176 -193.2276456
285 4.159903998 -191.2432756
285 -46.607016 -198.1885856
285 50.131264 -109.2224456
285 60.714594 -168.0922356
285 197.636474 -169.4151456
285 262.459384 -137.0036956
285 265.353264 161.4793844
285 432.785474 109.7213844
285 471.397534 189.5913644
285 505.131914 199.5132344
285 320.032974 47.57887444
285 -171.538836 -107.7319256
285 -511.116136 162.6369344
286 26.36101521 21.82526887
286 44.88184521 23.14818887
286 5.736645212 -39.82482113
286 -22.49403479 10.55512887
286 169.1533352 32.57396887
286 77.29273521 55.88925887
286 -2.082834788 -74.41915113
286 -27.87800479 55.89149887
286 -79.28281479 -4.408511127
286 -19.94163479 -17.53262113
286 110.9444252 -4.468811127
286 190.4021152 49.93612887
286 85.89169521 81.02467887
286 -10.68122479 -95.91543113
286 -79.75684479 -75.95698113
286 58.02833521 -53.41561113
286 17.10002521 49.60540887
286 -72.19684479 69.77987887
286 -92.70035479 -11.24541113
286 81.92294521 -38.69928113
286 263.1636652 52.58419887
286 204.2106252 60.35521887
286 88.53752521 121.3736289
286 -94.02497479 -78.71751113
286 -34.11621479 -146.7330211
286 26.36044521 106.4908189
286 67.60438521 60.79811887
286 -74.18122479 96.23821887
286 -113.8687248 -36.05345113
286 -259.3889848 -31.09139113
286 -275.2645548 -8.602931127
286 139.4703852 -10.91691113
286 341.7928252 133.7748589
286 -178.7737548 -269.7124911
286 88.53809521 209.6794389
286 -92.04002479 106.8226689
286 -156.8635148 -52.58991113
286 -213.7489348 -90.29303113
286 -345.3791348 -42.99876113
286 -341.7411148 -12.57168113
286 -299.0770548 16.53248887
286 97.13648521 -49.94407113
286 188.4177352 26.12362887
286 170.5583652 -1.657621127
286 298.1377052 134.4385489
286 388.0954752 133.7759789
286 -200.6018748 -284.9260311
286 -251.5347348 -232.0104811
286 26.24185521 201.6074689
286 95.69498521 221.4512189
286 128.8864852 210.0090489
286 -180.6760148 115.4205089
286 -78.14997479 149.8163389
286 -213.7483648 -90.29191113
286 -193.2437248 -114.4362611
286 84.56934521 -56.55754113
286 195.0323252 4.295508873
286 135.5010752 -34.73053113
286 204.2933052 36.70808887
286 279.6163052 137.7447289
286 418.5231252 137.0843889
286 -411.5244048 -403.1617111
286 -226.3166348 -282.7774111
286 -238.6513948 -222.3071711
286 -285.8478848 -210.6784511
286 156.5856252 203.2302189
286 -240.2072648 119.3892589
286 -258.0666348 -115.4284511
286 11.14690521 -140.5638711
286 263.1625252 52.58196887
286 435.0590152 137.0832689
287 -70.23459641 14.42831563
287 -98.01527641 20.38255563
287 -14.67152641 -2.107024375
287 -71.80498641 -15.83228437
287 -115.2137564 19.71998563
287 219.1534236 70.32154563
287 -1.442926407 -5.415434375
287 -87.34982641 -20.46361437
287 -65.52170641 -34.35423437
287 -211.7872464 30.30219563
287 -110.5203364 -23.41227437
287 209.3142336 80.07805563
287 19.72430359 -10.70598437
287 -150.6698664 -66.90759437
287 -56.92330641 -49.56889437
287 -129.4798364 -26.75806437
287 -107.2762564 -51.71751437
287 182.7737836 121.9164156
287 -160.1929264 -71.56126437
287 -152.3427564 -36.79544437
287 -101.6532964 -75.19817437
287 -43.03211641 -73.38028437
287 -14.34136641 -34.18887437
287 -159.5314664 24.35018563
287 216.5081636 143.7445356
287 141.7628036 111.9934156
287 -168.1304264 -82.14460437
287 -215.9128364 -53.52441437
287 -201.8648064 -92.06647437
287 -75.77430641 -81.97923437
287 7.569443593 -66.10423437
287 -25.83420641 -92.56257437
287 61.06545359 -20.29713437
287 250.2419736 172.1861256
287 197.4085536 169.3760456
287 40.56024359 74.95286563
287 -201.8636664 -92.06424437
287 -350.1141564 -162.3464244
287 -101.6538664 -75.19929437
287 40.56024359 -61.30754437
287 140.4410236 7.485235625
287 340.2003036 191.3684156
287 178.2256936 189.2186756
287 62.47048359 95.95305563
287 17.40863359 63.04550563
287 -389.0569464 -160.8570244
287 86.86176359 -120.1784544
287 27.33051359 -48.74095437
287 88.92881359 -53.53653437
287 147.7159236 -11.03783437
287 210.6371536 42.37492563
287 125.2263436 26.00383563
287 420.8982236 194.0142556
287 99.51215359 233.5363856
287 118.6944436 125.0572156
287 6.163843593 51.80070563
287 -36.58233641 71.81094563
287 -509.1116364 -202.1981744
287 -398.4006064 -154.4089244
287 104.0602436 -143.3283844
287 150.8018836 -41.59458437
287 152.3461336 -16.32949437
287 263.5543836 4.672925625
287 268.1845936 80.07917563
288 -72.87282037 -25.81935134
288 -114.5441304 -27.14115134
288 -51.04356037 -21.84836134
288 -65.59621037 -17.88073134
288 -1.470660365 -36.70028134
288 107.7064396 16.51621866
288 11.13294963 33.71301866
288 -155.5904604 -110.1221513
288 -192.8448304 20.31736866
288 105.8874296 -4.154351341
288 -95.39775037 -86.30965134
288 140.1178996 61.49538866
288 -187.3404604 -131.2888213
288 -255.6828004 -29.95235134
288 -250.1430904 46.28072866
288 154.6699796 97.87559866
288 -272.6685804 -132.6117413
288 -262.0852504 -194.1273613
288 -274.6529604 -48.60653134
288 101.0912896 94.56718866
288 193.1993596 104.3236987
288 -350.7206704 -130.6273613
288 -286.5592104 -208.6794513
288 -312.3560804 -45.96070134
288 -10.52981037 126.8132787
288 198.4910296 173.1153587
288 199.6485796 61.49426866
288 -426.3390504 -125.5330713
288 -345.2271604 -250.8783113
288 -74.02981037 122.8445287
288 138.7584996 178.9351387
288 192.5384696 191.6373087
288 310.1126896 55.54225866
288 193.3652896 -49.29888134
288 -413.1098904 -106.6815113
288 -447.2935804 -123.3513213
288 -449.7381404 -298.5044313
288 -149.4354904 107.6321087
288 99.07099963 192.1642987
288 178.4459996 222.5913887
288 277.7006596 179.8953087
288 433.7689196 51.93513866
288 193.3647196 -49.30000134
288 344.9052296 84.47340866
288 195.3490996 -81.05000134
288 -7.718610365 -145.8729213
288 -419.5123304 -91.60132134
288 -483.6737904 -104.1690313
288 -468.9198604 -314.3783113
288 -214.3416604 143.6804687
288 -201.0298104 102.3393187
288 63.35224963 222.5913887
288 174.4772496 238.4663887
288 433.7689196 73.10179866
288 492.6746196 49.58801866
288 423.2214996 -48.96927134
288 303.8948096 144.6661187
288 374.6043096 108.7885387
288 196.6714496 -119.4157013
288 343.5157696 -58.56042134
288 160.2918096 -89.64896134
288 -93.41337037 -164.3617413
288 -75.84825037 -207.3874313
288 -365.2727504 -50.59090134
288 -573.4308504 -315.0408913
288 -498.0240304 -352.0814413
288 -255.3520704 146.3262987
288 -275.3144104 189.5184687
288 23.66474963 246.4038887
288 162.1113896 280.2727287
288 217.0129996 251.8311387
288 450.9668396 135.2788887
288 572.6751696 65.16429866
288 513.8412896 33.05155866
288 405.9876696 -81.67945134
288 198.2897496 -168.9919513
288 411.9766996 -48.96927134
288 277.7012296 179.8964287
288 341.2672096 139.0437187
288 -102.9686104 -204.7427113
288 -356.8859304 -18.04610134
288 -402.3144204 -53.23674134
289 288.3526579 20.41231958
289 242.7125979 15.78322958
289 25.88314792 -12.79394042
289 93.88390792 -86.08247042
289 -25.37987208 -50.49707042
289 -215.5491421 -180.8043604
289 26.77935792 -87.41192042
289 -58.00290208 -54.33135042
289 23.56804792 -42.55957042
289 -18.19981208 -94.29109042
289 -103.6440921 -60.28559042
289 2.850697917 3.214409584
289 -72.17481208 -109.6369204
289 -147.2997721 -45.07093042
289 117.2829879 21.07377958
289 -132.4998121 -118.1035904
289 -78.50867208 -18.61372042
289 -231.3055521 -72.19184042
289 138.4496579 30.33419958
289 -169.5414821 -144.5619204
289 -67.51136208 -6.044890416
289 -276.2841521 -89.38864042
289 -229.9826321 -32.50434042
289 257.5948379 38.93315958
289 -223.5164821 -154.0869204
289 -34.43901208 4.537319584
289 -307.8225821 -135.8251904
289 -247.8420121 -33.82726042
289 -67.51193208 -6.046010416
289 226.1755679 91.84981958
289 -241.2943621 -154.6858504
289 14.09548792 46.87065958
289 -366.0309121 -126.5647704
289 -274.7163121 -142.1526204
289 -323.9097221 -47.05643042
289 225.5141079 73.32898958
289 289.6027579 76.28617958
289 214.2698879 103.0957296
289 225.5141079 107.7248196
289 243.3734879 107.0633696
289 -158.4357821 -105.9455004
289 -259.7460721 -150.8562504
289 114.3891079 57.78471958
289 107.1136379 121.6165696
289 -390.7991221 -63.75713042
289 390.8064579 82.90187958
289 199.7172379 125.5841996
289 248.9958879 123.2690996
289 142.4184079 53.48523958
289 166.6443179 169.2404496
289 138.2016079 115.9930496
289 94.54535792 125.2534696
289 -434.9520321 -78.14497042
289 441.0772879 64.38103958
289 208.4456479 136.0341796
289 273.8011379 141.4603196
289 216.2536979 213.5581596
289 -437.5978721 -119.1553804
289 -393.8121621 -57.11165042
289 -542.9351121 -136.5186604
289 337.8897879 41.22999958
289 519.7902579 33.95283958
289 187.1495279 158.6571196
289 398.8161979 198.6753496
289 273.8005679 141.4591996
289 442.6383779 344.6933896
289 -438.5900521 -141.3142404
289 -333.0874521 -24.23611042
289 -390.9644921 -99.64125042
289 -554.8413621 -154.3780404
289 315.4002079 25.35499958
289 374.9308879 21.38513958
290 205.3096073 -81.61047375
290 155.1226973 60.02813625
290 408.4309573 -95.61530375
290 178.2434573 -89.00072375
290 169.6211373 52.22128625
290 24.45495734 114.7295662
290 198.0872073 -19.54759375
290 145.5018373 125.3128963
290 -45.32946266 39.32219625
290 -21.18679266 117.3731562
290 203.3788773 -30.79238375
290 183.8658473 125.9732362
290 -175.9669127 -70.47877375
290 0.889937344 -28.64264375
290 -73.77217266 84.96281625
290 10.56320734 140.5242062
290 288.7069973 -0.3653037499
290 221.5689773 119.3586562
290 -202.4258127 -89.00072375
290 -158.1081027 -89.00072375
290 -246.0815027 -75.77043375
290 -53.43178266 -20.27091375
290 69.10282734 -57.91218375
290 -88.32425266 112.0826163
290 -171.4193927 1.78555625
290 -110.1256627 67.80059625
290 27.76168734 156.4003163
290 476.5617273 61.81289625
290 327.7330373 110.7596963
290 261.2570473 129.2816463
290 -244.4284227 -116.1205138
290 -179.2747727 -90.32363375
290 -151.9896127 -95.28457375
290 -101.2226927 -88.33926375
290 -259.6425227 -92.97059375
290 -240.4596727 -69.81843375
290 -268.2403527 -79.73918375
290 -44.66800266 -65.18822375
290 -55.25133266 -6.31843375
290 92.25387734 -66.51113375
290 157.0767873 -34.09968375
290 -96.26175266 123.3274062
290 -144.6308927 63.96151625
290 76.70959734 159.7076163
290 58.76810734 182.3636762
290 -8.287792656 154.4159463
290 514.2642873 83.63990625
290 412.0689773 137.8794862
290 -322.8112327 -163.0840537
290 -163.0690427 -207.4017638
290 -151.9890527 -95.28345375
290 -140.4224227 -110.7467537
290 -149.5091527 -106.1986337
290 -294.3679627 -116.7808537
290 -268.2409227 -79.74030375
290 -252.3659227 -46.66738375
290 -286.1002927 -79.74030375
290 108.0467573 -72.29778375
290 126.6497073 -58.57363375
290 188.1658973 -22.85377375
290 94.89970734 51.22844625
290 178.2440273 -88.99960375
290 -106.8450827 152.4315663
290 -287.0590027 72.40510625
291 -200.0258481 -107.2278582
291 -170.9216781 -166.0976482
291 -158.3545381 -191.8956482
291 -153.0622981 -201.8163982
291 -76.12099805 -170.8612082
291 -264.1867381 -204.4611182
291 -34.66125805 -200.4934882
291 -270.9204781 -145.0643382
291 -275.4315281 -242.8256982
291 2.380971945 -202.4767382
291 -22.09297806 -149.2293482
291 -33.33833805 -276.2304682
291 -270.8018881 -49.68098819
291 -287.3383481 -289.7903582
291 109.0873419 -189.3820382
291 -212.7121381 -291.2466282
291 -23.41646805 -277.2226482
291 -229.7914681 1.912761806
291 2.380411945 -202.4778582
291 59.01778194 -274.5768182
291 -226.0701981 27.71076181
291 114.0841819 -273.4192682
291 -219.8690281 76.65867181
291 246.3758519 -237.0390582
291 -205.3175081 103.1158918
291 301.2768919 -228.4400982
291 -192.7503681 89.88561181
291 -222.1014481 116.3461718
291 328.3972519 -231.0848182
291 -219.8695981 76.65756181
291 -138.0968081 56.15235181
291 -178.1977181 111.7148518
291 -123.7095181 156.8605018
291 -243.8006881 127.4565018
291 396.5268919 -169.5703082
291 -123.0486281 139.0000018
291 2.049681945 215.2330818
291 -123.0845381 181.6960818
291 -252.5290981 60.12110181
291 -250.2139981 182.8216218
291 310.8321319 -188.0591282
291 564.5373119 -113.3463482
291 597.6107919 -72.99626819
291 -100.9256881 146.6387918
291 -118.4178481 123.1261218
291 -66.74198805 125.2747418
291 57.82431195 230.6440018
291 -134.3293281 267.6856618
291 -263.7733181 49.53888181
291 -260.7973281 230.4466218
291 599.5946019 -104.7473882
291 603.8940819 37.79688181
291 -150.5350581 125.4721218
291 -99.81490806 90.87891181
291 -98.16125805 120.9752618
291 -74.67948805 88.23308181
291 185.9350919 266.8268318
291 128.9310919 165.8210818
291 25.41286195 267.6856618
291 -24.52724805 298.1127518
291 -114.4855781 343.0919118
291 -276.3410281 -37.11215819
291 -277.3337881 268.8112018
291 600.9169519 -143.1130882
291 747.7612719 -82.25780819
291 714.3581919 31.84487181
291 597.4448619 80.62631181
291 -89.81034805 67.39714181
291 148.8934319 122.6289118
291 189.9038419 119.9830818
291 213.5977519 393.3627518
291 -296.5155081 -72.00408819
292 -78.48359217 0.2010730435
292 -32.84296217 -11.70517696
292 -44.74865217 -14.34989696
292 -20.93671217 -11.70517696
292 22.72009783 -46.09989696
292 -3.738802174 -10.38226696
292 -34.16588217 -0.4603869566
292 111.3549478 -72.55934696
292 12.79765783 -1.783306957
292 -55.99401217 -5.090596956
292 -37.47261217 8.139693043
292 -7.046092174 1.523983043
292 141.7820378 -87.11142696
292 36.61072783 8.801143043
292 -14.32213217 6.154193043
292 -104.2804722 51.13336304
292 155.6726578 -87.11142696
292 69.68307783 18.06044304
292 43.22473783 16.73753304
292 55.79244783 28.64378304
292 -122.8013022 72.96148304
292 94.81905783 29.96781304
292 -187.6242222 106.034403
293 19.5757358 31.08214556
293 -32.7627142 3.795875556
293 8.909155802 -72.27183444
293 -44.6689642 32.90003556
293 45.6206658 -85.16915444
293 -62.1970442 61.67459556
293 4.361635802 52.90915556
293 -83.6123242 8.591445556
293 28.0082058 -99.55811444
293 142.1103258 -1.661164444
293 69.7633258 -86.16246444
293 -97.7348242 108.9825656
293 -32.4319842 78.87139556
293 -98.5772542 29.92459556
293 -13.6631042 96.89613556
293 19.5751658 31.08102556
293 -142.2340742 -8.441104444
293 9.901915803 -114.9347844
293 185.1051258 39.34925556
293 110.7737458 -107.9905844
293 -110.0027342 131.7060856
293 -124.9194042 107.3096656
293 -110.4835042 20.00271556
293 32.8905358 -1.986264444
293 -52.9371942 -165.8681944
293 -89.6481342 -100.0530844
293 196.4342958 49.77057556
293 200.9801258 12.89092556
293 178.6559058 -87.98147444
293 74.3102858 -126.6779044
293 -129.6663642 117.2359756
293 -84.3564642 147.9937856
293 -132.9736542 136.4182656
293 -214.9944842 76.22555556
293 -105.8538642 77.54847556
293 -159.1006942 20.99490556
293 -142.2329442 -8.438874444
293 64.8850658 -129.6533444
293 -62.1970442 -175.1274944
293 -133.3043842 -92.77704444
293 -57.8981342 -138.4176744
293 216.8556858 13.55349556
293 218.9227458 68.95063556
293 138.8030358 106.8180056
293 190.0660558 99.54196556
293 197.7555158 -71.94110444
293 257.3694458 -132.2991844
293 -119.3430842 177.5713356
293 -62.5277742 157.2553256
293 -200.4418342 184.7058456
293 -345.3017842 57.70472556
293 -174.3148042 44.14482556
293 -98.5778242 29.92347556
293 -159.1012542 20.99378556
293 -152.8174042 -26.30048444
293 117.3062058 -198.7746244
293 -34.8297742 -179.5934544
293 -87.9939242 -194.3097844
293 -216.3174042 -86.49319444
293 248.0269158 -57.38790444
293 200.9806858 12.89204556
293 261.5503358 30.61694556
293 241.3758558 82.87215556
293 186.4280358 153.7815456
293 218.9221758 68.94951556
293 276.5523058 -152.1418144
293 -146.6670642 212.7021756
293 -49.3818542 145.1825856
293 -47.3142342 181.0678256
293 -209.0413642 197.2724356
293 -190.7691442 37.69449556
293 -185.5595942 58.69691556
293 -183.9053842 -60.69519444
293 142.4410558 -200.0986644
293 33.3004358 -211.3434544
293 -87.9944842 -194.3109044
293 -95.6839442 -201.4215744
293 -256.0049042 -86.49319444
293 434.8524158 -7.086174444
293 142.1097658 -1.662274444
293 306.8602358 48.47632556
294 41.81129149 -63.58744378
294 -101.0637085 -93.35306378
294 107.9212215 -53.63355378
294 -151.0719985 -50.59804378
294 -168.3585985 -65.65412378
294 163.5201915 -43.74257378
294 45.62646149 -33.44937378
294 185.3483215 -70.86236378
294 -201.7707385 -59.61869378
294 14.52614149 -29.19160378
294 151.4480115 -103.2749438
294 163.5196315 -43.74369378
294 259.3951815 -81.41480378
294 -237.3241285 -53.66556378
294 91.91676149 -13.97806378
294 -15.90037851 -37.12799378
294 133.5886415 -96.66035378
294 142.2425915 -113.8893138
294 166.1654615 -109.2280638
294 133.0931115 -4.716533783
294 285.1920515 -91.33667378
294 148.9316415 -147.5606338
294 133.0925415 -4.717653783
294 -98.58323851 -55.64994378
294 -77.91266851 -1.079633783
294 166.1660315 -109.2269538
294 124.4935815 -117.8270238
294 191.7969715 -116.5041038
294 90.75921149 16.44901622
294 289.8222615 -111.1804238
294 155.5462215 -195.1856338
294 102.0045715 -124.4404938
294 75.54567149 40.26151622
294 301.5163715 -140.8127038
294 -15.56734851 -121.4173538
294 45.11858149 -151.5614038
294 17.33790149 48.86159622
294 51.07228149 82.59596622
294 121.8483215 25.04909622
294 300.1934515 -226.1408238
294 -118.4269885 -115.8426538
294 -126.5361785 46.98760622
294 -34.25584851 97.14805622
294 103.9883815 75.98026622
294 137.5573915 7.188596217
294 -162.2246485 -112.4952338
294 -174.4850185 25.04909622
294 51.07171149 82.59484622
294 -110.3600285 104.9510862
294 -128.3488585 63.41255622
294 44.95379149 150.0647162
294 -170.0314985 224.8723062
294 -216.3228185 -107.2436938
294 -242.6146585 -6.699783783
294 103.9889415 75.98138622
294 -188.9909985 134.8146962
294 -155.9647485 46.21464622
294 8.573011486 173.8760962
294 74.88478149 157.3407562
294 -192.3367885 243.2741762
294 -330.7551185 -69.54056378
294 -172.5012085 59.44380622
294 -272.5467785 -16.62390378
294 136.3998315 77.30318622
294 -251.8767785 132.5338362
294 -120.9068885 84.58034622
294 -174.4855785 25.04797622
294 6.588641487 202.9802662
294 92.74358149 146.7563062
294 118.5191715 171.0735362
294 63.35354149 174.1162462
294 -255.5142285 227.4542262
294 -224.7564185 265.8188062
294 -451.3885785 -125.5991638
295 -9.260413333 14.11111333
295 40.34895667 -42.11284667
295 -31.08854333 28.00173333
296 -54.01928333 12.34685
296 18.74169667 -4.18849
296 35.27758667 -8.15836
297 60.0109409 430.9551158
297 40.2857809 314.6718058
297 105.1086909 327.9009658
297 32.7628209 217.9357558
297 132.1098909 293.3717858
297 138.5950209 268.2043558
297 75.7570509 235.7940158
297 233.8455909 315.1690158
297 218.5488009 241.2499258
297 32.7616909 217.9335158
297 254.3502309 242.5728458
297 -21.4778991 188.8293558
297 16.3546909 189.5228258
297 247.7356509 232.6509658
297 -143.1862291 89.61060577
297 10.7322909 394.9056358
297 -26.8522391 115.5728458
297 11.5123409 125.4947158
297 159.7622609 188.8304758
297 -221.2383091 29.41789577
297 -137.2330991 92.25643577
297 -21.5605791 79.19263577
297 12.3859409 96.25720577
297 111.4758009 154.4346358
297 144.4654609 -12.41934423
297 -313.8424791 24.78768577
297 -191.1419591 32.39445577
297 -277.4622691 -17.54564423
297 -36.1126591 69.27075577
297 46.6523109 -44.00398423
297 122.8494809 131.3144958
297 206.7258009 -4.976824231
297 144.4649009 -65.33713423
297 46.6528809 -44.00286423
297 -395.2018491 10.89706577
297 -247.0351891 -131.9779342
297 -81.6705991 46.94654577
297 -20.1549791 -71.78523423
297 190.1887709 -161.5781942
297 226.9002809 29.91510577
297 123.2988009 -146.0339242
297 96.1790109 -55.41413423
297 52.5227609 -125.8594442
297 -436.4135391 25.81188577
297 -271.5085791 -153.8049442
297 -148.6791691 -122.3547742
297 -32.1439091 -78.89590423
297 192.8351709 -229.0458342
297 239.4679909 116.5661458
297 131.8977609 -189.0287242
297 111.9354209 -185.1933242
297 100.1477609 -179.7683042
297 114.0383809 -319.3360142
297 -570.6895891 13.90563577
297 -390.1114591 24.48897577
297 -460.6862291 33.05591577
297 -292.0137891 -175.6330742
297 -228.7156291 -151.4589442
297 -39.9987291 -82.36856423
297 -21.5600091 -187.3739542
297 202.7564809 -270.7188242
297 250.7122109 127.1483658
297 143.8040109 -181.7526742
297 121.6451509 -343.4792442
297 -372.9135391 27.79626577
297 -297.9669091 -195.4768242
297 -292.0143491 -175.6341842
297 6.882130897 -221.7709042
297 206.7258009 -294.5302042
297 259.4406209 194.4837658
297 31.6873909 -426.8218742
297 155.4622109 -439.7214242
297 -302.5976891 -212.0143942
297 11.3937509 -257.2922742
297 -8.331409103 -111.9688242
297 190.5195009 -358.3620542
297 281.1398609 183.3734358
297 253.0273109 249.8488858
298 -248.926647 10.46823414
298 -147.108837 68.56186414
298 -198.655817 -17.31301586
298 -114.035927 85.75978414
298 -156.121207 -31.81443586
298 -132.226027 -42.23240586
298 -136.194207 -60.75211586
298 -87.246857 -73.32094586
298 -130.241087 -27.67920586
298 -157.361447 -85.22719586
298 -52.933707 -94.65297586
298 -72.032757 -39.58545586
298 -59.465607 21.92905414
298 -165.960407 -124.9146959
298 -40.050367 -84.94966586
298 19.827273 -132.3549859
298 -51.528107 2.085304143
298 16.519413 -36.44464586
298 -15.147337 47.06559414
298 -266.501507 -166.5854559
298 -133.548947 -106.3938659
298 -12.269117 -85.61112586
298 -3.323767 -52.97998586
298 -2.000847 -147.5685259
298 164.484813 -9.375515857
298 46.285603 -2.047695857
298 41.737513 84.76759414
298 -385.848527 -21.28176586
298 -256.579627 -181.7989959
298 54.682723 -78.16718586
298 39.325773 -61.13492586
298 39.325203 -61.13604586
298 -212.923377 -265.8042059
298 -27.715607 -145.4199059
298 256.629363 83.94189414
298 67.911893 5.176564143
298 84.732303 101.3040541
298 -223.506707 -243.9760759
298 70.413743 -44.59958586
298 -202.340607 -288.9563659
298 -130.241657 -159.9719859
298 280.523973 98.65822414
298 196.518193 62.93835414
298 77.833773 3.853644143
298 105.900673 126.1120941
298 -655.679537 -341.1992159
298 -256.580197 -181.8001159
298 338.071413 126.4405941
298 309.545453 132.8886941
298 187.919803 41.44207414
298 118.844183 61.40052414
298 204.337673 97.53268414
298 109.583773 31.63489414
298 -76.663527 128.7545741
298 119.318213 132.9489941
298 -60.787957 106.2661141
298 126.404183 207.1373841
298 387.018763 163.4811341
298 369.159393 135.6998841
298 295.737513 87.41343414
298 367.754363 169.9314741
298 104.576053 58.63999414
298 224.962043 159.1827741
298 150.878143 52.02541414
298 -100.476027 153.8899941
298 -143.140087 124.7858241
298 176.106993 147.9126341
298 -15.147907 47.06447414
298 -146.778107 94.35874414
298 124.419803 233.5957241
299 152.5534553 -35.0638581
299 96.65965532 -61.8540381
299 148.8795253 3.994201899
299 169.4206453 -28.1185381
299 273.2701753 -142.5497181
299 97.28577532 -25.1099681
299 -38.97464468 -111.0995481
299 146.2336953 101.8900319
299 204.4420253 19.8692019
299 84.05660532 -26.4328781
299 302.3737653 -155.7799981
299 76.11910532 56.9108719
299 -68.04232468 -124.0288781
299 -24.88274468 147.6640119
299 41.72327532 -31.7245481
299 377.7441053 -160.0474681
299 316.9258553 -165.7018781
299 59.78392532 163.5390119
299 -230.0175047 -206.2161981
299 -170.4030047 100.7015919
299 451.6979853 -178.1042181
299 438.4682553 -222.4230481
299 64.21285532 191.8483719
299 113.3620553 184.7056819
299 -305.4237547 -233.3359881
299 -292.8560447 -204.8932781
299 -136.8704747 -17.1724681
299 -207.9772447 95.9369119
299 453.0209053 -110.6354681
299 441.1152253 -242.9260181
299 -11.19339468 172.0046219
299 59.78506532 204.5516619
299 196.5045253 250.0567019
299 -352.3872947 -233.9974481
299 -303.5579747 -164.0162181
299 -216.8710247 -32.7487481
299 -69.40172468 -3.943298101
299 -253.9126947 92.9283319
299 -204.6699547 129.6712819
299 454.2710153 -92.7954681
299 482.0522653 -158.2798481
299 440.4531953 -270.0469281
299 -100.2884247 162.8786719
299 61.56702532 272.5462819
299 303.6607753 301.6504519
299 192.5357753 317.5254519
299 196.5045253 175.9733719
299 -373.5539647 -263.1016181
299 -442.4642247 -269.8495481
299 -286.3241447 -131.3060381
299 -195.7043547 -49.2852081
299 -275.7767247 -30.4016281
299 -275.7767247 -9.234968101
299 -370.1639947 82.8410919
299 -201.3626647 153.4837819
299 -255.2356047 110.7877119
299 496.6043453 -108.6704681
299 453.0209053 -57.7187981
299 362.4016853 -70.9468481
299 584.5783053 -228.3944281
299 -209.6308947 185.2337819
299 281.1711953 353.2442019
299 323.5045253 251.3796219
299 104.2310853 265.2702419
299 190.7532453 344.7797119
299 294.1055453 183.2173919
299 176.6607753 175.9733719
299 -478.7258447 -326.6016181
299 -520.5163047 -300.2766281
299 -511.2558947 -251.3287181
299 -297.5689447 -131.3060381
299 -68.04289468 -124.0299981
299 -399.4329547 -26.7945081
299 -334.9413347 26.4517719
299 -258.5788047 52.9421219
299 -360.4074847 134.6002119
299 -473.3509247 142.3734619
299 -368.2784347 56.7069519
299 -218.8913047 152.1608719
300 16.867185 21.497395
300 -16.867185 -21.497395
301 206.4007112 31.47211
301 291.0668112 31.47099
301 124.9123112 -3.36954
301 172.5373112 146.12004
301 -58.31164875 -34.45808
301 -156.9157188 -44.24661
301 -242.2427088 -59.45791
301 -337.4470688 -67.531
302 -81.88084436 -168.7795655
302 -292.8033744 -287.0152455
302 -60.05272436 -153.5660255
302 -107.5956044 -166.6309455
302 -303.3867044 -265.1871155
302 -282.2206044 -310.1674055
302 84.60481564 -30.58655551
302 -132.8137044 -115.8640155
302 -210.1216544 -181.1830255
302 -336.4596244 -203.0100355
302 -735.5595344 -362.4102555
302 176.7493656 62.73085449
302 -167.1268544 -94.53198551
302 -119.9303644 -106.1607055
302 -336.4601944 -203.0111555
302 -346.3815044 -187.7964955
302 116.6381956 41.72731449
302 200.6439756 77.44718449
302 -151.9127544 -60.79649551
302 -212.1060244 -63.44344551
302 -92.14911436 -106.8221655
302 -83.20376436 -74.19102551
302 -465.7285244 -42.49280551
302 -245.8404044 -146.1257355
302 124.4576756 76.32164449
302 108.0398056 20.23103449
302 38.96418564 40.18948449
302 229.6654556 111.6776545
302 258.1914156 105.2295545
302 -131.4081044 -19.12573551
302 -63.36058436 -57.65568551
302 -236.0012044 -53.02547551
302 -216.0742044 -81.96315551
302 -210.1210844 -48.89024551
302 -40.55422436 -82.34596551
302 -25.19727436 -99.37822551
302 -40.55479436 -82.34708551
302 -213.4289444 -127.6049055
302 -237.2414444 -106.4382355
302 145.0820456 137.9717345
302 24.69605564 37.42895449
302 287.8743656 148.7204345
302 215.8575156 66.20239449
302 307.1387656 142.2700945
302 289.2793956 114.4888445
302 -33.59439436 -23.25873551
302 -278.5358144 -38.52405551
302 -139.3456044 0.7180144866
302 -9.466254359 -65.81062551
302 96.22699564 126.7015945
302 163.6028756 139.2946545
302 309.1231456 166.0825945
302 203.2903756 59.58892449
302 313.7533556 120.4419745
302 254.2221056 81.41593449
302 323.0143356 152.8545545
302 -11.96810436 -16.03447551
302 -328.8066444 -10.74280551
302 -95.02733436 25.85455449
302 39.43821564 111.7379545
302 90.84302564 172.0379645
302 98.77939564 98.61384449
302 196.0137656 172.0357245
302 381.8846956 168.7306645
302 322.9316556 176.5016845
302 129.8679356 -24.41740551
302 381.8835556 168.7284345
302 -2.046224358 -17.35739551
302 -226.9888344 47.35082449
302 -38.14248436 63.55655449
302 26.02067564 104.9010545
302 46.52418564 185.9263445
302 135.8210556 165.7518745
302 204.6127256 197.1711445
302 460.5138556 249.9213245
302 113.3314756 -48.22990551
302 412.3112156 183.9430945
302 29.70377564 10.42385449
303 225.9112937 159.2392438
303 268.3180037 144.0461938
303 356.2913937 210.1909138
303 241.1976437 124.8627938
303 397.4677437 212.0110438
303 308.5941537 149.9799438
303 116.1825837 67.64776385
303 341.6659237 177.0975038
303 91.37733372 49.45654385
303 404.5056137 156.5945338
303 85.75493372 33.25081385
303 460.7289937 180.4059138
303 68.55701372 18.03726385
303 397.4671737 212.0099238
303 564.8161337 138.5880538
303 67.89555372 -0.483566154
303 67.89555372 33.91226385
303 56.65133372 29.28317385
303 131.9842037 2.473623846
303 99.97628372 -34.87939615
303 330.6598837 246.4057538
303 42.09868372 51.77164385
303 233.1879037 9.089323846
303 -19.16889628 -43.47835615
303 378.2854537 272.2037538
303 565.4775937 166.3693038
303 285.0192537 270.8797138
303 50.82709372 62.22162385
303 283.4587337 -9.431516154
303 -40.33556628 -52.73877615
303 401.8592037 292.1923738
303 271.7900937 280.1401338
303 29.53097372 84.84456385
303 362.1717037 -39.85971615
303 180.2712337 -32.58255615
303 -154.7678563 -70.59814615
303 204.4040237 314.3706038
303 9.026333719 95.42901385
303 217.3123337 -52.42741615
303 157.7816537 -48.45755615
303 -215.6214563 -128.1439062
303 3.734103719 114.6101838
303 122.7243537 -66.97838615
303 -261.2626463 -134.0981462
303 -182.9984263 -124.3096262
303 -304.9183263 -118.8834862
303 -134.0505063 -116.3721262
303 -131.7354063 -86.60649615
303 -236.1272263 -92.42627615
303 -388.9241063 -146.0043962
303 85.09404372 -58.02932615
303 -225.1299163 -79.85744615
303 -433.9027063 -163.2011962
303 -387.6011863 -106.3168962
303 130.7341037 -53.40023615
303 -63.73464628 -159.8950262
303 -192.0575663 -69.27523615
303 -465.4411363 -209.6377462
303 -225.1304863 -79.85856615
303 -405.4605663 -107.6398162
303 -373.1676963 -254.6169162
303 -130.8391963 -161.2244762
303 -143.5230663 -26.94189615
303 -523.6494663 -200.3773262
303 -432.3348663 -215.9651762
303 -481.5282763 -120.8689862
303 -175.8183663 -168.1036462
303 -50.50491628 47.80401385
303 -43.22944628 -16.02783615
303 -417.3646263 -224.6688062
303 -548.4176763 -137.5696862
303 -229.7933663 -183.4494762
303 9.025763719 95.42789385
303 -63.07319628 51.44091385
303 -19.41694628 42.18049385
303 -15.20014628 -20.32731615
303 -398.9129163 -228.4984062
303 -592.5705863 -151.9575262
304 14.12345667 9.58122
304 24.67031667 14.57305
304 -38.79377333 -24.15427
305 -214.6363194 180.5488733
305 -146.8368394 187.1634533
305 -81.02172942 216.5983433
305 -86.11212942 189.9426333
305 -81.48191942 269.9790933
305 -34.93178942 226.9843033
305 -69.57566942 252.1197233
305 -69.57566942 151.5780533
305 -58.99233942 103.9530533
305 -52.57902942 48.58793333
305 -61.30743942 -18.74746667
305 -30.87978942 37.47760333
305 -72.55165942 -29.32968667
305 67.51214058 77.99193333
305 -14.09584942 24.24732333
305 -85.11936942 -115.9807267
305 68.17303058 60.13143333
305 193.2713406 136.3645133
305 68.13712058 102.8275133
305 -1.52870942 11.01704333
305 -28.64736942 -2.209896666
305 -105.2938494 -150.8726567
305 13.02394058 32.84628333
305 90.29597058 67.77022333
305 72.80381058 44.25755333
305 124.4796706 46.40617333
305 249.0459706 151.7754333
305 56.89233058 188.8170933
305 53.12485058 -22.71621667
305 -28.64793942 -2.211006667
305 -34.84853942 -51.15780667
305 -167.5541894 -158.3151767
305 -121.8308794 -307.4740267
305 40.68660058 46.60355333
305 91.40675058 12.01034333
305 93.06040058 42.10669333
305 116.5421706 9.364513333
305 216.6345206 188.8170933
305 320.1527506 86.95251333
305 377.1567506 187.9582633
305 166.6944106 219.2441833
305 76.73608058 264.2233433
305 -38.56980942 -76.95580667
305 -152.2573894 42.93464333
305 -265.3667694 -189.8986967
305 -167.5547494 -211.2329667
305 -119.1844794 -374.9416667
305 101.4113106 -11.47142667
305 340.1150906 43.76034333
305 381.1255006 41.11451333
305 404.8194106 314.4941833
305 -79.58022942 -128.5495567
305 -200.5438494 8.538803333
305 -64.28399942 86.75513333
305 -215.8406394 -201.3099667
305 -259.4968894 -271.7552767
305 -188.7208494 -291.9297567
305 -109.2631694 -416.6146567
305 195.9998506 -8.825596667
305 53.12542058 -22.71509667
305 377.6996206 -24.83394667
305 446.0316706 5.066153334
305 -79.69881942 -223.9329067
305 -300.5073094 -20.40111667
305 -299.6337094 -49.63862667
305 -57.66941942 96.67701333
305 -211.8718894 -325.6641367
305 -197.9812694 -465.2318467
305 -200.0842294 -331.0891567
306 -21.7507537 -123.1378903
306 -124.6103937 -117.5631903
306 95.8211663 -126.1610303
306 -168.4080537 -114.2157703
306 118.3101763 -119.5475603
306 38.9351763 -153.2819403
306 -222.5062237 -108.9642303
306 136.0591863 -115.6098503
306 159.9826263 -110.9474903
306 145.2646063 -104.9954803
306 142.7482363 -149.2811703
306 127.4052363 -98.38089027
306 179.1649163 -72.58290027
306 159.9820563 -110.9486003
306 253.2117763 -83.13534027
306 149.3628163 -196.9061703
306 157.3362263 -45.46423027
306 101.7378163 -55.35409027
306 185.6135663 -118.2246403
306 279.0086463 -93.05721027
306 126.9097063 -6.437070274
306 157.3367863 -45.46311027
306 35.6278863 -65.30798027
306 39.4430563 -35.16991027
306 283.6388563 -112.9009603
306 84.5758063 14.72847973
306 -107.2471137 -95.07360027
306 8.342736301 -30.91214027
306 295.3329663 -142.5332403
306 69.3622663 38.54097973
306 -157.2554037 -52.31858027
306 -174.5420037 -67.37466027
306 85.7333563 -15.69860027
306 -22.0837837 -38.84853027
306 294.0100463 -227.8613603
306 115.6649163 23.32855973
306 44.8888763 80.87542973
306 11.1544963 47.14105973
306 -207.9541437 -61.33923027
306 126.9091363 -6.438190274
306 -84.0960737 -2.800170274
306 -104.7666437 -57.37048027
306 97.8049763 74.25972973
306 131.3739863 5.468059726
306 -132.7195837 45.26706973
306 -40.4392537 95.42751973
306 -243.5075337 -55.38610027
306 38.7703863 148.3441797
306 -180.6684237 23.32855973
306 -116.5434337 103.2305497
306 -134.5322637 61.69201973
306 -176.2149037 223.1517697
306 44.8883063 80.87430973
306 68.7013763 155.6202197
306 2.389606301 172.1555597
306 -248.7980637 -8.420320274
306 -195.1744037 133.0941597
306 -162.1481537 44.49410973
306 -198.5201937 241.5536397
306 97.8055363 74.26084973
306 112.3357663 169.3529997
306 86.5601763 145.0357697
306 57.1701363 172.3957097
306 0.4052363015 201.2597297
306 -336.9385237 -71.26110027
306 -278.7301837 -18.34444027
306 -178.6846137 57.72326973
306 -258.0601837 130.8132997
306 -180.6689837 23.32743973
306 -127.0902937 82.85980973
306 -230.9398237 264.0982697
306 -261.6976337 225.7336897
306 130.2164263 75.58264973
307 16.123045 14.13867
307 -16.123045 -14.13867
308 -34.9298215 -5.388485167
308 -31.6225315 18.42401483
308 -38.2371115 -39.12285517
308 -85.4954715 -24.27205517
308 69.4517085 27.81890483
308 -49.1511715 17.10110483
308 -0.6628715005 -34.35817517
308 -84.1725615 -42.13143517
308 -200.4238615 -52.21867517
308 229.5251985 69.49189483
308 -39.8907615 50.17401483
308 -156.9329715 45.84252483
308 144.8573885 12.60424483
308 32.8696585 -152.2322352
308 -303.6107915 7.313694833
308 -198.5383015 -78.35281517
308 -190.6673515 -0.4595551668
308 231.3071585 137.4865148
308 233.9529885 56.78860483
308 -46.8360715 84.56985483
308 -71.3100315 72.66360483
308 -205.0535015 69.49077483
308 -144.1993315 84.04286483
308 130.7654885 -246.1593152
308 229.5240585 28.47924483
308 100.3384085 -139.0030652
308 -47.1308915 -167.8085152
308 -91.4486015 -85.12622517
308 -235.9107015 -72.73041517
308 366.2446585 114.9969348
308 158.5467385 36.94485483
308 -50.7694815 111.9872448
308 0.7889284994 108.3823548
308 -102.5280215 92.64070483
308 -232.0444015 77.29381483
308 -239.3204515 58.77297483
308 -144.1999015 84.04174483
308 266.3997885 -196.9138052
308 101.6978085 -259.0886452
308 283.1021885 49.64591483
308 245.8592385 -78.14889517
308 -106.0365915 -144.2947352
308 -106.0365915 -165.4613952
308 -25.9642215 -184.3449752
308 -194.9002815 -132.9231252
308 -262.1042815 -37.50010517
308 -165.2012015 -108.6079952
308 473.4009085 166.5906848
308 366.2446585 40.91360483
308 362.2759085 182.4656848
308 -1.9863615 129.0209148
308 -89.9597515 98.59494483
308 -59.4037815 167.2521448
308 134.7342385 72.66360483
308 67.5962185 119.6271448
308 -245.9350315 134.1792248
308 -263.1329515 95.81464483
308 -273.0548215 52.81985483
308 267.0259085 -160.1697352
308 322.2935885 -170.1236252
309 4.860217083 -52.53199764
309 55.79193708 -41.28832764
309 -26.47694292 -13.01098764
309 -50.37212292 -68.73884764
309 139.5758171 -42.74091764
309 -50.70172292 -0.2756776386
309 -90.06019292 -76.01600764
309 167.5783971 -47.24145764
309 -25.56687292 10.96800236
309 61.99367708 -15.32496764
309 -91.71270292 -21.44345764
309 -124.1241629 -88.25074764
309 178.8231871 -35.99665764
309 -13.41314292 21.05412236
309 -108.8285029 17.41610236
309 67.94623708 -8.050047639
309 124.8322171 -27.23121764
309 -154.8825429 -74.03051764
309 -138.0153529 -84.94457764
309 201.9747971 -24.08929764
309 115.5712371 11.13224236
309 -5.723122917 28.16591236
309 -133.5426629 12.63199236
309 -62.52642292 27.33797236
309 169.1493571 -17.31046764
309 158.5660271 -24.58650764
309 -170.0955129 -74.69085764
309 -175.0564529 -88.91220764
309 303.1773571 12.95125236
309 223.8850371 -3.089107639
309 199.5770071 23.70107236
309 20.07375708 47.34820236
309 -293.7066729 -23.92616764
309 -46.65085292 31.96930236
309 -84.68527292 46.52026236
309 -173.3206929 -46.08389764
309 -256.7465629 -74.02939764
309 -252.6956929 -85.44066764
309 344.1883371 22.87425236
309 280.1089971 26.01505236
309 47.44102708 42.88224236
309 224.7118571 22.37703236
309 147.1558671 92.82235236
309 29.33360708 56.60750236
309 -270.5550629 -45.75316764
309 -305.6123629 -15.32608764
309 20.07318708 47.34709236
309 -130.1968729 74.11095236
309 -156.7842329 7.824952361
309 -298.9977729 -76.84171764
309 -274.9366629 -86.92783764
309 377.9227171 44.70237236
309 370.7287871 -18.96410764
309 342.9475371 54.45776236
309 -5.723682917 28.16479236
309 156.5810871 95.79779236
309 92.17271708 107.5409124
309 -329.8292329 12.91081236
309 -173.7341029 135.9825024
309 -346.9540729 -83.78814764
309 -304.2894429 -66.91983764
309 -370.1866629 -96.18824764
309 -333.1455629 -84.28311764
309 411.6565271 73.14396236
309 358.8231071 70.33388236
309 380.5679771 -28.72061764
309 358.8225371 70.33276236
309 193.0445471 114.4851124
309 -7.377332917 122.4226124
309 110.2790071 122.9175824
309 -358.6117129 14.60490236
309 -244.0967329 11.13224236
310 145.4959246 -211.8010979
310 138.8813446 -164.1760979
310 249.3448846 -98.03026787
310 132.1922946 -130.5047779
310 175.2980246 -87.47782787
310 275.1417546 -107.9521379
310 114.4432846 -134.4424879
310 141.3977146 -119.8904079
310 156.1157346 -125.8424179
310 153.4693346 -60.35915787
310 97.87092463 -70.24901787
310 279.7719646 -127.7958879
310 91.95427463 -141.0559579
310 156.1151646 -125.8435279
310 123.5383446 -113.2758179
310 123.0428146 -21.33199787
310 35.57616463 -50.06483787
310 31.76099463 -80.20290787
310 153.4698946 -60.35803787
310 291.4660746 -157.4281679
310 35.06828463 -168.1768679
310 -25.61764537 -138.0328179
310 181.7466746 -133.1195679
310 80.70891463 -0.1664478746
310 4.475844625 -45.80706787
310 -111.1140054 -109.9685279
310 290.1431546 -242.7562879
310 -128.4772854 -132.4581179
310 65.49537463 23.64605213
310 -25.95067537 -53.74345787
310 81.86646463 -30.59352787
310 -161.1222954 -67.21350787
310 -178.4088954 -82.26958787
310 -172.2749454 -129.1106979
310 41.02198463 65.98050213
310 7.287604625 32.24613213
310 111.7980246 8.433632125
310 -108.6335354 -72.26540787
310 -87.96296537 -17.69509787
310 123.0422446 -21.33311787
310 -211.8210354 -76.23415787
310 -226.3731154 -123.8591579
310 -44.30614537 80.53259213
310 -136.5864754 30.37214213
310 127.5070946 -9.426867875
310 93.93808463 59.36480213
310 -247.3744254 -70.28102787
310 -180.0817954 208.2568421
310 34.90349463 133.4492521
310 41.02141463 65.97938213
310 -138.3991554 46.79709213
310 -120.4103254 88.33562213
310 -184.5353154 8.433632125
310 -202.3870854 226.6587121
310 64.83448463 140.7252921
310 -1.477285375 157.2606321
310 93.93864463 59.36592213
310 -166.0150454 29.59918213
310 -199.0412954 118.1992321
310 -252.6649554 -23.31524787
310 -234.8067154 249.2033421
310 -265.5645254 210.8387621
310 82.69328463 130.1408421
310 108.4688746 154.4580721
310 53.30324463 157.5007821
310 -3.461655375 186.3648021
310 126.3495346 60.68772213
310 -184.5358754 8.432512125
310 -130.9571854 67.96488213
310 -261.9270754 115.9183721
310 -340.8054154 -86.15602787
310 -182.5515054 42.82834213
310 -282.5970754 -33.23936787
310 -257.2962954 271.0314721
310 126.3489746 60.68660213
310 130.9803146 163.2148821
310 75.71207463 157.7887421
310 27.42561463 157.7887421
310 -20.65957537 216.1304321
310 199.7719846 60.68884213
311 -175.2510111 -77.48576446
311 -175.3696011 -172.8691145
311 -134.2405911 -25.89201446
311 -168.6358611 -232.2658945
311 -130.5193211 -0.09401445906
311 -179.8806511 -270.6304745
311 -57.51142108 -229.6211745
311 -124.3181511 48.85389554
311 -191.7874711 -317.5951345
311 -62.80366108 -219.7004245
311 60.88961892 -228.2982645
311 -109.7666311 75.31111554
311 19.42987892 -198.6659845
311 -75.37080108 -193.9024245
311 97.93184892 -230.2815145
311 62.21253892 -304.0352445
311 73.45789892 -177.0341245
311 -97.19949108 62.08083554
311 -126.5505711 88.54139554
311 -104.4749711 -135.0326345
311 204.6382189 -217.1868145
311 72.13440892 -305.0274245
311 -117.1612611 -319.0514045
311 -124.3187211 48.85278554
311 -42.54593108 28.34757554
311 -82.64684108 83.91007554
311 -28.15864108 129.0557255
311 -148.2498111 99.65172554
311 154.5686589 -302.3815945
311 97.93128892 -230.2826345
311 -27.49775108 111.1952255
311 -27.53366108 153.8913055
311 97.60055892 187.4283055
311 -156.9782211 32.31632554
311 -154.6631211 155.0168455
311 209.6350589 -301.2240445
311 -22.86697108 95.32134554
311 -5.37481108 118.8340155
311 -38.77845108 239.8808855
311 28.80888892 97.46996554
311 153.3751889 202.8392255
311 -168.2224411 21.73410554
311 -165.2464511 202.6418455
311 341.9267289 -264.8438345
311 -54.98418108 97.66734554
311 -4.26403108 63.07413554
311 -2.61038108 93.17048554
311 -18.93470108 315.2871355
311 71.02362892 270.3079755
311 20.87138892 60.42830554
311 120.9637389 239.8808855
311 281.4859689 239.0220555
311 224.4819689 138.0163055
311 -180.7901511 -64.91693446
311 -181.7829111 241.0064255
311 396.8277689 -256.2448745
311 5.74052892 39.59236554
311 309.1486289 365.5579755
311 244.4443089 94.82413554
311 285.4547189 92.17830554
311 -200.9646311 -99.80886446
311 -176.6925111 267.6621355
311 423.9481289 -258.8895945
311 100.3290689 42.23819554
311 -42.54536108 28.34869554
311 282.0288389 26.22984554
311 350.3608889 56.12994554
311 -217.5016611 -256.4102345
311 -263.2249711 -107.2513845
311 -130.6025711 278.0480955
311 -242.5076211 238.2272455
311 -177.1527011 321.0428855
311 -165.2464511 303.1835155
311 492.0777689 -197.3750845
312 -30.81105812 181.4117853
312 -1.706898117 157.5992853
312 -24.98639812 132.3498953
312 16.15248188 152.3076153
312 -66.52980812 147.6774053
312 8.747971883 112.5061453
312 -22.87355812 112.9508453
312 55.58206188 122.5613653
312 38.51360188 111.1832253
312 9.941441882 96.76449529
312 55.58320188 122.5636053
312 9.942011883 96.76560529
312 72.28388188 38.06006529
312 40.53388188 166.3829853
312 75.42695188 130.5011053
312 -26.52144812 85.85042529
312 107.3411819 -50.57535471
312 -4.031868117 64.68376529
312 144.1348019 163.2410553
312 -61.23870812 113.2804553
312 -128.9648081 35.91032529
312 106.5143519 -68.60009471
312 112.6328419 -29.40868471
312 -63.48043812 39.87907529
312 44.33727188 78.24365529
312 128.9212519 171.8400153
312 181.9200419 185.3987853
312 166.0456019 145.0509453
312 -121.1099981 146.7045953
312 -69.17507812 165.2071653
312 -228.1829981 -48.09376471
312 -174.0260881 -73.22918471
312 105.6875319 -82.32535471
312 93.45055188 75.10173529
312 -271.1777881 -84.47397471
312 85.92646188 178.4545953
312 291.0618019 186.0624853
312 211.0247719 203.2592853
312 208.9577119 95.11084529
312 -359.1523081 -75.87613471
312 -271.1783581 -84.47509471
312 -228.2662481 -106.3032147
312 -172.0422881 -111.5948847
312 -26.52144812 12.09782529
312 101.3880519 -116.7211847
312 -73.60358812 -136.2021947
312 75.42581188 130.4988653
312 -315.0358781 -108.4209447
312 94.11201188 198.7944353
312 296.3529019 193.9988653
312 263.2799819 230.3790753
312 295.6925819 39.21985529
312 -256.8275481 -116.3584447
312 -138.4264981 -124.9574047
312 -169.5150481 -136.5329247
312 100.0657019 -130.6106947
312 222.8494819 -137.7202547
312 -113.2551781 -145.8253547
312 -353.1991881 -128.7928047
312 291.0612319 186.0613653
312 355.3521419 228.2613453
312 340.0091519 16.06657529
312 -321.6504581 -147.4469847
312 -167.5306681 -151.7464647
312 -227.7233781 -158.0303147
312 91.13545188 -181.5441047
312 138.8431319 -134.4151947
312 215.5728719 -160.2109547
312 251.9525119 -145.9907147
312 -524.1861681 -188.9855047
312 -459.0319481 -189.6458447
312 261.8842519 173.1435553
312 384.3274219 16.72915529
312 322.1497719 14.74365529
312 369.6926619 -8.075534705
312 -331.5352881 -195.4324947
312 78.23701188 -253.6430647
312 208.2962619 -154.9204047
312 180.5150119 -203.8683247
312 225.1640119 -118.8698047
312 254.5989119 -153.2656447
312 -588.1822581 -213.9555647
312 -358.6567881 -194.7743847
312 -514.0989281 -213.9555647
312 -524.1855981 -188.9843947
313 118.1553047 30.64359864
313 231.9255747 76.28310864
313 87.0661947 19.39768864
313 24.8891147 104.7258186
313 -0.9077653028 -4.414811363
313 108.2334347 -35.50223136
313 -45.5561953 168.2258186
313 22.2432847 -13.01376136
313 -114.6785953 -11.69085136
313 -69.1206553 24.85472864
313 57.8793447 -18.80152136
313 273.5153347 -112.7274914
313 -59.4468253 194.0226886
313 38.0361647 -18.80041136
313 56.6391147 -5.076261363
313 -171.2332853 -34.84189136
313 -123.4423753 33.22645864
313 -115.3400553 92.81956864
313 407.9812147 -51.53365136
313 215.3069947 -144.4774914
313 319.8168447 -140.5098614
313 -49.6897453 -32.52567136
313 -228.1186953 -35.50335136
313 -125.2619253 47.17893864
313 -245.9775053 -16.98140136
313 -45.5556353 168.2269386
313 -143.7827653 138.4601886
313 494.4424147 -5.571241363
313 159.9742447 -155.6714914
313 107.3314447 -239.5508914
313 654.3574847 -225.6602714
313 -91.3621853 -34.84189136
313 -249.2853653 -36.82626136
313 -222.0002053 -41.78720136
313 -316.0920953 -22.27306136
313 -272.4364053 -35.50335136
313 -91.1973853 170.8705286
313 75.4912447 178.8102686
313 85.1121047 113.5255086
313 -241.4299853 55.28292864
313 -180.1362553 121.2979686
313 -158.3348453 165.5799886
313 537.5187547 18.40438864
313 105.8839147 -156.2291214
313 723.3145147 -202.1785014
313 -221.9996453 -41.78608136
313 -219.5197453 -52.70126136
313 -210.4330153 -57.24938136
313 -338.2509453 -26.24181136
313 -310.4702653 -16.32106136
313 -329.6531153 -39.47322136
313 -314.4390153 -62.62314136
313 -59.4473853 194.0215786
313 113.8552547 179.4706086
313 99.6105447 105.7186586
313 135.2990147 -28.11310136
313 -214.6414853 117.4588886
313 -166.2723453 176.8247786
313 553.3943247 25.68154864
313 -51.3439553 -86.10491136
313 26.7001247 -152.8833214
313 876.8474447 -88.75074136
313 -160.4845853 -43.77158136
313 -195.0457853 -85.11272136
313 -202.3218253 -81.14397136
313 -356.1108853 -26.24293136
314 -26.42753183 54.41233671
314 -105.0585018 84.27594671
314 49.67664817 46.60930671
314 -167.9442818 81.99508671
314 128.8862882 99.52596671
314 -44.41636183 12.87380671
314 101.2703982 -1.677153293
314 135.0042082 32.05609671
314 -86.09900183 174.3335567
314 -179.8499618 80.67328671
314 158.8172782 106.8020067
314 92.50550817 123.3373467
314 187.9208782 25.44151671
314 -72.03225183 -4.324103293
314 -42.60368183 -3.551143293
314 159.4781682 -10.27723329
314 187.9214382 25.44263671
314 -108.4042918 192.7354267
314 202.4516682 120.5347867
314 147.2860382 123.5774967
314 176.6760782 96.21755671
314 90.52113817 152.4415167
314 205.7808182 -25.48965329
314 -36.97439183 34.04159671
314 -90.55308183 -25.49077329
314 -90.55252183 -25.48965329
314 174.6917082 -34.08973329
314 135.0047782 32.05721671
314 220.3323282 26.76443671
314 -171.5817318 176.9154767
314 -140.8239218 215.2800567
314 224.9631082 129.2915967
314 169.6948682 123.8654567
314 121.4084082 123.8654567
314 220.3317682 26.76331671
314 73.32321817 182.2071467
314 221.4898882 -43.35015329
314 -88.56871183 8.905056707
314 -158.6821618 -57.23853329
314 217.0256082 -55.25528329
314 293.7547782 26.76555671
314 -163.3135018 237.1081867
314 309.4638382 137.8894367
314 -188.6142818 -67.16265329
314 -246.8226218 -120.0793133
314 247.4521282 -94.28244329
314 323.5198282 22.79568671
314 -224.3330318 -75.76160329
314 -189.7718318 -38.38921329
314 -367.4560818 -176.1379133
314 -303.7080318 -61.20952329
314 -262.5316818 -133.9688233
314 -246.8226218 -133.9699433
314 269.2808182 -121.4011133
314 224.9625382 129.2904767
314 340.3511182 22.00087671
314 -258.7288718 -73.77723329
314 -245.3343318 5.267036707
314 -186.4645418 72.07432671
314 -417.7269118 -195.3202033
314 -361.1511318 -28.08696329
314 -286.5101218 -157.7824433
314 -226.9788718 -161.0897333
314 343.3276782 -131.9535533
314 235.3805082 -153.8136933
314 191.8537182 -104.1723033
314 114.4995682 202.7134667
314 392.3114982 15.51964671
314 327.7094682 47.25627671
314 -303.7086018 -61.21064329
314 -259.8858518 15.85148671
314 -167.9437118 81.99620671
314 -466.0128018 -222.4388733
314 -294.2822518 37.67849671
314 -411.8956718 19.86941671
314 -336.1194918 -199.4543133
314 -252.7751718 -158.4427833
314 -206.4730918 -184.2396533
314 232.8641382 -198.0993833
314 369.1245482 -141.8754233
314 250.0979582 -159.7668133
314 217.5211382 -147.1991033
315 179.9837129 -66.07894632
315 118.4680829 -68.06331632
315 213.4781229 -56.47544632
315 -14.48503711 -91.87581632
315 391.8625229 31.02208368
315 193.6343729 -44.56919632
315 -30.14789711 -98.62375632
315 -8.531917106 -75.33935632
315 184.3739529 -16.78794632
315 -35.43956711 -25.20187632
315 -73.35482711 -113.0424863
315 69.52017289 -17.13102632
315 168.2896029 2.579373684
315 -22.21039711 1.256453684
315 -86.58399711 -123.6258163
315 -118.2513171 -76.82763632
315 185.6968729 36.12872368
315 -16.91872711 33.00645368
315 -145.3711071 -113.8693063
315 -130.1575671 -68.22868632
315 14.16981289 66.07937368
315 -149.3392871 -138.3421463
315 -59.46420711 32.47835368
315 -184.3971471 -6.713056316
315 30.04481289 77.98562368
315 9.989482894 79.77374368
315 20.73762289 40.41585368
315 -111.0579571 34.79345368
315 -48.21941711 58.60595368
315 -231.3606871 13.79215368
315 -156.0371171 39.42366368
315 -111.0585171 34.79233368
315 9.988922894 79.77262368
315 -346.5371271 26.19449368
315 118.8455929 127.7603637
315 95.85991289 130.7369237
315 44.92762289 128.7525537
315 29.05262289 125.4452637
316 80.31841493 44.99361918
316 69.07361493 60.20715918
316 85.61007493 23.82694918
316 56.37645493 121.1946792
316 92.09577493 -15.06462082
316 62.99104493 41.81966918
316 156.7168449 0.6759091783
316 168.6230949 170.0092392
316 8.08999493 110.6113392
316 91.89393493 -28.42826082
316 -9.97065507 -31.07409082
316 156.7168449 -15.19909082
316 237.4147649 29.78007918
316 171.2689349 203.0821592
316 222.8626849 197.7904892
316 -26.96672507 106.6437092
316 3.58924493 64.17590918
316 -9.97065507 -46.94909082
316 96.06452493 -52.10629082
316 -0.3795050699 41.02486918
316 -110.5123151 -19.16784082
316 233.4460149 1.998829179
316 155.3939349 -36.36576082
316 255.9355949 41.68632918
316 241.3835149 201.7592392
316 220.2168449 214.9884092
316 -54.74797507 325.5864192
316 -62.02458507 106.6425892
316 -26.30583507 72.90821918
316 -16.25450507 50.28527918
316 -121.0956551 -70.76159082
316 -9.97065507 -62.82409082
316 103.3399949 -69.30533082
316 -202.1242951 -14.53763082
316 229.8079949 -9.245970822
316 199.0501849 -80.02201082
316 22.64265493 379.1645392
316 -71.78109507 316.4902492
316 -194.9771451 41.15932918
316 -49.98888507 33.08736918
316 -90.66856507 -69.43868082
316 -196.5019051 -83.99076082
316 -77.43940507 -85.31368082
316 -8.44589507 -124.8667108
316 108.6316649 -88.48762082
316 179.4082749 -91.79379082
316 -291.4211751 -60.17826082
316 -64.54096507 31.76444918
316 224.5163249 -44.30326082
316 273.1335149 -52.24076082
316 110.4147649 -115.7407608
316 221.5397649 -131.6157608
316 -116.3468551 297.8040492
316 -225.2753351 23.82694918
316 -162.1060651 -99.86576082
316 -236.1894051 -81.34493082
316 -181.9498151 -117.0636808
316 -81.20687507 -128.8365808
316 18.01244493 -118.2521208
316 0.6126849302 -180.5636808
316 -364.5123151 -94.57409082
316 108.6322349 -88.48650082
316 114.3835149 -183.2095108
316 22.11007493 -167.9959708
316 241.3835149 -181.8865908
316 -233.4244051 228.3520392
316 -306.3039851 -19.16784082
316 -255.9145551 29.58269918
316 -304.9810651 -89.28243082
316 -211.0539851 -136.9074308
316 -253.8475051 -169.1855308
316 -19.23106507 -191.1470108
316 -395.2701351 -66.13138082
317 50.04659686 24.429474
317 14.98873686 -13.936226
317 -1.547723143 -0.707066
317 -3.532093143 -35.102896
317 42.60462686 3.261684
317 -71.66117314 -66.850656
317 136.6976369 36.997184
317 -101.5932931 -76.774776
317 -159.8016331 -129.691436
317 -3.531533143 -35.101776
317 0.921986857 164.721434
317 60.59345686 44.800214
317 215.9072769 89.913844
317 188.2913869 -11.289276
317 222.0251969 22.443974
317 -137.3120431 -85.373726
317 -102.7508431 -48.001336
317 -216.6870431 -70.821646
317 -280.4350931 -185.750036
317 -175.5106931 -143.580946
317 -159.8016331 -143.582066
317 44.41730686 -13.163266
317 -21.38330314 183.123304
317 -18.03751314 74.663824
317 179.5264969 113.725224
317 245.8382669 97.189884
317 274.9418669 15.829394
317 246.4991569 -19.889356
317 274.9424269 15.830514
317 -171.7078831 -83.389356
317 -99.44355314 62.462204
317 -158.3133431 -4.345086
317 -274.1301431 -37.699086
317 -330.7059231 -204.932326
317 -199.4891331 -167.394566
317 -139.9578831 -170.701856
317 -53.80293314 205.667934
317 -84.56074314 167.303354
317 -80.92329314 72.382964
317 177.5421269 142.829394
317 234.3070269 113.965374
317 289.4726569 110.922664
317 263.6970669 86.605434
317 292.8018069 -35.101776
317 261.7126969 -43.701856
317 222.0257669 22.445094
317 307.3533169 17.152314
317 -216.6876131 -70.822766
317 -80.92272314 72.384084
317 -172.8648631 6.239364
317 -324.8746831 10.257294
317 -207.2612631 28.066374
317 -378.9918131 -232.050996
317 -249.0985031 -209.066436
317 -165.7541831 -168.054906
317 -119.4521031 -193.851776
317 -76.29251314 227.496064
317 -92.82897314 71.061164
317 160.3442069 172.595024
317 256.7158569 114.253334
317 208.4293969 114.253334
317 311.9840969 119.679474
317 307.3527569 17.151194
317 308.5108769 -52.962276
317 304.0465969 -64.867406
317 380.7757669 17.153434
317 -213.2143931 -32.126336
317 -301.5190731 21.782524
317 -357.7430331 39.641894
317 -481.1882631 -69.995946
318 -125.875518 7.672916
318 -55.760938 6.349996
318 6.416142 -6.879164
318 63.301562 -6.879164
318 111.918752 -0.2645839998
319 -4.830262625 -131.6480654
319 117.7881374 -131.4815854
319 -52.45470263 -72.77715538
319 -97.76459263 -130.3240354
319 16.33696737 -152.1521554
319 162.0151674 -129.3029654
319 -59.73074263 -61.53236538
319 -43.85574263 -99.23549538
319 -179.1239726 -39.04278538
319 -140.1806126 -131.4815854
319 241.1989574 -132.6487654
319 -56.29788263 -86.50468538
319 -75.11797263 -33.66902538
319 -194.3380726 -15.89286538
319 -137.1213626 -11.92299538
319 -257.5067826 -86.00632538
319 83.97108737 -62.52455538
319 295.2892874 -132.0911354
319 -67.00678263 -57.56361538
319 -86.68516263 -18.20684538
319 -202.9364726 -2.662575375
319 -229.0635126 -39.70312538
319 -180.7770526 1.307294625
319 -110.6624626 6.598954625
319 -113.9703226 -13.24590538
319 53.54343737 -37.05952538
319 350.6220374 -120.8971354
319 -84.20470263 -29.12090538
319 -92.80365263 -11.92299538
319 -222.1187626 37.02492462
319 -267.9193426 -73.53973538
319 -251.2229326 -6.631325375
319 -202.9359026 -2.661455375
319 -175.1552226 7.259294625
319 19.97498737 116.3999246
319 -86.68460263 -18.20572538
319 27.74712737 -10.26934538
319 43.95341737 -11.26041538
319 242.6464874 -215.9705354
319 408.8303774 -89.14713538
319 -35.91824263 -11.26153538
319 -252.3056326 -34.50547538
319 -272.3804026 25.71881462
319 -220.7958426 -2.662575375
319 -106.1149426 78.86328462
319 -187.0614726 30.41034462
319 -8.467722625 162.0405446
319 89.75940737 191.8072946
319 66.19438737 48.43508462
319 -25.16954263 -20.19122538
319 13.85649737 9.243674625
319 543.2962574 -27.95329538
319 455.1318874 -116.9295054
319 243.5484774 -11.92187538
319 20.63644737 11.88950462
319 -276.2838226 -11.64255538
319 -273.7946326 85.47786462
319 -251.2223626 -6.630205375
319 -197.6448026 44.30096462
319 -44.82121263 144.8783246
319 -23.01980263 189.1603446
319 44.11765737 194.4508846
319 210.8062874 202.3906246
319 220.4271474 137.1058646
319 11.87266737 56.80681462
319 134.4072774 19.16554462
319 55.19707737 -49.62723538
319 629.7574574 18.00911462
319 789.6725274 -202.0799154
319 193.1943874 4.778834625
319 222.3812374 42.97804462
319 -382.1916826 -30.44382538
319 -287.1897226 98.54054462
319 -211.6169826 72.24981462
319 -79.32644263 141.0392446
319 -30.95730263 200.4051346
319 75.86765737 217.6019346
319 249.1702974 203.0509646
319 234.9255874 129.2990146
319 270.6140574 -4.532745375
320 -30.40531213 17.02596713
320 -40.98864213 46.13012713
320 -221.2025621 -33.89633287
320 57.56864787 48.11450713
320 -22.46781213 5.781177128
320 -72.73864213 83.17179713
320 -256.6240621 31.57804713
320 -273.1338021 -47.09980287
320 93.61812787 50.09887713
320 -7.915732129 -21.33862287
320 -84.23148213 80.52596713
320 36.15392787 103.0155471
320 -222.8896921 45.46867713
320 -317.4515121 36.24394713
320 -330.1286221 -43.66283287
320 -220.3265321 -52.92325287
320 142.5660379 53.40617713
320 76.41964787 34.22276713
320 124.6245479 76.06223713
320 -44.26922213 -38.50084287
320 20.52697787 -66.97924287
320 -105.5629521 -104.5158829
320 44.66964787 11.07171713
320 -183.2021921 67.95825713
320 72.14744787 114.9574871
320 -203.7073921 46.79158713
320 -259.2698921 46.79158713
320 -384.6156821 42.16249713
320 -143.5973721 -75.41283287
320 206.6201079 38.90502713
320 244.6792379 117.4033871
320 186.1396079 130.3007071
320 157.7795879 63.32804713
320 -78.77445213 -42.33992287
320 90.31139787 8.428127127
320 66.74637787 -134.9440829
320 -110.1104721 -176.7802129
320 -174.6032321 -176.1198729
320 -191.1129721 51.45748713
320 136.0341379 126.1665871
320 -231.7361321 87.80312713
320 -302.2646921 53.40617713
320 -443.4860421 23.64054713
320 -187.2536221 -92.61075287
320 242.4462479 44.80721713
320 235.3355779 123.8514871
320 283.6220279 115.9139871
320 431.8725179 186.1961671
320 205.3218979 146.1757071
320 304.6233379 74.57283713
320 211.3582779 19.01145713
320 220.9791379 -46.27330287
320 12.42465787 -126.5723529
320 134.9592679 -164.2136229
320 -136.5693721 -195.3021629
320 -180.2250621 -182.0718729
320 -92.25166213 -195.3021629
320 -186.5094821 -152.9688229
320 165.1383079 133.4426271
320 -362.0434221 64.65208713
320 -500.3714621 5.781177128
320 -475.1533621 62.00512713
320 -435.1910921 17.72311713
320 -211.0649921 -111.1293529
320 280.5068179 44.18144713
320 186.1407379 130.3029371
320 431.8713779 186.1939371
320 465.6057579 196.1158071
320 225.8271079 158.0819571
320 393.2593179 106.3239571
320 249.7222879 19.67179713
320 235.4775779 -54.08015287
320 271.1660479 -187.9119129
320 21.18843787 -171.4896629
320 10.60510787 -112.6198729
320 222.9332279 -140.4011229
320 158.1103179 -172.8125729
320 -178.5719821 -222.4219529
320 -113.4183321 -196.6250729
320 -193.7860821 -199.2720329
320 -202.3839121 -186.0406229
320 -86.13317213 -201.5860129
320 -35.36625213 -194.6407029
320 -197.0928121 -139.0782029
320 -303.8356521 74.57283713
320 -404.3773221 67.95825713
320 -502.9340421 92.43333713
320 300.3505679 47.48873713
320 532.0828879 203.0622371
320 473.5432579 206.6991471
320 259.5614879 177.9257071
320 467.3420879 126.1665871
320 287.4254179 13.05721713
320 263.9436479 -125.8490329
321 -475.2746269 -88.77404912
321 -504.3787969 -92.74279912
321 -422.3579569 -76.86779912
321 -387.3006669 -76.20633912
321 -368.1183769 -78.85216912
321 -302.6339969 -45.77925912
321 -361.8350869 -81.16838912
321 -319.1704569 -32.55008912
321 -297.3417669 -33.21042912
321 -294.6964969 -19.32091912
321 -268.0733769 17.55426088
321 -210.1951969 40.70642088
321 -151.3248369 53.60598088
321 -12.74988692 81.71684088
321 39.63477308 81.25276088
321 57.94404308 106.5226409
321 -73.47459692 48.84130088
321 88.12251308 95.93819088
321 -70.62692692 6.311700879
321 -114.6144669 27.80798088
321 -222.5975469 -30.56570912
321 -117.2603069 -13.20242912
321 -70.46155692 42.19582088
321 -234.5037969 -48.42508912
321 -118.2524869 -35.36128912
321 -3.572156922 58.89652088
321 -290.7277469 -67.60737912
321 -102.7082169 -46.27534912
321 -167.2004069 -72.07222912
321 72.49555308 72.12569088
321 -101.7160369 -70.41857912
321 -183.7368669 -94.23107912
321 90.35493308 73.44861088
321 -108.3306169 -79.01753912
321 -235.3306169 -100.1841991
321 252.8256331 99.90694088
321 89.03201308 33.76111088
321 -106.3462369 -93.90034912
321 -181.0904669 -139.2091291
321 -245.7485869 -101.3417591
321 44.05341308 16.56431088
321 173.0377931 60.88202088
321 -176.7915569 -132.5956591
321 -189.3581269 -155.0830091
321 -290.7271869 -67.60625912
321 12.51498308 -29.87223912
321 216.6934731 45.66736088
321 241.8288931 87.33923088
321 -186.1242169 -170.9785091
321 -35.06602692 -79.99737912
321 -334.3840069 -82.15945912
321 45.62125308 -36.19966912
321 -45.69334692 -20.61181912
321 262.3346631 51.62160088
321 252.8262031 99.90806088
321 -225.8122769 -251.0160791
321 -361.8345269 -81.16727912
321 60.59149308 -44.90329912
321 323.1882631 109.1673609
321 294.9576931 55.45588088
321 285.8985531 110.4902709
321 -248.9633269 -316.5004591
321 -439.4726269 -141.1934991
321 79.04320308 -48.73289912
321 437.6205531 127.0267309
321 346.2207131 93.15901088
321 343.9056131 63.39338088
321 334.4330531 152.8236109
321 -499.0044469 -182.2050391
321 96.82108308 -48.13396912
321 161.9017831 0.007450879319
321 458.7872231 136.2871509
321 563.0501631 121.7361809
321 434.7266731 163.7376709
321 427.4512031 227.5695209
321 -568.6975369 -254.9530991
321 150.7960831 -38.60896912
321 577.9324031 144.8861109
321 414.2214731 19.87048088
321 608.6902231 126.3652709
321 462.7559731 159.4381909
321 414.8829231 231.2064209
321 458.5391731 221.9460009
321 486.9818831 275.1934009
321 -557.4527469 -206.0051891
321 -602.4319069 -285.3801891
321 187.8377531 -12.15063912
321 546.5131331 197.8027709
321 104.7884231 -74.85140912
321 347.1169231 18.54103088
321 536.5912631 319.5111109
322 296.9896604 30.83382118
322 334.0307604 39.43166118
322 316.6674804 8.343121177
322 269.0430404 55.30778118
322 258.6245104 22.23374118
322 193.6362304 46.70770118
322 248.6252504 72.39934118
322 108.6388304 50.34572118
322 173.7924804 143.9420712
322 62.66747044 54.64520118
322 149.9799804 157.8327012
322 46.62295044 16.07848118
322 -9.136659558 66.41810118
322 144.9056404 171.3790812
322 44.14608044 -9.517378823
322 -103.0637396 98.82956118
322 151.0396004 183.0893612
322 42.82429044 -37.29638882
322 -70.78173956 145.9264512
322 -186.3710196 -18.44482882
322 180.4070604 186.2754112
322 134.1049804 181.6452012
322 44.80810044 -59.12562882
322 17.85367044 199.5045712
322 -133.6202896 132.0358212
322 -102.2648796 -45.26106882
322 -305.4340896 -78.63864882
322 -48.78824956 19.25718118
322 -201.2543996 -147.7610488
322 96.56721044 210.7493712
322 -173.3072196 151.8806912
322 -308.9067396 8.343121177
322 -171.1580496 -86.57614882
322 -65.32470956 -19.10739882
322 -270.0460696 -186.1256288
322 -191.0850496 -191.2530488
322 -18.03043956 -57.14125882
322 123.6870104 222.6556212
322 93.34261044 308.1491112
322 -216.9640396 140.6347812
322 -491.4692496 -94.84437882
322 -141.4756696 -166.7790988
322 -248.8793996 -220.5214688
322 14.83791044 -86.52585882
322 42.82372044 -37.29750882
322 103.0832204 209.8557112
322 -577.4588296 -149.0839688
322 -135.5219796 -190.5904788
322 38.19352044 -75.00062882
322 65.58245044 -134.4822388
322 262.5938204 237.8702812
322 95.90576044 200.8274912
322 -613.8390396 -181.4954288
322 -151.8941496 -271.1021588
322 30.25602044 -53.17250882
322 104.3393504 -30.68292882
322 65.58245044 -88.75638882
322 132.4513304 -68.71677882
322 123.0255504 -167.6047988
322 308.8959104 245.8077812
322 -752.7452896 -254.2558388
322 -158.0115596 -344.0488088
322 171.9740304 -20.09846882
322 166.8477304 -90.54378882
322 179.9109604 -226.4745888
322 349.9057604 253.7441612
322 -156.0271896 -389.6894388
322 213.6453404 5.035821177
323 182.989639 35.60703319
323 213.417289 42.22273319
323 173.067759 28.99244319
323 126.683569 37.42715319
323 152.479869 26.84270319
323 88.97986899 -12.18333681
323 169.678359 62.56257319
323 116.100229 27.50528319
323 116.099669 27.50416319
323 84.35022899 -5.567636812
323 93.69219899 -17.80684681
323 150.495499 63.88437319
323 259.636119 90.34270319
323 86.99549899 12.29062319
323 90.30278899 26.84270319
323 50.28512899 -16.81242681
323 73.76632899 2.368743188
323 124.037169 10.96770319
323 97.49614899 -25.24713681
323 53.17786899 -33.02038681
323 122.714249 63.88437319
323 298.663299 94.97515319
323 61.19861899 8.321873188
323 49.29293899 32.13549319
323 52.51697899 -27.39687681
323 -89.20103101 -96.35502681
323 64.17518899 1.707293188
323 56.65052899 -50.38367681
323 100.886119 -35.99583681
323 55.32817899 -47.07526681
323 90.30278899 69.17604319
323 64.17574899 1.708403188
323 -1.014371014 122.1247232
323 87.24354899 -10.03359681
323 -137.569041 -121.9842968
323 -16.52273101 -0.9385468119
323 57.80864899 -56.66640681
323 103.283339 -44.92663681
323 -187.839871 71.82299319
323 95.92574899 144.5834032
323 -231.496691 -166.3031268
323 -106.481061 -20.12083681
323 63.06494899 -62.37034681
323 110.807999 -69.73020681
323 -238.111271 57.26979319
323 -219.011101 142.7643932
323 25.11323899 224.6507632
323 -216.282011 -184.8217268
323 -283.089871 -184.8228468
323 -140.214871 -48.56242681
323 -88.53844101 -112.2277868
323 71.03837899 -73.20174681
323 140.490939 -126.1195368
323 139.333389 -6.726306812
323 -257.210881 41.22942319
323 -239.432491 178.9814732
323 -234.886101 142.1029432
323 -174.316451 159.8278432
323 64.13927899 219.3590932
323 -2.668011014 228.6195132
323 -30.99213101 290.5992132
323 -295.657581 -212.6040968
323 -209.007111 -203.3447968
323 -146.085881 -149.9320368
323 -216.283151 -184.8239568
323 -307.564401 -188.1312568
323 -173.949251 -70.39054681
323 -159.314481 -22.93091681
323 -75.14504101 -101.6466968
324 -159.7423963 -82.68270625
324 -51.92412625 -54.23888625
324 -54.57052625 -68.13062625
324 155.1123337 70.77674375
324 -43.98662625 -2.64513625
324 175.6169737 113.1089537
324 -54.57052625 -10.58375625
324 34.06489375 34.39541375
325 -158.1016114 -61.82571081
325 -123.7052114 -55.21001081
325 -49.62187135 -45.94959081
325 -62.27283135 -25.61086081
325 -47.72075135 -69.26711081
325 -62.93429135 -0.4754508107
325 16.65284865 1.044849189
325 -53.67444135 81.54426919
325 38.48097865 -52.53328081
325 -7.371791352 184.0714292
325 -13.77423135 -125.9551508
325 51.04867865 -32.02807081
325 51.49799865 207.8839292
325 -108.1609414 -160.7126108
325 83.24799865 234.3422592
325 -86.33338135 -158.0679008
325 -99.89327135 -175.5965408
325 -138.1284014 -82.29890081
325 184.4511286 276.0141392
325 38.93028865 233.0193392
325 1.641148648 -164.6813608
325 -81.37244135 -187.5027908
325 -146.7273614 -73.03849081
325 228.9809786 282.1646392
325 51.49913865 207.8861592
325 -32.42339135 233.1869492
325 25.78437865 268.9045792
325 147.1619786 -78.03032081
325 81.01557865 -150.1304008
325 -58.88286135 -235.1277908
325 -158.1010414 -61.82459081
325 263.3768086 284.1490092
325 259.4080586 260.9979692
325 78.82992865 201.4667192
325 -106.5078614 245.0909592
325 -77.40312135 194.8212392
325 46.41847865 279.5188092
325 176.2655786 -81.33873081
325 234.4739186 -21.14602081
325 133.2707886 -171.2970608
325 -83.55809135 -250.3093208
325 -189.8510414 -26.10584081
325 288.5122286 297.3781792
325 301.7413886 282.1646392
325 68.90805865 179.6385992
325 -122.3828614 -8.909040811
325 -89.30994135 222.6013792
325 257.6249586 -189.8179008
325 186.1874586 -172.6199808
325 -97.44871135 -257.5853608
325 -5.175271352 142.5969292
325 -123.7057714 -55.21112081
325 -128.9974414 -14.86217081
325 -106.5084214 245.0898392
325 233.8124586 -191.1408108
325 -100.7560014 -272.1374408
325 -167.3614614 -18.82980081
325 -110.4760414 258.3212392
325 257.6266586 -189.8145408
325 -125.8555114 -287.3830008
325 -106.7091314 -289.3353608
325 -88.84975135 -265.5228608
325 -245.9102014 71.12741919
325 -159.4245214 -27.42987081
325 -200.4349414 256.9972092
325 -118.4141114 272.8722092
325 194.9158686 -226.8275508
325 272.6372286 -223.8509908
325 323.1093286 -115.7345608
325 416.1736886 -148.4447408
325 -165.5430114 -288.7059208
325 -168.8862114 -335.6374408
325 -189.8516114 -26.10696081
325 -425.1648414 247.0764492
326 42.97196696 41.94638987
326 58.84696696 32.68597987
326 9.23758696 24.74847987
326 32.92063696 64.56932987
326 62.81571696 55.83701987
326 49.25581696 -39.41298013
326 -5.31449304 23.42555987
326 32.25974696 98.30481987
326 -51.28584304 -27.50673013
326 67.31646696 102.2724499
326 49.25581696 -55.28798013
326 151.322247 -23.40351013
326 -142.897823 -22.87652013
326 4.47849696 317.2475299
326 -2.79811304 98.30369987
326 -61.86918304 -79.10048013
326 115.602927 112.8557899
326 49.25581696 -71.16298013
326 151.120407 -36.76715013
326 144.836547 15.48805987
326 215.943317 -7.662980126
326 -232.194703 -68.51715013
326 81.86912696 370.8256499
326 -12.55462304 308.1513599
326 -135.750673 32.82043987
326 -137.275433 -92.32965013
326 -31.44209304 -77.77757013
326 128.300087 51.86826987
326 227.849567 161.6703499
326 -18.21293304 -93.65257013
326 155.290997 -60.44518013
326 50.78057696 -133.2056001
326 162.566467 -77.64422013
326 215.943317 -23.53798013
326 139.544887 36.65472987
326 122.217517 33.48077987
326 296.641237 21.44118987
326 -305.285843 -102.9129801
326 -57.12038304 289.4651599
326 -166.048863 15.48805987
326 -176.962933 -89.68382013
326 -102.879593 -108.2046501
326 230.495407 194.7432699
326 282.089157 189.4515999
326 -122.723343 -125.4025701
326 214.620407 -44.70465013
326 59.83915696 -188.9025701
326 77.23891696 -126.5910101
326 -21.98040304 -137.1754701
326 238.634747 -100.1326801
326 167.858137 -96.82651013
326 292.672487 -6.340060126
326 315.162067 33.34743987
326 -245.754593 -97.62132013
326 -357.871783 -130.0327701
326 -336.043663 -74.47027013
326 -400.535843 -122.7567301
326 -174.197933 220.0131499
326 -247.077513 -27.50673013
326 -196.688083 21.24380987
326 279.443317 206.6495199
326 300.609987 193.4203499
326 -151.827513 -145.2463201
326 258.276657 -88.36090013
326 289.034467 -17.58486013
326 39.99540696 -199.4859001
326 81.33654696 -176.3348601
326 167.858707 -96.82539013
326 -194.621033 -177.5244201
326 -252.038453 -139.2931901
326 -334.059283 -136.6473601
326 -434.931683 -125.4025701
326 -355.887413 -83.06923013
326 -190.073503 221.0042199
326 -176.844333 227.2880799
326 -107.308533 206.7828699
326 -254.684283 22.10263987
326 -199.333353 49.68762987
326 280.766237 -139.9546501
327 -64.13738369 -6.654651785
327 -112.4232737 -17.89832179
327 30.45115631 -4.008821785
327 -74.14194369 16.82711821
327 -144.1738437 -31.79007179
327 -49.00652369 14.18128821
327 -92.74488369 49.07432821
327 -190.4759237 -51.63382179
327 -89.47407369 -49.78279179
327 174.5663963 48.57711821
327 -41.06902369 51.22294821
327 -97.37566369 64.94820821
327 -124.8620937 51.42032821
327 -72.48829369 46.92346821
327 -200.3978037 -46.34215179
327 -161.3717637 -68.17028179
327 -39.41537369 -78.75361179
327 215.5768063 45.93128821
327 212.1509263 -20.01717179
327 27.72264631 141.1812882
327 -152.5247537 37.66305821
327 -98.03655369 82.80870821
327 -75.25272369 72.58699821
327 -238.1009237 -24.51403179
327 -91.91806369 -99.25770179
327 5.315746311 -79.41507179
327 -19.57162369 -88.67548179
327 -161.3711937 -68.16916179
327 154.6040563 91.76928821
327 280.4829763 9.882928215
327 237.0742063 -77.43069179
327 83.49727631 156.5922082
327 -167.0774037 15.83381821
327 -97.41157369 107.6442882
327 -196.4284837 42.29437821
327 -231.4863437 -108.5192318
327 93.28969631 -64.20153179
327 2.256496311 -101.9046518
327 355.8886563 25.09534821
327 228.8886563 4.590138215
327 51.08582631 193.6338682
327 211.6080563 192.7750382
327 -179.6445437 29.06409821
327 -112.4238437 -17.89944179
327 -194.1966337 2.605768215
327 -108.6563637 193.6338682
327 -218.1277237 53.40470821
327 -250.6686337 -111.1650718
327 122.1925963 -69.62654179
327 419.3886563 29.06409821
327 -194.1960637 2.606878215
327 -88.81261369 269.0401182
327 1.145716311 224.0609582
327 -226.8561337 -13.93069179
327 -224.5410337 108.7698282
327 70.59884631 -100.0536318
327 531.0097563 -3.181991785
327 -200.3972337 -46.34103179
327 239.2707163 319.3109582
327 -238.1003537 -24.51291179
327 -235.1243637 156.3948282
327 50.09363631 -88.80883179
327 73.03253631 -115.7952818
327 584.5884463 0.126418215
327 -204.1185037 -72.13903179
327 -250.6680637 -111.1639518
327 -251.6608237 194.7594082
327 136.0832163 -193.3192518
327 64.64571631 -148.3400818
327 570.0363663 -36.25379179
327 623.1178263 6.574518215
327 -245.1289237 -123.7327818
327 -270.8425437 -146.0558818
327 -246.5704237 221.4151182
327 10.40613631 -189.3505018
327 27.60404631 -150.9859218
327 537.6249063 -81.23296179
327 441.0514163 -64.03616179
327 628.4094963 75.36617821
327 629.5670463 -36.25491179
327 -245.2475137 -219.1161318
327 -333.1028837 -153.4984018
327 -287.3795737 -302.6572518
327 -235.1243637 256.9364982
328 -142.3751386 137.0371943
328 -201.9063886 141.0059443
328 -53.73914855 128.4393543
328 -35.88034855 117.8549043
328 -39.84909855 171.4330243
328 -33.89596855 91.39656434
328 10.42287145 77.50818434
328 -54.39947855 10.37127434
328 15.80684145 32.17181434
328 55.40090145 71.22209434
328 -40.98193855 17.20817434
328 -75.56784855 -14.43676566
328 -221.0881086 -9.474705663
328 -236.9636786 13.01375434
328 18.35924145 4.084064337
328 64.66189145 43.44195434
328 105.9052614 82.41480434
328 64.66132145 128.1075043
328 -118.5626386 -30.97322566
328 -307.0782586 -21.38207566
328 -175.4480586 -68.67634566
328 -260.7761786 38.14917434
328 -303.4402386 9.045004337
328 83.18272145 44.76487434
328 44.03752145 -18.20813566
328 126.8389714 231.2961243
328 -175.4474886 -68.67522566
328 -154.9428486 -92.81957566
328 115.5936114 77.50594434
328 207.4542114 54.19065434
328 36.21804145 -52.80246566
328 167.1873614 231.6257343
328 64.54273145 223.2241543
328 133.9958614 243.0679043
328 -219.7657586 -93.81176566
328 124.1925714 102.6413643
328 228.7029914 71.55281434
328 149.2453014 17.14787434
328 96.32921145 -31.79892566
328 -41.45596855 -54.34029566
328 27.61965145 -74.29874566
328 194.8865014 224.8469043
328 -290.5412386 -143.4200257
328 126.8384014 142.9903143
328 242.5115014 81.97190434
328 301.4645414 74.20088434
328 120.2238214 -17.08259566
328 4.184661446 -125.1163357
328 -55.72409855 -57.10082566
328 -292.5261786 -157.9732257
328 380.0937014 155.3915443
328 177.7712614 10.69977434
328 -140.4728786 -248.0958057
328 -316.4213586 -147.5552557
328 -247.5470086 -189.0617657
328 -296.4943586 -176.4929357
328 336.4385814 156.0552343
328 426.3963514 155.3926643
328 226.7186114 47.74031434
328 208.8592414 19.95906434
328 135.4373614 -28.32738566
328 -213.2338586 -210.3937957
328 -162.3009986 -263.3093457
328 -358.9559686 -133.0538357
328 -232.3329086 -155.3262757
328 -317.6615986 -200.9680157
328 317.9171814 159.3614143
328 456.8240014 158.7010743
328 173.8019514 -13.11384566
328 233.3332014 25.91219434
328 242.5941814 58.32477434
328 122.8702214 -34.94085566
328 -200.3505186 -200.6904857
328 -373.2235286 -381.5450257
328 -188.0157586 -261.1607257
328 -409.2267986 -105.2725857
328 -143.7807386 -152.1854657
328 -211.8282586 -113.6555157
328 -326.2605586 -240.6555157
328 473.3598914 158.6999543
328 476.6677514 191.7739843
328 301.4634014 74.19865434
328 49.44778145 -118.9471857
329 173.2464952 -59.24774881
329 184.4912852 -80.41441881
329 110.9867252 -6.49644881
329 252.6214952 -113.4873288
329 267.5950752 -125.3812288
329 349.1949752 -57.26225881
329 304.2620252 -140.8231588
329 309.5069152 -165.0810788
329 315.4600352 -30.80503881
329 400.1267052 -5.669628809
329 406.0803952 -111.5018388
329 347.6315352 -133.9801888
329 339.6940352 -159.1156088
329 335.3037852 -178.9717088
329 228.1475352 0.9449611907
329 276.4339952 -1.039418809
329 443.1214952 -2.362328809
329 566.1527452 75.68975119
329 378.2991452 -137.2987188
329 369.4596552 -169.0374788
329 154.0642052 17.48142119
329 169.9392052 24.75746119
329 379.6682752 8.004971191
329 574.7517052 89.58037119
329 27.77243524 52.32268119
329 154.0636352 17.48030119
329 180.5693152 31.81747119
329 214.9651452 25.86434119
329 110.9872952 -6.495328809
329 276.3524452 87.43287119
329 118.5575952 44.46786119
329 24.52609524 -52.45773881
329 171.3088952 101.2705912
329 437.7477152 197.8952912
329 -109.9397848 -113.6515788
329 103.8401452 101.2705912
329 538.9508352 270.3249812
329 -168.1481248 -145.4015788
329 -63.63827476 -141.4339488
329 -275.2216848 -36.42631881
329 681.8252752 336.1389712
329 565.4091752 293.1452912
329 -223.4808748 -156.5955788
329 -276.1236748 -240.4749788
329 270.9023652 -226.5843588
329 -296.3889248 18.47360119
329 -325.5757748 -19.72560881
329 730.7731852 355.9827212
329 -277.5712048 -157.1532088
329 339.8593952 -203.1025888
329 -384.3628848 -5.338898809
329 -358.5660048 103.8017312
329 -265.2998148 29.71951119
329 -345.4189548 -19.72449881
329 795.8909252 409.7582212
329 -356.7549948 -153.8074088
329 -434.7990748 -87.02899881
329 493.3923252 -89.67482881
329 -361.2118348 -13.93784881
329 -498.1337148 -12.61493881
329 -452.5757748 23.93064119
329 -429.0113148 167.3017312
329 -151.5295448 75.35902119
329 -433.1448648 -33.44975881
329 865.7106852 379.1337612
329 801.5497952 413.5307112
329 -400.9820248 -155.9860288
329 -465.2267248 -61.56396881
329 -326.8160048 -6.000348809
329 -554.6884048 -35.76597881
329 -506.8974948 32.30237119
329 -498.7951748 91.89548119
329 -442.9019448 193.0986012
329 -474.8173048 -35.76597881
329 -523.6004248 -156.1525088
329 -491.0230348 -34.77378881
329 -474.8167448 -35.76485881
329 -611.5738148 -36.42743881
329 -508.7170448 46.25485119
329 -629.4326248 -17.90548881
329 -429.0107548 167.3028512
329 -527.2378848 137.5361012
329 -616.5347548 -154.8284788
329 -571.2248648 -97.28159881
330 -116.9383986 30.30266228
330 -99.73991861 30.96523228
330 -112.2449786 -12.82959772
330 -213.5118886 40.88487228
330 -71.95923861 25.01099228
330 -73.52962861 -5.249607722
330 -109.0008986 -41.13483772
330 -131.2044786 -16.17538772
330 -89.07446861 -9.880937722
330 -16.39616861 8.475652278
330 -67.24634861 -23.77155772
330 -161.2561086 34.93286228
330 -154.0673986 -26.21276772
330 217.4287814 80.90422228
330 -3.167568608 5.167242278
330 -152.3945086 -56.32491772
330 -58.64794861 -38.98621772
330 -217.6374786 -42.94173772
330 207.5895914 90.66073228
330 17.99966139 -0.1233077222
330 -161.9175686 -60.97858772
330 -44.75675861 -62.79760772
330 -16.06600861 -23.60619772
330 -103.3779386 -64.61549772
330 181.0491414 132.4990923
330 -169.8550686 -71.56192772
330 -27.55884861 -81.97989772
330 5.844801392 -55.52155772
330 -77.49894861 -71.39655772
330 59.34081139 -9.714457722
330 -203.5894486 -81.48379772
330 140.0381614 122.5760923
330 214.7835214 154.3272123
330 -203.5883086 -81.48156772
330 38.83560139 -50.72486772
330 -103.3785086 -64.61661772
330 138.7163814 18.06791228
330 -351.8387986 -151.7637477
330 38.83560139 85.53554228
330 195.6839114 179.9587223
330 248.5173314 182.7688023
330 -390.7815886 -150.2743477
330 85.13712139 -109.5957777
330 25.60587139 -38.15827772
330 87.20417139 -42.95385772
330 145.9912814 -0.4551577223
330 208.9125114 52.95760228
330 123.5017014 36.58651228
330 60.74584139 106.5357323
330 15.68399139 73.62818228
330 176.5010514 199.8013523
330 338.4756614 201.9510923
330 -400.1252486 -143.8262477
330 -510.8362786 -191.6154977
330 102.3356014 -132.7457077
330 149.0772414 -31.01190772
330 150.6214914 -5.746817722
330 261.8297414 15.25560228
330 266.4599514 90.66185228
330 71.90852139 18.06679228
330 217.4293514 80.90534228
330 116.9698014 135.6398923
330 4.439201392 62.38338228
330 -38.30697861 82.39362228
330 97.78751139 244.1190623
330 419.1735814 204.5969323
330 -449.3200886 -137.3747977
330 -541.8426986 -217.5788577
330 -477.6812386 -204.3496877
330 -449.3212186 -137.3770277
330 36.27188139 -134.2351077
330 209.5739714 -133.5736477
330 157.8975314 -30.22077772
330 157.8981014 -30.21965772
330 59.34024139 -9.715567722
330 138.7152414 18.06568228
330 281.5908114 -1.446227722
330 418.0633414 140.5192923
330 279.8533514 101.2429423
331 193.6343729 -44.56919632
331 213.4781229 -56.47544632
331 184.3739529 -16.78794632
331 391.8625229 31.02208368
331 179.9837129 -66.07894632
331 168.2896029 2.579373684
331 118.4680829 -68.06331632
331 185.6968729 36.12872368
331 -14.48503711 -91.87581632
331 -30.14789711 -98.62375632
331 -8.531917105 -75.33935632
331 -35.43956711 -25.20187632
331 -73.35482711 -113.0424863
331 69.52017289 -17.13102632
331 -22.21039711 1.256453684
331 -118.2513171 -76.82763632
331 -86.58399711 -123.6258163
331 -16.91872711 33.00645368
331 -145.3711071 -113.8693063
331 -130.1575671 -68.22868632
331 14.16981289 66.07937368
331 -149.3392871 -138.3421463
331 -184.3971471 -6.713056316
331 -59.46420711 32.47835368
331 20.73762289 40.41585368
331 9.989482895 79.77374368
331 30.04481289 77.98562368
331 -231.3606871 13.79215368
331 -48.21941711 58.60595368
331 -111.0579571 34.79345368
331 9.988922894 79.77262368
331 -111.0585171 34.79233368
331 -156.0371171 39.42366368
331 118.8455929 127.7603637
331 -346.5371271 26.19449368
331 95.85991289 130.7369237
331 44.92762289 128.7525537
331 29.05262289 125.4452637
332 44.0567043 -109.3393232
332 42.7332143 -142.4133532
332 54.2266243 32.37812684
332 192.8842543 -79.24408316
332 -219.2042857 -254.8612732
332 -108.4921257 34.36249684
332 82.6687643 26.42388684
332 274.2442043 -9.789843164
332 212.7280043 -77.25971316
332 -280.1405657 -293.0593732
332 -253.5168657 -187.0606732
332 -149.0064457 35.85077684
332 63.9831343 132.4236968
332 -162.8976457 -5.822213164
332 123.6791843 19.80929684
332 90.6062643 110.4290868
332 213.2708743 58.20589684
332 396.6134243 49.74028684
332 316.5769643 -79.90554316
332 -298.6619657 -329.4407032
332 -390.6046757 -342.6698632
332 -256.1632657 -171.1867932
332 -302.4653557 -222.7805432
332 -129.8241557 68.26223684
332 -162.8970757 -5.821093164
332 27.1889443 136.0605968
332 103.0091743 150.2830768
332 195.1166843 8.564506836
332 103.0086043 150.2819568
332 279.4167043 134.9350668
332 386.5729643 89.95589684
332 579.1759243 131.7611268
332 -343.6405657 -351.2677132
332 -219.1216057 -136.1295032
332 -343.6411357 -238.8209132
332 -94.7674357 149.6204968
332 -203.2466057 -61.38471316
332 97.7169443 188.6465368
332 -8.777855696 117.2090368
332 -25.0662657 143.9980968
332 265.7273543 0.7923768361
332 124.1758443 199.2309868
332 599.5625443 244.7371468
332 455.4832143 118.5319568
332 -379.3598857 -386.9875732
332 -410.4484257 -354.5761132
332 -216.4751957 -102.3940132
332 -391.2661357 -281.8157032
332 -78.5611357 213.4523468
332 -62.7693857 152.5970568
332 -286.7916257 14.54964684
332 153.2800143 236.9341168
332 820.4896243 382.3204768
332 502.9896243 214.3100668
332 746.4062943 304.2683968
332 603.6498843 152.2663268
332 -390.6046757 -410.1386232
332 -471.3020257 -386.3250032
332 -318.5051457 -112.4812532
332 -395.8963457 -305.6282032
332 -82.5304557 237.2637268
332 -331.7348857 27.74679684
332 -273.4438657 45.44080684
332 172.4617343 252.8079968
332 48.7690243 236.2715368
332 1045.421374 502.3431568
332 411.7083743 178.5913168
332 811.2292143 333.3725668
332 780.2592643 236.2715368
332 -443.5213457 -449.1646632
332 -492.4692557 -410.8000732
332 -352.2759957 -115.4269132
332 -270.8807157 -71.47195316
332 -423.0161357 -322.8261132
332 -92.4517657 278.9367168
332 -448.1515457 54.20513684
332 -265.1756357 142.6751868
332 -337.7239157 -1.986813164
332 -253.5995457 81.16067684
333 91.93960112 35.00454315
333 33.03390112 58.51832315
333 113.1062711 18.46808315
333 33.03390112 37.35166315
333 171.9401511 50.58082315
333 50.23182112 120.6954131
333 -26.13070888 94.20506315
333 240.7677311 -56.27670685
333 22.48648112 -63.55274685
333 -90.62232888 40.95878315
333 239.4089011 63.80999315
333 138.4076211 168.4548831
333 -96.84020888 130.0826431
333 -55.82978888 69.88993315
333 260.6109111 -70.16844685
333 -202.4452689 -183.5754269
333 5.252651123 -96.26292685
333 11.24168112 -63.55274685
333 -201.0864389 46.91079315
333 -207.3702989 -63.88347685
333 283.9278811 215.4173031
333 100.8333811 163.6902031
333 -59.46780888 124.4602431
333 -123.0337889 165.3129531
333 294.3458511 -70.82878685
333 234.8151711 -136.9735069
333 -423.3723489 -321.1587569
333 15.95458112 -137.1399869
333 -57.21924888 -73.14389685
333 -207.5356589 89.74022315
333 -207.3697289 -63.88235685
333 368.5945511 231.2923031
333 269.8359811 -43.34625685
333 104.1406711 197.4245731
333 54.89793112 160.6816231
333 47.62189112 117.6868331
333 -61.35336888 150.5943831
333 -164.5408689 210.1256331
333 338.6635611 -88.02670685
333 287.7318411 -129.6974669
333 267.2260611 -131.0214969
333 111.7833511 -146.2350369
333 -276.5285989 -261.6275069
333 -519.9452689 -351.5858369
333 -636.3619289 -475.9400069
333 78.79312112 -138.4629069
333 3.386871123 -165.5826969
333 -43.57666888 -166.2441569
333 -205.3859189 -95.63347685
333 -246.0650389 83.29212315
333 -202.2439889 158.5318831
333 -408.4536289 -160.4563969
333 373.0234811 259.6016631
333 384.9297311 124.6641631
333 422.1726811 252.4589731
333 405.4702811 5.899253146
333 240.7683011 -56.27558685
333 107.4479611 221.2370731
333 208.5222011 230.6319631
333 53.57502112 178.5410031
333 -164.5402989 210.1267531
333 -51.59685888 202.3535031
333 -183.7231589 237.2454231
333 249.3666911 -213.0423369
333 287.7312711 -129.6985869
333 167.4285311 -181.4576969
333 -211.7056789 -232.5233369
333 -611.2265189 -387.3045869
333 -567.4516789 -447.3639469
333 -809.6640189 -507.6900069
333 -64.74333888 -195.3483269
333 -133.6535989 -202.0962569
333 -204.0635689 -133.9991769
333 -240.4432089 -104.2324369
333 -299.6437289 79.98371315
333 -260.6171189 46.91191315
333 -261.9765189 164.3516631
333 -208.1965489 177.0538331
333 -476.5832689 -221.9709069
333 -494.1483889 -178.9452169
333 505.3151511 317.8099931
333 297.6172311 239.7579131
333 368.5956911 272.3049531
333 406.0964011 42.64332315
333 461.3640811 32.68943315
333 582.0808011 -74.79642685
333 89.91932112 219.9141631
333 99.17973112 252.9870731
333 -17.86247888 248.6555831
334 3.66617612 -11.18268403
334 7.63492612 -135.536854
334 -45.85995388 0.2285859708
334 51.95206612 -21.10568403
334 51.95262612 31.81210597
334 -39.99007388 -81.62799403
334 30.78596612 -101.802474
334 114.2129661 39.25462597
334 67.24942612 233.061926
334 21.52554612 -275.104564
334 39.38492612 -144.797274
334 19.42258612 -140.961874
334 97.67593612 -117.346744
334 134.3874461 74.14655597
334 155.2228161 276.882416
334 18.96296612 198.666086
334 51.29117612 -137.521224
334 29.13231612 -299.247794
334 100.3223361 -184.814384
334 146.9551561 160.797596
334 161.8373961 286.804296
334 -81.00049388 169.726166
334 -80.12689388 140.488656
334 -60.82544388 -382.590424
334 62.94937612 -395.489974
334 110.2436461 -226.487374
334 158.1993761 171.379816
334 126.0359661 285.481376
334 -76.15814388 233.754276
334 -119.3650739 159.804296
334 -45.86052388 0.2274659709
334 -114.0734139 123.424086
334 30.33664612 175.545946
334 -80.66976388 -418.310294
334 114.2129661 -250.298754
334 166.9277861 238.715216
334 -16.75578388 280.025466
334 -59.75114388 262.164966
334 -229.7459339 136.487886
334 -113.9907339 233.060806
334 -112.6678139 -27.55378403
334 -128.6254939 113.502206
334 -94.01752388 -449.201454
334 98.00666612 -314.130604
334 160.5144761 294.080336
334 188.6270261 227.604886
334 46.08218612 312.435806
334 -235.6990639 133.842056
334 -81.78054388 439.137086
334 -124.6567439 -34.66445403
334 -174.1834339 91.17799597
334 -138.9607839 -436.004304
334 -10.47250388 -525.135814
334 62.94994612 -395.488864
334 130.0047161 -311.154044
334 149.9311461 341.705336
334 287.0189561 268.119216
334 205.4109661 214.374606
334 141.3327561 359.400466
334 39.59705612 337.603236
334 -313.7511439 73.64934597
334 -132.5115639 -38.13711403
334 -114.0728439 -143.142504
334 -283.6547939 76.62590597
334 -255.3774439 -409.545964
334 -72.40153388 -321.075914
334 -144.9498139 -465.737914
335 -4.188945753 -144.0169307
335 -2.866035753 -97.71485069
335 -9.480615753 -103.6679807
335 42.11370425 106.0154293
335 -47.84463575 -107.6356107
335 87.09343425 144.3811393
335 30.20688425 133.7955693
335 -39.90769575 -116.2356807
335 -126.3933758 -17.67839069
335 145.3012042 180.0987693
335 13.00896425 156.2851493
335 158.4471142 144.2135293
335 13.00840425 156.2840293
335 -70.33478575 -114.9127707
335 165.9353042 190.7129993
335 202.7648242 145.5364493
335 171.0159642 119.0803493
335 9.040784247 169.5154293
335 -110.6837458 -116.2356807
335 303.9679542 187.2083293
335 171.0148242 119.0781193
335 1.102714247 184.0663993
335 -80.91811575 168.1913993
335 348.4978042 193.3588293
335 112.1450342 95.26561931
335 -305.6480158 158.2706393
335 198.3467542 112.6609093
335 382.8936342 195.3431993
335 378.9248842 172.1921593
335 65.84238425 -7.261540685
335 -340.0444158 185.3893193
335 -195.1850458 84.84764931
335 188.4248842 90.83278931
335 408.0290542 208.5723693
335 421.2582142 193.3588293
335 56.58253425 -89.28126069
335 -445.2162958 260.7955693
335 -96.62775575 -21.64714069
335 114.3415542 53.79111931
335 136.1696742 -87.76096069
335 57.24399425 -114.4166707
335 -79.79646575 -22.44195069
335 -126.3928058 -17.67727069
335 157.9978042 -141.3390907
335 69.89495425 -134.7554007
335 -27.83608575 -28.92318069
335 -92.43811575 2.813449315
335 -199.8152558 -17.67839069
335 105.7425942 -214.7609607
335 170.5655042 -120.8338807
335 71.79607425 -158.0729207
335 -4.188385753 -144.0158207
335 -102.2860558 21.87575931
335 -232.2261458 -19.00019069
335 11.35588425 -249.5184207
335 -38.58478575 -150.6315207
335 -102.9475158 47.67262931
335 -285.1433758 -12.38673069
335 33.18344425 -246.8737107
335 -18.61157575 -171.1047107
335 19.62355425 -264.4023507
335 -370.4709358 2.166479315
335 121.1579742 -253.4871707
335 -27.21053575 -161.8443007
335 38.14438425 -276.3086007
335 -446.5751158 9.969509315
335 -291.2612958 55.08313931
335 -318.8771858 -46.11998069
335 -464.5639458 -31.56902069
335 -506.2465858 129.8907293
335 266.6788042 -166.8361307
335 200.5324042 -238.9362107
335 -38.58421575 -150.6304007
336 63.301562 -6.879164
336 6.416142 -6.879164
336 111.918752 -0.2645839998
336 -55.760938 6.349996
336 -125.875518 7.672916
337 9.046300747 26.79324433
337 -40.14853925 33.24469433
337 18.38996075 20.34514433
337 -61.15096925 36.38438433
337 -101.6647293 -20.99600567
337 57.33275075 18.85574433
337 205.5832407 89.13792433
337 -90.25513925 29.10834433
337 -132.6711493 -46.95936567
337 -68.50968925 -33.73019567
337 -40.14966925 33.24246433
337 205.5821007 89.13569433
337 239.3164807 99.05756433
337 -154.1418293 17.89924433
337 -83.72323925 -43.65206567
337 -149.8696293 -62.83547567
337 -168.7206293 -48.94373567
337 78.33406075 -22.48540567
337 -20.96737925 49.11746433
337 305.7936107 106.0039943
337 247.2539807 109.6409043
337 -190.1353493 5.957304329
337 -19.66916925 -58.15321567
337 -181.6196293 -85.98652567
337 -256.6945893 -80.03227567
337 166.9700407 9.265714329
337 -0.4621692537 61.02371433
337 350.5236007 131.6332743
337 256.7770407 114.2945743
337 -299.0279193 -13.88644567
337 16.15697075 -52.25102567
337 -234.2050093 -118.3968657
337 -135.9778793 -88.63011567
337 -447.4918393 -130.9545757
337 -248.7570893 -91.27706567
337 -267.2779193 -50.92811567
337 241.0528107 29.10834433
337 33.27221075 80.86746433
337 364.4147907 107.8218843
337 393.1055407 147.0132943
337 341.9252007 146.8479343
337 255.1041507 144.4067243
337 -310.5207593 -16.53227567
337 54.21754075 -52.87679567
337 -270.5584993 -135.5590857
337 -331.8522293 -201.5741257
337 -205.7622993 -164.0374857
337 -5.310139254 -143.3315457
337 -14.93099925 -78.04678567
337 -482.9133393 -65.48019567
337 -499.4230793 -144.1580457
337 281.8705007 33.43789433
337 121.9076207 191.9924643
337 331.6726007 99.22293433
337 381.6127007 88.63959433
337 415.0163507 115.0979343
337 468.5123607 160.9050343
337 406.0039807 175.7867343
337 335.6419207 165.3698843
337 191.5340707 127.6777543
337 277.9670707 154.4441043
337 -409.4914693 -29.09998567
337 74.06129075 -49.56950567
337 -305.0637293 -139.3981657
337 -400.8925093 -273.1781157
337 -159.5428993 -232.0023257
337 -336.3997493 -273.8384557
338 87.71261389 31.30752389
338 41.77646389 10.04257389
338 83.74500389 40.57017389
338 98.95797389 13.44926389
338 7.676723889 -5.733026111
338 49.46997389 -64.74851611
338 128.0621439 57.10551389
338 36.11999389 22.04934389
338 98.29651389 -45.42052611
338 27.22494389 -89.83651611
338 -23.83331611 -16.99016611
338 -69.05244611 8.819053889
338 2.506423889 15.28794389
338 -152.9003661 -80.98626611
338 -202.4270661 14.75983389
338 -50.16567611 22.61140389
338 -67.36359611 31.21036389
338 -95.80630611 36.50202389
339 174.2279 98.953722
339 120.65034 65.881922
339 20.76957 3.042262
339 -162.45383 -78.977458
339 -153.19398 -88.900448
340 -43.84559475 -14.2066359
340 32.05844525 40.3670341
340 -43.01820475 64.1772941
340 37.67914525 110.4782641
340 -73.16476475 91.3866041
340 9.236435246 88.6501341
340 -104.3921748 102.5392441
340 -142.8989848 121.0615941
340 -162.7432948 132.3052641
340 -66.49997475 -5.937285901
340 -18.21408475 21.1813841
340 -135.2916448 -45.6247859
340 32.05674525 40.3636741
340 -81.30010475 -106.6443159
340 -183.2479448 -66.7925759
340 152.6902052 96.4222741
340 -9.899084754 -116.5352959
340 -179.6099248 -121.0321559
340 -185.2323148 -21.1519459
340 -267.7784448 -92.6320559
340 136.9811452 82.5327641
340 240.8306652 159.2630541
340 95.80479525 155.2920641
340 152.6902052 82.5316441
340 63.52279525 -121.1655059
340 -173.2416848 -170.8035459
340 -128.3001248 -137.7019659
340 -150.7538048 -151.6246059
340 -179.1149048 51.7947041
340 113.0027052 58.7191441
340 210.8985452 149.3389341
340 308.9603052 191.0119341
340 310.9441152 225.4066441
340 38.36169525 188.4146241
340 172.5339552 55.4118541
340 -35.69595475 -157.5457159
340 91.30404525 -125.1342559
340 -150.7532348 -151.6234859
340 -152.8202948 -207.0206259
340 -230.8729448 -113.7561159
340 -184.5708548 -181.2248659
340 -111.4329348 -141.6707159
340 -81.30067475 -106.6454359
340 -162.7427348 132.3063841
340 63.39333525 17.0472741
340 146.7376552 58.0588041
340 209.7409952 178.1123741
340 175.1797952 140.7399841
340 356.9091452 212.9504441
340 362.5384352 250.5431841
340 105.2305752 254.1800841
340 -12.38284475 236.3710041
340 193.0397352 32.2619341
340 -62.81574475 -172.0977959
340 35.19867525 -59.1858059
340 130.3300852 -130.4259259
340 162.1165552 -205.2016159
340 -121.6490648 -277.9620259
340 -168.6952948 -207.6820759
340 -108.1256448 -189.9571759
340 -227.5656548 -222.2352859
341 115.4351767 -115.908938
341 212.0086567 -59.68386803
341 47.30496667 -82.83602803
341 130.4087567 -127.802838
341 262.9403867 -8.09123803
341 268.8940767 -113.923448
341 178.2737167 -33.22664803
341 36.06017667 -61.66935803
341 172.3205967 -167.502688
341 167.0757067 -143.244768
341 139.2476767 -3.46102803
341 305.9351767 -4.78393803
341 241.1128267 -139.720328
341 428.9664267 73.26814197
341 90.96121667 -1.47664803
341 -26.19959333 -8.91805803
341 202.5077167 -161.537218
341 198.1174667 -181.393318
341 210.4452167 -136.401798
341 32.75288667 22.33585197
341 437.5653867 87.15876197
341 242.4819567 5.58336197
341 16.87788667 15.05981197
341 232.2733367 -171.459088
341 16.87731667 15.05869197
341 43.38299667 29.39586197
341 77.77882667 23.44273197
341 -109.4138833 49.90107197
341 -26.19902333 -8.91693803
341 -18.62872333 42.04625197
341 139.1661267 85.01126197
341 -112.6602233 -54.87934803
341 34.12257667 98.84898197
341 300.5613967 195.473682
341 -247.1261033 -116.073188
341 -33.34617333 98.84898197
341 401.7645167 267.903372
341 -412.4080033 -38.84792803
341 -305.3344433 -147.823188
341 -200.8245933 -143.855558
341 428.2228567 290.723682
341 544.6389567 333.717362
341 -462.7620933 -22.14721803
341 -433.5752433 16.05199197
341 -413.3099933 -242.896588
341 -360.6671933 -159.017188
341 133.7160467 -229.005968
341 593.5868667 353.561112
341 -482.6052733 -22.14610803
341 -402.4861333 27.29790197
341 -521.5492033 -7.76050803
341 -495.7523233 101.380122
341 -414.7575233 -159.574818
341 202.6730767 -205.524198
341 658.7046067 407.336612
341 -570.3311833 -35.87136803
341 -498.3981533 -16.35945803
341 -288.7158633 72.93741197
341 -589.7620933 21.50903197
341 -635.3200333 -15.03654803
341 -566.1976333 164.880122
341 -571.9853933 -89.45060803
341 -493.9413133 -156.229018
341 356.2060067 -92.09643803
341 664.3634767 411.109102
341 728.5243667 376.712152
342 33.54392057 -9.405845285
342 12.37725057 -18.66626529
342 152.6891006 -0.8068852853
342 -102.0550394 -36.52563529
342 121.2698306 52.10977471
342 -162.9086394 -94.07139529
342 120.6083706 67.98477471
342 138.4677506 67.32332471
342 184.6970206 36.54613471
342 109.3641506 63.35568471
342 120.6083706 33.58894471
342 -130.2856094 -90.23711529
342 -208.5498294 -100.0256353
342 144.0901506 83.52905471
342 285.9007206 43.16183471
342 94.81150057 85.84415471
342 -81.33768943 -82.29961529
342 -79.02258943 -52.53398529
342 -252.2055094 -84.81097529
342 168.8954006 101.7202747
342 336.1715506 24.64099471
342 103.5399106 96.29413471
342 137.8068606 -23.95681529
342 -336.2112894 -111.9318853
342 -183.4144094 -58.35376529
342 293.9104606 158.9353047
342 414.8845206 -5.787205285
342 232.9840506 1.489954715
342 82.24379057 118.9170747
342 -11.02182943 -125.8225153
342 183.4469206 -19.32772529
342 -334.8883694 -72.24438529
342 -381.1898894 -129.1286853
342 -172.4170994 -45.78493529
342 361.3069706 184.0524547
342 321.0308206 178.1187047
342 270.0251506 -18.35490529
342 210.4944706 -14.38504529
342 61.73915057 129.5015247
342 -78.12637943 -127.1519653
342 -320.4548794 -220.5444053
342 -172.4176694 -45.78605529
342 -352.7477494 -73.56730529
342 -412.7283194 -175.5652353
342 -139.3447494 -35.20272529
342 394.3787406 211.1700147
342 409.0042106 244.2634247
342 278.6241106 193.3117547
342 175.4371706 -32.90587529
342 56.44692057 148.6826947
342 -123.1055494 -134.0311353
342 -428.8154594 -86.79647529
342 -379.6220494 -181.8926653
342 -470.9366494 -166.3048153
342 -90.81024943 7.130614715
342 450.1805606 246.0835547
342 457.2184306 190.6670447
342 -177.0805494 -149.3769653
342 -495.7048594 -103.4971753
342 -364.6518094 -190.5962953
342 2.207900572 81.87652471
342 9.483370572 18.04467471
342 513.4418106 214.4784247
342 -237.4055494 -157.8436353
342 -539.8577694 -117.8850153
342 -346.2000994 -194.4258953
342 61.73858057 129.5004047
342 -10.36037943 85.51342471
342 33.29587057 76.25300471
342 37.51267057 13.74519471
343 -77.6114637 -468.0598674
343 -77.2807337 -442.2629874
343 -31.0613337 -180.8215874
343 36.4068563 -176.8539474
343 -18.4588537 -103.3303174
343 -171.2910637 -193.3904074
343 -42.3066837 -104.7549974
343 18.3462063 -96.53742741
343 -220.4402537 -186.4957674
343 -76.0410637 -96.15603741
343 66.1730463 -82.26428741
343 -282.4160637 -180.1612474
343 -192.4577337 -172.8851974
343 -4.603563704 -30.01019741
343 -105.8061237 -110.0455374
343 48.3131063 14.96896259
343 -124.3269537 -128.5663774
343 -158.7233537 -104.0935374
343 64.1881063 8.354382592
343 36.3709463 28.56087259
343 -261.2493937 -143.1195774
343 -184.6029137 -83.75368741
343 129.6730463 50.68883259
343 94.6157563 53.33466259
343 21.1574063 64.94108259
343 -37.2162937 4.334962592
343 -201.7181437 -67.71332741
343 -82.0763037 -26.86715741
343 -292.4206237 -128.7328574
343 140.9172663 28.85959259
343 179.2818563 69.87000259
343 94.6151863 53.33355259
343 50.9230263 105.2900426
343 -25.1087737 70.53146259
343 -261.8281737 -57.95681741
343 148.1938763 -25.37887741
343 218.9693563 86.40646259
343 175.3131063 87.72938259
343 191.8495663 16.95334259
343 81.7994363 94.17860259
343 95.2766463 124.7710526
343 11.2714363 132.0470926
343 -116.3073437 73.67339259
343 -204.9427537 6.866102592
343 -304.9056437 -33.97894741
343 -305.4844237 -106.9047374
343 189.2042963 -24.05595741
343 76.7563763 -48.52991741
343 216.9849763 97.65125259
343 216.3235163 72.51584259
343 138.0233863 92.19422259
343 189.2037263 -24.05707741
343 64.8501263 132.0482126
343 178.6203963 103.6043826
343 130.9594863 145.9697326
343 -126.3107637 78.47120259
343 -341.9467437 9.016962592
343 -386.2091637 -184.5246374
343 220.9542963 -22.07158741
343 66.1724763 -82.26540741
343 226.2453963 108.2345926
343 271.2245663 78.46896259
343 1.349566296 150.5679226
343 11.2720063 132.0482126
343 299.6678363 145.9388326
343 136.9485163 184.9637526
343 191.8136563 182.3499426
343 -236.6927537 79.62651259
343 -86.5417137 108.0692226
343 -298.8698437 38.28537259
343 -372.9531737 -10.66254741
343 -416.6915437 -191.4049174
343 44.3443563 -266.8122874
343 347.9537263 75.82313259
343 -33.7077337 130.0627126
343 46.3287263 172.3960526
343 -28.4160637 156.5210526
343 285.5285963 167.6004726
343 337.1223463 108.7306826
343 143.5271963 229.9749426
343 253.9907363 228.6520226
344 41.94739333 3.141743333
344 8.543743333 2.149553333
344 19.12764333 9.426713333
344 -37.09688667 -48.12128667
344 50.87707333 30.59226333
344 -83.39896667 2.811013333
345 -19.2807557 24.3512062
345 -59.0498057 -5.246813798
345 -4.811355697 38.4071962
345 -169.4317957 -4.091503798
345 -49.0463857 -10.0446238
345 38.8448943 72.8030362
345 33.5532243 46.3446962
345 -96.7534957 38.4083162
345 -231.6088857 -45.4326438
345 42.1521843 -13.1865538
345 -137.6817957 -76.8519138
345 9.079834303 91.3249862
345 79.1938543 88.6780362
345 68.6105243 66.8499062
345 78.5329643 48.3301962
345 -85.5925257 60.0688462
345 -274.6857857 -74.7010538
345 88.4183643 -18.7769338
345 -194.5672157 -141.6748338
345 -63.0191257 59.5749862
345 63.9803143 103.2301162
345 -88.1545357 93.3093562
345 132.1105243 108.5217862
345 113.5896843 88.6780362
345 132.1110843 48.3301962
345 -237.6446857 -117.6969638
345 -305.6922157 -94.3805638
345 161.8761443 -30.3844638
345 103.6319043 -55.1571438
345 118.1839843 21.5720262
345 -238.2234657 -190.6227538
345 -134.4571857 -151.4313438
345 132.1110843 108.5228962
345 -145.2885657 111.6637062
345 -154.3009357 95.2926162
345 157.9073943 118.4436562
345 204.2094743 101.2457362
345 79.1932843 88.6769162
345 162.5376043 41.0530362
345 -334.2176057 -157.3844638
345 196.9340043 -33.0291838
345 30.0446643 -79.3830538
345 161.8767143 -30.3833538
345 115.5740643 -68.7490538
345 149.0603943 10.4605862
345 78.5323943 48.3290762
345 -318.9482057 -268.2426538
345 -117.3419557 -167.4717038
345 -221.3562757 167.2262062
345 -235.2474657 112.9855062
345 167.8292743 132.9957362
345 210.7881543 146.2569262
345 198.2204443 62.2517162
345 50.0896843 95.9540762
345 245.8813543 19.8863662
345 -341.7422657 -132.5808938
345 -304.5346657 -213.7737938
345 208.1782243 -54.8584238
345 246.5428143 -13.8480138
345 131.4490643 -75.3636338
345 -14.8153457 -110.5851738
345 62.6573943 -113.7282138
345 205.2843443 8.476206203
345 -349.4305857 -275.1229338
345 -225.1596657 -212.4508738
345 -91.4623957 -187.8115538
345 -265.0125257 126.2157962
345 -187.5560957 184.9032962
345 -215.4031557 94.4657962
345 -285.1870057 84.2131862
345 184.9912843 133.3584862
345 226.0376043 154.8238662
345 259.0746143 98.6319262
345 284.2459343 13.9332362
345 366.9287943 62.2208162
345 -344.1394857 -123.6500938
345 215.4548343 -109.0968938
345 259.1105243 -66.7646738
345 286.2303143 2.688446202
346 -89.56646531 102.1433731
346 -44.01095531 56.70120309
346 -49.02964531 10.97535309
346 67.11647469 22.60300309
346 -90.88938531 -10.96600691
346 64.55332469 55.17982309
346 -68.15175531 -82.23814691
346 70.75449469 25.91029309
346 57.52589469 15.65881309
346 -112.3867753 34.67462309
346 -117.6784453 -10.96600691
346 90.92897469 -18.07668691
346 60.87940469 63.06666309
346 -47.64654531 -80.91522691
346 -97.17323531 -81.74204691
346 111.8116947 60.42082309
346 -33.75591531 -63.71730691
346 73.73106469 15.98842309
346 -119.9102953 44.26688309
346 -113.7096953 15.49232309
346 -177.2455953 -8.701566914
346 38.75645469 103.1355531
346 -41.97736531 90.18645309
346 -71.74299531 -100.3135469
346 35.03574469 -80.91522691
346 -94.89403531 -94.19505691
346 -151.4955053 -77.60793691
346 171.6736747 101.4312431
346 133.3090947 58.76718309
346 206.0227247 23.26446309
346 -155.7122953 106.1121231
346 -112.3862153 34.67573309
346 -201.1048753 -7.493346914
346 -173.9024053 22.76837309
346 -191.7617753 -54.62225691
346 23.54347469 183.1731331
346 -86.01112531 -112.0037669
346 71.41595469 -85.54543691
346 -181.1784453 -81.74204691
346 206.7309647 115.9833231
346 153.8142947 58.43645309
346 249.1642347 -48.55189691
346 234.8052047 21.57037309
346 -226.4415653 -66.99258691
346 -216.9798753 61.95977309
346 -161.9961553 32.69024309
346 112.1424247 147.4025931
346 -261.2970153 -182.1172369
346 169.3117947 -80.91522691
346 -223.5944553 -80.91522691
346 -175.9694553 -100.7589769
346 211.5630047 124.3033431
346 194.8247147 92.50155309
346 232.1514647 126.1234731
346 185.8950247 90.84791309
346 260.3449947 -58.26027691
346 217.6809347 -75.12746691
346 259.0220747 -6.666526914
346 320.5377047 19.79180309
346 -251.2462453 -85.18268691
346 -153.9759653 50.88034309
346 -252.5654353 65.06568309
346 176.9653447 232.7307231
346 -259.3132053 -232.3891869
346 -321.4902953 -220.4829369
346 -256.6673753 -140.4464769
346 190.4784547 -76.28501691
346 -242.9780153 -86.83633691
346 363.1196447 138.6900631
346 265.6366647 -68.18215691
346 231.4888747 -75.62355691
346 194.4472047 -87.52980691
346 270.9277647 -15.26660691
346 248.4393147 5.240843086
346 390.9422447 25.47379309
346 -265.2663353 -82.89959691
346 -264.1446853 -92.78945691
346 -119.9108653 44.26576309
346 -359.6895153 87.92201309
346 -228.5872453 16.55167309
346 247.9426547 210.9532631
347 194.9948838 93.09961159
347 195.0307938 -14.41938841
347 266.9643938 -33.76703841
347 246.4591838 -2.017038414
347 159.8081438 -21.19933841
347 267.6258538 -199.7930884
347 263.6576638 -4.661758414
347 296.0685538 -32.44412841
347 140.6264138 -14.58362841
347 272.9175138 -246.0951684
347 294.0841838 -7.970168414
347 261.1407238 41.50586159
347 329.9323838 -35.88476841
347 313.2664738 -97.26703841
347 96.30814378 -15.24620841
347 290.1154338 -293.0587084
347 326.4956438 -113.8034984
347 51.99157378 7.907071586
347 125.9916538 -39.38831841
347 78.44876378 -16.56912841
347 329.1409038 -281.1535784
347 341.1771738 -167.5149784
347 -34.74329622 63.79806159
347 163.2448838 -75.57226841
347 43.39204378 -22.52112841
347 67.45202378 -42.69672841
347 318.6875938 -306.4212284
347 -77.65540622 113.7381616
347 172.5417838 -96.43909841
347 40.74564378 -31.78266841
347 51.99043378 7.904831586
347 60.17597378 -98.25922841
347 316.9044938 -287.7670384
347 325.3021738 -369.9212284
347 -99.56620622 131.9282716
347 -0.9262362183 -43.68891841
347 31.48522378 -82.71495841
347 67.20397378 70.08191159
347 17.18118378 -132.6550684
347 -168.2740562 99.18832159
347 -61.78096622 154.0860016
347 -114.7797562 140.5272316
347 -137.1860862 -99.91175841
347 81.92085378 91.41283159
347 -188.1178062 91.25082159
347 -32.67623622 171.9465016
347 47.36079378 154.7497016
347 -157.7745462 147.1418116
347 85.22814378 121.1784516
347 -203.1671262 135.0702016
347 -171.4171262 6.747281586
347 -205.1874062 79.87044159
347 52.65189378 162.6860816
347 19.57897378 199.0662916
347 -149.5889962 167.4816516
347 -168.2751962 99.18608159
347 108.3438438 183.0579416
347 -136.3598262 -81.88813841
347 -247.7328762 33.37098159
347 -233.7589962 65.45282159
347 -234.9530362 81.19336159
347 111.6511338 196.9485616
347 47.36022378 154.7485816
347 -150.2504562 43.78895159
347 -137.1866562 -99.91287841
347 -131.0681662 -60.72146841
347 -307.1814462 8.566291586
347 -270.2224562 54.53764159
347 -199.3637362 46.93087159
347 -268.6874062 101.0371116
347 18.18324378 141.8307716
347 -138.0134762 -113.6381384
347 -417.7270962 -104.5419684
347 -514.8787962 -115.7867584
347 -304.9397162 81.96767159
347 -372.6658162 4.597541586
347 -310.2308162 116.3646216
347 -266.5745662 81.63806159
347 -274.5120662 150.0990016
347 -43.79157622 121.5423116
347 -142.3129562 -148.0339684
347 -317.3045962 -167.5149784
348 443.3898943 -166.7131965
348 545.9159343 -236.8277765
348 414.3585343 -119.0688165
348 415.6086443 -101.2288165
348 413.0356143 -186.5375665
348 457.9419743 -117.1038165
348 414.3585343 -66.15214649
348 323.7393143 -79.38019649
348 399.8058843 -230.8563965
348 339.0817343 -168.4808165
348 570.5921543 -183.0328965
348 394.5147843 -25.80319649
348 278.2634843 -174.1352265
348 402.4528543 -251.3593665
348 263.7113943 -164.2133465
348 381.9470743 6.608263507
348 401.7908243 -278.4802765
348 234.6078043 -150.9830665
348 57.99728428 -70.28738649
348 -77.63701572 -119.5328965
348 113.8910843 -43.49720649
348 58.62340428 -33.54331649
348 -63.54511572 139.2306635
348 -106.7046957 -132.4622265
348 110.2171543 -4.439146493
348 130.7582743 -36.55188649
348 37.45673428 48.47752351
348 -209.0653757 92.26824351
348 21.12155428 155.1056635
348 -268.6798757 -214.6495465
348 45.39423428 -34.86622649
348 165.7796543 11.43585351
348 107.5713243 93.45668351
348 -175.5328457 -25.60581649
348 -246.6396157 87.50356351
348 25.55048428 183.4150235
348 74.69968428 176.2723335
348 -344.0861257 -241.7693365
348 -331.5184157 -213.3266265
348 3.060904284 -40.15789649
348 -255.5333957 -41.18209649
348 -108.0640957 -12.37664649
348 -243.3323257 121.2379335
348 -292.5750657 84.49498351
348 21.12269428 196.1183135
348 157.8421543 241.6233535
348 -49.85576572 163.5712735
348 -391.0496657 -242.4307965
348 -342.2203457 -172.4495665
348 -314.4390957 -38.83497649
348 -234.3667257 -57.71855649
348 -314.4390957 -17.66831649
348 -240.0250357 145.0504335
348 -293.8979757 102.3543635
348 -138.9507957 154.4453235
348 -408.8263657 74.40774351
348 22.90465428 264.1129335
348 264.9984043 293.2171035
348 153.8734043 309.0921035
348 157.8421543 167.5400235
348 -481.1265957 -278.2828965
348 -412.2163357 -271.5349665
348 -324.9865157 -139.7393865
348 -438.0953257 -35.22785649
348 -106.7052657 -132.4633465
348 -373.6037057 18.01842351
348 -297.2411757 44.50877351
348 -257.5536757 143.7275235
348 -248.2932657 176.8004335
348 -512.0132957 133.9401135
348 -399.0698557 126.1668635
348 -406.9408057 48.27360351
348 284.8421543 242.9462735
348 242.5088243 344.8108535
348 152.0908743 336.3463635
348 65.56871428 256.8368935
348 137.9984043 167.5400235
349 170.199967 3.164774494
349 111.292617 10.12883449
349 85.49574697 12.77466449
349 93.43267697 -13.68478551
349 51.76079697 13.43500449
349 75.73866697 37.24750449
349 131.797827 -13.02220551
349 102.377937 -39.21528551
349 2.151426966 -28.23686551
349 75.73923697 37.24862449
349 111.292047 10.12771449
349 198.604557 -118.1952055
349 106.661847 -52.71082551
349 110.533307 -33.63895551
349 93.24670697 -45.90686551
349 -142.542583 -151.9295755
349 91.44829697 51.13813449
349 91.44829697 37.24750449
349 145.817347 -139.3298555
349 -189.542033 -182.9861055
349 34.56288697 110.0079245
349 179.588757 113.9789145
349 -29.18516303 -4.920465506
349 69.08817697 -175.7100655
349 111.953507 -96.36707551
349 -240.851833 -166.3162955
349 -172.674843 -186.9548555
349 -211.995143 -196.9076255
349 -22.88021303 143.1304845
349 249.702207 180.1225045
349 247.718397 145.7277945
349 149.656637 104.0547945
349 -79.45599303 -24.10275551
349 30.06213697 -170.4183955
349 88.14100697 -58.66395551
349 -211.995713 -196.9087455
349 -234.483593 -216.0876855
349 -244.489853 -112.0767155
349 -96.93786303 -202.8298555
349 -169.367553 -235.2413155
349 -73.62475303 191.0868645
349 43.98866697 208.8959445
349 301.296527 205.2590445
349 295.667237 167.6663045
349 148.499087 132.8282345
349 113.937887 95.45584449
349 -127.741883 -51.22142551
349 -26.04323303 -104.4699455
349 100.874647 -250.4857555
349 2.280886966 -166.4496455
349 -245.812763 -226.5090055
349 -214.062203 -252.3047655
349 -292.114853 -159.0402555
349 -246.474223 -66.43608551
349 -329.020353 -137.9161955
349 -196.533553 -90.90892551
349 -124.057653 -217.3819355
349 -106.493103 220.4714645
349 -50.26914303 202.6120945
349 -229.938333 110.8336245
349 83.51136697 257.5142545
349 78.38506697 187.0689345
349 266.238667 166.8933445
349 439.541317 169.5402945
349 151.806377 243.2917745
349 92.93658697 176.4844845
349 79.54204697 97.44021449
349 -204.140893 75.77745449
349 3.934526966 -272.9444355
349 -71.14099303 -161.8194355
349 -288.807563 -267.5194255
349 -229.937763 -252.9673355
349 -182.890973 -323.2461655
349 -229.937203 -252.9662155
349 -240.356813 6.510564494
349 -142.542013 -151.9284555
349 -45.63894303 240.3152145
349 -289.717063 129.8516745
349 15.87668697 246.9297945
349 -22.88021303 188.8563345
349 -58.20664303 224.4402145
349 -223.984643 87.02224449
349 -279.547713 86.35967449
349 125.182677 282.6485445
349 38.03553697 148.7032345
349 247.717837 145.7266745
349 293.854557 184.0912545
349 387.947567 217.8267545
349 497.749087 160.9402145
350 70.19771963 356.6223449
350 -196.4521104 200.3539249
350 -240.1089304 189.1080149
350 -5.291220366 247.9778049
350 -93.92663037 194.3996849
350 73.42231963 259.2226049
350 -156.7651804 180.5090549
350 -126.2086304 147.3027949
350 100.5421196 271.1288549
350 -332.0516304 56.81635488
350 -32.28155037 114.8913349
350 -209.5159104 30.02840488
350 79.93832963 258.3289449
350 -514.6141404 -46.37114512
350 39.52257963 103.1184349
350 -224.3992904 -99.28781512
350 -71.93314037 67.73041488
350 -125.4097704 3.212164879
350 -328.5789804 -30.16541512
350 72.76086963 249.3007249
350 239.4489296 286.3435149
350 -600.6037204 -100.6107351
350 85.49393963 98.81895488
350 23.47805963 64.55171488
350 -214.2299404 -142.7798151
350 -293.1909604 -137.6523951
350 -41.17533037 -8.668025121
350 -88.46960037 29.36583488
350 -194.3029404 -38.10291512
350 285.7510196 294.2810149
350 -636.9839304 -133.0221951
350 170.4913396 95.18093488
350 21.00118963 38.95585488
350 -164.6205604 -118.3058651
350 -272.0242904 -172.0482351
350 19.67882963 11.17572488
350 -8.306980366 -38.05262512
350 326.7608696 302.2173949
350 -775.8901804 -205.7826051
350 245.8981496 103.7810149
350 19.67939963 11.17684488
350 -158.6668704 -142.1172451
350 15.04862963 -26.52739512
350 42.43755963 -86.00900512
350 225.4803596 120.8725749
350 273.8447696 79.30705488
350 21.66320963 -10.65239512
350 -175.0390404 -222.6289251
350 7.111129634 -4.699275121
350 42.43755963 -40.28315512
350 81.19445963 17.79030488
350 109.3064396 -20.24354512
350 99.88065963 -119.1315651
350 150.6475896 192.4153049
350 293.5225896 56.81635488
350 235.4796196 70.70697488
350 310.8858696 87.90489488
350 -181.1564504 -295.5755751
350 148.8291396 28.37476488
350 143.7028396 -42.07055512
350 156.7660696 -178.0013551
350 126.8350896 206.3059349
350 -179.1720804 -341.2162051
350 190.5004496 53.50905488
350 158.2543596 -52.65500512
350 217.1241496 14.15228488
350 103.3533096 -80.43625512
350 141.0570096 -191.8908651
350 156.7660696 -191.8919851
350 244.9065296 -115.1605751
350 36.13260963 -234.0599551
350 121.7607496 219.8523149
350 -131.2157804 -320.0484151
350 -175.5340604 -395.4557851
350 -263.7025804 -367.0556851
350 211.6671196 50.20176488
350 213.8168596 -96.31125512
350 235.6449796 24.07416488
350 117.0785696 -215.7044851
350 176.6098196 -219.0117751
350 214.9744096 -125.0846951
350 313.0361696 -83.41169512
351 120.4523859 27.21050486
351 142.9425459 17.95120486
351 87.71020586 30.51779486
351 149.8872859 3.067274857
351 127.0669759 45.73134486
351 108.2159759 11.99808486
351 77.45759586 36.47092486
351 160.8019159 -8.176395143
351 133.8110159 -2.027005143
351 10.56819586 49.70120486
351 217.0253059 -72.00824514
351 160.8013459 -8.177515143
351 7.921795858 56.97613486
351 127.6457459 119.1532149
351 -5.307374142 50.69227486
351 -18.86670414 84.09704486
351 -21.18123414 65.24659486
351 172.2115059 137.8394149
351 -57.89331414 116.8381149
351 -28.45784414 42.75589486
351 -142.6426641 86.24566486
351 189.2446259 146.9355849
351 -63.51570414 -0.9014751427
351 -138.3431841 120.6414949
351 -143.9650141 72.35615486
351 266.6352559 200.5137049
351 217.0258759 -72.00712514
351 -71.45320414 -98.79730514
351 -137.5163641 134.3667549
351 -317.6343041 66.76465486
351 -152.8952641 21.42274486
351 -105.1875841 68.55165486
351 181.9680159 -72.00824514
351 252.0825959 -68.03949514
351 217.6867659 -105.7426151
351 -105.5183141 -120.6254351
351 -72.11466414 -115.3337651
351 -18.28792414 -69.85738514
351 -136.6895341 152.3914949
351 -418.0568041 129.7376649
351 -382.4572141 78.00944486
351 -357.2858941 57.14149486
351 -165.7937041 -50.67621514
351 -35.73445414 48.04644486
351 49.01545586 -137.4915051
351 247.5818459 -114.4749251
351 300.3690559 -57.45615514
351 227.7380959 -128.3655551
351 133.4802859 -197.8186751
351 -116.2202441 -129.6884651
351 -69.91815414 -148.2093051
351 -92.95060414 -112.6879351
351 -14.56722414 -120.6243151
351 37.93603586 -28.84696514
351 -171.7468341 241.0269149
351 -131.3978741 173.5581649
351 -472.2969641 96.66363486
351 -416.0730041 91.37196486
351 -270.5521641 215.0646749
351 -413.5457641 66.43392486
351 -411.5613841 51.22038486
351 -28.45841414 42.75477486
351 18.71726586 -154.8238851
351 243.6130959 -137.6259651
351 313.0662159 -118.4436751
351 412.6156959 -8.641595143
351 194.0037159 -145.5634651
351 234.0219459 -209.7249251
351 122.8969459 -249.4124251
351 41.86830586 -193.1884651
352 -17.19809532 118.6790125
352 -23.02275532 167.7409025
352 16.53627468 98.83526253
352 -15.08525532 99.27996253
352 -58.74150532 134.0065225
352 6.081404684 143.9284025
352 46.30190468 97.51234253
352 17.72974468 83.09361253
352 23.94078468 138.6367325
352 17.73031468 83.09472253
352 63.37150468 108.8927225
352 63.37036468 108.8904825
352 -18.73314532 72.17954253
352 83.21525468 116.8302225
352 48.32218468 152.7121025
352 80.07218468 24.38918253
352 -121.1765053 22.23944253
352 -53.45040532 99.60957253
352 3.756434684 51.01288253
352 151.9231047 149.5701725
352 115.1294847 -64.24623747
352 -220.3946953 -61.76464747
352 -61.38677532 151.5362825
352 -113.3216953 133.0337125
352 -55.69213532 26.20819253
352 52.12557468 64.57277253
352 189.7083447 171.7279025
352 173.8339047 131.3800625
352 136.7095547 158.1691325
352 120.4211447 -43.07956747
352 114.3026547 -82.27097747
352 -351.3640053 -89.54701747
352 -263.3900553 -98.14597747
352 -263.3894853 -98.14485747
352 298.8501047 172.3916025
352 218.8130747 189.5884025
352 216.7460147 81.43996253
352 93.71476468 164.7837125
352 101.2388547 61.43085253
352 -166.2377853 -86.90006747
352 113.4758347 -95.99623747
352 -307.2475753 -122.0918275
352 304.1412047 180.3279825
352 271.0682847 216.7081925
352 303.4808847 25.54897253
352 101.9003147 185.1235525
352 83.21411468 116.8279825
352 -164.2539853 -125.2657675
352 -220.4779453 -119.9740975
352 -18.73314532 -1.573057468
352 -65.81528532 -149.8730775
352 109.1763547 -130.3920675
352 -345.4108853 -142.4636875
352 363.1404447 214.5904625
352 298.8495347 172.3904825
352 347.7974547 2.395692532
352 -249.0392453 -130.0293275
352 -161.7267453 -150.2038075
352 -130.6381953 -138.6282875
352 -105.4668753 -159.4962375
352 107.8540047 -144.2815775
352 230.6377847 -151.3911375
352 -516.3978653 -202.6563875
352 -451.2436453 -203.3167275
352 269.6725547 159.4726725
352 329.9380747 1.072772532
352 377.4809647 -21.74641747
352 392.1157247 3.058272532
352 -313.8621553 -161.1178675
352 -159.7423653 -165.4173475
352 -219.9350753 -171.7011975
352 146.6314347 -148.0860775
352 98.92375468 -195.2149875
352 259.7408147 -159.6615975
352 223.3611747 -173.8818375
352 -580.3939553 -227.6264475
352 -350.8684853 -208.4452675
352 -506.3106253 -227.6264475
352 -516.3972953 -202.6552775
353 20.76957 3.042262
353 120.65034 65.881922
353 -162.45383 -78.977458
353 174.2279 98.953722
353 -153.19398 -88.900448
354 230.2412884 -178.5228264
354 204.4444184 -164.6321964
354 162.5325784 -124.9323464
354 234.6315384 -158.6667264
354 147.5589984 -113.0384464
354 199.1995284 -140.3742764
354 264.3971584 -168.5885964
354 244.1324784 -56.81337643
354 79.42878843 -79.96553643
354 242.5690384 -133.5313064
354 210.3975384 -30.35615643
354 301.0178984 -111.0529564
354 295.0642084 -5.220746428
354 68.18399843 -58.79886643
354 273.2366484 -136.8498364
354 123.0850384 1.393843572
354 461.0902484 76.13863357
354 171.3714984 -0.5905364284
354 338.0589984 -1.913446428
354 5.924228428 -6.047566429
354 49.00170843 17.93030357
354 274.6057784 8.453853572
354 469.6892084 90.02925357
354 64.87670843 25.20634357
354 -77.29006157 52.77156357
354 109.9026484 26.31322357
354 49.00113843 17.92918357
354 75.50681843 32.26635357
354 5.924798428 -6.046446428
354 13.49509843 44.91674357
354 171.2899484 87.88175357
354 -80.53640157 -52.00885643
354 66.24639843 101.7194736
354 332.6852184 198.3441736
354 -215.0022816 -113.2026964
354 -1.222351572 101.7194736
354 433.8883384 270.7738636
354 -168.7007716 -140.9850664
354 -273.2106216 -144.9526964
354 -380.2841816 -35.97743643
354 460.3466784 293.5941736
354 576.7627784 336.5878536
354 165.8398684 -226.1354764
354 -381.1861716 -240.0260964
354 -328.5433716 -156.1466964
354 -401.4514216 18.92248357
354 -430.6382716 -19.27672643
354 625.7106884 356.4316036
354 234.7968984 -202.6537064
354 -382.6337016 -156.7043264
354 -489.4253816 -4.890016428
354 -370.3623116 30.16839357
354 -463.6285016 104.2506136
354 -450.4814516 -19.27561643
354 690.8284284 410.2071036
354 388.3298284 -89.22594643
354 -539.8615716 -86.58011643
354 -461.8174916 -153.3585264
354 -466.2743316 -13.48896643
354 -557.6382716 24.37952357
354 -603.1962116 -12.16605643
354 -256.5920416 75.80790357
354 -534.0738116 167.7506136
354 -538.2073616 -33.00087643
354 760.6481884 379.5826436
354 696.4872984 413.9795936
354 -570.2892216 -61.11508643
354 -506.0445216 -155.5371464
354 -431.8785016 -5.551466428
354 -611.9599916 32.75125357
355 180.1935198 44.67463725
355 96.10562975 3.49885725
355 190.1153998 51.28922725
355 159.6056298 42.52489725
355 100.8179598 -2.12465275
355 91.47598975 10.11455725
355 220.5430498 57.90492725
355 133.8093298 53.10934725
355 123.2254298 43.18635725
355 104.6219098 -9.56494275
355 60.30362975 -17.33819275
355 131.1629298 26.64989725
355 57.41088975 -1.13023275
355 80.89208975 18.05093725
355 176.8041198 78.24476725
355 123.2259898 43.18747725
355 97.42854975 42.52489725
355 63.77628975 -34.70148275
355 108.0118798 -20.31364275
355 62.45393975 -31.39307275
355 59.64273975 -11.71468275
355 -82.07527025 -80.67283275
355 71.30094975 17.38948725
355 157.6212598 79.56656725
355 266.7618798 106.0248973
355 94.12125975 27.97281725
355 56.41869975 47.81768725
355 64.93440975 -40.98421275
355 110.4090998 -29.24444275
355 94.36930975 5.64859725
355 -130.4432802 -106.3021027
355 -9.396970249 14.74364725
355 129.8400098 79.56656725
355 305.7890598 110.6573473
355 68.32437975 24.00406725
355 6.111389751 137.8069173
355 70.19070975 -46.68815275
355 117.9337598 -54.04801275
355 -224.3709302 -150.6209327
355 -99.35530025 -4.43864275
355 97.42854975 84.85823725
355 71.30150975 17.39059725
355 -180.7141102 87.50518725
355 103.0515098 160.2655973
355 78.16413975 -57.51955275
355 -81.41268025 -96.54559275
355 147.6166998 -110.4373427
355 146.4591498 8.95588725
355 -275.9641102 -169.1406527
355 -209.1562502 -169.1395327
355 -133.0891102 -32.88023275
355 -230.9855102 72.95198725
355 -211.8853402 158.4465873
355 32.23899975 240.3329573
355 92.59706975 -78.57264275
355 -138.9601202 -134.2498427
355 -68.01928025 -85.96450275
355 177.4655798 28.63539725
355 -209.1573902 -169.1417627
355 -300.4386402 -172.4490627
355 -201.8813502 -187.6626027
355 -288.5318202 -196.9219027
355 -166.8234902 -54.70835275
355 -152.1887202 -7.24872275
355 -250.0851202 56.91161725
355 -167.1906902 175.5100373
355 -227.7603402 157.7851373
355 -232.3067302 194.6636673
355 4.45774975 244.3017073
355 -23.86637025 306.2814073
355 71.26503975 235.0412873
355 128.4344098 -151.4477527
355 -86.04289025 -171.9518427
355 214.5066798 -14.36051275
355 220.5424798 57.90380725
355 -329.8735302 -187.3318727
355 -197.2511402 -192.9542627
355 -363.9386402 -210.8136427
355 -207.8344702 -64.63135275
355 -140.2830402 -96.54671275
356 92.5858275 -157.928305
356 -17.2162625 -15.714755
356 -40.9559525 65.002535
356 -34.4136125 108.640525
357 57.7378625 -23.51614816
357 75.5972425 -22.19322816
357 46.7411225 -49.64374816
357 22.6811425 -29.46814816
357 105.2807525 -46.33533816
357 119.9155125 -21.53064816
357 31.2806725 0.9600518423
357 39.4650725 -105.2062482
357 31.2795325 0.9578118424
357 20.0347425 -38.72968816
357 142.5339825 -82.51928816
357 139.0972425 -28.14635816
357 -55.4541975 56.85104184
357 -3.529717498 -139.6020882
357 46.4930725 63.13489184
357 -21.6371375 -50.63593816
357 10.7743225 -89.66197816
357 151.8308825 -103.3861182
357 174.3198925 -21.36640816
357 -98.3663075 106.7911418
357 61.2099525 84.46581184
357 -157.8969875 -106.8587782
357 174.2839825 86.15259184
357 225.7482825 -8.964058158
357 246.2534925 -40.71405816
357 -120.2771075 124.9812518
357 64.5172425 114.2314318
357 242.9467625 -11.60877816
357 275.3576525 -39.39114816
357 246.9149525 -206.7401082
357 -135.4906575 133.5802118
357 -188.9849575 92.24130184
357 -82.4918675 147.1389818
357 87.6329425 176.1109218
357 240.4298225 34.55884184
357 273.3732825 -14.91718816
357 292.5555725 -104.2140582
357 309.2214825 -42.83178816
357 252.2066125 -253.0421882
357 -178.4854475 140.1947918
357 -208.8287075 84.30380184
357 26.6498925 147.8026818
357 -53.3871375 164.9994818
357 305.7847425 -120.7505182
357 269.4045325 -300.0057282
357 -188.9860975 92.23906184
357 -170.2998975 160.5346318
357 -223.8780275 128.1231818
357 -225.8983075 72.92342184
357 -192.1280275 -0.1997381577
357 31.9409925 155.7390618
357 -1.131927498 192.1192718
357 308.4300025 -288.1005982
357 320.4662725 -174.4619982
357 -170.9613575 36.84193184
357 -254.4698975 58.50580184
357 -255.6639375 74.24634184
357 -268.4437775 26.42396184
357 -157.0707275 -88.83515816
357 26.6493225 147.8015618
357 90.9402325 190.0015418
357 297.9766925 -313.3682482
357 -151.7790675 -67.66848816
357 -290.9333575 47.59062184
357 -289.3983075 94.09009184
357 -220.0746375 39.98385184
357 -327.8923475 1.619271842
357 -157.8975575 -106.8598982
357 -2.527657498 134.8837518
357 304.5912725 -376.8682482
357 296.1935925 -294.7140582
357 -325.6506175 75.02065184
357 -393.3767175 -2.349478158
357 -330.9417175 109.4176018
357 -287.2854675 74.69104184
357 -295.2229675 143.1519818
358 -44.73859093 36.49566827
358 -227.9625509 -54.12412173
358 16.11556907 56.33941827
358 -11.87024093 7.111068266
358 -296.7542209 -92.48870173
358 -217.7932009 -97.61612173
358 -213.0791709 75.19209827
358 11.48536907 18.63629827
358 38.87429907 -40.84531173
358 -168.1838209 -73.14217173
358 -275.5875509 -126.8845417
358 -332.1422409 14.99827827
358 -129.7718909 192.4664883
358 -75.49640093 112.8941083
358 -128.9730309 48.37585827
358 3.547869067 40.46441827
358 77.63119907 62.95399827
358 38.87429907 4.880538266
358 96.31739907 -73.96787173
358 105.7431791 24.92014827
358 -162.2301309 -96.95355173
358 -97.48989093 239.5633783
358 -35.84481093 160.0550283
358 -92.03286093 74.52952827
358 -197.8662009 7.060778266
358 145.2658791 73.53845827
358 153.2028091 -132.8376617
358 140.1395791 3.093138266
358 -178.6023009 -177.4652317
358 -160.3284409 225.6727483
358 -8.854480933 293.1414983
358 35.95931907 148.2821283
358 186.9371891 98.67274827
358 137.4937491 -146.7271717
358 153.2028091 -146.7282917
358 32.56934907 -188.8962617
358 241.3432691 -69.99688173
358 154.6910991 -7.491311734
358 213.5608891 59.31597827
358 99.79004907 -35.27256173
358 -184.7197109 -250.4118817
358 -335.6148909 101.9800483
358 -200.0153709 245.5176183
358 69.85905907 304.3862983
358 19.91479907 109.7154083
358 81.93067907 143.9826483
358 208.1038591 95.36545827
358 113.5153091 -170.5407917
358 173.0465591 -173.8480817
358 -17.70148093 -208.0785517
358 211.4111491 -79.92100173
358 309.4729091 -38.24800173
358 311.4567191 -3.853291734
358 210.2535991 -51.14756173
358 232.0817191 69.23785827
358 -182.7353409 -296.0525117
358 -518.1774009 -1.207451734
358 66.63445907 401.7860383
358 -243.6721909 234.2717083
358 96.97885907 316.2925483
358 17.43792907 84.11954827
358 166.9280791 140.3446283
358 240.5153191 107.2717083
358 147.2502591 -171.2011317
358 63.90593907 -212.2126617
358 193.5523391 -196.9980017
358 -65.98737093 -235.1972217
358 175.6923991 -88.51995173
358 357.4217491 -16.30949173
358 363.0510391 21.28324827
358 -179.0973209 -350.2920917
358 -267.2658409 -321.8919917
358 -134.7790409 -274.8847217
358 -604.1669809 -55.44704173
358 76.37506907 303.4926383
359 -93.47475436 292.5414253
359 -93.01456436 239.1606753
359 -158.8296744 209.7257853
359 -81.56850436 274.6820553
359 -98.10496436 212.5049653
359 -46.92462436 249.5466353
359 -226.6291544 203.1112053
359 -81.56850436 174.1403853
359 -70.98517436 126.5153853
359 -64.57186436 71.15026526
359 -42.87262436 60.03993526
359 -73.30027436 3.814865256
359 -26.08868436 46.80965526
359 55.51930564 100.5542653
359 -84.54449436 -6.767354744
359 -40.64020436 20.35243526
359 -13.52154436 33.57937526
359 56.18019564 82.69376526
359 181.2785056 158.9268453
359 56.14428564 125.3898453
359 -97.11220436 -93.41839474
359 -46.84137436 -28.59547474
359 41.13201564 -0.153884744
359 -40.64077436 20.35132526
359 1.031105641 55.40861526
359 78.30313564 90.33255526
359 60.81097564 66.81988526
359 237.0531356 174.3377653
359 112.4868356 68.96850526
359 44.89949564 211.3794253
359 -117.2866844 -128.3103247
359 -50.56264436 -54.39347474
359 81.06756564 64.66902526
359 79.41391564 34.57267526
359 28.69376564 69.16588526
359 204.6416856 211.3794253
359 308.1599156 109.5148453
359 365.1639156 210.5205953
359 104.5493356 31.92684526
359 154.7015756 241.8065153
359 64.74324564 286.7856753
359 -179.5470244 -135.7528447
359 -133.8237144 -284.9116947
359 -91.57306436 -105.9872247
359 89.41847564 11.09090526
359 369.1326656 63.67684526
359 328.1222556 66.32267526
359 392.8265756 337.0565153
359 -277.3596044 -167.3363647
359 -164.2502244 65.49697526
359 -179.5475844 -188.6706347
359 -131.1773144 -352.3793347
359 -91.69165436 -201.3705747
359 184.0070156 13.73673526
359 41.13258564 -0.1527647439
359 434.0388356 27.62848526
359 365.7067856 -2.271614744
359 -271.4897244 -249.1929447
359 -227.8334744 -178.7476347
359 -212.5366844 31.10113526
359 -76.27683436 109.3174653
359 -200.7136844 -269.3674247
359 -121.2560044 -394.0523247
359 -84.95791436 -260.7673547
359 9.382015641 -14.04451474
359 509.4445156 42.84090526
359 382.4445156 22.33569526
359 390.6300656 -59.68513474
359 -209.9741044 -442.6695147
359 -223.8647244 -303.1018047
359 -312.5001444 2.161215256
359 -311.6265444 -27.07629474
359 -69.66225436 119.2393453
359 -212.0770644 -308.5268247
359 -192.1147244 -312.3622247
359 -117.2866844 -417.8637047
359 26.16652564 -258.1226347
359 -96.20270436 -299.1319347
360 66.05035071 -15.15003262
360 60.09779071 -22.42495262
360 167.2534707 -24.41045262
360 -52.59760929 -7.375662619
360 122.9363307 -34.33120262
360 -28.37282929 -20.11097262
360 -27.46275929 3.868017381
360 -93.60858929 -28.54344262
360 176.9273007 -43.09664262
360 156.6701407 -31.68649262
360 2.964330714 -59.63198262
360 -15.30902929 13.95413738
360 -110.7243893 10.31611738
360 -156.7784293 -81.13050262
360 200.0789107 -31.18928262
360 165.6825107 -54.34144262
360 53.89605071 -48.38831262
360 -52.26800929 -75.83883262
360 113.6753507 4.032257381
360 -7.619009286 21.06592738
360 -64.42230929 20.23798738
360 -135.4385493 5.532007381
360 -171.9913993 -81.79084262
360 -176.9523393 -96.01219262
360 221.9891507 -10.18909262
360 301.2814707 5.851267381
360 137.6799307 -49.84090262
360 -91.95607929 -83.11599262
360 197.6811207 16.60108738
360 18.17787071 40.24821738
360 -48.54673929 24.86931738
360 -86.58115929 39.42027738
360 -295.6025593 -31.02615262
360 -258.6424493 -81.12938262
360 -175.2165793 -53.18388262
360 -254.5915793 -92.54065262
360 -139.9112393 -92.04456262
360 278.2131107 18.91506738
360 342.2924507 15.77426738
360 -126.0200493 -95.35073262
360 145.2599807 85.72236738
360 45.54514071 35.78225738
360 222.8159707 15.27704738
360 27.43772071 49.50751738
360 18.17730071 40.24710738
360 -132.0927593 67.01096738
360 -307.5082493 -22.42607262
360 -272.4509493 -52.85315262
360 -300.8936593 -83.94170262
360 -158.6801193 0.7249673812
360 -276.8325493 -94.02782262
360 341.0516507 47.35777738
360 376.0268307 37.60238738
360 368.8329007 -26.06409262
360 154.6852007 88.69780738
360 -7.619569286 21.06480738
360 90.27683071 100.4409274
360 -175.6299893 128.8825174
360 -331.7251193 5.810827381
360 -306.1853293 -74.01982262
360 -348.8499593 -90.88813262
360 -335.0414493 -91.38310262
360 -372.0825493 -103.2882326
360 356.9266507 63.23277738
360 356.9272207 63.23389738
360 409.7606407 66.04397738
360 378.6720907 -35.82060262
360 191.1486607 107.3851274
360 108.3831207 115.8175974
360 -9.273219286 115.3226274
360 -135.9424893 128.8825174
360 -203.4106793 122.9305174
360 -245.9926193 4.032257381
360 -360.5075993 7.504917381
360 -317.3660893 -64.31144262
360 -348.8493893 -90.88701262
360 -397.8794293 -109.2413626
360 337.7443607 83.07652738
360 499.7189707 85.22626738
360 144.8471407 -108.2491726
360 150.1382407 129.2132474
360 259.0308207 127.3942374
360 125.9955807 130.2065574
360 22.47678071 76.95803738
361 71.44101743 35.27264581
361 44.98268743 28.65805581
361 104.5139374 28.65805581
361 -33.73086257 22.70493581
361 107.1597674 -22.93569419
361 246.2238674 63.86948581
361 138.2483074 59.08514581
361 87.97747743 -61.30027419
361 217.7446774 29.83527581
361 270.0357974 95.61836581
361 207.9413974 131.8332058
361 149.4930974 108.0330558
361 187.3535074 -32.70455419
361 286.5728274 100.2496858
361 267.4732174 172.8447458
361 173.3061674 127.2164658
361 27.28058743 -123.9858042
361 322.9165574 144.2675658
361 345.1113174 232.8709658
361 185.2118474 139.1215958
361 -70.53199257 37.90724581
361 13.38996743 -141.1837242
361 397.1283574 200.6054958
361 372.5618374 231.8787858
361 267.4726474 172.8436258
361 -156.5221426 22.03112581
361 -115.5938426 -215.2659342
361 428.2168974 209.8659158
361 416.2186574 246.4319858
361 -225.3132426 -21.62400419
361 -103.6875926 -237.0940642
361 -163.2194126 -152.4285142
361 461.1972574 212.6964858
361 -374.2240526 -70.40656419
361 -163.8808626 -136.5535142
361 471.6152274 213.8540458
361 -491.2200626 -124.4818942
361 -175.7865526 -117.3701042
361 525.8553774 174.8291158
361 523.2089774 219.8071658
361 -537.6042626 -145.1513542
361 -488.5742226 -153.5860642
361 -181.0782126 -103.4794742
361 530.1542874 181.4425858
361 517.5877174 158.9552358
361 539.7454374 241.9660158
361 -562.0787826 -153.0899742
361 -577.8711026 -203.8568942
361 -489.2356826 -197.9037742
361 -232.6725326 -131.9233042
361 -154.6563626 -79.96680419
361 -191.0006626 -82.31392419
361 520.8216274 143.0597358
361 671.8798174 234.0408658
361 588.6933574 278.6769558
361 -655.3444126 -186.1628842
361 -751.1731826 -293.8152342
361 -305.4323826 -192.1148942
361 481.1335674 63.02216581
361 604.2376274 267.7628958
361 589.6855374 300.8358158
361 -695.6933726 -208.6524742
361 -778.9538726 -293.1526542
361 -777.7501126 -308.1699342
361 -693.6263126 -299.1068942
361 -335.1985726 -208.6524742
361 -489.2351226 -197.9026542
361 457.9825174 -2.462214189
361 605.2298074 243.6196658
361 592.3313774 341.8462258
361 -652.6158926 -201.8725242
361 -760.5151526 -219.2335642
361 -806.7356826 -276.6173142
361 -826.5794326 -321.5964842
362 50.12477027 46.54563427
362 -63.45819973 2.341164266
362 46.45085027 54.43247427
362 76.50042027 -26.71087573
362 -58.43950973 48.06701427
362 -82.58030973 -90.87233573
362 52.68792027 13.96881427
362 -105.3179397 -19.60019573
362 97.38314027 51.78663427
362 24.32790027 94.50136427
362 -56.40591973 81.55226427
362 -103.9950197 93.50918427
362 -62.07509973 -89.54941573
362 -111.6017897 -90.37623573
362 56.32594027 17.27610427
362 43.09734027 7.024624266
362 -132.1069997 -19.60019573
362 -126.8153297 26.04043427
362 118.8805403 50.13299427
362 157.2451203 92.79705427
362 9.114920266 174.5389443
362 -48.18446973 -72.35149573
362 20.60719027 -89.54941573
362 -86.17154973 -108.9477357
362 -165.9240597 -86.24212573
362 -109.3225897 -102.8292457
362 59.30251027 7.354234266
362 -128.1382497 6.858134266
362 -191.6741497 -17.33575573
362 -134.3388497 35.63269427
362 139.3857403 49.80226427
362 192.3024103 107.3491343
362 191.5941703 14.63027427
362 97.71387027 138.7684043
362 56.98740027 -94.17962573
362 -100.4396797 -120.6379557
362 -195.6069997 -90.37623573
362 -126.8147697 26.04154427
362 -215.5334297 -16.12753573
362 -206.1903297 -63.25644573
362 -188.3309597 14.13418427
362 -170.1408497 97.47793427
362 171.4664703 82.21372427
362 197.1344503 115.6691543
362 180.3961603 83.86736427
362 217.7229103 117.4892843
362 220.3766503 12.93618427
362 234.7356803 -57.18608573
362 162.5367903 224.0965343
362 154.8832403 -89.54941573
362 -275.7255697 -190.7514257
362 -238.0230097 -89.54941573
362 -190.3980097 -109.3931657
362 -231.4084297 53.32558427
362 -240.8701197 -75.62677573
362 -176.4247097 24.05605427
362 348.6910903 130.0558743
362 244.5935203 -15.30071573
362 306.1091503 11.15761427
362 203.2523803 -83.76165573
362 245.9164403 -66.89446573
362 233.5141003 202.3190743
362 130.7867903 236.0027843
362 176.0499003 -84.91920573
362 -273.7417597 -241.0233757
362 -335.9188497 -229.1171257
362 -271.0959297 -149.0806657
362 -257.4065697 -95.47052573
362 -266.9939897 56.43149427
362 -168.4045197 42.24615427
362 -265.6747997 -93.81687573
362 376.4717803 136.0078743
362 256.4992103 -23.90079573
362 234.0107603 -3.393345734
362 376.5136903 16.83960427
363 -91.91830545 -6.728743637
363 -83.98080545 1.870216364
363 -126.8929155 -11.19358364
363 -31.72503545 13.77758636
363 -185.8453955 -12.68186364
363 -85.22104545 -30.37587364
363 37.72752455 27.66709636
363 -23.04396545 -27.06858364
363 104.5348145 27.00563636
363 250.8615645 -33.75148364
363 235.5035645 51.47959636
364 37.85418718 10.21207667
364 34.46421718 20.96077667
364 40.25140718 1.281276667
364 30.66026718 28.40106667
364 -6.38140282 -4.175763333
364 47.77606718 -23.52229333
364 25.94793718 34.02457667
364 -9.85406282 13.18752667
364 -5.223282821 -10.45849333
364 -7.70375282 -0.8673533332
364 77.45900718 -79.91162333
364 76.30145718 39.48160667
364 110.0358272 75.20035667
364 21.31829718 40.64027667
364 -10.51495282 18.81103667
364 0.03301717946 -16.16243333
364 -152.2329628 -50.14711333
364 107.3078872 59.16111667
364 119.9577072 81.81494667
364 89.44793718 73.05061667
364 -12.74680282 29.39548667
364 61.00523718 57.17561667
364 10.73439718 48.57665667
364 24.21161718 36.17431667
364 -151.5703728 -66.01987333
364 8.00644718 -26.99383333
364 -200.6009728 -75.77638333
364 144.3489872 16.16520667
364 150.3847872 88.42952667
364 63.65163718 83.63506667
364 150.3853572 88.43064667
364 53.06773718 73.71207667
364 1.143257179 47.91520667
364 -209.1178128 -103.7241233
364 -138.1769728 -55.43878333
364 22.43937718 -48.04692333
364 -294.5286228 -120.0952133
364 187.4264572 -7.812663333
364 212.5618772 129.7706667
364 106.6464272 108.7704867
364 53.06829718 73.71319667
364 27.27085718 73.05061667
364 -79.55466282 45.26936667
364 -279.3139428 -138.6138133
364 -156.2005828 -141.4261233
364 58.27671718 -120.9220333
364 -346.1218028 -138.6149333
364 143.7702072 -56.76058333
364 247.5364872 -17.56917333
364 244.3118772 57.01025667
364 285.2401772 172.2704867
364 322.9438672 128.6153567
364 196.6041872 136.5506167
364 87.46356718 110.0922867
364 23.96356718 58.49853667
364 -13.73899282 78.34340667
364 -169.5129928 26.08707667
364 -272.0390428 -157.1368833
364 -358.6895128 -166.3961833
364 -279.3150828 -138.6160433
364 -136.4395128 -158.1279533
364 -370.5963328 -141.9233433
364 63.04546718 -134.3804833
364 264.6517172 -33.60953333
364 332.9472872 123.8175467
364 296.4011472 193.9310167
364 362.7129172 158.2133767
364 235.6313672 141.1830667
364 59.68231718 110.0922867
364 -1.833312821 54.52978667
364 -64.04630282 168.3326367
364 -203.2468028 -2.354513333
364 -267.4088328 -162.4285433
364 -434.0963328 -180.2879233
364 5.773457179 -146.2228233
364 -172.8202928 -156.1446933
364 -122.4667728 -176.4845333
364 -400.0312228 -156.8061533
365 61.78719741 51.96217123
365 82.29296741 33.44246123
365 51.53458741 57.91530123
365 94.52937741 48.65488123
365 107.8880074 19.41737123
365 -15.35481259 71.14558123
365 117.0195374 39.39558123
365 134.8783374 13.26686123
365 101.7227374 140.5975912
365 -31.23038259 72.13665123
365 -18.00121259 78.42051123
365 123.9642774 24.51165123
365 101.1439674 67.17572123
365 146.2884974 159.2837912
365 -47.10424259 86.69097123
365 -44.78971259 105.5414212
365 134.8789074 13.26798123
365 163.3216174 168.3799612
365 -54.38085259 64.20027123
365 -168.5656726 107.6900412
365 -83.81632259 138.2824912
365 191.1022974 -50.56386877
365 240.7122474 221.9580812
365 191.1028674 -50.56274877
365 -89.43871259 20.54290123
365 -164.2661926 142.0858712
365 -169.8880226 93.80053123
365 226.1595874 -46.59511877
365 156.0450074 -50.56386877
365 191.7637574 -84.29823877
365 -97.37621259 -77.35292877
365 -163.4393726 155.8111312
365 -343.5573126 88.20903123
365 -178.8182726 42.86712123
365 -131.1105926 89.99603123
365 221.6588374 -93.03054877
365 274.4460474 -36.01177877
365 23.09244741 -116.0471288
365 107.5572774 -176.3742988
365 201.8150874 -106.9211788
365 -131.4413226 -99.18105877
365 -44.21093259 -48.41300877
365 -98.03767259 -93.88938877
365 -162.6125426 173.8358712
365 -443.9798126 151.1820412
365 -383.2089026 78.58587123
365 -408.3802226 99.45382123
365 -191.7167126 -29.23183877
365 -61.65746259 69.49082123
365 217.6900874 -116.1815888
365 386.6926874 12.80278123
365 287.1432074 -96.99929877
365 -7.205742593 -133.3795088
365 15.94529741 -171.7440888
365 96.97393741 -227.9680488
365 208.0989374 -188.2805488
365 168.0807074 -124.1190888
365 -142.1432526 -108.2440888
365 12.01302741 -7.402588765
365 -118.8736126 -91.24355877
365 -40.49023259 -99.17993877
365 -95.84116259 -126.7649288
365 -197.6698426 262.4712912
365 -157.3208826 195.0025412
365 -441.9960126 112.8163412
365 -296.4751726 236.5090512
365 -498.2199726 118.1080112
365 -437.4843926 72.66476123
365 -439.4687726 87.87830123
365 -54.38142259 64.19915123
365 389.3385274 45.87570123
365 374.7864374 -156.5305488
365 440.9322774 40.58403123
365 298.3880074 -112.2128388
365 -37.84496259 -127.6237588
365 -88.23439259 -176.3742988
365 -73.35158259 -217.3847188
365 153.5286274 -125.4420088
365 21.56768741 -241.1972188
365 127.4010274 -226.6451388
365 208.0989374 -204.1555488
366 177.7302938 -26.52162367
366 162.0212238 -8.661123671
366 144.1612838 42.27004633
366 115.7185738 6.551296329
366 85.1266938 116.3544963
366 91.2451838 48.88574633
366 57.5108038 15.15137633
366 130.9321138 -17.26120367
366 48.7459138 140.1658763
366 5.917053798 63.43783633
366 115.0576838 123.6305363
366 -86.3632762 13.27738633
366 173.2660138 -38.42675367
366 46.7615438 169.2700463
366 -88.1759562 29.70233633
366 -70.1871262 71.24086633
366 91.2446138 48.88462633
366 -129.8585962 191.1620863
366 132.9164838 113.0460863
366 103.5264438 140.4060263
366 158.6920738 137.3633163
366 -134.3121162 -8.661123671
366 203.6925338 -77.45391367
366 29.5636238 199.0356763
366 -115.7918462 12.50442633
366 -148.8180962 101.1044763
366 144.1618438 42.27116633
366 -152.1638862 209.5639563
366 176.5721738 43.59184633
366 77.6488138 140.6939863
366 125.9352738 140.6939863
366 181.2035138 146.1201263
366 -202.4417562 -40.41000367
366 225.5212238 -104.5725837
366 -80.7339862 50.87012633
366 -134.3126762 -8.662243671
366 -211.7038762 98.82361633
366 176.5727338 43.59296633
366 -184.5835162 232.1085863
366 -215.3413262 193.7440063
366 265.7042438 154.7179663
366 -232.3738762 -50.33412367
366 -132.3283062 25.73358633
366 -290.5822162 -103.2507837
366 299.5680838 -115.1250237
366 191.6209138 -136.9851637
366 148.0941238 -87.34377367
366 -223.6095562 97.50181633
366 249.9951838 43.59408633
366 -207.0730962 253.9367163
366 -233.5314262 -21.56068367
366 -268.0926262 -58.93307367
366 -290.5822162 -117.1414137
366 -411.2156762 -159.3093837
366 -306.2912762 -117.1402937
366 -347.4676262 -44.38099367
366 189.1045438 -181.2708537
366 325.3649538 -125.0468937
366 182.4154938 -147.5995337
366 173.7615438 -130.3705737
366 206.3383638 -142.9382837
366 203.6930938 -77.45279367
366 81.9841938 -97.29766367
366 85.7993638 -67.15959367
366 279.7602338 39.62421633
366 -289.0939262 22.09556633
366 -230.2241362 88.90285633
366 -302.4884662 -56.94870367
366 -270.7384662 -144.2612037
366 -461.4865062 -178.4916737
366 -330.2697162 -140.9539137
366 -404.9107262 -11.25843367
366 195.7191238 -228.8958537
366 329.9951638 -144.8906437
366 164.6664838 -151.5372437
366 206.3389338 -142.9371737
366 231.9698738 -150.2143237
366 -60.8908062 -127.0632837
366 54.6990438 -62.90182367
367 176.6091867 -135.5993367
367 -70.11420333 61.51637333
367 -106.4949833 74.08296333
368 -101.2343876 -144.8565634
368 -172.6718876 -133.6117734
368 -83.0801976 -95.21517338
368 -30.62371761 -152.6286934
368 -213.6823076 -126.9971834
368 90.2218924 -63.46517338
368 -16.93436761 -18.48600338
368 159.1321424 -34.88911338
368 -205.7448076 -42.99198338
368 -242.1244476 -121.0429434
368 303.2114724 91.31607662
368 307.2988124 -1.15474338
368 -193.3424676 -3.13911338
368 -252.2943676 -262.7603934
368 -404.8431976 -119.0585734
368 524.1385524 228.8994066
368 206.6385524 60.88899662
368 450.0552224 150.8473266
368 483.9081924 82.85046662
368 -172.1752276 45.80991662
368 -253.6178576 -295.8344234
368 -459.2487176 -159.2432834
368 -232.3679376 -20.99737338
368 -445.3575176 -117.5702934
368 749.0703024 348.9220866
368 115.3573024 25.17024662
368 514.8781424 179.9514966
368 556.6686024 153.6265066
368 -143.0710576 83.51304662
368 -198.6341276 35.22546662
368 -103.4668176 -232.6651534
368 -515.5553576 -408.2823434
368 -269.1621276 -17.36047338
368 -193.3418976 -3.13799338
368 -426.1752276 -85.15883338
368 -459.2481476 -159.2421634
368 759.6177224 449.8264966
368 737.8255024 348.9220866
368 731.8364724 316.2119066
368 592.9302224 210.3785766
368 661.8404824 217.1265066
368 -247.5820476 82.85046662
368 -123.8893376 99.38692662
368 -83.6230676 -230.6807834
368 -22.1068676 -163.2109134
368 -549.8679376 -340.4817434
368 -576.4916376 -446.4804434
368 -305.1289276 -36.21203338
368 -321.4173376 -9.42297338
368 -391.1185076 -3.80057338
368 -499.5976776 -214.8057834
368 635.9614924 453.4336166
368 818.5234224 447.4793766
368 759.6177224 470.9931566
368 669.3645724 339.3309366
368 742.5384024 275.3348466
368 683.0071524 246.2306766
368 -378.8809576 83.84377662
368 -19.37835761 147.0130466
368 20.22589239 -233.3266134
368 100.2623524 -103.6807834
368 -552.5143376 -324.6078634
368 -598.8164276 -376.2016134
368 -595.0130376 -482.8617734
368 -686.9557476 -496.0909334
368 -359.1204576 -0.8240133799
368 -374.9122076 60.03127662
368 -583.1426976 -138.8714234
368 -512.8262676 -255.8150834
368 525.4973824 459.3856266
368 670.7540324 482.3647666
369 185.1200464 -41.50067239
369 210.0433264 -98.91419239
369 147.5355164 27.09361761
369 -76.03740358 -7.302212388
369 188.5459264 24.44778761
369 -101.1728236 -4.656382388
369 -68.09990358 29.73944761
369 253.4520964 -11.60057239
369 127.5731764 70.28578761
369 -91.16826358 -28.13815239
369 -119.7757636 27.59082761
369 0.6917664194 119.6977876
369 328.8577764 3.611847612
369 201.8577764 -16.89336239
369 56.46639642 135.1087076
369 -139.4541536 -39.38182239
369 3.420276419 -25.49232239
369 -124.4065436 43.46470761
369 -99.51917358 25.43996761
369 -151.8929736 29.93682761
369 -125.0674336 61.32520761
369 392.3577764 7.580597612
369 184.5771764 171.2915376
369 24.05494642 172.1503676
369 -171.2047236 -53.27357239
369 -102.2836036 51.10349761
369 -179.5556336 16.17955761
369 -124.4424536 86.16078761
369 -223.4593636 20.81087761
369 503.9788764 -24.66549239
369 -116.5049536 -71.26629239
369 -217.5068036 -73.11732239
369 -194.1082836 -5.649682388
369 -135.6872436 172.1503676
369 -206.6754236 7.580597612
369 -245.1586036 31.92120761
369 557.5575664 -21.35708239
369 -66.44625358 -100.2371124
369 -188.4026436 -89.65378239
369 -227.4286836 -67.82565239
369 -139.4547236 -39.38294239
369 -221.2275136 -18.87773239
369 -115.8434936 247.5566176
369 -25.88516358 202.5774576
369 -221.2269436 -18.87662239
369 -253.8870136 -35.41419239
369 -251.5719136 87.28632761
369 596.0869464 -14.90898239
369 543.0054864 -57.73729239
369 -46.60250358 -110.1589824
369 -188.4020736 -89.65266239
369 -21.71513358 -100.8985724
369 -118.9489436 -120.7412024
369 -265.1318036 -45.99753239
369 212.2398364 297.8274576
369 -227.4281136 -67.82453239
369 -265.1312336 -45.99641239
369 -262.1552436 134.9113276
369 602.5361664 -57.73841239
369 601.3786164 53.88267761
369 510.5940264 -102.7164624
369 414.0205364 -85.51966239
369 -24.77438358 -123.3881524
369 66.25881642 -85.68503239
369 -258.5172236 -130.0027324
369 -231.1493836 -93.62253239
369 -277.6989436 -132.6474524
370 273.0455514 168.5318543
370 197.3894614 120.6078543
370 122.6446714 35.94118429
370 67.74363143 18.08181429
370 -139.1355486 -68.08548571
370 -223.1407586 -114.3875657
370 -298.5470086 -160.6896557
371 -68.9716889 4.852263049
371 -102.7060689 -41.44981695
371 38.8101111 -23.88915695
371 -117.0922189 28.50051305
371 -56.2380489 43.05260305
371 -112.4625789 -93.20893695
371 -215.6495089 -33.67656695
371 56.3387511 -22.56624695
371 -56.2386189 43.05148305
371 -151.3591689 17.78271305
371 -144.0831189 36.30355305
371 2.465811097 -65.26231695
371 3.788721097 -83.12169695
371 -110.5770189 -119.343077
371 53.0314611 -46.37874695
371 157.4129911 -13.17135695
371 -14.5667389 51.65044305
371 -185.0935389 11.82959305
371 -157.9737489 93.18896305
371 -175.1716689 54.82438305
371 49.7241711 -80.11311695
371 -147.9494189 -113.720677
371 -3.487318903 -126.116487
371 317.4864811 28.50163305
371 48.0705211 9.183753049
371 16.6512511 31.67334305
371 -1.998468903 57.60468305
371 -209.5674989 -3.383946951
371 -154.3357289 140.152503
371 -180.4633289 150.735843
371 87.2984111 -75.34843695
371 -106.9389989 -173.913387
371 -174.1429989 -78.49036695
371 -77.2399189 -149.598257
371 321.9142711 15.79834305
371 319.2684411 96.49625305
371 41.1252111 43.57959305
371 37.1918011 70.99698305
371 -234.8312289 -6.555656951
371 -196.3383289 99.80355305
371 -119.9398889 142.798343
371 -77.2758289 135.522303
371 -105.7185389 167.272303
371 -194.3539589 156.027503
371 232.8186711 -28.38601695
371 120.8309411 -193.222497
371 -141.7315389 -202.844537
371 -215.6500789 -33.67768695
371 -18.0753089 -185.284997
371 454.2059411 74.00667305
371 317.4853411 -12.51101695
371 246.5080211 -4.045406951
371 88.7502111 67.39209305
371 85.9749211 88.03065305
371 28.5575011 126.261883
371 -277.3669789 -19.92040695
371 -24.6898889 162.642093
371 -53.4633289 128.907713
371 -75.2914589 182.485843
371 -161.9054489 187.086273
371 -207.7120089 164.099473
371 218.7267711 -287.149577
371 40.8303911 -208.798777
371 188.2996911 -179.993327
371 -252.1956489 -196.892527
371 -18.0753089 -206.451657
371 -258.4795089 -307.686797
371 -234.8323689 -6.557896951
371 -0.8773889029 -123.107907
371 450.2371911 141.475423
371 561.3621911 125.600423
371 454.2059411 -0.0766569511
371 333.8205211 -119.139157
371 371.0634711 8.655653049
371 155.5575011 78.63688305
371 222.6955211 31.67334305
371 258.6155511 128.379603
371 128.7684411 120.308753
371 34.8413611 167.933753
371 -289.7328389 21.88593305
371 -273.3982289 -35.79540695
371 -388.4919789 -35.79540695
372 -4.436429047 24.87000833
372 -17.00413905 -61.78103167
372 6.807790953 35.45222833
372 -37.17861905 -96.67296167
372 15.53620095 102.7876283
372 -53.71564905 -253.2743317
372 -99.43895905 -104.1154817
372 37.23544095 91.67729833
372 9.122890953 158.1527483
372 -51.06924905 -320.7419717
372 -99.43951905 -157.0332717
372 -197.251539 -135.6990017
372 -84.14215905 97.13433833
372 54.01938095 78.44701833
372 135.627371 132.1916283
372 -1.460439047 205.7777483
372 -41.14793905 -362.4149617
372 -120.605619 -237.7300617
372 -147.725409 -147.1102717
372 -191.381659 -217.5555817
372 -132.428619 62.73849833
372 3.831230953 140.9548283
372 66.58652095 65.21673833
372 39.46786095 51.98979833
372 136.252351 157.0272083
372 136.288261 114.3311283
372 261.386571 190.5642083
372 -17.99689905 244.1423283
372 -37.17861905 -386.2263417
372 -112.006659 -280.7248617
372 -131.968999 -276.8894617
372 -143.756659 -271.4644417
372 -129.866039 -411.0321517
372 -231.518479 4.561068333
372 -232.392079 33.79857833
372 10.44581095 150.8767083
372 121.240081 31.48347833
372 81.13917095 87.04597833
372 39.46729095 51.98868833
372 33.26669095 3.041888333
372 125.007561 243.0167883
372 140.919041 98.45724833
372 158.411201 121.9699183
372 192.594901 100.6058683
372 317.161201 205.9751283
372 -12.90649905 270.7980383
372 -53.38491905 -450.0581917
372 -100.100409 -273.4488117
372 -122.259269 -435.1753817
372 -121.054939 39.61835833
372 -265.464999 -12.50350167
372 -197.252109 -135.7001217
372 -227.549729 97.82668833
372 -270.756659 23.87670833
372 -25.35561905 149.5537883
372 29.54542095 -22.75611167
372 144.851311 318.4230383
372 234.809641 273.4438783
372 159.521981 66.21003833
372 108.801831 100.8032483
372 161.175631 96.30638833
372 184.657401 63.56420833
372 388.267981 141.1522083
372 445.271981 242.1579583
372 284.749751 243.0167883
372 -78.72160905 241.3631483
372 33.18344095 281.1839983
372 -13.36668905 324.1787883
372 -1.460439047 306.3194183
372 -88.44163905 -531.4164517
372 -21.38686905 -447.0816317
372 -212.217029 -518.5180117
372 -88.44220905 -531.4175617
372 -280.017079 -22.42538167
372 -264.059399 -163.4813717
372 -211.142729 126.2373783
372 -381.137519 0.5602983334
372 -265.382319 97.13321833
372 -168.147369 144.0978783
372 -11.46499905 -74.34986167
372 472.934641 368.6938783
372 169.526541 42.72826833
372 408.230321 97.96003833
372 449.240731 95.31420833
373 115.0109262 13.80766375
373 82.60003625 -0.08184625022
373 132.2088462 29.68266375
373 -25.54840375 -11.65736625
373 118.9796762 3.22433375
373 -104.2625138 -36.79389625
373 -146.2651138 -31.17150625
373 -172.7234538 32.98995375
374 -187.3867348 137.4301113
374 -292.5586148 212.8363613
374 -152.9903348 110.3114313
374 71.73956521 120.2321913
374 -42.52736479 36.88844127
374 161.6984652 121.5562213
374 56.02992521 -69.60634873
374 153.7603952 136.1071913
374 165.6660852 108.3248213
374 72.86121521 -70.40115873
374 26.26487521 -65.63647873
374 182.8645652 85.83636127
374 124.8215952 -76.88238873
374 60.21956521 -45.14575873
374 -47.15757479 -65.63759873
374 194.7713852 58.05622127
374 50.37162521 -26.08344873
374 -79.56846479 -66.95939873
374 239.7511152 96.42193127
374 149.7916452 -145.6740587
374 49.71016521 -0.2865787318
374 -132.4856948 -60.34593873
374 311.1047952 96.25432127
374 165.6666452 108.3259413
374 297.9588852 132.1395613
374 148.4687352 -191.9761387
374 143.1770652 -151.6271887
374 -217.8132548 -45.79272873
374 355.4225052 97.57724127
374 323.6736452 71.12114127
374 318.5929852 142.7537913
374 104.8130452 -155.5948187
374 -166.2195048 -94.07918873
374 -353.5889048 81.93152127
374 -311.9062648 -79.52822873
374 -293.9174348 -37.98969873
374 -138.6036148 7.123931268
374 456.6256352 139.2491213
374 323.6725052 71.11891127
374 26.26430521 -65.63759873
374 112.7499852 -164.1948887
374 -108.0117348 -102.6792687
374 -310.0935848 -95.95317873
374 -375.8941948 100.3333913
374 -339.5221548 -96.72613873
374 -372.5484048 -8.126088732
374 -108.6726248 14.39997127
374 -174.9843948 30.93531127
374 -79.56902479 -66.96051873
374 501.1554852 145.3996213
374 264.8027152 47.30641127
374 82.32289521 -162.8719787
374 -61.70908479 -117.8916887
374 -132.4851248 -60.34481873
374 -92.79819479 -126.4917687
374 -358.0424248 -117.8916887
374 -408.3138248 122.8780213
374 -439.0716348 84.51344127
374 -358.0429848 -117.8928087
374 -304.4642948 -58.36043873
374 -435.4341848 -10.40694873
374 -120.2038648 31.17546127
374 -65.03823479 28.13275127
374 -90.81382479 3.815521268
374 -176.9687648 60.03948127
374 351.0044352 64.70170127
374 535.5513152 147.3839913
374 531.5825652 124.2329513
374 218.5000652 -55.22074873
374 41.97393521 -164.1948887
374 -46.00001479 -135.7521887
375 -67.33856571 56.33169831
375 -70.68175571 24.86175831
375 -55.43231571 66.25356831
375 -11.11460571 22.59731831
375 -94.54103571 26.06997831
375 -85.19793571 -21.05893169
375 -47.41212571 84.44366831
375 9.390604287 -48.17872169
375 -7.145855713 49.05564831
375 15.67445429 22.59731831
375 -110.4160357 95.52309831
375 -119.8777257 -33.42926169
375 -74.61460571 -48.17872169
375 -13.34702571 77.82908831
375 38.41208429 -48.67482169
375 -44.93166571 -44.04461169
375 11.66980429 -60.63173169
375 -5.822375713 68.23905831
375 57.53419429 44.53867831
375 -5.822935713 68.23794831
375 -146.0015957 98.62900831
375 -144.6824057 -51.61936169
375 -69.40561571 -67.19565169
375 -117.0306157 -47.35190169
375 58.91729429 -47.35190169
375 34.82084429 -66.75022169
375 173.6803143 56.16632831
375 171.1171643 88.74314831
375 62.55288429 90.26452831
375 -13.34645571 77.83020831
375 -253.1256757 121.4853383
375 -122.0234057 50.11499831
375 -158.7024957 -49.33627169
375 -157.5808457 -59.22613169
375 -136.4141757 -53.27301169
375 141.5995843 -47.35190169
375 72.80792429 -30.15398169
375 20.55271429 -78.44044169
375 164.0897343 49.22213831
375 177.3183343 59.47361831
375 197.4928143 15.48663831
375 167.4432443 96.62998831
375 16.99737429 135.7066983
375 -49.14845571 139.6754483
375 -138.1947457 -39.10616169
375 -185.3620957 -46.65843169
375 -195.0827057 -89.02377169
375 -116.3685957 -63.88724169
375 177.9797943 -51.98211169
375 -154.7331757 -148.5539117
375 180.2949043 49.55174831
375 218.3755343 93.98414831
375 64.58647429 123.7497783
375 145.3202943 136.6988783
375 -219.7579257 -46.65843169
375 -232.8217357 -82.37718169
375 -69.40505571 -67.19453169
375 -150.1035357 -106.8831517
375 275.8756343 -47.35190169
375 -152.7493657 -198.8258617
375 -214.9264557 -186.9196117
375 312.5865643 56.82778831
375 278.2375143 134.9945683
375 239.8729343 92.33050831
375 130.1073143 216.7364583
375 -184.4525957 -33.34658169
375 -250.1850157 -42.02822169
375 -250.1850157 -55.25738169
375 20.55328429 -78.43932169
375 297.0422943 -42.72169169
375 -153.4108257 -212.7164817
375 -132.7396857 -187.7453117
375 -222.0371257 -242.6474717
375 355.7280743 -14.98857169
375 341.3690443 55.13369831
375 313.2948043 149.5466483
375 260.3781343 91.99977831
376 31.39932377 -82.94939232
376 79.02489377 -145.7868123
376 30.73787377 -67.07439232
376 90.93114377 -167.6149423
376 208.0087038 -71.70460232
376 18.83218377 -47.89098232
376 221.8993238 -54.50668232
376 13.54052377 -34.00035232
376 381.9722438 36.77456768
376 3.618073769 -12.83480232
376 39.96237377 -10.48768232
376 -38.05379623 -62.44418232
376 412.3634138 99.31439768
376 -110.8136462 -122.6357723
376 440.8426038 133.3486077
376 -140.5798362 -139.1733523
376 -294.6163862 -128.4235323
376 464.6545338 165.0974877
376 299.1326738 98.13717768
376 -238.4751062 -142.4795223
376 -264.1898662 -174.7267323
376 -332.9809662 -135.0381123
376 481.1915638 169.7288077
376 301.7785038 46.54342768
376 332.8670438 128.5642677
376 266.0597538 104.7517677
376 -280.0648662 -175.3881923
376 -272.9074162 -150.0553923
376 -343.5642962 -163.4808223
376 -383.2512262 -134.3755423
376 517.5352938 213.7466877
376 282.5962138 8.178847681
376 402.5601338 201.3123277
376 344.1118338 177.5121777
376 239.6014238 98.13717768
376 -340.9190362 -238.8881923
376 -350.1788862 -172.7412423
376 -457.9971562 -132.3934023
376 591.7470938 270.0846177
376 462.0919538 242.3238677
376 367.9249038 196.6955877
376 160.8878738 92.18405768
376 -418.9711162 -212.4298623
376 -501.0746362 -139.1733523
376 622.8356338 279.3450377
376 539.7300538 302.3500877
376 124.0867438 107.3863677
376 379.8305838 208.6007177
376 -460.7256762 -116.6837623
376 -565.8964162 -149.7544423
376 567.1805738 301.3579077
376 38.09659377 91.51024768
376 462.0913838 242.3227477
376 -367.4600462 -83.61085232
376 -620.7980262 -168.9378523
376 610.8373938 315.9111077
376 -30.69450623 47.85511768
376 -342.9855262 -75.67223232
376 -648.5798362 -168.9389723
376 -657.0961162 -180.6798623
376 655.8159938 282.1756077
376 -179.6053162 -0.9274423192
376 -296.6013262 -55.00277232
376 -669.7465062 -159.6785523
376 -718.6117462 -192.5861123
376 666.2339638 283.3331677
376 -293.9554862 -84.10694232
376 -716.7100462 -163.6473023
376 -816.5075762 -225.6590223
377 111.918752 -0.2645839998
377 63.301562 -6.879164
377 6.416142 -6.879164
377 -55.760938 6.349996
377 -125.875518 7.672916
378 -316.0482091 -188.0138871
378 -189.7096691 -166.1857571
378 -87.18361914 -151.6336771
378 -61.46885914 -153.7822971
378 -39.64073914 -138.5687571
378 -272.3913891 -272.0179771
378 -112.4017191 -100.8667471
378 105.0168009 -15.58928714
378 -282.9747191 -250.1898471
378 -261.8086191 -295.1701371
378 -146.7148691 -79.53471714
378 -99.51837914 -91.16343714
378 197.1613509 77.72812286
378 -715.1475491 -347.4129871
378 -316.0476391 -188.0127671
378 -131.5007691 -45.79922714
378 -191.6940391 -48.44617714
378 -71.73712914 -91.82489714
378 -62.79177914 -59.19375714
378 221.0559609 92.44445286
378 137.0501809 56.72458286
378 -325.9695191 -172.7992271
378 -110.9961191 -4.128467143
378 -42.94859914 -42.65841714
378 -195.6622191 -66.96588714
378 -189.7090991 -33.89297714
378 -215.5892191 -38.02820714
378 -20.14223914 -67.34869714
378 -4.785289141 -84.38095714
378 -20.14280914 -67.34981714
378 250.0774409 126.6749229
378 278.6034009 120.2268229
378 144.8696609 91.31891286
378 59.37617086 55.18675286
378 128.4517909 35.22830286
378 -225.4284191 -131.1284671
378 -445.3165391 -27.49553714
378 -13.18240914 -8.261467143
378 -216.8294591 -91.44096714
378 -118.9336191 15.71528286
378 -258.1238291 -23.52678714
378 10.94573086 -50.81335714
378 308.2863509 163.7177029
378 309.6913809 129.4861129
378 327.5507509 157.2673629
378 236.2695009 81.19966286
378 165.4940309 152.9690029
378 45.10804086 52.42622286
378 -193.0169591 -112.6076371
378 8.443880858 -1.037207143
378 -74.61534914 40.85182286
378 -308.3946591 4.254462857
378 329.5351309 181.0798629
378 184.0148609 154.2919229
378 334.1653409 135.4392429
378 343.4263209 167.8518229
378 274.6340909 96.41320286
378 223.7023609 74.58619286
378 116.6389809 141.6988629
378 18.36576086 -2.360127143
378 -17.73049914 78.55382286
378 -206.5768491 62.34809286
378 343.3436409 191.4989529
378 402.2966809 183.7279329
378 216.4257509 187.0329929
378 402.2955409 183.7257029
378 150.2799209 -9.420137143
378 111.2550109 187.0352329
378 119.1913809 113.6111129
378 59.85020086 126.7352229
379 76.23929536 127.4722472
379 78.88512536 264.3941172
379 41.18256536 236.9447172
379 116.7547454 295.1541672
379 28.78022536 206.5176372
379 138.4169454 307.7207572
379 -98.21977464 201.2259672
379 26.33561536 164.6371372
379 207.5034354 357.8582472
379 -58.69764464 130.7806572
379 -127.5709046 115.0078572
379 -9.088264639 113.5827372
379 8.770195362 107.4798272
379 21.87455536 127.5545872
379 64.33417536 87.78698725
379 -56.00502464 98.15316725
379 76.90131536 175.0983672
379 -24.25502464 86.24691725
379 -171.1455546 85.14002725
379 105.3440254 193.6191972
379 -89.07794464 0.9187872463
379 46.72228536 64.46945725
379 10.34263536 -22.18046275
379 -177.6768946 36.68932725
379 44.20590536 10.17920725
379 64.33360536 87.78586725
379 5.510595362 -30.50048275
379 30.93109536 -20.36033275
379 -162.4639146 -43.34825275
379 189.6810954 -1.839502754
379 42.55226536 1.910977246
379 61.35704536 125.1582572
379 -6.395654638 -53.98225275
379 -29.54669464 -45.05256275
379 161.8992754 -7.793742754
379 -140.3409646 -83.41714275
379 10.34207536 -22.18158275
379 76.23985536 127.4733672
379 -15.32534464 -55.63589275
379 -89.40867464 -86.06298275
379 4.802355362 -123.2193428
379 189.6799654 -1.841742754
379 -243.1977346 -56.29735275
379 -136.6670446 -91.30398275
379 122.8059954 135.6402572
379 -47.40607464 -88.04735275
379 -67.91127464 -87.71662275
379 -130.4658746 -120.5735128
379 47.94386536 -195.0357028
379 -127.4893046 -130.4953828
379 33.58483536 -124.9134328
379 233.2171954 -63.71329275
379 229.3674654 -1.841742754
379 -250.2500146 -135.5084528
379 -110.2913946 -164.5604928
379 -134.1038946 -123.8808028
379 16.46056536 -221.6112728
379 59.12462536 -204.7440828
379 -143.6944746 -130.8249928
379 119.3173354 -126.6920028
379 57.80170536 -153.1503328
379 278.7287954 -91.30398275
379 312.3804854 -8.125592754
379 -269.3721246 -228.7219528
379 -292.1097546 -157.4498128
379 -245.2313246 -89.78260275
379 30.26850536 -222.1073628
379 -10.74191464 -222.7688228
379 -6.773164638 -234.0136128
380 127.6681685 88.52502029
380 181.9077486 140.7802303
380 103.1942086 88.52502029
380 79.38170855 84.55627029
380 55.56920855 88.52502029
380 40.31975855 79.95808029
380 31.09467855 92.49265029
380 33.74107855 34.94689029
380 14.52288855 67.05964029
380 -56.87871145 22.37919029
380 27.75204855 -4.04712971
380 -2.63912145 66.69689029
380 -101.8578715 0.5510602901
380 -91.27511145 22.37807029
380 88.60621855 32.33308029
380 -7.93079145 -25.24580971
380 -12.56100145 52.14481029
380 -131.6235014 6.50419029
380 -136.9151715 -19.95414971
380 -38.35731145 -17.96864971
380 -120.3787114 29.65523029
380 150.7832986 78.63516029
380 -52.28441145 -44.72681971
380 75.41295855 -46.41247971
380 -38.35787145 42.22294029
380 -91.27454145 22.37919029
380 -161.3885614 25.02614029
380 -175.2797514 -27.89164971
380 -91.93543145 -17.96864971
380 156.7364285 95.83308029
380 -21.40800145 -55.83825971
380 -82.05003145 -85.07577971
380 -91.93600145 -17.96976971
380 34.81594855 -57.82263971
380 113.7775386 -52.36560971
380 196.4603986 -4.07802971
380 -233.4875215 -6.72385971
380 -258.6229315 27.01051029
380 -106.4880815 36.93127029
380 -189.7491515 -41.94763971
380 168.6426785 102.4476603
380 160.0437185 110.3851603
380 131.6369185 80.58752029
380 -128.3162114 -79.48539971
380 -66.83649145 -121.4559897
380 -8.59225145 -96.68330971
380 72.10566855 -62.28747971
380 123.0379586 -41.78226971
380 115.7619185 -63.61039971
380 168.0171285 -71.54789971
380 182.3211586 17.58361029
380 233.9149086 -41.28617971
380 -256.0609215 -6.22999971
380 -324.7693315 28.99377029
380 -315.7569614 45.36486029
380 -38.35731145 42.22405029
380 -229.5182014 -71.54565971
380 173.9343386 117.6612003
380 91.94941855 79.26460029
380 -219.5147814 -76.34346971
380 -8.59168145 -96.68219971
380 -54.89433145 -135.0478997
380 -140.4237314 -145.6818997
380 26.46560855 -99.32802971
380 76.07441855 -80.14685971
380 113.1160785 -77.50101971
380 244.7462886 -74.19372971
380 338.6728086 -6.06463971
380 154.1264986 22.37919029
381 -11.13474 -2.976935
381 -0.5513999998 12.236605
381 -113.66021 -70.444565
381 41.7825 38.696055
381 31.86005 -24.143605
381 51.7038 46.632445
382 67.11827357 -11.039649
382 57.19582357 10.125901
382 72.40993357 -24.930279
382 93.54012357 12.473021
382 15.52395357 -39.483479
382 84.31562357 -44.113689
382 -57.23589643 -99.675069
382 84.97707357 -59.988689
382 -87.00208643 -116.212649
382 -241.0386364 -105.462829
382 132.6026436 -122.826109
382 -184.8973564 -119.518819
382 -210.6121164 -151.766029
382 -279.4032164 -112.077409
382 261.5864536 -48.743899
382 144.5088936 -144.654239
382 -219.3296664 -127.094689
382 -226.4871164 -152.427489
382 -329.6734764 -111.414839
382 -289.9865464 -140.520119
382 275.4770736 -31.545979
382 -287.3412864 -215.927489
382 -404.4194064 -109.432699
382 -296.6011364 -149.780539
382 435.5499936 59.735271
382 -447.4968864 -116.212649
382 -365.3933664 -189.469159
382 465.9411636 122.275101
382 -512.3186664 -126.793739
382 -407.1479264 -93.723059
382 494.4203536 156.309311
382 -567.2202764 -145.977149
382 -313.8822964 -60.650149
382 518.2322836 188.058191
382 352.7104236 121.097881
382 -595.0020864 -145.978269
382 -603.5183664 -157.719159
382 -289.4077764 -52.711529
382 534.7693136 192.689511
382 319.6375036 127.712471
382 355.3562536 69.504131
382 386.4447936 151.524971
382 -616.1687564 -136.717849
382 -665.0339964 -169.625409
382 -243.0235764 -32.042069
382 571.1130436 236.707391
382 293.1791736 121.097881
382 336.1739636 31.139551
382 397.6895836 200.472881
382 456.1378836 224.273031
382 -663.1322964 -140.686599
382 -762.9298264 -202.698319
382 -240.3777364 -61.146239
382 -126.0275664 22.033261
382 645.3248436 293.045321
382 214.4656236 115.144761
382 421.5026536 219.656291
382 515.6697036 265.284571
382 -329.6746164 -111.417069
382 -241.0391964 -105.463949
382 22.88324357 70.815821
382 676.4133836 302.305741
382 433.4083336 231.561421
382 177.6644936 130.347071
382 593.3078036 325.310791
382 -502.9766964 -201.375409
382 91.67434357 114.470951
382 515.6691336 265.283451
382 620.7583236 324.318611
382 -529.5536264 -215.730109
383 -13.98130547 -3.186918933
383 -27.32906547 -34.07807893
383 5.863014534 32.53295107
383 56.21595453 -110.0124389
383 -72.27232547 -20.88092893
383 95.82077453 115.8755811
383 96.56548453 -54.44881893
383 42.98736453 -151.0217389
383 -5.713075466 94.04746107
383 -78.26135547 -50.61453893
383 -188.6889855 5.577411067
383 129.6378345 19.63340107
383 88.21400453 140.0188111
383 110.4561145 -12.77694893
383 40.34095453 -184.7572289
383 -59.04258547 -161.1089789
383 -104.0223255 -149.2038389
383 -172.1884355 -43.99994893
383 -259.4650355 11.53053107
383 117.9796345 277.6021511
383 26.69838453 333.4953811
383 129.6384045 19.63451107
383 150.9704345 -14.26522893
383 3.299294534 -219.8145189
383 -92.81343547 -164.0546389
383 -11.41815547 -120.0996789
383 -229.6994055 -112.1621789
383 -348.3017255 -36.80659893
383 -397.8751855 38.31959107
383 20.82850453 415.3519611
383 164.6951245 100.9927711
383 323.4456945 83.79597107
383 96.56491453 -54.44993893
383 313.6891845 -16.24959893
383 5.945694534 -235.6883989
383 -138.4175855 -183.5985589
383 -282.6160755 -114.8080089
383 -394.7691655 -65.16661893
383 -259.4644655 11.53165107
383 118.6410845 446.9354811
383 70.35463453 403.9406911
383 180.9014245 164.8246211
383 196.6931745 103.9693311
383 286.6515045 87.43287107
383 362.4717345 101.6553511
383 342.1313245 -22.20383893
383 303.5192645 -157.9670489
383 -43.00279547 -271.4082689
383 40.25827453 -303.4889989
383 -104.0217555 -149.2027289
383 -217.7925855 -248.4214789
383 -396.0920855 6.932341066
383 -506.8504455 -147.2194689
383 -134.6974555 76.84954107
383 133.9378845 648.1853011
383 180.9014245 454.3780011
383 118.6405245 394.0176911
383 74.32338453 279.5865211
383 176.9321045 188.6360011
383 234.3962945 95.37037107
383 357.1795045 140.0188111
383 250.6847045 68.58131107
383 383.1417445 -28.81842893
383 472.7334345 9.578171066
383 350.0688245 61.80136107
383 302.1957745 -191.0410789
383 -84.17857547 -287.4486389
383 -20.67800547 -341.6870989
383 -282.6160755 -234.5319689
383 -144.3712855 -256.3600889
383 -388.4494055 -334.4121789
383 -398.0764655 81.67713107
383 -492.9592555 -160.4475189
383 -537.2769655 -173.0152289
383 -69.21194547 106.6174011
384 -156.1217194 27.33186875
384 -89.97531937 25.34860875
384 7.259050625 23.36423875
384 -147.1093494 43.70295875
384 -64.83990937 -8.38576125
384 62.15953063 35.26936875
384 37.02411063 4.84228875
384 -223.1770594 99.26545875
384 -237.0682494 45.02475875
384 -87.41330937 -7.89190125
384 130.2903006 40.56214875
384 66.78974063 -1.11084125
384 -6.632139375 -29.55355125
384 77.37307063 20.71728875
384 -189.3768794 116.9425488
384 -266.8333094 58.25504875
384 -287.0077894 16.25243875
384 -217.2239394 26.50504875
384 -98.57427937 -29.55243125
384 130.2903006 -19.63055125
384 111.7689006 20.71728875
384 31.73244063 -21.61605125
384 -21.10153937 -43.60954125
384 130.2897406 40.56103875
384 -149.8378694 127.2120788
384 -283.4524494 51.80582875
384 -350.9211994 -11.03271125
384 -171.2525794 -72.05225125
384 160.7168206 -26.90771125
384 76.71218063 -19.63055125
384 77.37250063 20.71616875
384 202.3886906 33.28498875
384 -60.87058937 -73.20756125
384 156.0866106 50.48290875
384 -115.2117794 146.4970588
384 -287.0083594 16.25131875
384 -233.4296694 -113.3933912
384 116.3632006 -46.38872125
384 244.0605706 -48.07438125
384 196.3996606 -5.70903125
384 48.26890063 27.99332875
384 208.9673706 78.29617875
384 -50.86716937 -78.00537125
384 166.0084906 65.03498875
384 -86.58591937 155.4894188
384 -276.5065694 -142.6618012
384 86.59758063 -86.73768125
384 147.2396106 -57.50016125
384 76.71161063 -19.63167125
384 282.4251506 -54.02751125
384 203.4635606 -59.48454125
384 365.1080106 -5.73993125
384 257.2538306 30.67117875
384 224.2168206 86.86311875
384 183.1705006 65.39773875
384 -139.5025794 -144.8126612
384 40.33140063 -81.14730125
384 -7.872369375 133.6612988
384 -5.639949375 186.0818688
384 -239.4654694 -185.6577112
384 -307.5129994 -162.3413112
384 101.8111206 -123.1178912
384 160.0553606 -98.34521125
384 291.6855706 -43.44417125
385 -105.850002 -56.71539924
385 -121.064102 -90.45088924
385 -85.34535203 -15.04463924
385 -17.29783203 -53.57458924
385 -166.043272 -59.36234924
385 -86.75095203 -111.7829192
385 12.46835797 -19.17763924
385 -37.14101203 -70.10992924
385 -170.011452 -77.88205924
385 -189.938452 -48.94437924
385 -164.058332 -44.80914924
385 -73.86761203 -102.0796092
385 -13.98997203 -149.4849292
385 34.09464797 -11.95337924
385 5.507957975 -78.26598924
385 -191.178692 -102.3571392
385 -232.473062 -34.44295924
385 -93.28285203 4.799110759
385 -46.08636203 -102.7410692
385 130.667568 -26.50545924
385 -35.81809203 -164.6984692
385 44.01652797 -13.27629924
385 -199.777652 -142.0446392
385 -282.743892 -6.661709241
385 -48.96458203 29.93565076
385 5.508527975 -78.26486924
385 20.86547797 -95.29712924
385 222.812118 66.81195076
385 -246.740622 -282.9341492
385 -61.53285203 -162.5498492
385 75.76652797 14.50495076
385 -167.366192 -123.5238092
385 -300.318752 -183.7153992
385 -180.926082 51.43192076
385 7.920267975 67.63765076
385 36.59649797 -61.72952924
385 162.700948 45.80841076
385 246.706728 81.52828076
385 -257.323952 -261.1060192
385 -236.157852 -306.0863092
385 -164.058902 -177.1019292
385 117.060898 34.89547076
385 -419.665772 -38.41170924
385 -290.396872 -198.9289392
385 -147.853172 68.62984076
385 50.91505797 84.17411076
385 170.520428 80.40274076
385 154.102558 24.31213076
385 85.02693797 44.27058076
385 275.728208 115.7587508
385 304.254168 109.3106508
385 -689.496782 -358.3291592
385 -290.397442 -198.9300592
385 72.08342797 108.9821508
385 191.144798 142.0528308
385 70.75880797 41.51005076
385 333.937118 152.8015308
385 261.920268 70.28349076
385 335.342148 118.5699408
385 353.201518 146.3511908
385 92.58693797 190.0074408
385 85.50096797 115.8190508
385 -110.480772 111.6246308
385 -94.60520203 89.13617076
385 209.665628 143.3757508
385 142.289748 130.7826908
385 355.185898 170.1636908
385 249.353128 63.67002076
385 359.816108 124.5230708
385 300.284858 85.49703076
385 369.077088 156.9356508
385 136.905778 176.1190608
385 90.60255797 216.4657808
385 -134.293272 136.7600508
385 -176.957332 107.6558808
385 -48.96515203 29.93453076
385 -180.595352 77.22880076
385 242.076518 176.1168208
385 144.842148 102.6949408
386 -1.071480589 15.72016515
386 1.480919411 -12.36758485
386 47.78356941 26.99030515
386 -57.86026059 0.7565251463
386 -6.455450588 61.05653515
386 27.15919941 -34.65978485
386 66.30439941 28.31322515
386 -71.27780059 -6.080374854
386 38.52257941 54.77044515
386 -50.77429059 74.94491515
386 19.33971941 -69.25411485
386 98.71528941 61.05429515
386 190.5758894 37.73900515
386 -237.9664306 -25.92635485
386 -92.44617059 -30.88841485
386 -253.8420006 -3.437894854
386 47.78299941 111.6558551
386 89.02693941 65.96315515
386 -52.75867059 101.4032551
386 79.45088941 -48.25057485
386 -58.33429059 -70.79194485
386 10.74132941 -90.75039485
386 107.3142494 86.18971515
386 132.3669794 0.6962251463
386 211.8246694 55.10116515
386 -323.9565806 -37.83372485
386 -192.3263806 -85.12799485
386 -135.4409606 -47.42487485
386 -277.6545006 21.69752515
386 -320.3185606 -7.406644854
386 109.9606494 214.8444751
386 -70.61747059 111.9877051
386 103.3454994 -33.53424485
386 -12.69366059 -141.5679849
386 -72.60242059 -73.55247485
386 109.9600794 126.5386651
386 225.6331794 65.52025515
386 284.5862194 57.74923515
386 -171.8211706 -109.2712249
386 -192.3258106 -85.12687485
386 150.3090394 215.1740851
386 47.66440941 206.7725051
386 117.1175394 226.6162551
386 -159.2534606 120.5855451
386 -56.72742059 154.9813751
386 160.8929394 -5.751874854
386 -157.3512006 -264.5474549
386 363.2153794 138.9398951
386 -236.6440806 -110.2634149
386 178.0081794 208.3952551
386 -218.7847106 124.5542951
386 118.5590394 -44.77903485
386 209.8402894 31.28866515
386 191.9809194 3.507415146
386 -179.1793206 -279.7609949
386 -230.1121806 -226.8454449
386 319.5602594 139.6035851
386 409.5180294 138.9410151
386 -307.4195606 -159.8716749
386 105.9918994 -51.39250485
386 156.9236294 -29.56549485
386 225.7158594 41.87312515
386 216.4548794 9.460545146
386 -204.8940806 -277.6123749
386 -390.1018506 -397.9966749
386 -264.4253306 -205.5134149
386 -217.2288406 -217.1421349
386 301.0388594 142.9097651
387 52.89254908 14.06448954
387 68.93706908 52.63120954
387 50.41567908 -11.53137046
387 -2.867060922 64.40410954
387 114.9084291 48.33172954
387 49.09388908 -39.31038046
387 -96.79414092 96.81556954
387 199.9058291 44.69370954
387 51.07769908 -61.13962046
387 -64.51214092 143.9124595
387 -180.1014209 -20.45882046
387 275.3126391 53.29378954
387 -127.3506909 130.0218295
387 24.12326908 197.4905795
387 -42.51865092 17.24318954
387 -299.1644909 -80.65264046
387 -95.99528092 -47.27506046
387 -194.9848009 -149.7750405
387 254.8948491 70.38534954
387 303.2592591 28.81982954
387 -302.6371409 6.329129538
387 -167.0376209 149.8666995
387 102.8368091 208.7353795
387 -59.05511092 -21.12139046
387 -164.8884509 -88.59014046
387 -11.76084092 -59.15525046
387 -184.8154509 -193.2670405
387 -263.7764709 -188.1396205
387 180.0620791 141.9280795
387 264.8941091 20.21974954
387 322.9370791 6.329129538
387 340.3003591 37.41766954
387 -485.1996509 -96.85837046
387 -210.6944409 138.6207895
387 99.61220908 306.1351195
387 129.9566091 220.6416295
387 49.09331908 -39.31150046
387 21.10750908 -88.53985046
387 -135.2060709 -168.7930905
387 -242.6098009 -222.5354605
387 156.2495791 155.8187095
387 -571.1892309 -151.0979605
387 109.3528191 207.8417195
387 71.85204908 -136.4962305
387 44.46311908 -77.01462046
387 -129.2523809 -192.6044705
387 151.1752391 169.3650895
387 -607.5694409 -183.5094205
387 268.8634191 235.8562895
387 102.1753591 198.8134995
387 138.7209291 -70.73077046
387 129.2951491 -169.6187905
387 110.6089491 -32.69692046
387 36.52561908 -55.18650046
387 71.85204908 -90.77038046
387 -145.6245509 -273.1161505
387 157.3091991 181.0753695
387 -746.4756909 -256.2698305
387 315.1655091 243.7937895
387 178.2436291 -22.11246046
387 173.1173291 -92.55778046
387 186.1805591 -228.4885805
387 -151.7419609 -346.0628005
387 140.3745791 179.6312095
387 186.6766591 184.2614195
388 95.81999987 25.68346154
388 124.8414799 59.91393154
388 71.92538987 10.96713154
388 153.3674399 53.46583154
388 183.0503899 96.95671154
388 11.81421987 -10.03640846
388 -20.21916013 -82.35027846
388 184.4554199 62.72512154
388 111.0335399 14.43867154
388 202.3147899 90.50637154
388 204.2991699 114.3188715
388 58.77889987 87.53093154
388 -65.85979013 -11.57423846
388 3.215829873 -31.53268846
388 19.63369987 24.55792154
388 -164.8767001 -205.3297485
388 149.3981299 29.65221154
388 208.9293799 68.67825154
388 218.1903599 101.0908315
388 98.46639987 7.825201538
388 218.1076799 124.7379615
388 277.0607199 116.9669415
388 40.25806987 86.20801154
388 91.18978987 120.2720015
388 -80.12792013 -14.33476846
388 -237.6376801 -167.6277385
388 -186.7048201 -220.5432885
388 277.0595799 116.9647115
388 25.04395987 -76.18112846
388 355.6898799 198.1576015
388 -8.596980127 74.93787154
388 99.78874987 145.4074215
388 -271.9508301 -146.2957085
388 -224.7543401 -157.9244285
388 -397.6273501 -338.7789685
388 -212.4195801 -218.3946685
388 307.4872399 132.1793715
388 8.507499873 -99.99362846
388 401.9925299 198.1587215
388 312.0347599 198.8212915
388 -65.38576013 59.97423154
388 -6.044580127 46.85012154
388 -13.98095013 120.2742415
388 102.4345799 185.7563715
388 -316.9300001 -115.2071685
388 -256.7367301 -112.5602185
388 -196.9730901 -158.5858885
388 -188.0277401 -125.9547485
388 -408.2106801 -316.9508385
388 -387.0445801 -361.9311285
388 -314.9456301 -232.9467485
388 341.2210399 132.1782515
388 381.5699999 185.0949215
388 432.4201799 201.4671315
388 293.5133599 202.1274715
388 -78.80330013 53.13733154
388 30.99707987 113.9881515
388 -58.29979013 134.1626215
388 -314.9450601 -100.6539685
388 -340.8251801 -104.7891985
388 -320.8981801 -133.7268785
388 -168.1845601 -109.4194085
388 -236.2320801 -70.88945846
388 -145.3782001 -134.1096885
388 -130.0212501 -151.1419485
388 -145.3787701 -134.1108085
388 -840.3835101 -414.1739785
388 -441.2836001 -254.7737585
388 -441.2841701 -254.7748785
388 420.5966099 166.5752015
388 433.8252099 182.4490815
388 401.9930899 198.1598415
388 452.2639299 234.5400415
388 448.9560699 201.4660115
388 -261.3675001 55.77981154
388 -245.4919301 33.29135154
388 -99.97167013 28.32929154
388 40.25749987 170.8735615
389 -172.4946793 64.05735712
389 -184.8611093 102.5552871
389 -132.8071793 40.24485712
389 -236.2889293 189.0420871
389 -97.08842932 9.817767124
389 -21.68217932 56.11985712
389 -272.8350693 205.7427871
389 -17.71342932 40.24485712
389 -57.40092932 -3.411392876
389 -34.04803932 97.92619712
389 20.85357068 69.48460712
389 -3.620959315 9.290777124
389 2.331600685 -9.231172876
389 20.85243068 69.48236712
389 -59.84434932 119.7554371
389 46.11730068 72.65631712
389 81.54123068 -2.451222876
389 -2.960069315 -78.02283288
389 40.03472068 42.36257712
389 -56.37282932 185.7336771
389 70.59126068 87.86985712
389 59.34647068 175.8438171
389 3.489150685 -120.8522629
389 -41.48944932 -84.47093288
389 81.54180068 -2.450102876
389 -230.9983993 206.2377671
389 1.835500685 196.9784671
389 80.51313068 130.8646471
389 104.3256307 93.82297712
389 61.33084068 232.0677671
389 -2.794139315 -231.6454129
389 113.9532607 -126.8042729
389 -56.04152932 -120.8511429
389 -95.06813932 -87.77934288
389 107.7353807 -37.68041288
389 -272.8344993 205.7439071
389 47.97279069 240.1397371
389 75.22147068 226.7761071
389 111.6016807 112.3438171
389 138.5925807 104.5407771
389 -0.8103293153 -263.3965329
389 -203.8780393 -328.2194529
389 148.7458007 -97.87312288
389 237.6094907 -130.4113929
389 -2.794709315 -231.6465329
389 -88.45298932 -165.8303129
389 -185.0264793 -148.6335129
389 -206.6892393 -55.53325288
389 178.4448807 -73.55799288
389 145.1077807 -43.30281288
389 68.64336068 252.8728171
389 -5.807179315 265.1406871
389 101.3490707 216.1927671
389 97.71105068 169.2292271
389 186.7131107 80.89252712
389 199.4461807 119.0917471
389 -35.86761932 -271.9954929
389 147.3563407 -240.9069529
389 0.5120206848 -301.7622329
389 -272.0076793 -389.7339629
389 -289.5727993 -346.7082729
389 296.5151907 -132.7585129
389 227.0620707 -231.3158029
389 237.6094907 -109.2447329
389 -90.27199932 -186.5008829
389 -247.2029893 -204.1948929
389 -261.7556393 -200.2272629
389 -270.1892393 -59.50200288
389 252.1974807 -50.07622288
389 143.2222207 -17.16867288
389 93.77935068 263.1265371
389 -75.92175932 298.2136071
389 253.6863307 133.6449471
390 136.0473439 -165.9054645
390 130.7562439 -179.7949745
390 54.68797395 -176.4888045
390 36.79269395 -174.8031445
390 34.84479395 -127.5397645
390 3.755683947 -169.8742145
390 6.365603947 -132.4698045
390 -61.72869605 -145.4002545
390 -5.504736053 -97.11380447
390 -14.02101605 -57.92239447
390 -199.3114661 -61.39393447
390 44.10463395 -55.44192447
390 -35.93125605 30.54877553
390 -80.91041605 11.36648553
390 -325.5779061 -142.0227545
390 34.84422395 4.750785527
390 57.99583395 -50.81060447
390 53.36505395 -77.93150447
390 -53.70851605 59.15573553
390 5.078593947 57.00599553
390 -143.0053861 14.83802553
390 -303.1604161 -57.42518447
390 -385.8427161 -167.8887245
390 26.90672395 27.24036553
390 56.42430395 -11.62031447
390 67.66909395 -49.98489447
390 61.30255395 -79.25442447
390 31.50102395 -104.6885545
390 -60.40520605 74.20502553
390 -108.0666861 60.01456553
390 22.27651395 66.92786553
390 -182.1135461 10.70502553
390 -292.1642461 15.16875553
390 -402.2964861 -180.9525245
390 63.03945395 -9.304084473
390 44.76666395 80.81960553
390 119.5941339 -51.96815447
390 63.03888395 -9.305204473
390 74.61440395 -90.99531447
390 -76.94223605 105.2924455
390 -176.1604161 55.68419553
390 -433.7496361 -199.5609045
390 -350.7859861 -257.1867145
390 146.3826339 7.892705527
390 75.19318395 106.6153655
390 106.3644039 -68.50572447
390 167.2185739 22.11406553
390 232.7029439 -40.72447447
390 57.99583395 31.21023553
390 71.30711395 -159.7869745
390 -115.9682761 100.6622455
390 -86.86411605 121.8289055
390 -197.3635561 40.17081553
390 -132.5047361 79.49557553
390 -436.1335961 -147.5239745
390 -434.9924661 -239.3780145
390 -285.3016161 -268.4315045
390 89.08437395 93.38731553
390 187.2744639 188.6682155
390 87.84357395 -111.5005245
390 71.22443395 47.74557553
390 -140.4422361 90.74036553
390 -440.9455961 -273.7738445
390 122.2394039 76.35364553
390 233.7419039 217.0282355
390 185.9515439 260.7671755
390 154.5681839 69.57369553
390 322.5791639 265.3664855
390 409.8551939 209.8348855
390 183.9671639 335.5119655
390 251.8025539 49.06849553
390 173.7504739 39.80807553
390 447.3461739 330.6843755
390 503.7822739 203.2202955
390 197.1963339 371.2307155
390 252.7588339 361.9702955
391 -34.79384818 8.765031819
391 -3.705878181 19.01652182
391 -6.351708182 23.97746182
391 3.902021818 5.458861819
391 14.15350182 -9.095458182
391 31.35085182 10.08571182
391 -6.351148182 -3.802678182
391 108.1638318 -78.05136818
391 -6.351708182 -3.803788182
391 -34.79441818 8.763911818
391 -65.22149818 18.68579182
392 12.00201314 -116.4824457
392 147.6363131 -67.23693571
392 -17.06566686 -129.4117757
392 26.09391314 142.2811143
392 324.2468331 -147.9326157
392 148.2624331 -30.49286571
392 203.5301131 -40.44675571
392 -179.0408469 -211.5990957
392 -119.4263469 95.31869429
392 110.7605831 158.1561143
392 353.3504231 -161.1628957
392 127.0957631 51.52797429
392 199.8561831 -1.388695714
392 220.3973031 -33.50143571
392 -254.4470969 -238.7188857
392 -241.8793869 -210.2761757
392 -85.89381686 -22.55536571
392 -157.0005869 90.55401429
392 164.3387131 179.3227843
392 115.1895131 186.4654743
392 428.7207631 -165.4303657
392 367.9025131 -171.0847757
392 135.0332631 -31.81577571
392 197.2103531 96.50713429
392 255.4186831 14.48630429
392 -301.4106369 -239.3803457
392 -252.5813169 -169.3991157
392 -18.42506686 -9.326195714
392 -165.8943669 -38.13164571
392 -153.6932969 124.2883843
392 -202.9360369 87.54543429
392 39.78326314 166.6217243
392 110.7617231 199.1687643
392 247.4811831 244.6738043
392 502.6746431 -183.4871157
392 489.4449131 -227.8059457
392 92.69993314 -37.10744571
392 -322.5773069 -268.4845157
392 -391.4875669 -275.2324457
392 -235.3474869 -136.6889357
392 -224.8000669 -35.78452571
392 -144.7276969 -54.66810571
392 -224.8000669 -14.61786571
392 -204.2589469 105.4048143
392 -150.3860069 148.1008843
392 -49.31176686 157.4957743
392 -319.1873369 77.45819429
392 112.5436831 267.1633843
392 247.4811831 170.5904743
392 354.6374331 296.2675543
392 243.5124331 312.1425543
392 503.9975631 -116.0183657
392 492.0918831 -248.3089157
392 -427.7491869 -331.9845157
392 -469.5396469 -305.6595257
392 -246.5922869 -136.6889357
392 -460.2792369 -256.7116157
392 -348.4562969 -32.17740571
392 -17.06623686 -129.4128957
392 -207.6021469 47.55922429
392 -283.9646769 21.06887429
392 -167.9146469 146.7779743
392 -158.6542369 179.8508843
392 -317.3017769 51.32405429
392 -422.3742669 136.9905643
392 -309.4308269 129.2173143
392 345.0822031 177.8344943
392 227.6374331 170.5904743
392 332.1478531 347.8613043
392 374.4811831 245.9967243
393 67.43363078 -144.5886014
393 -0.03455921868 -148.5562414
393 -140.2642892 -161.1250614
393 12.56792078 -71.06497141
393 -46.25395922 -409.9976414
393 -189.4134792 -154.2304214
393 -11.27990922 -72.48965141
393 49.37298078 -64.27208141
393 -46.58468922 -435.7945214
393 -251.3892892 -147.8959014
393 -161.4309592 -140.6198514
393 -45.01428922 -63.89069141
393 97.19982078 -49.99894141
393 -74.77934922 -77.78019141
393 26.42321078 2.255148594
393 -127.6965792 -71.82819141
393 -93.30017922 -96.30103141
393 79.33988078 47.23430859
393 -153.5761392 -51.48834141
393 -230.2226192 -110.8542314
393 95.21488078 40.61972859
393 67.39772078 60.82621859
393 -261.3938492 -96.46751141
393 -51.04952922 5.398188594
393 -170.6913692 -35.44798141
393 160.6998208 82.95417859
393 52.18418078 97.20642859
393 125.6425308 85.60000859
393 -6.189519219 36.60030859
393 -230.8013992 -25.69147141
393 171.9440408 61.12493859
393 210.3086308 102.1353486
393 125.6419608 85.59889859
393 81.94980078 137.5553886
393 5.918000781 102.7968086
393 -273.8788692 -1.713601406
393 -274.4576492 -74.63939141
393 -173.9159792 39.13144859
393 179.2206508 6.886468593
393 249.9961308 118.6718086
393 222.8763408 49.21868859
393 206.3398808 119.9947286
393 42.29821078 164.3124386
393 112.8262108 126.4439486
393 126.3034208 157.0363986
393 -85.28056922 105.9387386
393 -310.9199692 41.28230859
393 -355.1823892 -152.2592914
393 107.7831508 -16.26457141
393 220.2310708 8.209388593
393 248.0117508 129.9165986
393 247.3502908 104.7811886
393 220.2305008 8.208268594
393 169.0501608 124.4595686
393 209.6471708 135.8697286
393 161.9862608 178.2350786
393 95.87690078 164.3135586
393 -95.28398922 110.7365486
393 -267.8430692 70.55071859
393 -341.9263992 21.60279859
393 -385.6647692 -159.1395714
393 97.19925078 -50.00006141
393 251.9810708 10.19375859
393 257.2721708 140.4999386
394 86.0029725 64.63774487
394 179.0211225 139.3836549
394 37.4684725 22.30440487
394 186.2965925 75.55180487
394 238.5518025 187.0075349
394 210.1090925 133.7601349
394 166.4528425 143.0205549
394 4.396122499 11.72219487
394 214.3258925 71.25232487
394 288.1611825 231.3252449
394 -6.601187501 -0.8466351321
394 345.7080525 159.2262849
394 514.5458625 362.4604749
394 -75.3922875 -27.30384513
394 435.6663925 113.5856549
394 -31.7366075 -42.51850513
394 -159.3980675 -54.42475513
394 13.9045825 -36.56426513
394 -158.0751475 -14.73725513
394 -204.3766675 -71.62155513
394 46.5276125 -32.72998513
394 74.7581825 20.98149487
394 4.395552499 11.72107487
394 -175.9345275 -16.06017513
394 -235.9150975 -118.0581051
394 95.4755325 -24.79248513
394 97.7906325 4.973144868
394 189.1904725 38.84086487
394 -252.0022375 -29.28934513
394 -202.8088275 -124.3855351
394 -294.1234275 -108.7976851
394 314.6200825 33.55031487
394 210.3571425 48.10128487
394 -318.8916375 -45.99004513
394 -187.8385875 -133.0891651
394 165.7913925 -68.31538513
394 360.2601425 38.17940487
394 329.5023225 56.70024487
394 -363.0445475 -60.37788513
394 -169.3868775 -136.9187651
394 98.6868425 -69.64483513
394 -143.6416575 -163.0372751
394 298.0830525 109.6169049
394 -365.6903875 -101.3882951
394 -321.9046775 -39.34456513
394 -471.0276275 -118.7515751
394 -86.5282975 -88.17841513
394 -151.6089975 -136.3198351
394 53.7076725 -76.52400513
394 297.4215925 91.09607487
394 297.4215925 125.4919049
394 315.2809725 124.8304549
394 286.1773725 120.8628149
394 361.5102425 94.05326487
394 -366.6825675 -123.5471551
394 -261.1799675 -6.469025132
394 -319.0570075 -81.87416513
394 -482.9338775 -136.6109551
394 -97.6339975 -126.7948351
394 -0.267327501 -91.86983513
394 320.9033725 141.0361849
394 271.6247225 143.3512849
394 462.7139425 100.6689649
394 -415.6304875 -160.2580951
394 -351.1382975 -134.4612151
394 -190.4860375 18.33677487
394 -208.7953075 -6.933105132
394 -399.7549175 -34.57988513
394 -539.1578275 -155.7932451
394 -60.5923275 -100.3365051
394 345.7086225 159.2274049
394 280.3531325 153.8012649
394 512.9847725 82.14812487
394 -432.1669475 -182.4169451
394 -350.1461175 -158.6044451
394 -160.3075675 7.752324868
395 -8.728624445 -51.61390049
395 -33.61599444 -60.87431049
395 79.24532556 -36.40036049
395 -53.45974444 -50.95244049
395 -105.9624344 -71.45653049
395 -11.78787444 -74.10348049
395 108.1482256 -41.82537049
395 -103.5184444 -21.98162049
395 -175.4155644 -40.36799049
395 -175.4161344 -40.36911049
395 -245.5307144 -80.71806049
395 56.55447556 -72.25246049
395 -158.2182144 -3.988900494
395 -204.5202944 -23.83265049
395 -264.7130044 -83.36390049
395 58.98816556 -87.99411049
395 36.04926556 -61.00766049
395 -126.4676444 9.902849507
395 -214.4421744 -18.54098049
395 50.60134556 -120.5389105
395 122.0388456 -165.5180805
395 -78.18175444 21.14651951
395 -252.1452944 3.287139507
395 -3.638234445 -161.5493305
395 13.55967556 -123.1847505
395 16.40678556 23.79234951
395 -88.18631444 44.62828951
395 2.764205555 -176.6295205
395 -106.7892544 76.87549951
395 -63.05089444 41.98245951
395 -10.46495444 -195.4810805
395 -86.53266444 74.72463951
395 -138.9064644 79.22149951
395 -111.4200344 92.74937951
395 160.5220256 76.37828951
395 -55.11339444 79.02411951
395 65.15342556 -200.5753705
395 -31.41948444 -193.2993305
395 -89.29709444 100.3881695
395 -112.0809244 110.6098795
395 -166.5691244 65.46422951
395 198.1065556 7.783999506
395 201.5324356 73.73245951
395 13.67827556 168.9824595
395 143.2055156 -202.5597505
395 -67.79969444 -174.1170405
395 -111.4559444 135.4454595
395 -210.4728544 70.09554951
395 -181.1217744 43.63498951
395 223.0298356 -49.62952049
395 266.4386056 37.68409951
395 140.5596856 119.5704595
395 69.45290556 184.3933795
395 228.5336356 -201.2368305
395 -122.7007344 221.4350395
395 -232.1720944 81.20587951
395 -193.6889144 56.86526951
395 -126.4682144 9.901729506
395 -208.2410044 30.40693951
395 214.8442856 32.39130951
395 341.8442856 52.89651951
395 37.04145556 221.4350395
395 197.5636856 220.5762095
395 260.2836356 -180.0701605
395 153.7888456 -264.0753705
395 -12.89865444 251.8621295
395 -102.8569844 296.8412895
395 -240.9005044 13.87047951
395 -238.5854044 136.5709995
395 -208.2404344 30.40804951
395 405.3442856 56.86526951
395 320.4763456 -156.2576605
395 350.2778856 -87.82874049
395 129.3148856 -278.6274605
395 225.2263456 347.1121295
395 -252.1447244 3.288259506
395 -249.1687344 184.1959995
395 -214.4416044 -18.53986049
395 516.9653856 24.61917951
395 414.4034356 -106.6482905
395 427.0070456 -36.23499049
396 24.80469 14.882815
396 -24.80469 -14.882815
397 -3.504720148 18.41020368
397 -47.16097015 -15.98563632
397 -33.26978015 36.93215368
397 36.84423985 34.28520368
397 26.26090985 12.45707368
397 -61.63037015 -30.04162632
397 -8.796390148 -8.048136324
397 -130.5041501 38.91652368
397 21.63069985 48.83728368
397 -105.3687401 5.182153676
397 89.76090985 54.12895368
397 71.24006985 34.28520368
397 89.76146985 -6.062636324
397 -101.3994201 -59.63964632
397 36.18334985 -6.062636324
397 -196.6505501 40.89978368
397 -187.6381801 57.27087368
397 89.76146985 54.13006368
397 -127.9421401 5.676013676
397 115.5577799 64.05082368
397 161.8598599 46.85290368
397 36.84366985 34.28408368
397 120.1879899 -13.33979632
397 -91.39600015 -64.43745632
397 -211.7814101 -58.48433632
397 -263.7058901 112.8333737
397 -277.5970801 58.59267368
397 -139.1031101 -15.98451632
397 125.4796599 78.60290368
397 168.4385399 91.86409368
397 155.8708299 7.858883676
397 7.740069852 41.56124368
397 75.83436985 -32.82080632
397 203.5317399 -34.50646632
397 -0.1974301478 -67.57938632
397 -180.0314101 -131.2447463
397 -273.9585001 -99.82547632
397 -229.9057101 130.5104637
397 -307.3621401 71.82296368
397 -257.7527701 40.07296368
397 -327.5366201 29.82035368
397 142.6416699 78.96565368
397 183.6879899 100.4310337
397 216.7249999 44.23909368
397 46.06874985 -73.16976632
397 36.18277985 -6.063756324
397 106.7107799 -43.93224632
397 162.9347299 -45.91662632
397 324.5791799 7.827983676
397 241.8963199 -40.45959632
397 -236.9168301 -196.0676663
397 -317.0354001 -129.0938863
397 -190.3667001 140.7799937
397 -323.9812801 65.37374368
397 -391.4500301 2.535203676
397 159.2134599 104.3986637
397 207.5004899 96.46228368
397 278.9020799 90.54117368
397 119.5265299 -84.77729632
397 61.28228985 -109.5499763
397 200.2244499 -50.38146632
397 362.0336899 -29.38016632
397 310.4399399 29.48962368
397 251.1567399 -29.87625632
397 243.8806999 -51.70438632
397 296.1359099 -59.64188632
397 -279.9943001 -172.0897963
397 -280.5730801 -245.0155863
398 122.702088 -91.79870268
398 134.607768 -115.6123227
398 72.39477805 -1.809472683
398 163.711938 -97.09149268
398 137.584898 -122.2257927
398 160.404648 -111.6435727
398 169.334898 20.64920732
398 -114.430722 -52.11120268
398 189.508818 -96.43003268
398 189.509378 -96.42891268
398 98.52238805 100.7165673
398 -145.601952 18.83019732
398 -164.702122 -66.66440268
398 225.889018 -97.09149268
398 200.092718 -86.50704268
398 70.74113805 104.6853173
398 42.41701805 166.6650173
398 137.548428 95.42489732
398 -166.023342 55.04727732
398 -161.476952 18.16874732
398 -100.907302 35.89364732
398 -183.801732 -82.70477268
398 246.476908 -94.94175268
398 256.398788 -88.32716268
398 243.087508 -61.37162268
398 -2.680741952 109.3155273
398 -28.47761195 68.30510732
398 214.277598 131.8051073
398 -143.534892 74.22733732
398 -172.391582 104.8186673
398 -177.352512 44.62595732
398 -223.654602 112.0947073
398 -220.347872 3.614427317
398 -55.59740195 53.75302732
398 -104.214592 84.18010732
398 -105.088192 -127.0224827
398 -251.683892 -102.7138827
398 162.389018 -136.1175327
398 286.826438 -81.71146268
398 223.904648 -60.04982268
398 333.045268 -33.59149268
398 -74.08176195 119.2065073
398 180.413758 174.7678873
398 267.064808 152.9397573
398 -121.081782 88.14885732
398 -176.029602 159.0582473
398 -143.535462 74.22621732
398 -161.477512 18.16762732
398 -220.347312 3.615537317
398 -85.90533195 -146.8651127
398 -288.147352 -121.4012027
398 -292.694312 -80.88576268
398 167.101348 -141.7410427
398 157.759378 -129.5018327
398 196.123398 -60.04982268
398 372.072448 -28.95904268
398 -128.073302 180.2260373
398 156.601258 212.4710073
398 200.258078 258.1127573
398 -74.08233195 119.2053873
398 -260.560102 133.2187673
398 -178.013972 204.6988773
398 -316.836972 -79.89245268
398 -66.80572195 -172.4966227
398 -297.572572 -124.3766427
398 126.587018 -156.9545827
398 170.905298 -149.1813327
398 147.175478 -121.5654527
398 197.446318 -112.9664927
398 123.694278 -140.7466227
398 163.711938 -54.75815268
398 -59.28163195 219.9135373
398 179.752298 281.2626773
398 161.892928 257.4501773
398 70.61167805 242.8980973
398 -171.896562 277.6455273
398 -353.548482 -66.99513268
398 -334.449432 -94.28141268
398 -100.540102 -194.3247427
398 -33.07191195 -144.0550327
398 -415.394832 -160.5914927
398 -245.151432 -193.4979227
399 -247.96787 27.48519282
399 -267.81218 46.00490282
399 -297.57724 59.23519282
399 -317.75172 17.23258282
399 -177.85328 44.68310282
399 -253.92099 100.2456028
399 -314.19638 52.78597282
399 -381.66513 -10.05256718
399 -120.71925 26.32875282
399 -220.12081 117.9226928
399 -317.75229 17.23146282
399 -186.86565 28.31201282
399 -23.48488 24.34438282
399 -180.5818 128.1922228
399 -95.58384 -7.405617184
399 31.4156 36.24951282
399 6.280180001 5.822432816
399 -145.95571 147.4772028
399 -118.15724 -6.911757183
399 99.54637 41.54229282
399 46.62914 21.69743282
399 36.04581 -0.1306971835
399 -37.37607 -28.57340718
399 -117.32985 156.4695628
399 -129.31821 -28.57228718
399 99.54581 41.54118282
399 99.54637 -18.65040718
399 81.02497 21.69743282
399 0.9885100005 -20.63590718
399 -51.84547 -42.62939718
399 -36.38388 187.0620128
399 -38.6163 134.6414428
399 -201.99651 -71.07210718
399 125.34268 51.46305282
399 129.97289 -25.92756718
399 45.96825 -18.65040718
399 46.62857 21.69631282
399 171.64476 34.26513282
399 -91.61452 -72.22741718
399 -264.1736 -112.4132472
399 135.26456 66.01513282
399 213.31664 -47.09423718
399 85.61927 -45.40857718
399 165.65573 -4.728887184
399 17.52497 28.97347282
399 178.22344 79.27632282
399 -81.6111 -77.02522718
399 -307.2505 -141.6816572
399 152.42657 66.37788282
399 172.71963 -58.50439718
399 251.68122 -53.04736718
399 334.36408 -4.759787183
399 116.49568 -56.52001718
399 55.85365 -85.75753718
399 45.96768 -18.65152718
399 226.5099 31.65132282
399 193.47289 87.84326282
399 -170.24651 -143.8325172
399 9.587470001 -80.16715718
399 -338.25693 -161.3611672
399 -270.2094 -184.6775672
399 210.00935 -62.96923718
399 260.94164 -42.46402718
399 305.92081 -72.22965718
399 253.6656 -64.29215718
399 371.81859 -41.96793718
399 320.22484 16.90185282
399 129.31143 -97.36506718
399 71.06719 -122.1377472
399 288.68698 77.95340282
399 217.28539 83.87451282
400 -49.86965224 189.7786622
400 -35.97902224 163.9817922
400 34.46628776 100.4817922
400 96.64336776 15.15366224
400 8.669407764 -8.658837764
400 117.8106078 -39.74625776
400 127.7324778 26.39957224
400 31.82045776 -17.25778776
400 -105.1014222 -15.93487776
400 -59.54348224 20.61070224
400 283.0925078 -116.9715178
400 67.45651776 -23.04554776
400 241.5027478 72.03908224
400 66.21628776 -9.320287764
400 47.61333776 -23.04443776
400 -161.6561122 -39.08591776
400 -113.8652022 28.98243224
400 -105.7628822 88.57554224
400 224.8841678 -148.7215178
400 417.5583878 -55.77767776
400 329.3940178 -144.7538878
400 -40.11257224 -36.76969776
400 -218.5415222 -39.74737776
400 -115.6847522 42.93491224
400 -35.97846224 163.9829122
400 -134.2055922 134.2161622
400 -236.4003322 -21.22542776
400 169.5514178 -159.9155178
400 116.9086178 -243.7949178
400 504.0195878 -9.815267764
400 663.9346578 -229.9042978
400 -81.78501224 -39.08591776
400 -239.7081922 -41.07028776
400 -212.4230322 -46.03122776
400 -81.62021224 166.6265022
400 94.68927776 109.2814822
400 85.06841776 174.5662422
400 -148.7576722 161.3359622
400 -231.8528122 51.03890224
400 -170.5590822 117.0539422
400 -306.5149222 -26.51708776
400 -262.8592322 -39.74737776
400 115.4610878 -160.4731478
400 547.0959278 14.16036224
400 732.8916878 -206.4225278
400 -212.4224722 -46.03010776
400 -209.9425722 -56.94528776
400 -200.8558422 -61.49340776
400 -49.87021224 189.7775522
400 109.1877178 101.4746322
400 144.8761878 -32.35712776
400 123.4324278 175.2265822
400 -156.6951722 172.5807522
400 -300.8930922 -20.56508776
400 -205.0643122 113.2148622
400 -328.6737722 -30.48583776
400 -320.0759422 -43.71724776
400 -304.8618422 -66.86716776
400 -41.76678224 -90.34893776
400 36.27729776 -157.1273478
400 562.9714978 21.43752224
400 886.4246178 -92.99476776
400 -150.9074122 -48.01560776
400 -185.4686122 -89.35674776
400 -192.7446522 -85.38799776
400 -32.67173224 205.6536622
400 137.6537878 29.70575224
400 347.9975378 -46.36195776
400 117.8100378 -39.74737776
400 161.1355578 168.6120022
400 -347.4924222 121.6584522
400 -167.2785022 201.6849122
400 -68.72121224 203.6692922
400 -312.7993422 2.585962236
400 -269.8872322 80.14195224
400 -346.5337122 -30.48695776
400 -354.8013822 -67.52750776
400 -328.6743422 -30.48695776
400 -383.2446522 -113.8307078
400 -223.5024622 -158.1484178
400 -72.19443224 -64.88390776
400 -7.949732236 -159.3059678
400 669.4662878 -4.359357764
400 573.6016078 28.49753224
400 -70.54079224 -77.45161776
401 24.02328938 4.207358889
401 20.63331938 14.95605889
401 26.42050938 -4.723441111
401 16.82936938 22.39634889
401 -20.21230062 -10.18048111
401 33.94516938 -29.52701111
401 -23.68496062 7.182808889
401 12.11703938 28.01985889
401 -19.05418062 -16.46321111
401 -21.53465062 -6.872071111
401 63.62810938 -85.91634111
401 62.47055938 33.47688889
401 -24.34585062 12.80631889
401 7.487399383 34.63555889
401 96.20492938 69.19563889
401 -13.79788062 -22.16715111
401 -166.0638606 -56.15183111
401 93.47698938 53.15639889
401 -26.57770062 23.39076889
401 10.38071938 30.16959889
401 -3.096500617 42.57193889
401 47.17433938 51.17089889
401 75.61703938 67.04589889
401 106.1268094 75.81022889
401 -5.824450617 -32.99855111
401 -165.4012706 -72.02459111
401 -214.4318706 -81.78110111
401 136.5538894 82.42480889
401 130.5180894 10.16048889
401 -12.68764062 41.91048889
401 39.23683938 67.70735889
401 136.5544594 82.42592889
401 49.82073938 77.63034889
401 8.608479383 -54.05164111
401 -222.9487106 -109.7288411
401 -152.0078706 -61.44350111
401 -308.3595206 -126.0999311
401 198.7309794 123.7659489
401 173.5955594 -13.81738111
401 -93.38556062 39.26464889
401 13.43995938 67.04589889
401 92.81552938 102.7657689
401 39.23739938 67.70847889
401 44.44581938 -126.9267511
401 -170.0314806 -147.4308411
401 -293.1448406 -144.6185311
401 -359.9527006 -144.6196511
401 309.1129694 122.6106389
401 271.4092794 166.2657689
401 230.4809794 51.00553889
401 233.7055894 -23.57389111
401 129.9393094 -62.76530111
401 -183.3438906 20.08235889
401 -27.56989062 72.33868889
401 182.7732894 130.5458989
401 73.63266938 104.0875689
401 10.13266938 52.49381889
401 -293.1459806 -144.6207611
401 -150.2704106 -164.1326711
401 -285.8699406 -163.1416011
401 -372.5204106 -172.4009011
401 -384.4272306 -147.9280611
401 348.8820194 152.2086589
401 319.1163894 117.8128289
401 282.5702494 187.9262989
401 250.8208194 -39.61425111
401 49.21456938 -140.3852011
401 -217.0777006 -8.359231111
401 -15.66421062 48.52506889
401 -77.87720062 162.3279189
401 221.8004694 135.1783489
401 45.85141938 104.0875689
401 -8.057440617 -152.2275411
401 -186.6511906 -162.1494111
401 -136.2976706 -182.4892511
401 -281.2397306 -168.4332611
401 -447.9272306 -186.2926411
401 -413.8621206 -162.8108711
401 363.3514194 166.2646489
401 410.3149594 114.6708989
401 305.1436494 187.4324389
402 -47.12104074 -101.3176005
402 33.60369926 -23.69770049
402 -77.60342074 -108.1978805
402 77.25994926 25.25021951
402 -104.3930507 -113.1599405
402 137.3699793 15.49370951
402 134.1453693 90.07313951
402 34.18247926 49.22808951
402 -246.6060207 -125.0650705
402 154.4852093 -0.5466504935
402 222.7807793 156.8804295
402 -2.858620741 92.22399951
402 -282.9868007 -123.0818105
402 -266.3670907 -108.3632405
402 -232.6332807 -143.4216505
402 46.66749926 -45.52582049
402 257.0118193 56.33987951
402 180.3647693 -20.88650049
402 313.9793493 153.7384995
402 212.7773593 161.6782395
402 40.21827926 121.4924095
402 -33.86505074 72.54448951
402 -391.7966907 -124.0740005
402 -319.2843207 -70.66124049
402 -389.4815907 -105.5531605
402 -207.4978607 -173.8487405
402 -175.7478607 -137.4685305
402 -260.4145307 -144.7445705
402 301.8718293 87.54199951
402 233.2819993 -26.83850049
402 360.2455293 148.1481195
402 102.3953693 162.8335495
402 252.5464093 191.2762595
402 -62.39044074 9.540589507
402 -389.4804507 -105.5509305
402 -261.7368807 -32.95699049
402 -456.2883107 -105.5520505
402 -162.5187007 -220.1508205
402 -138.3487507 -132.1411705
402 -282.9041107 -147.3904005
402 375.4590693 111.7679095
402 214.7611693 -45.35934049
402 263.0470593 -12.94900049
402 433.7033093 136.5405895
402 390.0111493 188.4970795
402 175.0736693 205.3333695
402 267.0158093 205.3322495
402 -32.70750074 -46.84874049
402 -69.91510074 34.34415951
402 -468.8560207 -133.3333005
402 -404.6951307 -87.03233049
402 -382.2055507 -124.0740005
402 -248.3434807 -22.37590049
402 -110.1334907 16.90044951
402 -480.7628407 -108.8604605
402 -144.6593207 -240.6560305
402 -76.17167074 -127.5109605
402 -309.3624507 -147.3904005
402 387.4012293 98.17599951
402 433.7038793 136.5416995
402 77.83872926 -59.91254049
402 334.4845593 53.19683951
402 296.7814393 -21.54796049
402 468.7611693 133.8958695
402 434.3647693 207.9780895
402 350.3595593 215.2541295
402 420.8875593 177.3856395
402 186.2346393 226.9938995
402 305.3803893 213.2697495
402 310.6720593 239.7280895
402 -72.31232074 43.27495951
402 -544.2628407 -147.2250405
402 -310.7674807 -42.71350049
402 -377.5753407 -129.3656605
402 -115.3897907 22.60438951
402 -102.1600607 6.069049506
402 -510.1977307 -123.7432705
402 -64.70555074 -126.3891005
402 -327.5258407 -151.3234605
402 403.2762293 91.56141951
402 320.6292693 -20.12328049
403 -149.3392871 -138.3421463
403 -145.3711071 -113.8693063
403 -118.2513171 -76.82763632
403 -130.1575671 -68.22868632
403 -73.35482711 -113.0424863
403 -184.3971471 -6.713056316
403 -59.46420711 32.47835368
403 -30.14789711 -98.62375632
403 -86.58399711 -123.6258163
403 -231.3606871 13.79215368
403 -48.21941711 58.60595368
403 -111.0579571 34.79345368
403 -35.43956711 -25.20187632
403 -14.48503711 -91.87581632
403 9.988922894 79.77262368
403 -111.0585171 34.79233368
403 -156.0371171 39.42366368
403 -22.21039711 1.256453684
403 118.4680829 -68.06331632
403 -8.531917105 -75.33935632
403 118.8455929 127.7603637
403 -346.5371271 26.19449368
403 -16.91872711 33.00645368
403 179.9837129 -66.07894632
403 69.52017289 -17.13102632
403 95.85991289 130.7369237
403 14.16981289 66.07937368
403 213.4781229 -56.47544632
403 44.92762289 128.7525537
403 30.04481289 77.98562368
403 9.989482895 79.77374368
403 20.73762289 40.41585368
403 391.8625229 31.02208368
403 193.6343729 -44.56919632
403 29.05262289 125.4452637
403 184.3739529 -16.78794632
403 168.2896029 2.579373684
403 185.6968729 36.12872368
404 -272.9793583 -0.7541375
404 -222.7085283 -28.5353875
404 -171.1615483 57.3394925
404 -180.1739183 -43.0368075
404 -138.0886383 74.5374125
404 -156.2787383 -53.4547775
404 -160.2469183 -71.9744875
404 -111.2995683 -84.5433175
404 -154.2937983 -38.9015775
404 -181.4141583 -96.4495675
404 -76.98641829 -105.8753475
404 -96.08546829 -50.8078275
404 -83.51831829 10.7066825
404 -190.0131183 -136.1370675
404 -64.10307829 -96.1720375
404 -4.225438289 -143.5773575
404 -75.58081829 -9.1370675
404 -7.533298289 -47.6670175
404 -39.20004829 35.8432225
404 -157.6016583 -117.6162375
404 -290.5542183 -177.8078275
404 -27.37647829 -64.2023575
404 -36.32182829 -96.8334975
404 140.4321017 -20.5978875
404 -26.05355829 -158.7908975
404 22.23289171 -13.2700675
404 17.68480171 73.5452225
404 -409.9012383 -32.5041375
404 -280.6323383 -193.0213675
404 15.27249171 -72.3584175
404 15.27306171 -72.3572975
404 30.63001171 -89.3895575
404 232.5766517 72.7195225
404 -51.76831829 -156.6422775
404 -236.9760883 -277.0265775
404 43.85918171 -6.0458075
404 60.67959171 90.0816825
404 -247.5594183 -255.1984475
404 46.36103171 -55.8219575
404 172.4654817 51.7159825
404 256.4712617 87.4358525
404 -154.2943683 -171.1943575
404 -226.3933183 -300.1787375
404 53.78106171 -7.3687275
404 81.84796171 114.8897225
404 -679.7322483 -352.4215875
404 163.8670917 30.2197025
404 180.2849617 86.3103125
404 94.79147171 50.1781525
404 314.0187017 115.2182225
404 285.4927417 121.6663225
404 -280.6329083 -193.0224875
404 85.53106171 20.4125225
404 -100.7162383 117.5322025
404 -84.84066829 95.0437425
404 102.3514717 195.9150125
404 95.26550171 121.7266225
404 200.9093317 147.9604025
404 80.52334171 47.4176225
404 362.9660517 152.2587625
404 345.1066817 124.4775125
404 271.6848017 76.1910625
404 343.7016517 158.7091025
404 126.8254317 40.8030425
404 -124.5287383 142.6676225
404 -167.1927983 113.5634525
404 -39.20061829 35.8421025
404 -170.8308183 83.1363725
404 146.6703117 182.0266325
404 100.3670917 222.3733525
404 152.0542817 136.6902625
404 219.4301617 149.2833225
404 378.8416217 162.8432225
404 310.0493917 91.4046025
404 369.5806417 130.4306425
404 259.1176617 69.5775925
405 -35.13499311 -31.97767456
405 -49.02618311 -8.166284556
405 -17.93708311 -51.15996456
405 -67.87718311 -40.57662456
405 15.46656689 -24.70162456
405 -93.75617311 -33.79556456
405 -57.62458311 7.048375444
405 -6.444243111 7.213735444
405 -93.75674311 -33.79668456
405 48.45736689 -19.90493456
405 -193.9676831 -50.66386456
405 -63.90786311 25.57032544
405 6.454196889 35.98717544
405 -142.7727431 -25.50498456
405 68.96257689 21.10547544
405 35.22763689 -7.338344556
405 94.75888689 -78.77584456
405 96.82593689 -12.13392456
405 -342.2170331 -120.9438146
405 -79.45270311 20.93899544
405 -6.774403111 39.29558544
405 -90.11815311 61.78516544
405 27.62142689 30.69662544
405 -144.4456331 4.607165444
405 -152.2958031 -30.15865456
405 148.3381469 48.88784544
405 111.9573669 -101.9257746
405 158.6990069 -0.1919745556
405 -381.1598231 -119.4544146
405 -102.6232131 17.99033544
405 227.0505469 111.7241554
405 -62.33747311 55.83092544
405 -107.3166331 61.12259544
405 -121.5827131 14.64454544
405 -208.0157131 -12.12180456
405 -160.2333031 -40.74199456
405 133.1234669 67.40644544
405 218.5342769 83.77753544
405 155.6130469 30.36477544
405 219.1957369 -102.7537146
405 45.89364689 -103.4151746
405 167.5192969 0.5991554444
405 -193.9665431 -50.66163456
405 -501.2145131 -160.7955646
405 -390.5034831 -113.0063146
405 -99.37913311 -10.31490456
405 217.2113569 121.4806654
405 -203.8901231 71.70480544
405 -151.6343431 65.75279544
405 81.53028689 48.88672544
405 227.0511169 111.7252754
405 276.0817169 121.4817854
405 271.4515069 46.07553544
405 160.2432569 25.07311544
405 375.3004669 -65.71092456
405 16.12858689 -113.9973846
405 210.2927569 3.115315445
405 -468.0594731 -173.5297546
405 -532.2209331 -186.7589246
405 -439.6994531 -106.5570946
405 -439.6983231 -106.5548646
405 190.6709069 163.3190254
405 57.05575689 45.57831544
405 148.3370069 48.88561544
405 275.4191269 137.3545454
405 289.4751169 132.0628754
405 427.6851069 171.3392254
405 291.2125769 29.37370544
405 167.5198669 0.6002754446
405 68.96200689 21.10436544
405 -0.4084331109 -88.86308456
405 -232.5803131 -130.5349646
405 228.4561469 7.048375444
405 -321.2157231 -162.2849646
405 -568.2704131 -188.7432946
405 -483.2730231 -183.4516246
405 -549.4194131 -202.6350346
405 -420.5171631 -90.68209456
405 -460.7007531 -103.4151746
405 149.6599269 153.3960254
405 224.4052869 185.1471454
405 27.62086689 30.69550544
405 414.9052869 216.8971454
405 419.9483369 186.6343054
405 422.4288069 177.0431654
405 435.6585369 160.5078254
405 254.8317969 31.35696544
405 305.1853169 11.01712544
405 433.4255469 41.27883544
405 189.5761169 -23.83208456
406 118.4680829 -68.06331632
406 -14.48503711 -91.87581632
406 179.9837129 -66.07894632
406 -8.531917105 -75.33935632
406 -30.14789711 -98.62375632
406 213.4781229 -56.47544632
406 69.52017289 -17.13102632
406 -35.43956711 -25.20187632
406 -73.35482711 -113.0424863
406 193.6343729 -44.56919632
406 391.8625229 31.02208368
406 -22.21039711 1.256453684
406 -118.2513171 -76.82763632
406 -86.58399711 -123.6258163
406 184.3739529 -16.78794632
406 -16.91872711 33.00645368
406 -130.1575671 -68.22868632
406 -145.3711071 -113.8693063
406 168.2896029 2.579373684
406 14.16981289 66.07937368
406 -59.46420711 32.47835368
406 -184.3971471 -6.713056316
406 -149.3392871 -138.3421463
406 185.6968729 36.12872368
406 9.989482895 79.77374368
406 30.04481289 77.98562368
406 20.73762289 40.41585368
406 -111.0579571 34.79345368
406 -48.21941711 58.60595368
406 -231.3606871 13.79215368
406 -156.0371171 39.42366368
406 9.988922894 79.77262368
406 -111.0585171 34.79233368
406 -346.5371271 26.19449368
406 118.8455929 127.7603637
406 95.85991289 130.7369237
406 44.92762289 128.7525537
406 29.05262289 125.4452637
407 -69.738837 27.875676
407 -48.644407 20.912096
407 -32.108517 18.926606
407 18.162883 12.313146
407 207.339963 46.047516
407 4.272253 -11.499354
407 37.345173 24.219396
407 -14.910607 -55.156724
407 2.948773 37.447446
407 -104.666677 -121.085804
408 -11.6362735 68.42168687
408 -12.9597535 49.23827688
408 -16.9285035 22.77994688
408 -76.4956535 25.04438688
408 3.576706501 -47.99609313
408 9.860556501 22.77994688
408 -73.1524635 56.51432688
408 -100.3549335 26.25260688
408 -91.0118335 -20.87630312
408 32.5981865 -48.49219312
408 -50.7455635 -43.86198313
408 5.855906501 -60.44910312
408 51.7202965 44.72130688
408 -11.6368335 68.42057688
408 -61.2462135 66.43619688
408 -116.2299335 95.70572687
408 -125.6916235 -33.24663313
408 -80.4285035 -47.99609313
408 53.1033965 -47.16927313
408 29.0069465 -66.56759312
408 56.7389865 90.44715687
408 165.3032665 88.92577688
408 167.8664165 56.34895688
408 -19.1603535 78.01283687
408 -53.2260235 84.62629688
408 -151.8154935 98.81163687
408 -150.4963035 -51.43673313
408 -122.8445135 -47.16927313
408 -75.2195135 -67.01302313
408 66.9940265 -29.97135313
408 135.7856865 -47.16927313
408 14.7388165 -78.25781312
408 11.1834765 135.8893269
408 191.6789165 15.66926687
408 161.6293465 96.81261687
408 171.5044365 59.65624687
408 158.2758365 49.40476688
408 -54.9623535 139.8580769
408 -19.1609235 78.01171688
408 -127.8373035 50.29762688
408 -258.9395735 121.6679669
408 -142.2280735 -53.09038313
408 -163.3947435 -59.04350312
408 -164.5163935 -49.15364312
408 172.1658965 -51.79948313
408 -160.5470735 -148.3712831
408 212.5616365 94.16677688
408 58.7725765 123.9324069
408 139.5063965 136.8815069
408 174.4810065 49.73437687
408 -144.0086435 -38.92353313
408 -122.1824935 -63.70461312
408 -200.8966035 -88.84114312
408 -191.1759935 -46.47580312
408 270.0617365 -47.16927313
408 -220.7403535 -186.7369831
408 -158.5632635 -198.6432331
408 -155.9174335 -106.7005231
408 272.4236165 135.1771969
408 234.0590365 92.51313688
408 124.2934165 216.9190869
408 306.7726665 57.01041688
408 -75.2189535 -67.01190313
408 -238.6356335 -82.19455312
408 -225.5718235 -46.47580312
408 291.2283965 -42.53906312
408 -159.2247235 -212.5338531
408 -138.5535835 -187.5626831
408 -227.8510235 -242.4648431
408 307.4809065 149.7292769
408 254.5642365 92.18240688
408 212.8923665 181.1485469
408 335.5551465 55.31632688
408 349.9141765 -14.80594312
408 14.7393865 -78.25669313
408 -255.9989135 -55.07475312
408 -255.9989135 -41.84559313
408 -190.2664935 -33.16395313
408 318.4308765 -41.38151313
408 -83.6531135 -153.8294331
409 58.22083438 27.41231808
409 190.5125044 85.62064808
409 -17.18541562 7.568568082
409 53.79190438 -0.8970419178
409 53.79304438 40.11560808
409 297.6687544 137.2143981
409 190.5125044 11.53731808
409 186.5437544 153.0893981
409 107.3700344 20.26962808
409 -30.87476562 -16.77204192
409 70.12708438 -107.5251819
409 -106.2804456 -1.557381918
409 55.57500438 108.1102281
409 275.1791744 188.8081481
409 317.5125044 86.94356808
409 170.6687544 11.53731808
409 288.1135244 18.78133808
409 98.23906438 100.8341881
409 184.7612244 180.3436581
409 -44.96666562 -275.5356019
409 -176.3950256 -63.73446192
409 91.29375438 -189.5460219
409 -215.6229156 20.79772808
409 -210.6619756 -34.76477192
409 -207.3546856 -10.95227192
409 349.2625044 216.5893981
409 231.5229244 232.4643981
409 179.9291744 -83.71268192
409 94.14143438 150.5780381
409 76.74167438 88.26647808
409 -74.03434562 -288.4649319
409 90.66763438 -226.2900919
409 -213.9692656 -68.49914192
409 -142.8624956 -181.6085219
409 -247.0421856 43.28731808
409 -222.5682256 55.19356808
409 -261.2276256 -53.64834192
409 -224.8833256 -12.27518192
409 232.8458344 253.6310681
409 305.9369844 259.5841881
409 172.1935144 216.7238681
409 67.68309438 143.9634481
409 56.89792438 77.68314808
409 -236.0095256 -370.6522519
409 267.2781544 -306.9857719
409 146.5614344 -199.4999119
409 -259.9047156 -71.50772192
409 -75.39374562 -168.3793519
409 -222.8630456 -197.1848019
409 -278.2601756 63.26441808
409 -226.5016356 82.61095808
409 -174.9432256 79.00606808
409 -376.1560156 -81.59496192
409 -332.6651256 16.46623808
409 309.5750044 270.8289881
409 168.0229244 240.4018981
409 232.8458344 269.5060681
409 300.6453144 224.5268981
409 179.4689844 199.5248281
409 66.15833438 206.0060681
409 -5.077885618 139.9935781
409 -40.99791562 43.28731808
409 -311.4157756 -397.7720419
409 -298.8480656 -369.3293319
409 296.3817444 -320.2160519
409 163.4286244 -192.5545919
409 142.8875044 -160.4418519
409 -201.6963756 -213.7212619
409 -281.7687456 -173.6710219
409 -281.7687456 -194.8376819
409 -265.6919056 69.21865808
409 -319.9320556 54.66545808
409 -235.1359356 137.8758581
410 19.62326 -18.30035
410 -1.5434 -0.4409699999
410 -18.07986 18.74132
411 -66.40607797 30.8420127
411 -103.346248 4.688342703
411 -187.452388 31.5045827
411 -172.239418 -36.6267373
411 -49.86961797 69.2065927
411 -306.515458 -28.6892373
411 -104.145108 148.7789727
411 -202.335768 -97.8116373
411 -10.21802797 116.3675127
411 -71.86310797 195.8758627
411 -192.166418 -141.3036373
411 -19.11180797 -7.191847297
411 -271.127438 -136.1762173
411 61.58610203 104.5946127
411 16.77230203 249.4539827
411 -134.701658 181.9852327
411 -249.960768 -170.5720573
411 -142.557038 -116.8296873
411 13.75654203 -36.5764473
411 41.74235203 12.6519027
411 107.557462 100.2951327
411 45.54158203 66.0278927
411 95.48584203 260.6987827
411 -174.388588 201.8301027
411 -309.988108 58.2925327
411 -136.603348 -140.6410673
411 37.11215203 -25.0512173
411 64.50108203 -84.5328273
411 192.554862 96.6571127
411 43.06471203 40.4320327
411 122.605642 272.6050327
411 92.26124203 358.0985227
411 -218.045408 190.5841927
411 -492.550618 -44.8949673
411 -152.975518 -221.1527473
411 64.50108203 -38.8069773
411 103.257982 19.2664827
411 29.17465203 -3.223097297
411 131.369962 -18.7673673
411 121.944182 -117.6553873
411 267.961672 105.2571927
411 41.74292203 12.6530227
411 102.001852 259.8051227
411 -578.540198 -99.1345573
411 -159.092928 -294.0993973
411 170.892662 29.8509427
411 165.766362 -40.5943773
411 178.829592 -176.5251773
411 295.908292 80.7832327
411 247.543882 122.3487527
411 43.72673203 -9.176217297
411 94.82439203 250.7769027
411 261.512452 287.8196927
411 -614.920408 -131.5460173
411 -157.108558 -339.7400273
411 212.563972 54.9852327
411 180.317882 -51.1788273
411 125.416832 -78.9600773
411 239.187672 15.6284627
411 266.970052 -113.6843973
411 58.19613203 -232.5837773
411 163.120532 -190.4146873
411 178.829592 -190.4158073
411 257.543142 72.1831527
411 332.949392 89.3810727
411 315.586112 58.2925327
411 172.711112 193.8914827
411 307.814542 295.7571927
411 -753.826658 -204.3064273
411 -109.152258 -318.5722373
411 -153.470538 -393.9796073
411 -241.639058 -365.5795073
411 233.730642 51.6779427
411 235.880382 -94.8350773
412 20.1749 9.7573475
412 72.42955 -13.3948125
412 -18.8517 0.4958175002
412 -73.75275 3.1416475
413 233.1272658 23.53522333
413 257.6012258 34.78002333
413 202.1483958 17.59984333
413 110.0960158 1.045643333
413 237.0960158 63.22272333
413 -86.35710417 -2.923106667
413 -183.5914842 -16.81372667
413 -235.8461242 -34.67198667
413 -165.0700842 -6.229276667
413 -173.3388742 -109.4178967
413 -132.6591842 8.983143333
413 -63.20606417 20.88939333
414 207.3670999 135.236907
414 291.8678299 143.834747
414 184.8556599 126.480097
414 152.0988599 129.810767
414 141.2212699 112.747317
414 129.6900299 129.522807
414 159.0800699 102.162867
414 111.2902799 105.471277
414 103.8123999 129.810767
414 202.7357599 32.70862699
414 74.90949988 129.282657
414 32.08063988 52.55461699
414 170.3248699 31.38682699
414 72.92512988 158.386827
414 -103.6950101 180.278867
414 83.67438988 4.268156988
414 -44.02354012 60.35764699
414 117.4081999 38.00140699
414 -62.01237012 18.81911699
414 188.1848099 -19.54434301
414 55.72720988 188.152457
414 -126.0003001 198.680737
414 141.8821599 -4.331923012
414 -60.19969012 2.394166988
414 -122.6545101 90.22125699
414 170.3254299 31.38794699
414 -89.62826012 1.621206988
414 203.8938799 -37.40484301
414 -158.4199301 221.225367
414 -189.1777401 182.860787
414 117.4087699 38.00252699
414 157.0956999 -28.14442301
414 -108.1485301 -19.54434301
414 -185.5402901 87.94039699
414 202.7363199 32.70974699
414 -108.1490901 -19.54546301
414 -54.57040012 39.98690699
414 -180.9095101 243.053497
414 199.4295999 -49.30997301
414 -176.2781701 -51.29322301
414 -197.4459701 86.61859699
414 276.1587699 32.71086699
414 -106.1647201 14.85036699
414 229.8561199 -88.33713301
414 -264.4186301 -114.134003
414 -206.2102901 -61.21734301
414 305.9238199 28.74099699
414 251.6848099 -115.455803
414 -385.0520901 -170.192603
414 -280.1276901 -128.023513
414 -321.3040401 -55.26421301
414 -264.4186301 -128.024633
414 -207.3678401 -32.44390301
414 -241.9290401 -69.81629301
414 207.3665299 135.235787
414 322.7551099 27.94618699
414 217.7844999 -147.868383
414 325.7316699 -126.008243
414 174.2577099 -98.22699301
414 -435.3229201 -189.374893
414 -304.1061301 -151.837133
414 -378.7471401 -22.14165301
414 -244.5748801 -155.144423
414 -262.9303401 11.21234699
414 -204.0605501 78.01963699
414 -276.3248801 -67.83192301
414 96.90355988 208.658777
414 310.1134599 53.20158699
414 374.7154899 21.46495699
414 208.5790799 -158.482753
414 199.9251299 -141.253793
414 232.5019499 -153.821503
414 351.5285399 -135.930113
414 215.2681299 -192.154073
414 229.8566799 -88.33601301
414 111.9629499 -78.04281301
414 108.1477799 -108.180883
414 -483.6088101 -216.493563
414 -270.3711801 -152.497473
414 -353.7155001 -193.509003
414 -429.4916801 25.81472699
414 -311.8782601 43.62380699
414 -224.0691001 -178.294343
415 -296.9193735 -59.73341647
415 -433.7591335 -50.97021647
415 -279.0599935 -70.97821647
415 -702.3112135 -90.65771647
415 -227.3841335 -52.29313647
415 59.68878647 -47.00146647
415 177.9244665 -11.94417647
415 207.7267965 -7.250836471
415 143.5291965 17.82256353
415 221.9737165 -39.30401647
415 194.7761265 13.14847353
415 258.7877465 13.19124353
415 126.9927365 29.72881353
415 -45.43631353 73.91205353
415 95.24217647 52.21728353
415 219.7622765 83.30694353
415 278.4661365 146.8058235
416 -149.7361959 -71.22041951
416 -64.40807585 -69.89749951
416 -227.7882859 -69.23603951
416 -32.65807585 -48.73082951
416 -139.1528659 -132.7360395
416 -303.4066659 -64.14174951
416 57.33617415 43.51059049
416 27.53463415 -24.91832951
416 -163.6268259 -147.2881295
416 -324.3611959 -61.95999951
416 -290.1775059 -45.29018951
416 71.88882415 39.54296049
416 -69.91244585 81.70869049
416 134.0653341 95.10434049
416 121.4617241 24.69104049
416 -222.2947759 -189.4869895
416 -360.7414059 -42.77770951
416 -296.5799459 -30.20999951
416 50.05956415 35.57197049
416 230.6388241 77.90754049
416 -132.7504159 31.43897049
416 -127.2107059 107.6720505
416 263.0502841 122.8867105
416 228.8198141 57.23697049
416 -326.8057559 -237.1131095
416 -242.3403659 10.80042049
416 8.388254147 34.25017049
416 -151.7205759 12.78479049
416 277.6023641 159.2669205
416 -345.9874759 -252.9869895
416 -279.3820359 8.154580488
416 -233.9535459 43.34522049
416 -189.4236959 15.43062049
416 316.1317441 165.7150205
416 224.0236741 155.9585105
416 -450.4984659 -253.6495695
416 -375.0916459 -290.6901195
416 -170.9028659 -34.17874951
416 -236.3872359 59.08687049
416 321.4234141 234.5066805
416 322.5809641 122.8855905
416 112.4025741 188.2046005
416 -581.7973759 -252.6562595
416 -396.2588859 -339.6391495
416 -401.5505459 -301.2745695
416 -184.7934859 89.51396049
416 -256.8924459 70.33167049
416 261.6908841 240.3264605
416 315.4708541 253.0286305
416 316.2976741 12.09244049
416 433.0450741 116.9335805
416 48.90257415 184.2358505
416 -408.6612259 -379.4920195
416 -472.0785459 -353.8605095
416 -213.6963859 94.93897049
416 222.0033841 253.5556205
416 400.6330441 241.2866305
416 301.3783841 283.9827105
416 115.2137741 -84.48159951
416 318.2814841 -19.65867951
416 467.8376141 145.8647305
416 316.2971041 12.09132049
416 556.7013041 113.3264605
416 -26.50310585 169.0234305
416 -416.5987259 -463.4972195
416 -435.2843559 -357.4974095
416 -524.3337559 -345.9230095
416 -508.0453459 -372.7120695
416 -301.6703359 79.72543049
416 186.2846341 283.9827105
416 297.4096341 299.8577105
416 29.51901415 -102.9704195
416 283.2241941 -28.25763951
416 47.08413415 -145.9961095
416 319.6038341 -58.02437951
416 466.4481541 2.830900488
416 497.5366941 170.1798605
416 426.8271941 206.0574405
416 556.7013041 134.4931205
416 546.1538841 12.42205049
416 615.6070041 110.9793405
416 -78.09742585 163.7306405
417 -247.4340234 -260.30437
417 -283.1533434 -296.02423
417 -202.4554234 -238.47736
417 -314.2418834 -263.61277
417 -294.3981334 -319.17528
417 -183.9340234 -202.09603
417 -375.0954834 -295.36166
417 -347.3148034 -358.20132
417 -122.9977434 -163.89793
417 -294.3981334 -251.70652
417 -396.2627134 -319.83673
417 -412.1371434 -364.15332
417 138.9397566 -51.45001
417 -157.3103234 -96.09733
417 -445.2106334 -359.52423
417 -488.7842034 -432.45001
417 140.2632466 -18.37598
417 289.0907966 11.71926
417 -159.9567234 -80.22345
417 -206.2588134 -131.8172
417 -502.7575034 -397.88882
417 -528.5902934 -443.1667
417 150.4331666 123.34147
417 370.4507466 81.1735
417 308.9345466 13.70363
417 -122.9150634 -45.16616
417 -247.4345934 -147.85757
417 -552.2842034 -456.26251
417 -12.28558338 125.32584
417 178.8753066 117.38723
417 492.8199666 140.70363
417 412.7835066 11.0578
417 -120.2686534 -11.43067
417 -295.0595934 -190.85236
417 -594.7002134 -492.47736
417 160.1896766 223.38704
417 -66.69110338 85.14113
417 -52.79990338 126.81412
417 219.8857266 110.77264
417 309.4774166 149.16924
417 186.8128066 201.39243
417 675.3824666 222.72447
417 -107.0400634 29.57863
417 -222.2986034 -21.51791
417 -299.6898034 -214.66486
417 123.3954866 227.02394
417 199.2157166 241.24642
417 -33.61761338 159.22558
417 -66.69053338 85.14225
417 291.3232266 99.52785
417 375.6232466 225.89841
417 482.7795066 180.91924
417 199.2151466 241.2453
417 -190.5850834 105.51299
417 -174.6741734 19.49139
417 -256.0694534 -24.46357
417 -326.8095934 -231.86277
417 193.9234866 279.60988
417 87.42868662 208.17238
417 71.14027662 234.96144
417 1.439106623 240.58384
417 361.9338966 91.75572
417 695.7690866 335.70049
417 551.6897566 209.4953
417 220.3823866 290.19433
417 -235.5283434 118.71014
417 -177.2373234 136.40415
417 -301.6736034 -44.00749
417 -379.0648034 -271.55027
417 -450.4196134 -301.15054
417 33.43715662 243.5604
417 17.64540662 304.41569
417 842.6128366 395.23174
417 916.6961666 473.28382
417 599.1961666 305.27341
417 699.8564266 243.22967
417 249.4865566 327.89746
418 -128.5714547 -76.66482403
418 -65.27273472 -52.48958403
418 14.76372528 -23.38541403
418 -108.0656847 -54.83558403
418 -83.59229472 -33.00857403
418 123.4441653 16.60079597
418 -128.5708947 -76.66371403
418 -27.69906472 131.363816
418 131.2989853 20.07345597
418 -134.5240147 -96.50746403
418 -57.79541472 128.387256
418 81.77229528 145.915906
418 141.8828853 -88.40459403
418 143.2879153 27.18412597
418 -139.1547947 -113.045034
418 -114.0193747 81.42371597
418 -150.3995847 123.757046
418 20.25666528 188.579966
418 127.3302353 168.240116
418 170.3250253 -122.801544
418 210.0952053 54.96537597
418 -204.6374647 -187.125014
418 -231.7589547 109.866426
418 141.9649953 287.798716
418 141.8823153 178.161996
418 155.1114853 -12.99946403
418 174.8366453 -158.322914
418 175.8288353 195.226566
418 -267.3482547 -224.138024
418 -189.6268947 -221.161464
418 -228.4516647 -188.451284
418 -46.09043472 -145.755214
418 -272.9706447 124.781246
418 196.2045853 316.902876
418 174.1751853 493.874996
418 136.5906553 214.542206
418 143.2884853 27.18524597
418 -113.5591947 -251.588544
418 176.2787153 -217.388974
418 286.2923753 230.283856
418 274.9186953 253.403996
418 174.9552353 224.464076
418 -338.0878147 -378.619444
418 -291.7863047 -232.438264
418 -195.5800247 -242.989584
418 -276.0766647 -169.930454
418 -226.6685647 123.458336
418 -297.2433347 132.025276
418 -407.2466947 112.874996
418 239.1999453 334.763376
418 179.7975853 288.492186
418 26.20979528 191.225796
418 132.6219053 97.46407597
418 -140.0175247 -252.250004
418 183.5547653 -266.336884
418 148.4974653 -243.185844
418 323.2051553 287.799836
418 -361.9008847 -373.328894
418 -248.1300547 -397.141394
418 -320.8904747 -276.755974
418 -208.8091947 -278.708334
418 -328.9933347 -168.607534
418 -209.4706447 126.765626
418 381.9916953 340.219286
418 302.0379153 367.173716
418 108.1479453 135.167206
418 -112.2362747 -258.864584
418 195.1297153 -327.853634
418 120.0553253 -253.768064
418 78.92518528 -233.067714
418 307.9083553 86.55001597
418 411.1785453 331.620326
419 -432.7767028 -116.7097333
419 -471.1418528 -139.2004333
419 -543.8195828 -184.6756933
419 -592.8501828 -174.9191833
419 -568.3762228 -204.0233533
419 -516.0377728 -201.2110333
419 -563.6633328 -229.6548633
419 -488.2570828 -201.8736133
419 -464.4445828 -180.0454833
419 -314.9550028 -111.9152733
419 -514.8340128 -216.2283133
419 -430.7102128 -207.1652733
419 -225.6581228 -61.64444325
419 -226.3195828 -105.9621533
419 -228.3039628 -32.54027325
419 -274.6881628 -53.20973325
419 -111.3079528 21.53505675
419 -299.1626828 -61.14835325
419 37.60285723 70.31761675
419 -392.4283128 -94.22126325
419 106.3939572 113.9727467
419 -432.7772728 -116.7108533
419 192.3841072 129.8488667
419 -497.5990528 -127.2919433
419 -389.6997928 -109.9309033
419 436.2222672 219.1580867
419 -552.5006628 -146.4753533
419 -314.9538628 -111.9130433
419 448.1279472 231.0632167
419 412.4091972 199.9746767
419 -580.2824728 -146.4764733
419 -588.7987528 -158.2173633
419 -264.6836028 -112.5756133
419 530.3887472 264.7852467
419 401.1644072 151.0267667
419 -601.4491428 -137.2160533
419 -650.3143828 -170.1236133
419 -226.3190228 -105.9610333
419 -275.2669328 -141.0183233
419 470.8574972 223.7748267
419 367.4300372 120.5996767
419 -648.4126828 -141.1848033
419 -748.2102128 -203.1965233
419 -42.51628277 -100.1732733
419 -204.6100528 -127.5928933
419 -281.8815228 -150.2787433
419 530.3893172 264.7863667
419 334.3571172 127.2142667
419 370.0758672 69.00592675
419 509.1399672 155.8111067
419 30.24356723 -39.98168325
419 -72.28247277 -116.7108533
419 -170.1777428 -120.0170233
419 -350.6737528 -189.9673633
419 608.0274172 324.8125867
419 307.8987872 120.5996767
419 350.8935772 30.64134675
419 480.6607772 121.7768967
419 532.9518972 187.5599867
419 81.83788723 -11.53785325
419 -195.8925028 -152.2642333
419 -211.7675028 -152.9256933
419 635.4779372 323.8204067
419 229.1852372 114.6465567
419 450.2696072 59.23706675
419 549.4889272 192.1913067
419 71.91543723 9.627696747
419 108.2597372 11.97481675
419 87.12954723 -25.42848325
419 -272.6216728 -216.4256933
419 679.1347572 338.3736067
419 290.1966872 -32.04418325
419 585.8326572 236.2091867
419 99.03523723 -44.61189325
419 724.1133572 304.6381067
419 276.3060672 -49.24210325
419 660.0444572 292.5471167
419 99.69668723 -60.48689325
419 734.5313272 305.7956667
419 147.3222572 -123.3243133
419 691.1329972 301.8075367
419 786.1250772 311.7487867
419 788.7714772 266.7707367
420 -144.8834614 -37.55954718
420 -86.01254141 -23.00522718
420 -70.13754141 -22.34377718
420 -38.96631141 -93.28517718
420 -25.44289141 -5.28032718
420 -90.55893141 13.87330282
420 -89.23771141 -107.8383772
420 147.8591886 -42.98344718
420 -28.75018141 43.00613282
420 19.86700859 12.57905282
420 -101.8881014 3.45198282
420 -68.07048141 33.05336282
420 -148.1901914 70.92073282
420 -96.92717141 63.64469282
420 -108.3373214 -123.8787472
420 198.1664986 -132.9726772
420 244.7993086 -20.52476718
420 -45.61737141 46.97488282
420 46.98679859 27.13113282
420 -144.8829014 -37.55843718
420 -86.01310141 -23.00634718
420 -68.07105141 33.05224282
420 -100.5651914 117.8842728
420 -176.2194814 -143.8878572
420 -29.62378141 -168.1964572
420 210.0721786 -156.7862972
420 239.1763486 -138.2654672
420 173.9867986 59.54259282
420 1.382078589 78.03141282
420 146.2055486 63.51134282
420 -241.3725614 -121.0664272
420 -102.5495614 163.5249028
420 -52.60889141 139.0520628
420 -185.0956914 92.04479282
420 -217.2299014 -122.0597372
420 -212.6829414 -162.5751772
420 -10.44092141 -188.0390872
420 235.8690586 -152.8175472
420 213.0493086 -163.3997672
420 264.9732286 -137.6040072
420 117.8814286 125.4910428
420 213.0128386 54.25092282
420 146.0760886 201.7241228
420 72.78366859 68.14155282
420 -258.9850214 -135.4553872
420 -278.0840714 -108.1691072
420 -96.43215141 236.4715528
420 16.18277859 178.7395628
420 1.38264859 78.03253282
420 -222.1081614 -165.5506172
420 8.658688589 -213.6705972
420 264.9737886 -137.6028872
420 301.3534286 -138.2654672
420 289.7420086 90.63113282
420 195.6854586 243.3959928
420 237.3573386 216.2762028
420 -277.0913114 -150.8320572
420 -319.7559414 -32.10139718
420 -80.05998141 316.9832328
420 -60.21623141 305.7384428
420 64.46866859 205.8582328
420 -321.8230014 -215.4907272
420 -339.9304214 -201.7654672
420 -169.6870214 -234.6718972
420 42.39249859 -185.2290072
420 -25.07569141 -235.4987172
420 275.5571286 -127.6810172
420 321.9413186 -136.1157272
420 255.8781686 133.5939128
420 342.5292186 111.7657828
420 219.6638986 267.2096128
420 229.4204086 242.7356528
420 246.3025986 190.7457028
420 275.7224886 216.9387828
420 -376.6413614 -135.9503572
420 -331.6621914 -2.99723718
420 -267.4174914 -4.815127179
420 -86.01367141 340.7946128
421 -70.03133131 132.9079004
421 -63.61802131 77.54278036
421 -80.61466131 180.5329004
421 -41.91878131 66.43245036
421 -72.34643131 10.20738036
421 -97.15112131 218.8974804
421 -25.13484131 53.20217036
421 56.47314869 106.9467804
421 -83.59065131 -0.3748396435
421 -92.06072131 245.5531904
421 -39.68636131 26.74495036
421 -12.56770131 39.97189036
421 182.2323487 165.3193604
421 57.09812869 131.7823604
421 57.13403869 89.08628036
421 -96.15836131 -87.02587964
421 -157.8758313 216.1183004
421 -80.61466131 281.0745704
421 -45.97078131 255.9391504
421 -92.52091131 298.9339404
421 -45.88753131 -22.20295964
421 42.08585869 6.238630356
421 1.984948691 61.80113036
421 -39.68693131 26.74384036
421 238.0069787 180.7302804
421 113.4406787 75.36102036
421 45.85333869 217.7719404
421 79.25697869 96.72507036
421 61.76481869 73.21240036
421 -116.3328413 -121.9178096
421 -225.6753113 209.5037204
421 -49.60880131 -48.00095964
421 205.5955287 217.7719404
421 309.1137587 115.9073604
421 366.1177587 216.9131104
421 105.5031787 38.31936036
421 155.6554187 248.1990304
421 65.69708869 293.1781904
421 29.64760869 75.55840036
421 82.02140869 71.06154036
421 80.36775869 40.96519036
421 -132.8698713 -278.5191796
421 -178.5931813 -129.3603296
421 -90.61922131 -99.59470964
421 370.0865087 70.06936036
421 329.0760987 72.71519036
421 393.7804187 343.4490304
421 90.37231869 17.48342036
421 -130.2234713 -345.9868196
421 -163.2963813 71.88949036
421 -276.4057613 -160.9438496
421 -178.5937413 -182.2781196
421 -90.73781131 -194.9780596
421 434.9926787 34.02100036
421 366.6606287 4.120900356
421 42.08642869 6.239750357
421 184.9608587 20.12925036
421 -120.3021613 -387.6598096
421 -211.5828413 37.49365036
421 -75.32299131 115.7099804
421 -226.8796313 -172.3551196
421 -270.5358813 -242.8004296
421 -199.7598413 -262.9749096
421 -84.00407131 -254.3748396
421 383.3983587 28.72821036
421 510.3983587 49.23342036
421 391.5839087 -53.29261964
421 10.33585869 -7.651999644
421 -116.3328413 -411.4711896
421 -310.6727013 -20.68377964
421 -311.5463013 8.553730357
421 -68.70841131 125.6318604
421 -222.9108813 -296.7092896
421 -209.0202613 -436.2769996
421 -191.1608813 -305.9697096
421 -211.1232213 -302.1343096
421 -95.24886131 -292.7394196
421 27.12036869 -251.7301196
421 573.8983587 53.20217036
421 -35.96622131 -27.49574964
421 65.03562869 -25.64471964
421 -132.5391413 -475.3030396
421 -344.6192213 -37.74834964
421 -200.2091613 14.37351036
422 168.1149163 60.08056097
422 87.41699625 57.43472097
422 177.7060563 60.74201097
422 -2.541333749 38.25243097
422 188.2899563 52.80563097
422 -36.27514375 9.810840972
422 227.9768963 69.34097097
422 154.2248563 41.56084097
422 192.9195963 46.18993097
422 -70.00952375 -12.01727903
422 -55.37475375 35.44235097
422 156.4567063 30.97639097
422 14.73869625 -37.98175903
422 197.6319263 40.56642097
422 277.0074863 87.36571097
422 -111.0205037 -21.94027903
422 -43.46907375 -53.85563903
422 -74.55761375 55.28498097
422 191.1832763 48.33967097
422 157.1175963 25.35288097
422 159.2679063 11.29800097
422 -33.62931375 -63.61102903
422 201.4358763 33.12613097
422 256.4195963 85.21597097
422 286.9293663 93.98030097
422 -212.2230637 -58.98082903
422 -33.62988375 -63.61214903
422 -153.2711537 99.60269097
422 160.5902563 7.989590971
422 -127.5569637 -107.929859
422 204.8258463 22.37743097
422 220.0393963 85.87743097
422 230.6232963 95.80042097
422 317.3570163 100.596001
422 -190.3128237 -37.98063903
422 -235.3746737 -70.88818903
422 -267.4548337 -136.040719
422 -221.1533137 79.59358097
422 -134.1715437 115.643061
422 161.7483763 1.706860971
422 -179.1501437 -126.449579
422 -112.3422837 -126.448459
422 207.2230663 13.44663097
422 194.2425163 85.21597097
422 273.6180863 120.935841
422 220.0399563 85.87855097
422 -134.0888637 -8.876479028
422 -289.3656437 -62.12274903
422 -246.6194637 -82.13298903
422 -254.2262337 -139.349129
422 -324.5882937 -149.765979
422 -323.0179037 -119.505379
422 -257.6167737 60.90626097
422 -262.1637337 101.421701
422 -83.90014375 130.196261
422 167.0046763 -3.997079029
422 -112.3434237 -126.450689
422 -203.6246737 -129.757989
422 -191.7178537 -154.230829
422 -105.0673837 -144.971529
422 -42.14615375 -91.55876903
422 214.7477263 -11.35693903
422 153.2326663 90.50876097
422 254.4352263 122.257641
422 363.5758463 148.715971
422 190.9352263 70.66389097
422 -71.25032375 19.56623097
422 -255.6318337 -59.47803903
422 -352.2041837 -50.21649903
422 -274.6220437 -77.63244903
422 -233.0590037 -144.639679
422 -318.3050137 -168.287929
423 3.06235 8.37164
423 44.73422 -10.14919
423 -47.79657 1.77755
424 -6.611092337 33.11527325
424 -15.54078234 31.46163325
424 5.295157663 56.59704325
424 -47.62151234 -0.949826753
424 10.12719766 64.91706325
424 -29.76213234 42.04496325
424 30.71565766 66.73719325
424 -68.12671234 -0.619096753
424 -89.29338234 88.01631325
424 4.586917663 -36.12181675
424 -89.62411234 1.034543247
424 161.6838377 79.30378325
424 -177.8923323 123.7868532
424 -24.47046234 173.3444432
424 33.36939766 -37.81590675
424 -127.7047423 -43.39785675
424 47.72842766 -107.9381768
424 -140.5564023 3.680383247
424 -130.6813123 -33.47598675
424 189.4645277 85.25578325
424 -162.6793523 43.74927325
424 46.50684766 151.5669832
424 -56.22046234 185.2506932
424 119.1018977 -39.59447675
424 57.58626766 -66.05280675
424 -143.9099123 -43.72746675
424 16.24512766 -134.5137468
424 58.90918766 -117.6465568
424 -136.8824823 -4.206456753
424 -243.4131723 30.80017325
424 -134.3193323 -36.78327675
424 233.0017577 23.38423325
424 229.1520277 85.25578325
424 43.99046766 97.27673325
424 64.11816766 174.8833932
424 8.554757663 194.5773532
424 -171.3609923 172.2375532
424 189.5064377 -33.91248675
424 47.00350766 -54.14543675
424 69.49195766 -74.65288675
424 -235.1917223 -123.1035868
424 -10.95735234 -135.6712968
424 30.05306766 -135.0098368
424 -6.988602337 -146.9160868
424 64.20085766 -127.5684368
424 -110.5068323 -77.46296675
424 -250.4654523 -48.41092675
424 278.5133577 -4.206456753
424 312.1650477 78.97193325
424 189.4656577 85.25802325
424 42.33682766 89.00850325
424 61.14160766 212.2557832
424 64.11873766 174.8845132
424 -9.303702338 200.6802632
424 229.6559677 -38.09472675
424 92.64356766 -96.47988675
424 -249.0823523 -140.3015068
424 -32.12401234 -140.3015068
424 88.26196766 -137.6545568
424 -26.41950234 -157.6659068
424 106.4520677 -124.7561168
424 16.24455766 -134.5148668
424 -269.5875623 -141.6244268
424 -292.3251923 -70.35228675
424 -245.4467623 -2.685076753
424 300.6722077 -23.38874675
424 355.8212977 71.69589325
424 10.12663766 64.91594325
424 76.02441766 214.5708932
424 21.65911766 214.6521132
424 -58.91308234 217.8781832
424 254.3701277 -33.31061675
424 -166.4000623 -140.3015068
424 -273.1788023 -159.6998268
424 -130.0198523 -144.9317168
424 110.5029377 -136.1673868
424 -6.988032338 -146.9149668
425 39.50804333 -6.271357222
425 22.97101333 -162.8727272
425 59.68252333 28.62057278
425 -22.75229667 -13.71387722
425 25.61741333 -230.3403672
425 72.25023333 115.2716128
425 -22.75285667 -66.63166722
425 -7.455496667 187.5359428
425 -120.5648767 -45.29739722
425 35.53872333 -272.0133572
425 83.49445333 125.8538328
425 -71.03874667 -56.70866722
425 -43.91895667 -147.3284572
425 -55.74195667 153.1401028
425 80.51789333 231.3564328
425 -114.6949967 -127.1539772
425 39.50804333 -295.8247372
425 92.22286333 193.1892328
425 -67.06999667 -181.0628372
425 -55.28233667 -186.4878572
425 -35.31999667 -190.3232572
425 -154.8318167 94.96267278
425 -155.7054167 124.2001828
425 87.13247333 241.2783128
425 -53.17937667 -320.6305472
425 23.30174333 -359.6565872
425 113.9221033 182.0789028
425 85.80955333 248.5543528
425 -188.7783367 77.89810278
425 -44.36827667 130.0199628
425 -120.5654467 -45.29851722
425 -194.0699967 114.2783128
425 -150.8630667 188.2282928
425 51.33104333 239.9553928
425 -23.41374667 -183.0472072
425 -45.57260667 -344.7737772
425 -11.75497667 -441.0148472
425 55.29979333 -356.6800272
425 212.3140333 222.5932328
425 130.7060433 168.8486228
425 75.22622333 296.1793528
425 -203.3304167 67.97622278
425 -187.3727367 -73.07976722
425 -304.4508567 90.96190278
425 -188.6956567 187.5348228
425 -134.4560667 216.6389828
425 -91.46070667 234.4994828
425 -135.5303667 -428.1164072
425 -11.75554667 -441.0159572
425 -30.93726667 -473.4263072
425 93.00291333 -365.2789872
425 338.0732333 280.9658128
425 212.9749233 204.7327328
425 212.9390133 247.4288128
425 116.1545233 142.3914028
425 143.2731833 155.6183428
425 58.68976333 334.5439328
425 -248.8883567 45.65201278
425 -199.3616667 -80.19043722
425 -310.4039867 88.31607278
425 -156.4854667 393.6111028
425 -28.62273667 266.9098228
425 -155.3746867 -463.8362772
425 -44.82789667 -515.0981772
425 9.577053333 -474.9145872
425 145.2581233 -373.2164872
425 269.2815633 191.0074728
425 393.8478633 296.3767328
425 157.8258333 177.4475828
425 217.6057033 188.8588528
425 235.0978633 212.3715228
425 201.6942233 333.4183928
426 -128.06556 -110.2467263
426 -145.51209 -120.9965463
426 -96.97758 -75.85201631
426 -176.35201 -137.3665263
426 -86.39312 -57.99040631
426 -54.64368 -29.54881631
426 -103.26143 -28.55774631
426 -42.73743 -19.62693631
426 -103.26087 -28.55662631
426 -118.47498 -5.406706309
426 -6.35722 12.12306369
426 -134.92932 -11.85703631
426 -50.01404 27.99694369
426 -129.71977 9.14538369
426 11.17086 -16.65149631
426 -41.895 59.43103369
426 23.40784 29.31986369
426 -146.17411 6.00233369
426 -125.08899 -25.24933631
426 -69.07958 57.75813369
426 -42.738 -19.62805631
426 -27.7725 -40.96008631
426 60.20146 3.357623691
426 23.07711 -45.75565631
426 -54.16291 82.15455369
426 -145.51265 -120.9976663
426 -159.1541 26.67514369
426 -128.06612 -110.2478463
426 -77.13383 86.86673369
426 -159.15466 26.67402369
426 -86.39425 -57.99263631
426 75.41499 -18.47050631
426 42.17672 47.34460369
426 75.41556 -18.46938631
426 64.74898 -121.8233663
426 -28.51664 98.44225369
426 -73.82654 67.68444369
426 -144.60201 135.1543137
426 -289.46196 8.153193691
426 88.73036 -51.53779631
426 101.46049 -134.7206863
426 -6.68795 107.7037937
426 -63.50326 128.0198037
426 -153.20154 147.7209037
426 83.84803 -149.1096463
426 125.60315 -135.7139963
426 197.95015 -51.21269631
426 6.45797 95.63105369
426 8.52559 131.5162937
426 -90.82724 163.1506437
426 -161.6357 165.0830637
426 65.74174 -164.4863163
426 166.61357 -157.5421163
426 240.94495 -10.20227631
426 42.17728 47.34571369
426 57.38969 92.32264369
426 25.06148 167.8953837
426 24.04502 217.2409737
426 -124.4281 152.3511137
426 15.05749 185.5905137
426 -171.06091 186.7469437
426 -205.62211 106.7104837
426 -33.80831 -149.6046163
426 2.90263 -215.4197263
426 234.49573 -137.5330063
426 130.15011 -176.2294363
426 256.81995 -36.66060631
426 252.27412 0.2190436905
426 133.34095 -49.86489631
426 8.525020001 131.5151737
426 97.73922 48.66751369
426 153.3844 256.8615237
426 -144.60258 135.1531937
426 26.63245 193.5268937
426 94.43193 163.0998037
426 -77.46456 -142.3285763
426 -2.05831 -187.9692063
426 120.72489 -179.2048763
426 -6.35722 -224.6790263
426 253.59534 -121.4926363
426 313.20927 -181.8507163
426 194.64286 57.26647369
426 272.69551 -35.99803631
426 245.90588 49.99043369
427 -55.760938 6.349996
427 -125.875518 7.672916
427 6.416142 -6.879164
427 63.301562 -6.879164
427 111.918752 -0.2645839998
428 -107.2471137 -95.07360027
428 35.6278863 -65.30798027
428 -174.5420037 -67.37466027
428 -157.2554037 -52.31858027
428 101.7378163 -55.35409027
428 -207.9541437 -61.33923027
428 179.1649163 -72.58290027
428 157.3367863 -45.46311027
428 39.4430563 -35.16991027
428 -243.5075337 -55.38610027
428 253.2117763 -83.13534027
428 157.3362263 -45.46423027
428 145.2646063 -104.9954803
428 8.342736302 -30.91214027
428 279.0086463 -93.05721027
428 142.7482363 -149.2811703
428 126.9097063 -6.437070273
428 127.4052363 -98.38089027
428 159.9820563 -110.9486003
428 136.0591863 -115.6098503
428 85.7333563 -15.69860027
428 -22.0837837 -38.84853027
428 283.6388563 -112.9009603
428 149.3628163 -196.9061703
428 84.5758063 14.72847973
428 185.6135663 -118.2246403
428 159.9826263 -110.9474903
428 118.3101763 -119.5475603
428 126.9091363 -6.438190273
428 -84.0960737 -2.800170273
428 -104.7666437 -57.37048027
428 295.3329663 -142.5332403
428 69.3622663 38.54097973
428 95.8211663 -126.1610303
428 294.0100463 -227.8613603
428 11.1544963 47.14105973
428 44.8888763 80.87542973
428 115.6649163 23.32855973
428 -21.7507537 -123.1378903
428 38.9351763 -153.2819403
428 -132.7195837 45.26706973
428 -40.4392537 95.42751973
428 97.8049763 74.25972973
428 131.3739863 5.468059727
428 -124.6103937 -117.5631903
428 -180.6684237 23.32855973
428 -176.2149037 223.1517697
428 -134.5322637 61.69201973
428 38.7703863 148.3441797
428 -116.5434337 103.2305497
428 44.8883063 80.87430973
428 -168.4080537 -114.2157703
428 -248.7980637 -8.420320273
428 -198.5201937 241.5536397
428 -162.1481537 44.49410973
428 2.389606302 172.1555597
428 68.7013763 155.6202197
428 -195.1744037 133.0941597
428 97.8055363 74.26084973
428 -222.5062237 -108.9642303
428 -178.6846137 57.72326973
428 -278.7301837 -18.34444027
428 -336.9385237 -71.26110027
428 -230.9398237 264.0982697
428 -261.6976337 225.7336897
428 -127.0902937 82.85980973
428 -180.6689837 23.32743973
428 0.4052363019 201.2597297
428 112.3357663 169.3529997
428 86.5601763 145.0357697
428 57.1701363 172.3957097
428 -258.0601837 130.8132997
428 130.2164263 75.58264973
429 327.625404 150.484572
429 207.744384 63.712332
429 389.061644 185.453922
429 -338.463716 -151.803008
429 -585.967716 -247.847818
430 13.22916667 27.34028
430 -3.638023334 -1.76389
430 -9.591143334 -25.57639
431 315.441092 50.26362811
431 278.399992 41.66578811
431 250.453372 66.13974811
431 298.077812 19.17508811
431 240.034842 33.06570811
431 230.035582 83.23130811
431 175.046562 57.53966811
431 155.202812 154.7740381
431 90.04916203 61.17768811
431 131.390312 168.6646681
431 44.07780203 65.47716811
431 126.315972 182.2110481
431 -27.72632797 77.25006811
431 28.03328203 26.91044811
431 132.449932 193.9213281
431 -121.653408 109.6615281
431 25.55641203 1.314588108
431 161.817392 197.1073781
431 115.515312 192.4771681
431 -89.37140797 156.7584181
431 -204.960688 -7.612861892
431 24.23462203 -26.46442189
431 -0.7359979725 210.3365381
431 -152.209958 142.8677881
431 -324.023758 -67.80668189
431 -219.844068 -136.9290819
431 -67.37791797 30.08914811
431 -120.854548 -34.42910189
431 26.21843203 -48.29366189
431 -191.896888 162.7126581
431 77.97754203 221.5813381
431 -327.496408 19.17508811
431 -288.635738 -175.2936619
431 -36.62010797 -46.30929189
431 -209.674718 -180.4210819
431 -189.747718 -75.74418189
431 -83.91437797 -8.275431892
431 74.75294203 318.9810781
431 -235.553708 151.4667481
431 105.097342 233.4875881
431 -510.058918 -84.01241189
431 24.23405203 -26.46554189
431 -3.751757972 -75.69389189
431 -267.469068 -209.6895019
431 -160.065338 -155.9471319
431 84.49355203 220.6876781
431 -596.048498 -138.2520019
431 19.60385203 -64.16866189
431 46.99278203 -123.6502719
431 -154.111648 -179.7585119
431 77.31609203 211.6594581
431 244.004152 248.7022481
431 -632.428708 -170.6634619
431 11.66635203 -42.34054189
431 85.74968203 -19.85096189
431 46.99278203 -77.92442189
431 104.435882 -156.7728319
431 113.861662 -57.88481189
431 -170.483818 -260.2701919
431 290.306242 256.6397481
431 -771.334958 -243.4238719
431 153.384362 -9.266501892
431 161.321292 -215.6426219
431 148.258062 -79.71182189
431 -176.601228 -333.2168419
431 331.316092 264.5761281
431 195.055672 15.86778811
431 161.321292 -229.5332519
431 40.68783203 -271.7012219
431 145.612232 -229.5321319
431 249.461752 -152.8018419
431 107.908532 -118.0775219
431 221.679372 -23.48898189
431 162.809582 -90.29627189
432 160.8013459 -8.177515143
432 133.8110159 -2.027005143
432 108.2159759 11.99808486
432 87.71020586 30.51779486
432 77.45759586 36.47092486
432 120.4523859 27.21050486
432 10.56819586 49.70120486
432 142.9425459 17.95120486
432 -5.307374142 50.69227486
432 7.921795858 56.97613486
432 127.6457459 119.1532149
432 127.0669759 45.73134486
432 149.8872859 3.067274857
432 -18.86670414 84.09704486
432 -21.18123414 65.24659486
432 172.2115059 137.8394149
432 160.8019159 -8.176395143
432 -57.89331414 116.8381149
432 -28.45784414 42.75589486
432 -142.6426641 86.24566486
432 189.2446259 146.9355849
432 217.0253059 -72.00824514
432 -63.51570414 -0.9014751427
432 -143.9650141 72.35615486
432 -138.3431841 120.6414949
432 266.6352559 200.5137049
432 217.0258759 -72.00712514
432 -71.45320414 -98.79730514
432 -105.1875841 68.55165486
432 -152.8952641 21.42274486
432 -137.5163641 134.3667549
432 -317.6343041 66.76465486
432 181.9680159 -72.00824514
432 252.0825959 -68.03949514
432 217.6867659 -105.7426151
432 -18.28792414 -69.85738514
432 -105.5183141 -120.6254351
432 -72.11466414 -115.3337651
432 -35.73445414 48.04644486
432 -165.7937041 -50.67621514
432 -418.0568041 129.7376649
432 -136.6895341 152.3914949
432 -357.2858941 57.14149486
432 -382.4572141 78.00944486
432 49.01545586 -137.4915051
432 300.3690559 -57.45615514
432 247.5818459 -114.4749251
432 227.7380959 -128.3655551
432 133.4802859 -197.8186751
432 37.93603586 -28.84696514
432 -116.2202441 -129.6884651
432 -69.91815414 -148.2093051
432 -14.56722414 -120.6243151
432 -92.95060414 -112.6879351
432 -28.45841414 42.75477486
432 -472.2969641 96.66363486
432 -416.0730041 91.37196486
432 -270.5521641 215.0646749
432 -131.3978741 173.5581649
432 -171.7468341 241.0269149
432 -411.5613841 51.22038486
432 -413.5457641 66.43392486
432 18.71726586 -154.8238851
432 313.0662159 -118.4436751
432 412.6156959 -8.641595143
432 243.6130959 -137.6259651
432 194.0037159 -145.5634651
432 41.86830586 -193.1884651
432 122.8969459 -249.4124251
432 234.0219459 -209.7249251
433 111.918752 -0.2645839998
433 63.301562 -6.879164
433 6.416142 -6.879164
433 -55.760938 6.349996
433 -125.875518 7.672916
434 20.26139577 50.19108641
434 103.2744158 43.90723641
434 -19.42610423 50.19108641
434 146.9306658 36.63119641
434 -47.20679423 44.23908641
434 24.11112577 -11.68046359
434 178.6806658 -1.73339359
434 246.4807158 21.74949641
434 -178.1749742 31.67249641
434 69.62272577 -39.27115359
434 183.6416058 -29.18391359
434 264.5870058 37.12616641
434 -203.5954742 21.53234641
434 -198.7634342 29.85236641
434 91.78157577 -58.45344359
434 174.3817558 -38.44321359
434 301.4638658 7.03093641
434 282.1994658 51.51512641
434 -238.6527642 6.98026641
434 -215.5017242 -1.94942359
434 -298.1840142 52.95161641
434 107.6571458 -53.82211359
434 45.47949577 -68.37531359
434 148.5848758 -57.62550359
434 310.8890858 10.00637641
434 353.8850058 -62.09034359
434 201.7490258 -42.90917359
434 306.3421258 50.52181641
434 245.4879558 64.41244641
434 378.6891258 135.0231164
434 -204.3037142 -71.18651359
434 -298.5147442 -34.03015359
434 -224.4314142 -3.60306359
434 -233.3610942 138.2797464
434 -386.7829642 88.72215641
434 174.3811858 -38.44432359
434 20.76533577 -73.15942359
434 128.7411258 -74.82341359
434 140.8948558 -64.73729359
434 347.3525458 28.69369641
434 379.0198558 -63.41438359
434 269.8792358 -74.65917359
434 148.5843158 -57.62662359
434 203.8160858 140.4801564
434 421.6839258 176.0335364
434 -336.5953742 -78.46255359
434 -161.1622042 -143.0028736
434 -175.5212342 -72.88060359
434 -349.4470342 -31.38431359
434 -339.5719442 -68.54068359
434 -277.0173442 -35.68379359
434 -256.5121442 -36.01452359
434 -162.3837842 116.5022864
434 -265.1110942 150.1859964
434 -371.5699842 8.68457641
434 -139.3986742 -109.7175836
434 103.6062758 -86.06709359
434 415.2347058 48.70280641
434 256.1545358 167.7664264
434 191.9098358 169.5843164
434 433.0130958 186.4548564
434 437.5589258 149.5752064
434 -352.8005442 -78.79216359
434 -192.6455042 -169.5784436
434 -149.9814442 -152.7112536
434 -89.78873423 -74.65917359
434 -151.3043642 -101.1175036
434 -452.3038042 -4.26452359
434 -345.7731142 -39.27115359
434 -343.2099642 -71.84797359
434 -164.9001642 62.21203641
434 -144.7724642 139.8186964
434 -380.2516242 137.1728564
434 -200.3358742 159.5126564
434 -116.2470642 -131.5445836
434 216.3016758 -101.1163836
434 62.59529577 -107.2348736
434 127.8310558 -98.80240359
435 -36.79068709 9.635050253
435 -38.11360709 81.73401025
435 -148.8719671 -72.41779975
435 9.676752912 37.99507025
435 -40.09798709 156.4788003
435 -179.2984871 -98.21355975
435 -134.9807771 -85.64584975
435 98.51401291 86.33332025
435 185.7900429 30.80172025
435 28.69368291 182.9371303
435 -85.73860709 124.0673403
435 -26.86881709 192.1975503
435 -167.6408471 -190.6534797
435 -201.7886371 -112.1052997
435 -152.8407171 -131.2875897
435 -101.8257471 -102.6795197
435 223.2810229 151.6512103
435 279.7171229 24.18713025
435 55.15201291 183.5985903
435 56.47493291 176.3225503
435 -20.91568709 214.0256703
435 -166.0693171 -229.8437697
435 -161.0256971 -188.3372497
435 -218.9865571 -122.0271697
435 -197.1584271 -151.7927997
435 -166.0693171 -147.8229297
435 -69.49696709 -109.4594697
435 288.7665329 181.4190703
435 253.9561529 -74.40216975
435 285.7061529 53.92074025
435 343.5478529 276.8642203
435 96.16243291 147.2183803
435 -35.92625709 248.0621203
435 -162.7625971 -258.2875897
435 -179.9605171 -234.4750897
435 -156.3960571 -229.0180597
435 -77.68251709 -171.1404597
435 -259.9964071 -148.4843897
435 -189.2209271 -174.2823797
435 -161.0262671 -188.3383697
435 27.73740291 -129.9646697
435 -50.31467709 -139.2250897
435 317.2086729 192.0012903
435 128.2790729 -37.36050975
435 169.2894929 80.37908025
435 352.2654029 168.8491303
435 330.6494129 40.72359025
435 344.9899229 217.7981603
435 339.0362329 312.3855903
435 247.6363929 202.1194203
435 -59.74045709 246.7358503
435 -98.63704709 211.0491103
435 29.55641291 322.1421003
435 122.6207729 289.4319203
435 -238.0861671 -236.9555597
435 -170.7000971 -256.9646697
435 -149.4507471 -270.0284797
435 -104.4710171 -231.0013197
435 -277.7736671 -119.8774297
435 -304.9755671 -167.6666797
435 -11.95009709 -153.7771697
435 75.36240291 -40.00633975
435 98.51344291 86.33220025
435 414.1944329 -35.21076975
435 343.9971729 71.61475025
435 352.2659729 168.8502503
435 323.8226929 422.1876703
435 310.5940929 346.7825403
435 -107.3654571 265.2566803
435 -123.0750971 202.7488703
435 -169.3766071 56.56769025
435 34.18719291 338.6796703
435 -229.5698871 -276.1469697
435 -423.3766171 -240.4270997
435 -192.5641271 -283.7217197
435 -152.7580371 -338.8201397
435 8.637792912 -219.7576397
435 -56.84657709 -156.9190997
435 -117.7007471 -247.5388897
436 -61.8187331 -427.5977176
436 -62.1494631 -453.3945976
436 -15.5993331 -166.1563176
436 -2.996853099 -88.66504761
436 -155.8290631 -178.7251376
436 51.8688569 -162.1886776
436 33.8082069 -81.87215761
436 -26.8446831 -90.08972761
436 -204.9782531 -171.8304976
436 81.6350469 -67.59901761
436 -60.5790631 -81.49076761
436 -266.9540631 -165.4959776
436 -176.9957331 -158.2199276
436 10.8584369 -15.34492761
436 -90.3441231 -95.38026761
436 63.7751069 29.63423239
436 -143.2613531 -89.42826761
436 -108.8649531 -113.9011076
436 51.8329469 43.22614239
436 79.6501069 23.01965239
436 -169.1409131 -69.08841761
436 -245.7873931 -128.4543076
436 -21.7542931 19.00023239
436 110.0777569 67.99993239
436 36.6194069 79.60635239
436 145.1350469 65.35410239
436 -276.9586231 -114.0675876
436 -66.6143031 -12.20188761
436 -186.2561431 -53.04805761
436 66.3850269 119.9553124
436 -9.646773099 85.19673239
436 110.0771869 67.99882239
436 156.3792669 43.52486239
436 194.7438569 84.53527239
436 -246.3661731 -43.29154761
436 26.7334369 146.7123624
436 110.7386469 139.4363224
436 97.2614369 108.8438724
436 -100.8453431 88.33866239
436 163.6558769 -10.71360761
436 234.4313569 101.0717324
436 207.3115669 31.61861239
436 190.7751069 102.3946524
436 -290.0224231 -92.23946761
436 -189.4807531 21.53137239
436 -289.4436431 -19.31367761
436 146.4214869 160.6350024
436 80.3121269 146.7134824
436 194.0823969 118.2696524
436 153.4853869 106.8594924
436 -110.8487631 93.13647239
436 92.2183769 -33.86464761
436 204.6662969 -9.390687606
436 231.7855169 87.18111239
436 232.4469769 112.3165224
436 204.6657269 -9.391807606
436 -370.7471631 -169.8593676
436 -326.4847431 23.68223239
436 152.4105169 199.6290224
436 207.2756569 197.0152124
436 16.8115669 165.2331924
436 26.7340069 146.7134824
436 315.1298369 160.6041024
436 -221.2307531 94.29178239
436 -71.0797131 122.7344924
436 81.6344769 -67.60013761
436 236.4162969 -7.406317606
436 286.6865669 93.13423239
436 241.7073969 122.8998624
436 -401.2295431 -176.7396476
436 -357.4911731 4.002722394
437 -112.9323809 -75.94330239
437 135.7765191 -59.40572239
437 165.5415791 -48.82351239
437 119.2394991 -34.27142239
437 231.6052991 -47.33411239
437 214.4073791 -24.18306239
437 1.968649105 -51.77000239
437 214.4068191 -24.18418239
437 338.8436691 -48.16205239
437 -38.8490409 -56.09955239
437 168.1052991 34.68672761
437 494.9483991 -11.11926239
437 -112.9318109 -75.94218239
437 154.8755691 47.25331761
437 135.1144991 29.89003761
437 216.4738691 42.45773761
437 -201.5677909 -107.6933024
437 84.5129391 22.61398761
437 278.3469391 54.39968761
437 -348.4115409 -118.9380924
437 51.7707491 14.01503761
437 101.7108491 3.431697612
437 70.6217491 46.42537761
437 287.1672291 55.19081761
437 -381.5665809 -106.2039024
437 25.8911891 20.79497761
437 62.0233491 61.64003761
437 113.2036891 61.80539761
437 25.8917591 20.79609761
437 329.9406891 57.70697761
437 -261.5118909 -64.86275239
437 -320.0515209 -51.96543239
437 -412.5730009 -132.1672624
437 55.7400691 80.16198761
437 -23.1248109 29.08667761
437 126.1021291 90.57883761
437 188.6105091 75.69713761
437 -74.3197509 3.927797612
437 348.1040791 61.64003761
437 -222.5691009 -66.35215239
437 -74.3186109 3.930027612
437 -270.8555509 -58.41465239
437 -300.8692309 -36.09043239
437 -363.6250909 -128.8599624
437 -429.7714809 -148.0433724
437 -448.6224809 -134.1516324
437 29.5297791 116.3768276
437 40.1952291 75.53065761
437 112.8735291 93.88724761
437 -32.6478709 24.43300761
437 -24.7977009 59.19882761
437 147.2693591 85.28828761
437 267.9860791 103.4795076
437 374.5624191 61.64003761
437 -40.5853709 13.84966761
437 -320.0503909 -51.96320239
437 -280.3640209 -24.18418239
437 -299.5710209 -143.3611124
437 -461.5214809 -171.1944224
437 -536.5964409 -165.2401724
437 57.3104591 110.4225876
437 12.3312991 115.7142576
437 17.0247191 72.58199761
437 346.6984791 166.3158176
437 -88.3677809 42.46985761
437 -1.934780895 69.23620761
437 338.1822091 138.3691976
438 -71.5507308 14.33082787
438 -14.6647408 35.49860787
438 -157.5397508 -6.834722133
438 42.8826992 46.08305787
438 -243.3634008 -8.983342133
438 -197.2261108 14.99563787
438 -106.6074508 -25.35556213
438 95.7987992 73.20173787
438 65.3717092 95.69131787
438 37.5915992 22.93313787
438 116.3866892 18.46605787
438 -297.7689108 41.45173787
438 -222.8587608 -23.53655213
438 -243.3639608 -8.984462133
438 -129.0964708 48.06743787
438 -207.1485508 67.91118787
438 -183.8327108 -35.44280213
438 -37.8157908 -53.13681213
438 98.4446292 98.33714787
438 -61.6277208 75.84868787
438 79.2623392 123.4725679
438 68.7616892 35.66396787
438 21.0540092 -31.30868213
438 109.7715392 58.15243787
438 222.2200192 2.591057867
438 124.5727992 -71.65652213
438 -321.4160508 59.14574787
438 -258.0814108 57.98818787
438 -252.8256508 -17.71677213
438 -70.8875708 62.62063787
438 -127.1126608 92.38402787
438 -111.2735708 -82.53969213
438 -194.2512508 -131.8514721
438 -6.065790799 -64.38160213
438 73.3097792 147.9476379
438 106.3826992 128.7653479
438 6.501919201 -37.26181213
438 290.6809592 15.82021787
438 98.4451992 98.33826787
438 267.4113192 -1.180312133
438 119.2811392 -87.86225213
438 227.7597392 -26.67847213
438 47.1821792 -80.91694213
438 -300.4147508 87.75381787
438 -366.3952108 78.98949787
438 -277.2637008 -41.89202213
438 73.3092092 147.9465279
438 -176.7220408 106.2746479
438 -43.8048208 -85.18552213
438 -218.0631808 -128.2123321
438 -198.8808908 -177.1602421
438 -134.0579708 -135.4883721
438 47.1816092 -80.91806213
438 72.6477592 163.1600679
438 230.7357292 149.9297779
438 -6.065220799 -64.38048213
438 311.5168992 13.17438787
438 106.3821292 128.7642379
438 278.1132492 7.882717867
438 212.5102792 -124.8730221
438 125.8962892 -120.2725921
438 313.7134092 -19.70115213
438 -281.2324508 92.38402787
438 212.8769192 170.4361079
438 -216.4101108 106.2735279
438 26.3097592 -118.2584421
438 -204.1731308 -194.3592821
438 -26.2402708 -169.8842021
438 125.2336892 -110.3529521
438 369.0643392 7.883837867
438 312.1783592 29.71084787
438 182.0831992 -140.0865621
438 232.3540292 -116.2740621
438 100.7602992 -130.5263121
438 314.1621592 -72.81631213
439 15.04928538 1.916742308
439 -6.117944615 7.207292308
439 -70.19672462 -21.73150769
439 -19.34654461 10.51570231
439 -155.3448846 -54.28486769
439 -61.59832462 -36.94616769
439 -76.48000462 -3.209557693
439 214.4784054 82.94427231
439 -74.90961462 27.05104231
439 -157.0177746 -24.17271769
439 -164.8679446 -58.93853769
439 -106.3283146 -62.57544769
439 -19.01638462 -21.56614769
439 -47.70713462 -60.75755769
439 -102.6902946 33.00528231
439 -92.02484461 -7.840887693
439 204.6392154 92.70078231
439 -134.1548546 -14.13533769
439 -220.5878546 -40.90168769
439 -172.8054446 -69.52187769
439 -206.5398246 -79.44374769
439 56.39043539 -7.674407692
439 2.894425385 -53.48150769
439 -30.50922462 -79.93984769
439 -80.44932461 -69.35650769
439 -119.8887746 32.34271231
439 -115.1953546 -10.78954769
439 178.0987654 134.5391423
439 -164.2064846 36.97291231
439 -206.5386846 -79.44151769
439 -354.7891746 -149.7236977
439 135.7660054 20.10796231
439 35.88522538 -48.68481769
439 -106.3288846 -62.57656769
439 -216.4622646 42.92492231
439 -111.9512746 -39.09478769
439 211.8331454 156.3672623
439 137.0877854 124.6161423
439 -393.7319646 -148.2342977
439 120.5513254 38.62656231
439 205.9621354 54.99765231
439 143.0409054 1.584892307
439 84.25379538 -40.91380769
439 22.65549539 -36.11822769
439 82.18674539 -107.5557277
439 245.5669554 184.8088523
439 192.7335354 181.9987723
439 35.88522538 87.57559231
439 -513.7866546 -189.5754477
439 -403.0756246 -141.7861977
439 214.4789754 82.94539231
439 68.95814539 20.10684231
439 263.5095754 92.70190231
439 258.8793654 17.29565231
439 147.6711154 -3.706767692
439 146.1268654 -28.97185769
439 99.38522538 -130.7056577
439 335.5252854 203.9911423
439 173.5506754 201.8414023
439 57.79546539 108.5757823
439 12.73361538 75.66823231
439 -452.2715946 -135.3369777
439 -544.7930746 -215.5388077
439 -480.6316146 -202.3096377
439 -452.2704646 -135.3347477
439 262.8469854 108.5746623
439 135.7648654 20.10573231
439 44.48361538 16.79843231
439 415.1129654 142.5593423
439 276.9029754 103.2829923
439 278.6404354 0.5938223074
439 56.38986538 -7.675517692
439 154.9477254 -28.17960769
439 154.9471554 -28.18072769
439 206.6235954 -131.5335977
439 33.32150538 -132.1950577
439 416.2232054 206.6369823
439 94.83713539 246.1591123
440 -144.7156057 -17.10157984
440 -270.9820457 -97.73039984
440 -26.31455571 55.65884016
440 40.57484429 -13.63003984
440 -248.5645557 -13.13282984
440 -331.2468557 -123.5963698
440 -88.40952571 59.13038016
440 18.66460429 74.84113016
440 49.09112429 -52.82144984
440 98.70049429 -11.14956984
440 -127.5176857 54.99738016
440 -237.5683857 59.46111016
440 -347.7006257 -136.6601698
440 0.8873442854 103.4480902
440 59.67445429 101.2983502
440 60.96146429 -88.17744984
440 89.44008429 49.04314016
440 112.5916943 -6.518249842
440 107.9609143 -33.63914984
440 -379.1537757 -155.2685498
440 -296.1901257 -212.8943598
440 -5.809345715 118.4973802
440 -53.47082571 104.3069202
440 76.87237429 111.2202202
440 91.38855429 -130.5107898
440 81.50258429 71.53272016
440 115.8984143 -34.96206984
440 122.2649543 -5.692539842
440 111.0201643 32.67204016
440 86.09688429 -60.39619984
440 -381.5377357 -103.2316198
440 -380.3966057 -195.0856598
440 -230.7057557 -224.1391498
440 -22.34637571 149.5848002
440 -121.5645557 99.97655016
440 99.36252429 125.1119602
440 89.44065429 -83.24740984
440 109.2838343 -132.1964498
440 58.35154429 -125.5818598
440 117.6347443 34.98715016
440 174.1899943 -7.675799842
440 129.2102643 -46.70295984
440 117.6353143 34.98827016
440 -386.3497357 -229.4814898
440 -32.26825571 166.1212602
440 -61.37241571 144.9546002
440 -77.90887571 123.7879302
440 -142.7676957 84.46317016
440 129.7890443 150.9077202
440 185.3521043 -135.5026198
440 -7.132835715 -101.1078998
440 112.5916943 75.50259016
440 160.9602643 -24.21336984
440 287.2988043 3.567880158
440 221.8144343 66.40642016
440 125.9029743 -115.4946198
440 200.9784943 52.18506016
440 -85.84637571 135.0327202
440 241.8703243 232.9605702
440 143.6802343 137.6796702
440 190.6432043 -121.6131098
440 125.8202943 92.03793016
440 142.4394343 -67.20816984
441 196.9201569 225.6185431
441 108.2847469 114.4935431
441 74.55036693 94.64979307
441 54.04515693 82.74354307
441 34.86286693 66.86854307
441 -26.65219307 12.63007307
441 6.502846934 -0.1041169332
441 -57.65861307 -13.33328693
441 93.40249693 53.97122307
441 153.3465969 11.14067307
441 -8.710703067 -10.02598693
441 -93.70809307 -15.31765693
441 -74.85709307 -29.20939693
441 84.05883693 60.41932307
441 132.3452869 52.48182307
441 280.5957769 122.7640031
441 241.9825769 42.89179307
441 55.34336693 -24.52713693
441 -181.6820531 -46.40619693
441 -106.6070931 -52.36044693
441 34.86399693 66.87077307
441 280.5946369 122.7617731
441 314.3290169 132.6836431
441 316.0653469 62.73442307
441 91.16950693 -18.62494693
441 -192.2653831 -17.30203693
441 -173.7445531 -57.65098693
441 -372.4793031 -97.32849693
441 -159.1924731 -84.77078693
441 -60.96534307 -55.00403693
441 13.86156693 70.01046307
441 380.8061469 139.6300731
441 322.2665169 143.2669831
441 356.8830369 67.06397307
441 129.2300769 -19.25071693
441 -224.0153831 19.73963307
441 -407.9008031 -31.85411693
441 -424.4105431 -110.5319669
441 -195.5459631 -101.9330069
441 -130.7497631 -130.4114069
441 -256.8396931 -167.9480469
441 69.70239693 -109.7054669
441 60.08153693 -44.42070693
441 -15.24260307 62.73442307
441 425.5361369 165.2593531
441 331.7895769 147.9206531
441 474.1538869 84.56255307
441 149.0738269 -15.94342693
441 -115.1228131 39.58338307
441 -235.5082231 17.09380307
441 -374.1664331 -17.96348693
441 -468.7282531 -27.18821693
441 -481.4053631 -107.0949969
441 -371.6032731 -116.3554169
441 -230.0511931 -105.7720869
441 -261.3872131 -240.2123769
441 -84.53036307 -198.3762469
441 -325.8799731 -239.5520369
441 84.20083693 -117.5123169
441 119.8893069 -251.3440769
441 98.44554693 -43.76036693
441 -79.12929307 51.52532307
441 439.4273269 141.4479631
441 416.9377369 180.4740131
441 468.1180769 180.6393731
441 330.1166869 178.0328031
441 490.6909069 59.42825307
441 569.3217669 94.65091307
441 169.2215969 -15.31765693
441 -334.4789331 4.526093067
441 -354.9841331 -16.64057693
441 -410.5466331 -16.64057693
441 -535.8924231 -21.26966693
441 -294.8741131 -138.8449969
441 -331.5018031 -245.5040369
442 -69.69082744 -459.4271079
442 -69.36009744 -433.6302279
442 -23.14069744 -172.1888279
442 -163.3704274 -184.7576479
442 44.32749256 -168.2211879
442 -10.53821744 -94.69755795
442 -212.5196174 -177.8630079
442 -34.38604744 -96.12223795
442 26.26684256 -87.90466795
442 -184.5370974 -164.2524379
442 -274.4954274 -171.5284879
442 -68.12042744 -87.52327795
442 74.09368256 -73.63152795
442 3.317072564 -21.37743795
442 -97.88548744 -101.4127779
442 56.23374256 23.60172205
442 -150.8027174 -95.46077795
442 -116.4063174 -119.9336179
442 72.10874256 16.98714205
442 44.29158256 37.19363205
442 -176.6822774 -75.12092795
442 -253.3287574 -134.4868179
442 137.5936826 59.32159205
442 -29.29565744 12.96772205
442 102.5363926 61.96742205
442 29.07804256 73.57384205
442 -74.15566744 -18.23439795
442 -284.4999874 -120.1000979
442 -193.7975074 -59.08056795
442 102.5358226 61.96631205
442 187.2024926 78.50276205
442 148.8379026 37.49235205
442 -17.18813744 79.16422205
442 58.84366256 113.9228021
442 -253.9075374 -49.32405795
442 226.8899926 95.03922205
442 183.2337426 96.36214205
442 199.7702026 25.58610205
442 156.1145126 -16.74611795
442 -108.3867074 82.30615205
442 19.19207256 140.6798521
442 89.72007256 102.8113621
442 103.1972826 133.4038121
442 -197.0221174 15.49886205
442 -296.9850074 -25.34618795
442 -297.5637874 -98.27197795
442 224.2441526 81.14860205
442 224.9056126 106.2840121
442 145.9440226 100.8269821
442 197.1243626 -15.42431795
442 197.1249326 -15.42319795
442 84.67701256 -39.89715795
442 -118.3901274 87.10396205
442 186.5410326 112.2371421
442 138.8801226 154.6024921
442 72.77076256 140.6809721
442 -334.0261074 17.64972205
442 -378.2885274 -175.8918779
442 279.1452026 87.10172205
442 234.1660326 116.8673521
442 228.8749326 -13.43882795
442 74.09311256 -73.63264795
442 -228.7721174 88.25927205
442 -78.62107744 116.7019821
442 307.5884726 154.5715921
442 199.7342926 190.9827021
442 144.8691526 193.5965121
442 9.270202564 159.2006821
442 19.19264256 140.6809721
442 -365.0325374 -2.029787949
442 -290.9492074 46.91813205
442 -408.7709074 -182.7721579
442 355.8743626 84.45589205
442 52.26499256 -258.1795279
442 -156.0938174 130.7590921
442 -64.15167744 130.7579721
442 345.0429826 117.3634421
442 293.4492326 176.2332321
443 35.27758667 -8.15836
443 18.74169667 -4.18849
443 -54.01928333 12.34685
444 -190.327701 11.32674901
444 -213.974841 29.02075901
444 -135.922191 -39.10833099
444 -150.640201 27.86319901
444 -192.973541 57.62882901
444 -258.954001 48.86450901
444 -115.417551 -53.66154099
444 -50.09854099 -36.95971099
444 -99.70734099 37.78619901
444 -173.791241 62.25903901
444 -89.78490099 -15.12935099
444 35.89047901 -15.79416099
444 0.8337590112 -55.48055099
444 -19.67145099 62.25903901
444 -164.530831 80.77986901
444 -135.922751 -39.10945099
444 -21.65526099 17.94244901
444 92.77646901 5.373619012
444 145.032809 -7.191850988
444 69.62541901 -83.26180099
444 -76.39150099 -65.56779099
444 -69.28083099 76.14965901
444 180.750419 117.821539
444 36.55363901 32.49564901
444 -138.072491 80.11840901
444 -267.056871 87.39444901
444 -145.384441 -47.84176099
444 150.323909 15.95806901
444 176.202899 5.538979012
444 128.495219 -61.43367099
444 101.375419 -94.50659099
444 -86.81004099 -161.976461
444 -3.832360989 -112.664681
444 -108.968901 76.14853901
444 320.318129 140.311119
444 45.81348901 45.72369901
444 -341.140201 87.39444901
444 -310.547751 68.04679901
444 -211.989891 111.704169
444 -169.822491 -72.01701099
444 223.827899 -11.65893099
444 172.812919 65.56632901
444 203.240009 43.07674901
444 113.943129 -67.38680099
444 154.622819 -111.043051
444 -110.621971 -158.337321
444 -91.43968099 -207.285231
444 -26.61676099 -165.613361
444 63.63638901 -115.310511
444 186.703549 93.34757901
444 -277.144111 112.364509
444 -375.370671 76.64575901
444 -388.103741 86.73299901
444 -106.157131 172.557209
444 -277.143541 112.365619
444 -74.60840099 153.903029
444 -111.614731 106.575629
444 217.212749 28.02744901
444 232.014009 -101.781511
444 329.661229 -27.53393099
444 205.885839 68.21215901
444 101.375989 -94.50547099
444 232.674899 -140.477941
444 -96.73192099 -224.484271
444 81.20093901 -200.009191
444 133.750969 -148.383431
444 213.823909 98.64035901
444 180.750989 117.822649
444 -67.99382099 192.929069
444 -308.728741 114.514249
444 19.31867901 143.319699
444 -9.785490989 184.991569
444 -84.49323099 105.917519
444 205.886409 68.21327901
444 398.122169 -14.30477099
444 154.623389 -111.041931
444 226.722349 -117.987241
444 335.200949 -56.80346099
444 374.852529 -31.30530099
444 -38.02692099 -248.130291
444 141.394219 -216.544531
445 -52.13912703 49.67386581
445 -20.38912703 72.82491581
445 -6.497377029 47.03027581
445 -104.724507 17.26352581
445 -3.190647028 88.70102581
445 124.170363 -7.671154189
445 114.549503 57.61360581
445 -76.28179703 -28.37709419
445 -141.077997 0.1013058107
445 -119.276587 44.38332581
445 -202.371727 -65.91373419
445 45.75726297 92.00832581
445 -39.24012703 86.71665581
445 27.81577297 114.6643858
445 138.668803 -15.47800419
445 174.357273 -149.3097642
445 152.913513 58.27394581
445 -30.06239703 -96.34193419
445 -206.919247 -138.1780642
445 -175.583227 -3.737774189
445 -127.214087 55.62811581
445 -271.412007 -137.5177242
445 109.811333 77.50717581
445 60.97081297 101.9301958
445 89.33083297 168.9028558
445 147.870463 156.0055358
445 167.134873 -87.24688419
445 377.478623 -163.3145942
445 147.291123 -156.7000142
445 190.616643 51.65936581
445 38.15049297 -125.6114742
445 -84.38411703 -87.97020419
445 -233.378147 -156.7000142
445 -277.033837 -143.4697242
445 -189.060437 -156.7000142
445 -240.406147 -36.81068419
445 -137.797417 84.73227581
445 -318.011337 4.705815811
445 -283.318257 -114.3666742
445 145.637473 83.40936581
445 207.814563 113.1749858
445 108.513123 184.7778558
445 335.063743 224.7983158
445 186.813253 154.5161358
445 138.526803 162.4536358
445 172.426543 -98.49167419
445 230.304713 61.58235581
445 296.780703 43.06040581
445 -75.62033703 -132.8875142
445 61.30154297 -134.2104242
445 126.124453 -101.7989742
445 -86.20366703 -74.01772419
445 -275.380757 -183.8198042
445 -210.227107 -158.0229242
445 -290.594857 -160.6698842
445 -299.192687 -147.4384742
445 -182.941947 -162.9838642
445 -132.175027 -156.0385542
445 -317.135307 -14.32110419
445 -284.062397 -54.00860419
445 -169.547417 121.7739458
445 -369.942577 -8.497654189
445 -353.432837 70.18019581
445 -293.901587 -100.4760542
445 183.698043 82.78359581
445 296.450543 144.9261058
445 129.018333 196.6841058
445 368.796983 234.7179558
445 335.062603 224.7960858
445 89.33196297 168.9050858
445 257.754663 -68.06459419
445 381.116643 70.18019581
445 445.609393 -5.886394189
445 77.09442297 -139.9970742
446 38.5043946 -113.5749447
446 67.5720746 -100.6456147
446 -123.4707854 -195.7622647
446 203.2063746 -51.4001047
446 81.6639746 158.1179453
446 -198.8770354 -222.8820547
446 -186.3093254 -194.4393447
446 203.8324946 -14.6560347
446 259.1001746 -24.6099247
446 379.8168946 -132.0957847
446 166.3306446 173.9929453
446 -63.8562854 111.1555253
446 -197.0112554 -153.5622847
446 -245.8405754 -223.5435147
446 182.6658246 67.3648053
446 255.4262446 14.4481353
446 275.9673646 -17.6646047
446 408.9204846 -145.3260647
446 219.9087746 195.1596153
446 170.7595746 202.3023053
446 -101.4305254 106.3908453
446 -30.3237554 -6.7185347
446 -179.7774254 -120.8521047
446 -335.9175054 -259.3956147
446 -267.0072454 -252.6476847
446 310.9887446 30.3231353
446 190.6033246 -15.9789447
446 252.7804146 112.3439653
446 423.4725746 -155.2479447
446 484.2908246 -149.5935347
446 166.3317846 215.0055953
446 303.0512446 260.5106353
446 95.3533246 182.4585553
446 -98.1232354 140.1252153
446 -147.3659754 103.3822653
446 -110.3243054 -22.2948147
446 37.1449946 6.5106353
446 -191.0222254 -120.8521047
446 -169.2300054 -19.9476947
446 -404.7091754 -240.8747847
446 -413.9695854 -289.8226947
446 -372.1791254 -316.1476847
446 148.2699946 -21.2706147
446 545.0149746 -211.9691147
446 558.2447046 -167.6502847
446 6.258294599 173.3326053
446 168.1137446 283.0002153
446 303.0512446 186.4273053
446 410.2074946 312.1043853
446 299.0824946 327.9793853
446 -148.6888854 121.2416453
446 -94.8159454 163.9377153
446 -263.6172754 93.2950253
446 -169.2300054 1.2189653
446 -89.1576354 -38.8312747
446 -259.4831554 -130.4432547
446 -292.8862354 -16.3405747
446 -625.6362554 -378.4581147
446 -478.7925054 -318.9268647
446 -444.9395354 -386.9237247
446 547.6619446 -232.4720847
446 559.5676246 -100.1815347
446 -103.0841754 195.6877153
446 283.2074946 186.4273053
446 400.6522646 193.6713253
446 430.0512446 261.8335553
446 387.7179146 363.6981353
446 297.2999646 355.2336453
446 210.7778046 275.7241753
446 -112.3445854 162.6148053
446 -366.8042054 152.8273953
446 -261.7317154 67.1608853
446 -253.8607654 145.0541453
446 -152.0320854 63.3960553
446 -228.3946154 36.9057053
446 38.5038246 -113.5760647
446 -407.6498254 -152.9328347
446 -403.3503454 -10.3885647
446 -409.6342054 -121.1828347
446 -258.0936954 12.5905753
446 -838.6258354 -533.2393647
446 -722.2091754 -408.8851947
446 -621.5489154 -470.9289347
446 546.9999146 -259.5929947
446 560.8177346 -82.3415347
446 588.5989846 -147.8259147
446 -134.5034454 218.1773053
446 -110.0294854 230.0835553
446 292.4679146 91.1773053
446 461.8012446 391.4793853
446 344.0616646 407.3543853
446 206.6801746 325.4680253
446 189.2804146 263.1564653
446 -220.1263854 191.3562253
446 -154.6420154 60.3874753
446 -299.1041154 72.7832853
446 58.3470046 -127.4678047
446 -442.7071154 -161.5317947
446 -406.3274754 -191.2985347
446 -409.6336354 -121.1817147
447 -16.20573 43.98698
447 16.20573 -43.98698
448 43.12506877 -50.37116031
448 -13.76035123 -56.32428031
448 80.52417877 -45.04380031
448 11.37506877 -86.75137031
448 -41.54160123 -57.64720031
448 -27.73309123 -37.96770031
448 142.7012588 -40.41359031
448 56.35422877 -133.0534503
448 -64.03118123 -60.29303031
448 114.4798788 -26.06257031
448 -47.49416123 -21.26587031
448 -64.11387123 -35.98444031
448 154.1673788 -39.29173031
448 74.21360877 -153.5586603
448 -90.48952123 -60.29303031
448 141.2695088 -21.10051031
448 -170.6086612 -18.45579031
448 -100.4113912 16.43612969
448 -172.9237612 -36.97663031
448 200.9095888 -50.33547031
448 -108.6529112 -64.22609031
448 171.7518888 -14.22023031
448 -237.4153812 -18.45468031
448 -42.86395123 54.14037969
448 -170.6075212 -18.45356031
448 228.6908388 -59.59588031
448 -151.4263712 -66.74225031
448 252.4766288 63.39966969
448 -261.8899112 -21.76309031
448 -185.8222012 0.06503969245
448 -29.47055123 64.72146969
448 108.7394388 103.9978197
448 -163.3326212 -36.97663031
448 -249.9830912 -46.23593031
448 258.6777988 -55.16673031
448 -160.2466612 -67.53338031
448 296.1328788 112.3475897
448 -291.3248012 -36.64590031
448 -91.89455123 44.38386969
448 103.4831388 109.7017597
448 116.7128688 93.16641969
448 -158.7024112 -42.26829031
448 -325.3899112 -60.12767031
448 275.2142588 -56.48965031
448 -222.1197312 -79.47533031
448 253.0554088 136.3254597
448 356.2429088 102.5910797
448 353.0182988 177.1705097
448 -331.3430312 -52.85163031
448 -43.52654123 70.01313969
448 102.3250188 115.9844897
448 131.1457988 72.11332969
448 -151.4258012 -66.74113031
448 -249.9836612 -46.23704031
448 -367.9718512 -75.50769031
448 -270.4883012 -87.24634031
448 216.0143088 179.3213697
448 373.3581388 86.55071969
448 441.6537088 243.9777997
448 95.95961877 149.5557397
448 101.0026688 119.2928997
448 143.1706388 141.1210297
448 166.9831388 -0.7617803076
448 -129.3695512 -91.17349031
448 -376.5702512 -60.29303031
449 3.242181449 110.9896288
449 -46.36719855 128.1875488
449 21.10064145 104.8867188
449 34.20500145 124.9614788
449 -115.2404586 112.4147488
449 38.66606145 162.0440288
449 76.66462145 85.19387884
449 -43.67457855 95.56005884
449 89.23176145 172.5052588
449 41.11067145 203.9245288
449 -158.8151086 82.54691884
449 -11.92457855 83.65380884
449 117.6744714 191.0260888
449 -85.88932855 198.6328588
449 53.51301145 234.3516088
449 59.05273145 61.87634884
449 -76.74749855 -1.674321159
449 91.21557145 261.8010088
449 56.53635145 7.586098841
449 76.66405145 85.19275884
449 -165.3464486 34.09621884
449 22.67308145 -24.77357116
449 129.0851914 292.5610588
449 88.56974145 124.8791388
449 54.88271145 -0.6821311589
449 202.0115414 -4.432611159
449 73.68749145 122.5651488
449 -150.1334686 -45.94136116
449 17.84104145 -33.09359116
449 43.26154145 -22.95344116
449 150.7473914 305.1276488
449 22.67252145 -24.77469116
449 88.57030145 124.8802588
449 -128.0105186 -86.01025116
449 5.934791449 -56.57536116
449 -17.21624855 -47.64567116
449 174.2297214 -10.38685116
449 219.8338814 355.2651388
449 135.1364414 133.0471488
449 -230.8672886 -58.89046116
449 -124.3365986 -93.89709116
449 -77.07822855 -88.65609116
449 -2.994898551 -58.22900116
449 17.13280145 -125.8124512
449 202.0104114 -4.434851159
449 -237.9195686 -138.1015612
449 -97.96094855 -167.1536012
449 -55.58082855 -90.30973116
449 -118.1354286 -123.1666212
449 -35.07562855 -90.64046116
449 60.27431145 -197.6288112
449 -115.1588586 -133.0884912
449 45.91528145 -127.5065412
449 245.5476414 -66.30640116
449 241.6979114 -4.434851159
449 -232.9008786 -92.37571116
449 -121.7734486 -126.4739112
449 -257.0416786 -231.3150612
449 -279.7793086 -160.0429212
449 28.79101145 -224.2043812
449 71.45507145 -207.3371912
449 -131.3640286 -133.4181012
449 70.13215145 -155.7434412
449 131.6477814 -129.2851112
449 291.0592414 -93.89709116
449 324.7109314 -10.71870116
449 -278.4563886 -46.93354116
449 -236.5364686 -229.9921412
449 -286.0631586 -230.8189612
450 130.7411563 158.0273825
450 89.0698463 132.8930925
450 151.9078263 154.7200925
450 21.4351663 122.3086325
450 49.5471463 84.27478247
450 184.3192863 166.6263425
450 -44.7106637 77.99093247
450 -17.3217337 18.50932247
450 83.9435463 62.44777247
450 -68.0662737 66.46570247
450 -52.6481637 99.81905247
450 -17.3217337 64.23517247
450 40.1213663 -14.61323753
450 157.3648563 118.6706125
450 43.5940163 24.08207247
450 98.4950663 51.86332247
450 -224.3798537 -13.78753753
450 -100.9346237 95.85030247
450 97.0067763 -73.48302753
450 175.8856863 128.5924925
450 154.0575663 8.207072469
450 -273.9892337 -38.26148753
450 -218.4261637 -37.59891753
450 -40.0804637 115.6940525
450 -284.1585837 5.230512469
450 185.1472363 -10.64224753
450 81.2977163 -87.37253753
450 -23.6266837 -129.5416275
450 97.0067763 -87.37365753
450 155.2151163 -20.56636753
450 -331.7835837 -67.52990753
450 -234.7983337 -118.1105975
450 -352.9502537 -33.13406753
450 -269.2752037 134.5467325
450 255.2606863 55.50134247
450 253.2768763 21.10663247
450 57.3192763 -111.1861575
450 -73.8975137 -148.7239175
450 116.8505263 -114.4934475
450 119.4963663 -29.16531753
450 -240.9157437 -191.0572475
450 -388.3382737 74.35291247
450 -185.1690637 107.7304925
450 -131.6924337 172.2487425
450 -185.9679237 251.8211225
450 306.8550063 80.63788247
450 301.2257163 43.04514247
450 7.709906296 -152.8580275
450 91.0542263 -111.8464975
450 -122.1834037 -175.8425875
450 137.3563063 -137.6433675
450 85.1005263 -27.18094753
450 -238.9313737 -236.6978775
450 -148.2288937 133.8841625
450 -254.0622337 66.41541247
450 -92.0408437 219.4096625
450 -153.6859237 298.9180125
450 271.7971463 42.27218247
450 445.0997963 44.91913247
450 98.9911563 -138.3059475
450 -136.9841037 -276.5507375
450 81.2971463 -87.37365753
450 116.8510963 -114.4923275
450 -198.5824137 -48.84370753
450 -190.9750737 -215.5300875
450 204.1630363 -242.8163675
450 40.1207963 -14.61435753
450 -235.2933537 -290.9374575
450 -323.4618737 -262.5373575
450 -20.2367137 207.6367625
450 -216.5244737 285.0273825
450 -65.0505137 352.4961325
450 253.2763163 21.10551247
450 299.4130363 59.47009247
450 503.3075663 36.31905247
450 393.5060463 93.20559247
450 107.9364163 -163.8364475
450 -183.9835537 -307.6072675
450 175.7584463 -121.4563875
450 -160.0756037 -67.36605753
450 -218.4267237 -37.60003753
451 -100.415429 93.45499561
451 -80.24094902 110.6529156
451 -124.558089 83.53423561
451 -46.64008902 121.4524456
451 -124.708609 77.95712561
451 -123.235739 91.80134561
451 59.24464098 143.8923156
451 68.23217098 175.5427756
451 -19.31610902 86.32160561
451 -124.558659 50.12947561
451 -161.435529 65.01116561
451 -109.013819 106.0238256
451 70.81960098 151.8286956
451 138.619081 121.4016056
451 197.571551 215.1633256
451 15.67051098 56.74405561
451 -141.756579 16.39509561
451 -174.663559 59.06028561
451 170.278881 162.1596056
451 189.369871 147.1919456
451 -9.975759024 40.45635561
451 37.49920098 66.00559561
451 -228.903709 119.2518756
451 -201.783919 43.18416561
451 263.783931 173.9810056
451 2.292150976 17.73283561
451 -29.63938902 25.98624561
451 52.71274098 89.81809561
451 50.64512098 53.93285561
451 37.82993098 -29.57513439
451 -24.89242902 16.05993561
451 69.24863098 126.1971856
451 86.36443098 5.64751561
451 101.576841 50.62444561
451 1.449720975 -61.32513439
451 55.35801098 -58.34969439
451 67.59499098 -12.37833439
451 -5.826889025 -13.70125439
451 -32.94667902 45.16853561
451 -114.967509 -15.02417439
451 177.528101 -91.56309439
451 52.71217098 89.81697561
451 141.926371 6.96931561
451 -10.45652902 -71.24701439
451 104.388611 -38.34057439
451 16.41465098 -82.65828439
451 67.26426098 -87.45385439
451 1.449150975 -61.32625439
451 -74.28782902 -47.10490439
451 -100.414859 93.45611561
451 -245.274809 -33.54500439
451 -42.20596902 -99.68860439
451 -59.07371902 -70.25482439
451 119.602141 -60.16870439
451 86.36387098 5.64640561
451 -42.20709902 -99.69083439
451 119.602711 -60.16758439
451 108.936131 -163.5215644
451 -90.74216902 -53.55523439
451 -85.53261902 -32.55281439
451 -59.07427902 -70.25594439
451 -109.014389 106.0227056
451 -52.79042902 -117.5502144
451 132.917511 -93.23599439
451 145.647641 -176.4188844
451 -80.90183902 -66.94753439
451 -101.986959 -35.69586439
451 -117.448549 123.3848656
451 -83.87840902 -151.9449244
451 242.137301 -92.91089439
451 128.035181 -190.8078444
451 169.790301 -177.4121944
451 -83.87896902 -151.9460444
451 -101.325499 -162.6958644
451 -114.966949 -15.02305439
451 -126.873759 145.0487456
451 -161.434959 65.01228561
451 -101.324939 -162.6947444
451 285.132101 -51.90047439
451 109.928891 -206.1845144
451 210.800721 -199.2403144
451 -132.164859 -179.0647244
452 -31.08854333 28.00173333
452 -9.260413333 14.11111333
452 40.34895667 -42.11284667
453 -208.1013041 -43.68912471
453 -183.0398441 -38.67677471
453 -314.0091641 -62.49039471
453 -184.1231141 -66.55204471
453 -152.6133241 -34.70914471
453 -199.7368241 -105.5863047
453 -134.7533841 -34.70802471
453 -160.8809941 -71.74969471
453 -112.5945341 -30.73927471
453 -183.0404141 -38.67789471
453 -126.1555541 -47.93943471
453 -42.47994414 -25.44761471
453 -106.9727041 -24.78727471
453 -204.1978841 -6.327754714
453 -110.9414541 -71.08935471
453 -134.7539541 -34.70914471
453 88.15750586 84.35335529
453 -68.93884414 -43.96956471
453 -24.62113414 -43.96956471
453 -118.8789541 -1.636224714
453 -37.93242414 46.81671529
453 -205.6121141 53.43129529
453 -29.58207414 -162.3706047
453 -189.3242641 -118.0528947
453 -153.9362441 4.978355286
453 157.9419259 159.7607253
453 59.71479586 129.9939753
453 134.3769059 16.38851529
453 -45.78780414 -45.29247471
453 32.26427586 -43.30810471
453 -18.50264414 -50.25341471
453 -129.4622841 12.25439529
453 -219.0072041 66.49397529
453 -71.99809414 -163.5281547
453 63.35225586 -163.6946347
453 112.3001759 162.4043153
453 278.9888059 170.3440553
453 288.6096659 105.0592953
453 45.16271586 157.1137753
453 23.36130586 112.8317553
453 202.5897959 -12.88102471
453 80.05518586 24.76024529
453 -18.50208414 -50.25229471
453 88.81896586 -20.15706471
453 -6.935454142 -65.71559471
453 -16.02218414 -61.16747471
453 -143.4344641 40.20324529
453 -298.3822041 106.1814753
453 15.72781586 -104.8237247
453 185.9706559 -163.5281547
453 84.51948586 -184.1987247
453 144.0501759 185.5553653
453 303.1081059 97.25244529
453 317.3528159 171.0043953
453 338.7965759 -36.57931471
453 37.22521586 168.3585653
453 -11.14392414 108.9926753
453 225.7408459 -21.47997471
453 290.5637559 10.93147529
453 78.23563586 38.71272529
453 43.01297586 -52.23779471
453 8.451775858 -93.57893471
453 1.175735858 -89.61018471
453 -119.6230941 58.72184529
453 -346.0072041 138.5929353
453 24.32677586 -131.2820647
453 230.1976859 -161.3495347
453 161.2486559 201.4314753
453 331.5741759 25.48356529
453 355.0559459 164.3898153
454 159.2152476 107.4183819
454 97.24042757 87.12992186
454 188.3922276 120.3361919
454 63.37716757 79.32689186
454 193.6838976 128.2736919
454 22.36618757 66.09661186
454 108.3557676 137.5341119
454 252.6831376 162.5361719
454 -8.060902427 44.92994186
454 79.25103757 119.6736119
454 160.6109776 164.6539019
454 -17.32074243 36.33210186
454 41.46579757 97.51588186
454 188.3927976 120.3373119
454 -27.24205243 64.77593186
454 26.25224757 106.1148419
454 63.37659757 79.32577186
454 -47.08580243 56.83843186
454 -16.74254243 112.7294219
454 106.2887076 29.38567186
454 -62.13512243 100.6578119
454 -64.15540243 45.45805186
454 -30.38512243 -27.66510814
454 -27.24319243 64.77369186
454 -8.556992427 133.0692619
454 193.0235776 -26.50531814
454 -92.72699243 31.04043186
454 -93.92103243 46.78097186
454 4.672177573 -116.3005281
454 -106.7008724 -1.041408143
454 -9.218452428 9.376561857
454 237.3401476 -49.65859814
454 -129.1904524 20.12525186
454 -127.6554024 66.62472186
454 3.845347573 -134.3252681
454 9.963837572 -95.13385814
454 -58.33173243 12.51848186
454 -166.1494424 -25.84609814
454 281.6584176 -48.99601814
454 267.0236576 -73.80070814
454 219.4807676 -50.98151814
454 -231.6338124 -29.81484814
454 -163.9077124 47.55528186
454 -125.5425624 47.22567186
454 -169.1988124 81.95223186
454 -133.4800624 115.6866119
454 -276.6950924 -138.9543581
454 3.018527573 -148.0505281
454 -373.8467924 -150.1991481
454 300.8401476 -55.61172814
454 304.2768876 -109.9846581
454 184.4240476 -56.93351814
454 208.4840276 -77.10911814
454 -330.8520024 -113.8189381
454 -223.7790024 80.97942186
454 -171.8440824 99.48199186
454 -92.72756243 31.03932186
454 -104.3759024 91.87411186
454 -274.7112924 -177.3200581
454 -129.1904524 -53.62734814
454 -330.9352524 -172.0283881
454 -176.2725924 -201.9273681
454 -1.280952428 -182.4463581
454 -417.7048824 -174.1461181
454 336.0627976 -48.83177814
454 313.5737876 -130.8514881
454 193.0224376 -26.50755814
454 181.7776476 -66.19505814
454 201.2079776 -132.6716181
454 -373.8473624 -150.2002681
455 -33.83136492 21.94955857
455 -29.20115492 -17.73794143
455 -11.34121492 35.84129857
455 -51.02928492 12.02768857
455 -21.26365492 -40.22752143
455 0.3164250795 -56.59862143
455 19.08530508 61.63705857
455 -92.03913492 -14.42953143
455 -12.00324492 -100.4202314
455 1.887955079 -95.78891143
455 6.931575079 -54.28239143
455 131.1665851 143.6899086
455 32.97649508 48.40900857
455 -109.8163949 14.17742857
455 -70.12889492 -102.9007014
455 -137.0182949 -33.61182143
455 -2.74282492 -122.9098114
455 5.19467508 -124.2327314
455 11.56121508 -94.96320143
455 90.27475508 -37.08560143
455 177.6340251 172.0499286
455 129.8436651 215.7888686
455 66.13152508 31.37533857
455 15.11655508 2.767268572
455 -164.1745649 15.03625857
455 -116.5130849 29.22671857
455 -61.61261492 -142.0921114
455 -255.4193449 -106.3722414
455 -199.1132649 -30.14028143
455 -24.60685492 -149.6668614
455 63.48625508 -96.94646143
455 6.931005079 -54.28351143
455 18.50652508 -135.9736214
455 353.7473151 164.8565786
455 266.4712851 220.3881786
455 127.8592851 290.5336586
455 98.46030508 24.59538857
455 1.887955079 -13.76807143
455 -232.2682949 10.70588857
455 -133.0501149 60.31413857
455 -49.74227492 -177.4481114
455 -381.6857849 -187.0010614
455 -238.2214249 -34.27328143
455 176.5950651 -85.70278143
455 111.1106951 -22.86424143
455 50.25652508 -113.4840314
455 15.19923508 -204.7652814
455 447.6743951 158.2419886
455 391.2382951 285.7060686
455 196.6509551 316.9919886
455 141.0884551 326.2524086
455 82.21866508 258.1221986
455 117.6425951 -5.170231428
455 195.6946751 4.090188572
455 -188.6126149 34.51726857
455 -253.4714349 -4.807491428
455 -172.0761549 55.68393857
455 -142.9719949 76.85059857
455 -19.31518492 -219.7814514
455 -359.2682949 -102.4034914
455 -441.9505949 -212.8670314
455 31.73569508 -156.4788314
455 421.9134251 59.65268857
456 -38.97280667 -47.75957933
456 -44.18179667 -28.74264933
456 -54.76512667 -1.622859333
456 -86.59780667 -27.91582933
456 -14.49885667 -24.60853933
456 -40.24894667 44.29783067
456 -105.9813667 -33.83693933
456 42.10261333 -41.19565933
456 39.82341333 -28.74264933
456 -64.10822667 45.50605067
456 -36.90575667 75.76777067
456 19.31820333 42.03339067
456 -114.2495967 -32.18328933
456 -85.93578667 -44.45116933
456 65.25365333 -47.31414933
456 68.84489333 -29.23874933
456 -89.44491667 -13.99318933
456 -79.98322667 114.9591707
456 -24.99950667 85.68964067
456 46.10726333 42.03339067
456 23.28695333 68.49172067
456 -128.2696867 -29.90019933
456 -127.1480367 -39.79005933
456 -119.6707267 -87.44707933
456 -38.97224667 -47.75845933
456 50.98552333 -59.00436933
456 89.35010333 -27.91582933
456 87.96700333 63.97475067
456 -115.5687867 118.0650807
456 -16.97931667 103.8797407
456 24.60987333 87.67402067
456 24.61043333 87.67513067
456 -154.9292867 -27.22235933
456 -107.7619367 -19.67008933
456 -164.6498967 -69.58769933
456 -124.3003667 -129.1178393
456 50.98609333 -59.00324933
456 103.2407333 -10.71790933
456 172.0323933 -27.91582933
456 201.5499733 108.1792207
456 92.98569333 109.7006007
456 204.1131233 75.60240067
456 -91.59059667 69.55107067
456 -222.6928667 140.9214107
456 17.08578333 97.26516067
456 17.08635333 97.26628067
456 -202.3889267 -62.94110933
456 -189.3251167 -27.22235933
456 -184.4936467 -167.4835393
456 -122.3165567 -179.3897893
456 124.5368633 -73.52443933
456 65.66706333 -89.06870933
456 194.5225433 68.65821067
456 208.4126033 -32.54603933
456 197.8760533 116.0660607
456 227.9256233 34.92271067
456 47.43018333 155.1427707
456 207.7511433 78.90969067
456 -18.71564667 159.1115207
456 -219.7522067 -22.59214933
456 -219.7522067 -35.82130933
456 -154.0197867 -13.91050933
456 -191.6043167 -223.2113993
456 -122.9780167 -193.2804093
456 -102.3068767 -168.3092393
456 209.3226733 -89.92642933
456 189.2303133 -62.31165933
456 99.38814333 -160.2305693
456 25.64883333 -87.41505933
456 210.7277133 68.98782067
456 306.3084433 -27.91582933
456 175.7531033 156.1349507
456 95.01928333 143.1858507
456 248.8083433 113.4202207
456 -254.6082267 -19.31686933
457 -54.15537631 -36.02914523
457 -35.63454631 -14.86247523
457 -8.018656307 2.335434769
457 -0.5766863073 23.50322477
457 86.07435369 36.07093477
457 -52.17100631 -1.633315231
457 165.2839937 88.98759477
457 171.4019137 21.51772477
457 137.6681037 -12.21552523
457 9.970173692 43.87396477
457 -49.70129631 163.7951848
457 -122.2844563 -67.77690523
457 128.9032137 112.7989748
457 224.3185837 14.90314477
457 195.2149837 96.26363477
457 224.3191437 14.90426477
457 -6.205976307 -14.08951523
457 195.8758737 -20.81560523
457 -68.66079631 73.73757477
457 -72.00658631 182.1970548
457 -210.4249163 -130.6176852
457 -152.2165763 -77.70102523
457 -54.15481631 -36.02802523
457 126.9188437 141.9031448
457 242.1785237 -36.02802523
457 238.8493737 109.9964148
457 183.6837437 113.0391248
457 213.0737837 85.67918477
457 256.7300337 16.22606477
457 211.0894137 -44.62810523
457 171.4024837 21.51884477
457 -131.5465763 71.45671477
457 -104.4262163 204.7416848
457 -135.1840263 166.3771048
457 -226.1339763 -144.5071952
457 -331.0583763 -186.6762852
457 -210.4249163 -144.5083152
457 -267.3103263 -71.74789523
457 -187.9353263 -86.29997523
457 -153.3741263 -48.92758523
457 109.7209237 171.6687748
457 257.8875937 -53.88852523
457 206.0925737 113.3270848
457 261.3608137 118.7532248
457 157.8061137 113.3270848
457 256.7294737 16.22494477
457 330.1524837 16.22718477
457 253.4233137 -65.79365523
457 -143.4522563 70.13491477
457 -126.9157963 226.5698148
457 -250.1124163 -168.3208152
457 -381.3292063 -205.8585752
457 -190.5811663 -171.6281052
457 -324.7534263 -38.62533523
457 -222.3311663 -84.31560523
457 -208.9366263 -5.271335231
457 -150.0668363 61.53595477
457 345.8615437 127.3510648
457 359.9175337 12.25731477
457 283.8498337 -104.8208152
457 -299.7217863 -209.9926852
457 -216.3774663 -168.9811552
457 -429.6150963 -232.9772452
457 -170.0753863 -194.7780252
457 -257.8845463 27.14012477
458 238.47627 -140.5067271
458 245.09028 -81.63804712
458 200.11112 -223.8515971
458 289.40799 -98.83596712
458 211.35534 -80.97770712
458 185.5596 -147.7827671
458 191.51216 -67.08596712
458 62.52778 -157.0442971
458 217.97049 -141.8307571
458 63.8507 7.658822877
458 238.4757 -140.5078471
458 118.17296 -192.2669571
458 42.68403 24.19528288
458 311.89757 -121.3255571
458 -180.8062 -343.7409171
458 122.68458 39.77156288
458 -16.22167 47.70906288
458 -16.22167 26.54240288
458 -279.36293 -435.0210471
458 89.15205 157.6456229
458 190.15333 53.00073288
458 -75.38628 83.39580288
458 0.9762500008 109.8861529
458 -26.76909 -74.36200712
458 -139.8779 30.14952288
458 51.57781 152.8809429
458 234.67231 204.6080429
458 -105.08536 59.08067288
458 -146.09578 119.2733829
458 -38.01389 -74.36200712
458 -251.70084 -194.3846871
458 -44.00292 -107.0721871
458 -250.34201 36.10153288
458 -256.62587 -74.69273712
458 5.642360001 149.8723629
458 54.8851 186.6153129
458 319.33898 220.4830429
458 220.58041 -54.15551712
458 -108.72338 113.6509829
458 -172.28936 154.5036929
458 -106.47482 -83.95315712
458 -472.62792 -331.9680171
458 -33.30099 -147.9492471
458 -256.6253 -74.69161712
458 -256.79123 78.93096288
458 -110.60894 139.7851229
458 58.19239 210.4278129
458 159.26663 219.8227029
458 4.319450001 167.7317429
458 372.91711 241.6497129
458 323.76791 248.7924029
458 335.67416 113.8549029
458 356.21471 -4.910007123
458 191.51273 -67.08484712
458 -1.63368 106.8775729
458 -213.79644 199.3163729
458 -254.64149 -106.4427371
458 -685.6175 -486.7492671
458 -569.20084 -362.3950971
458 -325.78417 -272.4367671
458 -92.83224 -177.0534171
458 -45.8687 -176.3919571
458 29.53755 -149.2721671
458 -457.7092 -171.2656571
458 -295.32061 72.48286288
458 -251.49956 147.7226229
458 -100.85243 191.5442429
458 -213.79587 199.3174929
458 40.66375 209.1049029
458 49.92416 242.1778129
458 319.34012 261.4956929
458 456.05958 307.0007329
458 248.36166 228.9486529
459 73.29208836 30.64128746
459 83.54469836 24.68815746
459 6.402688358 43.87156746
459 104.0504684 6.168447463
459 116.2868784 21.38086746
459 123.4802384 113.3235775
459 3.756288358 51.14649746
459 -9.472881642 44.86263746
459 129.6455084 -7.856642537
459 138.7770384 12.12156746
459 168.0459984 132.0097775
459 -25.34674164 59.41695746
459 -23.03221164 78.26740746
459 156.6358384 -14.00715254
459 122.9014684 39.90170746
459 145.7217784 -2.762362537
459 185.0791184 141.1059475
459 -146.8081716 80.41602746
459 -32.62335164 36.92625746
459 -62.05882164 111.0084775
459 156.6364084 -14.00603254
459 262.4697484 194.6840675
459 212.8603684 -77.83676254
459 -142.5086916 114.8118575
459 -148.1305216 66.52651746
459 -67.68121164 -6.731112537
459 212.8597984 -77.83788254
459 213.5212584 -111.5722525
459 247.9170884 -73.86913254
459 177.8025084 -77.83788254
459 -141.6818716 128.5371175
459 -321.7998116 60.93501746
459 -109.3530916 62.72201746
459 -157.0607716 15.59310746
459 -75.61871164 -104.6269425
459 129.3147784 -203.6483125
459 223.5725884 -134.1951925
459 296.2035484 -63.28579254
459 243.4163384 -120.3045625
459 44.84994836 -143.3211425
459 -422.2223116 123.9080275
459 -140.8550416 146.5618575
459 -386.6227216 72.17980746
459 -361.4514016 51.31185746
459 -39.89996164 42.21680746
459 -169.9592116 -56.50585254
459 -22.45343164 -75.68702254
459 -76.28017164 -121.1634025
459 -109.6838216 -126.4550725
459 229.8564384 -215.5545625
459 118.7314384 -255.2420625
459 37.70279836 -199.0181025
459 239.4475884 -143.4556025
459 189.8382084 -151.3931025
459 308.9007084 -124.2733125
459 408.4501884 -14.47123254
459 14.55175836 -160.6535225
459 -476.4624716 90.83399746
459 -274.7176716 209.2350375
459 -420.2385116 85.54232746
459 -175.9123416 235.1972775
459 -135.5633816 167.7285275
459 -417.7112716 60.60428746
459 -415.7268916 45.39074746
459 -32.62392164 36.92513746
459 33.77052836 -34.67660254
459 -18.73273164 -126.4539525
460 129.8763788 -49.37127716
460 139.1367988 -144.6212772
460 149.7201288 -49.37127716
460 149.7201288 24.71205284
460 247.3211488 -42.12725716
460 256.8763788 76.30580284
460 17.42845878 -33.49627716
460 145.7513788 92.18080284
460 276.7201288 26.03497284
460 234.3867988 127.8995528
460 12.99952878 -61.80563716
460 13.00066878 -20.79298716
460 -57.97779122 -53.34002716
460 143.9688488 119.4350628
460 57.44668878 39.92559284
460 308.4701288 155.6808028
460 190.7305488 171.5558028
460 -71.66714122 -77.68063716
460 66.57765878 -40.63896716
460 29.33470878 -168.4337772
460 14.78262878 47.20163284
460 -147.0728212 -62.46597716
460 53.34905878 89.66944284
460 35.94929878 27.35788284
460 265.1446088 198.6755928
460 131.4011388 155.8152728
460 192.0534588 192.7224728
460 -85.75904122 -336.4441972
460 -217.1874012 -124.6430572
460 50.50137878 -250.4546172
460 -248.1470612 -71.86086716
460 -256.4152912 -40.11086716
460 -251.4543512 -95.67336716
460 26.89071878 83.05485284
460 16.10554878 16.77455284
460 268.7826288 209.9203928
460 259.8529388 163.6183028
460 127.2305488 179.4933028
460 25.36595878 145.0974728
460 138.6766088 138.6162328
460 192.0534588 208.5974728
460 49.87525878 -287.1986872
460 -114.8267212 -349.3735272
460 -254.7616412 -129.4077372
460 -183.6548712 -242.5171172
460 -265.6757012 -73.18377716
460 -287.8345612 -17.62127716
460 -263.3606012 -5.715027162
460 -302.0200012 -114.5569372
460 -45.87026122 79.08498284
460 -81.79029122 -17.62127716
460 272.7513788 237.7016428
460 127.4323888 192.8569428
460 25.36595878 160.9724728
460 -55.33195122 138.4828828
460 -42.10279122 122.6078828
460 143.9682788 119.4339428
460 214.7448888 116.1277728
460 203.9597088 377.9308028
460 120.9466888 231.7485128
460 226.4857788 -367.8943672
460 105.7690588 -260.4085072
460 -276.8019012 -431.5608472
460 -300.6970912 -132.4163172
460 -116.1861212 -229.2879472
460 -263.6554212 -258.0933972
460 -373.4575012 -44.44235716
460 -319.0525512 2.355822838
460 -267.2940112 21.70236284
460 -215.7356012 18.09747284
460 -416.9483912 -142.5035572
460 -218.5108912 38.73603284
460 -148.9283112 29.34226284
460 291.2722088 249.6078928
461 347.7858862 236.1465595
461 322.6504662 222.9173895
461 288.2546362 220.9330195
461 318.6817162 199.7663495
461 243.7247862 214.7825195
461 138.1035862 140.2350995
461 361.0150462 220.9330195
461 142.5216562 173.1106395
461 128.1817162 118.4069795
461 98.20394616 171.7877195
461 110.7716562 146.6523095
461 54.09838616 81.36530945
461 85.05803616 207.6729595
461 26.85026616 171.9553295
461 110.7727962 146.6545395
461 51.90186616 122.8398095
461 105.6921362 218.2871895
461 -47.23420384 183.8593395
461 -18.12946384 133.5896195
461 5.599216165 20.31264945
461 -30.03628384 161.3697595
461 -63.10920384 -70.14066055
461 -3.660633835 -61.70707055
461 -47.23476384 183.8582195
461 -64.43211384 -116.4427405
461 -69.72378384 -76.09379055
461 75.92650616 -60.18677055
461 -2.999173835 -86.84248055
461 -51.20238384 197.0896195
461 -108.0878038 -80.06142055
461 97.75463616 -113.7649005
461 9.651786165 -107.1812105
461 -141.1612838 195.7655895
461 -59.14045384 211.6405895
461 -186.6365438 9.895799452
461 -100.1508638 -88.66149055
461 45.49942616 -187.1867705
461 110.3223362 -93.25969055
461 -64.43155384 -116.4416305
461 11.55290616 -130.4987305
461 -365.8911838 185.8448295
461 -130.5779538 -87.33858055
461 -48.88728384 -221.9442305
461 -98.82795384 -123.0573305
461 -400.2875838 212.9635095
461 -255.4282138 112.4218395
461 -170.9269138 -88.66149055
461 -27.05972383 -219.2995205
461 -40.61961384 -236.8281605
461 -78.85474384 -143.5305205
461 -505.4594638 288.3697595
461 -156.8709238 5.927049452
461 60.91480616 -225.9129805
461 -22.09878384 -248.7344105
461 -87.45370384 -134.2701105
461 -140.0396338 5.132239452
461 -186.6359738 9.896919452
461 206.4356362 -139.2619405
461 140.2892362 -211.3620205
461 0.390796165 -296.3594105
461 -98.82738384 -123.0562105
461 -88.07925384 -1.348990548
461 -152.6812838 30.38763945
461 -260.0584238 9.895799452
461 293.7475762 -82.37764055
461 235.5392362 -142.5703505
461 192.5444462 -232.5286805
461 -24.28443384 -311.5409405
461 -130.5773838 -87.33746055
461 -162.5292238 49.44994945
461 -292.4693138 8.573999452
461 316.8986162 -251.0495205
461 245.4611162 -233.8516005
462 61.54938713 81.50072184
462 64.19521713 106.6361318
462 8.633287126 54.38204184
462 31.12229713 103.9903018
462 3.342187126 31.23212184
462 82.13727713 26.76504184
462 -48.91415287 43.79759184
462 45.01292713 131.7715518
462 -95.87713287 84.14767184
462 -140.8568629 -17.05657816
462 34.51227713 43.96295184
462 -13.19540287 -23.00969816
462 187.9706071 10.89004184
462 75.52212713 66.45142184
462 90.32338713 -63.35753816
462 -105.8001429 22.62981184
462 72.13328713 137.0643318
462 39.06036713 156.2466218
462 -105.1369829 70.91962184
462 -191.7891629 1.464261839
462 -218.0821229 -27.14381816
462 -72.06520287 -44.83782816
462 -27.74749287 -28.96282816
462 233.1619071 7.118671839
462 64.19578713 106.6372518
462 256.4315471 24.11920184
462 12.93276713 -72.61795816
462 193.5103271 -18.37948816
462 85.03172713 -79.56326816
462 196.4863171 158.2287618
462 38.39834713 171.4590518
462 -161.3620729 100.6830118
462 -163.3458829 56.36642184
462 -231.4755229 23.29462184
462 -277.6128129 -0.6843581607
462 -228.5006629 -123.5524882
462 -287.0750629 -9.417788161
462 -145.5229829 -74.24070816
462 -40.31520287 -56.08261816
462 -40.31463287 -56.08149816
462 243.8638371 16.18170184
462 72.13271713 137.0632218
462 277.2674871 21.47337184
462 279.4639971 -11.40216816
462 91.64687713 -111.9736082
462 178.2608671 -116.5740382
462 39.05979713 156.2455118
462 -241.3979629 76.21017184
462 -210.9714529 114.5736318
462 -277.6133729 -0.6854781606
462 -257.1081729 -15.23756816
462 -332.0183229 49.75072184
462 -168.3073829 -127.1893882
462 -233.1303029 -168.8612582
462 -252.3125929 -119.9133482
462 -311.5131129 -33.59303816
462 -78.05423287 -76.88653816
462 12.93219713 -72.61907816
462 277.9289471 38.00983184
462 334.8149271 16.18282184
462 337.4601971 -12.26099816
462 279.9127471 -64.51732816
462 66.51088713 -122.2273282
462 147.8337871 -131.7875782
462 198.1046171 -107.9750782
462 178.6275071 178.7350918
462 -292.3308229 66.28717184
462 -250.6595229 114.5725118
462 -355.6654629 67.44473184
462 -60.48968287 -161.5852182
462 -238.4225429 -186.0602982
462 -7.939652874 -109.9594582
462 90.98427713 -102.0539682
462 331.0942271 66.94975184
462 285.8664471 135.9056618
462 398.3970371 -0.6854781606
462 331.0936571 66.94863184
462 368.0994171 -18.01674816
462 45.84031713 -134.9604082
462 99.21659713 -158.9073782
462 228.8624371 -136.4177882
462 287.0707671 -61.01153816
462 -279.7631129 118.5423818
462 -400.6446229 87.28848184
462 -334.6641629 96.05280184
462 -0.2964028744 -178.1205582
462 -179.7175429 -209.7063182
463 42.20030946 124.0585314
463 109.8349895 134.6429914
463 -23.94552054 79.74083135
463 151.5062995 159.7772814
463 70.31228946 86.02468135
463 3.44340946 65.98507135
463 -47.30113054 68.21560135
463 -31.88302054 101.5689514
463 172.6729695 156.4699914
463 104.7086895 64.19767135
463 3.44340946 20.25922135
463 -203.6147105 -12.03763865
463 -80.16948054 97.60020135
463 205.0844295 168.3762414
463 119.2602095 53.61322135
463 178.1299995 120.4205114
463 64.35915946 25.83197135
463 60.88650946 -12.86333865
463 -197.6610205 -35.84901865
463 -253.2240905 -36.51158865
463 -19.31532054 117.4439514
463 -263.3934405 6.980411351
463 174.8227095 9.956971352
463 196.6508295 130.3423914
463 117.7719195 -71.73312865
463 -214.0331905 -116.3606986
463 -311.0184405 -65.78000865
463 -248.5100605 136.2966314
463 -332.1851105 -31.38416865
463 175.9802595 -18.81646865
463 102.0628595 -85.62263865
463 205.9123795 -8.892348649
463 -2.86154054 -127.7917286
463 117.7719195 -85.62375865
463 -220.1506005 -189.3073486
463 -367.5731305 76.10281135
463 -110.9272905 173.9986414
463 -165.2027805 253.5710214
463 -164.4039205 109.4803914
463 140.2615095 -27.41541865
463 78.08441946 -109.4362586
463 274.0420195 22.85653135
463 276.0258295 57.25124135
463 -53.13237054 -146.9740186
463 137.6156695 -112.7435486
463 -218.1662305 -234.9479786
463 -71.27570054 221.1595614
463 -132.9207805 300.6679114
463 -233.2970905 68.16531135
463 -127.4637505 135.6340614
463 105.8656695 -25.43104865
463 111.8193695 -110.0965986
463 28.47504946 -151.1081286
463 321.9908595 44.79504135
463 327.6201495 82.38778135
463 -101.4182605 -174.0926886
463 158.1214495 -135.8934686
463 -302.6967305 -260.7874586
463 -170.2099305 -213.7801886
463 -214.5282105 -289.1875586
463 0.5284294602 209.3866614
463 -44.28537054 354.2460314
463 -195.7593305 286.7772814
463 60.88593946 -12.86445865
463 102.0622895 -85.62375865
463 119.7562995 -136.5560486
463 137.6162395 -112.7424286
463 -116.2189605 -274.8008386
463 465.8649395 46.66903135
463 292.5622895 44.02208135
463 -177.8172705 -47.09380865
463 224.9281795 -241.0664686
463 -116.2183905 -274.7997186
463 -208.1599705 -338.9589486
464 -125.2317392 7.35221527
464 -172.6913792 -28.36653473
464 -98.57213919 4.67437527
464 -159.6275692 7.35221527
464 -78.06438919 14.90448527
464 -84.55204919 2.39128527
464 -190.0546592 11.98242527
464 -124.3222392 20.66406527
464 -190.0546592 -1.24673473
464 -61.89304919 104.1256453
464 -76.28381919 0.73763527
464 -97.45048919 -5.21548473
464 -59.74736919 20.58138527
464 -224.9106792 15.25770527
464 -224.4504892 -4.55403473
464 -85.87123919 152.6396553
464 -56.90025919 6.65874527
464 -56.23823919 -9.87659473
464 -134.9523492 -35.01312473
464 -34.41067919 80.08062527
464 -344.8359092 -64.08528473
464 -192.9953192 175.4959853
464 -50.28567919 149.5337453
464 -14.48424919 5.83192527
464 -89.97317919 -52.87250473
464 -9.27469919 -13.18388473
464 -10.55139919 78.87240527
464 12.71823081 138.4543153
464 -9.27525919 -13.18500473
464 -25.06757919 32.95171527
464 15.19869081 9.96603527
464 -94.60281919 -94.54326473
464 80.68364081 -24.42867473
464 -7.20820919 110.3423453
464 49.01575081 76.60796527
464 46.78333081 131.8397353
464 4.69804081 120.2642153
464 69.52096081 5.83192527
464 71.80016081 -6.62108473
464 -154.7960992 -132.9089647
464 -92.61900919 -144.8152147
464 80.68307081 -24.42979473
464 95.36461081 -54.49413473
464 154.2344108 -38.94986473
464 52.98450081 103.0662953
464 75.80481081 76.60796527
464 98.54244081 5.33582527
464 94.95120081 -12.73957473
464 -72.60932919 -133.7346647
464 -161.9067692 -188.6368247
464 -93.28046919 -158.7058347
464 129.0856908 -125.6559947
464 55.34638081 -52.84048473
464 218.9278608 -27.73708473
464 239.0202208 -55.35185473
464 54.30798081 122.2497053
464 54.30742081 122.2485953
464 117.6645508 98.54932527
464 119.0476508 6.65874527
464 -17.70885919 -100.0014147
464 29.91671081 -177.3909147
464 -206.8853792 -217.7398747
464 -206.2244792 -187.3139147
464 139.0567708 -144.3191147
464 239.0196608 -55.35297473
464 239.8932608 -23.40559473
464 269.8242508 -47.46614473
464 313.2683608 -122.4909947
464 46.78390081 131.8408553
464 231.2475208 142.7537953
464 233.8106708 110.1769753
464 122.6832408 144.2751753
464 201.7299408 6.65874527
464 132.9382808 23.85666527
465 60.00712017 30.71175517
465 45.45560017 41.29620517
465 115.5696202 -12.94449483
465 5.106070166 2.930505167
465 11.05920017 63.12321517
465 118.8769102 97.51904517
465 116.7271702 -41.71793483
465 -55.80967983 -2.642244833
465 50.58190017 111.7415252
465 137.3977402 107.4409252
465 146.6592902 -31.79381483
465 81.00842017 -50.31688483
465 -106.5542198 45.31413517
465 1.633420167 -35.76480483
465 92.25321017 136.8758152
465 -17.05277983 101.1570652
465 214.7889302 -0.04493483296
465 216.7727402 34.34977517
465 58.51883017 -94.63459483
465 46.61258017 -48.33251483
465 -139.4225698 74.69873517
465 -262.8677998 -34.93910483
465 -83.19860983 56.83936517
465 113.4198802 133.5685252
465 262.7377702 21.89357517
465 268.3670602 59.48631517
465 -62.11462983 -150.6931948
465 42.80977017 -108.5241048
465 58.51883017 -108.5252248
465 1.632850167 -35.76592483
465 -322.6465298 -15.92105483
465 -78.56840983 94.54248517
465 -312.4771798 -59.41305483
465 -256.9141098 -58.75048483
465 -91.13610983 78.66748517
465 -55.80967983 43.08360517
465 145.8313402 145.4747752
465 406.6118502 23.76756517
465 233.3092002 21.12061517
465 -112.3854598 -169.8754848
465 18.83133017 -132.3377248
465 78.36258017 -135.6450148
465 -391.4381998 -54.28563483
465 -307.7631498 113.3951652
465 -370.2715298 -88.68147483
465 -273.2862798 -139.2621648
465 355.0181002 72.05402517
465 464.8196202 15.16748517
465 260.9250902 38.31852517
465 214.7883702 -0.0460548331
465 -160.6713498 -196.9941548
465 52.56628017 -132.9980648
465 -30.77803983 -174.0095948
465 98.86836017 -158.7949348
465 -224.4558698 230.6695552
465 -170.1803798 151.0971752
465 -223.6570098 86.57892517
465 -426.8262198 53.20134517
465 -279.4036898 -212.2088148
465 219.2424502 199.7782752
466 -295.0727842 -54.81745861
466 -201.8071542 -21.74454861
466 -335.4217442 -77.30704861
466 -177.3326342 -13.80592861
466 -400.2435242 -87.88813861
466 -292.3442642 -70.52709861
466 -130.9484342 6.863531389
466 -455.1451342 -107.0715486
466 -217.5983342 -72.50923861
466 -13.95242417 60.93886139
466 -128.3025942 -22.24063861
466 -482.9269442 -107.0726686
466 -491.4432242 -118.8135586
466 -167.3280742 -73.17180861
466 134.9583858 109.7214214
466 -217.5994742 -72.51146861
466 -128.9640542 -66.55834861
466 -504.0936142 -97.81224861
466 -552.9588542 -130.7198086
466 -177.9114042 -101.6145186
466 -128.9634942 -66.55722861
466 203.7494858 153.3765514
466 -390.9015542 -162.4698086
466 -551.0571542 -101.7809986
466 -650.8546842 -163.7927186
466 -107.2545242 -88.18908861
466 -184.5259942 -110.8749386
466 54.83924583 -60.76946861
466 289.7396358 169.2526714
466 -418.6822442 -161.8072286
466 -333.3546842 -167.7614686
466 -417.4784842 -176.8245086
466 -72.82221417 -80.61321861
466 -253.3182242 -150.5635586
466 25.07305583 -77.30704861
466 127.5990958 -0.5778786112
466 533.5777958 258.5618914
466 -466.3078042 -190.2510586
466 -367.0890542 -140.6416786
466 -446.4640542 -145.2718886
466 -114.4119742 -113.5218886
466 -98.53697417 -112.8604286
466 179.1934158 27.86595139
466 509.7647258 239.3784814
466 545.4834758 270.4670214
466 -373.7863242 -99.79662861
466 -471.0206942 -164.6195486
466 -495.4946542 -135.5153786
466 -175.2661442 -177.0218886
466 169.2709658 49.03150139
466 184.4850758 13.97532139
466 205.6152658 51.37862139
466 498.5199358 190.4305714
466 627.7442758 304.1890514
466 -335.4211742 -77.30592861
466 196.3907658 -5.208088611
466 568.2130258 263.1786314
466 464.7855658 160.0034814
466 197.0522158 -21.08308861
466 627.7448458 304.1901714
466 606.4954958 195.2149114
466 431.7126458 166.6180714
466 467.4313958 108.4097314
466 244.6777858 -83.92050861
466 705.3829458 364.2163914
466 630.3074258 226.9637914
466 578.0163058 161.1807014
466 405.2543158 160.0034814
466 448.2491058 70.04515139
466 373.6615958 -9.838298611
466 256.5840358 -105.7486386
466 732.8334658 363.2242114
467 -122.2692973 92.46285966
467 -224.0871073 34.36922966
467 -89.19638729 109.6607797
467 -173.8162773 6.587979661
467 -131.2816673 -7.913440339
467 -107.3864873 -18.33141034
467 -111.3546673 -36.85112034
467 -62.40731729 -49.41995034
467 -105.4015473 -3.778210339
467 -132.5219073 -61.32620034
467 -28.09416729 -70.75198034
467 -47.19321729 -15.68446034
467 -34.62606729 45.83004966
467 -141.1208673 -101.0137003
467 44.66681271 -108.4539903
467 -15.21082729 -61.04867034
467 41.35895271 -12.54365034
467 -26.68856729 25.98629966
467 9.692202711 70.96658966
467 -108.7094073 -82.49287034
467 -241.6619673 -142.6844603
467 189.3243527 14.52547966
467 22.83869271 -123.6675303
467 12.57042271 -61.71013034
467 21.51577271 -29.07899034
467 71.12514271 21.85329966
467 66.57705271 108.6685897
467 -361.0089873 2.619229661
467 -231.7400873 -157.8980003
467 281.4689027 107.8428897
467 -188.0838373 -241.9032103
467 -2.876067289 -121.5189103
467 79.52226271 -54.26619034
467 64.16531271 -37.23393034
467 64.16474271 -37.23505034
467 92.75143271 29.07755966
467 109.5718427 125.2050497
467 -198.6671673 -220.0750803
467 221.3577327 86.83934966
467 305.3635127 122.5592197
467 -177.5010673 -265.0553703
467 -105.4021173 -136.0709903
467 95.25328271 -20.69859034
467 102.6733127 27.75463966
467 130.7402127 150.0130897
467 -630.8399973 -317.2982203
467 229.1772127 121.4336797
467 212.7593427 65.34306966
467 143.6837227 85.30151966
467 362.9109527 150.3415897
467 334.3849927 156.7896897
467 -231.7406573 -157.8991203
467 134.4233127 55.53588966
467 144.1577527 156.8499897
467 -51.82398729 152.6555697
467 151.2437227 231.0383797
467 -35.94841729 130.1671097
467 249.8015827 183.0837697
467 129.4155927 82.54098966
468 -164.7059087 -77.55168753
468 -123.6954887 -25.95793753
468 -164.8244987 -172.9350375
468 -119.9742187 -0.1599375298
468 -158.0907587 -232.3318175
468 -113.7730487 48.78797247
468 -169.3355487 -270.6963975
468 -46.9663187 -229.6870975
468 -99.2215287 75.24519247
468 -181.2423687 -317.6610575
468 71.4347213 -228.3641875
468 -52.2585587 -219.7663475
468 -116.0054687 88.47547247
468 -86.6543887 62.01491247
468 84.0030013 -177.1000475
468 72.7576413 -304.1011675
468 108.4769513 -230.3474375
468 29.9749813 -198.7319075
468 -64.8256987 -193.9683475
468 -137.7047087 99.58580247
468 -17.6135387 128.9898025
468 -113.7736187 48.78686247
468 -72.1017387 83.84415247
468 -32.0008287 28.28165247
468 -106.6161587 -319.1173275
468 82.6795113 -305.0933475
468 215.1833213 -217.2527375
468 -93.9298687 -135.0985575
468 -146.4331187 32.25040247
468 -144.1180187 154.9509225
468 -16.9885587 153.8253825
468 108.1456613 187.3623825
468 -16.9526487 111.1293025
468 165.1137613 -302.4475175
468 108.4763913 -230.3485575
468 -157.6773387 21.66818247
468 -154.7013487 202.5759225
468 -28.2333487 239.8149625
468 163.9202913 202.7733025
468 39.3539913 97.40404247
468 -12.3218687 95.25542247
468 5.170291296 118.7680925
468 220.1801613 -301.2899675
468 -170.2450487 -64.98285753
468 -171.2378087 240.9405025
468 -8.389598704 315.2212125
468 81.5687313 270.2420525
468 131.5088413 239.8149625
468 235.0270713 137.9503825
468 292.0310713 238.9561325
468 31.4164913 60.36238247
468 6.281071295 63.00821247
468 -44.4390787 97.60142247
468 7.934721296 93.10456247
468 352.4718313 -264.9097575
468 -190.4195287 -99.87478753
468 -166.1474087 267.5962125
468 319.6937313 365.4920525
468 295.9998213 92.11238247
468 254.9894113 94.75821247
468 16.2856313 39.52644247
468 407.3728713 -256.3107975
468 -252.6798687 -107.3173075
468 -206.9565587 -256.4761575
468 -154.7013487 303.1175925
468 -120.0574687 277.9821725
468 -166.6075987 320.9769625
468 -231.9625187 238.1613225
468 360.9059913 56.06402247
468 292.5739413 26.16392247
468 110.8741713 42.17227247
468 -32.0002587 28.28277247
468 434.4932313 -258.9555175
468 -237.3830687 93.93251247
468 -350.4924487 -138.9008275
468 -252.6804287 -160.2350975
468 -204.3101587 -323.9437975
468 -299.7619987 231.5467425
468 436.3116713 71.27644247
468 309.3116713 50.77123247
468 317.4972213 -31.24959753
468 -63.7508287 14.39102247
468 502.6228713 -197.4410075
468 -285.6695287 59.53667247
468 -149.4096787 137.7530025
469 49.48135134 93.00495902
469 73.29385134 89.03620902
469 25.00682134 96.97258902
469 34.23190134 84.43801902
469 97.10635134 93.00495902
469 8.435031341 71.53957902
469 27.65322134 39.42682902
469 121.5803113 93.00495902
469 -8.726978659 71.17682902
469 -62.96656866 26.85912902
469 21.66419134 0.4328090244
469 175.8198913 145.260169
469 -18.64885866 56.62474902
469 -97.36296866 26.85800902
469 -107.9457287 5.030999024
469 82.51836134 36.81301902
469 -14.01864866 -20.76587098
469 -44.44572866 46.70287902
469 -126.4665687 34.13516902
469 -137.7113587 10.98412902
469 -143.0030287 -15.47421098
469 -44.44516866 -13.48871098
469 144.6954413 83.11509902
469 69.32510134 -41.93254098
469 -58.37226866 -40.24688098
469 -97.36239866 26.85912902
469 -167.4764187 29.50607902
469 -181.3676087 -23.41171098
469 -98.02328866 -13.48871098
469 150.6485713 100.313019
469 190.3725413 0.4019090245
469 28.72809134 -53.34270098
469 107.6896813 -47.88567098
469 -27.49585866 -51.35832098
469 -88.13788866 -80.59584098
469 -98.02385866 -13.48983098
469 -112.5759387 41.41120902
469 -239.5753787 -2.243920976
469 -264.7107887 31.49044902
469 -195.8370087 -37.46770098
469 162.5548213 106.927599
469 125.5490613 85.06745902
469 153.9558613 114.865099
469 176.2333013 22.06354902
469 227.8270513 -36.80624098
469 66.01781134 -57.80754098
469 109.6740613 -59.13046098
469 161.9292713 -67.06796098
469 116.9501013 -37.30233098
469 -14.68010866 -92.20337098
469 -134.4040687 -75.00546098
469 -72.92434866 -116.976051
469 -44.44516866 46.70398902
469 -262.1487787 -1.750060976
469 -330.8571887 33.47370902
469 -321.8448187 49.84479902
469 -235.6060587 -67.06572098
469 85.86156134 83.74453902
469 167.8464813 122.141139
469 332.5849513 -1.584700976
469 148.0386413 26.85912902
469 161.9298313 -67.06684098
469 285.6219713 3.708079024
469 255.1948913 -69.05233098
469 69.98656134 -75.66692098
469 107.0282213 -73.02108098
469 238.6584313 -69.71379098
469 20.37775134 -94.84809098
469 -225.6026387 -71.86353098
469 -146.5115887 -141.201961
469 -60.98218866 -130.567961
469 -14.67953866 -92.20226098
469 -273.3097487 -23.41059098
469 -411.8037187 51.16659902
469 -397.9125287 105.407299
469 -345.9880487 -65.91041098
469 192.5217113 137.322669
469 351.7678113 -3.567960976
469 238.6578713 -69.71491098
469 82.55427134 -128.583581
469 249.2058613 -62.73646098
469 31.62197134 -116.677331
470 -68.94623217 -45.83710594
470 -18.67540218 -26.65481594
470 -117.2321222 -72.95577594
470 101.9580578 29.40378406
470 -193.6311322 54.04310406
470 -186.0237922 -112.6432759
470 190.0985178 92.24456406
470 101.9580578 15.51315406
470 45.07264782 88.27357406
470 86.24899783 15.51427406
470 -213.4754422 65.28677406
470 -155.1243222 35.52075406
470 -132.0322522 -173.6628059
470 -233.9800922 -133.8110659
470 260.2119678 158.3881541
470 160.1663978 82.32044406
470 258.2281578 123.9934441
470 121.8018078 -11.60663594
470 -12.37045217 121.3961341
470 62.27055782 -8.299345942
470 -123.8969122 24.36811406
470 -60.63123218 -183.5537859
470 -318.5105922 -159.6505459
470 -230.3420722 -188.0506459
470 -235.9644622 -88.17043594
470 311.8062878 183.5246941
470 159.0088478 111.0938841
470 124.4476478 73.72149406
470 306.1769978 145.9319541
470 142.3075878 -34.75655594
470 -63.11499217 169.3525141
470 54.49842783 187.1615941
470 12.66118782 -49.97121594
470 96.00550782 -8.959685942
470 -93.75035217 -2.841195942
470 12.79064782 -188.1839959
470 -179.0322722 -204.7204559
470 -223.9738322 -237.8220359
470 -201.4859522 -218.6430959
470 -229.8470522 -15.22378594
470 276.7484278 145.1589941
470 103.4463478 154.7501341
470 162.3161378 221.5574241
470 90.05180782 75.70586406
470 450.0510778 147.8059441
470 209.1143178 -139.9295559
470 103.9424378 -35.41913594
470 -95.98334217 198.7371141
470 -219.4285722 89.09927406
470 -39.75938217 180.8777441
470 88.89482783 165.3345841
470 94.02112783 235.7799041
470 -132.0328222 -173.6639259
470 121.8023778 -11.60551594
470 86.24842783 15.51315406
470 -41.49571218 21.63164406
470 -18.67370217 -26.65145594
470 -86.42810218 -224.5642059
470 40.57189782 -192.1527459
470 -162.1650822 -208.6892059
470 -201.4853822 -218.6419759
470 -235.3030022 -248.2433559
470 -203.5524422 -274.0391159
470 -281.6050922 -180.7746059
470 -213.4748822 65.28789406
470 258.2275978 123.9923241
470 304.3643178 162.3569041
470 180.8369678 231.4793041
470 45.07207783 88.27245406
471 144.4082581 84.46842611
471 126.5494581 95.05287611
471 188.0639481 15.01418611
471 96.61846806 87.77683611
471 115.0182181 111.8283661
471 170.1838481 108.7856561
471 17.40882806 34.86017611
471 155.6530581 13.69238611
471 60.23768806 111.5882161
471 89.14058806 112.1163261
471 137.4270481 112.1163261
471 192.6952881 117.5424661
471 69.00257806 -13.42628389
471 -58.69535194 42.66320611
471 -118.3668219 162.5844261
471 -76.68418194 1.124676111
471 102.7363881 20.30696611
471 173.5129981 -37.23878389
471 58.25331806 140.6923861
471 277.1960181 126.1403061
471 127.2103481 -22.02636389
471 -74.87150194 -15.30027389
471 -137.3263219 72.52681611
471 -140.6721119 180.9862961
471 -104.3000719 -16.07323389
471 155.6536181 13.69350611
471 189.2220681 -55.09928389
471 41.05539806 170.4580161
471 142.4238881 -45.83886389
471 102.7369581 20.30808611
471 -122.8203419 -37.23878389
471 -200.2121019 70.24595611
471 -173.0917419 203.5309261
471 -203.8495519 165.1663461
471 -122.8209019 -37.23990389
471 -69.24221194 22.29246611
471 188.0645081 15.01530611
471 184.7577881 -67.00441389
471 -190.9499819 -68.98766389
471 -212.1177819 68.92415611
471 -195.5813219 225.3590561
471 -120.8365319 -2.844073889
471 261.4869581 15.01642611
471 215.1843081 -106.0315739
471 -220.8821019 -78.91178389
471 -279.0904419 -131.8284439
471 291.2520081 11.04655611
471 237.0129981 -133.1502439
471 -222.0396519 -50.13834389
471 -256.6008519 -87.51073389
471 -335.9758519 -72.95865389
471 -294.7995019 -145.7179539
471 -279.0904419 -145.7190739
471 -399.7239019 -187.8870439
471 308.0832981 10.25174611
471 192.6947181 117.5413461
471 203.1126881 -165.5628239
471 311.0598581 -143.7026839
471 159.5858981 -115.9214339
471 -218.7323619 60.32519611
471 -277.6021519 -6.482093889
471 -290.9966919 -85.52636389
471 -393.4189519 -39.83609389
471 -318.7779419 -169.5315739
471 -259.2466919 -172.8388639
471 -449.9947319 -207.0693339
471 295.4416481 35.50714611
471 360.0436781 3.770516111
471 82.23174806 190.9643361
471 185.2533181 -158.9482339
471 193.9072681 -176.1771939
471 217.8301381 -171.5159439
472 111.918752 -0.2645839998
472 63.301562 -6.879164
472 6.416142 -6.879164
472 -55.760938 6.349996
472 -125.875518 7.672916
473 52.98054254 66.74682704
473 121.7716425 110.401957
473 -95.93026746 17.96426704
473 207.7617925 126.278077
473 -212.9262775 -36.11106296
473 451.5999525 215.587297
473 -210.2804375 -65.21523296
473 -259.3104775 -56.78052296
473 463.5056325 227.492427
473 427.7868825 196.403887
473 -299.5773175 -115.486063
473 -210.9418975 -109.532943
473 -283.7849975 -64.71914296
473 545.7664325 261.214457
473 416.5420925 147.455977
473 -472.8793975 -205.444403
473 -377.0506275 -97.79205296
473 382.8077225 117.028887
473 486.2351825 220.204037
473 -415.3325275 -210.736063
473 -499.4563275 -219.799103
473 -500.6600875 -204.781823
473 -417.3995875 -120.281643
473 524.5176525 152.240317
473 349.7348025 123.643477
473 385.4535525 65.43513704
473 545.7670025 261.215577
473 -548.2856475 -233.225653
473 -528.4418975 -188.246483
473 -449.0668975 -183.616273
473 -374.3221075 -113.501693
473 -482.2213675 -130.862733
473 548.3295825 183.989197
473 496.0384625 118.206107
473 323.2764725 117.028887
473 366.2712625 27.07055704
473 623.4051025 321.241797
473 -577.4724975 -178.489973
473 -552.9985375 -207.594143
473 -455.7641675 -142.771223
473 -299.5761775 -115.483833
473 -537.1229775 -150.046143
473 564.8666125 188.620517
473 465.6472925 55.66627704
473 244.5629225 111.075767
473 650.8556225 320.249617
473 -417.3990175 -120.280523
473 -249.3059175 -116.146403
473 -564.9047875 -150.047263
473 -573.4210675 -161.788153
473 601.2103425 232.638397
473 305.5743725 -35.61497296
473 694.5124425 334.802817
473 -210.9413375 -109.531823
473 -259.8892475 -144.589113
473 -586.0714575 -140.786843
473 -634.9366975 -173.694403
473 675.4221425 288.976327
473 291.6837525 -52.81289296
473 739.4910425 301.067317
473 -27.13859746 -103.744063
473 -189.2323675 -131.163683
473 -266.5038375 -153.849533
473 -633.0349975 -144.755593
473 -732.8325275 -206.767313
473 706.5106825 298.236747
473 162.6999425 -126.895103
473 749.9090125 302.224877
473 -56.90478746 -120.281643
473 45.62125254 -43.55247296
473 -154.8000575 -123.587813
474 80.16069325 1.560999157
474 122.4945933 40.58815916
474 67.59355325 -5.052470843
474 153.5825733 49.84744916
474 171.4419433 77.62869916
474 64.94715325 12.80578916
474 -5.828886746 -89.05880084
474 118.5252833 16.77453916
474 187.3175133 88.21315916
474 178.0565333 55.80057916
474 93.96863325 47.03625916
474 41.05254325 -1.910540843
474 -22.36534675 -112.8713008
474 246.1867333 104.0870392
474 152.1775433 84.07903916
474 -19.05862675 -22.91408084
474 -51.09200675 -95.22795084
474 276.6143933 119.3016992
474 173.4263233 101.4411992
474 27.90605325 74.65325916
474 -27.65701675 -44.41036084
474 -11.23914675 11.68024916
474 -96.73263675 -24.45191084
474 -195.7495467 -218.2074208
474 350.6971533 172.2172492
474 310.3481933 119.3005792
474 187.2348333 111.8602892
474 246.1878733 104.0892692
474 60.31694325 107.3943292
474 9.385223254 73.33033916
474 -111.0007667 -27.21244084
474 -268.5105267 -180.5054108
474 -217.5776667 -233.4209608
474 402.9523633 169.5714092
474 371.1202433 185.2821692
474 389.7237633 153.6975292
474 324.8170333 185.2799292
474 68.91590325 132.5297492
474 -39.46982675 62.06019916
474 -302.8236767 -159.1733808
474 -255.6271867 -170.8021008
474 -243.2924267 -231.2723408
474 -428.5001967 -351.6566408
474 439.9940333 164.9411992
474 402.9529333 169.5725292
474 281.1619133 185.9436192
474 371.1196833 185.2810492
474 71.56173325 172.8786992
474 -96.25860675 47.09655916
474 -36.91742675 33.97244916
474 -44.85379675 107.3965692
474 -287.6095767 -125.4378908
474 -347.8028467 -128.0848408
474 -227.8459367 -171.4635608
474 -218.9005867 -138.8324208
474 -345.8184767 -245.8244208
474 -417.9174267 -374.8088008
474 -439.0835267 -329.8285108
474 563.6040533 234.2289692
474 262.6405133 189.2497992
474 401.5473333 188.5894592
474 -109.6761467 40.25965916
474 -89.17263675 121.2849492
474 0.1242332542 101.1104792
474 -267.1049267 -83.76713084
474 -199.0574067 -122.2970808
474 -351.7710267 -146.6045508
474 -345.8179067 -113.5316408
474 -371.6980267 -117.6668708
474 -176.2510467 -146.9873608
474 -160.8940967 -164.0196208
474 -176.2516167 -146.9884808
474 -472.1570167 -267.6525508
474 -472.1564467 -267.6514308
474 -871.2563567 -427.0516508
474 511.3488433 194.5414692
474 590.7238433 251.4268792
474 418.0832233 188.5883392
474 421.3910833 221.6623692
474 -276.3647767 20.41367916
474 -292.2403467 42.90213916
474 -130.8445167 15.45161916
474 -91.15701675 147.7432892
475 -358.2209086 -188.536417
475 -415.7677786 -183.244757
475 -442.3447086 -197.599457
475 -443.5484686 -182.582177
475 -242.4656986 -93.28641696
475 -391.9552786 -161.416627
475 -471.3302786 -166.046837
475 -491.1740286 -211.026007
475 -153.1688186 -43.01558696
475 -495.8869186 -185.394497
475 -520.3608786 -156.290327
475 -398.6525486 -120.571577
475 -155.8146586 -13.91141696
475 -153.8302786 -87.33329696
475 -360.2873986 -98.08087696
475 -38.81864855 40.16391304
475 -202.1988586 -34.58087696
475 110.0921614 88.94647304
475 -226.6733786 -42.51949696
475 178.8832614 132.601603
475 -319.9390086 -75.59240696
475 264.8734114 148.477723
475 -360.2879686 -98.08199696
475 508.7115714 237.786943
475 -317.2104886 -91.30204696
475 -425.1097486 -108.663087
475 520.6172514 249.692073
475 484.8985014 218.603533
475 -242.4645586 -93.28418696
475 -480.0113586 -127.846497
475 602.8780514 283.414103
475 473.6537114 169.655623
475 -192.1942986 -93.94675696
475 -507.7931686 -127.847617
475 -516.3094486 -139.588507
475 439.9193414 139.228533
475 543.3468014 242.403683
475 -153.8297186 -87.33217696
475 -202.7776286 -122.389467
475 -528.9598386 -118.587197
475 -577.8250786 -151.494757
475 442.5651714 87.63478304
475 406.8464214 145.843123
475 581.6292714 174.439963
475 602.8786214 283.415223
475 29.97302145 -81.54441696
475 -209.3922186 -131.649887
475 -132.1207486 -108.964037
475 -575.9233786 -122.555947
475 -675.7209086 -184.567667
475 423.3828814 49.27020304
475 380.3880914 139.228533
475 605.4412014 206.188843
475 553.1500814 140.405753
475 680.5167214 343.441443
475 102.7328714 -21.35282696
475 0.2068314492 -98.08199696
475 -278.1844486 -171.338507
475 -97.68843855 -101.388167
475 301.6745414 133.275413
475 621.9782314 210.820163
475 522.7589114 77.86592304
475 707.9672414 342.449263
475 154.3271914 7.091003043
475 -123.4031986 -133.635377
475 -139.2781986 -134.296837
475 658.3219614 254.838043
475 362.6859914 -13.41532696
475 751.6240614 357.002463
476 -205.5882148 -90.3613065
476 -161.2705048 -91.6842165
476 -243.2913448 -91.6842165
476 30.55297517 -80.4383065
476 -206.2491148 -120.7872665
476 -91.98274483 -47.8626065
476 -297.5309248 -95.6529665
476 64.28678517 -67.8717165
476 68.91755517 -88.3758065
476 -215.5095248 -122.1101865
476 -93.96655483 2.4093435
476 -71.97306483 -36.7820565
476 -92.64420483 -61.7532265
476 -315.3903048 -93.6685965
476 94.71386517 -64.5644265
476 27.90657517 -96.3144265
476 151.5992852 -98.9602565
476 -154.1598348 -35.9563565
476 81.31933517 72.5228135
476 -89.33691483 44.0801035
476 -17.07259483 -3.0488065
476 -357.0621748 -109.5435965
476 146.3081852 -54.6414365
476 -44.19238483 -109.5435965
476 175.4123452 -103.5893465
476 95.58746517 84.2130335
476 -55.60197483 87.0760135
476 55.98264517 44.1121235
476 -380.8746748 -113.5123465
476 177.6709252 -57.9141565
476 139.6935952 -47.3653965
476 -102.4001548 -119.4643465
476 119.6839152 103.6113535
476 72.43642517 90.3315235
476 -8.638434833 83.7687235
476 -75.64755483 97.6902435
476 96.00087517 42.4584735
476 281.2451152 -57.2883865
476 -71.97363483 -36.7831765
476 -42.62142483 -130.7102565
476 -144.7340548 -116.1581765
476 133.5745452 120.8092735
476 202.3662052 103.6113535
476 99.17870517 102.2884335
476 15.83495517 106.9186435
476 70.15722517 102.7845335
476 81.31990517 72.5239335
476 -56.26399483 103.6113535
476 -83.91578483 99.3438935
476 129.7219552 -28.7033865
476 154.8706752 58.0027435
476 316.9638652 -57.9498465
476 0.3733751671 -137.3248465
476 224.8563552 200.1853935
476 238.7464152 98.9811435
476 76.44107517 173.5605735
476 118.3008152 195.5019335
476 -13.84798483 102.7845335
476 49.65201517 173.5605735
476 -97.93587483 101.6269835
477 176.3936412 -32.07026615
477 213.4347412 -51.91512615
477 153.9040612 -47.94526615
477 279.5811412 -8.919226154
477 118.8467612 -66.46609615
477 229.3103112 9.601613846
477 358.2941112 -39.34742615
477 128.1066112 2.985913845
477 64.67942115 18.54955385
477 52.77374115 29.79546385
477 81.87734115 33.76310385
477 64.01796115 34.42455385
477 96.09869115 -34.36710615
477 64.01796115 0.02872384549
477 38.22109115 52.28393385
477 87.49974115 49.96883385
477 -23.04648885 -42.96606615
477 46.94950115 62.73391385
477 112.3049912 68.16005385
477 -44.21315885 -52.22648615
477 25.65338115 85.35685385
477 237.3200512 125.3750838
477 -158.6454488 -70.08585615
477 5.148741154 95.94130385
477 264.4404112 144.5584838
477 304.7165612 150.4922338
477 -219.4990488 -127.6316162
477 -0.1434888458 115.1224738
477 222.0337012 159.7515338
477 352.4138012 210.7032038
477 337.7883312 177.6097938
477 -186.8760188 -123.7973362
477 -265.1402388 -133.5858562
477 393.5901512 212.5233338
477 400.6280212 157.1068238
477 -135.6129988 -86.09420615
477 -137.9280988 -115.8598362
477 -308.7959188 -118.3711962
477 456.8514012 180.9182038
477 81.21645115 -57.51703615
477 -240.0048188 -91.91398615
477 -392.8016988 -145.4921062
477 560.9385412 139.1003438
477 393.5895812 212.5222138
477 -67.61223885 -159.3827362
477 126.8565112 -52.88794615
477 -229.0075088 -79.34515615
477 -437.7802988 -162.6889062
477 -391.4787788 -105.8046062
477 326.7822912 246.9180438
477 -134.7167888 -160.7121862
477 -377.0452888 -254.1046262
477 -195.9351588 -68.76294615
477 -469.3187288 -209.1254562
477 -229.0080788 -79.34627615
477 -409.3381588 -107.1275262
477 561.6000012 166.8815938
477 281.1416612 271.3920038
477 374.4078612 272.7160438
477 -179.6959588 -167.5913562
477 -147.4006588 -26.42960615
477 -436.2124588 -215.4528862
477 -527.5270588 -199.8650362
477 -485.4058688 -120.3566962
477 267.9125012 280.6524238
477 397.9816112 292.7046638
477 -233.6709588 -182.9371862
477 -54.38250885 48.31630385
477 -47.10703885 -15.51554615
477 -421.2422188 -224.1565162
477 -552.2952688 -137.0573962
477 200.5264312 314.8828938
477 -293.9959588 -191.4038562
477 -66.95078885 51.95320385
477 -23.29453885 42.69278385
477 5.148171154 95.94018385
477 -19.07773885 -19.81502615
477 -402.7905088 -227.9861162
478 31.44724224 75.20585552
478 51.95245224 87.11210552
478 12.26495224 59.33085552
478 85.68683224 106.9558555
478 -49.25010776 5.092385522
478 174.3222422 218.0808555
478 70.80458224 46.43353552
478 -80.25652776 -20.87097448
478 -16.09506776 -7.641804478
478 61.46092224 52.88163552
478 257.9978622 115.2263155
478 109.7473722 44.94413552
478 -97.45500776 -36.74708448
478 -31.30861776 -17.56367448
478 -116.3060078 -22.85534448
478 130.7486822 3.602985522
478 12.26608224 59.33308552
478 291.7311022 125.1459555
478 257.9967222 115.2240855
478 -129.2050078 -59.89813448
478 32.74545224 -32.06482448
478 -204.2799678 -53.94388448
478 219.3846622 35.35410552
478 -8.736347761 62.47277552
478 299.6686022 135.7292955
478 358.2082322 132.0923855
478 -181.7903878 -92.30847448
478 -83.56325776 -62.54172448
478 68.57159224 -26.16263448
478 -214.8632978 -24.83972448
478 -395.0772178 -104.8661845
478 -196.3424678 -65.18867448
478 293.4674322 55.19673552
478 -37.84051776 55.19673552
478 309.1916622 140.3829655
478 402.9382222 157.7216655
478 -153.3476778 -137.9490945
478 -218.1438778 -109.4706945
478 -279.4376078 -175.4857345
478 47.10448224 -117.2431545
478 37.48362224 -51.95839448
478 106.6321622 -26.78840448
478 -246.6132978 12.20194552
478 -430.4987178 -39.39180448
478 -447.0084578 -118.0696545
478 334.2851222 59.52628552
478 -101.7272078 43.98763552
478 394.3398222 172.9363255
478 307.5187722 170.4951155
478 416.8294122 133.9102755
478 445.5201622 173.1016855
478 -283.9851278 -247.7500645
478 -107.1282778 -205.9139345
478 -252.6491078 -113.3097745
478 -348.4778878 -247.0897245
478 97.29139224 -258.8817645
478 61.60292224 -125.0500045
478 75.84763224 -51.29805448
478 126.4759122 -23.48111448
478 -137.7207278 32.04569552
478 -258.1061378 9.556115522
478 -491.3261678 -34.72590448
478 -396.7643478 -25.50117448
478 -394.2011878 -123.8931045
478 -504.0032778 -114.6326845
478 451.5559722 77.02486552
478 458.4186022 201.8751255
479 -69.35884661 42.56914123
479 -34.85361661 46.40822123
479 -134.1817666 9.496231231
479 1.499873385 63.57044123
479 -177.8380166 -7.701688769
479 -210.9109266 31.98581123
479 -13.05220661 90.69024123
479 29.94258339 17.92982123
479 -96.14734661 -19.60681877
479 54.08525339 95.98078123
479 -201.6493866 -26.22028877
479 -263.7181966 37.80926123
479 -20.98970661 101.9350312
479 76.16198339 -50.03501877
479 99.72700339 93.33719123
479 -100.6948666 -91.87114877
479 -165.1876266 -91.21080877
479 85.83525339 119.1318312
479 -187.6772066 -54.16913877
479 -211.7869566 51.01273123
479 -320.7130166 41.24623123
479 66.98425339 133.0235712
479 -31.57303661 131.0391912
479 144.3748734 -79.30455877
479 21.84026339 -41.66328877
479 220.7738834 103.9205212
479 230.3947434 38.63576123
479 -170.8094566 -97.16280877
479 -127.1537666 -110.3930988
479 -82.83605661 -110.3930988
479 -177.0938766 -68.05975877
479 103.0337334 135.0079412
479 -247.2084566 116.4871112
479 -63.32303661 168.0808612
479 30.60404339 -86.58059877
479 167.5259234 -87.90350877
479 232.3488334 -55.49205877
479 20.02071339 -27.71080877
479 244.8931834 30.82891123
479 259.1378934 104.5808612
479 280.5816534 -103.0028488
479 -184.3704766 -114.3629688
479 -192.9683066 -101.1315588
479 -169.1563766 -137.5128888
479 -104.0027266 -111.7160088
479 -76.71756661 -116.6769488
479 -25.95064661 -109.7316388
479 134.0401534 160.9713012
479 151.9816434 138.3152412
479 -308.0359066 121.1530112
479 -213.4740866 130.3777412
479 45.56953339 187.9246112
479 -74.81587661 165.4350312
479 183.3188034 -93.69015877
479 201.9217534 -79.96600877
479 170.1717534 29.83607123
479 253.5160734 -110.3919788
479 263.4379434 -44.24614877
479 273.3592534 -40.93996877
479 296.8410234 97.96628123
479 483.7030034 -117.0076788
479 253.5155034 -110.3930988
479 -219.0959166 -138.1732288
479 -192.9688766 -101.1326788
479 -210.8282466 -101.1326788
480 77.72515688 90.23161234
480 163.7153069 106.1077323
480 8.934056876 46.57648234
480 407.5534669 195.4169523
480 -139.9767531 -2.206077656
480 419.4591469 207.3220823
480 383.7403969 176.2335423
480 -256.9727631 -56.28140766
480 501.7199469 241.0441123
480 372.4956069 127.2856323
480 -303.3569631 -76.95086766
480 -254.3269231 -85.38557766
480 442.1886969 200.0336923
480 338.7612369 96.85854234
480 -327.8314831 -84.88948766
480 -254.9883831 -129.7032877
480 -343.6238031 -135.6564077
480 501.7205169 241.0452323
480 305.6883169 103.4731323
480 341.4070669 45.26479234
480 480.4711669 132.0699723
480 -421.0971131 -117.9623977
480 -516.9258831 -225.6147477
480 579.3586169 301.0714523
480 279.2299869 96.85854234
480 322.2247769 6.900212344
480 451.9919769 98.03576234
480 504.2830969 163.8188523
480 -461.4460731 -140.4519877
480 -459.3790131 -230.9064077
480 -544.7065731 -224.9521677
480 -543.5028131 -239.9694477
480 606.8091369 300.0792723
480 200.5164369 90.90542234
480 421.6008069 35.49593234
480 520.8201269 168.4501723
480 -526.2678531 -151.0330777
480 -418.3685931 -133.6720377
480 -493.1133831 -203.7866177
480 -572.4883831 -208.4168277
480 -592.3321331 -253.3959977
480 650.4659569 314.6324723
480 261.5278869 -55.78531766
480 557.1638569 212.4680523
480 -581.1694631 -170.2164877
480 -343.6226631 -135.6541777
480 -597.0450231 -227.7644877
480 -499.8106531 -162.9415677
480 -621.5189831 -198.6603177
480 695.4445569 280.8969723
480 247.6372669 -72.98323766
480 631.3756569 268.8059823
480 -608.9512731 -170.2176077
480 -617.4675531 -181.9584977
480 -293.3524031 -136.3167477
480 -461.4455031 -140.4508677
480 705.8625269 282.0545323
480 118.6534569 -147.0654477
480 662.4641969 278.0664023
480 -630.1179431 -160.9571877
480 -678.9831831 -193.8647477
480 -254.9878231 -129.7021677
480 -303.9357331 -164.7594577
480 760.1026769 243.0296023
481 -109.8232728 -92.26620881
481 -130.3284828 -68.12297881
481 -175.9685328 -8.921338806
481 -261.9586828 -20.82870881
481 -191.8441028 13.56712119
481 -9.279902836 10.92464119
481 -258.3206628 9.598371194
481 -215.6566028 38.70254119
481 11.22360716 91.94993119
481 -30.44827284 -13.88339881
481 4.137637164 17.76154119
481 55.54244716 78.06155119
481 9.239227164 118.4082712
481 -73.44306284 -30.41985881
481 60.92641716 32.72518119
481 100.5204772 71.77546119
481 -8.619572836 128.9927212
481 -130.3279128 -68.12185881
481 63.47881716 4.637431194
481 109.7814672 43.99532119
481 109.7808972 128.6608712
481 151.0248372 82.96817119
481 -97.25556284 137.5905612
481 5.270477164 171.9863912
481 -174.6461828 -93.25839881
481 89.15709716 -17.65476881
481 128.3022972 45.31824119
481 171.9585472 231.8494912
481 -156.7868128 141.5593112
481 -245.4216628 -142.8666588
481 81.33761716 -52.24909881
481 160.7131872 78.05931119
481 252.5737872 54.74402119
481 179.1154372 243.6212712
481 109.6623072 223.7775212
481 212.3069372 232.1791012
481 -247.4066028 -157.4198588
481 72.73922716 -73.74537881
481 141.4487872 -31.24555881
481 3.663607163 -53.78692881
481 169.3121472 103.1947312
481 273.8225672 72.10618119
481 194.3648772 17.70124119
481 240.0060772 225.4002712
481 -202.4274328 -188.5083988
481 -271.3017828 -147.0018888
481 -251.3747828 -175.9395688
481 165.3433972 -16.52922881
481 49.30423716 -124.5629688
481 -10.60452284 -56.54745881
481 171.9579772 143.5436812
481 346.5841172 74.75425119
481 287.6310772 82.52527119
481 -187.2133328 -154.7729088
481 -168.1142828 -209.8404288
481 -313.8363928 -132.5004688
481 -272.5420228 -200.4146488
481 222.8908372 11.25314119
481 -95.35330284 -247.5424388
481 425.2132772 155.9449112
481 -166.7086828 -113.1021488
481 -98.66116284 -151.6320988
481 -155.2309428 -200.1371188
481 -364.1072228 -104.7192188
481 -281.1409828 -240.1021488
481 271.8381872 48.29368119
481 253.9788172 20.51243119
482 -229.5187022 -46.14217625
482 -294.6723522 -45.48072625
482 -92.13721219 -3.94331625
482 -284.5856822 -70.45189625
482 -123.6859422 14.71086375
482 -129.1435422 -51.27071625
482 -326.2575522 -43.33209625
482 1.789867814 -14.52664625
482 -27.31430219 27.14522375
482 -358.6690122 -70.45189625
482 -182.0596422 -77.06647625
482 -328.0765622 -89.79954625
482 -85.52263219 35.08272375
482 -294.6729222 -45.48183625
482 -102.0220422 -51.92882625
482 59.99819781 6.97074375
482 61.98257781 -8.24279625
482 57.47095781 31.90878375
482 1.246997814 37.20045375
482 -405.6325522 -71.11334625
482 -392.8994822 -81.20058625
482 -155.6013022 -77.72793625
482 -191.3200522 -95.58730625
482 -41.66454219 59.02969375
482 -126.4971422 -81.69668625
482 91.08674781 18.54626375
482 116.2580678 -2.32168625
482 55.48715781 70.27448375
482 -126.4977122 -81.69780625
482 -210.5023522 -100.2175162
482 166.0328078 183.3827438
482 155.9096578 7.30147375
482 336.0275978 74.90357375
482 202.9917978 155.6014938
482 -86.80964219 -81.69668625
482 -231.5036522 -128.8255863
482 225.4813778 208.1874338
482 335.2007778 61.17831375
482 336.8544278 92.92831375
482 -37.20026219 -95.58730625
482 -276.4828122 -108.9818363
482 -207.8565122 -146.5195963
482 301.7971278 181.5637338
482 202.9917978 229.3540938
482 273.8505178 221.7473238
482 330.9012978 26.78248375
482 342.1460878 114.0949838
482 19.02482781 -125.3506962
482 163.2216078 -40.02480625
482 -117.2361522 -120.0601462
482 -168.1690122 -129.9831463
482 -153.4510022 -196.9546762
482 285.0964478 266.0672737
482 100.5484378 179.4139938
482 239.4552578 240.2692738
482 168.2745378 256.7841238
482 452.3627278 5.78341375
482 329.5789478 12.89297375
482 322.9637978 218.6054037
482 28.28467781 -112.1226462
482 -39.18407219 -139.9038962
482 302.7893178 -17.53522625
482 -107.3137122 -172.9756962
482 -132.9463622 -211.5078863
483 212.2278014 -199.0093315
483 250.5929514 -115.6644615
483 257.2069614 -56.79578152
483 223.4720214 -56.13544152
483 301.5246714 -73.99370152
483 203.6288414 -42.24370152
483 197.6762814 -122.9405015
483 75.96738136 32.50108848
483 230.0871714 -116.9884915
483 74.64446136 -132.2020315
483 54.80071136 49.03754848
483 250.5923814 -115.6655815
483 130.2896414 -167.4246915
483 134.8012614 64.61382848
483 -4.104988636 51.38466848
483 -4.104988636 72.55132848
483 324.0142514 -96.48329152
483 -168.6895186 -318.8986515
483 101.2687314 182.4878885
483 202.2700114 77.84299848
483 -127.7612186 54.99178848
483 -14.65240864 -49.51974152
483 13.09293136 134.7284185
483 -63.26959864 108.2380685
483 -267.2462486 -410.1787815
483 246.7889914 229.4503085
483 63.69449136 177.7232085
483 -92.96867864 83.92293848
483 -244.5091886 -49.85047152
483 -238.2253286 60.94379848
483 -239.5841586 -169.5424215
483 -31.88623864 -82.22992152
483 -25.89720864 -49.51974152
483 -133.9790986 144.1156485
483 232.6970914 -29.31325152
483 331.4556614 245.3253085
483 67.00178136 211.4575785
483 17.75904136 174.7146285
483 -244.6745486 103.7732285
483 -244.5086186 -49.84935152
483 -460.5112386 -307.1257515
483 -21.18430864 -123.1069815
483 -94.35813864 -59.11089152
483 -160.1726786 179.3459585
483 -96.60669864 138.4932485
483 203.6294114 -42.24258152
483 368.3313914 19.93225848
483 385.0337914 266.4919785
483 347.7908414 138.6971685
483 335.8845914 273.6346685
483 16.43613136 192.5740085
483 70.30907136 235.2700785
483 171.3833114 244.6649685
483 -98.49225864 164.6273885
483 -283.2039286 97.32512848
483 -239.3828786 172.5648885
483 -445.5925186 -146.4233915
483 -242.5248086 -81.60047152
483 -673.5008186 -461.9070015
483 -313.6674886 -247.5945015
483 -557.0841586 -337.5528315
483 41.65423136 -124.4299015
483 -33.75201864 -151.5496915
483 -80.71555864 -152.2111515
483 -201.6797586 224.1586385
483 10.48300136 131.7198385
484 -312.3560804 -45.96070134
484 -274.6529604 -48.60653134
484 -255.6828004 -29.95235134
484 -192.8448304 20.31736866
484 -65.59621037 -17.88073134
484 -250.1430904 46.28072866
484 -51.04356037 -21.84836134
484 11.13294963 33.71301866
484 -155.5904604 -110.1221513
484 -1.470660365 -36.70028134
484 107.7064396 16.51621866
484 -72.87282037 -25.81935134
484 140.1178996 61.49538866
484 -95.39775037 -86.30965134
484 -187.3404604 -131.2888213
484 105.8874296 -4.154351341
484 -114.5441304 -27.14115134
484 154.6699796 97.87559866
484 -272.6685804 -132.6117413
484 -262.0852504 -194.1273613
484 101.0912896 94.56718866
484 193.1993596 104.3236987
484 -350.7206704 -130.6273613
484 -286.5592104 -208.6794513
484 -10.52981037 126.8132787
484 198.4910296 173.1153587
484 199.6485796 61.49426866
484 -426.3390504 -125.5330713
484 -345.2271604 -250.8783113
484 -74.02981037 122.8445287
484 138.7584996 178.9351387
484 192.5384696 191.6373087
484 193.3652896 -49.29888134
484 310.1126896 55.54225866
484 -413.1098904 -106.6815113
484 -447.2935804 -123.3513213
484 -449.7381404 -298.5044313
484 -149.4354904 107.6321087
484 99.07099963 192.1642987
484 277.7006596 179.8953087
484 178.4459996 222.5913887
484 195.3490996 -81.05000134
484 -7.718610365 -145.8729213
484 344.9052296 84.47340866
484 193.3647196 -49.30000134
484 433.7689196 51.93513866
484 -419.5123304 -91.60132134
484 -483.6737904 -104.1690313
484 -468.9198604 -314.3783113
484 -201.0298104 102.3393187
484 -214.3416604 143.6804687
484 63.35224963 222.5913887
484 174.4772496 238.4663887
484 160.2918096 -89.64896134
484 196.6714496 -119.4157013
484 343.5157696 -58.56042134
484 -93.41337037 -164.3617413
484 -75.84825037 -207.3874313
484 374.6043096 108.7885387
484 303.8948096 144.6661187
484 492.6746196 49.58801866
484 433.7689196 73.10179866
484 423.2214996 -48.96927134
484 -365.2727504 -50.59090134
484 -498.0240304 -352.0814413
484 -573.4308504 -315.0408913
484 -255.3520704 146.3262987
484 -275.3144104 189.5184687
484 23.66474963 246.4038887
484 217.0129996 251.8311387
484 162.1113896 280.2727287
484 411.9766996 -48.96927134
484 -102.9686104 -204.7427113
484 277.7012296 179.8964287
484 341.2672096 139.0437187
484 513.8412896 33.05155866
484 572.6751696 65.16429866
484 450.9668396 135.2788887
484 198.2897496 -168.9919513
484 405.9876696 -81.67945134
484 -356.8859304 -18.04610134
484 -402.3144204 -53.23674134
485 -785.2598483 -212.7882094
485 -646.3535983 -140.0277994
485 -609.9733883 -107.6163394
485 -523.9838083 -53.37674937
485 -341.4212983 49.81075063
485 -166.1348483 173.5034506
485 -103.2962983 187.3940806
485 -14.66088825 240.9722006
485 -135.5782983 140.2971906
485 64.05265175 252.2170006
485 -205.8217783 193.3483206
485 -218.8855783 23.02280063
485 -41.65121825 107.8857306
485 91.17245175 264.1232506
485 60.82805175 349.6167406
485 -249.4785983 182.1024106
485 -337.9486483 -37.17101937
485 -81.30280825 60.72481063
485 -134.7794383 -3.793439375
485 -233.7689583 -106.2934194
485 30.15291175 96.11283063
485 70.56866175 251.3233406
485 -203.6726083 -45.10851937
485 -97.83926825 22.36023063
485 -50.54499825 -15.67362937
485 -302.5606283 -144.6579994
485 -223.5996083 -149.7854194
485 76.12427175 91.81335063
485 14.10839175 57.54611063
485 63.39120175 242.2951206
485 230.0792617 279.3379106
485 10.30916175 4.170120626
485 -17.67664825 -45.05822937
485 -281.3939583 -179.0538394
485 -173.9902283 -125.3114694
485 161.1216717 88.17533063
485 11.63152175 31.95025063
485 276.3813517 287.2754106
485 33.06789175 -93.01460937
485 5.67896175 -33.53299937
485 -168.0365383 -149.1228494
485 236.5284817 96.77541063
485 10.30973175 4.171240625
485 317.3912017 295.2117906
485 99.93677175 -27.24914937
485 90.51099175 -126.1371694
485 71.82479175 10.78470063
485 33.06789175 -47.28875937
485 -2.25853825 -11.70487937
485 -184.4087083 -229.6345294
485 216.1106917 113.8669706
485 264.4751017 72.30145063
485 12.29354175 -17.65799937
485 139.4594717 21.36916063
485 134.3331717 -49.07615937
485 147.3964017 -185.0069594
485 -190.5261183 -302.5811794
485 141.2779217 185.4097006
485 301.5162017 80.89929063
485 284.1529217 49.81075063
485 226.1099517 63.70137063
485 181.1307817 46.50345063
485 207.7544817 7.146680625
485 93.98364175 -87.44185937
485 148.8846917 -59.66060937
485 235.5368617 -122.1661794
485 26.76294175 -241.0655594
485 131.6873417 -198.8964694
485 147.3964017 -198.8975894
485 -188.5417483 -348.2218094
485 117.4654217 199.3003306
485 202.2974517 43.19616063
485 226.2753117 17.06856063
485 204.4471917 -103.3168594
485 303.6665017 -90.41729937
485 305.6503117 -56.02258937
485 205.6047417 -132.0902994
485 -23.50788825 -260.2478494
485 107.7089017 -222.7100894
485 167.2401517 -226.0173794
486 153.2847449 -90.73203219
486 129.4716849 -86.10294219
486 46.78995488 -75.51849219
486 8.425374878 -67.58099219
486 5.778974878 -83.45711219
486 42.15918488 -55.01440219
486 -183.3981051 -78.82690219
486 -66.31998512 -96.68628219
486 72.58626488 -51.70711219
486 -114.1103451 -35.00529219
486 -227.7158151 -77.50399219
486 -228.3767151 -107.9299522
486 -124.5277551 -106.6070322
486 124.1805849 -41.78412219
486 -114.7718051 -48.89591219
486 -94.10066512 -23.92474219
486 -116.0941551 15.26665781
486 -265.4189451 -78.82690219
486 -237.6371251 -109.2528722
486 -166.8616551 -103.3008622
486 -64.74902512 -117.8529422
486 155.5433249 -45.05684219
486 117.5659949 -34.50808219
486 -39.20019512 9.808507805
486 -111.4645151 56.93741781
486 -176.2874351 -23.09904219
486 59.19173488 85.38012781
486 -319.6585251 -82.79565219
486 -21.75422512 -124.4675322
486 259.1175149 -44.43107219
486 -94.10123512 -23.92586219
486 33.85504488 56.96943781
486 -77.72957512 99.93332781
486 73.45986488 97.07034781
486 -337.5179051 -80.81128219
486 14.62597488 -125.7904422
486 294.8362649 -45.09253219
486 73.87327488 55.31578781
486 -30.76603512 96.62603781
486 -97.77515512 110.5475578
486 50.30882488 103.1888378
486 97.55631488 116.4686678
486 -379.1897751 -96.68628219
486 33.80827488 -124.4675322
486 -19.10839512 -139.6810722
486 132.7430749 70.86005781
486 107.5943549 -15.84607219
486 59.19230488 85.38124781
486 -78.39159512 116.4686678
486 -106.0433851 112.2012078
486 48.02962488 115.6418478
486 -6.292645122 119.7759578
486 111.4469449 133.6665878
486 180.2386049 116.4686678
486 77.05110488 115.1457478
486 -403.0022751 -100.6550322
486 46.40269488 -119.8016322
486 5.779534878 -83.45599219
486 16.31310488 -205.1554522
486 -79.93584512 -135.0151722
486 217.5288849 54.45806781
486 197.4365249 82.07283781
486 117.5654349 -34.50919219
486 217.5283249 54.45694781
486 -35.97558512 115.6418478
486 -118.9418251 104.5944378
486 -120.0634751 114.4842978
486 -81.23870512 130.3913078
486 27.52441488 186.4178878
486 202.7287549 213.0427078
486 216.6188149 111.8384578
486 96.17321488 208.3592478
486 54.31347488 186.4178878
486 54.31347488 -103.3008622
486 -35.61813512 -218.3589222
486 207.1103549 -154.2331522
486 -147.1000151 -129.0966222
486 291.7770249 -12.68107219
486 248.3329149 62.34377781
486 218.4019249 86.40432781
486 -30.76659512 96.62491781
486 -46.55891512 142.7616378
487 -4.254087951 -106.0996565
487 -82.80282795 -16.14243651
487 34.10993205 -102.1320265
487 3.682852049 -114.6997265
487 40.72451205 -96.17889651
487 -26.74423795 -113.3768165
487 85.70425205 107.5513835
487 39.40160205 -142.4809765
487 -67.09319795 -114.6997265
487 73.79743205 135.3315235
487 130.683982 145.9170935
487 56.59895205 157.8199835
487 188.891752 181.6347235
487 202.037662 145.7494835
487 56.59951205 157.8211035
487 52.63133205 171.0513835
487 209.525852 192.2489535
487 246.355372 147.0724035
487 214.606512 120.6163035
487 44.69326205 185.6023535
487 -37.32756795 169.7273535
487 214.605372 120.6140735
487 347.558502 188.7442835
487 -262.057468 159.8065935
487 155.735582 96.80157349
487 392.088352 194.8947835
487 -151.594498 86.38360349
487 -296.453868 186.9252735
487 109.432932 -5.725586507
487 241.937302 114.1968635
487 422.515432 173.7281135
487 426.484182 196.8791535
487 -53.03720795 -20.11118651
487 -401.625748 262.3315235
487 100.173082 -87.74530651
487 232.015432 92.36874349
487 464.848762 194.8947835
487 451.619602 210.1083235
487 -82.80225795 -16.14131651
487 -36.20591795 -20.90599651
487 100.834542 -112.8807165
487 179.760222 -86.22500651
487 157.932102 55.32707349
487 -156.224708 -16.14243651
487 15.75446205 -27.38722651
487 -48.84756795 4.349403494
487 113.485502 -133.2194465
487 201.588352 -139.8031365
487 -188.635598 -17.46423651
487 -58.69550795 23.41171349
487 115.386622 -156.5369665
487 39.40216205 -142.4798665
487 149.333142 -213.2250065
487 214.156052 -119.2979265
487 -241.552828 -10.85077651
487 -59.35696795 49.20858349
487 5.005762049 -149.0955665
487 54.94643205 -247.9824665
487 -326.880388 3.702433493
487 76.77399205 -245.3377565
487 24.97897205 -169.5687565
487 63.21410205 -262.8663965
487 -402.984568 11.50546349
487 -462.656038 131.4266835
487 -420.973398 -30.03306651
487 -247.670748 56.61909349
487 -275.286638 -44.58402651
487 164.748522 -251.9512165
487 16.38001205 -160.3083465
487 81.73493205 -274.7726465
487 -481.615538 41.36907349
487 -484.961328 149.8285535
487 -448.589288 -47.23097651
487 -217.739758 63.89513349
487 -284.051528 80.43047349
487 -188.636158 -17.46535651
487 -419.160718 -46.45801651
487 -217.078868 -53.18410651
487 310.269352 -165.3001765
487 244.122952 -237.4002565
487 5.006332049 -149.0944465
487 104.224512 -322.3976465
487 -544.501318 39.08821349
488 -46.29687167 -32.18001667
488 -119.0572917 -69.22167667
488 40.35416833 -7.044596667
488 65.60081833 31.09665333
488 -12.89323167 32.31217333
488 72.29240833 45.03746333
489 144.2629329 264.7917126
489 239.5135029 311.7563726
489 137.7778029 289.9591426
489 81.42496288 232.3813726
489 110.7766029 324.4883226
489 224.2167129 237.8372826
489 38.42960288 214.5208726
489 65.67885288 427.5424726
489 260.0181429 239.1602026
489 22.02260288 186.1101826
489 -15.80998712 185.4167126
489 45.95369288 311.2591626
489 253.4035629 229.2383226
489 17.18025288 122.0820726
489 16.40020288 391.4929926
489 -21.18432712 112.1602026
489 -137.5183171 86.1979626
489 38.43073288 214.5231126
489 165.4301729 185.4178326
489 117.1437129 151.0219926
489 18.05385288 92.8445626
489 -131.5651871 88.8437926
489 -15.89266712 75.7799926
489 -215.5703971 26.0052526
489 150.1333729 -15.8319874
489 128.5173929 127.9018526
489 52.32022288 -47.4166274
489 -30.44474712 65.8581126
489 -308.1745671 21.3750426
489 -271.7943571 -20.9582874
489 -185.4740471 28.9818126
489 212.3937129 -8.389467397
489 150.1328129 -68.7497774
489 52.32079288 -47.4155074
489 -14.48706712 -75.1978774
489 -76.00268712 43.5339026
489 -389.5339371 7.484422603
489 -241.3672771 -135.3905774
489 195.8566829 -164.9908374
489 232.5681929 26.5024626
489 101.8469229 -58.8267774
489 128.9667129 -149.4465674
489 58.19067288 -129.2720874
489 -26.47599712 -82.3085474
489 -430.7456271 22.3992426
489 -265.8406671 -157.2175874
489 -143.0112571 -125.7674174
489 198.5030829 -232.4584774
489 245.1359029 113.1535026
489 105.8156729 -183.1809474
489 117.6033329 -188.6059674
489 137.5656729 -192.4413674
489 119.7062929 -322.7486574
489 -15.89209712 -190.7865974
489 -34.33081712 -85.7812074
489 -455.0183171 29.6432726
489 -565.0216771 10.4929926
489 -384.4435471 21.0763326
489 -286.3458771 -179.0457174
489 -223.0477171 -154.8715874
489 208.4243929 -274.1314674
489 256.3801229 123.7357226
489 149.4719229 -185.1653174
489 127.3130629 -346.8918874
489 12.55004288 -225.1835474
489 -367.2456271 24.3836226
489 -292.2989971 -198.8894674
489 -286.3464371 -179.0468274
489 212.3937129 -297.9428474
489 265.1085329 191.0711226
489 161.1301229 -443.1340674
489 37.35530288 -430.2345174
489 17.06166288 -260.7049174
490 64.740235 -28.9388
490 -64.740235 28.9388
491 -205.5734372 -45.47083203
491 -175.1469172 -41.50320203
491 -230.6348972 -50.48318203
491 -157.2869772 -41.50208203
491 -336.5427572 -69.28445203
491 -206.6567072 -73.34610203
491 -135.1281272 -37.53333203
491 -222.2704172 -112.380362
491 -129.5062972 -31.58133203
491 -65.01353716 -32.24167203
491 -148.6891472 -54.73349203
491 -183.4145872 -78.54375203
491 -60.46601716 40.02265797
491 -141.4125472 -8.430282027
491 65.62391284 77.55929797
491 -47.15472716 -50.76362203
491 -91.47243716 -50.76362203
491 -133.4750472 -77.88341203
491 -157.2875472 -41.50320203
491 -205.5740072 -45.47195203
491 37.18120284 123.199918
491 -151.9958772 5.460337973
491 135.4083328 152.966668
491 111.8433128 9.594457973
491 9.730682838 -50.10216203
491 -68.32139716 -52.08653203
491 -41.03623716 -57.04747203
491 -211.8578572 -124.846952
491 -52.11566716 -169.164662
491 -176.4698372 -1.815702027
491 -226.7314772 -13.12181203
491 0.8277128385 106.037698
491 89.76658284 155.610258
491 22.62912284 150.319718
491 -165.9680572 33.40918797
491 256.4552128 163.549998
491 266.0760728 98.26523797
491 57.52159284 17.96618797
491 180.0562028 -19.67508203
491 66.28537284 -26.95112203
491 -41.03567716 -57.04635203
491 -29.46904716 -72.50965203
491 -38.55577716 -67.96153203
491 -94.53168716 -170.322212
491 40.81866284 -170.488692
491 -228.1457072 46.63723797
491 -33.67751716 102.198618
491 121.5165828 178.761308
491 14.69162284 161.564508
491 -142.1566872 51.92778797
491 294.8192228 164.210338
491 280.5745128 90.45838797
491 316.2629828 -43.37337203
491 55.70204284 31.91866797
491 203.2072528 -28.27403203
491 268.0301628 4.137417973
491 20.47938284 -59.03185203
491 -21.35785716 -96.40424203
491 -14.08181716 -100.372992
491 -6.805777162 -111.617782
491 163.4370628 -170.322212
491 61.98589284 -190.992782
491 -241.5407972 59.69991797
491 -98.50043716 69.12570797
491 138.7150628 194.637418
491 102.6655828 192.653048
491 4.108292839 190.668668
491 -176.1056272 110.642208
491 332.5223528 157.595758
491 309.0405828 18.68950797
491 289.1968328 -50.76362203
491 519.3843328 -57.37820203
491 219.0001328 -34.06068203
491 237.6030828 -20.33653203
492 557.7818718 164.3958295
492 322.9641618 244.4322795
492 370.5897318 270.2302795
492 389.7714518 210.0364495
492 277.3235318 268.9062395
492 394.1634818 290.2188995
492 453.0332718 178.4324395
492 264.0943718 278.1666595
492 396.8098918 154.6210595
492 557.1204118 136.6145795
492 196.7083018 312.3971295
492 333.9702018 175.1240295
492 300.8984318 148.0064695
492 389.7720218 210.0375695
492 233.5019218 122.8893195
492 348.5956718 208.2174395
492 108.4868618 65.67428948
492 260.6222818 142.0727195
492 83.68161182 47.48306948
492 218.2155718 157.2657695
492 78.05921182 31.27733948
492 60.86129182 16.06378948
492 92.28056182 -36.85287052
492 48.95561182 27.30969948
492 124.2884818 0.5001494798
492 60.19983182 -2.45704052
492 60.19983182 31.93878948
492 -26.86461818 -45.45183052
492 34.40296182 49.79816948
492 225.4921818 7.11584948
492 -48.03128818 -54.71225052
492 43.13137182 60.24814948
492 275.7630118 -11.40499052
492 -162.4635782 -72.57162052
492 21.83525182 82.87108948
492 354.4759818 -41.83319052
492 172.5755118 -34.55603052
492 -223.3171782 -130.1173805
492 1.330611819 93.45553948
492 150.0859318 -50.43103052
492 209.6166118 -54.40089052
492 -268.9583682 -136.0716205
492 -190.6941482 -126.2831005
492 -3.96161818 112.6367095
492 115.0286318 -68.95186052
492 -312.6140482 -120.8569605
492 -141.7462282 -118.3456005
492 -139.4311282 -88.57997052
492 -243.8229482 -94.39975052
492 -396.6198282 -147.9778705
492 77.39832182 -60.00280052
492 -232.8256382 -81.83092052
492 -441.5984282 -165.1746705
492 -395.2969082 -108.2903705
492 123.0383818 -55.37371052
492 -71.43036818 -161.8685005
492 -199.7532882 -71.24871052
492 -473.1368582 -211.6112205
492 -232.8262082 -81.83204052
492 -413.1562882 -109.6132905
492 -138.5349182 -163.1979505
492 -380.8634182 -256.5903905
492 -151.2187882 -28.91537052
492 -440.0305882 -217.9386505
492 -531.3451882 -202.3508005
492 -489.2239982 -122.8424605
492 -183.5140882 -170.0771205
492 -50.92516818 -18.00131052
492 -58.20063818 45.83053948
492 -425.0603482 -226.6422805
492 -556.1133982 -139.5431605
492 -237.4890882 -185.4229505
492 -22.89586818 -22.30079052
492 -70.76891818 49.46743948
492 1.33004182 93.45441948
492 -27.11266818 40.20701948
492 -406.6086382 -230.4718805
493 -173.3388742 -109.4178967
493 -235.8461242 -34.67198667
493 -183.5914842 -16.81372667
493 -86.35710417 -2.923106667
493 -165.0700842 -6.229276667
493 110.0960158 1.045643333
493 -132.6591842 8.983143333
493 202.1483958 17.59984333
493 -63.20606417 20.88939333
493 233.1272658 23.53522333
493 237.0960158 63.22272333
493 257.6012258 34.78002333
494 113.6571689 94.00035938
494 101.7509189 87.38577938
494 76.65140887 72.14021938
494 95.79778887 70.18785938
494 105.0582089 101.9378594
494 36.96390887 70.81729938
494 33.62070887 23.88577938
494 118.9488289 109.2138994
494 -27.23346113 -12.49443062
494 143.6240589 124.3954294
494 -62.91630113 -33.69311062
494 -21.24443113 26.49958938
494 121.1344789 172.0204294
494 -107.2699211 -53.17412062
494 20.42744887 -54.85978062
494 -93.34282113 -26.41595062
494 -111.8642211 13.93188938
494 -14.66575113 71.51077938
494 102.6136489 183.9266794
494 -146.9215111 -26.41707062
494 -137.0355411 -93.52308062
494 -76.39351113 -64.28556062
494 -20.16956113 -66.26994062
494 141.4748889 -12.52533062
494 58.79202887 -60.81291062
494 -156.8433811 -7.896240625
494 -146.9209411 -26.41595062
494 -146.2606211 13.93076938
494 0.5836988739 80.07771938
494 -40.46262113 58.61233938
494 94.34597887 198.8106094
494 -63.57776113 -105.1306106
494 -183.3017211 -87.93270062
494 -121.8220011 -129.9032906
494 17.12015887 -70.73478062
494 178.9293989 -49.73348062
494 127.3356489 9.136309375
494 60.77640887 -72.05770062
494 113.0316189 -79.99520062
494 68.05244887 -50.22957062
494 -186.6090111 -1.943110625
494 -191.9006811 -28.40145062
494 -175.3642211 21.20792938
494 24.39619887 76.10896938
494 -23.89083113 84.04534938
494 -57.62463113 58.24958938
494 116.1735389 201.4553194
494 64.37851887 277.2243194
494 188.7326889 233.5680694
494 -28.51990113 -107.7753306
494 -274.5002911 -84.79077062
494 -63.57719113 -105.1295006
494 -195.4092411 -154.1292006
494 -109.8798411 -143.4952006
494 21.08890887 -88.59416062
494 236.7243189 -9.219160625
494 113.0321789 -79.99408062
494 206.2972389 -81.97957062
494 99.14098887 13.93188938
494 283.6872989 -14.51194062
494 58.13056887 -85.94832062
494 189.7607789 -82.64103062
494 -146.2600511 13.93188938
494 -216.3740711 16.57883938
494 -230.2652611 -36.33895062
494 48.20869887 80.07771938
494 -67.54651113 43.69750938
494 204.1480689 194.8418594
494 55.77955887 286.4847294
494 240.9878989 306.9899394
494 -94.00484113 -150.1097806
494 -17.27568113 -129.6045706
494 -284.5037111 -79.99296062
494 -363.1357011 -151.5980606
494 -240.2692511 -185.3313206
494 -162.7965111 -188.4743606
494 33.65661887 -141.5108206
494 189.7602189 -82.64215062
494 302.8701589 -16.49520062
494 200.3082089 -75.66370062
495 -327.8359077 -230.1139035
495 -245.4016577 -227.4680735
495 -337.7577777 -229.1217235
495 -302.0390277 -155.3691135
495 -190.3352577 -226.3105235
495 -517.1315777 -244.1378835
495 -339.0806977 -153.3847435
495 -58.0435877 -189.9303135
495 -302.0384677 -155.3679935
495 -326.5124177 -102.1206035
495 -457.4817377 -154.7076535
495 -3.142547703 -181.3313535
495 -195.3320977 -142.2732935
495 -568.6061777 -157.3523735
495 -462.7739777 -144.7869035
495 23.9778123 -183.9760735
495 -579.8509677 -195.7169535
495 -575.3399177 -97.95559351
495 -380.5404377 -123.7524635
495 -475.3411177 -118.9889035
495 92.1074523 -122.4615635
495 -591.7577877 -242.6816135
495 -575.2213277 -2.572243514
495 -504.4452877 -60.11911351
495 6.412692297 -140.9503835
495 260.1178723 -66.23760351
495 293.1913523 -25.88752351
495 -534.2109077 49.02150649
495 295.1751623 -57.63864351
495 299.4746423 84.90562649
495 -530.4896377 74.81950649
495 443.3418323 -35.14906351
495 296.4975123 -96.00434351
495 409.9387523 78.95361649
495 293.0254223 127.7350565
495 -524.2884677 123.7674165
495 511.8027623 -25.55791351
495 533.5949823 75.34649649
495 444.7312923 107.8847665
495 293.1907823 -25.88864351
495 254.4960423 121.2869565
495 298.3170923 196.5267165
495 -509.7369477 150.2246365
495 523.0475623 -25.55791351
495 533.5949823 96.51315649
495 592.5006823 72.99937649
495 403.7208723 168.0774765
495 474.4303723 132.1998965
495 200.9173523 117.9785465
495 239.9439623 84.90674649
495 238.5845623 202.3464965
495 292.3645323 215.0486665
495 -497.1698077 136.9943565
495 -526.5208877 163.4549165
495 298.1158123 -145.5805935
495 505.8137323 -58.26809351
495 550.7929023 158.6902465
495 672.5012323 88.57565649
495 613.6673523 56.46291649
495 441.0932723 162.4550765
495 377.5272923 203.3077865
495 89.2962523 150.2246365
495 207.5325023 39.92757649
495 110.9590123 57.12437649
495 198.8970623 215.5756565
495 377.5267223 203.3066665
495 278.2720623 246.0027465
495 -482.6171577 158.8235965
495 -442.5162477 103.2610965
495 -524.2890377 123.7663065
495 -548.2201277 174.5652465
495 -428.1289577 203.9692465
495 77.1887323 -283.1639235
495 516.5156623 -99.14515351
496 144.1711425 7.5323725
496 15.0658025 25.7191925
496 -102.9862175 -65.9193575
496 -56.2507275 32.6677925
497 122.3925011 123.6408812
497 132.3143711 145.4690012
497 48.30917111 86.59921125
497 282.4654211 226.1669213
497 316.8612511 228.1512913
497 237.9355711 220.0164213
497 312.8925011 205.0002512
497 341.9966711 241.3804612
497 136.7324411 178.3445413
497 355.2258311 226.1669213
497 104.9824411 151.8862112
497 92.41473111 177.0216213
497 46.11265111 128.0737112
497 21.06105111 177.1892312
497 79.26882111 212.9068613
497 104.9835811 151.8884412
497 -0.1899988879 25.54655125
497 -53.02341889 189.0932412
497 -23.91867889 138.8235212
497 99.90292111 223.5210913
497 -9.449848888 -56.47316875
497 -35.82549889 166.6036613
497 -68.89841889 -64.90675875
497 -8.788388888 -81.60857875
497 70.13729111 -54.95286875
497 -53.02397889 189.0921212
497 -75.51299889 -70.85988875
497 -70.22132889 -111.2088387
497 3.862571112 -101.9473088
497 91.96542111 -108.5309988
497 -56.99159889 202.3235212
497 -113.8770189 -74.82751875
497 5.763691112 -125.2648287
497 -70.22076889 -111.2077288
497 39.71021111 -181.9528688
497 104.5331211 -88.02578875
497 -64.92966889 216.8744912
497 -146.9504989 200.9994912
497 -192.4257589 15.12970125
497 -105.9400789 -83.42758875
497 -104.6171689 -117.8234288
497 -54.67649889 -216.7103288
497 -371.6803989 191.0787313
497 -136.3671689 -82.10467875
497 -84.64395889 -138.2966188
497 -32.84893889 -214.0656187
497 -46.40882889 -231.5942588
497 -406.0767989 218.1974113
497 -261.2174289 117.6557412
497 -176.7161289 -83.42758875
497 -93.24291889 -129.0362087
497 55.12559111 -220.6790788
497 -27.88799889 -243.5005088
497 -511.2486789 293.6036613
497 -162.6601389 11.16095125
497 -104.6165989 -117.8223088
497 134.5000211 -206.1281187
497 200.6464211 -134.0280387
497 -5.398418888 -291.1255088
497 -145.8288489 10.36614125
497 -192.4251889 15.13082125
497 -136.3665989 -82.10355875
497 186.7552311 -227.2947788
497 229.7500211 -137.3364487
497 287.9583611 -77.14373875
497 -30.07364889 -306.3070388
497 -93.86846889 3.88491125
497 -158.4704989 35.62154125
497 -265.8476389 15.12970125
497 239.6719011 -228.6176987
497 311.1094011 -245.8156187
497 -43.96426889 -313.5830787
498 20.03476067 -39.47654067
498 -14.02920933 -51.71128067
498 59.72283067 -32.19938067
498 -27.92039933 -48.40511067
498 114.9551707 -15.99253067
498 -64.96149933 -52.37274067
498 165.8868907 -4.748860667
498 83.61801067 23.52847933
498 -44.78758933 -37.49105067
498 -60.00055933 -38.15139067
498 -142.6007393 -48.90120067
498 249.6707707 -6.201450667
498 59.39323067 36.26378933
498 18.38225067 15.09600933
498 -146.6516093 -37.48993067
498 -63.22573933 -9.544430667
498 -164.8417093 -50.38837067
498 277.6733507 -10.70199067
498 172.0886307 21.21449933
498 84.52808067 47.50746933
498 -188.9028193 -40.30225067
498 -160.4601093 -9.213700667
498 -46.68927933 44.36441933
498 -223.0506093 -47.74365067
498 -260.0917093 -59.64878067
498 288.9181407 0.5428093332
498 234.9271707 9.308249333
498 178.0411907 28.48941933
498 1.266450668 53.95556933
498 96.68181067 57.59358933
498 -194.1944893 -30.38037067
498 -236.8591193 -47.24868067
498 -183.6117193 12.61329933
498 -236.8585493 -47.24756067
498 -285.8885893 -65.60191067
498 312.0697507 12.45016933
498 268.6609807 11.95295933
498 279.2443107 19.22899933
498 -23.44770933 49.17145933
498 47.56853067 63.87743933
498 225.6661907 47.67170933
498 104.3718307 64.70537933
498 -205.3752493 -20.67199067
498 -195.5174093 21.21337933
498 -260.0922793 -59.64990067
498 -264.0610293 -48.40511067
498 -355.3422793 -75.52490067
498 333.9799907 33.45035933
498 413.2723107 49.49071933
498 63.44410067 68.50876933
498 25.40968067 83.05972933
498 309.6719607 60.24053933
498 130.1687107 83.88766933
498 -248.5167593 51.14436933
498 -219.7342793 49.45027933
498 -279.5231793 -70.39972067
498 -285.2276893 -53.03532067
498 -381.3404193 -83.09966067
498 390.2039507 62.55451933
498 454.2832907 59.41371933
499 11.10802605 27.70425211
499 79.89969605 117.6625921
499 3.170526053 -9.337407895
499 -45.85950395 59.29001211
499 135.6743261 133.0735121
499 226.7434461 25.05842211
499 -21.96489395 -6.691577895
499 -45.19861395 41.42951211
499 -45.23452395 84.12559211
499 -144.2514339 18.77568211
499 263.7851061 169.2563421
499 206.7811061 68.25059211
499 103.2628761 170.1151721
499 264.3279761 -43.53586789
499 267.7538561 22.41259211
499 -11.96033395 -30.17334789
499 -40.56783395 25.55563211
499 -23.07567395 49.06830211
499 -100.3477039 14.14436211
499 -56.47931395 170.1151721
499 -165.9506739 29.88601211
499 -127.4674939 5.545402105
499 289.2512561 -100.9493879
499 332.6600261 -13.63576789
499 -60.24622395 -41.41701789
499 82.62820605 -27.52751789
499 -72.68504395 27.90163211
499 -20.31124395 23.40477211
499 -114.9003539 -7.684877895
499 -36.63556395 245.5214221
499 53.32276605 200.5422621
499 -172.3639839 85.25113211
499 -174.6790839 -37.44938789
499 -142.0190139 -20.91181789
499 408.0657061 1.576652105
499 281.0657061 -18.92855789
499 -91.99679395 -55.30876789
499 -60.24679395 -41.41813789
499 -142.0195839 -20.91292789
499 291.4477661 295.7922621
499 -182.9473139 132.8761321
499 -185.9233039 -48.03160789
499 -148.2201839 -69.85972789
499 471.5657061 5.545402105
499 -138.2988739 -75.15251789
499 -37.29702395 -73.30148789
499 -199.4837739 171.2407121
499 -198.4910139 -134.6826479
499 -151.9414539 -95.65772789
499 583.1868061 -26.70068789
499 -148.2207539 -69.86084789
499 -109.1947139 -91.68897789
499 12.76167605 -102.2723079
499 -194.3933739 197.8964221
499 -218.6654939 -169.5745779
499 -192.9518739 -147.2514779
499 636.7654961 -23.39227789
499 -185.9238739 -48.03272789
499 -39.74101395 -122.7763979
499 57.49279605 -102.9337679
499 32.60542605 -112.1941779
499 -109.1941439 -91.68785789
499 -148.3034339 208.2823821
499 -260.2084839 168.4615321
499 -182.9473139 233.4178021
499 -194.8535639 251.2771721
499 -235.2025239 -326.1759479
499 -280.9258339 -177.0170979
499 -193.0704639 -242.6348279
499 675.2948761 -16.94417789
499 622.2134161 -59.77248789
499 -179.3092939 -132.0379279
499 145.4667461 -87.72022789
499 54.43354605 -125.4233479
499 -328.0079639 161.8469521
499 -232.5561239 -393.6435879
