0 0 1
0 0 2
0 1 3
0 1 4
0 2 5
0 3 6
0 5 7
0 6 8
0 7 9
0 8 10
0 9 11
0 10 12
0 11 13
0 12 14
0 14 15
0 15 16
0 16 17
0 17 18
0 18 19
0 19 20
0 20 21
0 21 22
0 22 23
0 23 24
0 24 25
0 25 26
0 26 27
0 27 28
0 28 29
0 28 30
0 29 31
0 30 32
0 30 33
0 31 34
0 32 35
0 33 36
1 0 1
1 0 2
1 1 3
1 2 4
1 3 5
1 4 6
1 5 7
1 6 8
1 6 11
1 7 9
1 7 10
1 7 12
1 8 13
1 9 11
1 9 14
1 10 13
1 10 15
1 11 16
1 12 17
1 13 14
1 13 18
1 14 19
1 14 20
1 15 21
1 19 22
1 20 23
1 20 33
1 21 24
1 22 25
1 23 26
1 24 27
1 24 28
1 24 34
1 24 35
1 25 29
1 25 36
1 26 30
1 26 37
1 26 38
1 26 39
1 27 31
1 27 40
1 28 32
1 28 39
1 28 41
1 29 36
1 29 42
1 30 33
1 31 43
1 33 41
1 35 44
1 36 45
1 37 46
1 39 47
1 40 48
1 41 49
1 42 50
1 43 51
1 44 52
1 45 53
1 47 54
1 47 55
1 48 56
1 49 57
1 50 58
1 53 59
1 57 60
2 0 1
2 1 2
2 2 3
2 2 4
2 3 5
2 4 6
2 4 7
2 5 8
2 6 9
2 7 10
2 7 11
2 8 12
2 8 13
2 9 14
2 10 15
2 11 16
2 12 17
2 12 18
2 13 19
2 14 15
2 14 20
2 15 21
2 16 22
2 17 23
2 18 24
2 20 25
2 20 26
2 21 27
2 21 28
2 22 29
2 22 30
2 24 31
2 25 32
2 26 32
2 27 33
2 27 34
2 28 31
2 28 35
2 29 36
2 30 37
2 31 38
2 32 39
2 33 40
2 34 41
2 35 42
2 36 43
2 37 44
2 38 45
2 39 46
2 40 47
2 41 48
2 42 49
2 43 47
2 45 50
2 46 50
3 0 1
3 0 2
3 1 3
3 1 4
3 2 5
3 3 6
3 4 7
3 4 8
3 5 9
3 6 10
3 7 11
3 8 12
3 9 13
3 10 14
3 10 15
3 11 16
3 12 17
3 13 18
3 13 19
3 13 20
3 15 21
3 16 22
3 17 23
3 18 24
3 24 25
3 25 26
3 26 27
3 27 28
3 28 29
3 29 30
3 29 31
3 30 32
3 31 33
3 32 34
3 33 35
3 34 36
3 35 37
3 36 38
3 37 39
3 38 40
3 39 41
3 40 42
3 41 43
3 42 44
3 43 45
3 44 46
3 45 47
3 46 48
3 47 49
3 48 50
3 49 51
3 50 52
3 51 53
3 52 54
3 53 55
3 54 56
3 55 57
3 56 58
3 57 59
3 58 60
3 59 61
3 59 62
3 60 63
3 60 64
3 61 65
3 62 66
3 63 67
3 65 68
3 65 69
3 66 70
3 67 71
3 68 72
3 69 73
3 70 74
3 71 75
3 74 76
4 0 1
4 0 2
4 1 3
4 3 4
4 4 5
4 5 6
4 6 7
4 6 8
4 7 9
4 8 10
4 9 11
4 10 12
4 11 13
4 12 14
4 13 15
4 14 16
4 14 17
4 15 18
4 16 19
4 17 20
4 18 21
4 18 22
4 19 23
4 20 24
4 21 25
4 22 26
4 23 27
4 24 28
4 25 29
4 25 30
4 29 31
4 30 32
4 31 33
4 32 34
4 32 35
4 33 36
4 34 37
4 35 38
4 36 39
4 38 40
4 39 41
4 40 42
4 40 43
4 41 44
4 41 45
4 42 46
4 43 47
4 44 48
4 45 49
4 46 50
4 46 51
4 47 52
4 48 53
4 49 54
4 50 55
4 51 56
4 52 57
4 54 58
4 55 59
4 56 60
4 57 61
4 60 62
4 61 63
4 62 64
4 63 65
4 64 66
4 65 67
4 66 68
4 67 69
4 68 70
4 69 71
4 70 72
4 72 73
4 73 74
4 74 75
4 75 76
4 76 77
4 77 78
4 78 79
4 79 80
4 80 81
4 81 82
4 82 83
4 83 84
4 84 85
4 85 86
4 86 87
4 87 88
5 0 1
5 0 2
5 1 3
5 2 4
5 3 5
5 4 6
5 5 7
5 6 8
5 7 9
5 8 10
5 9 10
5 9 11
5 10 12
5 11 13
5 12 14
5 13 15
5 14 16
5 15 17
5 16 18
5 17 19
5 18 20
5 19 21
5 20 22
5 21 23
5 22 24
5 23 25
5 24 26
5 25 27
5 27 28
5 27 29
5 28 30
5 29 31
5 30 32
5 30 33
5 31 34
5 32 35
5 33 36
5 33 37
5 34 38
5 36 39
5 37 40
5 39 41
5 40 42
5 41 43
5 42 44
5 43 45
5 44 46
5 46 47
5 47 48
5 48 49
5 49 50
5 49 51
5 51 52
5 52 53
5 53 54
5 54 55
5 55 56
5 56 57
5 57 58
5 57 59
5 57 60
5 58 61
5 59 62
5 60 63
5 61 64
5 62 65
5 63 66
5 64 67
5 65 68
5 66 69
5 67 70
5 68 71
5 69 72
5 71 73
5 72 74
5 73 75
5 74 76
5 75 77
5 76 78
5 77 79
5 78 80
5 79 81
5 80 82
5 81 83
5 83 84
5 84 85
5 85 86
5 86 87
5 87 88
5 88 89
5 89 90
5 90 91
5 91 92
5 92 93
5 93 94
5 94 95
5 95 96
5 96 97
5 97 98
5 98 99
5 99 100
5 100 101
5 101 102
5 102 103
5 103 104
5 104 105
6 0 1
6 1 2
6 2 3
6 3 4
6 4 5
6 5 6
6 6 7
6 7 8
6 8 9
6 9 10
6 10 11
6 10 13
6 10 14
6 11 12
6 11 15
6 12 13
6 12 16
6 15 17
6 16 18
6 17 19
6 18 20
6 19 21
6 20 22
6 21 23
6 22 24
6 22 25
6 23 26
6 24 26
6 24 27
6 25 28
6 26 29
6 26 30
6 28 31
6 29 32
6 30 33
6 31 34
6 32 35
6 32 36
6 33 37
6 35 38
6 35 39
6 36 40
6 37 41
6 38 42
6 39 43
6 40 44
6 41 45
6 42 46
6 43 47
6 44 48
6 45 49
6 46 50
6 47 51
6 48 52
6 49 53
6 50 54
6 51 55
6 52 56
6 53 57
6 54 58
6 54 59
6 55 60
6 56 61
6 57 62
6 57 65
6 58 63
6 58 66
6 59 64
6 59 67
6 60 65
6 60 68
6 62 69
6 63 69
6 63 70
6 63 71
6 64 71
6 64 72
6 65 73
6 66 74
6 67 75
6 68 75
6 68 76
6 69 77
6 70 78
6 71 79
6 72 80
6 73 81
6 75 80
7 0 1
7 0 2
7 1 3
7 2 4
7 3 5
7 4 6
7 6 7
8 0 1
8 0 2
8 1 3
8 3 4
8 3 5
8 4 6
8 5 7
8 5 8
8 6 9
8 7 10
8 8 11
8 9 12
8 10 13
8 11 14
8 12 15
8 13 16
8 14 17
8 15 18
8 15 19
8 16 20
8 17 21
8 17 22
8 18 23
8 19 24
8 20 25
8 21 26
8 22 27
8 23 28
8 24 29
8 25 30
8 25 31
8 26 32
8 26 39
8 27 33
8 28 34
8 28 40
8 29 35
8 29 36
8 29 41
8 30 37
8 30 42
8 31 38
8 31 39
8 31 43
8 32 44
8 35 45
8 35 46
8 36 47
8 37 48
8 37 49
8 38 50
8 40 51
8 41 52
8 47 48
8 47 53
8 48 54
8 51 55
8 52 56
8 53 57
8 54 58
8 55 59
8 56 60
8 56 61
8 57 62
8 57 63
8 61 64
8 61 65
8 62 66
8 63 67
8 64 68
8 64 69
8 65 70
8 67 71
8 68 72
8 68 73
8 69 74
8 70 75
8 70 76
8 71 77
8 72 78
8 73 79
8 74 75
8 74 80
8 75 81
8 75 82
8 76 83
8 76 85
8 77 84
8 80 86
8 80 87
8 82 88
8 83 89
8 84 90
9 0 1
9 0 2
9 0 3
9 1 4
9 2 5
9 3 6
9 4 7
9 6 8
9 7 9
9 8 10
9 8 11
9 9 12
9 10 13
9 11 14
9 12 15
9 13 16
9 14 17
9 15 18
9 16 17
9 17 19
9 18 20
9 18 21
9 19 22
9 20 23
9 21 24
9 22 25
9 23 26
9 24 27
9 25 28
9 26 29
9 27 30
9 28 31
9 29 32
9 30 33
9 31 34
9 32 35
9 33 36
9 33 37
9 33 38
9 34 39
9 35 40
9 36 41
9 38 42
9 39 43
9 40 44
9 40 45
9 41 46
9 42 47
9 43 48
9 44 49
9 45 50
9 46 51
9 47 52
9 48 53
9 49 54
9 51 55
9 52 56
9 52 57
9 53 58
9 54 59
9 55 60
9 56 61
9 57 62
9 58 63
9 59 64
9 60 65
9 61 66
9 62 67
9 63 68
10 0 1
10 0 2
10 1 3
10 2 4
10 2 5
10 3 6
10 4 7
10 5 8
10 6 9
10 6 10
10 7 11
10 7 12
10 8 13
10 9 14
10 10 15
10 11 16
10 12 17
10 13 18
10 14 19
10 15 20
10 16 21
10 17 22
10 18 21
10 18 23
10 19 24
10 20 25
10 21 26
10 22 27
10 23 28
10 24 29
10 25 30
10 26 31
10 27 32
10 28 33
10 28 34
10 29 35
10 31 36
10 32 37
10 33 38
10 34 37
10 34 39
10 35 40
10 36 41
10 37 42
10 38 43
10 39 44
10 40 45
10 45 46
10 46 47
10 47 48
10 48 49
10 49 50
10 50 51
10 51 52
10 52 53
10 53 54
10 54 55
10 55 56
10 56 57
10 57 58
10 58 59
10 59 60
10 60 61
10 61 62
10 62 63
10 63 64
10 64 65
10 65 66
10 66 67
10 67 68
10 68 69
10 69 70
10 70 71
10 71 72
10 72 73
10 73 74
10 74 75
10 75 76
10 76 77
10 77 78
10 78 79
10 79 80
10 80 81
11 0 1
11 1 2
11 2 3
11 3 4
11 3 5
11 4 6
11 5 7
11 6 8
11 6 9
11 7 10
11 7 11
11 7 12
11 7 13
11 9 14
11 10 15
11 11 16
11 11 17
11 12 18
11 14 19
11 15 20
11 16 21
11 17 22
11 17 23
11 18 24
11 19 25
11 20 26
11 21 27
11 22 28
11 23 29
11 24 30
11 25 31
12 0 1
12 1 2
12 1 3
12 2 4
12 3 5
12 4 6
12 5 7
12 6 8
12 7 9
12 8 10
12 8 11
12 9 12
12 9 13
12 10 14
12 11 15
12 12 15
12 14 16
12 16 17
12 17 18
12 18 19
12 18 20
12 19 21
12 20 22
12 21 23
12 22 24
12 23 25
12 24 26
12 25 27
12 26 28
12 26 29
12 26 30
12 27 31
12 28 32
12 29 33
12 30 33
12 31 34
12 32 35
12 33 36
12 34 37
12 35 38
12 36 39
12 36 40
12 37 41
12 38 42
12 41 43
12 42 44
12 43 45
12 44 46
12 44 47
12 45 48
12 46 49
12 46 50
12 47 51
12 47 52
12 48 53
12 49 54
12 51 55
12 52 56
12 53 57
12 54 58
12 55 59
12 56 60
12 58 61
12 61 62
12 61 63
12 62 64
12 63 65
12 64 66
12 65 67
12 65 68
12 66 69
12 66 70
12 66 71
12 67 72
12 68 73
12 70 74
12 71 75
12 73 76
12 75 77
12 76 78
13 0 1
13 0 2
13 1 3
13 2 4
13 3 5
13 5 6
13 6 7
13 7 8
13 7 9
13 8 10
13 9 11
13 10 12
13 10 13
13 10 14
13 11 15
13 12 16
13 13 17
13 14 18
13 15 19
13 16 20
13 17 21
13 18 22
13 18 23
13 20 24
13 21 25
13 21 26
13 22 27
13 22 28
13 23 29
13 23 30
13 24 31
13 25 32
13 26 33
13 27 34
13 28 31
13 28 35
13 30 36
13 32 37
13 33 38
13 34 39
13 35 40
13 36 41
13 37 42
13 38 43
13 39 44
13 40 45
13 41 46
13 42 47
13 43 48
13 44 49
13 45 50
13 46 51
13 47 52
13 48 53
13 49 54
13 50 55
13 51 56
13 52 57
13 56 58
13 57 59
13 58 60
13 59 61
13 60 62
13 60 63
13 60 64
13 61 65
13 62 66
14 0 1
14 0 2
14 1 3
14 2 4
14 3 5
14 4 6
14 5 7
14 6 8
14 6 9
14 6 10
14 7 11
14 8 12
14 9 11
14 9 13
14 10 14
14 12 15
14 14 16
14 16 17
14 17 18
14 18 19
14 19 20
14 20 21
14 21 22
14 22 23
14 23 24
14 23 25
14 24 26
14 25 27
14 26 28
14 27 29
14 27 30
14 28 31
14 29 32
14 30 33
14 31 34
14 33 35
14 35 36
14 36 37
14 37 38
14 38 39
14 39 40
14 40 41
14 41 42
14 42 43
14 43 44
14 44 45
14 45 46
14 46 47
14 47 48
14 47 49
14 48 49
14 48 50
14 49 51
14 50 52
14 51 53
14 52 54
14 52 55
14 53 56
14 53 57
14 54 58
14 55 59
14 57 60
14 58 61
14 58 62
14 59 63
14 59 64
14 60 65
14 61 66
14 62 67
14 63 68
14 64 69
14 65 70
14 66 71
14 67 72
14 69 73
14 70 74
14 71 75
14 72 76
14 73 77
14 74 78
14 75 79
14 77 80
14 78 81
14 79 82
14 80 83
14 80 84
14 81 85
14 82 86
14 84 87
14 85 88
14 86 89
14 87 90
14 89 91
14 90 92
14 92 93
14 93 94
14 94 95
14 95 96
14 96 97
14 97 98
14 98 99
14 99 100
14 100 101
15 0 1
15 1 2
15 2 3
15 3 4
15 4 5
15 5 6
15 6 7
15 7 8
15 7 9
15 7 10
15 8 11
15 8 12
15 9 13
15 10 14
15 11 15
15 13 16
15 14 17
15 15 18
15 16 19
15 17 19
15 17 20
15 17 21
15 19 22
15 20 23
15 20 24
15 21 25
15 23 26
15 23 27
15 24 28
15 24 29
15 25 30
15 26 31
15 27 32
15 27 34
15 28 33
15 28 34
15 29 35
15 30 36
15 31 37
15 32 38
15 33 39
15 34 40
15 35 41
15 36 42
15 38 43
15 38 44
15 39 45
15 40 46
15 41 47
15 42 46
15 42 48
15 43 49
15 44 50
15 45 51
15 47 52
15 48 53
15 49 54
15 50 55
15 51 56
15 52 57
15 53 58
15 54 59
15 56 60
15 57 61
15 58 62
15 59 63
15 60 64
15 60 65
15 61 66
15 62 67
15 63 66
15 63 68
15 64 69
15 65 70
15 66 71
15 67 72
15 68 73
15 71 74
15 72 75
15 73 76
15 74 77
15 75 78
15 76 79
15 76 80
15 77 81
15 78 82
15 79 83
15 80 84
15 80 85
15 82 86
15 83 87
15 84 88
15 85 89
15 87 90
15 87 91
15 89 92
15 89 93
15 90 94
16 0 1
16 0 2
16 1 3
16 2 4
16 3 5
16 3 6
16 4 7
16 5 8
16 6 9
16 7 10
16 8 11
16 9 12
16 10 13
16 10 14
16 11 15
16 12 16
16 12 17
16 13 18
16 14 19
16 15 20
16 16 21
16 17 22
16 18 23
16 19 24
16 19 25
16 21 26
16 22 27
16 23 28
16 24 26
16 24 29
16 25 26
16 25 30
16 26 31
16 28 32
16 28 33
16 29 34
16 29 35
16 30 36
16 31 37
16 31 38
16 32 39
16 33 40
16 34 41
16 34 42
16 35 43
16 36 44
16 36 45
16 37 46
16 38 47
16 40 48
16 41 49
16 42 50
16 42 51
16 43 52
16 43 53
16 44 54
16 45 55
16 46 56
16 47 57
16 48 58
16 49 59
16 50 60
16 50 62
16 51 61
16 51 63
16 51 64
16 52 56
16 52 60
16 52 65
16 53 66
16 54 67
16 55 68
16 56 69
16 57 70
16 58 71
16 59 72
16 61 73
16 62 74
16 63 75
16 64 76
16 64 77
16 65 78
16 66 79
16 67 80
16 68 81
16 72 81
16 72 82
16 74 83
16 79 84
17 0 1
17 0 2
17 1 3
17 2 4
17 3 5
17 3 6
17 4 7
17 5 8
17 6 9
17 7 10
17 7 11
17 8 12
17 8 13
17 9 14
17 10 15
17 11 16
17 11 18
17 12 17
17 12 19
17 13 20
17 13 21
17 14 22
17 15 23
17 16 24
17 17 25
17 18 26
17 18 27
17 19 28
17 20 29
17 21 30
17 21 31
17 23 24
17 24 32
17 24 33
17 25 34
17 26 35
17 26 36
17 26 38
17 27 37
17 27 39
17 27 40
17 28 41
17 29 42
17 30 43
17 32 44
17 33 45
17 34 43
17 34 46
17 35 47
17 36 48
17 37 49
17 39 50
17 40 51
17 42 44
17 50 52
17 51 53
17 52 54
17 53 55
18 0 1
18 0 2
18 1 3
18 2 4
18 3 5
18 4 6
18 5 7
18 6 8
18 7 9
18 7 10
18 8 11
18 9 12
18 9 13
18 9 14
18 10 15
18 10 16
18 11 17
18 12 17
18 12 18
18 12 19
18 13 20
18 13 21
18 13 22
18 14 23
18 14 24
18 16 25
18 16 26
18 18 27
18 19 28
18 21 29
18 21 30
18 22 23
18 22 31
18 23 32
18 24 25
18 24 33
18 26 34
18 27 35
18 27 36
18 28 37
18 28 38
18 29 38
18 29 39
18 30 40
18 30 41
18 31 32
18 32 42
18 32 43
18 33 44
18 34 45
18 35 46
18 36 47
18 37 48
18 37 49
18 38 50
18 39 51
18 40 52
18 42 53
18 42 54
18 43 55
18 44 56
18 45 57
18 50 58
18 51 59
18 51 60
18 52 61
18 54 62
18 55 63
18 56 64
18 57 65
18 58 66
18 61 67
18 62 68
18 65 69
18 67 70
18 68 71
18 69 72
18 69 73
18 70 74
18 71 75
18 71 76
18 72 77
18 72 78
18 73 79
18 74 80
18 74 81
18 75 82
18 76 83
18 76 84
18 77 85
18 78 86
18 79 87
18 80 88
18 81 89
18 82 90
18 83 91
18 84 92
18 85 93
18 86 94
18 87 95
18 88 96
18 88 97
18 89 98
18 90 99
18 91 100
18 92 93
18 92 101
18 93 102
18 94 103
18 94 104
18 98 105
18 99 106
18 100 107
18 100 108
18 100 109
18 101 110
18 102 110
18 103 111
18 104 112
18 105 113
18 106 114
18 107 115
18 108 116
18 108 117
18 109 118
18 110 119
18 111 120
18 112 113
18 112 121
18 115 122
18 116 123
18 117 124
18 118 125
18 119 126
18 120 127
18 121 128
18 121 129
18 121 130
18 122 131
18 124 132
18 125 133
18 126 134
18 128 135
18 129 136
18 130 137
18 130 138
18 133 139
18 134 140
18 135 141
18 136 142
19 0 1
19 1 2
19 1 3
19 2 4
19 3 5
19 3 6
19 3 7
19 4 8
19 4 9
19 5 10
19 5 11
19 6 12
19 7 13
19 8 14
19 8 15
19 9 16
19 10 17
19 11 15
19 11 18
19 14 19
19 14 20
19 15 21
19 15 22
19 16 23
19 17 24
19 19 25
19 20 26
19 20 27
19 21 28
19 21 29
19 22 30
19 22 31
19 22 32
19 24 33
19 25 34
19 26 35
19 26 36
19 27 37
19 29 38
19 30 39
19 31 40
19 31 41
19 31 42
19 32 43
19 33 44
19 36 45
19 37 46
19 38 47
19 40 48
19 41 49
19 41 50
19 42 51
19 43 52
19 45 53
19 46 49
19 46 54
19 46 55
19 47 56
19 47 57
19 47 58
19 48 59
19 49 51
19 49 60
19 51 61
19 52 62
19 53 63
19 55 64
19 56 65
19 57 66
19 57 67
19 58 68
19 66 69
20 0 1
20 0 2
20 0 3
20 1 4
20 1 5
20 2 6
20 3 7
20 4 8
20 5 9
20 6 10
20 7 11
20 8 12
20 9 13
20 10 14
20 11 13
20 11 15
20 12 16
20 13 17
20 14 18
20 14 19
20 15 20
20 16 21
20 17 22
20 17 23
20 18 24
20 19 25
20 20 26
20 21 27
20 22 28
20 23 29
20 24 30
20 26 31
20 27 28
20 27 32
20 28 33
20 29 34
20 29 35
20 30 47
20 32 36
20 33 37
20 35 38
20 36 39
20 37 40
20 37 41
20 37 42
20 37 48
20 38 43
20 38 49
20 38 50
20 39 44
20 39 51
20 40 45
20 41 46
20 41 52
20 42 47
20 42 53
20 43 49
20 43 54
20 44 55
20 45 56
20 46 57
20 47 58
20 48 59
20 48 60
20 49 61
20 50 62
20 50 63
20 55 64
20 56 65
20 57 66
20 59 67
20 60 68
20 61 69
20 62 70
20 63 66
20 63 71
20 64 72
20 68 73
20 69 74
20 70 74
21 0 1
21 0 2
21 1 3
21 1 4
21 2 5
21 3 5
21 4 6
21 4 7
21 4 8
21 5 9
21 6 10
21 7 11
21 8 12
21 9 13
21 10 14
21 11 15
21 12 16
21 13 17
21 14 18
21 15 19
21 16 20
21 17 21
21 18 22
21 19 23
21 22 24
21 23 25
21 24 26
21 25 27
21 26 28
21 26 29
21 27 30
21 28 31
21 29 32
21 31 33
21 32 34
21 33 35
21 34 36
21 35 37
21 36 38
21 37 39
21 38 40
21 39 41
21 40 42
21 41 43
21 42 44
21 44 45
21 45 46
21 46 47
21 47 48
21 48 49
21 48 50
21 48 51
21 49 52
21 50 53
21 51 54
21 52 55
21 52 56
21 53 57
21 54 58
21 55 59
21 56 60
21 60 61
21 61 62
21 61 63
21 62 64
21 63 65
21 64 66
21 66 67
21 67 68
21 68 69
22 0 1
22 1 2
22 1 3
22 2 4
22 3 5
22 3 8
22 4 6
22 4 7
22 4 9
22 5 10
22 6 11
22 7 12
22 7 13
22 8 14
22 9 15
22 10 16
22 10 17
22 11 18
22 12 14
22 12 19
22 13 20
22 14 21
22 15 22
22 16 23
22 17 24
22 18 25
22 19 26
22 19 27
22 21 28
22 23 29
22 25 30
22 26 31
22 27 32
22 28 33
22 29 34
22 30 35
22 32 36
22 33 37
22 34 38
22 35 39
22 36 40
22 37 41
22 39 42
22 40 43
22 40 44
22 41 45
22 41 46
22 42 47
22 43 48
22 43 49
22 44 50
22 44 51
22 45 50
22 45 52
22 45 53
22 46 54
22 46 55
22 47 56
22 49 57
22 50 58
22 51 59
22 52 60
22 56 61
22 57 62
22 58 63
22 59 64
22 60 65
22 61 66
23 0 1
23 0 2
23 0 3
23 1 4
23 2 5
23 2 6
23 3 7
23 3 8
23 4 9
23 6 10
23 7 11
23 8 12
23 8 13
23 9 11
23 9 14
23 10 15
23 11 14
23 12 16
23 13 17
23 13 18
23 14 19
23 15 20
23 16 21
23 17 22
23 18 23
23 19 24
23 20 25
23 21 26
23 22 27
23 23 24
23 23 28
23 24 28
23 24 29
23 25 30
23 26 31
23 27 32
23 28 33
23 28 34
23 29 35
23 30 36
23 31 37
23 32 38
23 33 39
23 34 40
23 35 41
23 36 42
23 36 43
23 37 44
23 37 45
23 38 46
23 40 47
23 41 48
23 42 49
23 43 50
23 44 51
23 45 52
23 46 53
23 47 54
23 48 55
23 48 56
23 49 57
23 49 58
23 49 59
23 50 60
23 51 61
23 52 62
23 52 63
23 53 64
23 54 65
23 55 66
23 56 67
23 57 68
23 59 69
23 60 70
23 61 71
23 62 72
23 63 73
23 65 74
23 66 75
23 67 76
23 68 77
23 69 78
23 70 79
23 70 80
23 71 81
23 73 82
23 74 83
23 75 84
23 76 85
23 77 78
23 77 86
23 78 87
23 79 88
23 80 89
23 80 90
23 81 91
23 82 92
23 87 92
23 91 93
23 92 94
23 93 95
23 94 96
23 95 97
23 97 98
24 0 1
24 0 2
24 1 3
24 2 4
24 3 5
24 3 6
24 3 7
24 4 8
24 5 9
24 6 10
24 7 11
24 8 12
24 9 13
24 10 14
24 11 15
24 12 16
24 13 17
24 14 18
24 15 19
24 18 20
24 19 21
24 20 22
24 21 23
24 22 24
24 24 25
24 25 26
24 26 27
24 27 28
24 28 29
24 29 30
24 30 31
24 31 32
24 32 33
24 33 34
24 34 35
24 34 36
24 34 37
24 34 38
24 35 39
24 36 40
24 37 41
24 38 42
24 39 43
24 40 44
24 42 45
24 43 46
24 44 47
24 45 48
24 46 49
24 47 50
24 48 51
24 49 52
24 52 53
24 53 54
24 54 55
24 55 56
24 56 57
24 57 58
24 58 59
24 59 60
24 60 61
24 61 62
24 62 63
24 63 64
24 64 65
24 65 66
24 66 67
25 0 1
25 0 2
25 0 3
25 1 4
25 1 5
25 2 6
25 3 7
25 4 8
25 5 9
25 6 10
25 7 11
25 8 12
25 9 13
25 10 14
25 11 15
26 0 1
26 0 2
26 1 3
26 1 4
26 2 5
26 3 6
26 4 7
26 5 8
26 6 9
26 7 10
26 7 11
26 7 12
26 8 13
26 9 14
26 10 15
26 11 16
26 12 17
26 13 18
26 14 19
26 15 20
26 16 21
26 17 22
26 17 23
26 18 24
26 19 25
26 19 26
26 20 27
26 21 28
26 22 29
26 23 27
26 23 30
26 24 31
26 24 32
26 25 33
26 26 34
26 27 35
26 28 36
26 29 37
26 30 38
26 31 39
26 31 40
26 32 41
26 39 42
26 40 43
26 40 44
26 41 45
26 41 46
26 43 47
26 44 48
26 45 49
26 46 50
26 47 51
26 47 52
26 48 53
26 49 54
26 50 55
26 54 56
26 56 57
26 57 58
26 58 59
27 0 1
27 0 2
27 0 3
27 1 4
27 1 5
27 2 6
27 3 7
27 3 9
27 4 8
27 4 10
27 5 11
27 5 12
27 6 13
27 7 14
27 8 15
27 9 16
27 10 14
27 10 17
27 11 18
27 12 19
27 13 20
27 14 21
27 19 22
27 19 23
27 20 24
27 21 25
27 22 26
27 23 27
27 24 28
27 25 29
27 27 30
27 28 31
27 29 32
27 30 33
27 30 34
27 31 35
27 31 36
27 36 37
27 37 38
27 38 39
27 39 40
27 40 41
27 41 42
27 42 43
27 42 44
27 43 45
27 45 46
27 46 47
27 47 48
27 48 49
27 49 50
27 50 51
28 0 1
28 0 2
28 1 3
28 2 4
28 3 5
28 4 6
28 5 7
28 6 8
28 7 9
28 8 10
28 9 11
28 10 12
28 11 13
28 12 14
28 13 15
28 14 16
28 15 17
28 15 18
28 16 19
28 17 20
28 18 21
28 19 22
28 20 23
28 21 24
28 22 25
28 23 26
28 24 27
29 0 1
29 0 2
29 0 3
29 1 4
29 2 5
29 3 6
29 4 7
29 5 8
29 7 9
29 8 10
29 9 11
29 10 12
29 11 13
29 12 14
29 12 15
29 13 16
29 14 17
29 15 18
29 16 19
29 17 20
29 17 21
29 18 22
29 19 23
29 20 24
29 21 25
29 22 26
29 23 27
29 24 28
29 24 29
29 25 30
29 26 31
29 27 32
29 28 33
29 29 34
29 30 35
29 30 36
29 31 37
29 32 38
29 33 39
29 34 40
29 35 41
29 36 42
29 37 43
29 38 44
29 39 45
29 41 46
29 42 47
29 43 48
29 44 49
29 45 50
29 46 51
29 47 51
29 48 52
29 49 53
29 50 54
29 51 55
29 52 56
29 53 57
29 54 58
29 55 59
29 56 60
29 57 61
29 58 62
29 59 63
29 60 64
29 62 65
29 63 66
29 64 67
29 65 68
29 66 69
29 68 70
29 69 71
30 0 1
30 0 2
30 1 3
30 2 4
30 3 5
30 4 6
30 5 7
30 5 8
30 6 9
30 7 10
30 8 11
30 10 12
30 11 13
30 11 14
30 11 15
30 12 16
30 13 17
30 14 18
30 15 19
30 16 20
30 16 21
30 17 22
30 18 23
30 19 22
30 19 24
30 20 25
30 21 26
30 25 27
30 26 28
30 26 29
30 27 30
30 28 31
30 30 32
30 31 33
30 32 34
30 32 35
30 33 36
30 33 37
30 34 38
30 35 39
30 36 40
30 36 41
30 37 42
30 38 43
30 39 44
30 40 45
30 41 46
30 42 47
30 43 48
30 44 49
30 44 50
30 45 51
30 46 52
30 47 53
30 50 54
30 51 55
30 52 56
30 55 57
30 56 58
30 57 59
30 58 60
30 59 61
30 60 62
30 62 63
31 0 1
31 0 2
31 1 3
31 2 4
31 3 5
31 4 6
31 5 7
31 7 8
31 7 9
31 8 10
31 8 11
31 9 12
31 10 13
31 11 14
31 12 14
31 12 15
31 13 16
31 14 17
31 15 18
31 16 19
31 17 20
31 18 21
31 19 22
31 20 23
31 22 24
31 23 25
31 24 26
31 25 27
31 26 28
31 27 29
31 27 30
31 27 31
31 28 32
31 29 33
31 30 34
31 31 35
31 32 36
31 33 37
31 34 38
31 35 39
31 36 40
31 36 41
31 37 42
31 38 43
31 39 44
31 40 45
31 41 46
31 42 47
31 44 48
31 45 49
31 46 50
31 47 51
31 48 52
31 49 53
31 52 54
31 53 55
31 54 56
32 0 1
32 0 2
32 0 3
32 1 4
32 2 5
32 2 6
32 3 7
32 4 8
32 4 10
32 4 11
32 5 9
32 5 12
32 6 13
32 7 14
32 8 15
32 9 16
32 9 17
32 10 15
32 10 18
32 11 19
32 12 20
32 13 21
32 14 22
32 14 23
32 14 24
32 15 23
32 15 25
32 16 26
32 17 27
32 17 28
32 17 29
32 18 30
32 23 31
32 23 32
33 0 1
33 0 2
33 1 3
33 2 4
33 2 5
33 3 6
33 4 7
33 4 8
33 5 9
33 5 10
33 6 11
33 7 12
33 7 13
33 8 14
33 9 15
33 12 16
33 13 17
33 14 18
33 15 19
33 15 20
33 16 21
33 18 22
33 19 23
33 20 24
33 21 25
33 22 26
33 23 27
33 23 28
33 24 29
33 25 30
33 26 31
33 27 32
33 28 33
33 29 34
33 30 35
33 31 36
33 35 37
33 36 38
33 37 39
33 38 40
33 39 41
33 40 42
34 0 1
34 0 2
34 1 3
34 1 4
34 2 5
34 3 6
34 4 7
34 5 8
34 6 9
34 7 10
34 7 11
34 8 12
34 9 13
34 10 14
34 11 15
34 12 16
34 13 17
34 14 18
34 15 19
34 16 20
34 17 21
34 18 22
34 19 23
34 19 24
34 20 25
34 21 26
34 22 26
34 22 27
34 23 28
34 23 29
34 24 30
34 24 31
34 26 32
34 27 32
34 27 33
34 30 34
34 31 35
34 32 36
34 32 37
34 36 38
34 36 39
34 37 38
34 38 40
34 38 41
34 39 42
34 40 43
34 40 44
34 41 45
34 42 46
34 43 47
34 44 48
34 45 49
34 46 50
34 47 51
34 51 52
34 52 53
34 53 54
34 54 55
34 55 56
34 56 57
34 57 58
35 0 1
35 0 2
35 1 3
35 2 4
35 3 5
35 4 6
35 4 7
35 5 7
35 5 8
35 6 9
35 7 10
35 8 9
35 9 11
35 10 12
35 11 13
35 13 14
35 14 15
35 15 16
35 15 17
35 15 18
35 15 19
35 15 20
35 16 21
35 17 22
35 19 23
35 20 24
35 21 25
35 22 26
35 22 27
35 23 28
35 26 29
35 27 30
35 30 31
35 31 32
35 32 33
35 32 34
35 33 35
35 34 36
35 35 37
35 36 38
35 37 39
35 38 40
35 39 41
35 40 42
35 41 43
35 42 44
35 44 45
35 45 46
35 46 47
35 47 48
35 48 49
35 49 50
35 50 51
35 51 52
35 52 53
35 53 54
35 54 55
35 55 56
35 56 57
35 57 58
35 57 59
35 58 60
35 59 61
35 60 62
35 62 63
35 62 64
35 63 65
35 63 66
35 64 67
35 66 68
35 66 69
35 67 70
35 68 71
35 69 72
35 70 73
35 71 74
35 73 75
35 74 76
35 75 77
35 76 78
35 77 79
35 78 80
35 79 81
35 80 82
35 82 83
35 83 84
35 84 85
35 84 86
35 85 87
35 86 88
35 87 89
35 88 90
35 89 91
35 90 92
35 90 93
35 91 94
35 91 95
35 92 96
35 93 97
35 94 98
35 95 99
35 96 100
35 99 101
35 100 102
35 101 103
35 102 104
35 103 105
35 104 106
36 0 1
36 0 2
36 1 3
36 2 4
36 3 5
36 4 6
36 5 7
36 5 8
36 6 9
36 7 10
36 7 11
36 8 12
36 8 13
36 9 14
36 9 15
36 10 16
36 11 17
36 12 18
36 13 19
36 14 20
36 15 21
36 15 22
36 16 23
36 16 24
36 17 25
36 18 26
36 18 27
36 18 28
36 18 29
36 19 30
36 20 31
36 20 32
36 21 33
36 21 34
36 22 32
36 23 35
36 24 36
36 25 37
36 25 38
36 28 39
36 28 40
36 29 41
36 30 42
36 31 36
36 31 43
36 32 38
36 32 44
36 32 45
36 33 46
36 35 47
36 35 48
36 35 49
36 36 40
36 36 50
36 37 51
36 38 51
36 38 52
36 38 53
36 39 54
36 41 55
36 43 56
36 43 57
36 45 58
36 46 59
36 47 60
36 48 61
36 49 62
36 50 63
36 52 65
36 53 64
36 54 56
36 54 66
36 55 67
36 56 68
36 57 69
36 58 70
36 59 71
36 59 72
36 60 73
36 61 75
36 62 74
36 62 76
36 63 64
36 63 77
36 64 78
36 65 79
36 66 80
36 66 81
36 67 82
36 70 84
36 71 83
36 77 85
36 78 86
36 79 87
36 80 88
36 81 89
36 84 90
36 84 91
36 85 92
36 86 93
36 86 94
36 88 93
37 0 1
37 0 2
37 1 3
37 1 4
37 1 5
37 1 6
37 2 7
37 3 8
37 4 9
37 5 10
37 6 11
37 7 12
37 8 13
37 9 14
37 10 13
37 10 15
37 11 16
37 12 17
37 13 18
37 14 19
37 15 20
37 15 21
37 16 22
37 17 23
37 18 24
37 18 25
37 19 26
37 20 27
37 21 28
37 22 26
37 26 29
37 27 30
37 28 31
37 28 32
37 29 33
37 30 34
37 31 35
37 34 36
37 35 37
37 36 38
37 37 39
37 39 40
37 40 41
37 41 42
37 42 43
37 43 44
37 44 45
37 45 46
37 46 47
37 47 48
37 48 49
37 49 50
37 50 51
37 51 52
38 0 1
38 0 2
38 1 3
38 2 4
38 2 5
38 3 6
38 3 7
38 4 8
38 4 9
38 5 10
38 5 11
38 6 12
38 8 13
38 9 14
38 10 15
38 11 16
38 12 17
38 13 18
38 14 19
38 15 20
38 16 21
38 17 22
38 18 23
38 19 24
38 20 25
38 21 26
38 22 27
38 22 28
38 23 29
38 24 30
38 24 31
38 25 32
38 25 33
38 27 34
38 28 35
38 29 36
38 30 37
38 31 38
38 32 39
38 33 40
38 34 41
38 35 42
38 36 43
38 37 44
38 38 45
38 39 46
38 40 47
38 40 48
38 40 49
38 41 50
38 42 45
38 45 51
38 46 52
38 52 53
38 53 54
38 54 55
38 55 56
38 56 57
38 57 58
38 58 59
38 59 60
38 60 61
38 61 62
38 62 63
38 63 64
38 64 65
38 65 66
38 66 67
38 67 68
38 68 69
38 69 70
38 70 71
38 71 72
38 72 73
38 73 74
38 74 75
38 75 76
38 76 77
39 0 1
39 0 2
39 1 3
39 2 4
39 3 5
39 4 6
39 5 7
39 6 8
39 7 9
39 8 10
39 9 11
39 10 12
39 11 13
39 12 14
39 13 15
39 13 16
39 14 17
39 15 18
39 15 19
39 16 20
39 17 21
39 18 22
39 19 23
39 20 24
39 23 25
39 24 26
39 25 27
39 26 28
39 27 29
39 28 30
39 29 31
39 29 32
39 29 33
39 31 34
39 32 35
39 32 36
39 33 37
39 34 38
39 35 39
39 35 40
39 36 41
39 37 42
39 38 42
39 39 43
39 40 44
39 41 45
39 42 46
39 43 47
39 45 48
39 46 49
39 47 50
39 48 51
39 48 52
39 49 53
39 50 54
39 51 55
39 52 56
39 53 57
39 54 58
39 55 59
39 57 60
39 57 61
39 58 62
39 59 63
40 0 1
40 0 2
40 1 3
40 2 4
40 3 5
40 4 6
40 5 7
40 6 8
40 7 9
40 7 14
40 8 10
40 8 15
40 9 11
40 9 15
40 10 12
40 10 16
40 11 13
40 11 17
40 12 14
40 12 18
40 13 19
40 14 20
40 15 21
40 16 22
40 17 23
40 18 21
40 18 24
40 18 25
40 19 26
40 20 27
40 22 27
40 25 28
40 26 29
40 27 30
40 28 31
40 29 32
40 29 33
40 30 34
40 31 35
40 33 36
40 34 37
40 35 37
40 35 38
40 36 39
40 37 40
40 38 41
40 39 42
40 40 43
40 42 44
40 43 45
40 44 46
40 45 47
40 46 48
40 47 49
40 48 50
40 49 51
40 50 52
40 51 53
40 52 54
40 53 55
40 54 56
40 55 57
40 56 58
40 57 59
40 58 60
40 59 61
40 60 62
40 61 62
40 61 63
40 62 64
40 63 65
40 63 66
40 64 67
40 64 68
40 65 69
40 66 70
40 67 71
40 67 72
40 69 73
40 70 74
40 71 75
40 72 76
40 73 77
40 76 78
40 78 79
40 79 80
41 0 1
41 1 2
41 1 3
41 2 4
41 3 5
41 4 6
41 5 7
41 5 8
41 6 9
41 7 10
41 8 11
41 9 12
41 9 13
41 9 14
41 10 15
41 11 16
41 11 17
41 12 18
41 12 19
41 13 20
41 13 21
41 15 22
41 16 23
41 18 24
41 18 25
41 20 26
41 20 27
41 21 28
41 23 29
41 24 29
41 26 30
41 27 31
41 28 32
41 28 33
41 29 34
41 30 35
41 31 36
41 32 37
41 33 38
41 34 39
41 35 40
41 36 41
41 37 42
41 38 43
41 39 44
41 40 45
41 43 46
41 44 47
41 44 56
41 45 48
41 46 49
41 46 57
41 47 50
41 48 51
41 48 58
41 49 52
41 49 53
41 50 54
41 50 55
41 50 59
41 51 60
41 52 61
41 52 62
41 53 56
41 53 63
41 53 64
41 56 65
41 57 66
41 58 67
41 59 68
41 62 69
41 63 70
42 0 1
42 0 2
42 1 3
42 2 4
42 3 5
42 4 6
42 5 7
42 5 8
42 6 9
42 6 10
42 7 11
42 8 12
42 9 13
42 10 14
42 11 15
42 12 16
42 12 17
42 13 18
42 18 19
42 19 20
42 20 21
42 21 22
42 22 23
42 23 24
42 23 25
42 24 26
42 25 27
42 26 28
42 27 29
42 27 30
42 29 31
42 30 32
42 31 33
42 32 34
42 33 35
42 34 36
42 35 37
42 36 38
42 37 39
42 38 40
42 39 41
42 40 42
42 41 43
42 42 44
42 43 45
42 43 46
42 45 47
42 46 48
42 47 49
42 48 50
42 49 51
42 50 52
42 51 53
42 52 54
42 54 55
42 55 56
42 56 57
42 57 58
42 58 59
42 59 60
43 0 1
43 0 2
43 1 3
43 2 4
43 3 5
43 5 6
43 6 7
43 7 8
43 8 9
43 9 10
43 10 11
43 11 12
43 11 13
43 11 14
43 12 15
43 13 16
43 15 17
43 16 18
43 17 19
43 18 20
43 19 21
43 20 22
43 21 22
43 21 23
43 22 24
43 23 25
43 24 26
43 25 27
43 26 28
43 27 29
43 27 30
43 27 31
43 28 32
43 29 33
43 30 34
43 31 35
43 31 36
43 32 37
43 33 38
43 34 39
43 35 40
43 37 41
43 38 42
43 39 43
43 40 44
43 40 45
43 41 46
43 42 47
43 43 48
43 44 49
43 45 50
43 47 51
43 48 52
43 49 53
43 50 54
43 51 55
43 52 56
43 53 57
43 54 58
43 55 59
43 56 60
43 57 61
43 59 62
43 60 63
43 62 64
43 64 65
44 0 1
44 0 2
44 1 3
44 3 4
44 4 5
44 4 6
44 4 7
44 4 8
44 5 9
44 5 10
44 6 11
44 7 12
44 8 13
44 8 14
44 10 15
44 12 16
44 13 17
44 14 18
44 16 19
44 17 20
44 18 21
44 19 22
44 20 23
44 21 24
45 0 1
45 0 2
45 1 3
45 2 4
45 3 5
45 4 6
45 5 7
45 6 8
45 7 9
45 9 10
45 10 11
45 11 12
45 12 13
45 13 14
45 14 15
45 15 16
45 16 17
45 17 18
45 18 19
45 18 22
45 19 20
45 19 21
45 19 23
45 20 24
45 20 25
45 21 26
45 22 27
45 23 28
45 24 29
45 25 30
45 26 31
45 27 30
45 27 32
45 28 33
45 29 34
45 30 35
45 31 36
45 32 37
45 33 38
45 34 39
45 35 40
45 36 41
45 37 42
45 38 43
45 39 42
45 40 44
45 41 45
45 43 46
45 43 47
45 44 48
45 45 49
45 46 50
45 47 51
45 48 52
45 49 53
45 51 54
45 52 55
45 53 56
45 56 57
45 57 58
45 58 59
45 59 60
45 60 61
45 61 62
45 62 63
46 0 1
46 1 2
46 2 3
46 3 4
46 4 5
46 5 6
46 6 7
46 7 8
46 8 9
46 9 10
46 10 11
46 11 12
46 12 13
46 13 14
46 14 15
46 15 16
46 16 17
46 17 18
46 18 19
46 19 20
46 20 21
46 21 22
46 22 23
46 23 24
46 24 25
46 25 26
46 26 27
46 27 28
46 28 29
46 29 30
46 30 31
46 31 32
46 32 33
46 32 34
46 32 35
46 33 36
46 34 37
46 35 38
46 36 39
46 37 40
46 38 41
46 39 42
46 40 43
46 42 44
46 43 45
46 43 46
46 44 47
46 45 48
46 46 49
46 47 50
46 48 51
46 50 52
46 51 53
46 52 54
46 53 55
46 53 56
46 54 57
46 55 58
46 56 59
46 57 60
46 58 61
46 59 62
46 60 63
46 61 64
46 62 65
46 64 66
46 64 67
46 64 68
46 65 69
46 66 70
46 67 71
46 68 72
46 69 73
46 69 74
46 71 75
46 71 76
46 72 77
46 73 78
46 75 79
46 76 80
46 77 81
46 78 82
46 79 83
46 80 84
46 81 85
46 82 86
46 83 87
46 84 88
46 85 89
46 86 90
46 87 91
46 88 92
46 89 93
46 92 94
47 0 1
47 1 2
47 1 3
47 1 4
47 1 5
47 2 6
47 3 7
47 4 8
47 5 9
47 6 10
47 7 11
47 8 10
47 8 12
47 9 11
47 9 13
47 11 14
47 12 15
47 13 16
47 14 17
47 15 18
47 16 19
47 17 20
47 19 21
47 21 22
47 22 23
47 23 24
47 24 25
47 25 26
47 26 27
47 27 28
47 28 29
47 29 30
47 30 31
47 31 32
47 32 33
47 32 34
47 33 35
47 33 36
47 34 37
47 35 38
47 36 39
47 37 40
47 38 41
47 39 42
47 40 43
47 40 44
47 41 45
47 42 46
47 43 46
47 43 47
47 43 48
47 44 49
47 45 50
47 46 51
47 48 52
47 49 53
47 50 54
47 51 55
47 52 56
47 52 57
47 54 58
47 55 59
47 56 60
47 57 61
47 58 62
47 58 63
47 58 64
47 60 65
47 61 66
47 62 67
47 63 68
47 64 69
48 0 1
48 1 2
48 1 3
48 2 4
48 3 5
48 4 6
48 5 7
48 6 8
48 7 9
48 8 10
48 8 11
48 9 12
48 10 13
48 11 14
48 12 15
48 14 16
48 15 17
48 15 18
48 16 19
48 17 20
48 19 21
48 20 22
48 21 23
48 22 24
48 23 25
48 23 26
48 25 27
48 25 28
48 26 29
48 27 30
48 28 31
48 29 32
48 29 33
48 30 34
48 31 35
48 32 36
48 35 37
48 36 38
48 37 39
48 38 40
48 40 41
48 41 42
48 42 43
48 43 44
48 44 45
48 45 46
48 46 47
48 47 48
48 48 49
48 49 50
48 50 51
48 51 52
48 52 53
48 53 54
48 54 55
48 55 56
48 56 57
48 57 58
48 58 59
48 59 60
48 60 61
48 61 62
48 62 63
48 63 64
48 64 65
48 65 66
48 66 67
48 67 68
48 68 69
48 69 70
48 69 71
48 69 72
48 70 71
48 70 73
48 71 74
48 72 75
48 74 76
48 74 77
48 75 78
48 76 79
48 77 80
48 78 81
48 79 82
48 80 83
48 81 84
48 82 85
48 83 86
48 84 87
48 85 88
48 86 89
48 87 90
48 89 91
48 90 92
48 92 93
48 93 94
48 94 95
49 0 1
49 0 2
49 1 3
49 2 4
49 3 5
49 4 6
49 5 7
49 6 8
49 7 9
49 8 10
49 9 11
49 10 12
49 11 13
49 12 14
49 13 15
49 14 16
49 15 17
49 16 18
49 16 19
49 16 20
49 16 21
49 17 22
49 18 23
49 19 24
49 20 22
49 21 25
49 22 26
49 23 27
49 24 28
49 26 29
49 27 30
49 27 31
49 27 32
49 28 33
49 29 34
49 30 35
49 31 36
49 33 37
49 34 38
49 35 39
49 36 40
49 37 41
49 38 42
49 39 43
49 39 44
49 40 45
49 41 46
49 42 47
49 42 48
49 43 49
49 44 50
49 45 51
49 45 52
49 46 53
49 46 54
49 47 55
49 47 56
49 48 57
49 49 58
49 50 59
49 52 60
49 53 61
49 54 58
49 54 62
49 56 63
49 57 64
49 58 65
49 59 66
49 60 67
49 61 68
49 62 69
49 63 70
49 64 71
49 64 72
49 65 73
49 66 74
49 68 75
49 69 76
49 69 77
49 70 78
50 0 1
50 0 2
50 1 3
50 2 4
50 3 5
50 4 6
50 5 7
50 6 8
50 7 9
51 0 1
51 0 2
51 1 3
51 2 4
51 3 5
51 4 6
51 4 7
51 5 8
51 5 9
51 6 10
51 8 11
51 9 12
51 10 12
51 11 13
51 12 14
51 13 15
51 14 16
51 15 17
51 15 18
51 16 19
51 18 20
51 19 21
51 20 22
51 20 23
51 21 24
51 22 25
51 23 26
51 23 28
51 24 27
51 24 28
51 25 29
51 26 30
51 27 31
51 28 31
51 31 32
52 0 1
52 0 2
52 1 3
52 2 4
52 3 5
52 4 6
52 5 7
52 6 8
52 7 9
52 8 10
52 9 11
52 10 11
52 10 12
52 11 13
52 12 14
52 13 15
52 14 16
52 15 17
52 16 18
52 17 19
52 18 20
52 19 21
52 20 22
52 21 23
52 22 24
52 23 25
52 24 26
52 26 27
52 27 28
52 28 29
52 29 30
52 30 31
52 31 32
52 32 33
52 32 34
52 33 35
52 34 36
52 35 37
52 37 38
52 38 39
52 39 40
52 40 41
52 41 42
52 42 43
52 43 44
52 44 45
52 45 46
52 46 47
52 47 48
52 48 49
52 49 50
52 50 51
52 51 52
52 52 53
52 53 54
53 0 1
53 0 2
53 1 3
53 2 4
53 4 5
53 4 6
53 5 7
53 6 8
53 7 9
53 8 10
53 9 11
53 10 12
53 11 13
53 12 14
53 13 15
53 13 16
53 14 17
53 15 18
53 16 19
53 18 20
53 19 21
53 20 22
53 21 23
53 22 24
53 23 25
53 24 26
53 25 27
53 25 28
53 26 29
53 27 30
53 28 31
53 29 32
53 30 33
53 31 34
53 32 35
53 32 36
53 34 37
53 35 38
53 36 39
53 37 40
53 37 41
53 38 42
53 39 43
53 40 44
53 40 45
53 41 46
53 42 47
53 44 48
53 45 49
53 47 50
53 48 51
53 48 52
53 49 53
53 50 54
53 52 55
53 53 56
53 55 57
53 56 58
53 57 59
53 58 60
53 59 61
53 60 62
53 61 63
53 62 64
53 63 65
53 64 66
53 65 67
53 66 68
53 67 69
53 68 70
53 69 71
53 70 72
53 71 73
53 72 74
53 74 75
53 75 76
53 76 77
53 77 78
53 78 79
53 78 80
54 0 1
54 0 2
54 1 3
54 2 4
54 3 5
54 5 6
54 6 7
54 6 8
54 7 9
54 7 10
54 8 11
54 9 12
54 10 12
54 11 13
54 12 14
54 13 15
54 14 16
54 15 17
54 16 18
54 16 19
54 17 20
54 18 21
54 19 22
54 20 23
54 21 24
54 22 25
54 23 26
54 24 27
54 25 28
54 26 29
55 0 1
55 0 2
55 1 3
55 2 4
55 3 5
55 4 6
55 5 7
55 6 8
55 7 9
55 8 10
55 9 11
55 10 12
55 11 13
55 12 14
55 13 15
55 14 16
55 14 17
55 15 18
55 16 19
55 18 20
55 19 21
55 20 22
55 21 23
55 22 24
55 23 25
55 24 26
55 25 27
55 26 28
55 26 29
55 27 30
55 28 31
55 29 32
55 29 33
55 30 34
55 32 35
55 33 36
55 35 37
55 36 38
55 37 39
55 38 40
55 39 41
55 39 43
55 40 42
55 40 44
55 41 43
55 42 45
55 44 46
55 44 47
55 45 48
55 46 49
55 47 50
55 48 51
55 49 52
55 49 53
55 49 54
55 52 55
55 53 56
55 53 57
55 53 58
55 54 59
55 55 60
55 56 61
56 0 1
56 0 2
56 1 3
56 2 4
56 3 5
56 4 6
56 5 7
56 6 8
56 6 9
56 7 10
56 8 11
56 9 12
56 10 13
56 11 14
56 12 15
56 13 16
56 14 17
56 15 18
56 16 19
56 17 20
56 18 21
56 19 22
56 20 23
56 21 24
56 22 25
56 24 26
56 25 27
56 26 28
56 27 29
56 28 30
56 29 31
56 30 32
56 31 33
56 32 34
56 33 35
56 34 36
56 35 37
56 36 38
56 37 39
56 38 40
56 39 41
56 40 42
56 41 43
56 42 44
56 43 45
56 44 46
56 44 47
56 45 48
56 45 49
56 45 50
56 46 51
56 46 52
56 49 53
56 50 54
56 52 55
56 54 56
56 55 57
57 0 1
57 0 2
57 1 3
57 2 4
57 3 5
57 4 6
57 5 7
57 5 8
57 6 9
57 7 10
57 8 11
57 9 12
57 10 13
57 11 14
57 12 15
57 13 16
57 14 17
57 15 18
57 16 19
57 18 20
57 19 21
57 20 22
57 21 23
57 22 24
57 22 25
57 23 26
57 23 27
57 24 28
57 25 29
57 26 30
57 29 31
57 30 32
57 31 33
57 32 34
57 33 35
57 34 36
57 35 37
57 36 38
57 37 39
57 38 40
57 38 41
57 39 42
57 40 43
57 41 44
57 41 45
57 43 46
57 44 47
57 45 48
57 46 49
58 0 1
58 0 2
58 1 3
58 1 4
58 1 5
58 2 6
58 3 7
58 4 8
58 5 9
58 6 10
58 7 11
58 7 12
58 8 13
58 9 14
58 11 15
58 12 16
58 13 17
58 14 18
58 14 19
58 14 20
58 15 21
58 16 22
58 16 23
58 17 24
58 17 25
58 18 26
58 19 27
58 20 28
58 22 29
58 22 30
58 23 31
58 23 32
58 24 33
58 26 28
58 28 34
58 29 35
58 30 36
58 31 37
58 32 38
58 33 39
58 34 40
58 35 41
58 36 42
58 37 42
58 37 43
58 37 44
58 39 45
58 40 46
58 41 47
58 42 48
58 43 49
58 44 50
58 46 51
58 47 52
58 47 53
58 48 54
58 48 55
58 49 56
58 50 57
58 51 58
58 52 59
58 53 60
58 54 61
58 55 62
58 56 63
58 57 64
58 57 65
58 58 63
58 58 66
58 59 65
58 60 67
58 61 68
58 62 69
58 63 70
58 65 71
58 66 72
58 69 73
58 70 74
58 71 75
58 75 76
58 75 77
58 76 78
58 77 79
58 78 80
58 79 81
58 80 82
58 81 83
58 83 84
58 84 85
58 85 86
58 86 87
58 87 88
58 88 89
58 89 90
58 90 91
58 91 92
58 92 93
58 93 94
59 0 1
59 0 2
59 0 3
59 0 4
59 1 5
59 2 6
59 2 7
59 3 8
59 4 9
59 5 10
59 6 11
59 7 12
59 8 13
59 9 14
59 12 15
59 13 16
59 14 17
59 14 18
59 15 19
59 16 20
59 17 19
59 18 21
59 19 22
59 20 23
59 21 24
59 21 25
59 22 26
59 23 27
59 23 28
59 24 29
59 25 30
59 25 31
59 26 32
59 27 33
59 28 34
59 29 35
59 30 36
59 31 37
59 32 38
59 33 39
59 34 40
59 37 41
59 37 42
59 37 43
59 38 44
59 38 45
59 39 46
59 39 47
59 40 48
59 41 49
59 42 50
59 43 49
59 43 51
59 45 52
59 46 53
59 47 54
59 48 51
59 48 55
59 49 56
59 50 57
59 51 58
59 52 59
59 53 60
59 54 61
59 55 62
59 56 63
59 57 64
59 58 65
59 60 66
59 61 67
60 0 1
60 1 2
60 2 3
60 3 4
60 4 5
60 5 6
60 5 7
60 6 8
60 8 9
60 9 10
60 10 11
60 11 12
60 12 13
60 13 14
60 13 15
60 14 16
60 15 17
60 16 18
60 17 19
60 18 20
60 19 21
60 20 22
60 21 23
60 22 24
60 23 25
60 24 26
60 25 27
60 26 28
60 26 29
60 27 30
60 28 31
60 29 32
60 30 33
60 31 34
60 32 35
60 33 36
60 33 37
60 34 38
60 35 39
60 36 39
60 37 40
61 0 1
61 0 2
61 1 3
61 3 4
61 4 5
61 5 6
61 6 7
61 7 8
61 7 9
61 8 10
61 9 11
61 10 12
61 11 13
61 12 14
61 13 15
61 14 16
61 15 17
61 16 18
61 17 19
61 18 20
61 19 21
61 20 22
61 21 23
61 22 24
61 24 25
61 25 26
61 26 27
61 27 28
61 28 29
61 28 30
61 29 31
61 30 32
61 31 33
61 31 34
61 31 35
61 32 36
61 33 36
61 33 37
61 34 38
61 35 39
61 36 38
61 36 40
61 37 41
61 38 42
61 40 43
61 42 44
61 43 45
61 44 46
61 45 47
61 46 48
61 47 49
61 48 50
61 48 51
61 49 52
61 50 53
61 51 54
61 52 55
61 52 56
61 53 57
61 56 58
61 57 59
61 58 60
61 59 61
61 60 62
61 61 63
61 62 64
61 62 65
61 63 66
61 64 67
61 65 68
61 66 69
61 68 70
62 0 1
62 0 2
62 1 3
62 2 4
62 3 5
62 4 6
62 5 7
62 6 8
62 7 9
62 8 10
62 9 11
62 9 12
62 9 13
62 10 14
62 11 15
62 14 16
62 14 17
62 15 18
62 16 19
62 17 20
62 18 21
62 19 22
62 20 23
62 21 24
62 22 25
62 22 26
62 23 27
62 24 28
62 24 29
62 25 30
62 26 31
62 27 28
62 27 32
62 28 33
62 30 34
62 31 35
62 32 34
62 32 36
62 33 37
62 33 38
62 34 39
62 35 40
62 36 41
62 37 42
62 38 43
62 39 44
62 40 45
62 40 46
62 42 47
62 42 48
62 43 49
62 43 50
62 46 51
62 48 52
62 49 53
62 50 54
62 51 55
62 52 56
62 53 57
62 54 58
62 55 59
62 56 60
62 56 61
62 57 62
62 58 63
62 59 64
62 60 65
62 61 66
62 62 67
62 63 68
62 64 69
62 65 70
62 70 71
62 71 72
62 72 73
62 73 74
62 74 75
62 75 76
62 76 77
62 77 78
62 78 79
62 79 80
62 80 81
63 0 1
63 0 2
63 1 3
63 2 4
63 3 5
63 4 6
63 4 7
63 4 8
63 5 9
63 5 10
63 6 11
63 6 12
63 7 13
63 8 12
63 8 14
63 9 15
63 9 16
63 10 17
63 11 18
63 12 17
63 12 19
63 13 20
63 14 21
63 15 22
63 16 23
63 17 24
63 19 25
63 19 26
63 20 27
63 21 28
63 22 29
63 23 30
63 24 31
63 24 32
63 25 33
63 26 34
63 28 35
63 29 36
63 30 37
63 31 38
63 32 39
63 33 40
63 34 35
63 34 41
63 36 42
63 36 43
63 36 44
63 38 45
63 39 46
63 40 47
63 41 48
63 42 49
63 43 50
63 43 51
63 45 52
63 45 53
63 46 54
63 48 55
63 49 56
63 50 57
63 51 58
63 52 59
63 53 60
63 54 61
63 55 62
63 57 63
63 57 64
63 58 65
63 59 66
63 59 67
63 66 68
63 67 69
63 68 70
63 69 71
63 70 72
63 71 73
63 72 74
63 73 75
63 73 76
63 74 77
63 75 78
63 76 79
63 77 80
63 77 81
63 78 82
63 79 83
63 80 84
63 81 85
63 84 86
63 86 87
63 87 88
63 88 89
63 89 90
63 90 91
63 91 92
63 92 93
63 93 94
63 94 95
63 95 96
63 96 97
63 97 98
63 98 99
63 99 100
63 100 101
63 101 102
63 102 103
63 103 104
63 104 105
63 105 106
63 106 107
64 0 1
64 0 2
64 1 3
64 2 4
64 3 5
64 3 6
64 3 7
64 4 8
64 5 9
64 6 10
64 6 11
64 7 12
64 8 13
64 9 14
64 11 15
64 11 16
64 12 17
64 13 18
64 15 19
64 16 20
64 17 21
64 17 22
64 20 23
64 21 24
64 21 25
64 22 26
64 23 27
64 24 28
64 24 29
64 25 30
64 26 31
64 27 32
64 28 33
64 29 34
64 30 35
64 31 36
64 32 37
64 32 38
64 33 39
64 34 40
64 35 41
64 36 42
64 37 43
64 38 44
64 39 45
64 40 46
64 41 47
64 42 48
64 43 49
64 44 50
64 45 51
64 45 52
64 46 53
64 47 54
64 48 55
64 49 56
64 50 57
64 51 58
64 52 59
64 53 60
64 54 61
64 55 62
64 56 63
64 57 64
64 58 65
64 59 66
64 59 67
64 60 68
64 61 69
64 62 70
64 62 71
64 71 72
64 71 73
64 72 74
64 73 75
64 74 76
64 75 77
64 76 78
64 77 79
64 78 80
64 79 81
64 80 82
65 0 1
65 1 2
65 1 3
65 2 4
65 3 5
65 4 6
65 5 7
65 6 8
65 7 9
65 8 10
65 9 11
65 10 12
65 10 13
65 10 14
65 11 15
65 12 16
65 12 17
65 13 18
65 15 19
65 16 20
65 17 21
65 18 22
65 19 23
65 20 24
65 21 25
65 22 26
65 23 27
65 24 28
65 26 29
65 27 30
65 28 31
65 29 32
65 30 33
65 31 34
65 31 35
65 32 36
65 33 37
65 34 38
65 34 39
65 35 40
65 36 41
65 37 42
65 37 43
65 38 44
65 39 45
65 41 46
65 43 47
65 44 48
65 45 49
65 46 50
65 47 51
65 48 52
65 49 53
65 50 51
65 50 54
65 51 55
65 51 56
65 52 57
65 53 58
65 55 59
65 57 60
65 57 61
65 58 62
65 60 63
65 61 64
65 62 65
65 63 66
65 63 67
65 64 68
65 65 69
65 65 70
65 65 71
65 66 72
65 66 73
65 67 74
65 68 75
65 70 76
65 72 75
65 72 77
65 73 78
65 74 79
65 75 80
65 77 81
65 78 82
65 82 83
65 83 84
65 84 85
65 84 86
65 85 87
65 87 88
65 88 89
65 89 90
65 90 91
65 91 92
66 0 1
66 0 2
66 0 3
66 1 4
66 2 5
66 3 6
66 4 7
66 4 8
66 5 9
66 6 10
66 7 11
66 8 12
66 9 13
66 10 14
66 11 15
66 12 16
66 13 17
66 14 18
66 15 19
66 17 20
66 18 21
66 19 22
66 19 23
66 20 24
66 21 25
66 21 26
66 22 27
66 22 28
66 24 29
66 24 30
66 25 31
66 26 32
66 27 33
66 28 34
66 29 35
66 30 36
66 32 37
66 33 38
66 33 39
66 33 40
66 33 41
66 34 42
66 35 43
66 36 44
66 41 45
66 41 46
66 42 47
66 43 48
66 44 49
66 45 50
66 46 51
66 47 52
66 48 53
66 49 54
66 50 55
66 51 56
66 53 57
66 54 58
66 54 59
66 55 60
66 56 61
66 56 62
66 58 63
66 59 64
66 60 65
66 61 66
66 63 67
66 64 66
66 65 68
66 66 69
66 67 70
66 67 71
66 68 72
66 69 73
66 69 74
66 70 75
66 70 76
66 71 77
66 71 78
66 71 79
66 73 80
66 74 81
66 81 82
66 82 83
66 83 84
66 84 85
66 85 86
66 86 87
67 0 1
67 0 2
67 1 3
67 2 4
67 4 5
67 4 6
67 4 7
67 5 8
67 6 9
67 7 10
67 7 11
67 8 12
67 9 13
67 10 14
67 10 15
67 11 16
67 12 17
67 13 18
67 14 19
67 15 16
67 15 20
67 17 21
67 19 22
67 19 23
67 20 24
67 20 25
67 21 26
67 22 27
67 23 28
67 24 29
68 0 1
68 0 2
68 1 3
68 1 4
68 2 5
68 4 6
68 6 7
68 6 8
68 6 9
68 7 10
68 8 11
68 10 12
68 12 13
68 12 14
68 13 15
68 14 16
68 15 17
68 16 18
68 17 19
68 18 20
68 19 21
68 20 22
68 21 23
68 23 24
68 24 25
68 25 26
68 26 27
68 27 28
68 27 29
68 28 29
68 28 30
68 29 31
68 30 32
68 31 33
68 32 34
68 33 35
68 34 36
68 35 37
68 36 38
68 37 39
68 38 40
68 39 41
68 40 42
68 42 43
68 43 44
68 44 45
68 45 46
68 46 47
68 46 48
68 46 49
68 47 50
68 48 51
68 49 52
68 51 53
68 52 54
68 53 55
68 54 56
68 55 57
68 56 58
68 57 59
68 58 60
68 59 61
68 60 62
68 61 63
68 62 64
68 64 65
68 65 66
68 66 67
68 67 68
68 68 69
68 69 70
68 70 71
68 71 72
68 72 73
68 73 74
69 0 1
69 0 2
69 1 3
69 2 4
69 3 4
69 3 5
69 4 6
69 4 7
69 5 8
69 6 9
69 7 10
69 8 11
69 9 12
69 10 12
69 10 13
69 11 14
69 11 15
69 12 16
69 13 17
69 14 18
69 15 19
69 16 20
69 17 21
69 18 22
69 19 23
69 20 24
69 21 25
69 21 26
69 22 27
69 23 28
69 24 29
69 25 30
69 26 31
69 28 32
69 28 33
69 29 34
69 29 35
69 30 36
69 30 37
69 31 38
69 32 39
69 36 40
69 37 41
69 37 42
69 38 43
69 39 44
69 40 45
69 41 44
69 41 46
69 42 47
69 43 48
69 47 48
69 48 49
69 49 50
69 50 51
69 51 52
69 52 53
69 53 54
69 54 55
69 55 56
69 56 57
69 57 58
69 58 59
69 59 60
69 60 61
69 61 62
69 62 63
69 63 64
69 64 65
69 65 66
69 66 67
69 67 68
69 68 69
69 69 70
70 0 1
70 0 2
70 1 3
70 2 4
70 2 5
70 3 6
70 4 7
70 4 8
70 5 9
71 0 1
71 0 2
71 1 3
71 2 4
71 3 5
71 4 6
71 5 7
71 5 8
71 5 9
71 6 10
71 7 11
71 8 12
71 9 13
71 10 14
71 11 15
71 12 16
71 13 17
71 13 18
71 14 19
71 15 17
71 17 20
71 18 21
71 19 22
71 20 21
71 20 23
71 21 24
71 22 25
71 23 26
71 26 27
71 27 28
71 28 29
71 29 30
71 30 31
71 31 32
71 32 33
71 33 34
71 34 35
71 35 36
71 36 37
71 37 38
71 38 39
71 39 40
71 40 41
71 41 42
71 42 43
71 43 44
71 44 45
71 45 46
71 46 47
71 47 48
71 48 49
71 49 50
71 50 51
71 51 52
71 52 53
71 53 54
71 54 55
71 55 56
71 56 57
71 56 58
71 57 59
71 58 60
71 59 61
71 60 62
71 61 63
71 62 64
71 63 65
71 64 66
71 65 67
71 66 68
71 67 69
71 68 70
71 69 71
71 70 72
71 71 73
71 72 74
71 73 75
71 74 76
71 76 77
72 0 1
72 0 2
72 1 3
72 2 4
72 3 5
72 3 6
72 4 7
72 4 8
72 5 9
72 6 10
72 7 11
72 8 12
72 9 13
72 10 14
72 11 15
72 12 16
72 13 17
72 14 18
72 15 19
72 16 20
72 17 21
72 17 22
72 18 23
72 19 24
72 20 25
72 21 26
72 22 27
72 23 28
72 24 29
72 25 30
72 26 31
72 28 32
72 30 33
72 30 34
72 31 35
72 32 36
72 32 37
72 33 38
72 34 38
72 34 39
72 35 40
72 36 41
72 37 42
72 38 43
72 39 44
72 39 45
72 45 46
72 46 47
72 46 48
72 47 49
72 47 50
72 48 51
72 50 52
72 51 53
72 52 54
72 53 55
72 54 56
72 55 57
72 56 58
72 58 59
72 59 60
72 60 61
72 61 62
72 62 63
72 63 64
72 64 65
72 65 66
72 66 67
72 67 68
72 68 69
72 69 70
72 70 71
72 71 72
72 72 73
72 73 74
72 74 75
72 75 76
72 76 77
72 77 78
72 78 79
72 79 80
72 80 81
72 81 82
72 82 83
72 83 84
72 84 85
72 85 86
72 86 87
73 0 1
73 0 2
73 1 3
73 1 4
73 2 5
73 3 6
73 4 6
73 5 7
73 6 8
73 7 9
73 8 10
73 9 11
73 10 12
74 0 1
74 0 2
74 1 3
74 2 4
74 2 5
74 3 6
74 4 7
74 5 8
74 6 9
74 7 10
74 8 11
74 9 12
74 10 13
74 11 14
74 12 15
74 13 16
74 14 17
74 15 18
74 16 19
74 17 20
74 18 21
74 19 22
74 20 23
74 21 24
74 22 25
74 23 26
74 24 27
74 25 28
74 26 29
74 27 30
74 28 31
74 29 32
74 30 33
75 0 1
75 1 2
75 2 3
75 2 4
75 3 5
75 4 6
75 5 7
75 6 8
75 7 9
75 8 10
75 9 11
75 10 12
75 11 13
75 12 14
75 14 15
75 15 16
75 16 17
75 17 18
75 18 19
75 19 20
75 20 21
75 21 22
75 22 23
75 23 24
75 24 25
75 24 26
75 25 27
75 25 28
75 26 29
75 27 30
75 27 31
75 29 32
75 30 33
75 30 34
75 31 35
75 32 36
75 33 37
75 34 38
75 35 39
75 37 40
75 38 41
75 39 42
75 41 43
75 43 44
75 43 45
75 44 46
75 44 47
75 45 48
75 46 49
75 47 50
75 49 51
75 50 52
75 51 53
75 52 54
75 53 55
75 54 56
75 54 57
75 54 58
75 54 59
75 55 60
75 57 61
75 58 62
75 61 63
76 0 1
76 0 2
76 1 3
76 1 4
76 2 5
76 3 6
76 4 7
76 5 7
76 5 8
76 6 9
76 6 10
77 0 1
77 1 2
77 2 3
77 2 4
77 3 5
77 4 6
77 5 7
77 6 8
77 6 9
77 7 10
77 7 11
77 8 12
77 9 13
77 11 14
77 12 15
77 13 16
77 14 17
77 15 18
77 17 19
77 18 20
77 18 21
77 19 22
77 20 23
77 21 24
77 22 25
77 23 26
77 24 27
77 25 28
77 26 29
77 27 30
77 27 31
77 28 32
77 28 33
77 29 34
77 30 35
77 31 36
77 32 37
77 34 38
77 35 39
77 36 40
77 37 41
77 38 42
77 39 43
77 40 44
77 41 45
77 42 46
77 42 47
77 43 48
77 44 49
77 44 50
77 46 51
77 47 52
77 47 53
77 48 54
77 49 55
77 52 56
77 53 56
77 53 57
77 54 58
77 55 59
77 56 60
77 57 61
77 58 62
77 60 63
77 61 64
77 62 65
77 64 66
77 65 67
77 66 68
77 68 69
78 0 1
78 0 2
78 1 3
78 2 4
78 3 5
78 3 6
78 4 7
78 5 8
78 6 9
78 8 10
78 9 11
78 11 12
78 12 13
78 13 14
78 13 15
78 14 16
78 15 17
78 16 18
78 17 19
78 19 20
78 19 21
78 19 22
78 20 23
78 20 24
78 23 25
78 24 26
78 25 27
78 27 28
78 28 29
78 29 30
78 30 31
78 31 32
78 32 33
78 33 34
78 34 35
78 35 36
78 36 37
78 37 38
78 38 39
78 39 40
78 40 41
78 40 42
78 41 43
78 42 44
78 43 45
78 44 46
78 45 47
78 46 48
78 47 49
78 48 50
78 48 51
78 48 52
78 49 53
78 50 54
78 51 55
78 52 56
78 53 57
78 53 58
78 54 59
78 55 60
78 56 61
78 57 62
78 58 63
78 59 64
78 60 65
78 61 66
78 62 67
78 63 68
78 64 69
78 65 70
78 66 71
78 67 72
78 67 73
78 68 74
78 69 75
78 70 76
78 71 77
78 72 78
78 73 79
78 74 80
78 79 81
78 81 82
78 82 83
78 83 84
78 84 85
78 85 86
78 86 87
79 0 1
79 0 2
79 1 3
79 2 4
79 2 5
79 3 6
79 4 7
79 5 8
79 6 9
79 7 10
79 8 11
79 8 12
79 9 13
79 11 14
79 14 15
79 15 16
79 16 17
79 17 18
79 18 19
79 19 20
79 19 21
79 20 22
79 21 23
79 22 24
79 23 25
79 24 26
79 25 27
79 26 28
79 26 29
79 27 30
79 28 31
79 30 32
79 31 33
79 32 34
79 33 35
79 34 36
79 35 37
79 36 38
79 38 39
79 39 40
79 40 41
79 41 42
79 42 43
79 43 44
79 44 45
79 45 46
79 46 47
79 47 48
79 48 49
79 49 50
79 50 51
79 51 52
79 52 53
79 53 54
79 54 55
79 55 56
79 56 57
79 57 58
79 58 59
79 59 60
79 60 61
79 61 62
79 62 63
79 63 64
79 64 65
79 65 66
79 66 67
79 67 68
79 68 69
79 69 70
79 70 71
80 0 1
80 0 2
80 0 3
80 1 4
80 2 5
80 3 6
80 4 7
80 4 8
80 5 9
80 5 10
80 6 11
80 6 12
80 7 8
80 7 13
80 7 14
80 7 15
80 8 16
80 9 17
80 10 18
80 10 19
80 11 20
80 12 21
80 13 22
80 13 23
80 13 24
80 14 19
80 14 23
80 14 25
80 15 26
80 16 26
80 16 27
80 16 28
80 17 29
80 19 30
80 20 31
80 22 32
80 31 33
80 32 34
81 0 1
81 0 2
81 1 3
81 2 4
81 3 5
81 4 6
81 5 7
81 6 8
81 7 9
81 8 10
81 9 11
81 10 12
81 11 13
81 12 14
81 13 15
81 14 16
81 15 17
81 16 18
81 17 19
81 18 20
81 19 21
81 20 22
81 21 23
81 22 24
81 22 25
81 23 26
81 24 27
81 25 28
81 26 29
81 27 30
81 28 31
81 29 32
81 30 33
81 33 34
81 34 35
81 35 36
81 36 37
81 37 38
81 37 39
81 38 40
81 39 41
81 39 42
81 39 43
81 40 44
81 41 45
81 42 46
81 43 47
81 44 47
81 45 48
81 46 49
81 47 50
81 48 51
81 49 52
81 49 53
81 50 54
81 50 55
81 51 56
81 52 57
81 53 58
81 56 59
81 57 60
81 59 61
81 60 62
81 61 63
81 61 64
81 62 65
81 64 66
81 65 67
81 66 68
81 68 69
81 69 70
81 70 71
81 71 72
81 72 73
81 73 74
81 74 75
81 75 76
82 0 1
82 1 2
82 2 3
82 2 4
82 2 5
82 3 6
82 4 7
82 6 8
82 8 9
82 9 10
82 10 11
82 10 12
82 11 13
82 12 14
82 12 15
82 12 16
82 13 17
82 14 18
82 15 19
82 17 20
82 18 21
82 19 22
82 20 21
82 20 23
82 23 24
82 24 25
82 24 26
82 25 27
82 27 28
82 28 29
82 29 30
82 30 31
82 31 32
82 31 33
82 32 34
82 33 35
82 34 36
82 35 37
82 35 38
82 36 39
82 37 40
82 38 41
82 39 42
82 40 43
82 41 44
82 42 45
82 43 46
82 44 47
82 45 48
82 46 49
82 47 50
82 48 51
82 49 52
82 51 53
82 52 54
82 53 55
82 54 56
82 55 57
82 56 58
82 57 59
82 58 60
82 59 61
82 61 62
82 62 63
82 63 64
82 64 65
82 65 66
82 66 67
82 67 68
82 68 69
82 68 70
82 69 71
82 69 72
82 70 73
82 71 74
82 72 75
82 73 75
82 73 76
82 74 77
82 75 78
82 75 79
82 76 80
82 77 81
82 78 82
82 79 83
82 79 84
82 80 85
82 81 86
82 82 87
82 83 88
82 84 89
82 86 90
82 87 91
82 88 92
82 89 93
82 90 94
82 91 95
82 91 96
82 94 97
82 95 98
82 96 99
82 97 100
82 98 101
82 99 102
82 100 103
82 101 104
82 103 105
83 0 1
83 0 2
83 1 3
83 1 4
83 2 5
83 3 6
83 4 7
83 5 8
83 6 9
83 7 10
83 8 11
83 8 12
83 9 12
83 9 13
83 10 14
83 10 15
83 11 16
83 12 17
83 13 18
83 14 19
83 15 20
83 16 21
83 17 22
83 18 23
83 19 24
83 19 25
83 20 26
83 20 27
83 21 28
83 22 29
83 22 30
83 23 31
83 24 32
83 25 33
83 26 34
83 26 35
83 27 36
83 28 37
83 29 38
83 29 39
83 30 40
83 31 39
83 31 41
83 32 42
83 33 43
83 34 44
83 36 45
83 37 46
83 37 47
83 38 48
83 40 47
83 40 49
83 41 50
83 41 53
83 42 51
83 42 52
83 42 54
83 48 55
83 49 56
83 50 57
83 51 58
83 52 59
83 53 56
83 53 60
83 53 61
83 56 60
83 60 62
83 61 63
83 63 64
83 64 65
83 64 66
83 65 67
83 67 68
83 67 69
83 68 70
83 69 71
83 70 72
84 0 1
84 1 2
84 1 3
84 1 4
84 2 5
84 4 6
84 4 7
84 6 8
84 7 9
84 8 10
84 9 11
84 9 12
84 10 13
84 11 14
84 12 15
84 13 16
84 13 17
84 14 18
84 15 19
84 16 20
84 17 21
84 18 22
84 20 23
84 21 24
84 22 25
84 23 26
84 24 27
84 25 28
84 26 29
84 27 30
84 27 31
84 27 32
84 28 33
84 29 34
84 30 35
84 31 36
84 32 37
84 32 38
84 33 39
84 34 40
84 35 39
84 35 41
84 36 42
84 36 43
84 36 44
84 36 45
84 36 46
84 39 47
84 40 48
84 41 49
84 41 50
84 41 51
84 42 47
84 43 52
84 44 53
84 46 54
84 47 55
84 49 56
84 50 56
84 50 57
84 51 58
84 52 59
84 53 60
84 54 61
84 55 62
84 55 63
84 55 64
84 56 62
84 56 65
84 57 64
84 58 62
84 59 61
84 61 66
84 62 67
84 62 68
84 63 69
84 65 70
84 66 71
84 67 72
84 68 73
84 69 74
84 70 75
84 71 76
84 72 77
84 73 78
84 77 79
85 0 1
85 0 2
85 1 3
85 2 4
85 3 5
85 4 6
85 5 7
85 6 8
85 8 9
85 8 10
85 8 11
85 8 12
85 9 13
85 10 14
85 11 15
85 12 16
85 12 17
85 13 18
85 14 19
85 14 20
85 15 21
85 15 22
85 16 23
85 17 24
85 18 25
85 19 26
85 20 27
85 23 26
85 25 28
85 26 29
85 27 30
85 27 31
85 28 32
85 29 33
85 29 34
85 29 35
85 30 36
85 31 37
85 32 38
85 33 39
85 34 40
85 35 41
85 35 42
85 36 43
85 37 44
85 38 45
85 39 46
85 40 47
85 41 48
85 42 43
85 42 49
85 43 50
85 44 51
85 45 52
85 46 53
85 47 54
85 49 55
85 50 56
85 50 57
85 51 58
85 52 59
85 53 60
85 54 61
85 56 62
85 57 63
85 58 64
85 59 65
85 60 66
85 60 67
85 61 68
85 62 69
85 63 70
85 64 71
85 65 72
85 66 73
85 67 74
85 72 75
85 73 76
85 74 77
85 74 78
85 75 79
85 75 80
85 76 81
85 77 82
85 78 83
85 79 84
85 81 85
85 82 85
85 83 86
86 0 1
86 0 2
86 1 3
86 2 4
86 4 5
86 5 6
86 6 7
86 7 8
86 8 9
86 9 10
86 10 11
86 11 12
86 11 13
86 12 14
86 13 15
86 13 16
86 14 17
86 15 18
86 16 19
86 16 20
86 17 21
86 18 22
86 19 23
86 21 24
86 22 25
86 23 26
86 24 27
86 25 28
86 26 29
86 27 30
86 28 31
86 29 32
86 30 33
86 31 34
86 31 35
86 34 36
86 35 37
86 36 38
86 37 39
86 38 40
87 0 1
87 0 2
87 0 3
87 1 4
87 1 5
87 2 6
87 3 7
87 4 8
87 5 9
87 5 10
87 6 11
87 6 12
87 7 13
87 7 14
87 8 15
87 9 16
87 10 17
87 12 18
87 13 17
87 14 19
87 15 19
87 15 20
87 16 21
87 17 22
87 18 22
87 18 23
87 19 24
87 20 25
87 21 26
87 22 27
87 23 28
87 24 29
87 25 30
87 26 31
87 27 32
87 28 33
87 29 34
87 29 35
87 30 36
87 31 37
87 32 38
87 32 39
87 33 40
87 33 41
87 35 42
87 36 43
87 36 44
87 36 45
87 38 45
87 38 46
87 39 47
87 41 48
87 42 49
87 43 49
87 43 50
87 44 51
87 45 52
87 46 53
87 47 54
87 48 55
87 49 56
87 50 57
87 51 58
87 56 59
87 57 60
87 58 59
87 59 61
87 59 62
87 59 63
87 59 64
87 60 65
87 61 66
87 62 67
87 62 68
87 63 69
87 64 70
87 65 71
87 66 72
87 66 73
87 67 74
87 67 75
87 68 76
87 68 77
87 69 78
87 70 79
87 77 80
87 78 81
87 79 82
87 80 83
87 82 84
87 83 85
87 84 86
87 85 87
87 86 88
88 0 1
88 0 2
88 1 3
88 1 4
88 1 5
88 2 6
88 3 7
88 4 8
88 5 9
88 6 10
88 7 11
88 8 12
88 9 13
88 9 14
88 11 15
88 12 16
88 13 17
88 14 15
88 14 18
88 14 19
88 14 20
88 15 21
88 16 22
89 0 1
89 0 2
89 1 3
89 1 4
89 2 5
89 3 6
89 4 6
89 4 7
89 5 7
89 5 8
89 6 9
89 7 10
89 8 11
89 9 12
89 11 13
89 12 14
89 13 15
89 14 16
89 14 17
89 15 18
89 16 19
89 16 20
89 17 21
89 18 22
89 19 23
89 20 24
89 20 25
89 21 26
89 21 27
89 22 28
89 23 29
89 24 30
89 25 31
89 26 32
89 27 33
89 28 33
89 28 34
89 29 35
89 30 36
89 31 37
89 32 38
89 33 39
89 33 40
89 34 41
89 35 42
89 36 43
89 37 44
89 43 45
89 44 46
89 45 47
89 45 48
89 46 49
89 47 50
89 49 51
89 49 52
89 50 53
89 51 54
89 52 55
89 54 56
90 0 1
90 0 2
90 1 3
90 2 4
90 3 5
90 4 6
90 5 7
90 6 8
90 7 9
90 8 10
90 9 11
90 10 12
90 11 13
90 12 14
90 12 15
90 13 16
90 14 17
90 15 18
90 16 19
90 17 20
90 18 21
90 19 22
90 20 23
90 21 24
90 22 25
90 22 26
90 23 27
90 24 28
90 25 29
90 26 30
90 27 31
90 27 32
90 28 33
90 29 34
90 31 35
90 32 36
90 33 37
90 34 38
90 35 39
90 36 40
90 36 41
90 37 42
90 37 43
90 38 44
90 39 45
90 40 46
90 40 47
90 41 48
90 42 49
90 44 50
90 45 51
90 45 52
90 46 53
90 47 54
90 48 55
90 49 56
90 50 57
90 51 58
90 52 59
90 53 60
90 53 61
90 54 62
90 55 59
90 55 63
90 56 64
90 57 65
90 58 66
90 59 67
90 60 68
90 61 68
90 61 69
90 62 70
90 63 71
90 64 72
90 65 73
90 66 74
90 67 75
90 68 76
90 71 77
90 72 78
90 72 79
90 73 80
90 74 81
90 75 82
90 76 83
90 77 84
90 78 85
90 79 86
90 80 87
90 85 88
90 86 89
90 87 90
90 88 91
90 89 92
90 89 93
90 90 94
90 90 95
90 91 96
90 92 97
90 93 98
90 93 99
90 94 100
90 95 101
90 96 102
90 96 103
90 99 104
90 100 102
90 100 105
90 101 106
90 102 107
90 103 108
90 104 109
90 105 110
90 105 111
90 107 112
90 108 113
90 109 114
90 110 115
91 0 1
91 0 2
91 1 3
91 1 4
91 2 5
91 4 6
91 4 7
91 5 8
91 5 9
91 6 10
91 7 11
91 7 12
91 8 13
91 8 14
91 9 15
91 10 16
91 11 17
91 12 18
91 13 17
91 13 19
91 14 20
91 15 21
91 16 22
91 17 23
91 18 24
91 19 25
91 20 26
91 21 27
91 22 28
91 23 29
91 24 30
91 27 31
91 28 32
91 28 33
91 29 34
91 30 35
91 30 36
91 30 37
91 31 38
91 31 39
91 32 40
91 33 41
91 34 42
91 35 41
91 35 43
91 36 44
91 36 45
91 37 46
91 38 42
91 39 47
91 41 48
91 41 49
91 41 50
91 42 51
91 43 52
91 44 45
91 45 47
91 45 53
91 46 54
91 46 55
91 48 50
91 48 51
92 0 1
92 0 2
92 1 3
92 2 4
92 4 5
92 5 6
92 6 7
92 7 8
92 7 9
92 8 10
92 9 11
92 10 12
92 10 13
92 10 14
92 11 14
92 11 15
92 12 16
92 14 17
92 14 18
92 15 19
92 16 20
92 17 21
92 18 22
92 19 23
92 20 24
92 23 25
92 24 26
92 25 27
92 25 28
92 25 29
92 26 30
92 27 31
92 28 32
92 29 33
92 30 34
92 30 35
92 31 36
92 31 37
92 32 38
92 33 39
92 33 40
92 34 41
92 35 42
92 36 43
92 36 44
92 36 45
92 37 46
92 38 47
92 39 48
92 40 49
92 41 50
92 42 51
92 42 52
92 42 53
92 43 54
92 44 55
92 47 53
92 48 56
92 48 57
92 49 58
92 49 59
92 49 60
92 50 61
92 51 62
92 53 63
92 54 64
92 54 65
92 55 66
92 56 67
92 57 68
92 58 61
92 61 69
92 63 70
92 64 71
92 65 72
92 65 73
92 66 74
92 66 75
92 67 76
92 68 77
92 70 78
92 71 79
92 72 80
92 73 81
92 75 82
92 76 83
92 77 78
92 77 84
92 77 85
92 78 86
92 79 87
92 80 88
92 80 89
92 81 90
92 82 91
92 83 91
92 84 92
92 85 93
92 92 94
93 0 1
93 0 2
93 1 3
93 2 4
93 2 5
93 3 6
93 3 7
93 4 7
93 5 8
93 6 9
93 7 10
93 8 11
93 9 12
93 10 13
93 10 14
93 11 15
93 12 16
93 13 17
93 14 18
93 15 19
93 16 20
93 17 21
93 18 22
93 19 23
93 19 24
93 20 25
93 21 26
93 22 23
93 22 27
93 23 28
93 24 29
93 24 30
93 25 30
93 25 31
93 26 32
93 26 33
93 27 34
93 28 35
93 29 36
93 30 37
93 35 38
93 36 39
93 37 40
93 38 41
93 39 42
93 39 43
93 40 44
93 41 45
93 42 46
93 43 47
93 43 48
93 44 49
93 45 50
93 45 51
93 46 52
93 47 49
93 47 53
93 47 54
93 48 55
93 48 56
93 49 57
93 49 58
93 50 59
93 51 60
93 53 61
93 54 62
93 55 59
93 55 63
93 57 64
93 58 65
93 58 66
93 59 67
93 60 68
93 62 69
93 63 70
93 65 71
93 66 72
93 67 73
93 68 74
93 68 75
93 69 76
93 69 77
93 70 78
93 71 78
93 71 79
93 72 80
93 73 81
93 74 82
93 74 83
93 75 84
93 76 85
93 76 86
93 77 87
93 79 88
93 81 89
93 82 90
93 87 91
93 87 92
93 88 93
93 91 94
93 92 95
93 93 96
93 95 97
93 96 98
93 97 99
93 98 100
93 99 101
93 100 102
94 0 1
94 0 2
94 1 3
94 1 4
94 2 5
94 3 6
94 4 6
94 4 7
94 5 8
94 6 9
94 7 10
94 8 11
94 9 12
94 10 13
94 10 14
94 10 15
94 11 16
94 12 17
94 12 18
94 13 19
94 14 20
94 15 21
94 16 22
94 16 23
94 17 24
94 18 22
94 18 25
94 20 26
94 21 27
94 22 28
94 23 24
94 23 29
94 24 30
94 25 31
94 26 32
94 26 33
94 27 32
94 27 34
94 28 35
94 30 36
94 31 35
94 31 37
94 32 38
94 34 39
94 35 40
94 36 41
94 38 42
94 39 43
94 40 44
94 41 45
94 42 46
94 43 47
94 45 48
94 45 49
94 46 50
94 50 51
94 51 52
94 52 53
94 53 54
94 54 55
94 55 56
94 56 57
94 57 58
94 58 59
94 59 60
94 60 61
94 61 62
94 62 63
94 63 64
94 64 65
94 65 66
94 66 67
94 67 68
94 68 69
94 69 70
94 70 71
94 71 72
94 72 73
94 73 74
94 74 75
94 75 76
94 76 77
94 77 78
94 78 79
94 79 80
94 80 81
94 81 82
94 81 83
94 82 83
94 83 84
94 84 85
94 85 86
95 0 1
95 0 2
95 1 3
95 1 4
95 2 5
95 3 6
95 4 7
95 4 8
95 5 9
95 6 10
95 7 11
95 8 12
95 9 13
95 10 14
95 13 15
95 14 16
95 15 17
95 15 18
95 16 19
95 16 20
95 17 21
95 18 22
95 19 23
95 20 24
95 20 25
95 21 26
95 22 25
95 22 27
95 23 28
95 24 29
95 25 30
95 26 31
95 27 32
95 28 33
95 29 34
95 30 35
95 31 36
95 32 36
95 33 37
95 34 38
95 35 39
95 36 40
95 36 41
95 37 42
95 38 43
95 39 44
95 40 45
95 41 46
95 43 47
95 44 48
95 45 49
95 46 50
95 47 51
95 48 52
95 49 53
95 50 54
95 51 55
95 52 56
95 52 57
95 53 58
95 54 59
95 55 60
95 56 61
95 57 62
95 57 63
95 59 64
95 60 65
95 62 66
95 63 67
95 64 68
95 65 69
95 66 70
95 67 71
95 68 72
95 69 73
95 70 74
95 71 75
95 71 76
95 72 77
95 73 78
95 74 79
95 75 80
95 76 81
95 76 82
95 77 83
95 77 84
95 78 85
95 78 86
95 79 87
95 80 88
95 81 89
95 82 90
95 84 91
95 86 92
95 86 93
95 87 94
95 89 95
95 90 96
95 92 97
95 93 98
95 94 99
95 95 100
95 96 101
95 97 102
95 99 103
95 100 104
96 0 1
96 0 2
96 1 3
96 2 4
96 3 5
96 4 6
96 5 7
96 5 8
96 5 9
96 6 10
96 7 11
96 8 12
96 8 13
96 9 14
96 10 15
96 11 16
96 12 17
96 13 18
96 14 19
96 15 20
96 16 21
96 17 22
96 18 23
96 19 24
96 20 25
96 21 26
96 21 27
96 22 28
96 23 26
96 23 29
96 24 30
96 25 31
96 26 32
96 27 33
96 28 34
96 30 35
96 31 36
96 32 37
96 32 38
96 33 39
96 34 40
96 35 41
96 36 42
96 37 43
96 38 44
96 39 45
96 39 46
96 40 47
96 41 48
96 42 49
96 42 50
96 43 51
96 44 52
96 45 53
96 45 54
96 46 55
96 47 56
96 48 57
96 49 56
96 49 58
96 50 59
96 51 60
96 52 61
96 52 62
96 52 63
96 53 64
96 53 65
96 54 66
96 55 67
96 57 68
96 58 67
96 60 61
96 61 69
96 62 65
96 62 70
96 65 68
96 65 71
96 66 72
96 67 73
96 68 74
96 69 75
96 70 76
96 71 77
96 72 78
96 74 79
96 75 80
96 76 81
96 77 82
96 78 83
96 83 84
96 84 85
96 85 86
96 86 87
96 87 88
96 88 89
96 89 90
96 90 91
96 91 92
97 0 1
97 0 2
97 1 3
97 2 4
97 3 5
97 4 6
97 6 7
97 7 8
97 8 9
97 9 10
97 10 11
97 11 12
97 12 13
97 12 14
97 13 15
97 14 16
97 15 17
97 16 18
97 16 19
97 17 18
97 17 20
97 18 21
97 18 22
97 20 23
97 21 24
97 22 25
97 23 26
97 24 27
97 25 28
97 26 29
97 27 30
97 28 31
97 29 32
97 30 33
97 31 34
97 32 35
97 33 36
97 34 37
97 35 38
97 36 39
97 37 40
97 38 41
97 39 42
97 42 43
97 43 44
97 44 45
97 44 46
97 45 47
97 46 48
97 48 49
97 49 50
97 50 51
97 51 52
97 52 53
97 53 54
97 54 55
97 55 56
97 56 57
97 57 58
97 58 59
97 58 60
97 58 61
97 59 62
97 60 63
97 61 64
97 63 65
97 64 66
97 64 67
97 65 68
97 66 69
97 66 70
97 67 71
97 68 72
97 69 73
97 70 72
98 0 1
98 0 2
98 0 3
98 1 4
98 2 5
98 3 6
98 3 7
98 4 8
98 5 9
98 6 10
98 7 11
98 8 12
98 9 13
98 10 14
98 11 15
98 12 16
98 12 17
98 13 18
98 14 16
98 14 19
98 16 20
98 17 21
98 18 22
98 19 23
98 20 24
99 0 1
99 0 2
99 0 3
99 1 4
99 1 5
99 2 6
99 3 7
99 4 8
99 5 9
99 6 10
99 6 11
99 7 12
99 8 13
99 9 14
99 10 15
99 11 16
99 12 17
99 13 18
99 13 19
99 14 20
99 15 21
99 15 22
99 16 23
99 17 24
99 18 21
99 18 25
99 19 26
99 20 23
99 20 27
99 21 28
99 22 29
99 23 30
99 24 31
99 25 32
99 26 33
99 26 34
99 27 35
99 28 36
99 29 37
99 30 38
99 31 39
99 35 40
99 36 41
99 37 42
99 38 43
99 39 40
99 39 44
99 40 45
99 41 46
99 42 47
99 43 48
99 45 49
99 46 50
99 46 51
99 47 52
99 47 53
99 49 54
99 50 55
99 51 56
99 52 57
99 54 58
99 54 59
99 55 60
99 56 61
99 56 62
99 57 63
99 58 64
99 59 65
99 60 66
99 63 67
99 64 68
99 64 69
99 65 70
99 66 71
99 67 72
99 69 73
99 70 74
99 70 75
99 71 76
99 73 77
99 74 78
99 75 79
99 76 80
99 77 81
99 78 82
99 79 83
99 79 84
99 80 85
99 81 86
99 82 87
99 83 88
99 84 89
99 85 90
99 86 91
99 87 92
99 88 93
99 90 94
99 92 95
99 92 96
99 93 97
99 94 98
99 95 99
99 96 100
99 97 101
99 100 102
99 102 103
99 103 104
99 104 105
99 105 106
100 0 1
100 0 2
100 1 3
100 2 4
100 3 5
100 3 6
100 3 7
100 4 8
100 5 9
100 6 10
100 6 11
100 6 12
100 7 13
100 8 14
100 9 15
100 10 16
100 11 15
100 11 17
100 12 18
100 13 19
100 14 20
100 15 21
100 15 22
100 16 23
100 16 24
100 18 25
100 19 26
100 20 27
100 21 28
100 23 29
100 24 30
100 25 31
100 26 32
100 27 33
100 27 34
100 28 35
100 29 36
100 35 37
100 36 38
100 36 39
100 37 40
100 38 41
100 39 42
100 40 43
100 42 44
100 43 45
100 43 46
100 44 47
100 47 48
100 48 49
100 49 50
100 50 51
100 51 52
100 52 53
100 53 54
100 54 55
100 55 56
100 56 57
100 57 58
100 58 59
100 59 60
100 60 61
100 60 62
100 61 62
100 61 63
100 62 64
100 63 65
100 64 66
100 66 67
100 67 68
100 68 69
100 69 70
100 70 71
100 71 72
100 72 73
100 73 74
100 74 75
101 0 1
101 0 2
101 1 3
101 2 4
101 2 5
101 3 6
101 4 7
101 5 8
101 5 9
101 6 10
102 0 1
102 0 2
102 1 3
102 2 4
102 3 5
102 4 6
102 5 7
102 5 8
102 6 9
102 7 10
102 8 11
102 10 12
102 11 13
102 12 14
102 13 15
102 14 16
102 15 17
102 16 18
102 17 19
102 18 20
102 19 21
102 20 22
102 21 23
102 22 24
102 23 25
102 24 26
102 25 27
102 26 28
102 27 29
102 27 30
102 27 31
102 28 32
102 28 33
102 29 34
102 30 35
102 31 36
102 32 37
102 33 38
102 33 39
102 34 40
102 35 41
102 36 42
102 37 43
102 38 44
102 38 45
102 40 46
102 41 47
102 42 48
102 43 49
102 44 50
102 44 51
102 45 52
102 46 53
102 47 54
102 48 55
102 49 56
102 50 57
102 51 58
102 52 59
102 53 60
102 54 61
102 54 62
102 55 63
103 0 1
103 1 2
103 2 3
103 2 4
103 2 5
103 2 6
103 3 7
103 4 8
103 5 9
103 6 10
103 7 11
103 8 12
103 9 13
103 10 13
103 11 14
103 12 15
103 13 16
103 14 17
103 15 18
103 16 19
103 17 20
103 17 21
103 17 22
103 18 23
103 19 24
103 20 25
103 21 26
103 22 27
103 23 28
103 24 29
103 25 30
103 26 31
103 27 32
103 29 33
103 30 34
103 31 35
103 32 33
103 32 36
103 32 37
103 33 38
103 34 39
103 35 40
103 36 41
103 36 42
103 37 43
103 40 44
103 40 45
103 41 46
103 43 47
103 44 48
103 46 49
103 47 50
103 49 51
103 50 52
103 50 53
103 51 54
103 52 55
103 52 56
103 53 57
103 53 58
103 54 59
103 55 60
103 57 59
103 59 61
103 61 62
103 62 63
103 63 64
103 64 65
103 65 66
103 66 67
103 67 68
103 68 69
103 69 70
103 70 71
103 71 72
103 72 73
103 73 74
103 74 75
103 75 76
103 76 77
103 77 78
103 78 79
103 79 80
103 80 81
103 81 82
103 82 83
103 83 84
104 0 1
104 0 2
104 1 3
104 2 4
104 3 5
104 4 6
104 4 7
104 5 8
104 6 9
104 7 10
104 8 11
104 9 12
104 10 13
104 11 14
104 12 15
104 13 16
104 14 17
104 15 18
104 16 19
104 16 20
104 17 21
104 19 22
104 20 23
104 22 24
104 22 25
104 23 26
104 24 27
104 25 28
104 26 29
104 27 30
104 28 31
104 29 32
104 30 33
104 31 34
104 32 35
104 33 36
104 34 37
104 36 38
104 37 39
104 38 40
104 38 41
104 38 42
104 39 43
104 40 44
104 41 45
104 42 46
104 42 47
104 43 48
104 45 49
104 46 50
104 48 51
104 48 52
104 49 53
104 50 54
104 51 55
104 52 56
104 53 57
104 54 58
104 55 59
104 56 60
104 56 61
104 57 62
104 58 63
104 59 64
104 60 65
104 61 66
104 61 67
104 63 68
104 63 69
104 65 70
104 65 71
104 66 72
104 67 73
104 72 74
104 74 75
104 75 76
104 76 77
104 77 78
104 78 79
104 79 80
104 80 81
104 81 82
105 0 1
105 0 2
105 1 3
105 1 4
105 2 5
105 2 6
105 3 7
105 4 8
105 5 9
105 6 10
105 7 11
105 8 12
105 9 13
105 10 14
105 11 15
105 12 16
105 13 17
105 14 18
105 15 19
105 16 20
105 17 21
105 18 22
105 18 23
105 20 24
105 21 25
105 23 24
105 23 26
105 23 27
105 24 28
105 26 29
105 27 30
105 28 31
105 28 32
105 28 33
105 29 34
105 30 35
105 31 34
105 31 36
105 33 37
105 34 38
105 34 41
105 35 39
105 36 40
105 36 41
105 36 42
105 37 43
105 38 44
105 39 44
105 39 45
105 40 46
105 41 47
105 42 47
105 42 48
105 43 49
105 44 50
105 45 51
105 46 52
105 47 53
105 48 54
105 49 55
105 50 56
105 51 57
105 52 58
105 52 59
105 53 60
105 53 61
105 55 62
105 56 63
105 57 64
105 57 65
105 58 66
105 58 67
105 59 68
105 59 69
105 64 70
105 65 70
105 65 71
105 66 72
105 67 73
105 68 74
105 68 75
105 69 76
105 70 77
105 70 78
105 71 79
106 0 1
106 0 2
106 1 3
106 2 4
106 3 5
106 3 6
106 4 7
106 5 8
106 6 9
106 7 10
106 8 11
106 9 10
106 9 12
106 10 13
106 11 14
106 12 15
106 13 16
106 15 17
106 16 18
106 17 19
106 18 20
106 20 21
106 20 22
106 21 23
106 22 24
106 23 25
106 24 26
106 25 27
106 26 28
106 27 29
106 27 30
106 27 31
106 28 32
106 29 33
106 33 34
106 34 35
106 35 36
106 36 37
106 37 38
106 38 39
106 39 40
106 40 41
106 41 42
106 42 43
106 43 44
106 44 45
106 45 46
106 46 47
106 47 48
106 48 49
106 49 50
106 49 51
106 50 52
106 51 53
106 53 54
106 53 55
106 54 56
106 54 57
106 55 58
106 56 59
106 57 60
106 58 61
106 59 62
106 60 63
106 61 64
106 63 65
106 64 66
106 65 67
106 65 68
106 66 69
106 67 70
106 68 71
106 69 72
106 70 73
106 71 74
106 72 75
106 74 76
106 75 77
106 76 78
106 77 79
106 78 80
106 79 81
106 80 82
106 80 83
106 81 84
106 82 85
106 83 86
106 85 87
106 86 88
106 87 89
106 88 90
106 89 91
106 90 92
106 91 93
106 92 94
106 93 95
106 94 96
106 95 97
106 97 98
106 98 99
106 99 100
106 100 101
106 101 102
106 102 103
106 103 104
106 104 105
106 105 106
106 106 107
106 107 108
106 108 109
106 109 110
106 110 111
106 111 112
106 112 113
106 113 114
106 114 115
106 115 116
106 116 117
106 117 118
106 118 119
107 0 1
107 0 2
107 0 3
107 1 4
107 2 5
107 3 6
107 3 7
107 4 8
107 5 9
107 6 10
107 7 11
107 7 12
107 8 13
107 9 14
107 10 15
107 11 16
107 12 13
107 12 17
107 13 18
107 14 19
107 15 20
107 16 21
107 17 22
107 20 21
107 21 23
107 22 24
107 23 25
107 24 26
107 26 27
107 27 28
107 28 29
107 29 30
107 30 31
107 31 32
107 32 33
107 33 34
107 34 35
107 35 36
107 36 37
107 37 38
108 0 1
108 0 2
108 1 3
108 2 4
108 2 5
108 3 6
108 4 7
108 5 8
108 6 9
108 7 10
108 8 11
108 9 12
108 11 13
108 12 14
108 13 15
108 14 16
108 15 17
108 15 18
108 16 19
108 17 20
108 18 21
108 19 22
108 20 23
108 20 24
108 21 25
108 22 26
108 23 27
108 23 28
108 23 29
108 24 30
108 25 31
108 27 32
108 28 33
108 29 34
108 30 35
108 31 36
108 32 37
108 33 38
108 34 39
108 35 40
108 35 41
108 35 42
108 36 43
108 37 44
108 38 45
108 39 46
108 40 44
108 40 47
108 42 48
108 43 44
108 43 49
108 44 50
108 45 51
108 46 52
109 0 1
109 0 2
109 1 3
109 2 4
109 3 5
109 4 6
109 5 7
109 6 8
109 7 9
109 8 10
109 8 11
109 9 12
109 10 13
109 10 14
109 11 15
109 12 16
109 12 17
109 12 18
109 13 19
109 13 20
109 14 21
109 14 24
109 15 22
109 15 25
109 16 23
109 16 26
109 17 24
109 17 27
109 19 28
109 20 29
109 21 30
109 21 31
109 22 32
109 23 33
109 26 34
109 26 35
109 26 36
109 27 37
109 28 38
109 29 39
109 30 40
109 31 41
109 32 42
109 33 43
109 34 44
109 35 45
109 36 46
109 37 47
109 37 48
109 38 49
109 40 49
109 40 50
109 41 51
109 42 52
110 0 1
110 0 2
110 1 3
110 1 4
110 2 5
110 3 6
110 4 7
110 5 8
110 6 9
110 7 10
110 7 11
110 8 12
110 9 13
110 10 14
110 11 15
110 11 16
110 12 17
110 13 18
110 14 15
110 14 19
110 15 20
110 16 21
110 17 22
110 17 23
110 18 19
110 18 24
110 19 25
110 20 26
110 21 27
110 22 28
110 23 29
110 24 30
110 25 31
110 25 32
110 26 33
110 27 34
110 28 35
110 29 36
110 30 37
110 31 38
110 31 39
110 32 40
110 32 41
110 33 42
110 34 43
110 35 44
110 36 45
110 37 46
110 38 47
110 39 48
110 39 49
110 40 50
110 40 51
110 41 52
110 42 53
110 43 54
110 43 55
110 51 55
110 52 55
110 54 56
110 55 57
110 56 58
111 0 1
111 0 2
111 1 3
111 2 4
111 4 5
111 4 6
111 5 7
111 6 8
111 7 9
111 8 10
111 8 11
111 8 12
111 8 13
111 9 14
111 10 15
111 10 16
111 11 12
111 11 17
111 12 14
111 12 18
111 13 17
111 13 19
111 14 20
111 15 21
111 15 22
111 16 23
111 17 24
111 18 25
111 18 26
111 21 26
111 25 27
111 25 28
111 26 29
111 27 30
111 28 31
111 29 32
111 30 33
111 31 34
111 34 35
111 35 36
111 36 37
111 37 38
111 38 39
111 39 40
111 40 41
111 41 42
111 42 43
111 43 44
111 44 45
112 0 1
112 0 2
112 1 3
112 2 4
112 3 5
112 4 6
112 5 7
112 6 8
112 7 9
112 8 10
112 9 11
112 10 12
112 11 13
112 12 14
112 13 15
112 14 16
112 15 17
112 16 18
112 17 19
112 18 20
112 19 21
112 21 22
112 22 23
112 23 24
112 24 25
112 25 26
112 26 27
112 27 28
112 27 29
112 27 30
112 28 31
112 29 32
112 30 33
112 30 34
112 30 35
112 31 36
112 32 37
112 32 38
112 34 39
112 35 40
112 36 41
112 38 39
112 38 42
112 39 43
112 40 44
112 41 45
112 42 46
112 43 47
112 44 48
112 44 49
112 45 50
112 45 51
112 46 52
112 48 53
112 49 50
112 49 54
112 52 55
112 52 56
112 55 57
112 56 58
112 56 59
112 57 60
112 58 61
112 59 62
112 61 63
112 62 64
112 63 65
112 64 66
112 65 67
112 66 68
112 67 69
112 68 70
112 69 71
112 70 72
112 71 73
112 72 74
112 73 75
112 74 76
112 75 77
112 76 78
112 77 79
112 78 80
112 79 81
112 80 82
112 81 83
112 82 84
112 83 85
112 84 86
112 85 87
112 86 88
112 88 89
112 89 90
112 90 91
112 91 92
112 92 93
112 93 94
112 94 95
112 95 96
112 96 97
112 97 98
112 98 99
112 99 100
112 100 101
112 101 102
112 102 103
112 103 104
112 104 105
112 105 106
112 106 107
112 107 108
112 108 109
113 0 1
113 0 2
113 1 3
113 2 4
113 3 5
113 4 6
113 5 7
113 6 8
113 7 9
113 8 10
113 9 11
113 10 12
113 11 13
113 12 14
113 12 15
113 13 16
113 14 17
113 16 18
113 17 19
113 18 20
113 19 21
113 20 22
113 21 23
113 22 24
113 23 25
114 0 1
114 0 2
114 1 3
114 2 4
114 3 5
114 4 6
114 5 7
114 5 8
114 6 9
114 7 10
114 8 11
114 9 12
114 9 13
114 10 14
114 11 15
114 12 16
114 13 17
114 13 18
114 14 19
114 15 20
114 16 21
114 18 22
114 19 23
114 20 24
114 21 25
114 21 26
114 22 27
114 23 28
114 24 29
114 24 30
114 25 31
114 26 32
114 27 33
114 28 34
114 29 35
114 30 36
114 31 37
114 32 38
114 33 39
114 34 40
114 35 41
114 36 42
114 37 43
114 38 44
114 39 45
114 40 46
114 41 47
114 42 48
114 42 49
114 43 50
114 44 51
114 45 52
114 45 53
114 46 54
114 47 55
114 48 56
114 49 57
114 52 58
114 53 59
114 54 60
114 54 61
114 55 62
114 56 63
114 57 64
114 58 65
114 59 62
114 59 66
114 60 67
114 61 68
114 62 69
114 63 70
114 70 71
114 71 72
114 72 73
114 73 74
114 73 75
114 74 76
114 75 77
114 76 78
114 77 79
114 78 80
114 79 81
114 80 82
114 81 83
114 82 84
114 83 85
114 84 86
114 85 87
114 86 88
114 87 89
114 88 90
115 0 1
115 0 2
115 2 3
115 3 4
115 4 5
115 5 6
116 0 1
116 0 2
116 1 3
116 2 4
116 2 5
116 2 6
116 3 7
116 4 8
116 5 9
116 6 10
116 7 11
116 8 11
116 8 12
116 9 13
116 10 14
116 11 15
116 12 16
116 13 17
116 14 18
116 15 18
116 15 19
116 16 20
116 17 21
116 18 22
116 19 23
116 19 24
116 21 25
116 21 26
116 22 27
116 22 28
116 23 29
116 23 30
116 24 31
116 25 32
116 26 33
116 27 34
116 28 35
116 28 36
116 28 37
116 29 38
116 30 39
116 30 40
116 30 41
116 31 42
116 32 43
116 33 44
116 36 45
116 37 46
116 38 47
116 38 48
116 39 49
116 40 50
116 41 51
116 42 45
116 42 52
116 43 51
116 48 53
117 0 1
117 0 2
117 1 3
117 1 4
117 2 5
117 2 6
117 3 7
117 4 8
117 5 9
117 6 10
117 7 11
117 7 12
117 10 13
117 11 13
117 11 14
117 11 15
117 12 16
117 13 17
117 14 16
117 14 18
117 15 19
117 16 20
117 17 21
117 19 22
117 20 23
117 22 24
117 23 25
117 24 26
117 25 27
117 26 28
117 27 29
117 28 30
117 29 31
117 30 32
117 31 33
117 32 34
117 33 35
117 34 36
117 35 37
117 36 38
117 36 39
117 38 40
117 39 41
117 40 42
117 41 43
117 41 44
117 42 45
117 43 46
117 44 47
117 45 48
117 46 49
117 47 50
117 48 51
117 48 52
117 49 53
117 50 54
117 51 55
117 52 56
117 53 57
117 54 58
117 55 59
117 56 60
117 57 61
117 57 62
117 58 63
117 59 64
117 60 65
117 61 66
117 62 67
117 63 68
117 64 69
117 66 70
117 67 71
117 68 72
117 70 73
117 72 74
117 73 75
117 74 76
117 75 77
117 76 78
117 77 79
117 77 80
117 78 81
118 0 1
118 1 2
118 2 3
118 3 4
118 4 5
118 5 6
118 5 7
118 6 8
118 7 9
118 8 10
118 9 11
118 10 12
118 11 12
118 11 13
118 12 14
118 13 15
118 13 16
118 14 17
118 16 18
118 17 19
118 18 20
118 18 21
118 19 22
118 20 23
118 21 24
118 22 25
118 23 26
118 24 27
118 25 28
118 26 29
119 0 1
119 1 2
119 2 3
119 3 4
119 4 5
119 5 6
119 6 7
119 7 8
119 7 9
119 8 10
119 9 11
119 9 12
119 10 13
119 11 14
119 12 15
119 12 16
119 15 17
119 16 18
119 17 19
119 18 20
119 18 21
119 19 22
119 20 23
119 21 24
119 21 25
119 22 26
119 23 27
119 23 28
119 24 29
119 25 30
119 28 31
119 29 32
119 30 33
119 30 34
119 31 35
119 32 36
119 33 37
119 34 38
119 35 39
119 36 40
119 37 41
119 37 42
119 39 43
119 40 44
119 40 45
119 41 46
119 42 47
119 44 48
119 45 49
119 46 50
119 47 51
119 48 52
119 49 53
119 50 54
119 52 55
119 53 54
119 53 56
119 54 57
119 55 58
119 56 59
119 57 60
119 58 61
119 58 62
119 59 63
119 60 64
119 61 65
119 62 66
119 63 65
119 64 67
119 65 68
119 67 69
120 0 1
120 0 2
120 1 3
120 1 4
120 2 5
120 3 6
120 4 7
120 5 8
120 6 9
120 6 10
120 6 11
120 7 12
120 8 13
120 9 14
120 10 13
120 10 15
120 12 16
120 13 17
120 14 18
120 15 19
120 16 20
120 17 21
120 17 22
120 19 23
120 20 23
120 20 24
120 21 25
120 21 26
120 23 27
120 24 28
120 24 29
120 25 30
120 26 31
120 26 32
120 27 33
120 28 34
120 29 35
120 30 36
120 33 37
120 35 38
120 36 39
120 37 39
120 38 40
120 39 41
120 39 42
120 39 43
120 39 44
120 40 45
120 40 46
120 42 47
120 43 48
120 44 49
120 45 50
120 46 51
120 48 52
120 49 53
120 50 54
120 52 55
120 52 56
120 53 57
120 53 58
120 54 59
121 0 1
121 0 2
121 1 3
121 1 4
121 2 5
121 3 6
121 4 7
121 5 8
121 6 9
121 6 10
121 7 8
121 7 11
121 7 12
121 7 13
121 7 15
121 8 14
121 8 16
121 9 17
121 10 18
121 11 15
121 11 19
121 12 20
121 12 21
121 14 22
121 15 23
121 16 24
121 17 25
121 18 19
121 19 26
121 20 27
121 21 28
121 21 29
121 23 27
121 23 30
121 24 31
121 25 32
121 26 33
121 27 34
121 28 35
121 28 36
121 29 32
121 29 37
121 30 38
121 31 39
121 34 35
121 34 40
121 35 41
121 35 42
121 35 43
121 36 44
121 37 45
121 42 46
121 43 44
121 43 47
121 43 48
121 44 49
121 45 50
121 46 51
121 47 52
121 47 53
121 48 54
121 48 55
121 49 56
121 50 57
121 51 58
121 52 59
121 52 60
121 53 61
121 53 62
121 54 63
121 55 64
121 56 65
121 58 66
121 58 67
121 59 68
121 60 69
121 61 70
121 62 71
121 64 72
121 65 73
121 65 74
121 66 75
121 68 76
121 70 77
121 71 78
121 72 79
121 73 80
121 74 81
121 76 79
121 78 82
121 79 83
121 82 84
121 82 85
121 83 86
121 84 87
121 84 88
121 85 89
121 85 90
121 86 91
121 87 92
121 88 93
121 89 94
121 90 95
121 91 96
121 92 97
121 93 98
121 96 97
121 96 99
121 97 100
121 98 101
121 98 102
121 99 103
121 99 104
121 100 105
121 101 106
121 103 107
121 104 108
121 106 109
121 106 110
121 107 111
121 108 112
121 111 113
121 111 114
121 112 115
121 113 116
121 114 117
121 115 118
121 116 119
121 118 120
122 0 1
122 0 2
122 1 3
122 2 4
122 3 5
122 3 6
122 4 7
122 5 8
122 6 9
122 6 10
122 6 11
122 6 12
122 8 13
122 9 14
122 10 15
122 11 16
122 12 17
122 12 18
122 13 19
122 13 21
122 14 20
122 14 22
122 16 23
122 17 24
122 18 25
122 18 26
122 19 27
122 20 28
122 20 29
122 21 30
122 21 31
122 22 32
122 23 33
122 24 34
122 25 35
122 26 36
122 26 37
122 27 38
122 28 39
122 29 40
122 29 41
122 31 42
122 32 43
122 38 44
122 39 45
122 40 46
122 41 47
122 41 48
122 42 49
122 43 50
122 44 51
122 46 52
122 47 53
122 48 49
122 49 54
122 49 55
122 49 56
122 51 53
122 55 57
122 55 58
122 55 59
122 57 60
122 58 61
122 59 62
122 59 63
122 60 64
122 61 65
122 65 66
122 65 67
122 67 68
122 67 69
122 68 70
122 69 71
122 70 72
122 71 73
122 72 74
122 73 75
123 0 1
123 0 2
123 0 3
123 1 4
123 3 5
123 4 6
123 5 7
123 6 9
123 7 8
123 7 9
123 7 10
123 8 11
123 9 11
123 9 12
123 10 13
123 11 14
123 11 15
123 11 16
123 11 17
123 13 18
123 13 19
123 13 20
123 14 21
123 15 22
123 16 23
123 17 24
123 18 25
123 19 26
123 20 27
123 21 28
123 21 29
123 22 30
123 23 31
123 23 32
123 23 33
123 27 34
123 27 35
123 28 36
123 29 37
123 30 38
123 31 36
123 31 39
123 32 40
123 33 34
123 33 41
123 34 42
123 36 43
123 37 43
123 38 44
123 39 41
123 39 45
123 40 46
123 41 47
123 42 48
123 45 49
123 46 50
123 47 51
123 48 52
123 48 53
123 49 54
123 50 55
123 51 56
123 51 57
124 0 1
124 0 2
124 1 3
124 2 4
124 2 5
124 3 6
124 4 7
124 5 8
124 6 9
124 7 10
124 8 11
124 9 11
124 10 12
124 11 13
124 12 14
124 13 15
124 13 16
124 14 17
124 15 18
124 15 19
124 16 20
124 17 21
124 19 22
124 20 23
124 21 24
124 22 25
124 23 26
124 25 27
124 25 28
124 26 29
124 27 30
124 28 31
124 28 32
124 29 33
124 30 34
124 31 35
124 31 36
124 32 37
124 34 38
124 35 39
124 35 40
124 36 41
124 36 42
124 36 43
124 37 44
124 38 45
124 40 46
124 41 47
124 43 48
124 45 49
124 46 50
125 0 1
125 0 2
125 1 3
125 1 4
125 2 5
125 3 6
125 4 7
125 4 8
125 5 9
125 6 10
125 7 11
125 9 12
125 10 12
125 10 13
125 11 14
125 12 15
125 13 16
125 14 17
125 15 18
125 16 17
125 16 19
125 17 20
125 18 21
125 19 22
125 20 23
125 21 24
125 22 25
125 23 26
125 24 27
125 25 28
125 26 29
125 27 30
125 28 31
125 30 32
125 31 33
125 31 34
125 32 35
125 33 36
125 34 37
125 35 38
125 37 39
125 38 40
125 39 41
125 40 42
125 41 43
125 43 44
125 44 45
125 45 46
125 46 47
125 47 48
125 48 49
125 49 50
125 50 51
125 51 52
125 52 53
125 53 54
125 54 55
125 55 56
125 56 57
125 57 58
125 58 59
125 59 60
125 60 61
125 61 62
126 0 1
126 0 2
126 1 3
126 2 4
126 2 5
126 3 6
126 4 7
126 4 8
126 5 9
126 7 8
127 0 1
127 0 2
127 1 3
127 2 4
127 4 5
127 5 6
127 5 7
127 6 8
127 7 9
127 7 10
127 7 11
127 8 12
127 8 13
127 9 14
127 9 15
127 10 16
127 11 17
127 12 14
127 12 18
127 13 19
127 14 20
127 15 21
127 16 22
127 17 23
127 18 24
127 19 25
127 20 26
127 21 27
127 27 28
127 28 29
127 29 30
127 30 31
127 31 32
127 32 33
127 32 34
127 33 35
127 33 36
127 34 37
127 35 38
127 37 39
127 38 40
127 39 41
127 40 42
127 42 43
127 43 44
127 44 45
127 45 46
127 45 47
127 45 48
127 46 49
127 48 50
127 49 51
127 50 52
127 51 53
127 52 54
127 53 55
127 54 56
127 55 57
127 55 58
127 56 59
127 57 60
127 57 61
127 58 62
127 58 63
127 59 64
127 61 65
127 62 66
127 63 67
127 63 68
127 64 69
128 0 1
128 1 2
128 2 3
128 2 4
128 3 5
128 4 6
128 5 7
128 6 8
128 7 9
128 8 10
128 9 11
128 10 12
128 11 13
128 12 14
128 12 15
128 13 16
128 14 17
128 15 18
128 16 19
128 17 20
128 18 21
128 19 22
128 20 23
128 21 24
128 22 25
128 23 26
128 24 27
128 25 28
128 26 28
128 26 29
128 27 30
128 27 31
128 28 32
128 29 33
128 29 34
128 29 35
128 30 36
128 31 37
128 32 38
128 33 39
128 34 40
128 35 41
128 39 42
128 40 43
128 41 44
128 42 45
128 43 46
128 44 47
128 45 48
128 46 49
128 47 50
128 48 51
128 48 52
128 49 53
128 49 54
128 50 55
128 51 56
128 52 57
128 53 58
128 54 59
128 54 60
128 55 61
128 56 62
128 57 63
128 58 64
128 59 65
128 61 66
128 62 67
128 63 68
128 65 69
128 66 70
128 67 71
128 68 72
128 69 73
128 69 74
128 70 75
128 71 76
128 72 73
128 72 77
128 73 78
128 74 79
128 75 80
128 76 81
128 77 82
128 78 83
128 78 84
128 79 85
128 80 86
128 81 87
128 85 88
128 87 89
128 88 90
128 89 91
128 91 92
128 92 93
128 93 94
128 94 95
128 95 96
128 96 97
128 97 98
128 98 99
128 99 100
128 100 101
128 101 102
128 102 103
128 103 104
128 104 105
128 105 106
128 106 107
128 107 108
129 0 1
129 0 2
129 1 3
129 2 4
129 3 5
129 4 6
129 5 7
129 6 8
129 7 9
129 8 10
129 8 11
129 9 12
129 10 13
129 11 14
129 12 15
129 12 16
129 12 17
129 13 18
129 14 18
129 15 19
129 16 20
129 17 21
129 19 22
129 20 23
129 21 24
129 22 25
129 24 26
129 24 27
129 25 28
129 26 29
129 27 30
129 28 31
129 29 32
129 30 33
129 32 34
129 33 35
129 34 36
130 0 1
130 0 2
130 0 3
130 1 4
130 2 5
130 3 4
130 3 6
130 5 7
130 6 8
130 7 9
130 8 10
130 9 11
130 10 12
130 11 13
130 12 14
130 12 15
130 13 16
130 14 17
130 15 18
130 16 19
130 16 20
130 17 21
130 18 22
130 19 23
130 21 24
130 21 25
130 22 26
130 23 27
130 23 28
130 24 29
130 25 27
130 25 30
130 26 31
130 28 32
130 29 32
130 29 33
130 31 34
130 32 35
130 32 36
130 33 37
130 34 38
130 34 39
130 35 40
130 37 41
130 37 42
130 38 43
130 40 44
130 41 45
130 42 43
130 42 46
130 43 47
130 46 48
130 47 48
130 47 49
130 48 50
130 49 51
130 49 53
130 50 52
130 50 54
130 51 53
130 52 55
130 53 56
130 55 57
130 56 58
130 57 59
130 58 60
130 59 61
130 60 62
130 61 63
130 62 64
130 63 65
130 64 66
130 65 67
130 66 68
130 67 69
130 68 70
130 70 71
130 71 72
130 72 73
130 73 74
130 74 75
130 75 76
131 0 1
131 0 2
131 1 3
131 2 4
131 3 5
131 4 6
131 5 7
131 6 8
131 7 9
131 8 10
131 9 11
131 10 12
131 10 13
131 10 14
131 11 15
131 12 16
131 13 17
131 14 18
131 15 19
131 16 20
131 17 21
131 20 22
131 21 23
131 22 24
131 23 25
131 24 26
131 25 27
131 26 28
131 26 29
131 27 30
131 29 31
131 30 32
131 31 33
131 32 34
131 33 35
131 34 36
131 35 37
131 36 38
131 37 39
131 38 40
131 39 41
131 41 42
131 42 43
131 42 44
131 43 45
131 44 46
131 45 47
131 46 48
131 47 49
131 48 50
131 49 51
131 50 52
132 0 1
132 0 2
132 1 3
132 2 4
132 3 5
132 4 6
132 5 7
132 6 8
132 7 9
132 7 10
132 8 11
132 9 12
132 10 13
132 11 14
132 12 15
132 13 16
132 14 17
132 15 18
132 16 19
132 17 20
132 18 21
132 19 22
132 20 23
132 21 24
132 21 25
132 22 26
132 23 27
132 24 28
132 25 28
132 26 29
132 26 30
132 27 31
132 28 32
132 28 33
132 29 34
132 31 35
132 32 36
132 33 37
132 34 38
132 35 39
132 36 40
132 37 41
132 38 42
132 39 43
132 41 44
132 42 45
132 43 46
132 44 47
132 45 48
132 46 49
132 48 50
132 49 51
132 49 52
132 50 53
132 51 54
132 52 55
132 53 56
132 54 57
132 55 58
132 56 59
132 57 60
132 59 61
132 60 62
132 61 63
132 62 64
132 62 65
132 62 66
132 63 67
132 64 68
132 64 69
132 64 70
132 68 71
132 69 72
132 71 73
132 72 74
133 0 1
133 0 2
133 1 3
133 1 4
133 2 5
133 3 6
133 4 7
133 5 8
133 6 9
133 7 10
133 8 11
133 9 12
133 10 13
133 11 14
133 12 15
133 13 16
133 14 17
133 15 18
133 16 19
133 17 20
133 18 21
133 19 22
133 21 23
133 22 23
133 22 24
133 22 25
133 23 26
133 24 27
133 25 28
133 26 29
133 27 30
133 28 31
133 29 32
133 29 33
133 31 34
133 32 35
133 34 36
133 35 37
133 36 38
133 36 39
133 36 40
133 36 41
133 37 42
133 38 43
133 39 44
133 40 45
133 40 46
133 41 47
133 44 48
133 45 49
133 46 50
133 47 51
133 48 52
133 49 53
133 50 54
133 53 55
133 54 56
133 55 57
133 56 58
133 57 59
133 58 60
133 59 61
133 60 62
133 61 63
133 62 64
133 63 65
133 64 66
133 65 67
133 66 68
133 67 69
133 67 70
133 68 71
133 69 72
133 69 73
133 71 74
133 72 75
133 75 76
133 76 77
133 77 78
133 78 79
133 79 80
133 80 81
133 81 82
133 82 83
133 83 84
133 84 85
133 85 86
133 86 87
133 87 88
133 88 89
133 89 90
133 90 91
133 91 92
133 92 93
133 93 94
133 94 95
133 95 96
133 96 97
133 97 98
134 0 1
134 0 2
134 0 3
134 1 4
134 3 5
134 4 6
134 4 7
134 5 8
134 6 9
134 7 10
134 8 11
134 9 12
134 11 13
134 12 14
134 13 15
134 14 16
134 15 17
134 16 18
134 17 19
134 18 20
134 19 21
134 20 22
134 21 23
134 22 24
134 23 25
134 24 26
134 26 27
134 27 28
134 28 29
134 29 30
134 30 31
134 30 32
134 31 33
134 32 34
134 33 35
134 34 36
134 34 37
134 34 38
134 35 39
134 36 40
134 37 41
134 38 42
134 39 41
134 39 43
134 40 44
134 41 45
134 42 46
134 44 47
134 44 48
134 45 49
134 46 50
134 47 50
134 48 51
134 50 52
134 51 53
134 52 54
134 53 55
134 54 56
134 55 57
134 57 58
134 58 59
134 59 60
134 60 61
134 61 62
134 62 63
135 0 1
135 1 2
135 2 3
135 3 4
135 4 5
135 4 8
135 4 9
135 4 10
135 5 6
135 5 7
135 5 11
135 6 12
135 6 13
135 7 14
135 8 15
135 9 16
135 10 17
135 10 18
135 12 19
135 13 20
135 14 21
135 15 22
135 15 23
135 16 24
135 16 25
135 17 26
135 18 27
135 19 28
135 20 29
135 21 30
135 22 31
135 23 32
135 24 33
135 24 34
135 31 33
136 0 1
136 0 2
136 1 3
136 2 4
136 3 5
136 3 6
136 3 7
136 4 7
136 4 8
136 5 9
136 6 10
136 7 11
136 8 12
136 9 13
136 10 14
136 11 15
136 12 16
136 13 17
136 14 18
136 15 19
136 16 20
136 17 21
136 18 22
136 18 23
136 19 24
136 20 25
136 20 26
136 21 27
136 26 28
136 26 29
136 27 30
136 28 31
136 29 32
136 30 33
136 31 34
136 32 35
136 33 36
136 34 37
136 35 38
136 36 39
136 37 40
136 37 41
136 38 42
136 39 43
136 40 44
136 41 45
136 42 46
136 43 47
136 44 48
136 45 49
136 46 48
136 47 49
137 0 1
137 0 2
137 1 3
137 2 4
137 3 5
137 4 6
137 5 7
137 6 8
137 7 9
137 8 10
137 9 11
137 10 12
137 11 13
137 12 14
137 13 15
137 13 16
137 14 17
137 15 18
137 16 19
137 17 20
137 18 21
137 19 22
137 20 23
137 21 24
137 22 25
137 23 26
137 24 27
137 25 28
137 26 29
137 27 30
137 28 31
137 29 32
137 29 33
137 30 34
137 31 35
137 32 34
137 32 36
137 33 37
137 34 38
137 35 39
137 36 40
137 37 41
137 38 42
137 39 43
137 39 44
138 0 1
138 0 2
138 1 3
138 2 4
138 3 5
138 4 6
138 5 7
138 6 8
138 7 9
138 8 10
138 8 11
138 8 12
138 9 13
138 10 14
138 11 15
138 11 16
138 12 17
138 13 18
138 14 19
138 15 20
138 16 21
138 16 22
138 17 23
138 18 24
139 0 1
139 0 2
139 1 3
139 2 4
139 3 5
139 4 6
139 5 7
139 6 8
139 7 9
139 7 10
139 8 11
139 9 12
139 9 13
139 10 14
139 11 15
139 12 16
139 13 17
139 14 18
139 15 19
139 15 20
139 16 21
139 17 22
139 18 23
139 19 24
139 21 25
139 22 26
139 23 27
139 23 28
139 23 29
139 24 30
139 27 31
139 29 30
139 29 32
139 29 33
139 30 34
139 31 35
139 32 36
139 33 37
139 34 38
139 35 39
139 36 40
139 37 41
139 40 42
139 41 43
139 41 44
139 42 45
139 43 46
139 43 47
139 43 48
139 44 49
139 45 50
139 46 51
139 47 52
139 50 53
139 51 54
139 52 55
139 52 56
139 53 57
139 54 56
139 54 58
139 55 59
139 56 60
139 57 61
139 57 62
139 57 63
139 58 64
139 59 65
139 60 65
139 60 66
139 60 67
139 61 68
139 62 69
139 63 70
139 64 71
139 65 72
139 66 73
139 67 73
139 68 74
139 70 75
139 70 76
139 71 77
139 72 77
139 72 78
139 73 79
139 74 80
139 75 81
139 76 82
139 77 83
139 78 84
139 79 85
139 79 86
139 80 82
139 80 87
139 81 88
139 85 87
139 85 89
139 86 90
139 87 91
139 88 92
139 90 93
139 91 94
139 92 95
139 93 96
139 94 97
139 95 98
139 96 99
139 97 100
139 98 101
139 99 102
139 100 103
139 101 104
140 0 1
140 0 2
140 1 3
140 1 4
140 2 5
140 3 6
140 4 7
140 4 8
140 5 9
140 6 10
140 7 11
140 8 12
140 9 13
140 10 14
140 11 15
140 12 16
140 12 17
140 13 18
140 14 19
140 15 20
140 16 21
140 18 22
140 19 23
140 20 23
140 21 24
140 22 25
140 23 26
140 24 27
140 24 28
140 25 29
140 26 30
140 27 31
140 28 32
140 28 33
140 28 34
140 29 35
140 30 36
140 31 37
140 32 38
140 32 39
140 33 40
140 34 41
140 35 42
140 36 43
140 37 44
140 38 45
140 39 46
140 40 47
140 41 48
140 42 49
140 42 50
140 44 51
140 44 52
140 45 53
140 46 54
140 47 55
140 52 56
140 53 57
140 56 58
140 57 59
140 58 60
140 59 61
140 60 62
140 61 63
140 61 64
140 61 65
140 61 66
140 62 67
140 63 65
140 63 68
140 64 69
140 65 70
140 66 71
140 67 72
140 67 73
140 70 74
140 71 75
140 72 76
140 73 77
140 74 78
140 75 79
140 77 80
140 77 81
140 78 82
140 79 83
140 80 84
140 81 85
140 82 86
140 83 87
140 84 88
140 85 89
140 86 90
140 87 91
140 88 92
140 89 93
140 90 94
140 94 95
140 95 96
140 96 97
140 97 98
140 98 99
140 99 100
140 100 101
140 101 102
140 102 103
140 103 104
140 104 105
140 105 106
140 106 107
140 107 108
141 0 1
141 0 2
141 0 3
141 0 4
141 0 5
141 1 6
141 2 4
141 2 7
141 3 8
141 5 9
141 5 10
141 6 11
141 6 12
141 7 13
141 8 14
141 9 15
141 10 16
141 11 17
141 12 18
141 13 19
141 14 20
141 16 21
141 17 22
141 18 23
141 19 24
141 19 25
141 19 26
141 20 27
141 21 28
141 24 29
141 25 30
141 25 31
141 26 32
141 26 33
141 27 34
141 27 35
141 28 36
141 29 37
141 30 38
141 31 39
141 32 40
141 33 41
141 34 42
141 35 43
141 36 44
141 38 45
141 39 46
141 40 47
141 42 48
141 43 49
141 44 50
141 45 51
141 45 52
141 46 53
141 47 54
141 48 55
141 49 56
141 50 57
141 51 58
141 52 59
141 53 60
141 54 61
141 55 62
141 56 63
141 61 64
141 62 65
141 64 66
141 65 67
141 67 68
141 68 69
141 69 70
141 70 71
141 71 72
141 72 73
141 73 74
141 74 75
141 75 76
141 76 77
141 77 78
141 78 79
141 79 80
141 80 81
141 81 82
141 82 83
141 83 84
141 84 85
141 85 86
141 86 87
141 87 88
141 88 89
141 89 90
141 90 91
141 91 92
141 92 93
141 93 94
141 94 95
141 95 96
141 96 97
141 97 98
141 98 99
141 99 100
141 100 101
141 101 102
141 102 103
141 103 104
141 104 105
141 105 106
141 106 107
141 107 108
141 108 109
141 109 110
141 110 111
141 111 112
141 112 113
141 113 114
141 114 115
141 115 116
141 116 117
141 117 118
141 118 119
142 0 1
142 0 2
142 1 3
142 1 4
142 2 5
142 3 6
142 4 7
142 5 8
142 6 9
142 7 10
142 8 11
142 9 12
142 9 13
142 10 14
142 10 15
142 11 16
142 12 15
142 12 17
142 12 18
142 13 14
142 13 19
142 14 20
142 15 21
142 16 22
142 16 23
142 17 24
142 18 25
142 19 23
142 19 26
142 20 27
142 20 28
142 21 29
142 22 30
142 24 31
142 25 32
142 28 32
142 28 33
142 29 34
142 30 35
142 31 36
142 32 37
142 33 38
142 34 39
142 34 40
142 37 41
142 37 42
142 38 43
142 39 44
142 40 45
142 41 46
142 42 47
142 45 48
142 46 49
142 47 50
142 48 51
142 49 52
142 49 53
142 50 54
142 51 55
142 52 56
142 53 57
142 53 58
142 54 59
142 55 60
142 57 61
142 58 62
142 59 63
142 59 64
142 59 65
142 60 66
142 61 67
142 62 68
142 63 69
142 64 70
142 65 71
142 66 72
142 67 73
142 68 74
142 69 75
142 70 73
142 70 76
142 71 77
143 0 1
143 0 2
143 1 3
143 1 4
143 2 5
143 3 6
143 4 7
143 5 8
143 6 9
143 7 10
143 9 11
143 9 12
143 10 13
143 11 14
143 12 15
143 13 16
143 14 17
143 16 18
143 17 19
143 18 20
143 19 21
143 20 22
143 21 23
143 22 24
143 24 25
143 25 26
143 26 27
143 26 28
143 27 29
143 28 30
143 29 31
143 30 32
143 31 33
143 32 34
143 33 35
143 34 36
143 34 37
143 36 38
143 37 39
143 38 40
143 39 41
143 40 42
143 40 43
143 41 44
143 42 45
143 43 46
143 44 47
143 45 48
143 46 49
143 47 50
143 49 51
143 50 52
143 51 53
143 52 54
143 53 55
143 54 56
143 55 57
143 56 58
143 57 59
143 58 60
143 59 61
143 60 62
143 62 63
143 63 64
143 64 65
143 65 66
143 66 67
143 67 68
143 68 69
143 69 70
143 70 71
143 71 72
143 72 73
144 0 1
144 0 2
144 1 3
144 2 4
144 3 5
144 5 6
144 6 7
144 6 8
144 6 9
144 7 10
144 8 11
144 9 12
144 10 13
144 10 14
144 11 15
144 12 16
144 14 17
144 15 18
144 16 19
144 17 20
144 17 21
144 18 22
144 19 23
144 20 24
144 21 25
144 22 26
144 23 27
144 24 28
144 25 29
144 28 30
144 29 31
144 30 32
144 31 33
144 32 34
144 33 35
144 34 36
144 35 37
144 37 38
144 38 39
144 39 40
144 40 41
144 41 42
144 42 43
144 43 44
144 44 45
144 44 46
144 46 47
144 47 48
144 48 49
144 49 50
144 50 51
144 50 52
144 51 53
144 52 54
144 53 55
144 54 56
144 54 57
144 55 58
144 57 59
144 59 60
144 60 61
144 61 62
144 62 63
144 63 64
144 64 65
144 65 66
144 66 67
144 67 68
144 68 69
145 0 1
145 0 2
145 1 3
145 2 4
145 3 5
145 3 6
145 4 7
145 4 8
145 5 9
145 6 10
145 7 11
145 7 12
145 9 13
145 10 13
145 10 14
145 11 15
145 12 16
145 12 17
145 13 18
145 13 19
145 14 20
145 16 21
145 17 22
145 18 23
145 19 24
145 20 25
145 21 26
145 22 27
145 23 28
145 24 29
145 25 30
145 26 31
145 27 32
145 27 33
145 28 34
145 29 35
145 30 36
145 32 37
145 33 38
145 34 39
145 35 40
145 36 41
145 37 42
145 38 43
145 41 44
145 42 45
145 43 46
145 43 47
145 44 48
145 45 49
145 46 50
145 46 51
145 47 52
145 48 53
145 49 54
145 50 55
145 52 56
146 0 1
146 1 2
146 2 3
146 3 4
146 4 5
146 4 6
146 5 7
146 5 8
146 5 9
146 6 10
146 7 11
146 8 12
146 10 13
146 11 14
146 12 15
146 13 16
146 14 17
146 15 18
146 16 19
146 16 20
146 18 21
146 19 22
146 20 23
146 21 24
146 22 25
146 22 26
146 23 27
146 24 28
146 25 29
146 26 30
146 27 31
146 28 32
146 29 33
146 30 34
146 31 35
146 32 36
146 34 37
146 35 38
146 36 39
146 36 40
146 37 41
146 38 42
146 39 43
146 39 44
146 40 45
146 41 46
146 42 47
146 43 48
146 45 49
146 46 50
146 47 51
146 48 52
146 49 53
146 50 54
146 51 55
146 52 56
146 53 57
146 54 58
146 55 59
146 56 60
146 57 61
146 58 62
146 59 63
146 61 64
146 62 65
146 63 66
146 65 67
146 66 68
146 67 69
146 69 70
146 70 71
146 70 72
146 71 73
146 72 74
146 73 75
146 74 76
146 75 77
146 76 78
146 77 79
146 78 80
146 79 81
146 80 82
146 82 83
146 83 84
146 84 85
146 85 86
146 86 87
146 87 88
147 0 1
147 0 2
147 1 3
147 2 4
147 3 5
147 4 6
147 5 7
147 5 8
147 6 9
147 7 10
147 8 11
147 8 12
147 9 13
147 10 14
147 11 15
147 12 16
147 13 17
147 14 18
147 14 19
147 15 20
147 16 21
147 17 22
147 18 23
147 19 24
147 20 25
147 21 26
147 22 27
147 23 28
147 23 29
147 23 30
147 25 31
147 28 32
147 28 33
147 29 34
147 30 35
147 31 36
147 32 37
147 32 38
147 33 39
147 34 40
147 36 41
147 37 42
147 38 43
147 38 44
147 39 45
147 40 46
147 41 42
147 41 47
147 42 48
147 43 49
147 45 50
147 46 51
147 47 52
147 48 53
147 49 54
147 50 55
147 51 56
147 52 57
147 53 58
147 54 59
147 55 60
147 55 61
147 56 57
147 56 62
147 57 63
147 57 64
147 58 65
147 60 66
147 61 67
147 62 68
147 63 69
147 65 70
147 70 71
147 71 72
147 72 73
147 73 74
147 74 75
147 75 76
147 76 77
148 0 1
148 0 2
148 1 3
148 2 4
148 3 5
148 4 6
148 5 7
148 6 8
148 7 9
148 7 10
148 8 11
148 9 12
148 9 13
148 10 14
148 10 15
148 11 16
148 12 17
148 12 23
148 13 18
148 13 19
148 13 22
148 14 20
148 14 21
148 14 24
148 15 22
148 16 25
148 17 26
148 18 27
148 19 28
148 20 29
148 21 29
148 21 30
148 22 31
148 23 27
148 27 30
148 27 32
148 28 33
148 29 34
148 30 35
148 31 36
148 31 37
148 36 38
148 37 39
148 37 40
148 38 41
148 40 42
148 41 43
148 42 44
148 43 45
148 44 46
148 45 47
148 46 48
148 47 49
148 48 50
148 49 51
148 50 52
148 51 53
148 52 54
149 0 1
149 0 2
149 1 3
149 2 4
149 3 5
149 4 6
149 5 7
149 6 8
149 7 9
149 8 10
149 9 11
149 9 12
149 10 13
149 11 14
149 11 15
149 12 16
149 13 17
149 15 18
149 15 19
149 16 20
149 16 21
149 17 22
149 18 23
149 19 24
149 20 25
149 21 26
149 22 27
149 23 28
149 24 28
149 25 29
149 26 30
149 27 31
149 29 32
149 29 33
149 30 34
149 31 35
149 32 36
149 33 37
149 34 38
149 35 39
149 36 40
149 37 41
149 38 42
149 39 43
149 40 44
149 41 45
149 42 46
149 43 47
149 44 48
149 45 49
149 46 50
149 47 51
149 48 52
149 49 53
149 50 54
149 51 55
149 52 56
149 52 57
149 53 58
149 54 59
149 55 60
149 57 61
149 58 62
149 59 63
149 60 64
149 61 65
149 62 66
149 64 67
149 64 68
149 65 69
149 66 70
149 69 71
149 70 72
149 71 73
149 72 74
149 73 75
149 74 76
149 75 77
149 76 78
149 77 79
149 78 80
149 80 81
149 81 82
149 82 83
149 83 84
149 84 85
149 85 86
149 86 87
149 87 88
149 88 89
149 89 90
149 90 91
149 91 92
149 92 93
149 93 94
149 94 95
149 95 96
149 96 97
149 97 98
149 98 99
149 99 100
150 0 1
150 1 2
150 1 3
150 2 4
150 3 5
150 4 6
150 4 7
150 5 8
150 6 9
150 7 10
150 8 11
150 9 12
150 10 11
150 10 13
150 11 14
150 13 15
150 14 16
150 15 17
150 17 18
151 0 1
151 1 2
151 2 3
151 3 4
151 4 5
151 4 6
151 5 7
151 6 8
151 7 9
151 8 10
151 9 11
151 11 12
151 11 13
151 11 14
151 11 15
151 11 16
151 12 17
151 13 18
151 13 19
151 13 20
151 14 21
151 15 22
151 17 23
151 18 24
151 19 25
151 20 26
151 22 27
151 23 28
151 24 29
151 25 30
151 26 31
151 27 32
151 28 33
151 29 34
151 30 35
151 31 36
151 32 37
151 34 38
151 35 39
151 36 40
151 37 41
151 38 42
151 39 43
151 39 44
151 40 45
151 41 46
151 42 47
151 43 48
151 44 49
151 45 50
151 46 51
151 47 52
151 48 53
151 49 54
151 50 55
151 51 56
151 52 57
151 53 58
151 54 59
151 55 60
151 56 61
151 57 62
151 58 63
151 59 64
151 60 65
151 61 66
151 62 67
151 63 68
151 68 69
151 69 70
151 69 71
151 69 72
151 70 73
151 71 74
151 72 75
151 72 76
151 73 77
151 74 78
151 75 79
151 76 80
151 77 81
151 79 82
151 80 83
151 81 84
151 82 85
151 83 86
151 84 87
151 87 88
151 88 89
151 89 90
151 90 91
151 91 92
151 92 93
151 93 94
151 94 95
151 95 96
151 96 97
151 97 98
152 0 1
152 0 2
152 1 3
152 2 4
152 3 5
152 4 6
152 5 7
152 5 8
152 6 9
152 7 10
152 9 11
152 10 12
152 10 13
152 11 14
152 12 15
152 13 16
152 13 17
152 14 18
152 14 19
152 15 20
152 16 21
152 17 22
152 18 23
152 19 24
152 20 25
152 21 26
152 22 27
152 24 28
152 25 29
152 26 30
152 26 31
152 26 32
152 27 33
152 28 33
152 28 34
152 29 35
152 31 36
152 33 37
152 34 38
152 36 38
152 36 39
152 37 40
152 37 41
152 38 42
152 39 43
152 40 44
152 42 45
152 43 46
152 44 47
152 45 48
152 47 49
152 48 50
152 49 51
152 50 52
152 50 53
152 51 54
152 52 55
152 53 56
152 55 57
152 56 58
152 57 59
152 58 60
152 59 61
152 60 62
152 61 63
152 62 64
152 63 65
152 64 66
152 65 67
153 0 1
153 0 2
153 1 3
153 2 4
153 3 5
153 4 6
153 5 7
153 6 8
153 7 9
153 8 10
153 9 11
153 10 12
153 10 13
153 10 14
153 11 15
153 12 16
153 12 17
153 13 18
153 14 19
153 15 20
153 16 21
153 16 22
153 17 19
153 17 23
153 18 24
153 19 25
153 20 26
153 21 27
153 22 28
153 23 29
153 24 30
153 25 31
153 26 32
153 27 33
153 28 34
153 29 35
153 30 36
153 31 37
153 32 38
153 33 39
153 34 40
153 34 41
153 35 42
153 36 43
153 37 44
153 38 45
153 39 46
153 39 47
153 40 48
153 41 49
153 41 50
153 42 51
153 43 52
153 43 54
153 44 53
153 44 55
153 44 56
153 45 47
153 45 57
153 46 51
153 46 58
153 47 59
153 48 60
153 49 61
153 55 62
153 56 63
153 58 64
153 59 65
153 61 66
153 62 67
153 63 68
153 64 65
153 64 69
153 64 70
153 65 70
153 65 71
153 66 72
153 67 73
153 67 74
153 68 75
154 0 1
154 0 2
154 0 3
154 1 4
154 2 5
154 2 6
154 3 7
154 4 8
154 5 9
154 6 10
154 8 11
154 9 12
154 10 13
154 10 14
154 11 15
154 12 16
154 14 17
154 15 18
154 15 19
154 16 20
154 17 21
154 18 22
154 19 23
154 20 24
154 21 25
154 22 26
154 22 27
154 23 28
154 24 29
154 25 30
154 26 31
154 26 32
154 28 33
154 28 34
154 29 35
154 30 36
154 31 35
154 33 37
154 33 38
154 34 39
154 35 40
154 35 41
154 36 42
154 37 43
154 38 44
154 39 45
154 40 46
154 40 47
154 42 48
154 43 49
154 44 50
154 45 51
154 46 52
154 47 53
154 48 54
154 49 55
154 50 56
154 51 57
154 52 58
154 53 59
154 54 60
154 55 61
154 56 62
154 57 63
155 0 1
155 0 2
155 1 3
155 2 4
155 3 5
155 4 6
155 4 7
155 5 8
155 6 9
155 7 10
155 8 11
155 9 12
155 10 13
155 10 14
155 11 15
155 12 16
155 12 17
155 13 18
155 14 19
155 15 20
155 16 21
155 17 22
155 18 23
155 19 24
155 20 25
155 20 26
155 22 27
155 23 28
155 24 29
155 24 30
155 25 31
155 27 32
155 28 33
155 29 34
155 30 35
155 31 36
155 32 37
155 32 38
155 33 39
155 34 40
155 35 41
155 37 42
155 38 43
155 39 44
155 40 45
155 40 46
155 41 47
155 42 48
155 43 49
155 44 50
155 45 51
155 46 52
155 46 56
155 47 53
155 47 54
155 47 57
155 48 55
155 48 58
155 49 59
155 51 60
155 52 60
155 52 61
155 53 62
155 58 63
155 59 64
155 60 65
155 61 66
155 64 67
155 65 68
155 65 69
155 66 70
155 68 71
155 69 72
155 70 73
155 72 74
155 73 75
155 74 76
155 75 77
155 76 78
155 77 79
155 78 80
155 79 81
155 80 82
155 81 83
155 82 84
155 83 85
155 84 86
155 85 87
155 86 88
155 87 89
155 89 90
155 90 91
156 0 1
156 0 2
156 1 3
156 2 4
156 3 5
156 3 6
156 4 7
156 5 8
156 7 9
156 9 10
156 10 11
156 11 12
156 12 13
156 13 14
156 13 15
156 13 16
156 13 17
156 14 18
156 15 19
156 16 20
156 17 21
156 18 22
156 19 22
156 20 23
156 21 24
156 22 25
156 23 26
156 24 27
156 26 28
156 27 29
156 27 30
156 28 31
156 29 32
156 30 33
156 31 34
156 32 35
156 32 36
156 33 37
156 34 38
156 35 39
156 36 40
156 37 41
156 38 42
156 39 43
156 41 44
156 42 45
156 45 46
156 46 47
156 47 48
156 48 49
156 49 50
156 50 51
156 50 52
156 50 53
156 51 54
156 52 55
156 55 56
156 56 57
156 57 58
156 58 59
156 59 60
156 60 61
156 60 62
156 61 63
156 62 64
156 62 65
156 63 66
156 64 67
156 65 68
156 66 69
156 67 70
156 68 71
156 69 72
156 70 73
156 71 74
156 72 75
156 73 76
156 74 77
156 76 78
156 78 79
156 79 80
156 80 81
156 81 82
156 82 83
156 83 84
156 84 85
156 85 86
156 86 87
156 87 88
156 88 89
156 89 90
156 90 91
156 91 92
156 92 93
156 93 94
156 94 95
156 95 96
156 96 97
156 97 98
156 98 99
156 99 100
157 0 1
157 0 2
157 1 3
157 2 4
157 3 5
157 4 6
157 5 7
157 6 8
157 7 9
157 8 10
157 9 11
157 9 12
157 10 13
157 12 14
157 13 15
157 14 16
157 15 17
157 16 18
157 17 19
157 18 20
157 19 21
157 20 22
157 21 23
157 22 24
157 22 25
157 23 26
157 24 27
157 25 28
157 25 29
157 25 30
157 25 31
157 26 32
157 27 33
157 29 34
157 30 35
157 31 36
157 32 37
157 33 38
157 34 39
157 35 40
157 36 41
157 37 42
157 38 43
157 39 44
157 40 45
157 41 46
157 42 47
157 43 48
157 44 49
157 45 50
157 46 51
157 47 52
157 48 53
157 49 54
157 50 55
157 51 56
157 52 53
157 52 57
157 52 58
157 53 59
157 57 60
157 58 61
157 61 62
157 62 63
157 63 64
157 63 65
157 64 66
157 65 67
157 66 68
157 67 69
157 68 70
157 69 71
157 71 72
158 0 1
158 0 2
158 1 3
158 2 4
158 3 4
158 3 5
158 4 6
158 5 7
158 6 8
158 7 9
158 7 10
158 8 11
158 8 12
158 9 13
158 10 14
158 11 15
158 11 16
158 12 17
158 13 18
158 14 19
158 15 20
158 16 21
158 17 22
158 18 23
158 19 24
158 19 25
158 20 26
158 21 27
158 22 28
158 22 29
158 23 30
158 24 31
158 25 32
158 25 33
158 26 34
158 27 35
158 28 36
158 29 37
158 30 38
158 31 39
158 32 35
158 32 40
158 33 41
158 35 42
158 35 43
158 37 42
158 37 44
158 37 45
158 37 46
158 37 47
158 39 48
158 40 49
158 41 50
158 42 51
158 43 52
158 44 53
158 45 54
158 46 48
158 47 48
158 47 55
158 48 56
158 49 57
158 49 58
158 50 59
158 51 60
158 52 61
158 53 62
158 54 63
158 55 64
158 56 64
158 56 65
158 57 66
158 58 67
158 59 68
158 61 69
158 64 70
158 65 71
158 66 72
158 68 73
158 71 74
158 72 75
158 72 76
158 74 77
158 77 78
158 78 79
158 79 80
158 80 81
158 81 82
158 82 83
158 83 84
158 84 85
158 85 86
158 86 87
158 87 88
158 88 89
158 89 90
158 90 91
158 91 92
158 92 93
159 0 1
159 0 2
159 1 3
159 2 4
159 2 5
159 3 6
159 4 7
159 4 8
159 5 9
159 6 10
159 7 11
159 8 12
159 11 13
159 12 14
159 13 15
159 15 16
159 16 17
159 17 18
159 18 19
159 18 20
159 19 21
159 20 22
159 22 23
159 22 24
159 23 25
159 24 26
159 25 27
160 0 1
160 1 2
160 1 3
160 1 4
160 2 5
160 2 6
160 3 7
160 4 8
160 5 9
160 6 10
160 7 11
160 9 12
160 10 13
160 10 14
160 11 15
160 11 16
160 12 17
160 13 18
160 14 19
160 14 20
160 15 18
160 15 21
160 16 22
160 17 23
160 20 24
160 22 25
160 23 26
160 24 27
160 25 28
160 26 29
160 27 30
160 28 31
160 29 32
160 31 33
160 32 34
160 33 35
160 34 36
160 35 37
160 35 38
160 36 39
160 36 40
160 36 41
160 37 42
160 38 43
160 39 44
160 40 45
160 41 46
160 41 47
160 42 48
160 43 48
160 43 49
160 44 50
160 45 51
160 46 52
160 47 53
160 48 54
160 49 55
160 50 56
160 51 57
160 51 58
160 53 59
160 54 60
160 55 61
160 56 62
160 57 63
160 59 64
160 60 65
160 61 66
160 62 67
160 63 68
160 64 69
160 65 70
160 66 71
160 67 72
161 0 1
161 1 2
161 2 3
161 3 4
161 3 5
161 3 6
161 4 7
161 5 8
161 5 9
161 6 10
161 7 11
161 7 12
161 8 13
161 9 14
161 9 15
161 10 16
161 11 17
161 12 15
161 13 18
161 13 19
161 14 20
161 15 21
161 17 22
161 18 23
161 18 24
161 19 25
161 20 26
161 21 27
161 22 28
161 23 29
161 24 30
161 25 31
161 26 32
161 27 33
161 29 34
161 30 35
161 31 36
161 32 37
161 33 38
161 34 39
161 35 40
161 36 41
161 36 42
161 37 43
161 37 44
161 38 45
161 39 46
161 39 47
161 39 48
161 40 49
161 41 50
161 42 51
161 43 49
161 43 52
161 44 53
161 46 54
161 47 55
161 48 56
161 50 57
161 51 58
161 53 59
161 53 60
161 56 61
161 56 62
161 57 63
161 58 64
161 59 63
161 59 65
161 60 66
161 61 67
161 63 68
161 64 69
161 65 70
161 65 71
161 66 72
161 67 73
161 69 73
161 69 74
161 70 75
161 71 76
161 72 77
161 73 78
161 73 79
161 74 76
161 75 80
161 75 81
161 76 82
161 78 83
161 79 80
161 79 84
161 81 85
161 83 86
161 84 87
161 85 88
161 85 89
161 86 90
161 86 91
161 87 92
161 87 93
161 88 94
161 89 95
161 90 96
161 91 97
161 92 98
161 93 99
161 94 100
161 95 101
161 96 102
161 97 103
161 98 104
161 99 105
161 100 106
161 101 107
161 102 108
161 103 109
162 0 1
162 0 2
162 1 3
162 2 4
162 3 5
162 4 6
162 4 7
162 4 8
162 5 9
162 6 10
162 7 11
162 8 12
162 9 13
162 10 14
162 11 15
162 12 16
162 12 17
162 13 18
162 14 19
162 17 20
162 18 21
162 19 22
162 20 23
162 21 24
162 22 25
162 23 26
162 24 27
162 25 28
162 26 29
162 27 30
162 28 31
162 29 32
162 30 33
162 31 34
162 32 35
162 33 36
162 34 37
162 35 38
162 36 39
162 37 40
162 38 41
162 39 42
162 40 43
162 40 44
162 42 45
162 43 46
162 44 47
162 45 48
162 47 49
162 48 50
162 49 51
162 50 52
162 51 53
162 52 54
162 53 55
162 53 56
162 54 57
162 55 58
162 56 59
162 57 60
162 58 61
162 59 62
162 60 63
162 61 64
162 61 65
162 62 66
162 63 67
162 64 68
162 64 69
162 65 70
162 67 71
162 68 72
162 69 73
162 70 74
162 71 75
162 71 76
162 72 77
162 73 78
162 74 79
162 75 80
162 76 81
162 77 82
162 77 83
162 78 84
162 79 85
162 79 86
162 80 87
162 81 88
162 82 89
162 82 90
162 83 91
162 84 92
162 87 90
162 92 93
162 93 94
162 94 95
163 0 1
163 0 2
163 1 3
163 2 4
163 3 5
163 3 6
163 4 7
163 5 8
163 5 9
163 5 10
163 6 11
163 6 12
163 7 13
163 7 14
163 8 15
163 9 16
163 11 17
163 12 18
163 13 19
163 15 20
163 16 21
163 17 22
163 20 23
163 21 24
163 23 25
163 24 26
163 26 27
163 27 28
163 27 29
163 27 30
163 28 31
163 29 32
163 30 33
163 31 34
163 31 35
163 31 36
163 32 37
163 37 38
163 37 39
163 37 40
163 37 41
163 38 42
163 40 43
163 41 44
163 43 45
163 44 46
163 45 47
163 46 48
163 47 49
163 48 50
163 50 51
163 50 52
163 51 53
163 52 54
163 53 55
163 54 56
163 56 57
163 57 58
163 58 59
163 59 60
163 60 61
163 61 62
163 62 63
163 63 64
163 64 65
163 65 66
163 66 67
163 67 68
163 68 69
163 69 70
163 70 71
163 71 72
163 72 73
163 73 74
163 74 75
163 75 76
163 76 77
163 77 78
163 78 79
163 79 80
163 80 81
163 81 82
163 82 83
163 83 84
163 84 85
163 85 86
163 86 87
164 0 1
164 0 2
164 1 3
164 2 4
164 3 5
164 5 6
164 6 7
164 7 8
164 8 9
164 9 10
164 10 11
164 11 12
164 11 13
164 11 14
164 12 15
164 13 16
164 13 17
164 14 18
164 15 19
164 16 20
164 17 21
164 18 19
164 18 22
164 18 23
164 19 24
164 20 25
164 21 26
164 23 27
164 25 28
164 26 29
164 27 30
164 28 31
164 29 32
164 30 33
164 31 34
164 34 35
164 35 36
164 36 37
164 37 38
164 38 39
164 38 40
164 39 41
164 40 42
164 42 43
164 43 44
164 44 45
164 45 46
164 46 47
164 47 48
164 48 49
164 49 50
164 50 51
164 51 52
164 52 53
164 53 54
164 54 55
164 55 56
165 0 1
165 0 2
165 1 3
165 2 4
165 2 5
165 5 6
165 6 7
165 7 8
165 8 9
165 9 10
165 9 14
165 10 11
165 10 12
165 10 13
165 10 15
165 11 16
165 12 17
165 13 18
165 14 19
165 15 18
165 15 20
165 16 21
165 17 22
165 20 23
165 21 24
165 22 25
165 24 26
165 25 27
165 26 28
165 26 29
165 26 30
165 26 31
165 27 32
165 28 33
165 29 34
165 30 35
165 31 36
165 32 37
165 33 35
165 35 38
165 37 39
165 38 40
165 39 41
165 39 45
165 40 42
165 40 46
165 41 43
165 41 47
165 42 44
165 43 45
165 43 48
165 44 49
165 45 50
165 46 51
165 47 52
165 48 53
165 49 54
165 50 55
165 51 56
165 52 57
165 53 58
165 55 59
165 56 60
165 57 61
165 58 62
165 59 63
165 59 64
165 60 65
165 61 66
165 62 67
165 63 68
165 65 69
165 66 70
165 67 71
165 68 72
165 69 73
165 70 74
165 71 75
165 72 76
165 73 77
165 74 78
165 74 79
165 75 80
165 76 81
165 77 82
165 77 83
165 78 84
165 79 85
165 80 86
165 80 87
165 81 88
165 82 89
165 82 90
165 84 91
165 85 92
165 86 93
165 93 94
165 94 95
165 95 96
165 96 97
165 97 98
165 98 99
165 99 100
165 100 101
165 101 102
165 102 103
166 0 1
166 1 2
166 2 3
166 3 4
166 3 5
166 4 6
166 5 7
166 6 8
166 7 9
166 8 10
166 9 11
166 10 12
166 11 13
166 12 14
166 13 15
166 13 16
166 14 17
166 15 18
166 16 19
166 17 20
166 18 21
166 19 22
166 20 23
166 21 24
166 21 25
166 22 26
166 23 27
166 24 28
166 25 29
166 26 29
166 27 30
166 28 31
166 28 32
166 29 33
166 30 34
166 31 35
166 32 36
166 33 37
166 33 38
166 35 39
166 36 40
166 37 41
166 38 42
166 39 43
166 40 44
166 41 45
166 43 46
166 45 47
166 46 48
166 47 49
167 0 1
167 1 2
167 2 3
167 3 4
167 4 5
167 5 6
167 5 7
167 6 8
167 8 9
167 9 10
167 10 11
167 11 12
167 12 13
167 13 14
167 13 15
167 14 16
167 15 17
167 16 18
167 17 19
167 18 19
167 18 20
167 19 21
167 20 22
167 21 23
167 23 24
167 24 25
167 25 26
167 26 27
167 27 28
167 28 29
167 29 30
167 30 31
167 31 32
167 32 33
167 33 34
167 34 35
167 35 36
167 35 37
167 36 38
167 37 39
167 38 40
167 39 40
167 39 41
167 40 42
167 41 43
167 42 44
167 43 45
167 44 46
167 45 47
167 47 48
167 47 49
167 48 50
167 49 51
167 50 52
167 51 53
167 52 54
167 53 55
167 55 56
167 56 57
167 57 58
167 58 59
167 59 60
167 60 61
168 0 1
168 0 2
168 1 3
168 2 4
168 2 5
168 2 6
168 6 7
168 7 8
168 7 9
168 8 10
168 9 11
168 10 12
168 11 13
168 11 14
168 12 15
168 12 16
168 13 17
168 14 18
168 14 19
168 15 20
168 16 21
168 16 22
168 17 23
168 17 24
168 18 25
168 19 26
168 20 22
168 20 27
168 22 28
168 23 29
168 24 30
168 25 31
168 26 32
168 27 33
168 28 34
168 29 35
168 30 36
168 31 36
168 31 37
168 32 38
168 33 39
168 34 40
168 35 41
168 36 42
168 37 43
168 38 44
168 39 45
168 40 46
168 40 47
168 41 48
168 42 49
168 43 50
168 44 51
168 45 52
168 45 53
168 46 54
168 47 48
168 47 55
168 47 56
168 48 57
168 49 58
168 50 59
168 51 60
168 52 61
168 53 62
168 54 63
168 55 64
168 56 65
168 57 66
168 58 67
168 59 68
168 62 69
168 63 70
168 64 71
168 65 72
168 66 73
168 66 74
168 69 75
168 70 76
168 72 77
168 73 78
168 74 79
168 75 80
169 0 1
169 0 2
169 1 3
169 2 4
169 2 5
169 2 6
169 3 7
169 4 8
169 5 9
169 6 10
169 7 11
169 8 12
169 9 13
169 10 14
169 11 15
169 11 16
169 12 17
169 13 18
169 14 19
169 15 20
169 15 21
169 16 22
169 17 23
169 18 24
169 19 25
169 20 26
169 21 27
169 22 28
169 22 29
169 23 30
169 23 31
169 24 32
169 25 33
169 26 34
169 27 35
169 28 36
169 29 37
169 30 38
169 31 39
169 32 40
169 33 41
169 34 42
169 35 43
169 36 44
169 37 45
169 38 46
169 39 47
169 41 48
169 41 49
169 42 43
169 42 50
169 43 51
169 44 52
169 45 53
169 45 54
169 45 55
169 46 56
169 49 50
169 49 57
169 50 54
169 51 58
169 52 59
169 53 60
169 53 61
169 55 62
169 56 63
169 57 64
169 58 65
169 58 66
169 60 67
169 61 68
169 61 69
169 63 70
169 63 71
169 63 72
169 64 73
169 65 74
169 66 75
169 67 76
169 68 77
169 68 78
169 68 79
169 69 80
169 70 73
169 70 81
169 71 82
169 73 83
169 74 84
169 76 85
169 77 86
169 78 87
169 82 88
169 83 89
169 83 90
169 83 91
169 84 92
169 85 93
169 85 94
169 86 94
169 86 95
169 86 96
169 88 97
169 90 98
169 91 96
169 91 99
169 92 98
169 92 100
169 92 102
169 93 101
169 93 103
169 94 104
169 95 105
169 96 106
169 97 107
169 99 102
169 99 108
169 101 109
169 103 110
169 104 111
169 104 112
169 105 113
169 106 114
169 107 115
169 108 116
169 110 117
169 112 118
169 116 119
169 117 120
169 118 121
169 119 122
170 0 1
170 0 2
170 1 3
170 2 4
170 3 5
170 4 6
170 5 7
170 6 8
170 7 9
170 8 10
170 9 11
170 10 12
170 11 13
170 12 14
170 13 15
170 14 16
170 15 17
170 16 18
170 17 19
170 18 20
170 19 21
170 21 22
170 22 23
170 23 24
170 24 25
170 25 26
170 26 27
170 27 28
170 28 29
170 29 30
170 30 31
170 31 32
170 32 33
170 33 34
170 34 35
170 35 36
170 36 37
170 37 38
170 38 39
170 39 40
170 40 41
170 41 42
170 42 43
170 43 44
170 44 45
170 45 46
170 46 47
170 47 48
170 48 49
170 49 50
170 50 51
170 51 52
170 52 53
170 53 54
170 54 55
170 55 56
170 56 57
170 57 58
170 58 59
170 59 60
170 60 61
170 61 62
170 62 63
170 62 64
170 63 65
170 64 66
171 0 1
171 0 2
171 1 3
171 2 3
171 2 4
171 3 5
171 3 6
171 4 7
171 4 9
171 5 8
171 5 10
171 6 11
171 7 12
171 8 13
171 9 14
171 10 15
171 11 16
171 12 17
171 13 18
171 14 19
171 15 20
171 16 21
171 17 22
171 18 23
171 19 24
171 19 25
171 20 26
171 22 27
171 23 28
171 24 29
171 25 30
171 25 31
171 26 32
171 27 33
171 27 34
171 29 35
171 30 36
171 31 37
171 32 38
171 33 39
171 34 40
171 35 41
171 36 42
171 37 43
171 38 44
171 39 45
171 40 46
171 41 47
171 42 48
171 43 49
171 43 50
172 0 1
172 0 2
172 1 3
172 2 4
172 2 5
172 3 6
172 4 7
172 4 8
172 5 9
172 6 10
172 7 11
172 8 12
172 9 13
172 10 14
172 11 15
172 12 16
172 13 17
172 14 18
172 15 19
172 16 20
173 0 1
173 0 2
173 1 3
173 2 4
173 3 5
173 3 6
173 4 7
173 5 8
173 6 9
173 7 10
173 7 11
173 7 12
173 8 13
173 10 14
173 12 15
173 12 16
173 13 17
173 14 18
173 15 19
173 16 20
173 20 21
173 21 22
173 22 23
173 23 24
173 24 25
173 25 26
173 26 27
173 27 28
173 28 29
173 29 30
173 30 31
173 30 32
173 31 33
173 32 34
173 33 35
173 34 36
173 35 37
173 36 38
173 37 39
173 38 40
173 38 41
173 39 42
173 40 43
173 41 44
173 42 45
173 43 46
173 44 47
173 45 48
173 46 49
173 47 50
173 48 51
173 50 52
173 51 53
173 52 54
173 52 55
173 54 56
173 55 57
173 56 58
173 57 59
173 58 60
173 59 61
173 60 62
173 62 63
173 63 64
173 64 65
173 65 66
174 0 1
174 0 2
174 1 3
174 3 4
174 4 5
174 5 6
174 6 7
174 7 8
174 8 9
174 9 10
174 10 11
174 11 12
174 12 13
174 13 14
174 14 15
174 15 16
174 16 17
174 16 18
174 18 19
174 19 20
174 20 21
174 21 22
174 21 23
174 22 24
174 23 25
174 24 26
174 25 27
174 26 28
174 26 29
174 27 30
174 29 31
174 30 32
174 31 33
174 32 34
174 33 35
174 34 36
174 35 37
174 36 38
174 37 39
174 38 40
174 39 41
174 39 42
174 40 43
174 40 44
174 41 45
174 42 46
174 43 47
174 44 48
174 45 49
174 45 50
174 46 51
174 47 52
174 47 53
174 48 54
174 49 55
174 52 56
174 53 57
174 54 58
174 55 59
174 56 58
174 56 60
174 57 61
174 58 62
174 59 63
174 60 64
174 61 65
174 62 66
174 63 67
174 64 68
174 65 69
174 66 70
174 67 71
174 68 72
174 68 73
174 69 74
174 70 75
174 70 76
174 71 74
174 71 77
174 72 78
174 73 79
174 74 80
174 76 81
174 77 82
174 78 83
174 79 84
174 80 85
174 81 86
174 82 87
174 82 88
174 83 89
174 84 90
174 85 91
175 0 1
175 0 2
175 1 3
175 2 4
175 3 5
175 4 6
175 4 7
175 4 8
175 5 9
175 6 10
175 7 11
175 8 12
175 9 13
175 10 14
175 11 15
175 12 16
175 13 17
175 14 18
175 15 19
175 16 20
175 17 21
175 18 22
175 19 23
175 20 24
175 21 25
175 21 26
175 22 27
175 23 28
175 24 29
175 25 30
175 26 31
175 27 32
175 28 33
175 29 34
175 30 35
175 31 36
175 32 37
175 33 38
175 33 39
175 35 40
175 36 41
175 37 42
175 38 43
175 38 44
175 39 45
175 40 46
175 41 47
175 42 48
175 43 49
175 44 50
175 45 51
175 46 47
175 46 52
175 47 53
175 47 54
175 48 55
175 49 56
175 50 57
175 51 58
175 52 59
175 52 60
175 57 61
175 58 62
175 59 63
175 60 64
175 61 65
175 62 66
175 63 67
175 64 68
175 64 69
175 66 70
175 67 71
176 0 1
176 0 2
176 1 3
176 3 4
176 4 5
177 0 1
177 0 2
177 0 3
177 1 4
177 3 5
177 4 6
177 5 7
177 6 8
177 8 9
177 9 10
177 10 11
177 11 12
177 12 13
177 12 14
177 13 15
177 14 16
177 14 17
177 15 18
177 16 19
177 17 20
177 18 21
177 19 22
177 20 23
177 21 24
177 22 25
177 22 26
177 23 27
177 24 28
178 0 1
178 0 2
178 1 3
178 2 4
178 3 5
178 4 6
178 4 7
178 5 8
178 7 9
178 8 10
178 9 11
178 10 12
178 11 13
178 12 14
178 12 15
178 12 16
178 13 17
178 14 18
178 15 19
178 16 20
178 17 21
178 18 22
178 19 23
178 20 24
178 22 25
178 23 26
178 23 27
178 24 28
178 25 29
178 27 30
179 0 1
179 0 2
179 1 3
179 2 4
179 3 5
179 4 6
179 5 7
179 6 8
179 7 9
179 8 10
179 9 11
179 9 12
179 10 13
179 11 14
179 12 15
179 13 16
179 14 17
179 15 18
179 16 19
179 16 20
179 17 21
179 19 22
179 20 23
179 21 24
179 22 25
179 23 26
179 25 27
179 26 28
179 27 29
179 28 30
179 29 31
179 30 32
179 31 33
179 31 34
179 32 35
179 34 36
179 35 37
179 36 38
179 36 39
179 37 40
179 38 41
179 41 42
179 42 43
179 43 44
179 44 45
179 45 46
179 46 47
179 47 48
179 48 49
179 49 50
179 50 51
179 51 52
179 52 53
179 53 54
179 54 55
179 54 56
179 55 57
179 56 58
179 58 59
179 59 60
179 60 61
179 61 62
179 62 63
179 63 64
179 63 65
179 63 66
179 64 67
179 65 68
179 66 69
180 0 1
180 0 2
180 2 3
180 3 4
180 4 5
180 5 6
180 6 7
180 7 8
180 8 9
180 8 10
180 8 11
180 9 11
180 9 12
180 10 12
180 10 13
180 11 14
180 12 15
180 13 16
180 14 17
180 14 18
180 15 19
180 16 20
180 17 21
180 18 22
180 19 23
180 19 24
180 20 25
180 21 26
180 23 27
180 24 28
180 25 29
180 27 30
180 27 31
180 28 32
180 28 33
180 29 34
180 30 35
180 31 36
180 35 37
180 37 38
180 38 39
180 39 40
180 40 41
180 40 42
180 41 43
180 41 44
180 41 45
180 42 46
180 43 47
180 44 48
180 44 49
180 48 50
180 49 51
180 50 52
180 52 53
180 53 54
180 54 55
180 55 56
180 56 57
180 57 58
180 58 59
180 59 60
180 60 61
180 61 62
180 62 63
180 63 64
180 64 65
180 65 66
180 66 67
180 67 68
180 68 69
180 69 70
180 70 71
180 71 72
180 72 73
180 73 74
180 74 75
180 75 76
180 76 77
180 77 78
180 78 79
180 79 80
180 80 81
180 81 82
181 0 1
181 0 2
181 1 3
181 2 4
181 3 5
181 4 6
181 5 7
181 6 8
181 6 9
181 7 10
181 8 9
181 8 11
181 9 12
181 10 13
181 11 14
181 11 15
181 12 16
181 13 17
181 13 18
181 14 19
181 15 20
181 16 21
181 17 22
181 18 23
181 18 24
181 18 25
181 21 26
181 22 27
181 23 28
181 25 29
181 26 30
181 27 31
181 28 32
181 29 33
181 30 34
181 32 35
181 32 36
181 35 37
182 0 1
182 0 2
182 1 3
182 2 4
182 3 5
182 4 6
182 5 7
182 6 8
182 6 9
182 7 10
182 8 11
182 9 12
182 10 11
182 10 13
182 12 14
182 13 15
182 15 16
182 16 17
182 16 18
182 17 19
182 18 20
182 19 21
182 20 22
182 21 23
182 22 24
182 23 25
182 24 26
182 25 27
182 26 28
182 27 29
182 28 30
182 29 31
182 30 32
182 31 33
182 32 34
182 32 35
182 33 36
182 34 37
182 34 38
182 35 39
182 36 40
182 37 41
182 38 42
182 39 43
182 40 44
182 41 45
182 42 46
182 43 47
182 43 48
182 44 49
182 48 50
182 48 51
182 49 52
182 50 52
182 51 53
182 52 54
182 53 55
182 54 56
182 55 57
182 57 58
182 58 59
182 59 60
182 60 61
182 61 62
182 62 63
182 63 64
182 64 65
182 65 66
182 66 67
182 67 68
182 68 69
182 69 70
182 70 71
182 70 72
182 71 72
182 71 73
182 72 74
182 72 75
182 73 76
182 74 77
182 74 78
182 75 79
182 76 80
182 77 79
182 78 81
182 79 82
182 80 83
182 81 84
182 83 85
182 85 86
182 86 87
183 0 1
183 1 2
183 2 3
183 3 4
183 4 5
183 5 6
183 6 7
183 7 8
183 8 9
183 9 10
183 10 11
183 11 12
183 12 13
183 13 14
183 13 15
183 14 16
183 15 17
183 16 18
183 17 19
183 18 20
183 19 21
183 19 22
183 20 23
183 20 24
183 21 25
183 25 26
183 26 27
183 27 28
183 27 29
183 28 30
183 28 31
183 29 32
183 30 33
183 31 34
183 32 35
183 33 36
183 35 37
183 36 38
183 37 39
183 38 40
183 39 41
183 40 42
183 41 43
183 42 44
183 43 45
183 44 46
183 45 47
183 45 48
183 46 49
183 47 50
183 47 51
183 49 52
183 50 53
183 51 54
183 52 55
183 53 56
183 54 57
183 55 58
183 56 59
183 57 60
183 58 61
183 59 62
183 62 63
183 63 64
183 64 65
183 65 66
183 66 67
183 67 68
183 68 69
183 69 70
183 70 71
183 71 72
183 72 73
183 73 74
183 73 75
183 74 76
183 75 77
183 76 78
183 78 79
183 79 80
183 80 81
183 81 82
183 82 83
183 83 84
183 84 85
183 85 86
183 86 87
183 87 88
183 88 89
183 89 90
184 0 1
184 0 2
184 0 3
184 1 4
184 2 5
184 2 6
184 3 7
184 4 8
184 5 9
184 6 10
184 7 11
184 8 12
184 9 13
184 9 14
184 10 15
184 11 16
184 14 17
184 15 17
184 15 18
184 16 19
184 17 20
184 18 21
184 19 22
184 19 23
184 19 24
184 20 25
184 21 26
184 22 27
184 23 28
184 24 29
184 25 30
184 26 31
184 27 32
184 28 33
184 29 34
184 30 31
184 32 35
184 33 36
184 34 37
184 35 38
184 36 39
184 37 40
184 38 41
184 38 42
184 39 43
184 39 44
184 40 45
184 41 46
184 42 47
184 43 48
184 44 49
184 45 50
184 46 51
184 47 52
184 48 53
184 49 54
184 50 55
184 51 56
184 53 57
184 54 58
184 55 59
184 56 60
184 57 61
184 58 62
184 59 63
184 60 64
184 61 65
184 62 66
184 63 67
184 63 68
184 64 69
184 66 70
184 67 71
184 68 72
184 69 73
184 70 74
184 71 75
184 72 76
184 73 77
184 74 78
185 0 1
185 0 2
185 1 3
185 2 4
185 2 5
185 3 6
185 4 7
185 7 8
185 8 9
185 9 10
185 10 11
185 11 12
185 12 13
185 13 14
185 14 15
185 15 16
185 16 17
185 17 18
185 18 19
185 19 20
185 20 21
185 21 22
185 21 23
185 22 24
185 23 25
185 25 26
185 25 27
185 26 28
185 27 29
185 29 30
185 30 31
185 31 32
185 32 33
185 33 34
185 34 35
185 35 36
185 35 37
185 35 38
185 36 39
185 37 40
185 38 41
185 39 42
185 39 43
185 40 44
185 41 45
185 42 46
185 44 45
185 44 47
185 45 48
185 47 49
185 49 50
185 50 51
185 51 52
185 52 53
185 53 54
185 54 55
185 55 56
185 56 57
185 57 58
185 57 59
185 59 60
185 60 61
185 61 62
185 62 63
185 63 64
185 64 65
185 65 66
185 66 67
185 67 68
185 68 69
185 69 70
185 70 71
185 71 72
185 72 73
185 73 74
185 74 75
185 75 76
185 76 77
185 77 78
185 78 79
185 79 80
185 80 81
185 81 82
185 82 83
185 83 84
186 0 1
186 0 2
186 2 3
186 2 4
186 3 5
186 3 6
186 4 7
186 4 8
186 5 9
186 6 10
186 9 11
186 10 12
186 11 13
186 12 14
186 13 15
186 13 16
186 13 17
186 14 18
186 15 19
186 15 20
186 15 21
186 16 22
186 17 23
186 18 24
186 19 25
186 20 26
186 21 27
186 22 28
186 22 29
186 22 30
186 23 31
186 25 32
186 26 33
186 27 34
186 28 31
186 28 35
186 30 36
186 31 37
186 32 38
186 35 39
186 36 40
186 37 41
186 38 42
186 41 43
186 42 44
186 44 45
186 45 46
186 46 47
186 47 48
186 48 49
186 48 50
186 49 51
186 50 52
186 51 53
186 52 54
186 53 55
186 54 56
186 56 57
186 57 58
186 58 59
186 59 60
186 60 61
186 61 62
187 0 1
187 0 2
187 0 3
187 1 4
187 2 5
187 2 6
187 3 7
187 5 8
187 6 9
187 7 10
187 8 11
187 9 12
187 10 13
187 11 14
187 12 15
187 13 16
187 14 17
187 14 18
187 17 19
187 18 20
187 19 21
187 21 22
187 22 23
187 23 24
187 24 25
187 24 26
187 25 27
187 26 28
187 27 29
187 28 30
187 29 31
187 30 32
187 31 33
187 32 34
187 33 35
187 35 36
187 36 37
187 36 38
187 37 39
187 38 40
187 39 41
187 40 42
187 41 43
187 42 44
187 43 45
187 44 46
187 45 47
187 46 48
187 47 49
187 48 50
187 48 51
187 49 52
187 50 53
187 50 54
187 51 55
187 53 56
187 54 57
187 55 58
187 55 59
187 56 60
187 57 61
187 57 62
187 57 63
187 58 64
187 60 65
187 62 66
187 62 67
187 63 68
187 65 69
187 66 70
187 67 71
187 68 70
187 68 72
187 69 73
187 71 74
187 72 75
187 73 76
187 75 77
187 76 78
187 77 79
187 77 80
187 78 81
187 79 82
187 80 83
187 81 84
187 81 85
187 82 86
187 83 87
187 84 88
187 85 89
187 85 90
187 90 91
187 91 92
187 92 93
187 93 94
187 94 95
187 95 96
187 96 97
187 97 98
187 98 99
187 99 100
187 100 101
187 101 102
187 102 103
187 103 104
187 104 105
187 105 106
187 106 107
187 107 108
188 0 1
188 0 2
188 1 3
188 2 4
188 3 5
188 4 6
188 4 7
188 7 8
188 8 9
188 9 10
188 10 11
188 10 12
188 11 13
188 12 14
189 0 1
189 0 2
189 1 3
189 1 4
189 2 5
189 3 6
189 3 7
189 4 8
189 4 9
189 5 10
189 6 11
189 8 12
189 9 13
189 10 14
189 11 15
189 12 13
189 12 16
189 14 17
189 15 18
189 15 19
189 16 20
189 16 21
189 17 22
189 18 23
189 19 24
189 20 25
189 20 26
189 21 27
189 22 28
189 23 29
189 23 30
189 25 31
189 26 32
189 27 33
189 28 34
189 30 35
189 31 36
189 32 37
189 33 38
189 34 39
189 35 40
189 36 39
189 39 41
189 40 42
189 40 43
189 40 44
189 41 45
189 42 46
189 43 47
189 46 48
189 47 49
189 48 50
189 49 51
189 50 52
189 51 53
189 52 54
190 0 1
190 0 2
190 1 3
190 2 4
190 3 5
190 4 6
190 5 7
190 6 8
190 6 9
190 6 10
190 6 11
190 7 12
190 8 13
190 9 14
190 10 15
190 11 16
190 12 17
190 13 18
190 14 19
190 14 20
190 15 21
190 16 22
190 17 23
190 18 24
190 19 25
190 20 26
190 20 27
190 22 28
190 23 25
190 23 29
190 24 30
190 24 31
190 25 32
190 26 33
191 0 1
191 0 2
191 1 3
191 2 4
191 3 5
191 3 6
191 3 7
191 3 8
191 3 9
191 4 10
191 5 11
191 6 12
191 7 13
191 8 14
191 9 15
191 10 16
191 11 16
191 11 17
191 12 18
191 13 19
191 14 20
191 15 21
191 16 22
191 17 23
191 17 24
191 18 25
191 19 26
191 20 27
191 21 28
191 22 29
191 23 30
191 24 31
191 25 32
191 26 33
191 27 34
191 28 35
191 30 36
191 31 37
191 32 37
191 32 38
191 33 39
191 34 40
191 35 41
191 36 42
191 37 43
191 38 44
191 40 45
191 40 46
191 42 47
191 43 48
191 44 49
191 45 50
191 46 51
191 47 52
191 48 53
191 49 54
191 50 55
191 51 56
191 52 57
191 54 56
192 0 1
192 0 2
192 2 3
192 3 4
192 4 5
192 5 6
192 6 7
192 7 8
192 8 9
192 9 10
192 10 11
192 11 12
192 11 13
192 12 14
192 13 15
192 14 16
192 15 17
192 16 18
192 17 19
192 18 20
192 18 21
192 19 22
192 20 23
192 21 24
192 22 25
192 22 26
192 22 27
192 23 28
192 24 29
192 25 30
192 26 31
192 27 32
192 28 33
192 29 34
192 30 35
192 31 36
192 31 37
192 32 38
192 33 39
192 34 40
192 35 41
192 36 37
192 39 42
192 40 43
192 42 44
192 43 45
192 43 46
192 44 47
192 44 48
192 45 49
192 45 50
192 45 51
192 46 52
192 46 53
192 48 54
192 48 55
192 49 56
192 50 57
192 51 58
192 52 59
192 53 54
192 54 56
193 0 1
193 0 2
193 1 3
193 2 4
193 3 5
193 4 6
193 5 7
193 6 8
193 7 9
193 8 10
193 9 11
193 9 12
193 10 13
193 11 14
193 12 15
193 13 16
193 14 17
193 14 18
193 15 19
193 16 20
193 17 21
193 18 22
193 19 23
193 20 22
193 20 24
193 21 23
193 22 25
193 23 26
193 24 27
193 24 28
193 25 29
193 26 30
193 27 31
193 28 32
193 29 33
193 30 34
193 31 35
193 32 36
193 33 37
193 35 38
193 36 39
193 37 40
193 38 41
193 39 42
193 40 43
193 41 43
193 42 44
193 43 45
193 43 46
193 44 47
193 45 48
193 46 49
193 48 50
193 49 51
193 50 52
193 51 53
193 52 54
193 52 55
193 53 56
193 54 57
193 54 58
193 55 59
193 55 60
193 56 61
193 57 62
193 58 63
193 59 64
193 60 65
193 61 66
193 61 67
193 63 68
194 0 1
194 1 2
194 2 3
194 3 4
194 3 5
194 3 6
194 4 7
194 5 8
194 6 7
194 6 9
194 7 10
194 8 11
194 9 12
194 10 13
194 11 14
194 12 15
194 13 16
194 14 17
194 15 18
194 15 19
194 16 20
194 16 21
194 17 22
194 18 23
194 18 24
194 19 25
194 19 26
194 20 27
194 20 28
194 22 29
194 22 31
194 23 30
194 23 32
194 24 33
194 25 34
194 26 35
194 27 36
194 27 37
194 29 38
194 30 39
194 31 40
194 33 41
194 34 42
194 34 43
194 35 44
194 36 45
194 38 46
194 39 47
194 39 48
194 40 49
194 41 50
194 42 51
194 42 52
194 43 53
194 44 54
194 45 55
194 46 56
194 47 54
194 47 57
194 48 58
194 48 59
194 49 60
194 50 61
194 50 62
194 51 63
194 52 64
194 53 65
194 54 66
194 54 67
194 55 68
194 57 69
194 58 70
194 59 71
194 60 72
194 62 73
194 63 74
194 65 75
194 66 76
194 66 77
194 66 78
194 67 79
194 69 73
194 69 80
194 71 81
194 78 82
195 0 1
195 0 2
195 1 3
195 2 4
195 3 5
195 3 6
195 4 7
195 5 7
195 5 8
195 6 9
195 7 10
195 7 11
195 8 12
195 9 13
195 10 14
195 11 15
195 11 16
195 12 17
195 13 18
195 15 19
195 15 20
195 16 21
195 17 22
195 18 23
195 19 24
195 20 25
195 20 26
195 21 27
195 22 28
195 23 29
195 24 30
195 25 30
195 25 31
195 26 31
195 26 32
195 27 33
195 28 34
195 29 35
195 30 36
195 31 37
195 32 38
195 32 39
195 33 40
195 34 41
195 35 42
195 38 43
195 38 44
195 40 45
195 41 46
195 42 47
195 44 48
195 45 49
195 46 50
195 47 51
195 48 52
195 49 53
195 49 54
195 49 55
195 49 56
195 50 57
195 51 58
195 53 59
195 54 60
195 56 61
195 61 62
195 61 63
195 62 64
195 63 65
195 63 66
195 64 67
195 65 68
195 66 69
195 67 70
195 68 71
195 69 72
195 69 73
195 70 74
195 70 75
195 70 76
195 71 77
195 73 78
195 74 79
195 75 80
195 76 81
195 77 82
195 78 83
195 78 84
195 79 85
195 79 86
195 80 87
195 82 88
195 83 89
195 84 90
195 86 91
195 88 92
195 89 93
195 90 94
195 90 95
195 94 96
195 95 97
195 96 98
196 0 1
196 1 2
196 2 3
196 2 4
196 3 5
196 4 6
196 5 7
196 6 8
196 6 9
196 9 10
196 9 11
196 9 12
196 10 13
196 10 14
196 11 15
196 12 16
196 13 17
196 14 18
196 14 19
196 15 20
196 15 21
196 16 22
196 17 23
196 17 24
196 18 25
196 19 26
196 20 27
196 24 28
196 25 29
196 26 30
196 27 31
196 28 32
196 29 33
196 30 34
196 31 35
196 31 36
196 32 37
196 33 38
196 34 39
196 35 40
196 36 41
196 37 42
196 38 43
196 40 44
196 41 45
196 42 46
196 46 47
196 46 48
196 47 49
196 48 50
196 49 51
196 50 52
196 51 53
196 53 54
196 54 55
196 55 56
196 56 57
196 57 58
196 58 59
196 59 60
196 60 61
196 61 62
196 62 63
196 63 64
196 64 65
196 65 66
196 66 67
196 67 68
196 68 69
196 69 70
196 70 71
196 71 72
196 72 73
196 73 74
196 74 75
196 75 76
196 76 77
196 77 78
196 78 79
196 79 80
196 80 81
196 81 82
196 81 83
196 82 84
196 83 85
196 84 86
196 85 87
196 86 88
196 87 89
196 89 90
196 90 91
196 91 92
196 92 93
196 93 94
196 94 95
196 95 96
196 96 97
196 97 98
196 98 99
196 99 100
196 100 101
196 101 102
196 102 103
196 103 104
197 0 1
197 0 2
197 1 3
197 2 4
197 3 5
197 4 6
197 5 7
197 6 8
197 7 9
197 8 10
197 8 11
197 8 12
197 9 13
197 10 14
197 11 15
197 12 16
197 13 17
197 14 18
197 15 19
197 16 20
197 17 21
197 18 21
197 18 22
197 19 23
197 21 24
197 22 25
197 23 26
197 24 27
197 25 28
197 26 29
197 27 30
197 28 31
197 29 32
197 30 33
197 31 34
197 31 35
197 32 36
197 33 34
197 33 37
197 34 38
197 35 39
197 36 40
197 37 41
197 37 42
197 38 43
197 39 44
197 40 45
197 41 46
197 42 47
197 44 48
197 45 49
197 46 50
197 47 48
197 47 50
197 47 51
197 48 52
197 49 53
197 50 54
197 51 55
197 52 56
197 53 57
197 54 55
197 54 58
197 55 59
197 57 60
197 58 61
197 59 62
197 60 63
197 61 64
197 64 65
197 64 66
197 65 67
197 66 68
197 67 69
197 68 70
197 70 71
197 71 72
197 72 73
197 73 74
197 74 75
197 75 76
197 76 77
197 77 78
197 78 79
197 79 80
197 80 81
197 81 82
197 82 83
197 83 84
197 84 85
197 85 86
197 86 87
197 87 88
197 88 89
197 89 90
197 90 91
197 91 92
197 92 93
197 93 94
197 94 95
197 95 96
197 96 97
197 97 98
197 98 99
197 99 100
198 0 1
198 0 2
198 1 3
198 2 4
198 2 5
198 2 6
198 3 7
198 3 8
198 4 9
198 5 10
198 6 11
198 7 12
198 8 13
198 11 14
198 12 15
198 13 16
198 14 17
198 14 18
198 15 19
198 16 20
198 17 21
198 18 22
198 19 23
198 21 24
198 22 25
198 23 26
198 24 27
198 24 28
198 25 29
198 25 30
198 26 31
198 28 32
198 29 33
198 29 34
198 30 33
198 30 35
198 31 36
198 32 34
198 32 37
198 33 38
198 34 39
198 35 37
198 35 40
198 36 41
198 37 42
198 41 43
198 42 44
198 43 45
198 44 46
198 45 47
198 46 48
198 48 49
198 49 50
198 50 51
198 51 52
198 52 53
198 53 54
198 54 55
198 55 56
198 56 57
198 57 58
198 58 59
198 59 60
198 60 61
198 61 62
198 62 63
198 63 64
198 64 65
198 65 66
198 66 67
198 67 68
198 68 69
198 69 70
198 70 71
199 0 1
199 0 2
199 1 3
199 2 4
199 3 5
199 4 6
199 5 7
199 7 8
199 7 9
199 8 10
199 9 11
199 10 12
199 11 13
199 12 14
199 13 15
199 13 16
199 14 17
199 15 18
199 15 19
199 16 20
199 16 21
199 17 22
199 18 20
199 18 23
199 21 24
199 22 25
199 23 26
199 24 27
199 25 28
199 25 29
199 26 30
199 27 31
199 28 32
199 29 33
199 30 34
199 31 35
199 31 36
199 32 37
199 33 38
199 34 39
199 34 40
199 35 41
199 37 42
199 38 43
199 39 44
199 41 45
199 42 46
199 43 47
199 44 48
199 45 49
199 46 50
199 46 51
199 47 52
199 48 53
199 49 54
199 50 55
199 51 56
199 53 57
199 54 58
199 55 59
199 55 60
199 56 61
199 58 62
199 59 63
199 60 64
199 61 65
199 63 66
199 64 67
199 65 68
199 66 69
199 68 70
199 69 71
199 70 72
199 72 73
199 73 74
199 74 75
200 0 1
200 1 2
200 1 3
200 2 4
200 3 5
200 3 6
200 3 7
200 4 8
200 5 9
200 6 10
200 7 11
200 8 12
200 10 13
200 11 14
200 12 15
200 13 16
200 13 17
200 14 18
200 15 19
200 16 20
200 18 21
200 18 22
200 19 23
200 20 24
200 21 25
200 22 26
200 22 27
200 23 28
200 25 29
200 26 30
200 27 31
200 28 32
200 29 33
200 30 34
200 31 35
200 33 36
200 34 37
200 35 38
200 36 39
200 37 40
200 38 41
200 39 42
200 40 43
200 41 44
200 42 45
200 43 46
200 43 47
200 44 48
200 45 49
200 46 50
200 47 51
200 48 52
200 48 53
200 49 54
200 49 55
200 49 56
200 49 57
200 50 58
200 51 59
200 52 60
200 53 61
200 53 62
200 55 63
200 55 64
200 56 63
200 56 65
200 57 60
200 57 66
200 58 67
200 59 68
200 60 69
200 61 70
200 62 71
200 63 72
200 64 73
200 66 74
200 67 75
200 68 74
200 68 76
200 70 77
200 71 78
200 72 79
200 73 80
200 74 81
200 75 82
200 77 83
200 78 84
200 79 81
200 81 85
200 81 86
200 81 87
200 82 88
200 83 89
200 84 90
200 85 91
200 86 92
200 87 93
200 89 94
200 90 92
200 90 95
200 91 96
200 92 97
200 93 98
200 95 99
200 96 100
200 97 101
200 98 102
200 99 103
200 100 104
200 101 105
200 101 106
200 102 107
200 102 108
200 103 109
200 104 110
200 105 111
200 108 112
200 112 113
200 113 114
200 114 115
200 115 116
201 0 1
201 0 2
201 2 3
201 2 4
201 3 5
201 4 6
201 5 7
201 5 8
201 6 9
201 7 10
201 8 11
201 8 12
201 9 13
201 9 14
201 10 15
201 11 16
201 11 17
201 13 18
201 14 19
201 16 20
201 16 21
201 17 22
201 18 23
201 19 24
201 20 25
201 21 26
201 22 27
201 23 28
201 24 29
201 25 30
201 26 31
201 27 32
201 28 33
201 31 34
201 32 35
201 32 36
201 33 37
201 34 38
201 35 39
201 39 40
201 40 41
201 41 42
202 0 1
202 0 2
202 1 3
202 2 4
202 3 5
202 4 6
202 5 7
202 5 8
202 6 9
202 7 10
202 8 11
202 9 12
202 10 13
202 10 14
202 11 15
202 12 16
202 13 17
202 14 18
202 15 19
202 16 20
202 17 21
202 19 22
202 19 23
202 20 24
202 21 25
202 22 26
202 23 27
202 24 28
202 24 29
202 25 30
202 26 31
202 28 32
202 28 33
202 28 34
202 29 35
202 30 36
202 31 37
202 32 38
202 33 39
202 34 39
202 34 40
202 35 41
202 37 38
202 40 42
202 41 43
202 42 44
202 43 45
202 44 46
202 46 47
202 47 48
202 48 49
202 49 50
202 50 51
202 51 52
202 52 53
202 53 54
202 54 55
202 55 56
202 56 57
202 57 58
202 58 59
202 59 60
202 60 61
202 61 62
202 62 63
202 63 64
202 64 65
203 0 1
203 0 2
203 1 3
203 3 4
203 4 5
203 5 6
203 5 7
203 5 8
203 6 9
203 7 10
203 8 11
203 9 12
203 10 13
203 11 14
203 12 15
203 13 16
203 14 17
203 15 18
203 15 19
203 16 20
203 17 21
203 18 22
203 18 23
203 19 24
203 20 25
203 21 26
203 22 27
203 23 28
203 24 29
203 24 30
203 25 31
203 25 32
203 26 33
203 28 34
203 28 35
203 29 36
203 31 37
203 34 38
203 35 38
203 35 39
203 37 40
203 38 41
203 39 42
203 40 43
203 41 44
203 42 45
203 43 46
203 44 47
203 45 48
203 46 49
203 47 50
203 49 51
203 50 52
203 51 53
203 52 54
203 53 55
203 54 56
203 55 57
203 56 58
203 57 59
203 58 60
203 59 61
203 61 62
203 62 63
203 63 64
203 64 65
203 65 66
203 66 67
203 67 68
203 68 69
203 69 70
203 70 71
203 71 72
203 72 73
203 73 74
203 74 75
203 75 76
204 0 1
204 1 2
204 1 3
204 2 4
204 2 5
204 3 6
204 4 7
204 5 8
204 6 9
204 7 10
204 8 11
204 8 12
204 9 13
204 10 14
204 11 15
204 12 16
204 13 16
204 13 17
204 14 18
204 15 19
204 17 20
204 17 21
204 18 22
204 19 23
204 19 24
204 20 25
204 21 26
204 22 27
204 23 28
204 24 29
204 25 30
204 26 27
204 28 31
204 29 32
204 29 33
204 30 34
204 30 35
204 31 36
204 32 37
204 32 38
204 33 39
204 34 40
204 35 41
204 36 42
204 37 42
204 37 43
204 38 44
204 39 45
204 40 46
204 40 47
204 41 48
204 41 49
204 42 47
204 46 50
204 47 51
204 48 52
204 49 53
204 49 54
204 53 55
204 54 56
204 55 57
205 0 1
205 0 2
205 1 3
205 1 4
205 2 5
205 3 6
205 4 7
205 5 8
205 6 9
205 6 10
205 7 11
205 8 12
205 9 13
205 10 14
205 11 15
205 12 16
205 13 17
205 14 18
205 15 19
205 16 20
205 17 21
205 18 22
205 19 23
205 20 24
205 21 25
205 25 26
205 26 27
205 27 28
205 28 29
205 29 30
205 30 31
205 31 32
205 32 33
205 33 34
205 34 35
205 35 36
205 36 37
205 37 38
205 38 39
205 39 40
205 40 41
205 41 42
205 42 43
205 43 44
205 44 45
205 45 46
205 46 47
205 47 48
205 48 49
205 49 50
205 50 51
205 51 52
205 52 53
205 53 54
205 54 55
205 55 56
205 56 57
205 57 58
205 58 59
205 59 60
205 60 61
205 61 62
205 62 63
205 63 64
205 64 65
205 65 66
205 66 67
205 67 68
205 68 69
205 69 70
205 70 71
205 71 72
205 72 73
205 73 74
205 73 75
205 74 76
205 75 77
205 77 78
205 78 79
205 78 80
205 79 81
205 81 82
205 82 83
205 83 84
205 84 85
205 84 86
205 85 87
205 86 88
205 87 89
205 87 90
205 88 91
205 89 92
205 91 93
205 92 94
205 93 95
205 93 96
205 94 97
205 96 98
205 96 99
205 97 100
205 98 101
205 100 102
205 101 103
205 102 104
205 103 105
205 104 106
205 106 107
205 107 108
205 108 109
205 109 110
205 110 111
205 111 112
206 0 1
206 1 2
206 1 3
206 2 4
206 3 5
206 4 6
206 5 7
206 6 8
206 7 9
206 8 10
206 9 11
206 9 12
206 10 13
206 10 14
206 11 15
206 12 16
206 13 17
206 14 18
206 15 19
206 16 20
206 16 21
206 17 22
206 18 22
206 18 23
206 19 24
206 20 25
206 21 26
206 22 27
206 23 28
206 24 29
206 25 30
206 26 31
206 27 32
206 28 33
206 28 34
206 29 35
206 30 34
206 30 36
206 31 37
206 33 38
206 35 39
206 35 40
206 38 41
206 39 42
206 40 43
206 41 44
206 42 45
206 43 46
206 43 47
206 44 48
206 45 49
206 46 50
206 47 51
206 48 52
206 49 53
206 49 54
206 50 55
206 50 56
206 51 57
206 52 58
206 53 59
206 54 60
206 54 61
206 55 62
206 56 63
206 57 64
206 62 65
206 63 66
206 64 67
206 65 68
206 66 69
206 66 70
206 66 71
206 67 72
206 68 73
206 69 74
207 0 1
207 0 2
207 1 3
207 1 4
207 2 5
207 3 6
207 4 7
207 5 8
207 6 9
207 7 10
207 7 11
207 8 12
207 8 13
207 8 14
207 10 15
207 11 16
207 12 17
207 15 18
207 16 19
207 17 20
207 18 21
207 18 22
207 19 23
207 20 24
207 21 25
207 22 26
207 23 27
207 24 28
207 25 29
207 26 30
207 29 31
207 30 32
207 31 33
207 32 34
207 33 35
207 34 36
207 35 37
207 36 38
207 37 39
207 37 40
207 39 41
207 40 42
207 41 43
207 41 44
207 43 45
207 43 46
207 43 47
207 44 48
207 45 49
207 49 50
207 49 51
207 50 52
207 51 53
207 53 54
207 54 55
207 55 56
208 0 1
208 1 2
208 2 3
208 2 4
208 3 5
208 4 6
208 6 7
208 7 8
208 8 9
208 8 10
208 10 11
208 11 12
208 12 13
208 13 14
208 14 15
208 15 16
208 16 17
208 17 18
208 18 19
208 18 20
208 18 21
208 19 22
208 20 23
208 21 24
208 22 25
208 23 24
208 23 26
208 23 27
208 24 27
208 25 28
208 26 29
208 27 30
208 28 31
208 29 32
208 30 33
208 31 34
208 32 35
208 33 36
208 34 37
208 35 38
208 36 39
208 38 40
208 40 41
208 41 42
208 42 43
208 43 44
208 43 45
208 44 46
208 45 47
208 46 48
208 47 49
208 48 50
208 49 51
208 50 52
208 51 53
208 52 54
208 52 55
208 53 56
208 54 57
208 55 58
208 56 59
208 57 60
208 57 61
208 59 62
208 60 63
208 61 62
208 62 64
209 0 1
209 1 2
209 1 3
209 2 4
209 3 5
209 4 6
209 4 7
209 5 8
209 6 9
209 7 10
209 7 11
209 8 12
209 9 13
209 10 14
209 12 15
209 14 16
209 15 17
209 16 18
209 17 19
209 18 20
209 19 21
209 20 22
209 21 23
209 22 24
209 23 25
209 24 26
209 25 27
209 25 28
209 27 29
209 28 30
209 29 31
209 30 32
209 31 33
209 32 34
209 33 35
209 33 36
209 34 37
209 35 38
209 36 39
209 37 40
209 38 41
209 39 42
209 39 43
209 40 44
209 41 45
209 42 46
209 43 47
209 43 48
209 44 49
209 44 50
209 45 51
209 46 52
209 47 51
209 47 53
209 48 52
209 48 54
209 49 55
209 50 56
209 51 57
209 51 58
209 56 59
209 56 60
209 57 61
209 58 62
209 60 63
209 60 64
209 61 65
209 63 66
209 64 67
209 64 68
209 65 69
210 0 1
210 1 2
210 2 3
210 3 4
211 0 1
211 0 2
211 1 3
211 1 4
211 2 5
211 2 6
211 3 7
211 4 8
211 5 9
211 6 10
211 7 11
211 8 12
211 9 13
211 10 14
211 11 15
211 12 16
211 13 17
211 14 18
211 15 19
211 16 20
211 16 21
211 18 22
211 19 23
212 0 1
212 0 2
212 0 3
212 1 4
212 2 7
212 3 5
212 3 6
212 3 8
212 4 9
212 6 10
212 7 11
212 8 12
212 9 13
212 12 14
212 13 15
212 14 16
212 15 17
212 16 18
212 17 19
212 18 20
212 19 21
212 20 22
212 21 23
212 21 24
212 22 25
212 25 26
212 26 27
212 26 28
212 27 29
212 28 30
212 28 31
212 28 32
212 29 33
212 30 34
212 31 35
212 32 36
212 33 37
212 34 38
212 35 39
212 36 40
212 37 41
212 38 42
212 39 43
212 40 44
212 41 45
212 42 46
212 43 47
212 44 48
212 45 49
212 45 50
212 46 51
212 47 48
212 47 52
212 48 53
212 49 54
212 50 51
212 50 55
212 50 56
212 52 57
212 53 58
212 54 59
212 55 60
212 56 61
212 57 60
212 57 62
212 58 63
212 59 64
212 61 65
212 61 66
212 63 67
212 64 68
212 65 69
212 66 70
212 66 71
212 67 72
212 68 73
212 69 74
212 70 75
212 71 76
212 72 77
212 73 78
212 74 79
212 75 80
212 76 79
212 76 81
212 77 82
212 78 83
212 79 84
212 80 85
212 81 86
212 82 87
212 83 88
212 85 89
212 85 90
212 87 91
212 89 92
212 90 93
212 91 94
212 92 95
212 93 96
213 0 1
213 1 2
213 2 3
213 3 4
213 4 5
213 4 6
213 5 7
213 5 8
213 6 9
213 7 10
213 8 11
213 9 12
213 10 13
213 10 14
213 11 15
213 12 16
213 13 17
213 15 18
213 16 19
213 17 20
213 17 21
213 18 22
213 19 23
213 21 24
213 22 25
213 22 26
213 23 27
213 25 28
213 26 29
213 27 30
213 28 31
213 29 32
213 30 33
213 31 34
213 31 35
213 32 36
213 33 37
213 34 38
213 35 38
213 35 39
213 37 40
213 38 41
213 39 42
213 40 43
213 41 44
213 41 45
213 43 46
213 44 47
213 45 48
213 46 49
213 47 50
213 48 51
213 49 52
213 50 53
213 51 54
213 52 55
213 53 56
213 54 57
213 55 58
213 56 59
213 56 60
213 58 61
213 59 62
213 60 62
214 0 1
214 1 2
214 2 3
214 2 4
214 3 5
214 4 6
214 4 7
214 4 8
214 5 9
214 6 10
214 7 11
214 8 12
214 9 13
214 10 14
214 11 15
214 12 16
214 13 17
214 14 18
214 15 19
214 16 20
214 17 21
214 18 22
214 19 23
214 20 24
214 21 25
214 23 26
214 24 27
214 25 28
214 27 29
214 29 30
214 30 31
214 31 32
214 32 33
214 33 34
214 34 35
214 35 36
214 36 37
214 37 38
214 38 39
214 39 40
214 40 41
214 41 42
214 42 43
214 43 44
214 44 45
214 45 46
214 46 47
214 47 48
214 48 49
214 49 50
214 50 51
214 51 52
215 0 1
215 1 2
215 2 3
215 3 4
215 3 5
215 4 6
215 5 7
215 6 8
215 7 9
215 8 10
215 9 11
215 10 12
215 11 13
215 12 14
215 13 15
215 14 16
215 15 17
215 16 18
215 17 19
215 19 20
215 20 21
215 21 22
215 22 23
215 23 24
215 24 25
215 25 26
215 25 27
215 25 28
215 25 29
215 26 30
215 27 31
215 28 32
215 29 33
215 29 34
215 31 35
215 31 36
215 33 37
215 34 38
215 35 39
215 36 40
215 38 41
215 39 42
215 40 43
215 42 44
215 43 45
215 44 46
215 45 47
215 46 48
215 47 49
215 48 50
215 49 51
215 50 52
215 50 53
215 51 54
215 52 55
215 53 56
215 55 57
215 57 58
215 58 59
215 59 60
215 60 61
215 60 62
215 60 63
215 60 64
215 61 65
215 62 66
215 63 67
215 64 68
215 65 69
215 66 70
215 67 71
215 68 72
215 69 73
215 70 74
215 71 75
215 72 76
215 72 77
215 73 78
215 74 79
215 76 80
215 77 81
215 78 82
215 80 83
215 81 84
215 82 85
215 83 86
215 83 87
215 83 88
215 83 89
215 84 90
215 85 91
215 86 92
215 88 93
215 89 94
215 90 95
215 91 96
215 92 97
215 93 98
215 94 99
215 95 100
215 96 100
215 97 101
215 98 102
215 99 103
215 101 104
215 101 105
215 102 106
215 103 107
215 104 108
215 105 109
215 107 110
215 107 111
215 108 112
215 109 113
216 0 1
216 0 2
216 1 3
216 2 4
216 3 5
216 4 6
216 4 7
216 5 8
216 5 9
216 5 10
216 6 11
216 7 12
216 8 13
216 9 14
216 10 15
216 14 16
216 15 17
216 15 18
216 15 19
216 16 19
216 17 20
216 18 21
216 19 22
216 21 23
216 22 24
216 23 25
216 24 26
216 25 27
216 26 28
216 27 29
216 28 30
216 29 31
216 29 32
216 29 33
216 30 34
216 31 35
216 32 36
216 33 37
216 34 38
216 35 39
216 36 40
216 37 41
216 37 42
216 38 43
216 39 44
216 40 45
216 41 46
216 42 47
216 43 48
216 45 49
216 46 50
216 47 51
216 47 52
216 48 53
216 48 54
216 49 55
216 49 56
216 50 57
216 51 58
216 51 59
216 52 60
216 53 61
216 53 62
216 54 63
216 54 64
216 54 65
216 55 66
216 55 67
216 57 68
216 57 69
216 58 68
216 58 70
216 59 67
216 60 71
216 62 72
216 63 73
216 65 74
217 0 1
217 0 2
217 2 3
217 3 4
217 3 5
217 3 6
217 3 7
217 4 8
217 4 9
217 5 10
217 6 11
217 7 12
217 8 13
217 9 13
217 9 14
217 10 15
217 11 16
217 16 17
217 16 18
217 17 19
218 0 1
218 0 2
218 1 3
218 2 4
218 3 5
218 4 6
218 5 7
218 5 8
218 6 9
218 7 10
218 8 11
218 9 12
218 10 13
218 10 14
218 11 15
218 11 16
218 12 17
218 13 16
218 13 18
218 13 19
218 15 20
218 15 21
218 16 22
218 17 23
218 18 24
218 18 25
218 18 26
218 19 24
218 19 27
218 20 28
218 21 29
218 22 30
218 22 31
218 22 32
218 23 33
218 23 34
218 24 35
218 26 36
218 27 37
218 28 38
218 30 39
218 30 40
218 31 41
218 33 39
218 34 40
219 0 1
219 0 2
219 1 3
219 3 4
219 4 5
219 5 6
219 6 7
219 7 8
219 8 9
219 9 10
219 10 11
219 11 12
219 11 13
219 11 14
219 12 15
219 13 16
219 13 17
219 14 18
219 15 19
219 16 20
219 17 21
219 17 22
219 20 23
219 21 24
219 23 25
220 0 1
220 0 2
220 1 3
220 2 4
220 2 5
220 3 6
220 4 7
220 4 8
221 0 1
221 0 2
221 1 3
221 2 4
221 3 5
221 4 6
221 5 7
221 6 8
221 7 9
221 8 10
221 9 11
221 10 12
221 11 13
221 12 14
221 13 15
221 14 16
221 15 17
221 16 18
221 17 19
221 18 20
221 20 21
221 21 22
221 21 23
221 22 24
221 23 25
221 25 26
221 26 27
221 27 28
221 28 29
221 29 30
221 29 31
221 30 32
221 31 33
221 31 34
221 32 35
221 33 36
221 34 37
221 35 38
221 36 39
221 39 40
221 40 41
221 40 42
221 41 43
221 42 44
221 43 45
221 44 46
221 44 47
221 44 48
221 45 49
221 45 50
221 46 51
221 47 52
221 48 53
221 48 54
221 50 55
221 51 56
221 53 57
221 53 58
221 55 59
221 56 60
221 56 61
221 58 62
221 59 63
221 60 64
221 61 65
221 62 66
221 63 67
221 63 68
221 65 69
221 66 70
221 67 71
221 68 72
221 70 73
221 71 74
221 72 75
221 73 76
221 74 77
221 75 78
221 77 79
221 78 79
221 79 80
221 80 81
221 81 82
221 82 83
221 83 84
221 84 85
221 85 86
221 86 87
221 87 88
221 88 89
221 89 90
221 90 91
221 91 92
221 92 93
221 93 94
221 94 95
221 95 96
221 96 97
221 97 98
221 98 99
221 99 100
222 0 1
222 0 2
222 1 3
222 1 4
222 2 5
222 3 6
222 4 7
222 6 8
222 6 9
222 7 10
222 8 11
222 9 12
222 10 13
222 11 14
222 12 15
222 12 16
222 13 17
222 14 18
222 15 19
222 16 20
222 17 21
222 18 20
222 18 22
222 19 23
222 20 24
222 21 25
222 22 26
222 24 27
222 25 27
222 25 28
222 25 29
222 26 30
222 29 31
222 30 32
222 31 33
222 32 34
222 33 35
222 34 36
222 35 37
222 36 38
222 37 39
222 38 40
222 40 41
222 41 42
222 41 43
222 42 44
222 43 45
222 44 46
222 45 46
222 45 47
222 46 48
222 47 49
222 48 50
222 49 51
222 50 52
222 51 53
222 52 54
222 53 55
222 54 56
222 55 57
222 56 58
222 57 59
222 58 60
222 60 61
222 61 62
222 62 63
222 63 64
222 64 65
222 65 66
222 66 67
223 0 1
223 1 2
223 2 3
223 2 4
223 2 5
223 3 6
223 3 7
223 4 8
223 5 9
223 5 10
223 6 11
223 7 12
223 8 13
223 9 14
223 10 15
223 11 16
223 12 17
223 13 18
223 14 19
223 15 20
223 16 21
223 17 22
223 18 23
223 19 24
223 20 25
223 21 26
223 21 27
223 21 28
223 21 29
223 22 30
223 23 31
223 24 32
223 25 33
223 28 34
223 29 35
223 30 36
223 31 36
223 31 37
223 32 38
223 32 39
224 0 1
224 0 2
224 1 3
224 1 4
224 2 5
224 3 6
224 4 7
224 5 8
224 6 9
224 7 10
224 8 11
224 8 12
224 9 13
224 10 14
224 11 15
224 12 16
224 14 17
224 15 18
224 16 19
224 17 20
224 18 21
224 19 22
224 22 23
224 23 24
224 24 25
224 24 26
224 25 27
224 26 28
224 27 29
224 28 30
224 28 31
224 29 32
224 30 33
224 30 34
224 31 35
224 32 35
224 32 36
224 33 37
224 34 38
224 35 39
224 36 40
224 37 41
224 38 42
224 39 43
224 40 44
224 41 45
224 42 46
224 42 47
224 43 48
224 45 49
224 47 50
224 48 51
224 49 52
224 50 53
224 51 54
224 52 55
224 53 56
224 54 57
224 55 58
224 56 59
224 57 60
224 59 61
224 60 62
224 61 63
224 62 64
224 62 65
224 62 66
224 63 67
224 64 68
224 64 69
224 65 70
224 65 71
224 66 72
224 66 73
224 66 74
224 66 75
224 67 76
224 68 77
224 68 78
224 69 79
224 70 80
224 70 81
224 73 77
224 73 80
224 74 82
224 75 83
224 76 84
224 77 85
224 77 86
224 78 87
224 79 88
224 80 89
224 82 90
224 83 91
224 88 92
224 88 93
224 89 94
225 0 1
225 0 2
225 1 3
225 2 4
225 3 5
225 3 6
225 4 7
225 4 8
225 4 9
225 4 10
225 5 11
225 6 12
225 7 13
225 8 14
225 9 15
225 11 16
225 12 17
225 14 18
225 15 16
225 15 19
225 16 20
225 16 21
225 18 22
225 19 23
225 20 24
225 21 25
225 22 26
225 23 27
225 24 28
225 25 29
225 26 30
225 26 31
225 27 32
225 29 33
225 30 34
225 30 35
225 30 36
225 31 37
225 32 37
225 32 38
225 33 39
225 34 40
225 34 41
225 35 42
225 36 39
225 36 43
225 41 44
225 41 45
225 42 46
225 42 47
225 43 48
225 45 49
225 45 50
225 47 51
225 47 52
225 48 53
225 49 54
225 50 55
225 51 56
225 52 57
225 54 58
225 55 59
225 56 60
225 57 61
225 58 62
225 59 63
225 60 64
225 61 65
225 62 66
225 63 67
225 64 68
225 64 69
225 64 70
225 66 71
225 68 72
225 69 73
225 70 74
225 71 75
225 72 76
225 73 77
225 74 77
225 74 78
225 75 79
225 75 80
225 76 81
225 77 82
225 77 83
225 78 81
225 78 84
225 79 85
225 80 86
225 81 87
225 82 88
226 0 1
226 0 2
226 1 3
226 2 4
226 3 5
226 4 6
226 5 7
226 6 8
226 8 9
226 8 10
226 9 11
226 10 12
226 10 13
226 10 14
226 11 15
226 12 16
226 13 17
226 13 18
226 14 19
226 15 19
226 15 20
226 15 21
226 16 22
226 17 23
226 18 24
226 19 25
226 20 26
226 21 27
226 23 28
226 24 29
226 25 30
226 26 31
226 27 32
227 0 1
227 0 2
227 0 3
227 3 4
227 3 5
227 4 6
227 5 7
227 6 8
227 7 9
227 8 10
227 9 11
227 10 12
227 10 13
227 11 14
227 12 15
227 13 16
227 14 17
227 15 18
227 16 19
227 16 20
227 17 21
227 18 22
227 19 23
227 21 24
227 22 25
227 23 26
227 24 27
227 25 28
227 26 29
227 27 30
227 28 31
227 29 32
227 30 33
227 31 34
227 32 35
227 33 36
227 34 37
227 35 38
227 36 39
227 36 40
227 37 41
227 38 42
227 39 43
227 40 44
227 41 45
227 42 46
227 44 47
227 44 48
227 45 49
227 46 50
227 47 51
227 47 52
227 47 54
227 47 55
227 48 53
227 48 56
227 49 54
227 51 57
227 54 58
227 54 59
227 56 60
227 58 60
227 59 61
227 60 62
227 60 63
227 61 64
228 0 1
228 0 2
228 1 3
228 2 4
228 2 5
228 3 6
228 4 7
228 6 8
228 7 9
228 8 10
228 9 11
228 10 12
228 11 13
228 11 14
228 12 15
228 13 16
228 14 17
228 15 18
228 16 19
228 17 20
228 18 21
228 19 22
228 20 23
228 21 24
228 22 25
228 23 26
228 23 27
228 24 28
228 26 29
228 27 30
228 27 31
228 28 32
228 28 33
228 29 33
228 29 34
228 30 35
228 34 36
228 34 37
228 35 38
228 36 39
228 37 40
228 38 41
228 39 42
228 39 43
228 39 44
228 40 45
228 41 46
228 42 47
228 45 48
228 46 49
228 47 50
228 49 51
228 50 51
228 50 52
228 51 53
228 52 54
228 54 55
228 55 56
228 56 57
228 57 58
228 58 59
228 59 60
228 60 61
228 61 62
228 62 63
228 63 64
228 64 65
228 65 66
228 66 67
228 67 68
228 68 69
228 69 70
228 70 71
228 71 72
228 72 73
228 73 74
228 74 75
228 75 76
228 76 77
228 77 78
228 78 79
228 79 80
228 80 81
228 80 82
228 80 83
228 81 84
228 82 85
228 83 86
228 85 87
228 86 88
228 87 89
228 88 90
228 89 91
228 90 92
228 91 93
228 93 94
228 94 95
228 95 96
228 96 97
228 97 98
228 98 99
228 99 100
228 100 101
228 101 102
228 102 103
228 103 104
228 104 105
228 105 106
228 106 107
228 107 108
228 108 109
228 109 110
228 110 111
228 111 112
228 112 113
228 113 114
228 114 115
228 115 116
228 116 117
228 117 118
228 118 119
228 119 120
228 120 121
229 0 1
229 0 2
229 1 3
229 1 4
229 2 5
229 2 6
229 4 7
229 5 8
229 6 9
229 6 10
229 8 11
229 8 12
229 9 13
229 10 14
229 10 15
229 10 16
229 12 17
229 13 18
229 14 19
229 15 20
229 16 21
229 17 22
229 18 23
229 20 24
229 21 25
229 22 26
229 23 27
229 24 28
229 24 29
229 25 30
229 26 31
229 27 32
229 28 33
229 28 34
229 29 35
229 30 36
229 31 37
229 32 38
229 34 39
229 35 39
229 35 40
229 36 41
229 37 42
229 39 43
229 40 44
229 41 45
229 42 46
229 43 47
229 44 48
229 45 49
229 46 50
229 47 51
229 48 52
229 49 53
229 50 54
229 51 55
229 52 56
229 53 57
229 54 58
229 55 59
229 56 60
229 56 61
229 57 62
229 59 63
229 60 64
229 61 65
229 62 66
229 63 66
229 63 67
229 64 68
229 65 69
229 69 70
229 70 71
230 0 1
230 0 2
230 1 3
230 2 4
230 2 5
230 3 6
230 3 7
230 5 8
230 6 9
230 7 10
230 8 11
230 9 12
230 10 13
230 11 14
230 12 15
230 12 16
230 13 17
230 14 18
230 15 19
231 0 1
231 0 2
231 1 3
231 2 4
231 3 5
231 4 6
231 5 7
231 6 8
231 7 9
231 8 10
231 9 11
231 10 12
231 10 13
231 11 14
231 12 15
231 13 16
231 13 17
231 14 18
231 15 19
231 15 20
231 16 21
231 17 22
231 18 19
231 18 23
231 18 24
231 19 25
231 22 25
232 0 1
232 0 2
232 1 3
232 2 4
232 3 5
232 4 6
232 4 7
232 5 8
232 6 9
232 7 10
232 8 11
232 9 12
232 10 13
232 10 14
232 10 15
232 11 16
232 12 17
232 13 18
232 15 19
232 17 20
232 18 21
232 19 22
232 20 22
232 21 23
232 22 24
232 23 25
232 24 26
232 25 27
232 25 28
232 25 29
232 26 30
232 27 31
232 28 32
232 29 33
232 30 34
232 30 35
232 31 36
232 32 37
232 33 38
232 34 39
232 35 40
232 36 41
232 37 42
232 38 41
232 39 43
232 40 44
232 41 45
232 42 46
232 43 47
232 44 46
232 44 48
232 45 47
232 45 49
232 46 50
232 47 51
232 47 52
232 48 53
232 49 54
232 49 55
232 51 56
232 52 57
232 53 58
232 54 59
232 54 60
232 55 61
232 56 62
232 57 63
232 59 64
232 60 65
232 62 66
232 62 67
232 63 68
232 64 69
232 65 70
232 66 71
232 67 72
232 68 73
232 69 74
232 69 75
232 70 76
232 71 77
232 72 78
232 73 79
232 73 80
232 75 81
232 76 82
232 77 83
232 79 84
232 79 85
232 80 86
232 81 87
232 81 88
232 84 89
232 85 90
232 86 91
232 87 92
232 88 93
232 89 94
232 90 95
232 90 96
232 91 97
232 92 98
232 93 99
232 94 100
232 94 101
232 94 102
232 95 103
232 96 104
232 97 105
232 98 106
232 99 107
232 100 108
232 101 109
232 102 110
232 102 111
232 103 108
232 103 112
232 104 113
232 106 114
232 108 115
232 110 116
232 111 117
232 112 118
232 114 119
232 115 120
232 116 121
233 0 1
233 0 2
233 1 3
233 2 4
233 3 5
233 3 6
233 4 7
233 5 8
233 6 9
233 7 10
233 8 11
233 9 12
233 9 13
233 10 12
233 10 14
233 13 15
233 15 16
233 16 17
233 17 18
233 18 19
233 18 20
233 19 21
233 20 22
233 21 23
233 22 24
233 23 25
233 24 26
233 25 27
233 26 28
233 27 28
233 27 29
233 28 30
233 29 31
233 30 32
233 30 33
233 31 34
233 32 35
233 33 36
233 34 37
233 35 38
233 36 39
233 37 40
233 38 41
233 39 42
233 40 43
233 42 44
233 43 45
233 44 46
233 45 47
233 46 48
233 47 49
233 47 50
233 48 51
233 49 52
233 50 53
233 50 54
233 50 55
233 51 56
233 52 57
233 54 58
233 56 59
233 57 58
233 57 60
233 58 61
233 59 62
233 61 63
233 62 64
233 63 65
233 64 66
233 65 67
233 65 68
233 66 69
233 67 70
233 68 71
233 69 72
233 70 73
233 72 74
233 73 75
233 73 76
233 74 77
233 76 78
233 77 79
233 78 80
233 80 81
233 81 82
233 82 83
233 83 84
233 84 85
233 85 86
233 86 87
233 87 88
233 88 89
233 89 90
233 90 91
233 91 92
233 92 93
233 93 94
233 94 95
233 95 96
233 96 97
233 97 98
234 0 1
234 0 2
234 1 2
234 1 3
234 2 4
234 3 5
234 4 6
234 4 7
234 5 8
234 6 9
234 7 10
234 8 11
234 9 12
234 10 13
234 10 14
234 11 15
234 11 16
234 12 17
234 13 18
234 14 15
234 14 19
234 15 20
234 16 21
234 17 22
234 18 23
234 19 24
234 19 25
234 20 26
234 20 27
234 21 22
234 21 28
234 22 29
234 24 28
234 25 30
234 26 31
234 27 32
234 28 33
234 29 33
234 30 34
234 31 35
234 35 36
234 36 37
234 37 38
234 38 39
234 39 40
234 40 41
234 41 42
234 42 43
234 43 44
234 44 45
234 45 46
234 46 47
234 47 48
234 48 49
234 49 50
234 50 51
234 51 52
235 0 1
235 0 2
235 1 3
235 2 4
235 3 5
235 4 6
235 5 7
235 6 8
235 7 9
235 8 10
235 9 11
235 9 12
235 10 13
235 11 14
235 11 15
235 11 16
235 12 17
235 13 18
235 14 19
235 15 20
235 16 21
235 17 22
235 18 23
235 19 24
235 20 25
235 21 26
235 21 27
235 22 28
235 23 29
235 24 30
235 25 31
235 26 32
235 29 33
235 30 34
235 31 35
235 32 36
235 33 37
235 33 38
235 34 39
235 34 40
235 35 41
235 35 42
235 36 43
235 37 44
235 38 45
235 45 46
235 45 47
235 46 48
235 47 49
235 48 50
235 49 51
235 50 52
235 51 53
235 52 54
235 53 55
235 54 56
235 55 57
235 56 58
235 57 59
235 58 60
235 59 61
235 60 62
235 61 63
235 62 64
235 62 65
235 62 66
235 63 67
235 64 68
235 65 69
235 66 70
235 67 71
235 68 72
235 69 73
235 70 74
235 70 75
235 71 76
235 73 77
235 74 78
235 75 79
235 79 80
235 79 81
235 80 82
235 81 83
235 83 84
235 84 85
235 85 86
235 86 87
235 87 88
235 88 89
235 89 90
236 0 1
236 0 2
236 1 3
236 1 4
236 2 4
236 3 5
236 4 6
236 5 7
236 6 8
236 7 9
236 7 24
236 8 10
236 9 11
236 9 12
236 10 13
236 11 14
236 12 15
236 13 16
236 14 17
236 14 18
236 14 25
236 15 19
236 15 26
236 16 20
236 17 21
236 17 27
236 18 22
236 18 28
236 19 23
236 20 24
236 21 29
236 22 30
236 23 28
236 23 31
236 24 32
236 25 33
236 26 34
236 27 35
236 27 36
236 28 37
236 29 37
236 29 38
236 30 39
236 30 40
236 30 41
236 32 36
236 38 42
236 39 43
236 40 44
236 41 45
236 42 46
236 43 47
236 44 48
237 0 1
237 0 2
237 1 3
237 2 4
237 3 5
237 4 6
237 4 7
237 5 8
237 6 9
237 7 10
237 7 11
237 8 12
237 9 13
237 10 14
237 11 15
237 12 16
237 13 17
237 15 18
237 16 19
237 17 20
237 17 21
237 18 22
237 19 23
237 20 24
237 21 25
237 22 26
237 23 27
237 24 28
237 24 29
237 26 30
237 26 31
237 27 32
237 28 33
237 30 34
237 31 34
237 31 35
237 32 36
237 33 37
237 34 38
237 35 39
237 36 40
237 36 41
237 37 42
237 38 43
237 39 44
237 40 45
237 41 46
237 43 47
237 44 48
237 44 49
237 45 50
237 46 50
237 46 51
237 47 52
237 48 53
237 48 54
237 49 55
237 50 56
237 51 57
237 52 58
237 53 59
237 54 60
237 55 61
237 56 62
237 57 63
237 58 64
237 59 65
237 59 66
237 61 67
237 62 68
237 63 69
237 64 70
237 64 71
237 66 72
237 67 69
238 0 1
238 0 2
238 1 3
238 2 4
238 3 5
238 4 6
238 5 7
238 6 8
238 6 9
238 7 10
238 8 11
238 10 12
238 11 13
238 12 14
238 13 15
238 14 16
238 15 17
238 15 18
238 16 19
238 16 20
238 17 21
238 18 22
238 19 23
238 20 22
238 21 24
238 22 25
238 24 26
238 25 27
238 26 28
238 27 29
238 29 30
238 30 31
238 31 32
238 32 33
238 33 34
238 34 35
238 35 36
238 36 37
238 37 38
238 38 39
238 39 40
238 40 41
238 41 42
238 42 43
238 42 44
238 43 45
238 44 46
238 45 47
238 46 48
238 47 49
238 48 50
238 49 51
238 50 52
238 51 53
238 51 54
238 52 55
238 53 56
238 53 57
238 54 58
238 55 59
238 56 60
238 57 61
238 58 62
238 60 63
238 60 64
238 61 65
238 62 66
238 63 67
238 64 68
238 65 69
238 66 70
238 66 71
238 67 72
238 68 73
238 69 74
238 70 75
238 71 76
238 72 77
238 75 78
238 76 79
238 77 80
238 79 81
238 80 82
238 81 83
238 83 84
238 84 85
238 85 86
238 86 87
238 87 88
238 88 89
238 89 90
238 90 91
238 91 92
238 92 93
238 93 94
238 94 95
238 95 96
238 96 97
238 97 98
238 98 99
238 99 100
238 100 101
238 101 102
238 102 103
238 103 104
239 0 1
239 0 2
239 1 3
239 1 4
239 1 5
239 2 6
239 3 7
239 4 8
239 5 9
239 6 10
239 7 9
239 7 11
239 8 12
239 9 13
239 10 14
239 11 15
239 12 16
239 14 17
239 15 18
239 16 19
239 17 20
239 18 21
239 19 22
239 20 23
239 21 24
239 22 25
239 22 26
239 24 27
239 25 28
239 27 29
239 28 30
239 29 31
239 30 32
239 31 33
239 31 34
239 32 35
239 32 36
239 32 37
239 33 38
239 34 39
239 35 40
239 36 41
239 37 42
239 38 40
239 38 43
239 38 44
239 39 45
239 40 46
239 41 47
239 42 48
239 43 49
239 44 50
239 45 51
239 46 52
239 47 53
239 48 54
239 49 55
239 50 56
239 51 57
239 52 58
239 53 59
239 54 60
239 56 61
239 60 62
239 61 63
240 0 1
240 0 2
240 1 3
240 2 4
240 3 5
240 4 6
240 5 7
240 6 8
240 7 9
240 8 10
240 9 11
240 10 12
240 10 13
240 11 14
241 0 1
241 0 2
241 2 3
241 3 4
241 4 5
241 5 6
241 5 7
241 6 8
241 7 9
241 8 10
241 9 11
241 10 12
241 10 13
241 11 14
241 12 15
241 13 16
241 14 17
241 16 18
241 17 19
241 17 20
241 18 21
241 20 22
241 21 23
241 22 24
241 23 25
241 24 26
241 25 27
241 25 28
241 26 29
241 26 30
241 27 31
241 27 32
241 28 29
241 28 33
241 29 34
241 29 35
241 30 36
241 31 37
241 32 38
241 32 39
241 33 40
241 33 41
241 34 42
241 35 43
241 36 44
241 37 45
241 39 46
241 40 47
241 41 48
241 43 49
241 44 50
241 45 49
241 45 51
241 46 52
241 47 53
241 48 54
241 49 55
241 50 56
241 51 57
241 52 58
241 53 59
241 54 60
241 55 61
241 56 62
241 59 63
241 60 64
241 61 65
241 62 66
241 62 67
241 62 68
241 63 69
241 64 70
241 64 71
241 65 72
241 66 73
241 67 74
241 68 75
241 69 76
242 0 1
242 0 2
242 0 3
242 1 4
242 2 5
242 2 6
242 3 6
242 3 7
242 4 8
242 5 9
242 6 10
242 7 11
242 8 12
242 8 13
242 9 14
242 11 15
242 11 16
242 12 17
242 13 18
242 14 19
242 15 20
242 16 21
242 16 22
242 17 22
242 17 23
242 17 24
242 17 26
242 18 25
243 0 1
243 0 2
243 1 3
243 2 4
243 3 5
243 3 6
243 4 6
243 4 7
243 5 8
243 6 9
243 7 10
243 7 11
243 8 12
243 9 13
243 10 14
243 11 15
243 12 16
243 13 17
243 14 18
243 14 19
243 15 20
243 16 21
243 16 22
243 17 23
243 18 24
243 19 25
243 19 26
243 19 27
243 22 28
243 22 29
243 24 30
243 25 31
243 25 32
243 26 31
243 26 33
243 27 34
243 28 35
243 29 36
243 30 35
243 30 37
243 32 38
243 33 39
243 34 40
243 35 41
243 36 42
243 37 43
243 38 44
243 41 45
243 42 46
243 43 47
243 44 45
243 44 48
243 45 49
243 46 50
243 47 51
243 48 52
243 48 53
243 49 54
244 0 1
244 0 2
244 1 3
244 1 4
244 3 5
244 4 6
244 5 7
244 6 8
244 7 9
244 8 10
244 8 11
244 8 12
244 9 13
244 9 14
244 10 15
244 11 16
244 12 17
245 0 1
245 1 2
245 2 3
245 2 4
245 3 5
245 4 6
245 5 7
245 6 8
245 7 9
245 8 10
245 9 11
245 10 12
245 11 13
245 12 14
245 13 15
246 0 1
246 0 2
246 1 3
246 2 4
246 3 5
246 4 6
246 6 7
246 7 8
246 8 9
246 9 10
246 10 11
246 11 12
246 12 13
246 12 14
246 13 15
246 14 16
246 15 17
246 16 18
246 17 19
246 18 20
246 19 21
246 20 22
246 21 23
246 22 24
246 23 25
246 24 26
246 25 27
246 26 28
246 27 29
246 28 30
246 30 31
246 31 32
246 32 33
246 33 34
246 34 35
246 35 36
246 36 37
246 37 38
246 38 39
246 39 40
246 40 41
246 41 42
246 42 43
246 43 44
246 44 45
246 45 46
246 45 47
246 46 48
246 47 49
246 49 50
246 50 51
246 51 52
246 52 53
246 53 54
246 54 55
246 55 56
247 0 1
247 0 2
247 1 3
247 2 4
247 2 5
247 3 6
247 4 7
247 5 8
247 6 9
247 7 10
247 8 11
247 9 12
247 9 13
247 10 14
247 11 15
247 11 16
247 12 17
247 13 18
247 14 19
247 15 20
247 16 18
247 16 21
248 0 1
248 0 2
248 1 3
248 2 4
248 4 5
248 4 8
248 5 6
248 5 7
248 5 9
248 6 10
248 7 11
248 8 12
248 9 13
248 10 14
248 11 15
248 14 16
248 15 17
248 16 18
248 17 19
248 18 20
248 19 21
248 20 22
248 20 23
248 21 24
248 22 25
248 23 26
248 25 27
248 26 28
248 27 29
248 28 30
248 29 31
248 30 32
248 31 33
248 32 34
248 33 35
248 34 36
248 35 37
248 36 38
248 37 39
248 38 40
248 39 41
248 39 42
248 40 43
248 40 44
248 41 45
248 42 46
248 42 47
248 43 48
248 44 49
248 45 50
248 46 49
248 47 51
248 48 52
248 49 53
248 52 54
248 53 55
248 54 56
248 55 57
248 56 58
248 58 59
248 59 60
248 60 61
248 61 62
248 62 63
248 63 64
248 64 65
248 65 66
248 66 67
248 67 68
248 68 69
248 69 70
249 0 1
249 0 2
249 1 3
249 1 4
249 2 5
249 3 6
249 4 7
249 5 8
249 6 9
249 7 10
249 7 11
249 9 12
249 10 13
249 11 14
249 12 15
249 12 16
249 13 17
249 13 18
249 14 19
249 15 18
249 16 20
249 17 21
249 18 22
249 19 23
249 21 24
249 22 25
249 24 26
249 24 27
249 26 28
249 27 29
249 27 30
249 28 31
249 28 32
249 29 33
249 30 34
249 30 35
249 31 36
249 32 37
249 34 38
249 35 39
249 39 40
249 40 41
249 41 42
249 42 43
249 43 44
249 44 45
250 0 1
250 0 2
250 1 3
250 2 4
250 2 5
250 3 6
250 4 7
250 5 8
250 6 9
250 7 8
250 7 10
250 8 11
250 8 12
250 8 13
250 9 14
250 10 15
250 11 16
250 12 17
250 13 18
250 14 19
250 14 20
250 15 21
250 16 22
250 17 23
250 17 24
250 18 25
250 19 26
250 19 27
250 20 28
250 20 29
250 21 30
250 24 31
250 24 32
250 25 33
250 27 29
250 28 34
250 29 35
250 30 36
250 31 37
250 31 38
250 32 39
250 32 40
250 33 41
250 34 42
250 36 41
250 37 43
250 42 44
250 43 45
250 44 46
250 45 47
250 46 48
250 47 49
250 48 50
250 49 51
250 50 52
251 0 1
251 1 2
251 2 3
251 2 4
251 3 5
251 4 6
251 4 7
251 4 8
251 5 9
251 5 10
251 5 11
251 6 12
251 8 13
251 8 14
251 9 15
251 9 16
251 10 15
251 11 17
251 12 18
251 14 19
251 15 20
251 17 21
251 18 22
251 19 23
251 20 24
251 21 25
251 22 24
251 22 26
251 23 27
251 24 28
251 25 29
251 26 30
251 27 31
251 27 32
251 28 33
251 29 34
251 29 35
251 30 36
251 30 37
251 31 38
251 31 39
251 32 40
251 33 40
251 34 41
251 34 42
251 35 43
251 36 44
251 37 45
251 38 46
251 39 47
251 39 48
251 40 49
251 41 50
251 42 51
251 43 52
251 44 53
251 45 54
251 48 55
251 49 56
251 50 57
251 51 58
251 52 59
251 53 60
251 54 61
251 55 62
251 56 63
251 57 64
251 59 65
251 59 66
251 60 67
251 60 68
251 64 69
251 64 70
251 65 71
251 66 72
251 67 73
251 68 74
251 69 75
251 70 76
251 71 77
251 72 78
251 73 79
251 74 80
251 75 81
251 76 82
251 77 83
251 78 82
251 78 84
251 79 85
251 80 86
251 81 87
251 82 88
251 83 89
251 84 90
251 84 91
251 85 92
251 86 93
251 87 94
251 88 95
251 91 96
251 92 97
251 93 98
251 94 99
251 96 100
251 97 101
251 98 102
251 99 103
251 100 104
251 101 105
251 103 106
251 105 106
252 0 1
252 1 2
252 2 3
252 3 4
252 4 5
252 4 6
252 4 7
252 4 8
252 5 9
252 6 8
252 6 10
252 7 11
252 8 12
252 9 13
252 10 14
252 14 15
252 15 16
252 15 17
252 15 18
252 16 18
252 16 19
252 17 20
252 17 21
252 18 22
252 19 23
252 19 24
252 20 25
252 21 26
252 23 27
252 24 28
252 24 29
252 25 30
252 26 31
252 27 32
252 28 33
252 29 34
252 30 35
252 30 36
252 31 37
252 36 38
253 0 1
253 0 2
253 1 3
253 2 4
253 3 5
253 4 6
253 5 7
253 6 8
253 7 9
253 7 10
253 8 11
253 9 12
253 10 13
253 11 14
253 11 15
253 12 16
253 13 17
253 14 18
253 15 19
253 17 20
253 18 21
253 18 22
253 21 23
253 22 24
253 23 25
253 23 26
253 24 27
253 25 28
253 25 29
253 26 30
253 27 31
253 28 32
253 29 33
253 29 34
253 31 35
253 32 36
253 34 37
253 35 38
253 36 39
253 37 40
253 37 41
253 38 41
253 38 42
253 39 43
253 40 44
253 40 45
253 41 46
253 42 47
253 43 48
253 44 49
253 44 50
253 45 51
253 46 52
253 47 53
253 48 54
253 49 55
253 53 56
253 54 57
253 55 58
253 55 59
253 56 60
253 57 61
253 58 62
253 59 63
253 60 64
253 62 65
253 64 66
253 65 67
254 0 1
254 1 2
254 2 3
254 3 4
254 4 5
254 5 6
254 6 7
254 7 8
254 8 9
254 9 10
254 9 11
254 10 12
254 11 13
254 12 14
254 13 15
254 14 16
254 15 17
254 15 18
254 16 19
254 17 20
254 18 21
254 19 22
254 20 23
254 22 24
254 23 25
254 25 26
254 25 27
254 26 28
254 26 29
254 27 30
254 28 29
254 28 31
254 29 32
254 30 33
254 30 34
254 31 35
254 32 36
254 32 37
254 33 38
254 34 39
254 35 40
254 37 41
254 38 42
254 39 43
254 40 44
254 41 45
254 42 46
254 43 47
254 45 48
254 46 49
254 47 50
254 48 51
254 49 52
254 49 53
254 50 54
254 50 55
254 51 56
254 51 57
254 52 58
254 54 59
254 55 60
254 56 61
254 57 62
254 58 63
254 59 64
254 60 65
255 0 1
255 0 2
255 1 3
255 2 4
255 3 5
255 4 6
255 4 7
255 5 8
255 6 9
255 6 10
255 7 11
255 7 12
255 10 13
255 10 14
255 11 15
255 12 16
255 13 17
255 14 17
255 14 18
255 15 19
255 16 20
255 16 21
255 17 22
255 19 23
255 20 24
255 21 25
255 22 26
255 22 27
255 23 28
255 24 29
255 25 30
255 30 31
255 31 32
255 32 33
255 33 34
255 33 35
255 34 36
255 35 37
255 36 38
255 37 39
255 37 40
255 39 41
255 40 42
255 41 43
255 42 44
255 43 45
255 44 46
255 46 47
255 47 48
255 48 49
255 49 50
255 50 51
255 51 52
255 52 53
255 53 54
255 54 55
255 55 56
255 56 57
255 57 58
255 58 59
255 59 60
255 60 61
255 61 62
255 62 63
255 63 64
255 64 65
255 65 66
255 66 67
255 67 68
255 68 69
255 69 70
255 70 71
255 71 72
255 72 73
255 73 74
255 74 75
255 75 76
255 76 77
255 77 78
256 0 1
256 0 2
256 0 3
256 0 4
256 1 5
256 1 6
256 3 6
256 3 7
256 4 8
256 5 9
256 6 10
256 7 9
256 7 11
256 7 12
256 11 13
256 12 14
256 13 15
256 14 16
256 15 17
256 16 18
256 16 19
256 16 20
256 17 21
256 17 22
256 20 23
256 21 24
256 22 25
256 23 26
256 24 27
256 25 28
256 27 29
256 27 30
256 28 31
256 29 32
256 30 33
256 31 34
256 31 35
256 31 36
256 32 37
256 32 38
256 33 39
256 33 41
256 34 40
256 34 42
256 35 41
256 35 43
256 36 44
256 38 45
256 39 46
256 39 47
256 40 48
256 41 49
256 42 50
256 42 51
256 43 52
256 44 53
256 45 54
256 46 55
256 47 56
256 49 57
256 50 58
256 51 59
256 52 60
256 53 61
256 55 62
256 55 63
256 59 64
256 61 65
256 62 66
256 63 67
256 64 68
256 65 69
256 66 70
256 68 71
256 69 72
257 0 1
257 0 2
257 1 3
257 2 4
257 3 5
257 4 6
257 5 7
257 5 8
257 5 9
257 5 10
257 6 11
257 7 12
257 7 13
257 7 14
257 8 11
257 8 15
257 8 16
257 9 17
257 9 18
257 10 19
257 11 20
257 12 21
257 13 22
257 14 23
257 15 24
257 16 25
257 17 22
257 17 26
257 17 27
257 18 28
257 19 23
257 20 29
257 21 30
257 22 31
257 23 32
257 24 33
257 25 34
257 26 35
257 27 36
257 27 37
257 32 38
257 32 39
257 33 40
257 34 41
257 35 42
257 36 43
257 37 44
257 38 45
257 39 46
257 40 47
257 41 48
257 42 49
257 43 50
257 43 51
257 44 52
257 46 53
257 47 54
257 49 55
257 50 56
257 51 57
257 52 58
257 53 59
257 54 60
257 55 61
257 56 62
257 57 63
257 58 64
257 59 65
257 60 66
257 65 67
257 65 68
257 65 69
257 66 70
257 66 71
257 67 72
257 68 73
257 68 74
257 69 75
257 71 76
257 72 77
257 73 78
257 74 79
257 75 80
257 76 81
257 77 82
257 78 83
257 79 84
257 80 85
257 81 86
257 84 87
257 85 88
257 86 89
257 87 90
257 89 91
257 90 92
257 91 93
257 92 94
258 0 1
258 0 2
258 1 3
258 2 4
258 3 5
258 4 6
258 5 7
258 5 8
258 6 9
258 7 10
258 7 11
258 8 12
258 9 13
258 10 14
258 11 15
258 12 16
258 13 17
258 14 18
258 15 19
258 15 20
258 16 21
258 18 22
258 19 23
258 20 24
258 21 25
258 22 26
258 22 27
258 22 28
258 23 29
258 24 30
258 24 31
258 25 32
258 28 33
258 28 34
258 29 35
258 30 36
258 31 37
258 32 38
258 32 39
258 33 40
258 34 41
258 35 42
258 36 43
258 36 44
258 37 45
258 38 46
258 39 47
258 40 48
258 41 49
258 42 50
258 43 51
258 44 51
258 44 52
258 48 53
258 49 54
258 50 55
258 51 56
258 52 57
258 53 58
258 54 59
258 55 60
258 56 61
258 57 62
258 59 63
258 59 64
258 60 65
258 61 66
258 63 67
258 63 68
258 64 69
258 65 70
258 66 71
258 67 72
258 68 73
258 70 74
258 71 75
258 72 76
258 73 77
258 74 78
258 74 79
258 76 80
258 77 81
258 78 82
258 79 83
258 80 84
258 82 85
258 85 86
258 86 87
258 87 88
258 88 89
259 0 1
259 0 2
259 1 3
259 2 4
259 3 5
259 4 6
259 4 7
259 5 8
259 6 9
259 7 10
259 8 11
259 9 12
259 10 13
259 13 14
259 14 15
259 15 16
259 16 17
259 17 18
259 18 19
259 19 20
259 20 21
259 21 22
259 21 23
259 21 24
259 22 25
259 23 26
259 24 27
259 24 28
259 25 29
259 26 30
259 28 31
259 29 31
259 29 32
259 30 33
259 31 34
259 32 35
259 32 36
259 33 37
259 34 38
259 35 39
259 36 40
259 38 41
259 39 42
259 40 43
259 41 44
259 42 45
259 43 46
259 44 47
259 44 48
259 45 49
259 46 50
259 47 51
259 48 52
259 49 53
259 50 54
259 52 55
259 53 56
259 54 57
259 55 58
259 56 57
259 57 59
259 58 60
259 59 61
259 60 62
259 61 63
259 62 64
259 63 65
259 64 66
259 65 67
259 66 68
259 67 69
259 68 70
259 68 71
259 70 72
259 71 73
259 72 74
259 73 75
259 75 76
259 76 77
259 77 78
259 78 79
259 79 80
259 80 81
259 81 82
259 82 83
259 83 84
260 0 1
260 0 2
260 1 3
260 1 4
260 1 5
260 2 6
260 3 5
260 3 7
260 4 8
260 5 9
260 6 10
260 7 11
260 8 12
260 9 13
260 10 14
260 11 15
261 0 1
261 0 2
261 1 3
261 2 4
261 3 5
261 4 6
261 5 7
261 6 8
261 7 9
261 7 10
261 8 11
261 9 12
261 11 13
261 12 13
261 12 14
261 13 15
261 14 16
261 15 17
261 16 18
261 16 19
261 17 20
261 18 21
261 19 22
261 20 23
261 21 24
261 22 25
261 23 26
261 23 27
261 24 28
261 25 29
261 26 30
261 27 31
261 28 32
261 29 33
261 30 32
261 30 34
261 31 35
261 31 36
261 32 37
261 32 38
261 33 38
261 33 39
261 33 40
261 33 41
261 35 42
261 36 43
261 37 41
261 37 44
261 37 45
261 38 46
261 39 44
261 39 47
261 40 48
261 41 49
261 42 50
261 43 51
261 44 52
261 45 53
261 47 54
261 48 55
261 49 56
261 53 57
261 54 58
261 55 59
261 56 60
261 56 61
261 61 62
261 62 63
261 63 64
261 64 65
261 65 66
261 65 67
261 65 68
261 67 69
261 68 70
261 69 71
261 70 72
261 71 73
261 73 74
261 74 75
261 75 76
261 76 77
261 77 78
261 78 79
261 79 80
261 80 81
262 0 1
262 0 2
262 1 3
262 2 4
262 3 5
262 4 6
262 5 7
262 5 8
262 6 9
262 7 10
262 8 11
262 9 12
262 10 13
262 11 14
262 12 15
262 13 14
262 13 16
262 14 17
262 15 18
262 16 19
262 16 20
262 17 21
262 18 22
262 19 23
262 20 24
262 21 25
262 21 26
262 22 27
262 22 28
262 23 29
262 24 30
262 25 31
262 26 32
262 27 32
262 27 33
262 29 34
262 30 35
262 30 36
262 31 37
262 31 38
262 32 39
262 32 40
262 34 41
262 35 42
262 36 43
262 37 44
262 38 45
262 38 46
262 39 47
262 40 48
262 40 49
262 41 50
262 42 51
262 43 52
262 44 53
262 48 54
262 49 55
262 50 56
262 51 57
262 52 58
262 54 59
262 55 60
262 56 61
262 57 62
262 57 63
262 57 70
262 58 64
262 59 65
262 59 71
262 60 66
262 61 67
262 61 72
262 62 68
262 62 69
262 62 70
262 64 73
263 0 1
263 1 2
263 2 3
263 3 4
263 4 5
263 4 6
263 5 7
263 6 8
263 7 9
263 8 10
263 9 11
263 10 12
263 10 13
263 11 14
263 12 15
263 13 16
263 14 17
263 15 18
263 16 19
263 17 20
263 18 21
263 19 22
263 19 23
263 20 24
263 21 25
263 22 26
263 23 27
263 24 28
263 25 29
263 27 30
263 28 31
263 29 32
263 29 33
263 30 34
263 30 35
263 31 36
263 35 37
263 36 38
263 37 39
263 39 40
263 40 41
263 40 42
263 41 43
263 42 44
263 43 45
263 44 46
263 45 47
263 46 48
263 47 49
263 47 50
263 48 51
263 50 52
263 51 53
263 53 54
263 54 55
263 55 56
263 56 57
263 57 58
263 58 59
263 59 60
263 60 61
263 61 62
263 62 63
263 63 64
263 64 65
263 65 66
263 66 67
263 67 68
263 68 69
263 69 70
263 70 71
263 71 72
263 72 73
263 73 74
263 74 75
263 75 76
263 76 77
263 77 78
263 78 79
263 79 80
263 80 81
264 0 1
264 0 2
264 1 3
264 2 4
264 3 5
264 3 6
264 4 7
264 5 8
264 6 9
264 7 10
264 8 11
264 9 12
264 9 13
264 10 14
264 11 15
264 12 16
264 13 17
264 14 18
264 15 19
264 16 20
264 18 21
264 19 22
264 20 23
264 21 24
264 22 25
264 23 26
264 23 27
264 24 25
264 24 28
264 25 28
264 25 29
264 26 30
264 27 31
264 28 32
264 29 33
264 30 34
264 31 35
264 31 36
264 32 37
264 33 35
264 33 38
264 33 39
264 34 40
264 35 41
264 38 42
264 38 43
264 39 44
264 40 45
264 41 46
264 43 45
264 43 47
264 43 48
264 44 49
264 45 50
264 46 51
264 46 52
264 47 53
264 48 54
264 50 55
264 51 56
264 52 57
264 53 58
264 54 59
264 55 60
264 56 61
264 56 62
264 57 63
264 58 64
264 59 65
264 61 66
264 62 67
264 63 68
264 65 69
264 66 70
264 67 71
264 68 70
264 68 72
264 69 73
264 70 74
264 71 75
264 73 76
264 74 77
264 75 78
264 75 79
264 76 80
264 77 81
264 78 82
264 79 83
264 80 84
264 81 85
264 82 86
264 83 87
264 84 88
264 85 89
264 88 90
265 0 1
265 0 2
265 1 3
265 2 4
265 2 5
265 3 6
265 4 7
265 5 8
265 6 9
265 6 10
265 7 11
265 8 12
265 8 13
265 9 14
265 10 15
265 11 16
265 12 17
265 13 18
265 14 19
265 15 20
265 16 21
265 17 22
265 18 23
265 19 24
265 20 25
265 20 26
265 21 27
265 22 28
265 23 29
265 25 30
265 26 31
265 27 32
265 28 33
265 28 34
265 29 35
265 30 36
265 31 37
265 32 38
265 32 39
265 33 40
265 34 41
265 35 36
265 36 42
265 37 43
265 38 44
265 39 45
265 39 46
265 40 47
265 41 48
265 42 49
265 43 50
265 44 51
265 49 52
266 0 1
266 0 2
266 1 3
266 1 4
266 1 5
266 1 6
266 2 7
266 3 8
266 4 9
266 5 10
266 6 11
266 6 12
266 7 13
266 7 14
266 8 15
266 8 16
266 8 17
266 8 18
266 10 19
266 11 20
266 13 21
266 14 22
266 15 23
266 17 24
266 18 25
266 19 20
266 19 26
266 20 27
266 20 28
266 21 29
266 21 30
266 22 31
266 22 32
266 23 31
266 23 33
266 24 34
266 25 35
266 26 36
266 27 37
266 29 38
266 31 39
266 39 40
266 39 41
266 40 42
266 41 43
266 42 44
267 0 1
267 0 2
267 0 3
267 1 4
267 4 5
267 4 6
267 4 7
267 5 8
267 6 9
267 7 10
267 8 11
267 9 12
267 10 13
267 13 14
267 13 15
267 14 16
267 15 17
267 16 18
267 17 19
267 18 20
267 19 21
267 20 22
267 21 23
267 21 24
267 22 25
267 23 26
267 24 27
267 25 28
268 0 1
268 0 2
268 1 3
268 1 4
268 1 5
268 2 6
268 3 7
268 4 8
268 5 9
268 6 10
268 7 11
268 8 12
268 9 13
268 10 14
268 10 15
268 11 16
268 12 17
268 13 18
268 14 19
268 16 20
268 17 21
268 17 36
268 18 22
268 19 23
268 20 24
268 21 25
268 22 26
268 23 27
268 24 28
268 25 29
268 26 30
268 27 31
268 28 32
268 29 33
268 29 37
268 29 38
268 30 34
268 30 35
268 30 39
268 30 40
268 31 36
268 31 39
268 31 41
268 32 42
268 33 43
268 35 44
268 37 45
268 37 46
268 38 47
268 39 48
268 44 48
268 45 49
268 46 50
268 46 51
268 47 52
268 48 53
268 48 54
268 49 55
268 50 56
268 51 57
268 52 58
268 53 59
268 54 60
268 55 61
268 56 62
268 57 63
268 58 64
268 59 65
268 60 66
268 61 67
268 62 68
268 63 69
268 65 70
268 65 71
268 70 72
268 71 73
268 72 74
268 73 75
268 74 76
268 75 77
268 76 78
268 77 79
268 78 80
268 79 81
268 80 82
268 81 83
268 82 84
268 83 85
268 84 86
268 85 87
268 86 88
268 87 89
268 88 90
268 89 91
268 90 92
268 91 93
268 92 94
268 94 95
268 95 96
268 96 97
268 97 98
268 98 99
268 99 100
268 100 101
268 101 102
269 0 1
269 0 2
269 1 3
269 2 4
269 3 5
269 4 6
269 5 7
269 6 8
269 8 9
269 9 10
269 9 11
269 10 12
269 10 13
269 11 14
269 12 15
269 12 16
269 13 17
269 14 18
269 15 18
269 15 19
269 15 20
269 16 21
269 17 22
269 17 23
269 18 24
269 19 25
269 20 26
269 21 27
269 22 28
269 22 29
269 23 27
269 23 30
269 24 31
269 25 32
269 26 33
269 26 34
269 27 35
269 28 36
269 29 37
269 30 38
269 31 39
269 32 40
269 33 41
269 33 42
269 34 43
269 35 39
269 36 44
269 37 45
269 38 46
269 39 47
269 39 48
269 40 49
269 41 50
269 42 51
269 45 52
270 0 1
270 0 2
270 0 3
270 1 4
270 1 5
270 2 6
270 2 7
270 3 8
270 4 9
270 5 10
270 7 11
270 8 12
270 9 13
270 10 14
270 11 15
270 11 16
270 12 17
270 12 18
270 13 19
270 14 20
270 15 21
270 16 22
270 17 23
270 19 24
270 20 25
270 20 26
270 21 26
270 21 27
270 21 28
270 22 29
270 23 30
270 24 29
270 24 31
270 25 32
270 26 33
270 27 34
270 27 35
270 28 36
270 30 37
270 30 38
270 31 39
270 32 40
270 33 41
270 34 42
270 35 43
270 37 44
270 38 44
270 38 56
270 39 45
270 40 46
270 40 47
270 41 48
270 42 49
270 43 50
270 44 51
270 45 52
270 46 53
270 47 54
270 48 55
270 49 56
270 49 57
270 50 58
270 51 59
271 0 1
271 1 2
271 2 3
271 3 4
271 4 5
271 4 6
271 4 7
271 4 8
271 5 9
271 5 10
271 7 9
271 7 11
271 7 12
271 8 13
271 8 14
271 9 15
271 9 16
271 10 17
271 10 18
271 11 19
271 12 20
271 13 21
271 13 22
271 14 23
271 15 24
271 16 25
271 16 26
271 18 27
271 19 28
271 20 29
271 21 30
271 22 31
271 25 32
271 26 33
271 27 34
271 27 35
271 28 36
271 29 37
271 30 38
271 30 39
271 31 40
271 31 41
271 32 42
271 33 43
271 34 44
271 35 45
271 37 46
271 37 47
271 38 48
271 39 49
271 40 50
271 41 51
271 42 52
271 43 53
271 44 54
271 46 55
271 47 56
271 47 57
271 48 58
271 49 59
271 49 60
271 51 61
271 51 62
271 52 63
271 52 64
271 53 65
271 55 66
271 55 67
271 57 68
271 58 69
271 59 70
271 60 71
271 61 72
271 63 69
271 63 73
271 64 74
271 65 66
271 65 75
271 66 76
271 67 68
271 67 77
271 68 78
271 69 79
271 70 80
271 71 81
271 72 82
271 73 83
271 76 84
271 79 84
272 0 1
272 0 2
272 1 3
272 2 4
272 3 5
272 4 6
272 4 7
272 5 8
272 5 9
272 5 10
272 5 11
272 6 12
272 7 13
272 8 14
272 9 15
272 10 16
272 12 17
272 13 15
272 13 18
272 14 19
272 14 20
272 15 21
272 16 22
272 17 23
272 17 24
272 18 25
272 19 26
272 20 27
272 21 28
272 21 29
272 22 30
272 23 31
272 24 32
272 25 33
272 26 34
272 26 35
272 27 36
272 28 37
272 29 38
272 30 38
272 30 39
272 31 40
272 32 41
272 33 42
272 33 43
272 35 44
272 36 45
272 37 46
272 38 47
272 39 48
272 39 49
272 41 50
272 42 51
272 44 52
272 45 53
272 46 54
272 47 52
272 47 55
272 48 56
272 49 57
272 50 57
272 50 58
272 53 59
272 54 60
272 55 61
272 56 62
272 57 63
272 59 64
272 60 65
272 60 66
272 61 67
272 62 68
272 63 69
272 64 70
272 65 71
272 65 72
272 66 73
272 66 74
272 67 75
272 70 76
273 0 1
273 0 2
273 1 3
273 2 4
273 2 5
273 3 6
273 4 7
273 4 8
273 5 9
273 6 10
273 7 11
273 7 12
273 8 13
273 10 14
273 11 15
273 13 16
273 14 17
273 15 18
273 17 19
273 18 20
273 19 21
273 20 22
273 20 23
273 21 24
273 22 25
273 22 26
273 23 27
273 24 28
273 28 29
273 29 30
273 30 31
273 31 32
273 32 33
273 33 34
273 34 35
273 35 36
273 36 37
273 37 38
273 37 39
273 38 40
273 39 41
273 40 42
273 40 43
273 41 44
273 42 45
273 43 46
273 44 47
273 45 48
273 46 49
273 47 50
273 48 51
273 49 52
273 50 53
273 51 54
273 52 55
273 53 56
273 54 57
273 55 58
273 55 59
273 56 60
273 57 61
273 58 62
273 60 63
273 61 64
273 62 65
273 63 66
273 64 67
273 65 68
273 65 69
273 66 67
273 66 70
273 66 71
273 67 72
273 68 73
273 69 74
273 70 75
273 71 76
273 76 77
273 77 78
273 78 79
273 79 80
273 80 81
273 81 82
273 82 83
273 83 84
273 84 85
273 85 86
273 86 87
273 87 88
273 88 89
273 89 90
273 90 91
273 91 92
273 92 93
273 93 94
273 94 95
273 95 96
273 96 97
273 97 98
273 98 99
273 99 100
273 100 101
273 101 102
274 0 1
274 0 2
274 0 3
274 1 4
274 2 5
274 2 6
274 3 7
274 4 8
274 5 9
274 6 10
274 7 11
274 7 12
274 10 11
274 11 12
275 0 1
275 0 2
275 1 3
275 2 4
275 3 5
275 4 6
275 5 7
275 6 8
275 7 9
275 8 10
275 9 11
275 10 12
275 10 13
275 11 14
275 12 15
275 13 16
275 14 17
275 15 18
275 16 19
275 17 20
275 19 21
275 19 22
275 20 23
275 20 24
275 22 25
275 23 26
275 25 27
275 26 27
275 26 28
275 27 29
275 28 30
275 29 31
275 30 32
275 31 33
275 32 34
275 33 35
275 34 36
275 34 37
275 35 38
275 36 39
275 37 40
275 38 41
275 39 42
275 40 43
275 40 44
275 41 45
275 42 46
275 43 47
275 44 48
275 45 49
275 46 50
275 47 51
275 48 52
275 49 53
276 0 1
276 1 2
276 2 3
276 2 4
276 3 5
276 4 6
276 6 7
276 6 8
276 7 9
276 8 10
276 9 11
276 10 12
276 11 13
276 12 14
276 13 15
276 14 16
276 15 17
276 16 18
277 0 1
277 0 2
277 0 3
277 0 4
277 1 5
277 2 6
277 3 7
277 4 8
277 5 9
277 6 10
277 6 11
277 7 12
277 8 13
277 9 14
277 10 15
277 12 16
277 13 17
277 14 18
277 14 19
277 16 20
277 16 21
277 17 22
277 18 23
277 18 24
277 19 25
277 21 26
277 22 27
277 23 28
277 23 29
277 24 30
277 25 31
277 26 32
277 28 33
277 28 34
277 29 35
277 30 31
277 30 36
277 31 37
277 32 38
277 34 39
277 35 39
277 35 40
277 36 41
277 37 42
277 38 43
277 39 44
277 40 45
277 40 46
277 41 47
277 42 48
277 43 49
277 44 50
277 45 51
277 51 52
277 52 53
278 0 1
278 0 2
278 1 3
278 3 4
278 4 5
278 5 6
278 5 7
278 6 8
278 7 9
278 7 10
278 8 11
278 8 12
278 9 13
278 10 14
278 11 15
278 12 16
278 12 17
278 13 18
278 14 19
278 15 20
278 16 21
278 17 18
278 17 22
278 18 23
278 19 24
278 20 25
278 21 26
278 21 27
278 22 25
278 22 28
278 23 28
278 23 29
278 23 30
278 24 31
278 24 32
278 25 33
278 25 34
278 25 35
278 27 36
278 27 37
278 28 38
278 29 39
278 29 40
278 30 41
278 31 32
278 31 42
278 31 43
278 32 44
278 32 45
278 34 46
278 35 47
278 36 45
278 37 48
278 41 49
278 42 50
278 42 51
278 43 52
278 44 53
278 44 54
278 46 55
278 47 51
278 47 56
278 48 57
278 49 58
278 50 59
278 51 60
278 52 61
278 54 62
278 55 63
278 57 58
279 0 1
279 0 2
279 1 3
279 1 4
279 2 5
279 3 6
279 3 7
279 4 8
279 5 9
279 6 10
279 7 11
279 8 11
279 8 12
279 9 13
279 10 14
279 11 15
279 12 15
279 13 16
279 14 17
279 15 18
279 15 19
279 16 20
279 17 21
279 18 22
279 20 23
280 0 1
280 0 2
280 1 3
280 1 4
280 2 5
280 3 6
280 4 7
280 5 8
280 6 9
280 7 10
280 7 11
280 8 12
280 9 13
280 10 11
280 10 14
280 11 15
280 12 16
280 12 17
280 13 18
280 14 19
280 15 20
280 15 21
280 16 22
280 18 23
280 19 24
280 20 22
280 20 25
280 21 26
280 21 27
280 22 28
280 23 29
280 24 30
280 25 31
280 25 32
280 26 28
280 26 33
280 27 34
280 28 29
280 28 35
280 28 36
280 29 37
280 30 38
280 31 39
280 31 40
280 32 41
280 32 42
280 33 43
280 34 40
280 35 44
280 36 45
280 37 46
280 38 47
280 39 48
280 40 49
280 41 50
280 48 51
280 49 52
280 50 53
280 51 54
280 51 55
280 52 56
280 53 57
280 54 58
280 55 59
280 56 60
280 56 61
280 56 62
280 58 63
280 59 64
280 59 65
280 60 66
280 61 67
280 62 63
280 62 68
280 63 69
280 64 70
280 65 71
280 66 70
280 66 72
280 66 73
280 67 74
280 67 75
280 68 76
280 72 77
280 74 78
280 75 79
281 0 1
281 0 2
281 1 3
281 2 4
281 3 5
281 4 6
281 5 7
281 6 8
281 7 9
281 8 10
281 9 11
281 10 12
281 11 13
281 11 14
281 12 15
281 13 16
281 14 16
281 14 17
281 15 18
281 16 19
281 16 20
281 17 21
281 18 22
281 19 23
281 20 24
281 21 25
281 22 26
281 23 27
281 24 28
281 25 29
281 26 30
281 27 31
281 27 32
281 28 33
281 29 34
281 30 35
281 31 36
281 35 37
281 36 38
281 37 39
281 38 40
281 39 41
281 40 42
281 41 43
281 43 44
281 44 45
281 45 46
281 46 47
281 47 48
281 48 49
281 49 50
281 50 51
281 51 52
281 52 53
281 53 54
281 54 55
281 55 56
281 56 57
281 57 58
281 58 59
281 59 60
281 60 61
281 61 62
281 62 63
282 0 1
282 0 2
282 1 3
282 3 4
282 4 5
282 5 6
282 6 7
282 6 8
282 7 9
282 8 10
282 9 11
282 10 12
282 10 13
282 11 14
282 11 15
282 12 15
282 12 16
282 13 17
282 14 18
282 15 19
282 16 20
282 17 21
282 18 22
282 19 23
282 20 24
282 21 25
282 22 26
282 23 27
282 23 28
282 24 29
282 26 30
282 27 31
282 28 32
282 29 33
282 30 34
282 31 35
282 32 36
282 33 37
282 34 38
282 35 39
282 36 40
282 37 41
282 38 41
282 39 42
282 40 43
282 40 44
282 41 45
282 42 46
282 43 47
282 44 48
282 45 49
282 46 50
282 47 51
282 48 52
282 51 53
282 51 54
282 52 55
282 53 56
282 54 57
282 54 58
282 55 59
282 56 60
282 57 61
282 57 62
282 57 63
282 57 64
282 58 65
282 59 64
282 59 66
282 59 67
282 60 68
282 61 69
282 62 70
282 63 71
282 64 72
282 65 73
282 65 74
282 66 75
282 66 76
282 66 77
282 70 78
282 70 79
282 71 80
282 71 81
282 72 82
282 73 83
282 74 84
282 74 85
282 75 86
282 77 87
282 80 88
282 82 89
282 83 90
282 84 91
282 86 92
282 87 93
282 88 94
282 90 95
282 91 96
282 96 97
282 97 98
282 97 99
282 98 100
282 99 101
282 100 102
282 101 103
282 102 104
282 103 105
283 0 1
283 0 2
283 1 3
283 2 4
283 3 5
283 4 6
283 5 7
283 6 8
283 7 9
283 8 10
283 9 11
283 10 12
283 11 13
283 12 14
283 13 15
283 14 16
283 15 17
283 16 18
283 17 19
283 18 20
283 19 21
283 20 22
283 22 23
283 23 24
283 24 25
283 24 26
283 24 27
283 25 28
283 25 29
283 26 30
283 26 31
283 27 32
283 27 33
283 28 34
283 29 34
283 29 35
283 29 36
283 30 37
283 31 38
283 32 39
283 33 40
283 34 41
283 35 42
283 36 43
283 37 44
283 38 45
283 39 46
283 40 47
283 41 48
283 42 49
283 43 50
283 44 51
283 44 52
283 45 53
283 46 54
283 47 55
283 51 56
283 52 57
283 52 58
283 53 59
283 57 60
283 58 61
283 59 62
283 60 63
283 61 64
283 62 65
283 62 66
283 63 67
283 64 68
283 66 69
283 67 70
283 69 71
283 70 72
283 71 73
283 72 74
284 0 1
284 0 2
284 1 3
284 1 4
284 2 5
284 2 6
284 3 7
284 4 8
284 5 9
284 7 10
284 8 11
284 9 12
284 9 13
284 10 14
284 11 15
284 12 16
284 13 17
284 14 18
284 15 19
284 15 20
284 16 21
284 17 22
284 18 23
284 19 24
284 20 25
284 21 26
284 22 27
284 22 28
284 23 29
284 24 30
284 25 31
284 26 32
284 27 33
284 28 34
284 29 35
284 30 36
284 31 37
284 32 38
284 33 39
284 34 40
284 35 41
284 36 42
284 37 43
284 38 44
284 39 45
284 39 46
284 39 47
284 39 49
284 40 48
284 40 50
284 41 51
284 43 52
284 43 53
284 45 54
284 46 55
284 47 56
284 49 57
284 50 58
284 50 59
284 51 55
284 54 60
284 55 61
284 56 62
284 56 63
284 57 64
284 58 65
284 59 66
284 60 67
284 61 68
284 63 69
284 63 70
284 63 71
284 64 72
284 66 73
284 67 74
284 68 75
284 69 76
284 70 77
284 71 78
284 71 79
284 71 80
284 72 81
284 73 82
284 76 83
284 77 84
284 78 85
284 79 86
284 82 83
285 0 1
285 1 2
285 2 3
285 2 4
285 3 5
285 4 6
285 5 7
285 6 8
285 7 9
285 7 10
285 8 11
285 9 12
285 11 13
285 12 14
285 13 15
285 14 16
285 14 17
285 14 18
285 15 19
285 16 18
285 16 20
285 17 21
285 18 22
285 19 23
285 20 24
285 21 25
285 22 26
285 23 27
285 24 28
285 25 29
285 26 30
285 26 31
285 27 32
285 28 33
285 29 34
285 30 35
285 31 34
285 31 36
285 31 37
285 31 38
285 32 39
285 33 40
285 34 41
285 35 42
285 36 43
285 37 44
285 38 45
285 38 46
285 39 47
285 40 42
285 40 48
285 42 43
285 42 49
285 43 50
285 43 51
285 44 52
285 45 53
285 46 54
285 46 55
285 47 56
285 48 57
285 49 58
285 50 59
285 51 60
285 51 61
285 53 62
285 54 63
285 55 62
285 55 64
285 57 65
285 57 66
285 58 62
285 58 67
285 59 68
285 60 65
285 60 69
285 60 70
285 61 71
285 61 72
285 62 73
285 63 74
285 65 75
285 65 76
285 66 77
285 69 74
285 73 78
285 74 79
285 75 80
285 76 81
285 77 82
285 78 83
285 79 84
285 80 85
285 81 86
285 82 87
285 83 88
285 84 89
285 85 90
285 86 91
285 87 92
285 88 92
285 88 93
285 88 94
285 89 95
285 89 96
285 90 97
285 91 98
285 91 99
285 91 100
285 92 101
285 92 103
285 93 102
285 94 104
285 95 105
285 97 106
285 98 107
285 98 108
285 99 109
285 102 106
285 104 110
285 105 110
285 105 111
285 106 112
285 107 113
285 108 114
285 108 115
286 0 1
286 1 2
286 2 3
286 3 4
286 4 5
286 4 6
286 6 7
286 7 8
286 8 9
286 9 10
286 9 11
286 9 12
286 10 13
286 10 14
286 11 15
286 11 16
286 12 17
286 13 18
286 14 19
286 15 20
286 16 21
286 19 22
286 20 23
286 21 24
286 22 25
286 23 26
286 24 27
286 25 28
286 26 29
286 27 30
287 0 1
287 0 2
287 1 3
287 2 4
287 3 5
287 4 6
287 5 7
287 6 8
287 7 9
287 8 10
287 9 11
287 10 12
287 11 13
287 11 14
287 12 15
287 13 16
287 14 17
287 15 18
287 16 19
287 17 20
287 18 21
287 19 22
287 20 23
287 21 24
287 22 25
287 23 26
287 24 27
287 25 28
287 26 29
287 27 30
287 29 31
287 30 32
287 31 33
287 31 34
287 32 35
287 33 36
287 33 37
287 33 38
287 36 39
287 37 40
287 38 41
287 39 42
287 39 43
287 39 44
287 40 45
287 41 46
287 42 47
287 43 48
287 44 49
287 45 50
287 46 51
287 47 52
287 48 53
287 50 54
287 52 55
287 53 56
287 54 57
287 55 58
287 56 59
288 0 1
288 0 2
288 1 3
288 2 4
288 2 5
288 2 6
288 3 7
288 4 8
288 5 9
288 5 10
288 6 11
288 7 12
288 8 13
288 11 14
288 12 15
288 13 16
288 14 17
288 15 18
288 15 19
288 16 20
288 17 21
288 18 22
288 18 23
288 18 24
289 0 1
289 1 2
289 1 3
289 2 4
289 3 5
289 3 6
289 4 7
289 5 8
289 6 9
289 7 10
289 8 11
289 9 12
289 10 13
289 11 14
289 11 15
289 12 16
289 13 17
289 14 18
289 15 19
289 16 20
289 16 21
289 17 22
289 18 23
289 19 23
289 19 24
289 20 25
289 21 26
289 22 27
289 23 28
289 25 29
289 26 28
289 26 30
289 27 31
289 28 32
289 29 33
289 30 34
289 31 35
289 32 36
289 33 37
289 34 38
289 35 39
289 36 40
289 37 41
289 38 42
289 39 43
289 41 44
289 44 45
289 44 46
289 45 47
289 45 48
289 46 49
289 48 50
289 49 51
289 50 52
289 51 53
289 52 54
289 53 55
289 54 56
289 55 57
289 56 58
289 57 59
289 58 60
289 59 61
289 60 62
289 61 63
289 62 64
289 63 65
289 64 66
289 65 67
289 66 68
289 66 69
289 67 70
289 68 71
289 69 72
289 70 73
289 71 74
289 72 75
289 73 76
289 74 77
289 75 78
289 76 79
289 78 80
289 80 81
289 81 82
289 82 83
289 83 84
289 84 85
289 85 86
289 86 87
290 0 1
290 1 2
290 2 3
290 2 4
290 3 5
291 0 1
291 0 2
291 1 3
291 2 4
291 3 5
291 5 6
291 6 7
291 7 8
291 8 9
291 9 10
291 9 11
291 10 12
291 10 13
291 11 14
291 12 15
291 13 16
291 14 17
291 15 18
291 16 19
291 17 20
291 18 21
291 19 22
291 20 23
291 21 24
291 22 25
291 22 26
291 23 27
291 24 28
291 25 29
291 25 30
291 26 31
291 26 32
291 27 33
291 28 34
291 29 35
291 30 36
291 31 37
291 32 38
291 33 39
291 34 40
291 35 41
291 35 42
291 36 43
291 39 44
291 40 45
291 41 46
291 42 47
291 43 48
291 44 49
292 0 1
292 0 2
292 1 3
292 1 4
292 3 5
292 4 6
292 5 7
292 5 8
292 6 9
292 7 10
292 7 11
292 9 12
292 10 13
292 11 14
292 12 15
292 14 16
292 15 17
292 15 18
292 16 19
292 17 20
292 20 21
292 20 22
292 20 23
292 21 24
293 0 1
293 0 2
293 1 3
293 2 4
293 3 5
293 4 6
293 4 7
293 5 8
293 7 9
293 8 10
293 9 11
293 9 12
293 10 13
293 11 14
293 12 15
293 12 16
293 13 17
293 14 18
293 15 19
293 16 20
293 17 21
293 17 22
293 18 23
293 19 24
293 20 25
293 21 26
293 22 27
293 23 28
293 25 29
293 27 30
293 28 31
293 29 32
293 30 33
293 31 34
293 32 35
293 33 36
293 34 37
293 35 38
293 36 39
293 37 40
293 38 41
293 39 42
293 40 43
293 41 44
293 42 45
293 43 46
293 44 47
293 45 48
293 46 49
293 47 50
293 48 51
293 49 52
293 50 53
293 50 54
293 51 55
293 52 56
293 52 57
293 54 58
293 55 59
293 56 60
293 57 61
293 58 62
293 59 63
293 60 64
293 60 65
293 61 66
293 62 67
293 64 68
293 65 69
293 66 70
293 67 71
293 68 72
293 69 73
293 70 74
293 71 75
293 72 76
293 73 77
293 74 78
293 75 79
294 0 1
294 0 2
294 1 3
294 2 4
294 3 5
294 4 6
294 5 7
294 6 8
294 7 9
294 8 10
294 9 11
294 10 12
294 11 13
294 12 14
294 13 15
294 14 16
294 15 17
294 16 18
294 17 19
294 18 20
294 19 21
294 19 22
294 20 23
294 20 24
294 20 25
294 21 26
294 21 27
294 22 28
294 23 29
294 24 30
294 25 31
294 26 32
294 27 33
294 28 34
294 29 35
294 30 36
294 31 37
295 0 1
295 0 2
295 1 3
295 2 4
295 3 5
295 4 6
295 5 7
295 6 8
295 6 9
295 7 10
295 9 11
295 10 12
295 11 13
295 12 14
295 14 15
295 15 16
295 16 17
295 17 18
295 18 19
295 19 20
295 19 21
295 20 22
295 21 23
295 22 24
295 23 25
295 24 26
295 25 27
295 27 28
296 0 1
296 1 2
296 1 3
296 1 4
296 4 5
297 0 1
297 0 2
297 1 3
297 2 4
297 3 5
297 3 6
297 3 7
297 4 8
297 5 9
297 6 10
297 7 11
297 8 12
297 9 13
297 9 14
297 10 15
297 11 12
297 12 16
297 13 17
297 14 18
297 15 19
297 16 20
297 17 21
297 18 22
297 19 23
297 20 24
297 20 25
297 21 26
297 23 27
297 24 28
297 26 29
297 27 30
297 28 31
297 29 32
297 29 33
297 30 34
297 31 35
297 32 36
297 33 37
297 34 38
297 35 39
297 36 40
297 39 41
297 40 42
297 41 43
297 42 44
298 0 1
298 0 2
298 1 3
298 2 4
298 4 5
298 5 6
298 6 7
298 7 8
298 8 9
298 9 10
298 9 11
298 10 12
298 11 13
298 12 14
298 14 15
298 14 16
298 15 17
298 16 18
298 17 19
298 18 20
298 19 21
299 0 1
299 0 2
299 1 3
299 1 4
299 2 5
299 3 6
299 4 7
299 5 8
299 6 9
299 7 10
299 8 11
299 8 12
299 9 13
299 10 14
299 10 15
299 10 16
299 10 17
299 11 18
299 11 19
299 12 20
299 14 21
299 14 22
299 15 23
299 16 24
299 17 18
299 19 25
299 20 26
299 21 27
299 22 28
299 23 29
299 24 30
299 25 31
299 26 32
299 27 33
299 31 34
299 32 35
299 33 36
299 34 37
299 35 38
299 36 39
299 37 40
299 38 41
299 39 42
299 39 43
299 40 44
299 40 45
299 41 46
299 42 47
299 43 48
299 44 49
299 45 50
299 46 51
299 48 52
299 49 52
299 49 53
299 50 54
299 52 55
299 52 56
299 52 57
299 52 58
299 52 59
299 53 60
299 54 61
299 55 62
299 56 63
299 57 64
299 58 65
299 60 66
299 66 67
299 67 68
299 68 69
299 69 70
299 70 71
299 71 72
300 0 1
300 0 2
300 1 3
300 1 4
300 2 5
300 4 6
300 4 7
300 5 8
300 6 9
300 7 10
300 7 11
300 8 12
300 9 13
300 10 13
300 10 14
300 11 15
300 12 16
300 12 17
300 13 18
300 14 19
300 14 20
300 15 21
300 16 22
300 17 23
300 18 24
300 19 25
300 20 26
300 20 27
300 21 28
300 22 29
300 24 30
300 25 31
300 26 30
300 26 32
300 28 33
300 29 34
300 30 35
300 31 36
300 31 37
300 32 38
300 33 34
300 34 39
300 35 40
300 36 41
300 37 42
300 37 43
300 38 44
300 39 45
300 40 46
300 42 47
300 43 48
300 44 49
300 45 50
300 46 51
300 48 52
300 49 53
300 49 54
300 50 55
300 51 56
300 52 57
300 53 58
300 56 59
300 57 60
300 59 61
300 60 62
300 61 63
300 62 64
300 63 65
300 64 66
300 65 67
300 66 68
300 67 69
300 69 70
300 70 71
300 71 72
300 72 73
300 73 74
300 74 75
300 75 76
300 76 77
301 0 1
301 0 2
301 2 3
301 2 4
301 3 5
301 4 6
301 5 7
301 6 8
301 6 9
301 7 10
301 8 11
301 9 12
301 10 13
301 11 14
301 12 15
301 12 16
301 14 17
301 14 18
301 15 19
301 16 20
301 17 21
301 18 22
301 19 23
301 19 24
301 21 25
301 22 26
301 23 27
301 24 28
301 24 29
301 25 30
301 26 31
301 27 32
301 27 33
301 28 34
301 28 35
301 28 36
301 28 37
301 30 38
301 30 39
301 31 40
301 31 41
301 31 43
301 31 44
301 32 42
301 33 45
301 34 46
301 35 43
301 36 47
301 37 39
301 38 44
301 39 43
301 40 48
301 40 49
301 41 50
301 42 51
301 43 52
301 44 53
301 45 54
301 46 55
301 46 56
301 49 53
302 0 1
302 1 2
302 2 3
302 3 4
302 4 5
302 5 6
302 6 7
302 7 8
302 8 9
302 9 10
302 9 11
302 10 12
302 11 13
302 12 14
302 13 15
302 14 16
302 16 17
302 17 18
302 18 19
302 19 20
302 20 21
302 21 22
302 22 23
302 23 24
302 24 25
302 25 26
302 26 27
302 27 28
302 28 29
302 29 30
302 30 31
302 31 32
302 31 33
302 32 34
302 33 35
302 34 36
302 35 37
302 36 38
302 37 39
302 37 40
302 38 41
302 41 42
302 42 43
302 43 44
302 43 45
302 44 46
302 44 47
302 45 48
302 46 49
302 47 50
302 49 51
302 50 52
302 51 53
302 51 58
302 53 54
302 53 59
302 54 55
302 54 60
302 55 56
302 55 61
302 56 57
302 57 58
302 57 62
302 58 63
302 59 64
302 60 65
302 62 66
302 63 67
302 64 68
302 65 69
302 65 70
302 65 71
302 65 72
302 66 73
302 67 74
302 69 75
302 70 76
302 71 77
302 72 78
302 73 79
302 74 80
302 75 81
302 76 82
302 77 83
302 80 84
302 81 85
302 82 86
302 83 87
302 84 88
302 85 89
302 86 90
302 87 91
302 89 92
302 90 93
302 91 94
302 92 95
302 93 96
302 94 97
302 95 98
302 96 99
302 97 100
302 98 101
302 99 102
302 100 103
302 101 104
302 102 105
302 103 106
302 104 107
302 107 108
302 108 109
302 108 110
302 110 111
302 111 112
302 112 113
302 113 114
303 0 1
303 0 2
303 0 3
303 1 2
303 1 4
303 2 5
303 3 6
303 4 7
303 5 8
303 6 9
303 7 10
303 8 11
303 10 12
303 11 13
303 12 14
303 13 15
303 14 16
303 15 17
303 16 18
303 17 19
303 18 20
303 19 21
303 20 22
303 22 23
303 23 24
303 24 25
303 25 26
303 26 27
303 27 28
303 28 29
303 29 30
303 30 31
303 31 32
303 32 33
303 33 34
303 34 35
303 35 36
303 36 37
303 37 38
303 38 39
303 39 40
303 40 41
303 41 42
303 42 43
303 42 44
303 43 45
303 44 46
303 46 47
303 47 48
303 47 49
303 47 50
303 47 51
303 48 52
303 49 53
303 50 54
303 51 55
303 52 56
303 53 57
303 54 56
303 54 58
303 55 59
303 56 60
303 58 61
303 59 62
303 61 63
303 62 64
303 63 65
303 64 66
303 65 67
303 66 68
303 68 69
303 69 70
303 69 71
303 70 72
303 71 73
303 73 74
303 74 75
303 75 76
303 76 77
303 77 78
303 78 79
303 79 80
303 80 81
303 81 82
303 82 83
303 83 84
303 84 85
303 85 86
303 86 87
303 87 88
303 88 89
303 89 90
303 90 91
303 91 92
303 92 93
303 93 94
303 94 95
303 95 96
303 96 97
303 97 98
304 0 1
304 0 2
304 1 3
304 1 4
304 2 5
304 3 6
304 4 7
304 5 8
304 5 9
304 6 10
304 6 11
304 7 12
304 8 10
304 8 13
304 9 14
304 10 15
304 11 16
304 12 17
304 13 18
304 14 19
304 15 20
304 16 21
304 17 22
304 21 23
304 22 24
304 23 25
304 24 26
304 25 27
304 26 28
304 27 29
304 28 30
304 29 31
304 31 32
304 32 33
304 33 34
304 34 35
304 35 36
304 36 37
304 37 38
304 38 39
304 39 40
304 39 41
304 40 42
304 42 43
304 43 44
304 43 45
304 43 46
304 44 47
304 45 48
304 46 49
304 46 50
304 47 51
304 48 52
304 50 53
304 51 54
304 52 55
304 53 56
304 54 57
304 55 58
304 56 57
304 56 59
304 56 60
304 57 61
304 59 62
304 60 63
304 61 64
304 62 65
304 63 66
304 64 67
304 65 68
304 68 69
304 69 70
304 70 71
304 71 72
304 72 73
304 73 74
304 74 75
304 75 76
304 76 77
304 77 78
304 78 79
304 79 80
304 80 81
304 81 82
304 82 83
304 83 84
304 84 85
304 85 86
304 86 87
304 87 88
304 88 89
305 0 1
305 0 2
305 0 3
305 0 4
305 1 5
305 3 6
305 4 7
305 5 8
305 6 9
305 6 10
305 7 11
305 8 12
305 9 13
305 10 14
305 11 15
305 12 16
305 13 17
305 15 18
305 15 19
305 17 20
305 19 21
305 20 22
305 21 23
305 23 24
305 24 25
305 25 26
305 26 27
305 27 28
305 27 29
305 28 30
305 29 31
305 30 32
305 31 33
305 32 34
305 33 35
305 34 36
305 35 37
305 35 38
305 36 39
305 37 40
305 38 41
305 38 42
305 39 43
305 43 44
306 0 1
306 0 2
306 2 3
306 2 4
306 3 5
306 4 6
306 5 7
306 6 8
306 7 9
306 8 10
306 8 11
306 8 12
306 9 13
306 10 14
306 11 15
306 11 16
306 12 17
306 12 18
306 13 15
306 13 19
306 13 21
306 14 20
306 14 22
306 14 23
306 15 20
306 15 21
306 16 17
306 16 24
306 17 25
306 17 26
306 18 27
306 19 20
306 19 28
306 20 29
306 21 30
306 21 31
306 22 29
306 22 32
306 23 33
306 24 34
306 25 35
306 26 36
306 27 37
306 28 38
306 30 39
306 32 40
306 33 41
306 34 40
306 35 42
306 36 43
306 37 44
306 40 45
306 41 46
306 42 47
306 43 48
307 0 1
307 0 2
307 1 3
307 2 4
307 3 5
307 4 6
307 5 7
307 6 8
307 7 9
307 8 10
307 9 11
307 10 12
307 11 13
307 12 14
307 14 15
307 15 16
307 16 17
307 16 18
307 16 19
307 16 20
307 17 21
307 18 22
307 20 23
307 21 24
307 21 25
307 23 26
307 24 27
307 26 28
307 27 29
307 28 30
307 29 31
307 30 32
307 32 33
307 33 34
307 34 35
307 35 36
307 36 37
307 37 38
307 37 39
307 38 40
307 39 41
307 40 42
307 41 43
307 42 44
307 43 45
307 44 46
307 46 47
307 46 48
307 47 49
307 48 50
307 48 51
307 48 52
307 49 53
307 50 54
307 51 55
307 53 56
307 54 57
307 55 58
307 55 59
307 56 60
307 57 61
307 58 62
307 59 63
307 60 64
307 60 65
307 62 66
307 63 67
307 64 68
307 65 69
307 66 70
307 67 71
307 68 72
307 69 73
307 70 74
307 71 75
307 72 73
307 72 75
307 73 76
307 74 77
307 75 78
307 76 79
307 76 80
307 77 81
307 78 82
307 79 83
307 80 84
307 80 85
307 81 86
307 82 87
307 83 88
307 84 89
307 85 90
307 88 91
308 0 1
308 0 2
308 1 3
308 2 4
308 3 5
308 5 6
308 5 7
308 6 8
308 6 9
308 7 10
308 7 11
308 7 12
308 8 13
308 9 14
308 9 15
308 10 16
308 11 17
308 13 18
308 16 19
308 17 20
308 20 21
308 21 22
308 22 23
308 23 24
308 24 25
308 25 26
308 26 27
308 27 28
308 28 29
308 28 30
308 29 31
308 30 32
308 31 33
308 32 34
308 33 35
308 34 36
308 36 37
308 37 38
308 38 39
308 39 40
308 40 41
308 41 42
308 42 43
308 43 44
308 44 45
308 45 46
308 46 47
308 47 48
308 48 49
308 49 50
308 50 51
308 51 52
308 52 53
308 53 54
308 54 55
308 55 56
308 56 57
308 57 58
308 58 59
308 59 60
308 60 61
308 61 62
309 0 1
309 0 2
309 1 3
309 2 4
309 2 5
309 2 6
309 3 7
309 5 8
309 6 9
309 6 10
309 7 11
309 8 12
309 9 13
309 10 14
309 11 15
309 12 16
309 13 17
309 14 18
309 15 19
309 16 20
309 17 21
309 18 22
309 19 23
309 20 24
309 21 25
309 22 26
309 23 27
309 24 28
309 25 29
309 26 30
309 27 31
309 28 32
309 29 33
309 30 34
309 31 35
309 32 36
309 33 37
309 34 38
309 35 39
309 36 40
309 37 41
309 38 42
309 39 43
309 40 44
309 41 45
309 42 46
309 43 47
309 45 48
309 46 49
309 46 50
309 48 51
309 49 52
309 51 53
309 53 54
309 53 55
309 53 56
309 54 57
309 54 58
309 55 59
309 56 60
309 57 61
309 58 62
309 59 63
309 60 64
309 61 65
309 62 66
309 63 67
310 0 1
310 0 2
310 1 3
310 2 4
310 2 5
310 2 6
310 3 7
310 4 8
310 5 9
310 6 10
310 7 11
310 8 12
310 9 13
310 9 14
310 9 15
310 10 16
310 10 17
310 11 18
310 12 19
310 14 20
310 14 21
310 18 22
310 19 23
310 19 24
310 19 25
310 21 26
310 22 27
310 22 28
310 23 29
310 24 30
310 25 31
310 26 32
310 27 30
310 27 33
310 28 34
310 29 35
310 30 36
310 30 37
310 31 38
310 32 39
310 33 40
310 33 41
310 34 42
310 35 43
310 36 44
310 37 45
310 38 46
310 40 47
310 41 46
310 41 48
310 42 49
310 42 50
310 43 46
310 43 51
310 45 52
310 45 53
310 46 54
310 47 55
310 48 56
311 0 1
311 0 2
311 1 3
311 1 4
311 2 5
311 3 6
311 5 7
311 6 8
311 7 9
311 8 10
311 9 11
311 10 12
311 11 13
311 12 14
311 13 15
311 14 16
311 15 17
311 16 18
311 17 19
311 18 20
311 19 21
311 20 22
311 20 23
311 21 24
311 22 25
311 23 26
311 24 27
311 25 28
311 26 29
311 27 30
311 29 31
311 29 32
311 30 33
311 31 34
311 32 35
311 33 36
311 34 37
311 35 38
311 36 39
311 37 40
311 38 41
311 39 42
311 40 43
311 41 44
311 42 45
311 43 46
311 43 47
311 44 48
311 46 49
311 47 50
311 48 51
311 49 52
311 50 53
311 51 54
311 52 55
311 53 56
311 53 57
311 54 58
311 55 59
311 56 60
311 57 61
311 58 62
311 60 63
311 61 64
311 62 65
311 63 66
311 64 67
311 65 68
311 65 69
311 66 70
311 67 71
311 68 72
311 69 73
311 69 74
311 70 75
311 71 76
311 72 77
311 73 78
311 74 79
311 75 80
311 77 81
311 78 82
311 79 83
311 80 84
311 81 85
311 82 86
311 84 87
311 85 88
311 86 89
311 87 90
311 88 91
311 89 92
311 90 93
311 91 94
311 92 95
311 93 96
311 94 97
311 95 98
311 97 99
311 98 100
311 99 101
311 100 102
311 101 103
311 102 104
311 103 105
311 105 106
311 106 107
311 107 108
311 108 109
311 109 110
311 110 111
311 111 112
311 112 113
311 113 114
311 114 115
311 115 116
311 116 117
311 117 118
311 118 119
311 119 120
311 120 121
311 121 122
311 122 123
311 123 124
311 124 125
311 125 126
311 126 127
311 127 128
311 128 129
311 129 130
311 130 131
311 131 132
311 132 133
311 133 134
312 0 1
312 0 2
312 0 3
312 1 4
312 2 5
312 3 6
312 4 7
312 4 8
312 5 9
312 6 10
312 7 11
312 8 12
312 9 13
312 10 14
312 10 15
312 10 16
312 10 17
312 11 18
312 12 19
312 13 20
312 13 21
312 14 22
312 16 23
312 17 24
312 18 19
312 18 23
312 18 25
312 20 26
312 21 27
312 22 28
312 23 29
312 24 30
312 25 31
312 25 32
312 27 33
312 28 34
312 29 35
312 29 36
312 30 37
312 31 35
312 31 38
312 33 39
312 34 40
312 35 41
312 35 42
312 37 43
312 37 44
312 38 45
312 38 46
312 38 47
312 40 48
312 40 49
312 41 49
312 41 50
312 42 51
312 43 52
312 43 53
312 44 54
312 45 55
312 46 56
312 47 56
312 50 55
313 0 1
313 0 2
313 0 3
313 1 4
313 2 5
313 3 6
313 4 7
313 5 8
313 6 9
313 7 10
313 7 11
313 8 12
313 9 13
313 10 14
313 11 13
313 11 15
313 12 16
313 13 17
313 14 18
313 15 19
313 16 20
313 17 21
313 18 22
313 19 23
313 20 24
313 21 22
313 21 25
313 22 26
314 0 1
314 0 2
314 1 3
314 1 4
314 1 5
314 2 6
314 3 7
314 4 8
314 5 9
314 6 10
314 7 11
314 7 12
314 8 13
314 9 14
314 10 15
314 11 16
314 12 17
314 13 18
314 14 19
314 15 20
314 16 21
314 17 22
314 18 23
314 19 24
314 20 25
314 21 26
314 22 27
314 23 28
314 24 29
314 25 30
314 27 31
314 28 32
314 29 33
314 30 34
314 31 35
314 32 36
314 32 37
314 34 38
314 35 39
314 36 40
314 37 41
314 37 42
314 38 43
314 39 44
314 40 45
314 41 46
314 42 47
314 43 48
314 44 49
314 45 50
314 46 48
314 46 51
314 47 52
314 48 53
314 49 51
314 49 54
314 50 55
314 50 56
314 51 57
314 52 58
314 53 54
314 57 59
314 58 60
314 60 61
314 61 62
315 0 1
315 0 2
315 1 3
315 2 4
315 2 5
315 4 6
315 5 7
315 5 9
315 6 8
315 6 10
315 7 11
315 8 12
315 9 13
315 10 14
315 10 15
315 10 16
315 11 17
315 12 18
315 13 19
315 14 20
315 16 21
315 17 22
315 19 23
315 20 24
315 21 25
315 22 26
315 22 27
315 23 28
315 24 29
315 25 26
315 25 30
315 26 31
315 27 32
315 28 33
315 29 34
315 30 35
315 30 36
315 31 37
315 32 38
315 33 39
315 36 39
315 38 40
316 0 1
316 0 2
316 1 3
316 2 4
316 3 5
316 4 6
316 5 7
316 5 8
316 6 9
316 7 10
316 7 11
316 8 12
316 9 13
316 10 14
316 11 15
316 11 16
316 11 17
316 12 18
316 13 19
316 14 20
316 15 21
316 16 22
316 16 23
316 17 24
316 18 25
316 19 26
316 20 27
316 21 28
316 22 29
316 23 30
316 24 31
316 25 32
316 26 33
316 27 34
316 28 35
316 29 36
316 30 37
316 30 38
316 31 39
316 32 40
316 33 41
316 34 42
316 40 43
316 41 44
317 0 1
317 0 2
317 1 3
317 2 4
317 3 5
317 4 6
318 0 1
318 1 2
318 2 3
318 2 4
318 2 5
318 3 6
318 4 7
318 5 8
318 6 9
318 7 10
318 8 11
318 9 12
318 9 13
318 10 14
318 11 15
318 12 16
318 13 17
318 16 18
318 17 19
318 18 20
318 18 23
318 19 21
318 19 22
318 19 24
318 20 25
318 20 26
318 21 27
318 22 28
318 23 29
318 23 30
318 24 31
318 25 32
318 27 33
318 27 34
318 28 35
318 29 36
318 29 37
318 30 38
318 31 39
318 31 40
318 32 41
318 34 42
318 35 43
318 36 44
318 37 45
318 38 46
318 39 47
318 40 48
318 40 49
318 41 50
318 42 51
318 43 52
318 44 53
318 45 54
318 45 55
318 46 56
318 47 57
318 48 58
318 49 59
318 49 60
318 51 60
318 51 61
318 53 62
318 54 63
318 55 61
318 55 64
318 56 65
318 57 66
318 58 67
318 59 67
318 60 68
318 60 69
318 62 70
318 64 71
318 64 72
318 65 73
318 66 74
318 67 70
318 67 75
318 68 76
318 69 77
318 70 78
318 70 79
318 70 80
318 71 81
318 72 82
318 73 83
318 74 84
318 75 85
318 76 86
318 77 87
318 78 88
318 81 89
318 83 90
318 84 91
318 85 92
318 86 93
318 92 94
318 92 95
318 93 96
318 94 97
318 95 98
318 96 99
318 97 100
318 98 101
318 99 102
318 100 103
318 101 104
318 102 105
318 102 106
318 103 107
318 103 108
318 104 109
318 106 110
318 106 111
318 108 112
318 109 113
318 110 114
318 111 115
318 111 116
318 112 117
318 113 118
318 113 119
318 114 120
318 115 121
318 115 122
318 116 121
318 116 123
318 119 124
319 0 1
319 0 2
319 1 3
319 2 4
319 3 5
319 4 6
319 5 7
319 7 8
319 7 9
319 8 10
320 0 1
320 0 2
320 1 3
320 2 4
320 3 5
320 4 6
320 5 7
320 5 8
320 6 9
320 7 10
320 8 11
320 9 12
320 10 13
320 11 14
320 12 15
320 12 16
320 12 17
320 13 18
320 15 19
320 16 20
320 17 21
320 18 22
320 19 23
320 21 24
320 22 25
320 23 26
320 24 27
320 25 28
320 25 29
320 26 30
320 27 31
320 28 32
320 29 33
320 31 32
320 31 34
320 32 35
320 33 36
320 34 37
320 35 38
320 36 39
320 37 40
320 38 41
320 39 42
320 40 43
320 41 44
320 42 45
320 43 46
320 45 47
320 46 47
320 46 48
320 47 49
320 47 50
320 48 51
320 49 52
320 50 53
320 51 54
320 53 55
320 54 56
320 54 57
320 55 58
320 56 59
320 59 60
320 59 61
320 60 62
320 61 63
320 62 64
320 63 65
320 64 66
320 64 67
320 64 68
320 65 69
320 66 70
320 67 71
320 67 72
320 68 73
320 69 74
320 70 75
320 72 76
320 73 77
320 74 78
320 75 79
320 76 79
320 77 80
320 78 81
320 80 82
320 82 83
320 83 84
320 84 85
321 0 1
321 0 2
321 1 3
321 2 4
321 3 5
321 4 6
321 5 7
321 6 8
321 7 9
321 7 10
321 7 11
321 8 12
321 9 13
321 9 14
321 10 15
321 11 16
321 12 17
321 13 18
321 13 19
321 14 20
321 15 21
321 16 22
322 0 1
322 0 2
322 1 3
322 2 4
322 3 5
322 4 6
322 5 7
322 6 8
322 7 9
322 7 10
322 8 11
322 9 12
322 10 13
322 10 14
322 11 15
322 12 16
322 14 17
322 14 18
322 14 19
322 15 19
322 15 20
322 16 21
322 17 22
322 18 23
322 19 24
322 21 22
322 21 25
322 22 26
322 22 27
322 23 28
322 24 29
322 25 30
322 26 31
322 27 32
322 28 33
322 29 34
322 30 35
322 31 36
322 32 37
322 32 38
322 33 39
322 34 40
322 35 41
322 37 42
322 37 43
322 39 44
322 41 45
322 42 46
322 43 47
322 45 48
322 46 49
322 46 50
322 47 51
322 48 52
322 49 53
322 50 54
322 51 55
322 52 56
322 53 57
322 54 58
322 54 59
322 55 60
322 57 61
322 58 62
322 59 63
322 60 64
323 0 1
323 0 2
323 0 3
323 1 4
323 1 5
323 2 6
323 2 7
323 3 8
323 4 9
323 6 10
323 7 11
323 8 12
323 9 13
323 9 14
323 9 15
323 9 16
323 10 17
323 11 18
323 12 19
323 13 20
323 14 21
323 14 22
323 15 23
323 16 24
323 17 25
323 19 26
323 20 27
323 25 28
323 25 29
323 26 30
323 27 31
323 28 32
323 28 33
323 28 34
323 29 35
323 30 36
323 31 37
323 31 38
323 33 39
323 34 40
324 0 1
324 0 2
324 1 3
324 2 4
324 3 5
324 4 6
324 4 7
324 5 8
324 5 9
324 6 10
324 7 9
324 7 11
324 7 12
324 8 13
324 9 14
324 10 15
324 11 16
324 11 17
324 11 20
324 12 18
324 12 19
324 12 21
324 13 22
324 14 23
324 15 24
324 16 25
324 17 26
324 18 27
324 19 25
324 19 28
324 19 29
324 20 30
324 20 31
324 22 32
324 23 33
324 24 34
324 25 31
324 25 35
324 28 36
324 28 37
324 30 38
324 31 39
324 32 40
324 32 41
324 32 42
324 33 43
324 34 37
324 35 40
324 35 44
324 36 45
324 37 46
324 38 47
324 39 41
324 39 48
324 40 49
324 41 50
324 42 51
324 43 52
324 44 53
324 46 54
324 47 55
324 48 56
324 49 57
324 50 58
324 51 55
324 51 59
324 52 60
324 53 61
324 54 62
324 55 63
324 57 64
324 58 65
324 59 66
324 60 67
324 61 68
324 62 69
324 63 70
324 64 71
324 65 72
324 66 73
324 66 74
324 67 75
324 68 76
324 71 77
324 72 78
324 76 79
324 76 80
324 77 81
324 78 82
324 79 83
324 80 84
324 81 85
324 82 86
324 83 87
325 0 1
325 0 2
325 1 3
325 1 4
325 2 5
325 3 6
325 3 7
325 4 8
325 5 9
325 6 10
325 7 11
325 8 12
325 9 13
325 10 14
325 11 15
325 12 16
325 13 16
325 14 17
325 14 18
325 15 19
325 16 20
325 17 21
325 18 22
325 19 23
325 20 24
325 21 25
325 22 26
325 24 27
325 25 28
325 26 29
325 27 30
325 27 31
325 28 32
325 29 33
325 30 34
325 31 35
325 32 36
325 32 37
325 33 38
325 34 39
325 35 40
325 36 41
325 36 42
325 37 43
325 37 44
325 38 43
325 39 45
325 40 46
325 41 47
325 42 48
325 43 45
326 0 1
326 0 2
326 1 3
326 2 4
326 3 5
326 4 6
326 5 7
326 5 8
326 6 9
326 7 10
326 8 11
326 9 12
326 10 13
326 10 14
326 10 15
326 11 16
326 12 17
326 13 18
326 14 19
326 15 17
326 15 20
326 16 21
326 17 22
326 19 23
326 20 24
326 21 25
326 22 26
326 23 27
326 24 28
326 25 29
326 27 30
326 28 31
326 29 32
326 30 33
326 31 34
326 32 35
326 33 36
326 34 37
326 35 38
326 36 39
326 37 40
326 37 41
326 38 42
326 39 43
326 39 44
326 40 45
326 40 46
326 42 47
326 43 48
326 44 49
326 45 50
326 46 51
326 47 52
326 48 53
326 49 54
326 50 55
326 51 56
326 53 57
326 55 58
326 56 58
326 56 59
326 57 60
326 57 61
326 58 62
326 59 63
326 60 64
326 61 65
326 62 66
326 63 67
326 64 68
326 65 69
326 67 70
326 68 71
326 69 72
326 70 73
326 70 74
326 71 75
326 72 76
327 0 1
327 0 2
327 1 3
327 2 4
327 3 5
327 4 6
327 5 7
327 6 8
327 7 9
327 8 10
327 9 11
327 9 12
327 10 13
327 11 14
327 12 15
327 13 16
327 14 17
327 15 18
327 16 19
327 17 20
327 18 21
327 19 22
327 20 23
328 0 1
328 1 2
328 2 3
328 3 4
328 4 5
328 4 6
328 4 7
328 5 8
328 5 9
328 6 10
328 7 11
328 7 12
328 8 13
328 9 14
328 11 15
328 11 16
328 12 17
328 13 18
328 14 19
328 15 20
328 17 21
328 17 22
328 18 23
328 18 24
328 19 25
328 20 26
328 21 27
328 22 28
328 23 29
328 27 30
328 28 31
328 29 32
328 29 33
328 30 34
328 31 35
328 32 36
328 36 37
328 37 38
328 38 39
328 39 40
328 40 41
328 41 42
328 42 43
328 43 44
329 0 1
329 1 2
329 2 3
329 3 4
329 4 5
329 5 6
329 6 7
329 7 8
329 8 9
329 9 10
329 9 11
329 10 12
329 11 13
329 11 14
329 13 15
329 13 16
329 14 15
329 14 17
329 15 18
329 16 19
329 18 20
329 19 21
330 0 1
330 1 2
330 2 3
330 3 4
330 4 5
330 5 6
330 6 7
330 7 8
330 8 9
331 0 1
331 0 2
331 1 3
331 2 4
331 3 5
331 3 6
331 4 7
331 5 8
331 7 9
331 9 10
331 10 11
331 11 12
331 12 13
331 13 14
331 14 15
331 14 16
331 14 17
331 14 18
331 15 19
331 17 20
331 18 21
331 18 22
331 19 23
331 20 24
331 21 23
331 22 25
331 23 24
331 23 26
331 24 27
331 26 28
331 27 29
331 28 30
331 29 31
331 29 32
331 30 33
331 31 34
331 31 35
331 32 36
331 32 37
331 33 38
331 34 39
331 35 40
331 36 41
331 37 42
331 38 43
331 39 44
331 40 45
331 41 46
331 42 47
331 42 48
331 43 44
331 44 49
331 44 50
331 45 51
331 48 52
331 49 53
331 49 54
331 50 55
331 51 56
331 52 57
331 53 58
331 54 59
331 54 60
331 55 61
331 56 62
331 57 63
331 58 64
331 59 65
331 59 66
331 60 67
331 61 66
331 61 68
331 62 69
331 63 70
331 64 71
331 65 72
331 66 73
331 68 74
331 70 75
331 71 76
331 72 77
331 73 78
331 74 79
331 76 80
331 76 81
331 77 82
331 78 83
331 79 84
331 80 85
331 81 86
331 82 87
331 83 88
331 84 89
331 86 90
331 86 92
331 87 91
331 87 93
331 88 92
331 88 94
331 88 95
331 89 95
331 90 96
331 91 97
331 92 98
331 93 99
331 94 100
331 95 101
331 96 102
331 97 103
332 0 1
332 0 2
332 1 3
332 2 4
332 3 5
332 4 6
332 5 7
332 6 8
332 7 9
332 7 10
332 8 11
332 9 12
332 9 13
332 10 14
332 11 15
332 12 16
332 13 17
332 14 18
332 14 19
332 15 20
332 16 21
332 17 22
332 18 23
332 19 24
332 20 21
332 20 25
332 21 26
332 22 27
332 23 28
332 25 29
332 26 30
332 27 31
332 28 31
332 29 32
332 30 33
332 31 34
332 32 35
332 33 36
332 34 37
332 35 38
332 36 39
332 37 40
332 37 41
332 38 42
332 39 42
332 39 43
332 40 44
332 41 45
332 41 46
332 42 47
332 46 48
332 47 49
332 47 50
332 48 51
332 49 52
332 51 53
332 52 54
332 53 55
332 54 56
332 54 57
332 55 58
332 56 59
332 57 60
332 58 61
332 59 62
332 61 63
332 61 64
332 62 65
332 64 66
332 64 67
332 65 68
332 65 69
332 66 70
332 67 71
332 68 72
332 68 73
332 69 74
332 70 75
333 0 1
333 0 2
333 1 3
333 2 4
333 3 5
333 4 6
333 5 7
333 6 8
333 7 9
333 8 10
333 9 11
333 10 12
333 11 13
333 11 14
333 12 15
333 13 16
333 14 17
333 16 18
333 18 19
333 19 20
333 20 21
333 21 22
333 22 23
333 22 24
333 23 25
333 23 26
333 23 27
333 24 28
333 25 29
333 26 30
333 27 31
333 28 32
333 29 33
333 30 34
333 32 35
333 33 36
333 34 37
333 34 38
333 35 39
333 36 40
333 37 41
333 38 42
333 39 43
333 40 44
333 41 45
333 42 46
333 43 47
333 43 48
333 43 49
333 46 50
333 47 51
333 48 52
333 49 53
334 0 1
334 0 2
334 0 3
334 1 4
334 1 5
334 2 6
334 4 7
334 5 8
334 6 9
334 7 10
334 8 11
334 8 12
334 8 13
334 9 14
334 10 15
334 13 16
334 14 17
334 15 18
334 16 19
334 17 20
334 18 21
334 19 22
334 20 23
334 20 24
334 22 25
334 23 26
334 24 26
334 24 27
334 25 28
334 26 29
334 27 30
334 28 31
334 29 32
334 30 33
334 31 34
334 32 35
334 32 36
334 33 37
334 34 38
335 0 1
335 0 2
335 1 3
335 2 4
335 3 5
335 4 6
335 4 7
335 5 8
335 6 9
335 7 10
335 8 11
335 9 12
335 10 13
335 11 14
335 11 15
335 12 16
335 13 17
335 14 18
335 15 19
335 16 20
335 17 21
335 18 22
336 0 1
336 0 2
336 1 3
336 2 4
336 3 5
336 4 6
336 4 7
336 5 8
336 6 9
336 6 10
336 8 11
336 9 12
336 9 13
336 10 14
336 10 15
336 11 16
336 12 17
336 13 18
336 13 19
336 14 20
336 15 21
336 16 22
336 17 23
336 18 24
336 19 25
336 20 26
336 21 27
336 22 28
336 22 29
336 23 30
336 24 31
336 25 32
336 26 33
336 27 34
336 27 35
336 28 36
336 29 37
336 30 38
336 31 39
336 32 40
336 33 40
336 34 36
336 35 41
336 36 42
336 37 43
336 38 44
336 39 45
336 42 46
336 43 47
336 43 48
336 44 49
336 44 50
336 45 51
336 46 52
336 47 53
336 47 54
336 48 55
336 49 56
336 50 57
336 52 58
336 53 59
336 53 60
336 54 61
336 54 62
336 55 63
336 57 64
336 58 65
336 60 66
336 61 67
336 62 68
336 63 65
336 63 69
336 64 66
336 66 70
336 67 71
336 68 72
336 69 73
336 70 74
336 71 75
336 73 76
336 74 77
336 75 78
336 76 79
336 78 80
336 78 81
336 79 82
336 80 83
336 81 84
336 82 85
336 84 86
336 85 87
336 86 88
336 87 89
336 88 90
336 88 91
336 88 92
336 89 93
336 90 94
336 91 95
336 92 96
336 93 97
337 0 1
337 0 2
337 1 3
337 2 4
337 3 5
337 4 6
337 5 7
337 5 8
337 6 9
337 7 9
337 7 10
337 10 11
337 10 12
337 11 13
337 12 14
337 12 15
337 13 16
337 14 17
337 15 18
337 15 19
337 15 20
337 16 21
337 17 19
337 17 22
337 18 23
337 19 21
337 19 24
337 20 25
337 21 26
337 22 27
337 23 28
337 24 29
337 25 30
337 26 27
337 26 31
337 27 32
337 28 33
337 30 34
337 33 35
337 34 36
337 35 37
337 36 38
337 37 39
337 38 40
337 40 41
337 41 42
337 42 43
337 43 44
337 44 45
337 45 46
337 46 47
337 47 48
337 48 49
337 49 50
337 50 51
337 51 52
337 51 53
337 52 54
337 53 55
337 54 56
337 55 57
337 56 58
337 57 59
338 0 1
338 0 2
338 1 3
338 1 4
338 2 5
338 3 6
338 4 7
338 5 8
338 6 9
338 7 10
338 8 11
338 9 12
338 10 13
338 11 14
338 12 15
338 12 16
338 12 17
338 13 18
338 14 19
338 16 20
338 17 21
338 18 22
338 19 23
338 20 24
338 21 25
338 22 26
338 22 27
338 23 28
338 24 29
338 25 30
338 26 31
338 27 29
338 28 32
338 29 33
338 30 34
338 31 35
338 32 36
338 33 37
338 34 38
338 35 39
338 35 40
338 37 41
338 38 39
338 38 42
338 39 43
338 40 44
338 40 45
338 41 46
338 42 47
338 43 48
338 44 49
338 47 50
338 48 51
338 49 52
338 50 53
338 50 54
338 51 55
338 52 56
338 54 57
338 55 58
338 56 59
338 57 60
338 57 61
338 58 62
338 59 63
338 59 64
338 59 65
338 60 66
338 61 67
338 62 68
338 63 69
338 64 70
338 65 71
338 66 72
338 66 73
338 67 74
338 68 75
338 69 76
338 70 77
338 71 78
338 73 79
338 74 80
338 75 81
338 77 82
338 78 83
338 79 84
338 80 85
338 81 86
338 81 90
338 82 87
338 82 91
338 83 88
338 83 92
338 84 89
338 84 93
338 85 94
338 85 95
338 85 96
338 86 97
338 87 98
338 88 99
338 89 100
338 92 101
338 93 102
338 94 103
338 96 104
338 97 105
338 97 106
338 99 107
338 102 108
338 102 109
338 103 110
338 104 111
338 105 112
338 109 110
339 0 1
339 0 2
339 1 3
339 1 4
339 2 5
339 2 6
339 4 7
339 5 8
339 6 9
339 7 10
339 8 11
339 9 12
339 9 13
339 10 14
339 11 15
339 12 16
339 13 17
339 14 18
340 0 1
340 0 2
340 0 3
340 1 4
340 2 5
340 3 6
340 3 7
340 5 8
340 6 9
340 7 10
340 7 11
340 8 12
340 9 13
340 10 14
340 11 15
340 13 16
340 14 17
340 15 18
340 16 19
341 0 1
341 0 2
341 1 3
341 1 4
341 1 5
341 2 6
341 3 7
341 4 8
341 4 9
341 4 10
341 5 11
341 6 12
341 10 13
341 11 14
341 11 15
341 12 16
341 13 17
341 14 18
341 15 19
341 16 20
341 17 21
341 18 22
341 19 23
342 0 1
342 0 2
342 1 3
342 2 4
342 3 5
342 4 6
342 5 7
342 6 8
342 7 9
342 9 10
342 9 11
342 11 12
342 12 13
342 13 14
342 13 15
342 14 16
342 15 17
342 15 18
342 15 19
342 15 20
342 16 21
342 17 22
342 17 23
342 18 24
342 19 25
342 20 26
343 0 1
343 0 2
343 1 3
343 2 4
343 3 5
343 4 6
343 5 7
343 6 8
343 7 9
343 8 10
343 8 11
343 9 12
343 10 13
343 11 14
343 12 15
343 13 16
343 15 17
343 16 18
343 17 19
343 18 20
343 19 21
343 21 22
343 22 23
343 23 24
343 24 25
343 25 26
343 26 27
343 27 28
343 28 29
343 29 30
343 30 31
343 31 32
343 31 33
343 32 34
343 33 35
343 35 36
343 36 37
343 37 38
343 38 39
343 39 40
343 40 41
343 41 42
343 42 43
343 43 44
343 44 45
343 45 46
343 46 47
343 47 48
343 48 49
343 49 50
343 50 51
343 51 52
343 51 53
343 52 54
343 52 55
343 53 56
343 54 57
343 54 58
343 57 59
343 58 60
343 59 61
343 60 62
343 61 63
344 0 1
344 0 2
344 1 3
344 2 4
344 3 5
344 4 6
344 4 7
344 5 8
344 5 9
344 6 10
344 8 11
344 9 12
344 10 13
344 10 14
344 11 15
344 12 16
344 12 17
344 13 18
344 13 19
344 14 20
344 15 21
344 16 18
344 16 22
344 16 24
344 17 23
344 17 25
344 17 26
344 17 27
344 17 28
344 18 29
344 19 29
344 19 30
344 20 27
344 20 31
344 22 30
344 22 32
344 23 33
344 26 34
344 27 35
344 28 36
344 29 37
344 30 38
344 31 39
344 32 40
344 32 41
344 32 42
344 33 43
344 34 44
344 35 45
344 36 46
344 37 47
344 38 42
344 38 48
345 0 1
345 0 2
345 1 3
345 2 4
345 3 5
345 5 6
345 6 7
345 7 8
345 7 9
345 7 10
345 8 11
345 9 12
345 10 13
345 11 14
345 12 15
345 13 16
345 13 17
345 13 18
345 15 19
345 16 20
345 17 21
345 18 22
345 19 23
345 20 24
345 22 25
345 22 26
345 23 27
345 24 28
345 26 29
345 27 30
345 28 31
345 29 32
345 30 33
345 31 34
345 32 35
345 33 36
345 34 37
345 35 38
345 36 39
345 37 40
345 39 41
345 39 42
345 42 43
345 43 44
345 43 45
345 44 46
345 45 47
345 46 48
345 47 49
345 48 50
345 48 51
345 49 52
345 50 53
345 51 54
345 51 55
345 52 56
345 53 57
345 54 58
345 56 59
345 57 60
345 58 61
345 58 62
345 59 63
345 60 64
345 61 65
345 62 66
345 63 67
345 65 68
345 66 69
345 67 70
345 68 71
345 68 72
345 68 73
345 69 74
345 70 75
345 74 76
345 75 77
345 77 78
345 78 79
345 79 80
345 80 81
345 81 82
345 82 83
345 83 84
345 84 85
345 85 86
345 86 87
345 87 88
345 88 89
345 89 90
345 90 91
345 91 92
345 92 93
345 93 94
345 94 95
345 95 96
345 96 97
345 97 98
345 98 99
345 99 100
345 100 101
345 101 102
345 102 103
345 103 104
345 103 105
346 0 1
346 0 2
346 1 3
346 2 4
346 2 5
346 5 6
346 5 7
346 6 8
346 7 9
346 7 10
346 8 11
346 9 12
346 10 13
346 11 14
346 11 15
346 12 16
346 14 17
346 15 18
346 17 19
346 18 20
346 19 21
346 21 22
346 22 23
346 23 24
346 24 25
346 25 26
346 26 27
346 26 28
346 27 29
346 28 30
346 29 31
346 30 32
346 31 33
346 32 34
346 33 35
346 34 36
346 35 37
346 36 38
346 37 39
346 38 40
346 39 41
346 40 42
346 41 43
346 42 44
347 0 1
347 0 2
347 1 3
347 2 4
347 3 5
347 4 6
347 5 7
347 6 8
347 7 9
347 8 10
347 8 11
347 9 12
347 10 13
347 10 14
347 11 15
347 12 16
347 13 17
347 14 18
347 14 19
347 15 20
347 16 21
347 17 22
347 17 23
347 18 24
347 19 25
347 20 26
347 21 27
347 22 28
347 23 29
347 24 30
347 25 31
347 26 32
347 27 33
347 28 34
347 29 35
347 34 36
347 35 37
347 35 38
347 36 39
347 36 40
347 37 41
347 38 39
347 38 42
347 39 43
347 40 44
347 41 45
347 42 46
347 43 47
347 44 48
347 44 49
347 45 50
347 46 51
347 49 52
347 49 53
347 50 54
347 51 55
347 52 56
347 53 57
347 53 58
347 56 59
347 57 60
347 58 61
347 59 62
347 61 63
347 62 64
347 62 65
347 62 66
347 64 67
347 64 68
347 64 69
347 65 70
347 66 71
347 67 72
347 68 73
347 69 74
347 70 75
347 71 75
347 72 76
347 73 77
347 74 78
347 75 79
347 76 80
347 77 81
347 78 82
347 79 83
347 79 84
347 80 85
347 81 86
347 82 87
347 85 88
347 86 89
347 86 90
347 87 91
347 88 92
347 89 93
347 89 94
347 91 95
347 93 96
347 94 97
347 96 98
347 98 99
347 99 100
347 100 101
347 101 102
347 102 103
347 103 104
347 104 105
347 105 106
347 106 107
348 0 1
348 0 2
348 2 3
348 2 4
348 3 5
348 4 6
348 5 7
348 6 8
348 7 9
348 8 10
348 9 11
348 10 12
348 11 13
348 12 14
348 14 15
348 15 16
348 16 17
348 17 18
348 18 19
348 19 20
348 19 21
348 20 22
348 21 23
348 22 24
348 22 25
348 23 26
348 26 27
348 26 28
348 27 29
348 29 30
348 30 31
348 31 32
348 32 33
348 33 34
348 34 35
348 35 36
348 36 37
348 36 38
348 37 39
348 38 40
348 39 41
348 40 42
348 41 43
348 42 44
348 43 45
348 45 46
348 46 47
348 47 48
348 47 49
348 48 50
348 49 51
348 50 52
348 51 53
348 52 54
348 52 55
348 52 56
348 52 57
348 54 58
348 55 59
348 56 60
348 57 61
348 58 62
348 59 63
348 60 64
348 60 65
348 62 66
348 63 67
348 67 68
348 67 69
348 68 70
348 69 71
348 70 72
348 71 73
348 73 74
348 74 75
348 75 76
348 76 77
348 77 78
348 78 79
348 79 80
348 80 81
348 81 82
348 82 83
348 83 84
348 84 85
348 85 86
348 86 87
348 87 88
348 88 89
348 89 90
348 90 91
348 91 92
348 92 93
348 93 94
348 94 95
348 95 96
348 96 97
348 97 98
349 0 1
349 0 2
349 1 3
349 2 4
349 3 5
349 3 6
349 5 7
349 6 8
349 7 9
349 8 10
349 8 11
349 9 12
349 10 13
349 11 14
349 12 15
349 14 16
349 15 17
349 17 18
349 17 19
349 17 20
349 17 21
349 18 22
349 19 23
349 20 24
349 21 25
349 22 26
349 23 27
349 24 28
349 25 29
349 26 30
349 26 31
349 27 32
349 27 33
349 28 34
349 28 35
349 29 36
349 34 37
349 35 38
349 36 39
349 37 40
349 38 41
349 38 42
349 38 43
349 39 44
349 41 45
349 42 46
349 43 47
349 44 48
349 44 49
349 45 50
349 46 51
349 47 52
349 48 53
349 49 54
349 50 55
349 51 56
349 52 57
349 53 58
349 54 59
349 55 60
349 56 61
349 58 62
349 59 63
349 60 64
349 62 65
349 63 66
349 64 67
349 64 68
349 67 69
349 69 70
349 70 71
349 71 72
349 72 73
349 73 74
349 74 75
349 75 76
349 76 77
349 77 78
349 78 79
350 0 1
350 0 2
350 1 3
350 1 4
350 2 5
350 3 6
350 4 7
350 5 8
350 6 9
350 7 10
350 8 10
350 8 11
350 10 12
350 11 13
350 12 14
350 12 15
350 13 16
350 14 17
350 15 18
350 17 19
350 17 20
350 18 21
350 19 22
350 21 23
350 22 24
350 23 25
350 23 26
350 24 27
350 25 28
350 26 29
350 27 30
350 28 31
350 28 32
350 29 33
350 30 34
350 30 35
350 31 36
350 33 37
350 34 38
350 35 39
350 36 40
350 37 41
350 38 42
350 39 43
350 40 44
350 41 45
350 42 46
350 43 47
350 44 48
350 45 49
350 45 50
350 46 51
350 47 52
350 47 53
350 47 54
350 50 55
350 51 56
350 53 57
350 54 58
350 55 59
350 57 60
350 58 61
350 60 62
350 61 63
350 62 64
350 63 65
350 64 66
350 65 67
350 66 68
350 67 69
350 69 70
350 70 71
350 71 72
350 72 73
350 73 74
350 74 75
351 0 1
351 0 2
351 0 3
351 1 4
351 2 5
351 3 6
351 3 7
351 3 8
351 3 9
351 4 10
351 5 11
351 6 12
351 7 13
351 7 14
351 8 15
351 9 16
351 11 16
351 16 17
351 16 18
351 17 19
351 18 20
351 18 21
351 19 22
351 19 23
351 20 24
351 21 25
351 22 26
351 23 27
351 25 28
351 26 29
351 27 30
351 28 31
351 29 32
351 30 33
351 31 34
351 32 35
351 33 36
351 33 37
351 33 38
351 33 39
351 34 40
352 0 1
352 0 2
352 1 3
352 1 4
352 2 5
352 3 6
352 4 7
352 5 8
352 6 9
352 6 10
352 7 11
352 7 12
352 8 13
352 9 11
352 12 14
352 13 15
352 14 16
352 15 17
352 16 18
352 17 19
352 17 20
352 17 21
352 17 22
352 18 22
352 18 23
352 19 24
352 20 25
352 21 26
352 23 27
352 24 28
352 25 29
352 26 30
352 28 31
352 29 32
352 30 33
352 30 34
352 31 35
352 31 36
352 31 37
352 32 38
352 33 39
352 34 40
352 37 41
352 38 42
352 39 43
352 40 44
352 41 45
352 42 46
352 43 47
352 44 48
352 45 49
352 46 50
352 48 51
352 49 52
352 52 53
352 52 54
352 54 55
352 54 56
352 55 57
352 56 58
353 0 1
353 0 2
353 1 3
353 2 4
353 3 5
353 3 6
353 4 7
353 5 8
353 6 9
353 7 8
353 7 10
353 7 11
353 7 12
353 8 13
353 9 14
353 10 15
353 11 16
353 12 17
353 13 16
353 13 18
353 14 19
353 14 20
353 15 21
353 16 22
353 17 23
353 18 24
353 19 25
353 20 26
353 21 27
353 22 28
353 22 29
353 23 30
353 24 31
353 30 31
353 30 32
353 31 33
353 32 34
353 33 35
353 34 36
353 36 37
353 36 38
353 36 39
353 37 40
353 38 41
353 39 42
353 40 43
353 41 44
353 42 45
353 43 46
353 44 47
353 45 48
353 46 49
353 47 50
353 48 51
353 49 52
353 50 52
353 50 53
353 51 54
353 53 55
353 54 56
353 56 57
353 57 58
353 58 59
353 59 60
353 60 61
353 61 62
353 62 63
353 63 64
353 64 65
353 65 66
354 0 1
354 1 2
354 1 3
354 2 4
354 3 5
354 4 6
354 4 7
354 5 8
354 6 9
354 7 10
354 8 11
354 9 12
354 10 13
354 11 14
354 12 15
354 13 16
354 14 17
354 15 18
354 16 19
354 16 20
354 17 21
354 18 22
354 19 23
354 19 24
354 21 25
354 22 26
354 23 27
354 24 28
354 25 29
354 26 30
354 27 31
354 28 32
354 29 33
354 30 34
354 31 35
354 31 36
354 32 36
354 33 37
354 33 38
354 34 39
354 35 40
354 36 41
355 0 1
355 1 2
355 2 3
355 3 4
355 4 5
355 5 6
355 6 7
355 6 8
355 7 9
355 8 10
355 9 11
355 9 12
355 9 13
355 10 14
355 11 15
355 12 16
355 14 17
355 15 18
355 16 19
355 17 20
355 18 21
355 19 22
355 20 23
355 20 24
355 21 25
355 22 26
355 24 27
355 25 28
355 26 27
355 26 29
355 27 30
355 29 31
355 30 32
355 31 33
355 32 34
355 33 35
355 35 36
355 36 37
355 37 38
355 38 39
355 39 40
355 40 41
355 41 42
355 42 43
355 43 44
356 0 1
356 0 2
356 0 3
356 1 4
356 1 5
356 1 6
356 3 7
356 4 8
356 5 9
356 6 10
356 7 11
356 8 12
356 9 13
356 10 14
356 11 15
356 11 16
356 12 17
356 13 18
356 14 18
356 15 16
356 15 19
356 16 20
356 17 21
356 18 22
356 19 23
356 20 24
356 21 25
356 21 26
356 22 27
356 23 28
356 24 29
356 25 30
356 26 30
356 26 31
356 27 32
356 28 33
356 29 34
356 30 35
356 31 36
356 32 37
356 33 38
356 34 39
356 34 40
356 35 41
356 36 42
356 37 43
356 38 44
356 39 45
356 40 46
356 41 47
356 41 48
356 41 49
356 41 50
356 42 51
356 43 52
356 44 53
356 44 54
356 47 51
356 47 55
356 48 56
356 49 55
356 49 57
356 50 58
356 51 59
356 52 60
356 53 61
356 55 62
356 58 63
356 59 64
357 0 1
357 1 2
357 2 3
357 2 4
357 3 5
357 4 6
357 4 7
357 5 8
357 6 9
357 7 10
357 7 11
357 9 12
357 9 13
357 10 14
357 11 15
357 12 16
357 13 17
357 14 18
357 15 19
357 16 20
357 16 21
357 16 22
357 17 23
357 17 24
357 19 25
357 20 26
357 21 27
357 21 28
357 22 29
357 22 30
357 23 31
357 24 32
357 25 33
357 26 34
357 27 35
357 28 36
357 29 37
357 30 38
357 30 39
357 31 40
357 32 41
357 34 38
357 37 42
357 38 43
357 39 44
357 40 45
357 40 46
357 41 47
357 42 48
357 43 49
357 43 50
357 44 51
357 45 52
357 47 53
357 48 54
357 48 55
357 49 56
357 49 57
357 50 58
357 53 59
357 54 60
357 55 61
357 56 62
357 57 63
357 58 64
357 58 65
357 59 66
357 60 67
357 61 68
357 62 69
357 63 70
357 64 71
357 65 72
357 66 73
357 67 74
357 67 75
357 68 76
357 69 77
357 70 78
357 71 79
357 72 80
357 74 81
357 75 82
357 76 83
357 77 84
357 78 85
357 79 86
357 80 87
357 81 88
357 82 89
357 84 90
357 85 91
357 88 91
358 0 1
358 0 2
358 1 3
358 1 4
358 1 5
358 2 6
358 3 7
358 4 8
358 5 9
358 6 10
358 7 11
358 8 12
358 9 13
358 10 14
358 11 15
358 12 16
358 13 17
358 14 18
358 15 19
358 15 20
358 16 21
358 17 22
358 18 23
358 19 24
358 20 24
358 21 25
358 22 26
358 23 27
358 24 28
358 25 29
358 26 30
359 0 1
359 1 2
359 2 3
359 2 4
359 3 5
359 4 6
359 5 7
359 6 8
359 6 9
359 7 10
359 8 11
359 9 12
359 11 13
359 12 14
359 12 15
359 13 16
359 14 17
359 15 18
359 16 19
359 17 20
359 18 21
359 19 22
359 20 23
359 23 24
359 24 25
359 25 26
359 26 27
359 27 28
359 28 29
359 29 30
359 30 31
359 31 32
359 32 33
359 33 34
359 34 35
359 34 36
359 35 37
359 36 38
359 37 39
359 38 40
359 39 41
359 40 42
359 41 43
359 42 44
359 43 45
359 44 46
360 0 1
360 0 2
360 1 3
360 1 4
360 2 5
360 3 6
360 4 7
360 5 8
360 6 9
360 7 8
360 7 10
360 8 11
360 9 12
360 10 13
360 11 14
360 11 15
360 12 16
360 12 17
360 13 18
360 14 19
360 14 20
360 15 21
360 16 22
360 17 23
360 19 24
360 20 25
360 21 26
360 22 27
360 22 28
360 23 29
360 23 30
360 24 31
360 24 32
360 26 33
360 27 34
360 28 35
360 29 36
360 30 37
360 31 38
360 32 35
360 32 39
360 32 40
360 33 41
360 34 42
360 34 43
360 35 44
360 36 45
360 37 46
360 38 47
360 38 48
360 38 49
360 38 50
360 39 40
360 39 51
360 40 52
360 42 53
360 42 54
360 43 53
360 44 55
360 46 56
360 47 57
360 48 58
360 49 59
360 51 60
360 52 61
360 53 62
360 54 63
360 55 64
360 56 65
360 57 66
360 65 67
360 65 68
361 0 1
361 0 2
361 1 3
361 2 4
361 3 5
361 4 6
361 5 6
361 6 7
361 7 8
361 7 9
361 7 10
361 8 11
361 9 12
361 10 13
361 11 14
361 11 15
361 12 16
361 12 17
361 14 18
361 15 19
361 18 20
361 19 21
361 20 22
361 20 23
361 21 24
361 21 25
361 22 26
361 23 27
361 24 28
361 25 29
361 26 30
361 27 31
361 28 32
361 29 32
361 30 33
361 31 34
361 32 35
361 33 36
361 33 37
361 34 38
361 35 39
361 36 40
361 38 41
361 39 42
361 40 43
361 41 44
361 43 45
361 44 46
361 45 47
361 46 48
361 47 49
361 48 50
361 49 51
361 50 52
361 51 53
361 52 54
361 53 55
361 53 56
361 54 57
361 55 58
361 57 59
361 58 60
361 59 61
361 60 62
361 61 63
361 61 64
361 62 65
361 64 66
361 65 67
362 0 1
362 0 2
362 1 3
362 2 4
362 3 5
362 4 6
362 5 7
362 6 8
362 7 9
362 8 10
362 8 11
362 9 12
362 10 13
362 11 14
362 12 15
362 13 16
362 14 17
362 15 18
362 16 19
363 0 1
363 0 2
363 1 3
363 2 4
363 3 5
363 4 6
363 5 7
363 5 8
363 6 9
363 7 10
363 8 11
363 9 12
363 10 13
363 11 14
363 12 15
363 13 16
363 14 17
363 15 18
363 16 19
363 17 20
363 18 21
363 19 22
363 20 22
363 20 23
363 21 24
363 22 25
363 23 26
363 24 27
363 25 28
363 25 29
363 26 30
363 27 31
363 28 32
363 28 33
363 29 34
363 33 35
363 34 36
363 34 37
363 35 38
363 36 39
363 37 40
363 38 41
363 39 42
363 40 43
363 42 44
363 43 45
363 44 46
363 45 47
363 46 48
363 46 49
363 47 50
363 48 51
363 50 52
363 51 53
363 52 54
363 53 55
363 54 56
363 55 56
363 55 57
363 56 58
363 57 59
363 58 60
363 59 61
363 60 62
363 61 63
363 62 64
363 63 65
363 64 66
363 65 67
363 66 68
363 66 69
363 67 70
363 68 71
363 69 72
363 71 73
363 72 74
363 73 75
364 0 1
364 0 2
364 1 3
364 1 4
364 2 5
364 2 6
364 3 7
364 3 8
364 4 9
364 6 10
364 7 11
364 8 10
364 8 12
364 8 13
364 9 14
364 10 15
364 11 16
364 12 17
364 12 18
364 13 19
364 14 20
364 15 21
364 16 22
364 17 23
364 17 24
364 17 25
364 18 26
364 19 27
364 19 28
364 20 29
364 20 30
364 21 23
364 21 31
364 22 32
364 24 33
364 25 34
364 26 28
364 26 35
364 27 35
364 27 36
364 28 37
364 30 38
364 30 39
364 33 40
364 34 41
364 38 42
364 38 43
364 39 44
364 39 45
364 39 46
364 40 47
364 41 48
364 42 49
364 44 50
364 45 51
364 46 52
364 46 53
364 47 54
364 48 55
364 49 56
364 50 57
364 51 58
364 52 59
364 53 60
364 54 61
364 54 62
364 55 63
364 55 64
364 55 65
364 56 66
364 57 67
364 62 68
364 64 69
364 66 70
364 67 71
364 68 72
364 69 73
364 69 74
364 70 75
364 71 76
364 72 77
365 0 1
365 1 2
365 1 3
365 2 4
365 3 5
365 4 6
365 4 7
365 5 8
365 6 9
365 7 10
365 8 11
365 9 12
365 10 13
365 11 13
365 12 14
365 12 15
365 13 16
365 14 17
365 15 18
365 16 18
365 16 19
365 16 20
365 17 21
365 18 22
365 19 23
365 20 24
365 21 25
365 22 26
365 23 27
365 24 28
365 28 29
365 29 30
365 30 31
365 31 32
365 32 33
365 33 34
365 34 35
365 35 36
365 36 37
365 37 38
365 37 39
365 38 40
365 38 41
365 39 42
365 40 43
365 41 44
365 42 45
365 43 46
365 44 47
365 44 48
365 46 49
365 47 50
365 47 51
365 47 52
365 48 53
365 49 54
365 51 55
365 52 56
365 53 57
365 54 58
365 55 59
365 56 60
365 57 61
365 58 62
365 59 63
365 60 64
365 61 65
365 62 66
365 63 67
365 65 68
365 67 69
365 68 70
365 68 71
365 69 72
365 70 73
365 71 74
365 72 75
365 73 76
365 74 77
365 75 78
365 76 79
365 76 80
365 78 81
365 79 82
365 82 83
365 83 84
365 84 85
365 85 86
365 86 87
366 0 1
366 0 2
366 1 3
366 1 4
366 2 5
366 3 6
366 4 7
366 5 8
366 6 9
366 7 10
366 7 11
366 8 12
366 9 13
366 10 14
366 10 15
366 11 16
366 13 17
366 14 18
366 15 19
366 16 20
366 17 21
366 18 22
366 19 23
366 19 24
366 19 25
366 20 26
366 23 27
366 23 28
366 23 29
366 24 30
366 26 31
366 27 32
366 28 33
366 29 34
366 30 35
366 32 36
366 33 37
366 34 38
366 35 39
366 39 40
366 40 41
367 0 1
367 0 2
367 0 3
367 1 4
367 2 5
367 3 6
367 6 7
367 7 8
367 8 9
367 9 10
367 10 11
367 11 12
367 12 13
367 13 14
367 14 15
367 15 16
367 16 17
367 17 18
367 17 19
367 18 20
367 19 21
367 20 22
367 21 23
367 22 24
367 23 25
367 24 26
367 25 27
367 26 28
367 27 29
367 28 30
367 29 31
367 30 32
367 31 33
367 32 34
367 33 35
367 34 36
367 35 37
367 35 38
367 36 39
367 37 40
367 38 41
367 39 42
367 40 43
367 41 44
367 42 45
367 42 46
367 43 47
367 44 48
367 45 49
367 46 50
367 47 51
367 48 52
367 49 53
368 0 1
368 0 2
368 1 3
368 2 4
368 3 5
368 4 6
368 6 7
368 7 8
368 8 9
368 8 10
368 9 11
368 10 12
368 11 13
368 12 14
368 13 15
368 14 16
368 15 17
368 16 18
368 17 19
368 18 20
368 20 21
368 20 22
368 21 23
368 22 24
368 22 25
368 23 26
368 25 26
369 0 1
369 0 2
369 0 3
369 1 4
369 1 5
369 2 6
369 3 7
369 4 8
369 5 9
369 5 10
369 6 11
369 7 12
369 8 13
369 10 14
369 10 15
369 11 16
369 11 17
369 12 18
369 13 19
369 14 20
369 15 21
369 16 22
369 17 23
369 18 24
369 19 25
369 19 26
369 22 27
369 23 25
369 23 28
369 25 27
369 25 29
369 26 30
369 27 31
369 28 32
369 30 33
369 31 34
369 32 35
369 32 36
369 33 37
369 34 38
369 36 39
369 37 40
369 38 41
369 39 42
369 39 43
369 40 44
369 40 45
369 42 46
369 43 47
369 44 48
369 45 49
369 46 50
369 47 51
369 49 50
370 0 1
370 0 2
370 2 3
370 3 4
370 3 5
370 4 6
370 4 7
370 5 8
370 6 9
370 7 10
370 8 11
370 9 12
370 10 13
370 11 14
370 12 15
370 13 16
370 14 17
370 15 18
370 16 19
370 16 20
370 17 21
370 17 22
370 22 23
370 22 24
370 22 25
370 23 26
370 24 27
370 26 28
370 27 29
370 28 30
370 29 31
370 30 32
370 30 33
370 31 34
370 32 35
370 33 36
370 35 37
370 35 38
370 36 39
370 37 40
370 38 41
370 38 42
370 39 43
370 40 44
370 41 45
370 41 46
370 42 47
370 43 44
370 43 48
370 44 49
370 45 50
370 46 51
370 47 52
370 48 53
370 49 54
370 50 55
370 51 56
370 51 57
370 52 58
370 53 54
370 53 59
370 54 60
370 56 61
370 57 62
371 0 1
371 0 2
371 1 3
371 2 4
371 3 5
371 3 6
371 4 7
371 4 8
371 4 9
371 5 10
371 6 11
371 7 12
371 8 12
371 9 13
371 10 14
371 12 15
371 13 16
371 14 17
371 15 18
371 16 19
371 17 20
371 18 21
371 19 22
371 19 23
371 20 24
371 20 25
371 21 26
371 22 27
371 22 28
371 23 29
371 25 27
372 0 1
372 0 2
372 1 3
372 2 4
372 3 5
372 3 6
372 4 7
372 5 8
372 6 8
372 6 9
372 7 10
372 8 11
372 9 12
372 10 13
372 11 14
372 12 15
372 12 21
372 13 16
372 14 17
372 14 22
372 15 18
372 15 23
372 16 19
372 16 20
372 16 24
372 17 21
372 17 25
373 0 1
373 0 2
373 1 3
373 2 4
373 3 5
373 5 6
373 6 7
373 7 8
373 7 9
373 8 10
373 9 11
373 10 12
373 11 13
373 12 14
373 14 15
373 15 16
373 15 17
373 16 18
373 17 19
373 18 20
373 19 21
373 20 22
373 21 23
373 22 24
373 22 25
373 23 26
373 24 27
373 25 28
373 26 29
373 27 30
373 28 31
373 30 32
373 31 33
373 32 34
373 33 35
373 34 36
373 35 37
373 35 38
373 35 39
373 36 40
373 37 41
373 38 42
373 39 43
373 40 44
373 41 45
373 42 45
373 43 46
373 44 47
373 46 48
373 46 49
373 48 50
373 49 51
373 50 52
373 51 53
373 52 54
373 53 55
373 54 56
373 55 57
374 0 1
374 0 2
374 2 3
374 3 4
374 4 5
374 4 6
374 5 7
374 5 8
374 6 9
374 7 10
374 8 11
374 9 12
374 9 13
374 9 14
374 10 15
374 10 16
374 11 17
374 11 18
374 12 19
374 13 20
374 16 21
374 17 22
374 17 23
374 18 24
374 19 25
375 0 1
375 0 2
375 1 3
375 2 4
375 3 5
375 4 6
375 6 7
375 6 8
375 7 9
375 8 10
375 9 11
375 10 12
375 11 13
375 12 14
375 13 15
375 14 16
375 15 17
375 16 18
375 17 19
375 18 20
375 19 21
375 20 22
375 20 23
375 21 24
375 22 25
375 24 26
375 25 27
375 26 28
375 27 29
375 28 30
375 29 31
375 30 32
375 31 33
375 31 34
375 32 35
375 33 36
375 35 37
375 36 38
375 36 39
375 37 40
375 38 41
375 39 42
375 39 43
375 40 44
375 41 45
375 41 46
375 42 47
375 44 48
375 45 49
375 47 50
375 48 51
375 49 52
375 49 53
375 50 54
375 51 55
375 52 56
375 52 57
375 54 58
375 55 59
375 56 60
375 57 61
375 57 62
375 57 63
375 58 64
375 59 65
375 60 66
375 61 64
375 63 67
375 63 68
375 64 69
375 64 70
375 66 71
375 67 72
375 68 73
375 70 74
375 71 75
375 73 76
375 74 77
375 75 78
375 76 79
375 77 80
375 78 81
375 79 82
375 80 83
375 80 84
375 81 85
375 82 86
375 83 87
375 85 88
375 86 89
375 87 90
375 88 91
375 89 92
375 89 93
375 90 94
375 91 95
375 92 96
375 94 97
375 95 98
375 96 99
375 97 100
375 98 101
375 100 102
375 101 103
375 102 104
375 104 105
375 105 106
375 106 107
375 107 108
375 108 109
375 109 110
375 110 111
375 111 112
375 112 113
375 113 114
375 114 115
375 115 116
375 116 117
375 117 118
375 118 119
375 119 120
375 120 121
376 0 1
376 0 2
376 1 3
376 2 4
376 2 5
376 2 6
376 3 7
376 4 8
376 5 9
376 6 10
376 7 11
376 9 12
376 10 13
376 11 14
376 11 15
376 12 16
376 13 17
376 14 18
376 15 19
376 16 20
376 17 21
376 18 22
376 19 23
376 20 24
376 21 25
376 22 23
376 22 26
376 23 27
376 24 28
376 25 29
376 26 30
376 27 31
376 28 32
376 29 33
376 29 34
376 30 35
376 31 36
376 32 37
376 33 38
376 34 39
376 35 40
376 36 41
376 37 42
376 37 43
376 38 44
376 39 45
376 40 46
376 41 47
376 42 48
376 43 49
376 44 50
376 45 51
376 51 52
376 52 53
376 53 54
376 54 55
376 55 56
376 55 57
376 56 58
376 58 59
376 59 60
376 60 61
376 61 62
376 62 63
376 63 64
376 64 65
376 65 66
377 0 1
377 1 2
377 1 3
377 2 4
377 2 5
377 3 6
377 3 7
377 3 8
377 4 9
377 5 7
377 5 10
377 6 11
377 7 12
377 8 13
377 9 14
377 10 15
377 11 16
377 12 17
377 13 18
377 14 19
377 15 20
377 16 21
377 17 22
377 18 23
377 19 24
377 20 25
377 21 26
377 22 27
377 24 28
377 26 29
377 26 30
377 28 31
377 29 32
377 30 33
377 31 34
377 32 35
377 34 36
377 34 37
377 35 38
377 35 39
377 36 40
377 37 41
377 38 42
377 38 43
377 39 44
377 40 45
377 41 46
377 42 44
377 42 47
377 43 48
377 44 49
377 45 50
377 46 48
377 46 51
377 47 52
377 48 53
377 49 54
377 50 55
377 52 56
377 53 54
377 53 57
377 54 58
377 55 59
377 56 60
377 57 61
377 58 62
377 59 63
377 60 64
377 61 65
377 62 66
377 63 67
377 64 68
377 65 69
377 66 70
377 67 71
377 68 72
377 69 73
377 70 74
377 71 75
377 72 76
378 0 1
378 0 2
378 1 3
378 2 4
378 3 5
378 4 6
378 5 7
378 6 8
378 8 9
378 9 10
378 9 11
378 9 12
378 10 13
378 11 14
378 12 15
378 13 16
378 14 17
378 15 18
378 16 17
378 16 19
378 17 20
378 18 21
378 19 22
378 20 23
378 21 24
378 22 25
378 23 26
378 24 27
378 25 28
378 26 29
378 27 30
378 28 31
378 29 32
378 30 33
378 31 34
378 32 35
378 33 36
378 34 37
378 35 38
378 36 39
378 37 40
378 38 41
378 39 42
378 40 43
378 41 44
378 42 45
378 44 46
378 45 47
378 46 48
378 47 49
378 48 50
378 49 51
378 50 52
378 51 53
378 52 54
378 52 55
378 53 54
378 53 56
378 54 57
378 54 58
378 55 59
378 56 60
378 57 61
378 58 62
378 59 63
378 60 64
378 61 65
378 62 66
378 63 67
378 64 68
378 66 69
378 69 70
378 70 71
378 71 72
378 72 73
379 0 1
379 0 2
379 2 3
379 3 4
379 4 5
380 0 1
380 0 2
380 1 3
380 2 4
380 3 5
380 4 6
380 5 7
380 6 8
380 7 9
380 7 10
380 8 11
380 8 12
380 9 13
380 10 14
380 11 15
380 12 16
380 13 17
380 13 18
380 14 19
380 15 20
380 16 21
380 17 22
380 18 23
380 20 24
380 21 25
380 22 26
380 24 27
380 25 28
380 26 29
380 27 30
380 28 31
380 29 32
380 30 33
380 31 34
380 31 35
380 33 36
380 34 37
380 35 38
380 37 38
380 37 39
380 38 40
380 39 41
380 40 42
380 41 43
380 42 44
380 43 45
380 43 46
380 44 47
380 45 48
380 46 49
380 47 50
380 48 50
380 49 51
380 50 52
380 50 53
380 51 53
380 51 54
380 52 55
380 53 56
380 54 57
380 56 58
380 57 59
380 58 60
380 59 61
380 60 62
381 0 1
381 0 2
381 2 3
381 3 4
381 4 5
381 5 6
381 5 7
381 6 8
381 7 9
381 8 10
381 9 11
381 10 12
381 11 13
381 12 14
381 13 15
381 14 16
381 15 17
381 16 18
381 17 19
381 18 20
381 19 21
381 20 22
381 21 23
381 23 24
381 24 25
381 25 26
381 26 27
381 27 28
381 28 29
381 29 30
381 29 31
381 30 32
381 31 32
381 31 33
381 33 34
381 34 35
381 35 36
381 35 37
381 36 38
381 37 39
381 39 40
381 39 41
381 40 42
381 40 43
381 41 44
381 42 45
381 44 46
381 45 47
381 46 48
381 46 49
381 46 50
381 47 51
381 48 52
381 49 53
381 51 54
381 52 55
381 53 56
381 54 57
381 55 58
381 56 59
381 57 60
381 58 61
381 59 62
381 60 63
381 61 64
381 62 65
381 63 66
381 64 67
381 65 68
381 67 69
381 68 70
381 69 71
382 0 1
382 0 2
382 0 3
382 1 4
382 2 5
382 3 6
382 4 7
382 5 8
382 6 9
382 7 10
382 8 11
382 8 12
382 10 13
382 11 14
382 11 15
382 12 16
382 13 17
382 13 18
382 14 19
382 15 20
382 15 21
382 16 22
382 16 23
382 17 24
382 18 25
382 19 23
382 19 26
382 19 27
382 20 28
382 21 24
382 21 29
382 23 30
382 24 31
382 24 32
382 24 33
382 25 34
382 26 35
382 27 36
382 28 37
382 29 38
382 31 39
382 31 40
382 32 41
382 33 37
382 33 42
382 34 43
382 34 44
382 35 45
382 36 46
382 37 47
382 39 48
382 40 49
382 41 50
382 41 51
382 42 52
382 43 53
382 44 54
382 44 55
382 45 56
382 46 56
382 46 57
382 47 58
382 50 58
382 52 54
382 53 59
382 54 60
382 55 61
382 56 62
382 61 63
382 62 64
382 63 65
382 63 66
382 64 67
383 0 1
383 0 2
383 1 3
383 2 4
383 3 5
383 4 6
383 5 7
383 6 8
383 7 9
383 8 10
383 9 11
383 9 12
383 10 13
383 10 14
383 11 15
383 12 16
383 13 17
383 14 18
383 15 19
383 16 19
383 17 20
383 18 21
383 18 22
383 19 23
383 20 24
383 21 25
383 21 26
383 21 27
383 22 28
383 23 29
383 24 30
383 26 31
383 27 31
383 27 32
383 28 33
383 29 34
383 30 35
383 31 36
383 32 37
383 33 37
383 34 38
383 38 39
383 39 40
383 40 41
383 41 42
383 42 43
383 43 44
383 44 45
383 45 46
383 46 47
383 47 48
383 48 49
383 49 50
383 50 51
383 51 52
383 52 53
383 53 54
383 54 55
383 55 56
383 56 57
383 57 58
384 0 1
384 0 2
384 1 3
384 1 4
384 2 5
384 2 6
384 3 7
384 7 8
384 8 9
384 8 10
384 9 11
384 10 12
384 11 13
384 11 14
384 12 15
384 13 16
384 15 17
384 16 18
384 17 19
384 18 20
384 19 21
384 20 22
384 21 23
384 21 24
384 22 25
384 23 26
384 24 27
384 25 28
384 26 29
384 26 38
384 27 30
384 28 31
384 29 32
384 30 33
384 30 39
384 31 34
384 31 40
384 32 35
384 32 41
384 33 36
384 33 42
384 34 37
384 35 38
384 35 43
384 36 44
384 37 45
384 38 46
384 39 47
384 40 48
384 41 43
384 42 49
384 43 50
384 46 47
384 48 49
385 0 1
385 0 2
385 0 3
385 1 3
385 1 4
385 2 5
385 3 6
385 4 7
385 5 8
385 6 9
385 7 10
385 8 10
385 8 11
385 9 12
386 0 1
386 1 2
386 2 3
386 3 4
386 3 5
386 4 6
386 6 7
386 6 8
386 7 9
386 7 10
386 8 11
386 9 12
386 11 13
386 12 14
386 13 15
386 13 16
386 14 17
386 14 18
386 15 19
386 16 20
386 17 21
386 18 22
386 19 23
386 20 24
386 21 25
386 23 26
386 24 27
386 25 28
386 26 29
386 28 30
386 29 31
386 30 32
386 30 33
386 31 34
386 32 35
386 33 36
386 34 37
386 35 38
386 36 39
386 38 40
386 39 41
386 40 42
386 41 43
386 42 44
386 42 45
386 43 46
386 43 47
386 44 48
386 45 49
386 47 50
386 48 51
386 50 52
386 51 53
386 52 54
386 53 55
386 54 56
386 55 57
386 55 58
386 56 59
386 57 60
386 58 61
386 59 62
386 60 63
386 61 64
386 62 65
386 63 66
386 64 67
386 65 68
386 65 69
386 66 70
386 67 71
386 68 72
386 69 73
386 70 74
386 71 75
386 72 76
386 73 77
386 73 78
386 74 79
386 76 80
386 77 81
386 78 82
386 79 83
386 80 84
386 80 85
386 81 86
386 82 86
386 83 87
386 84 88
386 85 89
386 87 90
386 88 91
386 88 92
386 90 93
386 91 94
386 91 95
386 93 96
386 94 97
386 94 98
386 96 99
386 97 100
386 98 101
386 99 102
386 101 103
386 102 104
386 103 105
386 104 106
386 105 107
386 106 108
386 107 109
386 108 110
386 109 111
387 0 1
387 0 2
387 1 3
387 2 4
387 3 5
387 4 6
387 4 7
387 5 8
387 6 9
387 6 10
387 7 11
387 8 12
387 8 13
387 9 14
387 10 15
387 11 16
387 12 17
387 12 18
387 14 19
387 15 20
387 16 21
387 18 22
388 0 1
388 1 2
388 2 3
388 3 4
388 3 5
388 4 6
388 4 7
388 5 8
388 6 9
388 7 10
388 8 11
388 9 12
388 11 13
388 12 14
388 14 15
388 15 16
388 15 17
388 16 18
388 17 19
388 18 20
388 18 21
388 19 22
388 19 23
388 19 24
388 20 25
388 21 26
388 22 27
388 23 28
388 24 29
388 24 30
388 26 31
388 27 32
388 28 33
388 29 34
388 30 35
388 31 36
388 32 37
388 34 38
388 35 39
388 35 40
388 36 41
388 37 42
388 42 43
388 43 44
388 44 45
388 45 46
388 46 47
388 47 48
388 48 49
388 49 50
388 50 51
388 51 52
388 52 53
388 53 54
388 54 55
388 55 56
388 56 57
388 57 58
388 58 59
388 59 60
388 60 61
388 61 62
388 62 63
388 63 64
388 64 65
389 0 1
389 1 2
389 1 3
389 2 4
389 3 5
389 4 6
389 5 7
389 6 8
389 7 9
389 8 10
389 9 11
389 10 12
389 10 13
389 11 14
389 11 15
389 12 16
389 13 17
389 15 16
389 15 18
389 16 19
389 17 20
389 20 21
389 21 22
389 22 23
389 23 24
389 24 25
389 25 26
389 26 27
389 27 28
389 28 29
389 29 30
389 30 31
389 31 32
389 32 33
389 33 34
389 34 35
389 35 36
389 36 37
389 37 38
389 38 39
389 39 40
389 40 41
389 41 42
389 42 43
389 43 44
389 44 45
389 45 46
389 45 47
389 46 48
389 47 49
389 47 50
389 47 51
389 48 52
389 49 53
389 50 54
389 52 55
389 53 56
389 54 57
389 55 58
389 56 59
389 57 60
389 58 61
389 59 62
389 62 63
389 63 64
389 64 65
389 65 66
389 66 67
389 67 68
389 68 69
390 0 1
390 0 2
390 0 3
390 1 4
390 2 5
390 3 6
390 4 7
390 5 8
390 5 9
390 6 10
390 7 11
390 8 12
390 8 13
390 8 14
390 9 15
390 9 16
390 10 17
390 11 18
390 13 19
390 14 20
390 15 21
390 15 22
390 16 23
390 17 24
390 18 25
390 19 26
390 20 27
390 21 28
390 22 29
390 23 25
390 23 30
390 24 31
390 25 32
390 26 33
390 27 34
390 28 35
390 29 36
390 29 37
390 29 38
390 30 39
390 31 40
390 32 41
390 33 42
390 34 43
390 34 44
390 34 45
391 0 1
391 0 2
391 1 3
391 2 4
391 3 5
391 4 6
391 5 7
391 6 8
391 7 9
391 7 10
391 9 11
391 10 12
391 11 13
391 12 14
391 12 15
391 12 16
391 12 17
391 13 18
391 14 19
391 15 20
391 16 21
391 17 22
391 18 23
391 19 24
391 20 25
391 21 26
391 22 27
391 24 28
391 25 29
391 25 30
391 26 30
391 26 31
391 28 32
391 29 33
391 30 34
391 31 35
391 31 36
391 33 35
391 33 37
391 34 38
391 35 39
391 36 40
391 37 41
391 38 40
391 38 42
391 39 43
391 40 44
391 41 45
391 42 46
392 0 1
392 0 2
392 1 3
392 2 4
392 3 5
392 4 6
392 4 7
392 5 8
392 6 9
392 6 10
392 6 11
392 11 12
392 12 13
392 13 14
392 14 15
392 15 16
392 15 17
392 16 18
392 17 19
392 18 20
392 19 21
392 20 22
392 20 23
392 20 24
392 21 25
392 22 26
392 23 27
392 24 28
392 24 29
392 25 30
392 26 31
392 27 32
392 28 33
392 29 34
392 30 35
392 32 36
392 33 37
392 35 38
392 36 39
392 37 38
392 37 40
392 38 41
392 39 42
392 40 43
392 41 44
392 42 45
392 43 46
392 44 47
392 45 48
392 46 49
392 46 50
392 47 51
392 48 52
392 49 53
392 52 54
392 53 55
392 54 56
392 56 57
392 57 58
392 58 59
392 59 60
392 60 61
392 61 62
392 62 63
392 63 64
392 64 65
392 65 66
392 66 67
393 0 1
393 0 2
393 1 3
393 2 4
393 3 5
393 4 6
393 5 7
393 5 8
393 6 9
393 7 10
393 8 11
393 9 12
393 10 13
393 11 14
393 12 15
393 14 16
393 15 17
393 15 18
393 16 19
393 17 20
393 18 21
393 19 22
393 19 23
393 20 24
393 21 25
393 22 25
393 22 26
393 23 27
393 24 28
393 25 29
393 26 30
393 26 31
393 27 32
393 28 33
393 29 34
393 30 35
393 31 34
393 31 36
393 31 37
393 32 38
393 33 39
393 34 40
393 34 41
393 35 38
393 35 42
393 36 43
393 37 44
393 38 45
393 39 46
393 40 47
393 41 48
393 42 49
393 43 50
393 44 51
393 45 52
393 46 53
393 49 54
393 51 55
393 52 56
393 53 57
393 54 58
393 55 59
393 56 60
393 57 61
393 60 62
393 61 63
393 61 64
393 62 65
393 63 66
393 63 67
393 64 68
393 64 69
393 65 70
393 65 71
393 68 72
393 69 73
393 70 74
393 70 75
393 71 76
393 72 77
393 75 78
393 76 79
393 77 80
393 78 81
393 79 82
393 80 83
393 81 84
393 81 85
393 82 86
393 83 87
393 84 88
393 84 89
393 85 90
393 86 91
393 87 92
393 89 93
393 90 94
393 91 95
393 92 96
393 93 97
393 94 98
393 94 99
393 95 100
393 96 101
393 97 102
393 98 103
393 99 101
393 99 104
393 100 105
393 101 106
393 102 107
393 102 108
393 103 109
393 104 110
393 105 111
393 106 112
393 107 113
393 113 114
393 114 115
393 115 116
393 116 117
393 117 118
393 118 119
393 119 120
393 120 121
393 121 122
393 122 123
393 123 124
393 124 125
393 125 126
393 126 127
393 127 128
393 128 129
393 129 130
393 130 131
393 131 132
393 132 133
393 133 134
394 0 1
394 0 2
394 0 3
394 0 4
394 0 5
394 0 6
394 1 7
394 2 8
394 3 9
394 4 10
394 5 11
394 6 12
394 7 13
394 8 14
394 9 15
394 10 11
394 10 16
394 11 17
394 12 18
394 12 19
394 13 20
394 14 21
394 15 22
394 16 23
394 17 24
394 19 25
394 20 26
394 21 27
394 22 28
394 23 29
394 24 30
394 25 31
394 27 32
394 28 33
394 29 34
394 31 35
394 32 36
394 34 37
394 35 38
394 36 39
394 37 40
394 38 41
394 39 42
394 40 43
394 41 44
394 42 45
394 43 46
394 44 47
394 45 48
394 46 49
394 47 50
394 47 51
394 49 52
394 50 53
394 51 54
394 52 55
394 53 56
394 54 57
395 0 1
395 0 2
395 1 3
395 1 4
395 2 5
395 3 6
395 5 7
395 6 8
395 7 9
395 8 10
395 9 11
395 10 12
395 11 13
395 12 14
395 13 15
395 14 16
395 15 17
395 16 18
395 17 19
395 18 20
395 19 21
395 20 22
395 21 23
395 22 24
395 23 25
395 24 26
395 25 27
395 26 28
395 27 29
395 28 30
395 29 31
395 30 32
395 31 33
395 32 34
395 32 35
395 33 36
395 34 37
395 35 38
395 36 39
395 37 40
395 38 41
395 40 42
395 41 43
395 42 44
395 43 45
395 44 46
395 46 47
395 47 48
395 48 49
395 49 50
395 50 51
395 51 52
395 52 53
395 53 54
395 54 55
395 55 56
395 56 57
395 57 58
395 58 59
395 59 60
395 60 61
395 61 62
395 62 63
395 63 64
395 64 65
395 65 66
395 65 67
395 66 68
395 67 69
395 67 70
395 68 71
395 69 72
395 70 73
395 72 74
395 73 75
395 73 76
395 74 77
395 75 78
395 78 79
395 79 80
395 80 81
395 81 82
395 82 83
395 82 84
395 83 85
395 83 86
395 84 87
395 86 88
395 87 89
395 88 90
395 89 91
395 90 92
395 92 93
395 93 94
395 94 95
395 94 96
395 94 97
395 94 98
395 95 99
395 95 100
395 96 101
395 97 102
395 98 103
395 99 104
395 100 105
395 102 106
395 103 107
395 104 108
395 105 109
395 106 110
395 107 111
395 108 112
395 109 113
395 110 114
395 111 115
395 112 116
395 113 117
395 115 118
395 116 118
395 117 119
395 119 120
395 120 121
395 121 122
395 122 123
395 123 124
395 124 125
396 0 1
396 0 2
396 0 3
396 1 4
396 1 5
396 2 6
396 3 7
396 4 8
396 5 9
396 6 10
396 7 11
396 8 12
396 9 13
396 10 14
396 11 15
396 12 13
396 12 16
396 12 17
396 13 18
396 14 19
396 15 20
396 16 21
396 17 22
396 19 23
396 20 24
396 21 25
396 22 26
396 23 27
396 24 28
396 25 28
396 25 29
396 26 30
396 28 31
396 28 32
396 29 33
396 30 34
396 31 35
396 31 36
396 31 37
396 32 38
396 33 39
396 34 40
396 35 41
396 36 42
396 37 42
396 37 43
396 38 44
396 39 45
396 40 46
396 42 47
396 44 48
396 45 49
396 46 50
396 47 51
396 48 52
396 48 53
396 49 54
396 50 55
396 50 56
396 51 57
396 52 58
396 53 59
396 54 60
396 55 61
396 56 62
396 57 63
396 58 64
396 59 65
396 59 66
396 59 67
396 59 68
396 60 69
396 61 70
396 70 71
396 70 72
396 71 73
396 71 74
396 71 75
396 72 76
396 73 77
396 74 78
396 75 79
396 75 80
396 76 81
396 77 82
396 78 83
396 79 84
396 80 85
396 81 85
396 81 86
396 83 87
396 84 88
396 85 89
396 86 90
396 87 91
396 88 92
396 89 93
396 90 92
396 90 94
396 91 95
396 92 96
396 93 97
396 94 98
396 95 99
396 96 100
396 97 101
396 98 102
396 99 101
396 100 103
396 101 104
396 102 105
396 103 106
396 103 107
396 104 108
396 105 109
396 105 110
396 106 111
396 107 112
396 108 113
396 109 114
396 110 115
396 111 116
396 112 117
396 112 118
396 114 119
396 115 120
396 116 119
396 116 121
396 117 122
396 118 123
396 119 124
396 119 125
396 120 126
396 121 127
396 121 128
396 122 129
396 127 130
396 128 131
397 0 1
397 0 2
397 1 4
397 2 3
397 2 5
397 3 6
397 4 7
397 5 8
397 6 9
397 6 10
397 6 12
397 6 13
397 7 9
397 7 11
397 7 14
397 8 14
397 8 15
397 8 16
397 9 17
397 10 18
397 11 19
397 11 20
397 12 21
397 13 22
397 14 23
397 15 24
397 16 25
397 16 26
397 16 27
397 17 19
397 17 28
397 17 29
397 18 30
397 19 31
397 19 32
397 22 33
397 22 34
397 23 35
397 24 29
397 24 36
397 24 37
397 26 32
397 27 38
397 33 39
397 35 40
397 36 41
397 36 42
397 37 43
397 38 44
397 39 45
397 40 46
397 40 47
397 40 48
397 41 49
397 41 50
397 42 51
397 43 52
397 46 53
397 47 54
397 48 55
397 49 56
397 51 57
397 56 58
397 57 59
398 0 1
398 1 2
398 2 3
398 3 4
398 4 5
398 4 6
398 4 7
398 4 8
398 5 9
398 6 10
398 7 11
398 8 12
398 9 13
398 11 14
398 13 15
398 13 16
398 14 17
398 15 18
398 16 19
398 19 20
398 19 21
398 20 22
398 21 23
398 22 24
399 0 1
399 0 2
399 1 3
399 2 4
399 3 5
399 4 6
399 4 7
399 4 8
399 5 9
399 6 10
399 7 11
399 8 12
399 9 13
399 10 14
399 10 15
399 11 16
399 12 17
399 13 18
399 13 19
399 14 20
399 15 21
399 16 22
399 17 23
399 18 23
399 18 24
399 19 25
399 20 26
399 21 27
399 22 28
399 23 29
399 24 26
399 24 30
399 25 31
399 26 32
399 26 33
399 27 34
399 28 35
399 28 36
399 28 37
399 31 38
399 32 39
399 33 40
399 34 40
399 34 41
399 35 42
399 36 43
399 37 44
399 38 45
399 39 46
399 40 47
399 42 48
399 43 49
399 44 50
399 45 51
399 46 52
399 47 53
399 48 52
399 49 54
399 50 55
399 51 56
399 52 57
399 53 58
399 54 59
399 55 60
399 56 61
399 56 62
399 59 63
399 60 64
399 61 65
399 62 66
399 63 67
399 64 68
399 64 69
399 67 70
399 68 71
399 69 72
399 70 73
399 71 74
399 72 75
399 73 76
399 74 77
399 74 78
399 75 79
399 76 80
399 77 81
399 78 82
399 80 83
400 0 1
400 0 2
400 1 3
400 1 4
400 1 5
400 2 6
400 3 7
400 4 8
400 5 9
400 5 10
400 6 11
400 8 12
400 9 13
400 10 14
400 11 15
400 12 16
400 13 17
400 13 18
400 14 19
400 15 20
400 16 21
400 17 22
400 21 23
400 22 24
400 23 25
400 24 26
400 25 27
400 26 28
400 26 29
400 28 30
400 29 31
400 30 32
400 31 33
400 32 34
400 33 35
400 34 36
400 35 37
400 37 38
400 38 39
400 39 40
400 40 41
400 41 42
400 42 43
400 43 44
400 43 45
400 44 46
400 45 47
400 46 48
400 48 49
400 49 50
400 50 51
400 51 52
400 52 53
400 53 54
400 53 55
401 0 1
401 0 2
401 1 3
401 2 4
401 3 5
401 4 6
401 6 7
401 6 8
401 6 9
401 7 10
401 8 11
401 9 12
401 10 13
401 11 14
401 12 15
401 13 16
401 13 17
401 14 18
401 15 19
401 16 20
401 17 21
401 18 22
401 19 22
401 20 23
401 21 24
401 22 25
401 23 26
401 25 27
401 25 28
401 26 29
401 27 30
401 28 31
401 29 32
401 30 33
401 30 34
401 31 35
401 32 36
401 33 37
401 34 38
401 35 39
401 36 40
401 37 41
401 38 42
401 39 43
401 40 44
401 41 45
401 41 46
401 42 47
401 43 48
401 44 49
401 45 50
401 48 51
401 49 52
401 50 53
401 51 54
401 52 55
401 53 56
401 54 57
401 55 58
401 56 59
401 58 59
401 59 60
401 60 61
401 61 62
401 62 63
401 63 64
401 64 65
401 65 66
401 66 67
401 67 68
401 68 69
401 69 70
401 70 71
401 71 72
401 72 73
401 72 75
401 73 74
401 73 76
401 74 75
401 74 77
401 75 78
401 77 79
401 78 80
401 79 81
401 80 82
401 81 83
401 82 84
402 0 1
402 0 2
402 1 3
402 2 4
402 3 5
402 3 6
402 3 7
402 4 8
402 5 7
402 5 9
402 7 10
402 8 11
402 9 12
402 10 13
402 11 14
402 12 15
402 13 16
402 14 17
402 14 18
402 15 19
402 16 20
402 17 21
402 17 22
402 17 23
402 18 24
402 19 25
402 20 26
402 21 27
402 21 28
402 23 29
402 24 30
402 25 31
402 26 32
402 26 33
402 27 34
402 28 35
402 29 36
402 31 37
402 31 38
402 32 39
402 33 40
402 35 41
402 36 42
402 37 43
402 38 44
402 39 45
402 40 46
402 41 47
402 42 48
402 42 49
402 42 50
402 42 51
402 44 48
402 44 52
402 45 53
402 45 54
402 46 55
402 47 56
402 47 57
402 50 58
402 51 59
402 52 60
402 53 61
402 55 56
402 55 62
402 56 63
402 57 64
402 58 65
402 59 66
402 60 67
403 0 1
403 0 2
403 1 3
403 2 4
403 4 5
403 4 6
403 5 7
403 5 8
403 6 9
403 7 10
403 9 11
403 10 12
403 11 13
403 12 14
403 14 15
403 15 16
403 16 17
403 17 18
403 18 19
403 19 20
403 20 21
403 21 22
403 22 23
403 23 24
403 24 25
403 25 26
403 26 27
403 26 28
403 26 29
403 27 30
403 28 31
403 30 32
403 30 33
403 33 34
403 34 35
403 35 36
403 36 37
404 0 1
404 0 2
404 1 3
404 2 4
404 2 5
404 3 6
404 4 7
404 4 8
404 5 9
404 6 8
404 6 10
404 7 11
404 8 12
404 9 13
404 9 14
404 10 14
404 10 15
404 11 16
404 12 17
404 12 18
404 12 31
404 13 19
404 14 20
404 14 21
404 15 22
404 18 23
404 19 24
404 19 25
404 20 26
404 21 27
404 21 28
404 26 32
404 26 33
404 27 29
404 28 30
404 28 34
404 28 35
404 29 31
404 29 36
404 30 37
404 31 38
404 32 39
404 33 39
405 0 1
405 1 2
405 1 3
405 3 4
405 4 5
405 5 6
405 6 7
405 7 8
405 8 9
405 9 10
405 9 11
405 10 12
405 11 13
405 12 14
405 13 15
405 14 16
405 16 17
405 16 18
405 17 19
405 18 20
405 19 21
405 20 22
405 21 23
405 23 24
405 24 25
405 25 26
405 26 27
405 27 28
405 28 29
405 29 30
405 29 31
405 30 32
405 31 33
405 31 34
405 32 35
405 34 36
405 35 37
405 36 38
405 37 39
405 38 40
405 39 41
405 40 42
405 41 43
405 42 44
405 43 45
405 44 45
405 45 46
405 46 47
405 47 48
405 48 49
405 49 50
405 50 51
405 51 52
405 52 53
405 53 54
405 54 55
405 55 56
405 55 57
405 56 58
406 0 1
406 0 2
406 1 3
406 2 4
406 3 5
406 3 6
406 4 7
406 5 8
406 7 9
406 8 10
406 9 11
406 10 12
406 11 13
406 12 14
406 12 15
406 14 16
406 15 17
406 16 18
406 17 19
406 18 20
406 19 21
406 19 22
406 20 23
406 21 24
406 21 25
406 22 26
406 23 27
406 23 28
406 24 29
406 26 30
406 27 31
406 28 32
406 30 33
406 31 34
406 32 35
406 33 36
406 34 37
406 35 38
406 36 39
406 37 40
406 39 41
406 40 42
406 41 43
406 42 44
406 43 45
406 44 46
406 45 47
406 46 48
406 47 49
406 47 50
406 48 51
406 48 67
406 49 52
406 50 53
406 51 53
406 52 54
406 54 55
406 55 56
406 56 57
406 57 58
406 58 59
406 59 60
406 60 61
406 61 62
406 61 63
406 62 64
406 63 65
406 63 68
406 64 66
406 65 69
406 66 67
406 66 70
406 67 71
406 68 72
406 70 73
406 71 74
406 72 75
406 72 76
406 73 77
406 73 78
406 74 79
406 75 80
406 76 81
406 77 82
406 79 83
406 79 84
406 79 85
406 80 86
406 81 87
406 82 88
406 83 89
406 84 90
406 85 91
406 86 92
406 86 93
406 89 91
407 0 1
407 0 2
407 2 3
407 3 4
407 3 5
407 3 6
407 5 7
407 6 8
408 0 1
408 0 2
408 1 3
408 2 4
408 2 5
408 3 6
408 3 7
408 4 8
408 5 9
408 9 10
408 9 11
408 10 12
408 11 13
408 12 14
408 13 15
408 14 16
408 16 17
408 17 18
408 18 19
408 19 20
408 20 21
408 21 22
408 22 23
408 23 24
408 24 25
408 25 26
408 26 27
408 27 28
408 27 29
408 28 30
408 29 31
409 0 1
409 0 2
409 1 3
409 2 4
409 3 5
409 4 6
409 4 7
409 4 8
409 5 9
409 6 10
409 8 11
409 9 12
409 10 13
409 11 14
409 11 15
409 12 14
409 13 16
409 14 17
409 15 18
409 16 19
409 17 20
409 18 21
409 19 22
409 20 23
409 21 24
409 22 25
409 23 26
409 23 27
409 23 28
409 23 29
409 24 30
409 25 31
409 26 32
409 27 32
409 27 33
409 28 34
409 32 33
409 34 35
409 35 36
409 36 37
409 37 38
409 38 39
409 39 40
409 40 41
409 41 42
409 42 43
409 43 44
409 44 45
409 44 46
410 0 1
410 0 2
410 1 3
410 2 4
410 2 5
410 3 6
410 4 7
410 5 8
410 6 9
410 7 10
410 8 11
410 9 12
410 9 13
410 9 14
410 10 14
410 11 13
410 11 15
410 12 16
410 12 17
410 13 18
410 15 19
410 16 20
410 17 20
410 18 21
410 18 22
410 19 23
410 20 24
410 21 25
410 22 24
410 22 26
410 22 27
410 23 28
410 24 29
410 25 30
410 26 31
411 0 1
411 0 2
411 1 3
411 1 4
411 1 5
411 2 6
411 3 7
411 4 8
411 5 9
411 6 10
411 7 11
411 9 12
411 10 13
411 11 12
411 11 14
411 12 15
411 15 16
411 15 20
411 16 17
411 16 21
411 17 18
411 17 22
411 18 19
411 18 20
411 18 23
411 20 24
411 21 25
411 23 26
411 24 27
411 26 28
411 27 29
411 28 30
411 29 31
411 30 32
411 31 33
411 31 34
411 32 35
411 33 36
411 34 37
411 35 38
411 36 39
411 37 40
411 37 41
411 38 42
411 39 43
411 40 44
411 41 45
411 42 46
411 43 47
411 44 48
411 45 49
411 46 50
411 46 51
411 47 52
411 48 51
411 48 53
411 49 54
411 50 55
411 51 56
411 53 57
411 54 58
411 54 59
411 56 60
411 57 61
411 58 62
411 59 60
411 60 63
411 61 64
411 62 65
411 63 66
411 64 67
411 64 68
411 65 69
411 65 70
411 67 71
411 68 72
411 70 73
411 72 74
411 73 75
411 74 76
411 75 77
411 76 78
411 77 79
412 0 1
412 0 2
412 1 3
412 2 4
412 3 5
412 3 6
412 4 7
412 4 8
412 5 9
412 6 10
412 7 11
412 10 12
412 11 13
412 12 14
412 13 15
412 14 16
412 15 17
412 16 18
412 17 19
412 18 20
412 19 21
412 20 22
412 21 23
412 22 24
412 23 25
412 24 26
412 25 27
412 25 28
412 26 29
412 27 30
412 28 31
412 29 32
412 30 33
412 31 34
412 32 34
412 33 35
412 34 36
412 35 37
412 36 38
412 37 39
412 38 40
412 39 41
412 40 42
412 41 43
412 42 44
412 43 45
412 45 46
412 45 47
412 45 48
412 46 49
412 47 50
412 47 51
412 49 52
412 50 53
412 51 54
412 52 55
412 52 56
412 52 57
412 53 58
412 55 59
412 56 60
412 57 61
412 58 62
412 59 63
412 61 64
412 63 65
413 0 1
413 1 2
413 1 3
413 2 4
413 3 5
413 4 6
413 5 7
413 6 8
413 7 9
413 8 10
413 9 11
413 10 12
413 12 13
413 13 14
413 14 15
413 15 16
413 16 17
413 17 18
413 18 19
413 19 20
413 20 21
413 21 22
413 21 23
413 22 24
413 22 25
413 23 26
413 24 27
413 25 28
413 27 29
413 28 30
413 29 31
413 30 32
413 31 33
413 32 34
413 33 35
413 35 36
413 36 37
413 37 38
413 38 39
413 39 40
413 40 41
413 40 42
413 41 43
413 42 44
413 43 45
413 44 46
413 46 47
413 47 48
413 48 49
413 49 50
413 49 51
413 50 52
413 51 53
413 52 54
413 53 55
413 54 56
413 56 57
413 57 58
413 58 59
413 59 60
413 60 61
413 61 62
413 62 63
413 63 64
413 63 65
413 64 66
413 65 67
413 66 68
413 67 69
413 69 70
413 70 71
413 71 72
413 72 73
413 73 74
413 74 75
413 75 76
413 76 77
413 77 78
413 78 79
413 79 80
413 80 81
413 81 82
413 82 83
413 83 84
413 84 85
413 85 86
414 0 1
414 1 2
414 2 3
414 3 4
414 4 5
414 4 6
414 5 7
414 6 8
414 7 9
414 8 10
414 9 11
414 10 12
414 11 13
414 12 14
414 13 15
414 13 16
414 14 17
414 15 18
414 16 19
414 17 18
414 17 20
414 18 21
414 19 22
414 20 23
414 21 23
414 21 24
414 22 25
414 22 26
414 23 27
414 24 28
414 25 29
414 26 30
414 27 31
414 28 32
414 30 33
414 31 34
414 32 35
414 33 36
414 35 37
414 36 38
414 37 39
414 39 40
414 40 41
414 41 42
414 42 43
414 43 44
414 44 45
414 45 46
414 46 47
414 47 48
414 48 49
414 48 50
414 49 51
414 49 52
414 50 53
414 51 54
414 52 55
414 53 56
414 54 57
414 55 58
414 56 59
414 57 60
414 58 61
414 60 62
414 61 63
414 62 64
414 64 65
415 0 1
415 0 2
415 0 3
415 1 4
415 2 5
415 2 6
415 3 7
415 4 8
415 5 9
415 6 10
415 7 11
415 8 12
415 9 13
415 10 14
415 11 15
415 13 16
415 14 17
415 15 18
415 16 19
415 17 20
415 18 21
415 19 22
415 20 23
415 21 22
415 21 24
415 22 25
415 23 26
415 24 27
415 25 28
415 25 36
415 26 29
415 26 30
415 27 31
415 27 32
415 27 37
415 28 33
415 29 34
415 30 35
415 32 37
415 32 38
415 32 39
415 34 40
415 35 40
415 35 41
415 36 42
415 37 43
415 38 44
415 39 45
415 41 46
415 42 47
415 44 45
415 44 48
415 44 49
415 46 50
415 46 51
415 47 52
415 50 53
415 50 54
415 51 55
415 51 56
415 52 57
415 53 58
415 54 59
415 55 58
415 55 60
415 56 61
415 57 62
415 58 63
415 59 64
415 59 65
415 60 66
415 61 67
415 62 68
415 62 69
415 62 70
415 62 71
415 62 73
415 63 72
415 63 74
415 63 75
415 64 76
415 65 77
415 67 78
415 69 79
415 70 80
415 72 81
415 74 82
415 75 83
415 75 84
415 76 85
415 77 86
415 78 80
415 78 87
415 79 88
415 79 89
415 80 90
415 80 91
415 83 92
415 85 93
415 86 94
415 89 95
415 90 96
415 91 97
415 92 98
415 93 99
415 94 100
415 95 101
415 96 102
415 97 103
415 98 104
415 98 105
415 98 106
415 100 107
415 101 108
415 102 109
415 103 110
415 104 111
415 107 112
415 107 113
415 108 114
415 108 115
415 109 116
415 110 117
415 112 118
415 113 119
415 114 120
415 115 121
415 116 122
415 117 123
415 118 124
415 118 125
415 119 126
415 120 127
415 121 128
415 122 129
415 123 126
415 123 130
415 124 131
415 125 132
415 126 133
415 127 134
415 128 134
415 133 135
415 134 136
415 135 137
416 0 1
416 0 2
416 1 3
416 2 4
416 2 5
416 4 6
416 4 7
416 5 6
416 5 8
416 6 9
416 7 10
416 8 11
416 8 12
416 9 13
416 11 14
416 12 15
416 13 16
416 13 17
416 13 18
416 14 19
416 15 20
416 16 21
416 17 22
416 18 23
416 19 24
416 20 25
416 21 26
416 22 27
416 23 28
416 24 29
416 25 30
416 27 31
416 28 32
416 29 33
416 30 34
416 31 35
416 31 36
416 32 37
416 33 38
416 34 39
416 34 40
416 35 41
416 36 42
416 37 43
416 41 42
416 41 44
416 42 45
416 43 46
417 0 1
417 0 2
417 1 3
417 2 4
417 3 5
417 4 6
417 5 7
417 6 8
417 7 9
417 8 10
417 9 11
417 10 12
417 11 13
417 11 14
417 12 15
417 13 16
417 14 17
417 15 18
417 16 19
417 17 20
418 0 1
418 1 2
418 2 3
418 2 4
418 2 5
418 3 6
418 4 7
418 6 8
418 6 9
418 7 10
418 8 11
418 9 12
418 10 13
418 11 14
418 12 15
418 13 16
418 15 17
418 16 18
418 16 19
418 17 20
418 18 21
418 19 22
418 20 23
418 21 24
418 22 25
418 23 26
418 25 27
418 26 28
418 27 29
418 28 30
418 29 31
418 30 32
418 31 33
418 32 34
418 33 35
418 33 36
418 34 37
418 35 38
418 35 39
418 36 40
418 37 41
418 38 42
418 40 43
418 40 44
418 41 45
418 42 46
418 43 47
418 44 48
418 44 49
418 45 50
418 46 51
418 47 52
418 48 53
418 49 54
418 50 55
418 51 56
418 52 57
418 52 58
418 53 59
418 54 60
418 56 61
418 57 62
419 0 1
419 0 2
419 1 3
419 2 4
419 3 5
419 4 6
419 4 7
419 5 8
419 6 9
419 7 10
419 8 11
419 9 12
419 9 13
419 10 14
419 11 15
419 12 16
419 13 17
419 14 18
419 14 19
419 15 20
419 15 21
419 16 22
419 17 23
419 18 24
419 19 25
419 19 26
419 20 27
419 20 28
419 21 29
419 22 30
419 23 31
419 23 32
419 24 33
419 26 32
419 29 34
419 29 35
419 30 36
419 36 37
419 37 38
419 38 39
419 39 40
419 40 41
419 41 42
419 42 43
419 43 44
419 44 45
419 45 46
419 46 47
420 0 1
420 0 2
420 1 3
420 2 4
420 2 5
420 3 6
421 0 1
421 0 2
421 0 3
421 1 4
421 2 5
421 3 6
421 4 7
421 7 8
421 8 9
421 8 10
421 9 11
421 10 12
421 10 13
421 11 14
421 12 15
421 13 16
421 14 17
421 15 18
421 16 19
421 17 20
421 17 21
421 18 22
421 19 23
421 20 24
421 21 25
421 22 26
421 23 27
421 24 28
421 25 29
421 25 30
421 26 31
421 28 32
421 29 33
421 30 34
421 31 35
421 32 36
421 33 37
421 34 38
421 35 39
421 36 40
421 36 41
421 36 42
421 37 43
421 37 44
421 42 45
421 43 46
421 44 47
421 45 48
421 46 49
421 47 50
421 48 51
421 49 52
421 50 51
421 50 53
421 52 54
421 53 55
421 54 56
421 55 57
421 56 58
421 57 59
421 59 60
421 60 61
421 61 62
421 62 63
421 63 64
421 64 65
421 65 66
421 66 67
421 67 68
421 68 69
422 0 1
422 0 2
422 1 3
422 2 4
422 3 5
422 4 6
422 5 7
422 5 8
422 6 9
422 7 10
422 8 11
422 8 12
422 9 13
422 10 14
422 11 15
422 12 16
422 12 17
422 13 18
422 14 19
422 14 20
422 14 21
422 14 22
422 15 23
422 15 24
422 17 25
422 18 26
422 18 27
422 19 28
422 26 27
423 0 1
423 0 2
423 2 3
423 3 4
423 4 5
423 5 6
423 6 7
423 7 8
424 0 1
424 0 2
424 1 3
424 2 4
424 3 5
424 4 6
424 5 7
424 6 8
424 7 9
424 8 10
424 9 11
424 10 12
424 11 13
424 12 14
424 12 15
424 13 16
424 14 17
424 15 18
424 16 19
424 17 20
424 18 21
424 20 22
424 21 23
424 22 24
424 24 25
424 25 26
424 26 27
424 27 28
424 28 29
424 28 30
424 29 31
424 30 32
424 32 33
424 33 34
424 34 35
424 35 36
424 36 37
424 37 38
424 38 39
424 39 40
424 40 41
424 41 42
424 42 43
424 43 44
424 44 45
424 45 46
424 46 47
424 47 48
424 48 49
424 49 50
424 50 51
424 51 52
424 52 53
424 53 54
424 54 55
424 55 56
424 56 57
424 57 58
424 58 59
424 59 60
424 60 61
424 61 62
424 62 63
424 63 64
424 64 65
424 65 66
424 66 67
424 67 68
424 67 69
424 68 70
424 69 71
424 70 72
424 71 73
424 72 74
424 72 75
424 72 76
424 73 77
424 74 78
424 75 79
424 76 80
424 77 81
424 78 82
424 79 83
424 80 84
424 82 85
424 82 86
424 83 87
424 84 88
424 85 89
424 85 90
424 87 91
424 88 92
424 89 93
424 90 94
424 91 95
424 93 96
424 94 97
424 95 98
424 96 99
424 98 100
424 99 101
424 100 102
424 101 103
424 102 104
424 103 105
425 0 1
425 0 2
425 1 3
425 2 4
425 3 5
425 4 6
425 5 7
425 6 8
425 7 9
425 8 10
425 9 11
425 10 12
425 11 13
425 12 14
425 13 15
425 13 16
425 13 17
425 14 18
425 14 19
425 15 20
425 16 21
425 17 22
425 18 23
425 20 24
425 21 25
425 22 26
425 23 27
425 24 28
425 25 29
425 26 30
425 27 31
425 28 32
425 30 33
425 31 34
425 32 35
425 33 36
425 34 37
425 35 38
425 36 39
425 37 40
425 38 41
425 39 42
425 40 43
425 41 44
425 41 45
425 42 46
426 0 1
426 0 2
426 1 3
426 1 4
426 2 5
426 3 6
426 4 7
426 6 8
426 6 9
427 0 1
427 0 2
427 1 3
427 3 4
427 4 5
427 5 6
427 5 7
427 6 8
427 6 9
427 7 10
427 8 11
427 9 12
427 10 13
427 11 14
427 12 15
427 13 16
427 14 17
427 15 18
427 16 19
427 17 20
427 18 21
427 19 22
427 20 23
427 22 24
427 23 25
427 24 26
427 25 27
427 25 28
427 25 29
427 26 29
427 27 30
427 27 31
427 28 32
427 29 33
427 29 34
427 31 35
427 33 36
427 34 37
427 35 38
427 36 39
427 39 40
427 39 41
427 40 42
427 41 43
427 42 44
427 42 45
427 43 46
427 44 47
427 45 48
427 46 49
427 47 50
427 48 51
427 49 52
427 50 53
427 51 54
427 52 55
427 53 56
427 53 57
427 54 58
427 55 59
427 56 60
427 59 61
427 60 62
427 61 63
427 62 64
427 64 65
427 65 66
427 66 67
427 67 68
427 68 69
427 69 70
427 70 71
427 71 72
427 72 73
427 73 74
427 74 75
427 75 76
427 76 77
427 77 78
427 78 79
428 0 1
428 0 2
428 1 3
428 2 4
428 3 5
428 5 6
428 6 7
428 7 8
428 7 9
428 8 10
428 8 11
428 9 12
428 10 13
428 10 14
428 11 15
428 12 16
428 13 17
428 14 18
428 14 19
428 15 20
428 16 21
428 17 22
428 18 23
428 19 24
428 20 21
428 20 25
428 21 26
428 22 27
428 22 28
428 24 29
428 24 30
428 25 31
428 26 32
428 27 33
428 28 34
428 29 31
428 29 35
428 32 36
428 32 37
428 33 38
428 34 39
428 35 40
428 36 41
428 37 42
428 38 43
428 39 44
428 40 45
428 40 46
428 41 47
428 42 48
428 43 45
428 45 49
428 46 50
428 47 51
428 48 52
428 49 53
428 50 54
428 50 55
428 51 56
428 51 57
428 51 58
428 52 59
428 53 60
428 53 61
428 54 62
428 55 63
428 56 64
428 56 65
428 57 66
428 58 67
428 59 66
428 59 68
428 60 69
428 66 70
428 67 71
428 68 72
428 69 73
428 70 74
428 71 74
428 72 75
429 0 1
429 1 2
429 1 3
429 2 4
429 3 5
429 4 6
429 5 7
429 6 8
429 6 9
429 6 10
429 6 11
429 7 12
429 8 13
429 9 14
429 10 15
429 11 16
429 12 17
429 13 18
429 14 19
429 15 16
429 15 20
429 17 21
429 18 22
429 19 23
429 20 24
429 21 25
429 22 26
429 23 27
429 24 28
429 25 29
429 27 30
429 28 31
429 29 32
429 30 33
429 31 34
429 32 35
429 33 36
429 34 37
429 34 38
429 35 39
429 36 40
429 37 41
429 38 42
429 39 43
429 40 44
429 44 45
429 45 46
429 46 47
429 47 48
429 48 49
429 49 50
429 50 51
429 51 52
429 52 53
429 53 54
429 54 55
429 55 56
429 56 57
429 57 58
429 57 59
429 57 60
429 58 61
429 60 62
429 61 63
429 63 64
430 0 1
430 0 2
430 1 3
430 2 4
430 2 5
430 3 6
430 4 7
430 4 8
430 5 9
430 6 10
430 7 11
430 8 10
430 9 12
430 10 13
430 11 14
430 12 15
430 14 16
430 15 17
430 16 18
430 17 19
430 18 20
430 19 21
430 20 22
430 21 23
430 22 24
430 23 25
430 23 26
430 23 27
430 24 28
430 26 29
430 27 30
430 28 31
430 29 32
430 30 33
430 32 34
430 32 35
430 33 36
430 34 37
430 34 38
430 35 39
430 35 40
430 36 41
430 37 42
430 41 43
430 43 44
430 44 45
430 45 46
430 46 47
430 47 48
430 48 49
430 49 50
430 50 51
430 50 52
430 51 53
431 0 1
431 0 2
431 1 3
431 2 4
431 2 5
431 2 6
431 3 7
431 4 8
431 4 9
431 5 10
431 6 11
431 7 12
431 7 13
431 7 14
431 7 15
431 8 16
431 8 17
431 9 18
431 10 17
431 10 19
431 11 20
431 13 21
431 14 22
431 15 23
431 15 24
431 16 25
431 16 26
431 17 27
431 18 28
431 18 29
431 18 30
431 19 28
431 19 31
431 20 32
431 21 33
431 22 34
431 24 25
431 24 35
431 25 36
431 26 37
431 27 38
431 28 39
431 28 40
431 29 41
431 29 42
431 30 44
431 31 43
431 31 45
431 32 43
431 33 46
431 33 47
431 35 48
431 36 49
431 36 50
431 38 42
431 38 51
431 39 52
431 40 53
431 40 54
431 41 55
431 44 56
431 44 57
431 46 56
431 49 58
431 51 59
431 52 60
431 52 61
431 52 62
431 53 63
431 54 64
432 0 1
432 0 2
432 1 3
432 2 4
432 2 5
432 3 6
432 4 7
432 6 8
432 7 9
432 8 10
432 10 11
432 11 12
432 12 13
432 13 14
432 14 15
432 14 16
432 15 17
432 16 18
432 17 19
432 18 20
432 18 21
432 19 22
432 20 23
432 21 24
432 22 25
432 23 26
433 0 1
433 0 2
433 1 3
433 1 4
433 2 5
433 3 6
433 4 7
433 5 6
433 5 8
433 6 9
433 7 10
433 8 11
433 9 12
433 9 13
433 10 14
433 10 15
433 11 16
433 12 17
433 13 18
433 13 19
433 14 20
433 15 21
433 17 22
433 20 23
433 21 24
433 22 25
433 23 26
433 25 27
433 25 28
433 26 29
433 27 30
433 28 31
433 28 32
433 29 33
433 29 34
433 30 35
433 31 36
433 32 37
433 33 38
433 34 39
433 35 40
433 36 41
433 36 42
433 38 41
433 38 43
433 39 44
433 40 43
433 40 45
433 41 46
433 42 47
433 43 48
433 44 49
433 48 50
433 49 51
433 50 52
433 52 53
433 53 54
433 54 55
433 55 56
433 56 57
433 57 58
433 58 59
433 59 60
433 60 61
433 61 62
433 62 63
433 63 64
433 64 65
433 65 66
433 66 67
433 67 68
433 68 69
433 69 70
433 70 71
433 71 72
433 72 73
433 73 74
433 74 75
433 75 76
433 76 77
433 77 78
434 0 1
434 0 2
434 1 3
434 2 4
434 2 5
434 3 6
434 4 7
434 5 8
434 6 9
434 7 10
434 8 11
434 8 12
434 9 13
434 10 14
434 11 15
434 12 16
434 13 17
434 14 18
434 15 19
434 16 20
434 17 21
434 17 22
434 19 23
434 20 24
434 21 25
434 22 26
434 23 27
434 24 28
434 26 29
434 27 30
434 28 31
434 29 32
434 30 33
434 31 34
434 33 35
434 33 36
434 34 37
434 35 38
434 36 39
434 37 40
434 38 41
434 41 42
434 42 43
434 43 44
434 44 45
434 45 46
434 46 47
434 47 48
434 48 49
434 49 50
434 50 51
434 51 52
434 52 53
434 53 54
434 54 55
434 54 56
434 55 57
434 56 58
434 57 59
434 58 60
434 59 61
434 60 62
434 61 63
434 62 64
434 63 65
434 65 66
434 65 67
434 66 68
434 67 69
434 68 70
434 69 71
434 70 72
434 72 73
434 73 74
434 74 75
434 75 76
434 76 77
434 77 78
434 78 79
434 79 80
434 80 81
434 81 82
434 82 83
434 83 84
434 84 85
434 85 86
434 86 87
434 87 88
434 88 89
435 0 1
435 1 2
435 1 3
435 2 4
435 3 5
435 4 6
435 5 7
435 6 8
435 7 9
435 8 10
435 9 11
435 10 12
435 11 13
435 12 14
435 13 15
435 13 16
435 14 17
435 15 17
435 15 18
435 16 19
435 17 20
435 18 21
435 19 22
435 20 23
435 21 24
435 22 25
435 23 26
435 24 27
435 25 28
435 25 29
435 26 30
435 27 31
435 27 32
435 28 30
435 28 33
435 29 34
435 30 35
435 31 36
435 32 33
435 32 37
435 33 38
435 37 39
435 37 40
435 38 41
435 39 42
435 40 43
436 0 1
436 0 2
436 1 3
436 2 4
436 3 5
436 3 6
436 4 7
436 5 8
436 5 9
436 6 10
436 7 11
436 7 12
436 8 13
436 9 14
436 10 11
436 10 15
436 11 13
436 14 16
436 15 17
436 16 18
436 16 19
436 17 20
436 17 21
436 18 22
437 0 1
437 0 2
437 1 3
437 2 4
437 3 5
437 4 6
437 4 7
437 5 8
437 6 9
437 7 10
437 8 11
437 8 12
437 9 13
437 10 14
437 11 12
437 11 15
437 13 16
437 14 17
437 15 18
437 16 19
437 17 20
437 17 21
437 18 22
437 19 23
437 21 24
437 22 25
437 22 26
437 23 27
437 24 28
437 25 29
437 26 30
437 26 31
437 27 32
437 28 33
437 29 34
437 30 35
437 31 36
437 31 37
437 31 38
437 31 39
437 31 40
437 33 41
437 34 42
437 34 43
437 35 44
437 36 45
437 38 46
437 39 47
437 40 48
437 41 49
437 41 50
437 42 51
437 44 48
437 44 52
437 44 53
437 45 54
437 46 55
437 47 56
437 48 57
437 49 58
437 50 59
437 51 60
437 52 61
437 53 62
437 53 63
437 54 64
437 54 65
437 55 66
437 55 67
437 56 68
437 57 69
437 58 70
437 60 71
437 61 72
437 63 73
437 64 74
437 65 67
437 65 75
437 66 76
437 67 77
437 72 75
437 76 78
438 0 1
438 0 2
438 1 3
438 2 4
438 3 5
438 4 6
438 5 7
438 6 8
438 7 9
438 7 10
438 9 11
438 10 12
438 11 13
438 12 14
438 13 15
438 14 16
438 15 17
438 16 18
438 17 19
438 18 20
438 19 21
438 20 22
438 21 23
438 22 24
438 22 25
438 23 26
438 23 27
438 23 28
438 25 29
438 26 30
438 26 31
438 28 32
438 29 33
438 30 34
438 31 35
438 32 36
438 33 37
438 35 38
438 36 39
438 37 40
438 38 41
439 0 1
439 0 2
439 1 3
439 2 4
439 2 5
439 3 6
439 4 7
439 6 8
439 7 9
439 8 10
439 9 11
439 10 12
439 12 13
439 13 14
439 14 15
439 15 16
439 15 17
439 15 18
439 16 19
439 17 20
439 18 21
439 19 22
439 20 23
439 21 24
439 22 25
439 23 26
439 24 27
439 25 28
439 27 29
439 28 30
439 29 31
439 30 32
439 31 33
439 31 34
439 32 35
439 33 36
439 34 37
439 35 38
439 37 39
439 38 40
439 39 41
439 40 42
439 41 43
439 42 44
439 43 45
439 44 46
439 45 47
439 46 48
439 47 49
439 47 50
439 48 51
439 49 52
439 50 53
439 51 54
439 51 55
439 51 56
439 53 56
439 53 57
439 54 58
439 55 59
439 56 60
439 57 61
439 57 62
439 61 63
439 62 64
439 63 65
439 64 66
439 65 67
439 66 68
439 67 69
439 68 70
439 69 71
439 71 72
439 72 73
439 73 74
439 74 75
439 75 76
439 76 77
439 77 78
439 78 79
439 79 80
439 80 81
439 81 82
439 82 83
439 83 84
439 84 85
439 85 86
439 86 87
439 87 88
439 88 89
439 89 90
439 90 91
439 91 92
439 92 93
439 93 94
439 94 95
439 95 96
439 96 97
439 97 98
439 98 99
440 0 1
440 0 2
440 1 3
440 2 4
440 2 5
440 3 6
440 3 7
440 3 8
440 4 9
440 5 10
440 7 8
440 7 11
440 8 9
440 8 12
440 9 13
440 10 14
440 11 15
440 12 16
440 13 17
440 14 18
440 15 18
440 15 19
440 16 20
440 17 21
440 18 22
440 19 23
440 20 24
440 21 25
440 22 26
440 23 27
440 24 28
440 26 29
440 26 30
441 0 1
441 0 2
441 1 3
441 1 4
441 2 5
441 3 6
441 3 7
441 4 8
441 5 9
441 6 10
441 7 11
441 8 12
441 9 13
441 10 14
441 10 15
441 12 16
441 13 17
441 14 18
441 15 19
441 16 20
441 17 21
441 18 22
441 20 23
441 21 24
441 22 25
441 24 26
441 25 27
441 26 28
441 27 29
441 28 30
441 29 31
441 30 32
441 31 33
441 32 34
441 33 35
441 34 36
441 35 37
441 36 38
442 0 1
442 0 2
442 1 3
442 2 4
442 3 5
442 4 6
442 5 7
442 5 8
442 5 9
442 6 10
442 7 11
442 7 12
442 8 13
442 9 14
442 10 15
442 10 16
442 11 17
442 12 18
442 14 19
442 15 20
442 17 21
442 20 22
442 21 23
442 21 24
442 22 25
442 23 26
442 23 27
442 24 28
442 25 29
442 26 30
442 27 31
442 28 32
442 29 33
442 31 34
442 32 35
442 34 36
442 34 37
442 36 38
442 37 39
442 38 40
442 39 41
442 40 42
442 41 43
442 42 44
442 43 45
442 44 46
442 45 47
442 46 48
442 47 49
442 48 50
442 49 51
442 50 52
442 51 53
442 52 54
442 53 55
442 54 56
442 55 57
442 56 58
442 56 59
442 57 60
442 58 61
442 59 62
442 60 63
442 60 64
442 61 65
442 62 66
442 63 67
442 67 68
442 68 69
442 69 70
442 70 71
442 71 72
442 72 73
442 73 74
442 74 75
442 75 76
442 76 77
442 77 78
442 78 79
443 0 1
443 0 2
443 1 3
443 2 4
443 3 5
443 4 6
443 5 7
443 6 8
443 7 9
443 8 10
443 8 11
443 8 12
443 9 13
443 10 14
443 11 15
443 12 16
443 13 17
443 14 18
443 14 19
443 15 20
443 16 21
443 17 22
443 18 23
443 19 24
443 20 25
443 21 26
443 22 27
443 23 28
443 23 29
443 24 30
443 24 31
443 26 32
443 27 33
443 28 34
443 29 35
443 30 36
443 30 37
443 31 38
443 32 39
443 33 40
443 34 41
443 35 41
443 35 42
443 36 43
443 37 44
443 39 45
443 40 46
443 41 47
443 42 48
443 42 49
443 44 50
443 45 51
443 46 52
443 47 53
443 48 54
443 49 55
443 50 56
443 51 56
443 51 57
443 51 58
443 52 59
443 53 60
443 54 61
443 55 62
443 56 63
443 57 64
443 59 65
443 60 66
443 61 67
443 62 68
443 63 65
443 63 69
443 64 70
443 65 71
443 65 72
443 66 73
443 67 74
443 68 75
443 69 76
443 70 77
443 71 78
443 72 79
443 72 80
443 79 81
444 0 1
444 0 2
444 1 3
444 1 4
444 1 5
444 2 6
445 0 1
445 0 2
445 1 3
445 2 4
445 3 5
445 4 6
445 5 7
445 6 8
445 7 9
445 8 10
445 9 11
445 10 12
445 11 13
445 12 14
445 13 15
445 14 16
445 15 17
445 16 18
445 16 19
445 16 20
445 16 21
445 17 22
445 18 23
445 19 24
445 20 25
445 21 26
445 22 27
445 23 28
445 24 29
445 25 30
445 26 31
445 28 32
445 29 33
445 30 31
445 30 34
445 31 34
445 32 35
445 33 36
445 34 37
445 37 38
445 37 39
445 38 40
445 39 41
445 39 42
445 40 43
445 40 44
445 41 45
445 42 46
445 43 47
445 44 48
445 45 49
445 46 49
446 0 1
446 0 2
446 0 3
446 1 4
446 1 5
446 1 6
446 2 7
446 2 8
446 3 6
446 3 9
446 4 10
446 5 11
446 6 12
446 7 13
446 7 14
446 8 15
446 9 16
446 10 17
446 11 18
446 12 19
446 13 20
446 14 21
446 14 22
446 15 23
446 16 24
446 17 25
446 17 26
446 18 27
446 19 28
446 20 29
446 21 30
446 22 29
446 23 31
446 24 30
446 24 32
446 25 33
446 26 34
446 27 35
446 28 36
446 29 37
446 33 35
447 0 1
447 0 2
447 1 3
447 2 4
447 3 5
447 4 6
447 5 7
447 5 8
447 6 9
447 7 10
447 8 11
447 9 12
447 10 13
447 11 12
447 11 14
447 13 15
447 14 16
447 15 17
447 16 18
447 17 19
447 18 20
447 19 21
447 19 22
447 20 23
447 21 24
447 22 25
447 23 26
447 23 27
447 24 28
447 26 29
447 27 30
447 28 31
447 29 32
447 30 33
447 31 34
447 31 35
447 32 36
447 33 37
447 33 38
447 34 39
447 35 37
447 35 40
447 36 41
447 38 42
447 39 43
447 40 44
447 40 45
447 41 46
447 42 47
447 43 48
447 43 49
447 44 50
447 44 51
447 45 52
447 46 53
447 47 50
447 47 54
447 48 55
447 49 56
447 51 57
447 51 58
447 52 59
447 53 60
447 54 61
447 55 62
447 56 63
447 57 64
447 57 65
447 58 66
447 59 67
447 60 68
447 61 69
447 62 70
447 64 70
447 64 71
447 65 72
447 66 73
447 67 74
447 68 75
447 68 76
447 69 77
447 69 78
447 70 79
447 71 80
447 71 81
447 80 81
448 0 1
448 0 2
448 1 3
448 1 4
448 2 5
448 3 6
448 3 7
448 4 5
448 4 8
448 4 9
448 6 9
448 6 10
448 7 11
448 8 12
448 9 13
448 10 14
448 11 15
448 11 16
448 12 17
448 13 18
448 14 19
448 15 20
448 16 21
448 17 22
448 17 23
448 18 24
448 19 25
448 22 26
448 23 27
448 23 28
448 24 29
448 25 30
448 26 31
448 26 32
448 27 33
448 27 34
448 28 35
448 29 36
448 29 37
448 30 38
448 31 39
448 31 40
448 32 40
448 32 41
448 33 35
448 33 42
448 34 43
448 34 44
448 35 45
448 36 46
448 37 47
448 37 48
448 37 49
448 38 50
448 40 51
448 41 52
448 42 53
448 43 54
448 44 49
448 44 55
448 45 56
448 46 57
448 52 58
448 53 59
448 54 60
448 55 61
448 56 62
448 57 63
448 58 64
448 61 65
448 62 66
448 63 67
448 64 68
448 65 69
448 65 70
448 66 71
448 67 72
448 68 73
448 69 74
448 70 75
449 0 1
449 0 2
449 1 3
449 2 4
449 3 5
449 4 6
449 4 7
449 5 8
449 5 9
449 6 10
449 7 11
449 8 12
449 9 13
449 10 14
449 11 15
449 11 16
449 16 17
449 16 18
449 17 19
449 17 20
449 18 21
449 18 22
449 19 23
449 20 24
449 21 25
449 22 26
449 23 27
449 24 28
449 25 29
449 26 30
449 27 31
449 28 32
449 28 33
449 29 34
449 30 31
449 30 35
449 31 36
449 32 37
449 33 38
449 34 39
449 35 40
449 36 41
449 37 38
449 37 42
449 38 43
449 39 44
449 40 45
449 40 46
449 41 47
449 42 48
449 43 49
449 43 50
449 44 51
449 45 52
449 46 53
449 47 54
449 48 55
449 48 64
449 49 56
449 52 57
449 52 58
449 53 59
449 53 65
449 54 60
449 54 66
449 54 67
449 55 61
449 55 62
449 56 63
449 56 68
449 57 64
449 57 69
449 57 70
449 58 69
449 59 71
449 61 72
449 62 73
449 65 74
449 66 75
449 67 76
449 69 77
449 70 78
449 71 79
449 72 80
449 73 76
449 73 81
449 74 82
449 75 83
449 76 84
449 76 85
449 77 86
449 84 87
450 0 1
450 0 2
450 0 3
450 1 4
450 2 5
450 3 6
450 4 7
450 5 8
450 6 9
450 7 10
450 8 11
450 9 12
450 10 13
450 11 14
450 12 15
450 13 16
450 15 17
450 16 18
450 17 19
450 18 20
450 19 21
450 20 22
450 21 23
450 22 24
450 23 25
450 24 26
450 25 27
450 26 28
450 27 29
450 28 30
450 29 31
450 30 32
450 31 33
450 32 34
450 33 35
450 34 36
450 35 37
450 35 38
450 35 39
450 36 40
450 36 41
450 37 42
450 38 42
450 39 41
451 0 1
451 0 2
451 1 3
451 3 4
451 4 5
451 5 6
451 6 7
451 7 8
451 8 9
451 8 10
451 9 11
451 10 12
451 11 13
451 12 14
451 13 15
451 14 16
451 15 17
451 15 18
451 16 19
451 19 20
451 19 21
451 19 22
451 20 23
451 20 24
451 21 25
451 22 26
451 24 27
451 25 28
451 26 29
451 27 30
451 28 31
452 0 1
452 0 2
452 1 3
452 2 4
452 2 5
452 3 6
452 4 7
452 5 8
452 6 9
452 7 10
452 8 11
452 8 12
452 9 13
452 9 14
452 10 15
452 11 13
452 11 16
452 12 17
452 12 18
452 13 16
452 13 19
452 14 20
452 15 21
452 15 22
452 16 23
452 17 24
452 18 25
452 19 26
452 20 27
452 21 28
452 22 29
452 23 30
452 24 31
452 25 32
452 28 33
452 29 34
452 30 31
452 30 35
452 31 36
452 32 37
452 33 38
452 35 39
452 36 40
452 36 41
452 37 42
452 37 43
452 38 44
452 39 45
452 40 46
452 41 47
452 43 48
452 44 49
452 45 50
452 46 51
452 46 52
452 47 53
452 48 54
452 49 55
452 50 56
452 50 57
452 51 58
452 52 59
452 54 60
452 55 61
452 57 62
452 58 63
452 59 64
452 60 65
452 61 66
452 61 67
452 61 68
452 62 69
452 63 70
452 64 71
452 65 72
452 65 73
452 66 74
452 67 75
452 69 76
452 70 77
452 70 78
452 71 79
452 72 80
452 73 81
452 74 82
453 0 1
453 0 2
453 1 3
453 2 4
453 3 5
453 4 6
453 5 7
453 6 8
453 6 9
453 7 10
453 8 11
453 9 12
453 10 13
453 10 14
453 11 15
453 12 16
453 13 16
453 13 17
453 14 18
453 15 19
453 16 20
453 17 21
453 18 22
453 19 23
453 20 24
453 20 25
453 21 26
453 22 27
453 22 28
453 23 29
453 23 30
453 24 31
453 25 32
453 26 33
453 27 34
453 28 35
453 30 36
453 31 37
453 32 38
453 33 39
453 34 40
453 35 41
453 37 42
453 39 43
453 40 44
453 41 45
453 42 46
453 43 47
453 45 48
453 46 49
453 47 48
453 48 50
453 49 51
453 50 52
453 51 53
453 52 54
453 53 55
453 54 56
453 55 57
453 56 58
453 57 59
453 59 60
454 0 1
454 0 2
454 1 3
454 2 4
454 3 4
454 3 5
454 4 6
454 5 7
454 6 8
454 7 9
454 7 10
454 9 11
454 9 12
454 10 13
454 11 14
454 12 14
454 12 15
454 13 16
454 14 17
454 15 18
454 16 19
454 17 20
454 18 21
454 19 22
454 20 23
454 21 24
454 22 25
454 24 26
454 25 27
454 26 28
454 27 29
454 28 30
454 29 31
454 30 32
454 31 33
454 32 34
454 33 35
454 34 36
454 35 37
454 36 38
454 37 39
454 37 40
454 38 41
454 39 41
454 40 42
454 41 43
454 42 44
454 43 45
454 44 46
454 45 47
454 45 48
454 46 49
454 47 50
454 48 51
454 49 52
454 50 53
454 51 54
454 52 55
454 52 56
454 53 57
454 54 58
454 55 59
454 56 60
454 57 61
455 0 1
455 0 2
455 1 3
455 2 4
455 4 5
455 5 6
455 6 7
455 6 8
455 7 9
455 8 10
455 8 11
455 9 12
455 10 13
455 11 14
455 12 15
455 12 16
455 13 17
455 14 18
456 0 1
456 0 2
456 0 3
456 0 4
456 1 5
456 2 6
456 3 7
456 3 8
456 4 9
456 5 10
456 6 11
456 6 12
456 7 13
456 8 14
456 9 15
456 10 16
456 11 17
456 12 18
456 13 19
456 15 20
456 16 20
456 17 21
456 18 22
456 19 23
457 0 1
457 1 2
457 2 3
457 3 4
457 4 5
457 4 6
457 5 7
457 6 8
457 7 9
457 8 10
457 9 11
457 10 12
457 11 13
457 12 14
457 12 15
457 12 16
457 13 17
457 14 18
457 15 19
457 15 20
457 16 21
457 17 22
457 18 23
457 18 24
457 21 22
458 0 1
458 0 2
458 1 3
458 2 4
458 3 5
458 3 6
458 4 7
458 5 8
458 6 9
458 7 10
458 10 11
458 11 12
458 11 13
458 11 14
458 11 15
458 13 16
458 14 17
458 15 18
458 16 19
458 17 20
458 17 21
458 18 22
458 19 23
459 0 1
459 0 2
459 0 3
459 1 4
459 3 5
459 4 6
459 5 7
459 6 8
459 7 9
459 8 10
459 9 11
459 10 12
459 11 13
459 12 14
459 13 15
459 13 16
459 13 18
459 14 17
459 14 19
459 15 20
459 16 21
459 17 18
459 17 22
459 18 23
459 19 24
459 21 25
459 22 26
459 22 27
459 23 28
459 24 29
459 25 28
459 25 30
459 26 31
459 27 32
459 28 33
459 28 34
459 29 35
459 30 36
459 31 37
459 31 38
459 32 39
459 33 40
459 33 41
459 34 42
459 34 43
459 35 44
459 35 45
459 36 46
459 36 47
459 37 48
459 39 49
459 39 50
459 39 51
459 40 52
459 42 53
459 43 54
459 44 55
459 45 56
459 46 57
459 47 58
459 48 53
459 55 58
460 0 1
460 0 2
460 0 3
460 1 4
460 1 5
460 2 6
460 3 7
460 3 8
460 4 8
460 4 9
460 5 10
460 6 11
460 8 9
460 9 12
460 10 13
460 11 14
460 11 15
460 12 15
460 14 16
460 14 17
460 15 18
460 16 19
460 17 20
460 19 21
460 20 22
460 21 23
460 23 24
460 24 25
460 25 26
460 26 27
460 27 28
460 28 29
460 29 30
460 30 31
460 31 32
460 32 33
460 33 34
460 34 35
460 35 36
460 36 37
460 37 38
460 38 39
460 39 40
460 40 41
460 41 42
460 42 43
460 43 44
460 44 45
460 45 46
460 46 47
460 47 48
460 48 49
460 49 50
460 50 51
460 51 52
460 52 53
460 53 54
460 54 55
460 55 56
460 56 57
460 57 58
460 58 59
460 59 60
460 60 61
460 61 62
460 62 63
460 63 64
460 64 65
460 64 66
460 64 67
460 66 68
460 67 69
460 68 70
460 69 71
460 70 72
460 71 73
460 72 74
460 73 75
460 74 76
460 75 77
460 76 78
460 77 79
460 78 80
460 79 81
460 80 82
460 81 83
460 82 84
460 82 85
460 83 86
460 84 87
460 85 88
460 87 89
460 88 90
460 89 91
460 90 92
460 91 93
460 91 94
460 92 95
460 93 96
460 93 97
460 94 98
460 95 99
460 97 100
460 100 101
460 101 102
460 102 103
460 103 104
460 104 105
460 105 106
460 106 107
460 106 108
460 107 109
460 108 110
460 108 111
460 108 112
460 109 113
460 110 114
460 111 115
460 112 116
460 114 117
460 115 118
460 116 119
460 117 120
460 119 121
460 120 122
460 121 123
460 123 124
461 0 1
461 0 2
461 1 3
461 2 4
461 3 5
461 4 6
461 5 7
461 6 8
461 7 9
461 8 10
461 9 11
461 11 12
461 12 13
461 13 14
461 14 15
461 15 16
461 16 17
461 17 18
461 18 19
461 19 20
461 20 21
461 21 22
461 22 23
461 22 24
461 23 25
461 23 26
461 24 27
461 25 27
461 25 28
461 26 29
461 28 30
461 29 31
461 30 32
461 31 33
461 32 34
461 33 35
461 34 36
461 35 37
461 36 38
461 37 39
461 38 40
461 39 41
461 40 42
461 41 43
461 43 44
461 44 45
461 45 46
461 45 47
461 45 48
461 45 49
461 45 50
461 46 51
461 46 52
461 47 53
462 0 1
462 0 2
462 1 3
462 2 4
462 3 5
462 5 6
462 6 7
462 6 8
462 7 9
462 9 10
462 10 11
462 11 12
462 11 13
462 12 14
462 13 15
462 14 16
462 15 17
462 16 18
462 17 19
462 18 20
462 18 21
462 19 22
462 19 23
462 20 24
462 21 25
462 22 26
462 22 27
462 23 28
462 24 29
462 25 30
462 26 31
462 28 32
462 29 33
462 31 34
462 31 35
462 32 36
462 33 37
462 33 38
462 34 39
462 35 40
462 36 39
462 36 41
462 38 42
462 38 43
462 39 44
462 39 45
462 42 46
462 44 47
462 45 48
462 45 49
462 46 50
462 47 51
462 48 52
462 49 53
462 50 54
462 51 55
462 52 56
462 53 57
462 57 58
462 58 59
462 59 60
462 60 61
462 61 62
462 61 63
462 62 64
462 63 65
462 64 66
462 64 67
462 65 68
462 66 69
462 67 70
462 68 71
462 69 72
462 70 73
462 71 74
462 71 75
462 72 76
462 73 77
462 74 78
462 75 79
462 76 80
462 77 81
462 78 82
462 79 83
462 80 84
462 81 85
462 82 86
462 83 87
462 84 88
462 85 89
462 86 90
462 87 91
462 88 92
462 89 93
462 90 94
462 92 95
462 93 96
463 0 1
463 0 2
463 1 3
463 1 4
463 2 5
463 3 6
463 4 7
463 5 8
463 6 9
463 6 10
463 7 11
463 8 12
463 9 13
463 10 14
463 10 15
463 11 16
463 12 17
463 14 18
463 15 19
463 16 20
463 17 21
463 18 22
463 18 23
463 19 24
463 20 25
463 21 26
463 21 27
463 22 28
463 23 29
463 24 30
463 25 31
463 26 32
463 27 33
463 28 34
463 30 35
463 32 36
463 33 37
463 34 38
463 35 39
463 36 40
463 37 41
463 41 42
463 42 43
463 43 44
463 43 45
463 44 46
463 45 47
463 46 48
463 47 49
463 48 50
463 49 51
463 50 52
463 52 53
463 53 54
463 54 55
463 55 56
463 56 57
464 0 1
464 0 2
464 1 3
464 2 4
464 3 5
464 3 6
464 4 7
464 5 8
464 8 9
464 8 10
464 9 11
464 10 12
464 11 13
464 12 14
464 13 15
464 14 16
464 15 17
464 16 18
464 16 19
464 17 20
464 18 21
464 19 22
464 20 23
464 21 24
464 21 25
464 22 26
464 23 24
464 23 27
464 24 28
464 25 29
464 26 30
464 27 31
464 28 32
464 29 33
464 30 34
464 31 35
464 32 36
464 33 37
464 34 38
464 35 39
464 36 40
464 37 41
464 39 42
464 40 43
464 41 44
464 42 45
464 43 46
464 44 47
464 45 48
464 46 49
464 47 50
464 47 51
464 49 52
464 50 53
464 51 54
464 52 55
464 53 56
464 54 57
464 55 58
464 55 59
464 56 60
464 57 61
464 58 62
464 60 63
464 61 64
464 62 65
464 62 66
464 63 67
464 65 68
465 0 1
465 0 2
465 0 3
465 0 4
465 0 5
465 1 6
465 2 7
465 4 8
465 5 9
465 6 10
465 7 11
465 8 12
465 9 13
465 10 14
465 11 15
465 12 16
465 13 17
465 14 18
465 15 19
465 17 20
465 18 21
465 19 22
465 20 23
465 21 24
465 22 25
465 22 26
465 23 27
465 24 28
465 25 29
465 27 30
465 28 31
465 28 32
465 29 33
465 30 34
465 31 35
465 32 36
465 32 37
465 33 38
465 37 39
465 38 40
465 39 41
465 40 42
465 41 43
465 43 44
466 0 1
466 0 2
466 1 3
466 1 4
466 2 5
466 3 6
466 3 7
466 3 8
466 4 9
466 5 10
466 6 11
466 7 12
466 8 13
466 8 14
466 9 15
466 10 16
466 11 17
466 13 18
466 13 19
466 14 20
466 16 21
466 16 22
466 18 23
466 19 24
466 20 25
466 21 26
466 22 27
466 23 28
466 24 28
466 24 29
466 29 30
466 30 31
466 31 32
466 32 33
466 33 34
466 34 35
466 35 36
466 36 37
466 37 38
466 38 39
466 39 40
466 40 41
466 40 42
466 41 43
466 42 44
466 43 45
466 44 46
466 45 47
466 46 48
466 47 49
466 48 50
466 49 51
466 50 52
466 51 53
466 52 54
466 53 55
466 54 56
466 55 57
466 56 58
466 57 59
466 58 60
466 59 61
466 59 62
466 60 63
466 61 64
466 62 65
466 62 66
466 63 67
466 64 68
466 65 69
466 66 68
466 66 70
466 69 71
466 70 72
466 71 73
466 73 74
466 74 75
466 75 76
466 76 77
466 77 78
466 78 79
466 79 80
466 80 81
467 0 1
467 0 2
467 0 3
467 0 4
467 1 5
467 1 6
467 3 6
467 3 7
467 4 8
467 4 9
467 4 10
467 5 11
467 6 12
467 7 13
467 8 14
467 9 15
467 9 16
467 10 17
467 11 18
467 12 19
467 13 20
467 14 21
467 18 22
467 19 23
467 20 24
467 21 25
467 22 26
467 23 27
467 24 28
467 27 29
467 28 30
467 29 31
467 30 32
467 31 33
467 32 34
467 33 35
467 34 36
467 35 37
467 36 38
467 37 39
467 38 40
468 0 1
468 0 2
468 1 3
468 1 4
468 2 5
468 3 6
468 4 7
468 5 8
468 6 9
468 7 10
468 8 11
468 9 12
468 10 13
468 11 14
468 12 15
468 13 16
468 14 17
468 15 18
468 16 19
468 17 20
468 17 21
468 18 22
468 19 23
468 20 24
468 24 25
468 25 26
468 25 27
468 26 28
468 27 29
468 28 30
468 29 31
468 30 32
468 31 33
468 32 34
468 33 35
468 34 36
468 35 37
468 35 38
468 36 39
468 37 40
468 38 41
468 39 42
468 39 43
468 39 44
468 40 45
468 40 46
468 40 47
468 42 48
468 42 49
468 43 50
468 44 50
468 44 51
468 45 52
468 45 53
468 46 54
468 47 51
468 47 55
468 50 56
468 51 56
468 51 57
468 52 58
468 53 59
468 54 60
468 55 61
468 56 62
468 57 63
468 58 64
468 59 65
468 60 66
468 61 67
468 62 68
468 63 69
468 64 70
468 65 71
468 65 72
468 70 73
468 73 74
469 0 1
469 0 2
469 0 3
469 1 4
469 2 5
469 3 6
469 4 7
469 5 8
469 6 9
469 7 10
469 8 11
469 9 12
469 10 13
469 11 14
469 12 15
469 13 16
469 14 17
469 15 18
469 16 19
469 17 20
469 18 21
469 19 22
469 19 23
469 20 24
469 21 25
469 22 26
469 23 27
469 24 28
469 25 27
469 25 29
469 26 30
469 27 31
469 28 32
469 29 33
469 31 34
469 32 35
469 33 36
469 34 37
469 35 38
469 36 39
469 37 40
469 38 41
469 39 42
469 40 43
469 41 44
469 42 45
469 42 46
469 44 47
469 45 48
469 46 49
469 47 50
469 48 51
469 49 52
469 50 53
469 51 54
469 51 55
469 51 56
469 52 57
469 53 58
469 54 59
469 55 60
469 56 61
469 58 62
469 59 63
469 60 64
469 61 65
469 62 66
469 62 67
469 63 68
469 64 69
469 66 70
469 69 71
469 70 72
469 71 73
469 72 74
469 73 75
469 74 76
469 75 77
469 76 78
469 77 79
469 78 80
469 79 81
469 80 82
469 81 83
469 82 84
469 84 85
469 85 86
469 86 87
469 87 88
469 88 89
469 89 90
469 90 91
469 91 92
469 92 93
469 93 94
469 94 95
469 95 96
469 96 97
469 97 98
469 98 99
469 99 100
469 100 101
469 101 102
469 102 103
469 103 104
469 104 105
469 105 106
470 0 1
470 1 2
470 1 3
470 2 4
470 2 5
470 3 6
470 4 7
470 5 8
470 6 9
470 6 10
470 7 11
470 8 12
470 9 13
470 10 14
470 11 15
470 13 16
470 14 17
470 15 18
470 16 19
470 17 20
470 17 21
470 18 22
470 19 23
470 19 24
470 20 25
470 21 26
470 22 27
470 23 28
470 26 29
470 27 30
470 28 31
470 29 32
470 30 33
470 31 34
470 32 35
470 33 36
470 34 37
470 36 38
470 37 39
470 38 40
470 39 41
470 41 42
470 42 43
470 43 44
470 44 45
470 45 46
470 46 47
470 47 48
470 48 49
470 48 50
470 49 51
470 50 52
470 50 53
470 51 54
470 52 55
470 53 56
470 55 57
470 56 58
470 57 59
470 58 60
470 58 61
470 59 62
470 60 63
470 61 64
470 62 65
470 65 66
470 66 67
470 67 68
470 68 69
470 69 70
470 70 71
470 71 72
470 72 73
471 0 1
471 0 2
471 2 3
471 2 4
471 3 5
471 4 6
471 5 7
471 6 8
471 7 9
471 8 10
471 9 11
471 10 12
471 10 13
471 11 14
471 12 15
471 13 16
471 14 17
471 17 18
471 17 19
471 18 20
471 19 21
471 19 22
471 20 23
471 20 24
471 21 25
471 22 26
471 23 27
471 24 28
471 25 29
471 26 30
471 27 31
471 28 32
471 29 33
471 30 34
471 32 35
471 34 36
471 35 37
471 36 38
471 37 39
471 38 40
471 40 41
471 41 42
471 42 43
471 43 44
471 44 45
471 45 46
471 45 47
471 46 48
471 47 49
471 49 50
471 50 51
471 51 52
471 52 53
471 52 54
471 53 55
471 54 56
471 55 57
471 56 58
471 57 59
471 59 60
471 60 61
471 61 62
471 62 63
471 63 64
471 64 65
471 65 66
471 66 67
471 67 68
471 67 69
471 68 70
471 69 71
471 70 72
471 71 73
471 72 74
471 73 75
471 74 76
471 75 77
471 76 78
471 78 79
471 79 80
471 80 81
471 81 82
471 82 83
472 0 1
472 0 2
472 2 3
472 2 4
472 2 5
472 2 6
472 4 7
472 5 8
472 6 9
472 9 10
472 10 11
472 10 12
472 11 13
472 12 14
472 12 15
472 12 16
472 12 17
472 13 18
472 17 19
472 18 20
472 19 21
472 20 22
472 21 23
472 22 24
472 23 25
472 25 26
472 26 27
472 27 28
472 28 29
472 28 30
472 29 31
472 30 32
472 32 33
472 33 34
472 34 35
472 35 36
472 36 37
472 37 38
472 38 39
472 39 40
472 40 41
472 41 42
472 42 43
472 43 44
472 44 45
472 45 46
472 46 47
472 47 48
472 47 49
472 49 50
472 50 51
472 51 52
472 52 53
472 53 54
472 54 55
472 55 56
472 55 57
472 57 58
473 0 1
473 0 2
473 1 3
473 2 4
473 3 5
473 4 6
473 5 7
473 6 8
473 7 9
473 8 10
473 8 11
473 9 12
473 10 13
473 11 14
473 13 15
473 14 16
473 14 17
473 14 18
473 15 19
473 15 20
473 16 21
473 17 22
473 18 23
473 18 24
473 19 25
473 20 26
473 21 27
473 22 28
473 24 29
473 24 30
473 25 31
473 26 29
473 26 32
473 27 33
473 28 34
473 29 35
473 30 36
473 31 37
473 32 38
473 33 38
473 33 39
473 34 40
473 34 41
473 35 42
473 37 43
473 38 44
473 39 45
473 40 46
473 41 47
473 42 48
473 43 49
473 47 50
474 0 1
474 0 2
474 1 3
474 2 4
474 2 5
474 2 6
474 3 7
474 3 8
474 4 9
474 4 10
474 5 11
474 6 12
474 7 13
474 8 14
474 9 15
474 10 11
474 10 16
474 11 17
474 12 18
474 13 19
474 14 20
474 16 21
474 17 21
474 17 22
474 18 23
474 19 24
474 20 25
474 21 26
474 22 27
474 23 28
474 24 29
474 25 30
474 26 31
474 27 32
474 28 33
474 29 34
474 30 35
474 30 36
474 31 37
474 31 38
474 36 39
474 37 40
474 38 41
474 39 42
474 39 43
474 43 44
474 44 45
474 45 46
474 46 47
474 47 48
474 48 49
474 49 50
474 50 51
474 51 52
474 52 53
474 53 54
475 0 1
475 0 2
475 0 3
475 1 4
475 2 5
475 3 6
475 4 7
475 5 8
475 6 9
475 7 10
475 8 11
475 9 12
475 10 13
475 11 14
475 12 15
475 13 16
475 15 17
475 16 18
475 17 19
475 18 20
475 19 21
475 21 22
475 21 23
475 21 24
475 22 25
475 23 26
475 24 27
475 25 28
475 26 29
475 27 30
475 28 31
475 29 32
475 30 33
475 31 34
475 33 35
475 34 36
475 34 37
475 35 38
475 36 39
475 37 40
475 38 41
475 38 42
475 39 43
475 40 44
475 41 45
475 41 46
475 42 47
475 43 48
475 45 49
475 46 50
475 47 51
475 47 52
475 47 53
475 48 54
475 49 55
475 50 56
475 51 57
475 52 58
475 55 59
475 55 60
475 56 61
475 57 62
475 58 63
475 59 64
475 60 65
475 60 66
475 61 67
475 62 68
475 63 69
475 64 70
475 67 71
475 68 72
475 69 73
475 70 74
476 0 1
476 1 2
476 2 3
476 3 4
476 4 5
476 5 6
476 6 7
476 7 8
476 8 9
476 9 10
476 9 11
476 10 12
476 11 13
476 12 14
476 13 15
476 14 16
476 15 17
476 16 18
476 17 19
476 18 20
476 19 21
476 20 22
476 21 23
476 22 24
476 23 25
476 24 26
476 26 27
476 27 28
476 28 29
476 29 30
476 30 31
476 31 32
476 32 33
476 33 34
476 34 35
476 35 36
476 36 37
476 37 38
476 38 39
476 38 40
476 39 41
476 39 42
476 40 43
476 40 44
476 41 45
476 42 46
476 43 47
476 44 48
476 45 49
476 46 50
476 46 51
476 47 52
476 47 53
476 48 54
476 49 55
476 50 56
476 51 57
476 52 58
476 53 58
476 53 59
476 54 60
476 55 61
476 56 62
476 58 63
476 60 64
476 62 65
476 64 66
476 66 67
476 67 68
476 68 69
476 69 70
476 70 71
476 71 72
477 0 1
477 0 2
477 1 3
477 2 4
477 3 5
477 4 6
477 5 7
477 5 8
477 5 9
477 6 10
477 7 11
477 8 12
477 12 13
477 13 14
477 14 15
477 15 16
478 0 1
478 0 2
478 1 3
478 2 4
478 3 5
478 4 6
478 5 7
478 7 8
478 8 9
478 9 10
478 10 11
478 11 12
478 12 13
478 12 14
478 13 15
478 14 16
478 15 17
478 16 18
478 17 19
478 17 20
478 19 21
478 20 22
478 21 23
478 21 24
478 22 25
478 22 26
478 23 27
478 24 28
478 24 29
478 25 30
478 26 31
478 27 32
478 28 33
478 30 34
478 33 34
478 33 35
478 34 36
478 35 37
478 36 38
478 37 39
478 38 40
478 39 41
478 40 42
478 41 43
478 42 44
478 44 45
478 45 46
478 46 47
478 47 48
478 48 49
478 49 50
478 50 51
478 51 52
479 0 1
479 1 2
479 1 3
479 2 4
479 3 5
479 3 6
479 4 7
479 4 8
479 5 9
479 6 10
479 6 11
479 6 12
479 7 13
479 8 14
479 9 15
479 10 16
479 11 17
479 11 18
479 11 19
479 12 20
479 13 21
479 14 22
479 15 23
479 16 24
479 17 25
479 17 26
479 18 27
479 20 24
479 20 28
479 20 29
479 21 30
479 22 23
479 23 30
479 25 31
479 27 32
479 28 33
479 29 34
479 30 35
479 31 36
479 32 37
479 33 38
479 33 39
479 34 40
479 35 41
479 36 42
479 37 43
479 38 44
479 38 45
479 40 46
479 41 47
479 42 43
479 46 48
479 47 49
479 48 50
479 49 51
480 0 1
480 0 2
480 1 3
480 2 4
480 3 5
480 3 6
480 4 7
480 5 8
480 8 9
480 8 10
480 9 11
480 10 12
480 12 13
480 12 14
480 13 15
480 15 16
480 16 17
480 17 18
480 18 19
480 19 20
480 19 21
480 19 22
480 19 23
480 20 24
480 21 25
480 22 26
480 23 27
480 24 28
480 25 29
480 26 30
480 27 31
480 28 32
480 29 32
480 29 33
480 30 34
480 30 35
480 31 36
480 32 37
480 33 38
480 33 39
480 34 40
480 35 41
480 37 42
480 37 43
480 37 44
480 39 45
480 40 46
480 42 47
480 43 48
480 44 49
480 45 50
480 46 51
480 47 52
480 52 53
480 53 54
480 54 55
480 55 56
480 56 57
480 57 58
480 58 59
480 59 60
480 60 61
480 61 62
480 62 63
480 63 64
480 64 65
480 65 66
480 66 67
480 67 68
480 68 69
480 69 70
480 70 71
480 71 72
480 72 73
480 73 74
480 74 75
480 75 76
480 76 77
480 77 78
480 78 79
480 79 80
480 80 81
480 81 82
480 82 83
481 0 1
481 0 2
481 1 3
481 2 4
481 3 5
481 3 6
481 4 7
481 5 8
481 5 9
481 6 10
481 7 11
481 8 12
481 9 13
481 10 14
481 11 15
481 12 16
481 13 17
481 13 18
481 14 19
481 15 20
481 16 21
481 17 22
481 18 23
481 18 24
482 0 1
482 0 2
482 1 3
482 2 4
482 3 5
482 4 6
482 5 7
482 6 8
482 7 9
482 7 10
482 8 11
482 8 12
482 9 13
482 11 14
482 12 15
482 12 16
482 13 17
482 13 18
482 14 19
482 15 20
482 16 21
482 17 22
482 18 23
482 19 24
482 19 25
482 20 26
482 20 27
482 21 28
482 22 29
482 23 30
482 23 31
483 0 1
483 0 2
483 2 3
483 2 4
483 3 5
483 3 6
483 4 7
483 5 8
483 6 9
483 7 10
483 8 11
483 9 12
483 10 13
483 11 14
483 12 15
483 13 16
483 14 17
483 15 18
483 16 19
483 17 20
483 18 21
483 18 22
483 19 23
483 20 24
483 21 25
483 22 26
483 23 27
483 24 28
483 25 29
483 26 30
483 26 31
483 28 32
483 29 32
483 30 33
483 31 34
483 31 35
483 32 36
483 33 37
483 34 38
483 35 39
483 36 40
483 37 41
483 38 42
483 40 43
483 41 44
483 41 45
483 42 46
483 43 47
483 44 48
483 45 49
483 46 48
483 46 50
483 47 51
483 47 52
483 48 53
483 49 54
483 50 51
483 50 55
483 51 56
483 52 57
483 53 58
483 54 59
483 55 60
483 56 61
483 57 62
483 58 63
483 59 64
483 60 65
483 61 66
484 0 1
484 0 2
484 1 3
484 2 4
484 3 5
484 3 6
484 4 7
484 5 8
484 5 9
484 6 10
484 7 8
484 7 11
484 8 12
484 9 13
484 10 14
484 11 12
484 11 15
484 12 16
484 13 17
484 14 18
484 15 19
484 16 20
484 17 21
484 19 22
484 20 23
484 21 24
484 22 25
484 23 26
484 24 27
484 25 28
484 26 29
484 27 28
484 27 30
484 27 31
484 28 32
484 29 33
484 32 34
484 34 35
484 35 36
484 36 37
484 37 38
484 38 39
484 39 40
484 40 41
484 41 42
484 42 43
484 42 44
484 43 45
484 44 46
484 44 47
484 45 48
484 46 49
484 48 50
485 0 1
485 0 2
485 1 3
485 2 4
485 3 5
485 4 6
485 5 7
485 5 8
485 6 9
485 7 10
485 8 11
485 9 12
485 10 13
485 11 14
485 12 15
485 13 16
485 14 17
485 15 18
485 16 19
485 17 20
485 18 21
485 19 22
485 20 23
485 22 24
485 22 25
485 23 26
485 24 27
485 25 28
485 25 29
485 25 38
485 26 30
485 27 31
485 28 32
485 29 33
485 29 39
485 30 40
485 31 34
485 31 41
485 31 42
485 32 35
485 32 43
485 33 36
485 34 37
485 34 44
485 35 45
485 37 38
485 39 46
485 41 43
486 0 1
486 0 2
486 1 3
486 1 4
486 2 5
486 2 6
486 3 7
486 4 8
486 5 9
486 7 10
486 8 11
486 9 12
486 9 13
486 9 14
486 10 15
486 11 16
486 12 17
486 12 18
486 13 19
486 14 20
486 14 21
486 14 22
486 16 23
486 17 24
486 19 25
486 20 26
486 21 27
486 22 28
486 22 29
486 22 30
486 22 31
486 23 32
486 23 33
486 23 34
487 0 1
487 0 2
487 0 3
487 1 4
487 2 5
487 3 6
487 4 7
487 5 8
487 6 9
487 7 10
487 8 11
487 9 12
487 10 13
487 10 14
487 11 15
487 12 16
487 12 17
487 13 18
487 14 19
487 15 20
487 16 21
487 17 22
487 18 23
487 19 24
487 20 25
487 21 26
487 22 27
487 22 28
487 23 29
487 23 30
487 23 31
487 24 32
487 25 33
487 26 34
487 27 35
487 28 36
487 29 37
487 30 38
487 34 35
488 0 1
488 1 2
488 2 3
488 2 4
488 2 5
488 2 6
488 3 6
488 4 7
488 5 8
488 6 9
488 7 10
488 8 11
488 9 12
488 11 13
488 11 14
488 12 15
488 13 16
488 14 17
488 15 18
488 16 19
488 17 20
488 18 21
488 19 22
488 20 23
488 22 24
488 23 25
488 24 26
488 25 27
488 26 28
488 27 29
488 28 30
488 29 31
488 29 32
488 30 33
488 31 34
488 32 35
488 33 36
488 36 37
488 37 38
488 37 39
488 37 40
488 38 41
488 38 42
488 39 43
488 39 44
488 41 45
488 41 46
488 42 47
488 43 48
488 44 49
488 45 50
488 46 51
488 47 52
488 48 53
488 49 54
488 51 55
488 52 56
488 53 57
488 54 58
488 55 59
488 56 60
488 57 61
488 57 62
488 58 63
488 61 64
488 62 65
488 63 66
488 64 67
488 65 68
488 66 69
488 66 70
488 67 71
488 68 72
488 69 73
488 70 73
488 71 74
488 73 75
488 74 76
488 75 77
489 0 1
489 0 2
489 1 3
489 2 4
489 3 5
489 4 6
489 5 7
489 5 9
489 6 8
489 6 10
489 7 11
489 8 12
489 9 13
489 10 14
489 12 15
489 13 16
489 14 17
489 15 18
489 17 19
489 18 20
489 19 21
489 19 22
489 20 23
489 21 24
489 22 25
489 23 26
489 24 27
489 27 28
489 27 29
489 28 30
489 29 31
489 30 32
489 31 33
489 32 34
489 33 35
489 34 36
489 35 37
489 36 38
489 37 39
489 39 40
489 40 41
489 41 42
489 42 43
489 42 44
489 43 45
489 44 46
489 45 47
489 46 48
489 47 49
489 47 50
489 48 51
489 49 52
489 50 53
489 51 54
489 52 55
489 53 56
489 54 57
489 55 58
489 56 59
489 58 60
489 59 61
490 0 1
490 0 2
490 1 3
490 2 4
490 3 5
490 5 6
490 6 7
490 7 8
490 8 9
490 9 10
490 10 11
490 11 12
490 12 13
490 13 14
490 14 15
490 15 16
490 16 17
490 17 18
490 18 19
490 19 20
490 19 21
490 19 22
490 20 23
490 21 24
490 22 25
490 23 26
490 24 27
490 25 28
490 26 29
490 28 30
490 29 31
490 30 32
490 31 33
490 32 34
490 33 35
490 33 36
490 33 37
490 34 38
490 35 39
490 35 40
490 36 41
490 37 42
490 38 42
490 40 43
490 41 44
490 42 45
490 43 46
490 43 49
490 44 47
490 44 48
490 45 50
490 46 51
490 47 52
490 48 53
490 49 54
490 50 54
490 54 55
490 55 56
490 56 57
490 57 58
490 58 59
491 0 1
491 0 2
491 1 3
491 1 4
491 1 5
491 2 6
491 3 7
491 3 8
491 4 9
491 4 10
491 5 11
491 6 12
491 7 13
491 8 14
491 9 15
491 10 16
491 11 17
491 12 18
491 13 19
491 13 20
491 14 19
491 15 21
491 16 22
491 17 23
491 18 24
491 19 25
491 20 26
491 22 27
491 23 28
491 24 29
491 26 30
491 27 31
491 28 32
491 29 33
491 29 34
491 30 35
491 31 36
491 32 37
491 32 38
491 33 39
491 34 40
491 35 41
491 36 42
491 37 43
491 38 44
491 39 45
491 41 46
491 42 47
491 42 48
491 43 49
491 44 50
491 47 51
491 48 52
491 48 53
491 50 54
491 51 54
491 52 55
491 53 56
491 54 57
491 55 58
491 56 59
491 57 60
492 0 1
492 0 2
492 1 3
492 2 4
492 3 5
492 3 6
492 4 7
492 5 8
492 6 9
492 6 10
492 6 11
492 7 12
492 7 13
492 8 14
492 9 15
492 10 16
492 11 17
492 11 18
492 12 18
492 12 19
492 13 20
492 15 21
492 15 22
492 16 17
492 16 23
492 18 24
492 18 25
492 20 26
492 21 27
492 22 28
492 23 27
492 23 29
492 26 30
492 26 31
492 30 32
492 30 33
492 31 34
492 32 35
492 33 36
492 36 37
492 37 38
492 38 39
492 39 40
492 40 41
492 41 42
492 42 43
492 43 44
492 44 45
492 45 46
492 46 47
492 47 48
492 48 49
492 49 50
492 50 51
492 51 52
492 52 53
492 53 54
492 54 55
492 55 56
492 56 57
492 57 58
492 58 59
492 59 60
492 60 61
492 61 62
492 62 63
492 63 64
493 0 1
493 0 2
493 1 3
493 1 4
493 2 5
493 3 6
494 0 1
494 0 2
494 1 3
494 1 4
494 2 5
494 3 6
494 4 7
494 5 8
494 6 9
494 7 10
494 7 11
494 8 12
494 9 13
494 10 14
494 11 15
494 12 16
494 13 17
494 14 18
494 16 19
494 16 20
494 17 21
494 18 22
494 19 23
494 20 24
494 21 25
494 22 26
494 23 27
494 24 28
494 28 29
494 28 30
494 29 31
494 29 32
494 30 33
494 31 34
494 32 35
494 33 36
494 34 37
494 35 38
494 36 39
494 37 40
494 38 41
494 39 42
494 40 43
494 41 44
494 42 45
494 43 46
494 45 47
494 46 48
494 47 49
494 49 50
494 50 51
494 51 52
494 52 53
494 53 54
494 53 55
494 54 56
494 55 57
494 56 58
494 58 59
494 59 60
494 60 61
495 0 1
495 0 2
495 1 3
495 2 4
495 3 5
495 4 6
495 5 7
495 6 8
495 8 9
495 9 10
495 9 11
495 10 12
495 11 13
495 13 14
495 14 15
495 14 16
495 14 17
495 14 18
495 15 19
495 16 20
495 16 21
495 17 22
495 19 23
495 19 24
495 20 25
495 21 26
495 22 27
495 23 26
495 23 28
495 24 29
495 25 30
495 25 31
495 26 32
495 27 33
495 28 34
495 30 35
495 31 36
495 33 37
495 33 38
495 33 39
495 34 40
495 35 41
495 35 42
496 0 1
496 0 2
496 1 3
496 2 4
496 3 5
496 3 6
496 4 7
496 4 8
496 5 9
496 6 10
496 7 11
496 9 12
496 9 13
496 10 14
496 11 15
496 12 16
496 12 17
496 13 18
496 14 17
496 14 19
496 15 20
496 16 21
496 17 22
496 18 23
496 19 24
496 20 25
496 21 26
496 22 27
496 24 26
496 24 28
496 25 29
496 26 30
496 28 31
496 29 32
496 29 33
496 29 34
496 30 35
496 31 36
496 32 37
496 33 38
496 34 39
496 35 40
496 36 41
496 37 42
496 38 43
496 39 44
496 40 45
496 41 46
496 42 47
496 42 48
496 43 49
496 44 50
497 0 1
497 0 2
497 1 3
497 3 4
497 4 5
497 4 6
497 5 7
497 6 8
497 7 9
497 8 10
497 9 11
497 10 12
497 11 13
497 13 14
497 14 15
497 15 16
497 16 17
497 17 18
497 18 19
497 19 20
497 20 21
497 21 22
497 22 23
497 22 24
497 22 25
497 23 26
497 23 27
497 23 28
497 24 29
497 25 30
497 25 31
497 27 32
497 28 30
497 28 33
497 29 34
497 30 35
497 31 35
497 31 36
497 32 37
497 35 38
497 36 39
497 38 40
497 39 41
497 40 42
497 41 43
497 42 44
497 43 45
497 44 46
497 45 47
497 46 48
497 48 49
497 49 50
497 50 51
497 51 52
497 52 53
497 53 54
497 54 55
497 55 56
497 56 57
497 57 58
497 58 59
497 59 60
497 60 61
497 61 62
497 62 63
497 63 64
497 64 65
497 65 66
497 66 67
497 67 68
497 68 69
497 69 70
497 70 71
497 71 72
497 72 73
497 73 74
497 73 75
497 74 76
497 75 77
497 76 78
497 77 79
497 79 80
497 80 81
497 81 82
498 0 1
498 0 2
498 1 3
498 2 4
498 2 5
498 3 6
498 4 7
498 5 8
498 6 9
498 7 10
498 8 11
498 9 12
498 10 13
498 11 14
498 11 15
498 12 16
498 13 17
498 14 18
498 14 19
498 15 20
498 16 21
498 17 22
498 18 23
498 20 24
498 21 25
498 21 26
498 21 27
498 22 28
498 23 29
498 24 30
498 25 31
498 26 32
498 26 33
498 28 34
498 29 35
498 30 36
498 31 37
498 32 38
498 33 39
498 34 40
498 35 36
498 35 41
498 36 42
498 37 43
498 38 44
498 39 45
498 40 46
498 41 47
498 42 48
498 43 49
498 44 50
498 45 51
498 46 52
498 48 53
498 49 54
498 50 55
498 51 56
498 52 57
498 53 58
498 54 59
498 55 60
498 56 61
498 57 62
498 58 63
498 59 64
498 59 65
498 60 66
498 61 67
498 62 68
498 63 69
498 64 67
498 64 70
498 65 71
498 66 72
498 67 73
498 68 74
498 70 75
498 71 76
498 72 77
499 0 1
499 0 2
499 1 3
499 1 4
499 1 5
499 2 6
499 3 7
499 4 8
499 5 9
499 5 10
499 6 11
499 7 12
499 8 13
499 9 14
499 10 15
499 11 16
499 11 17
499 12 18
499 12 19
499 14 20
499 14 21
499 15 22
499 17 23
499 19 24
499 20 25
499 21 26
499 22 27
499 23 28
499 24 29
499 25 30
499 26 31
499 27 32
499 28 33
499 29 34
499 30 35
499 30 36
499 31 37
499 33 38
499 34 39
499 35 40
499 36 41
499 37 42
499 38 43
499 39 44
499 40 45
499 41 46
499 42 47
499 43 48
499 44 49
499 44 50
499 48 51
499 49 52
499 50 53
499 51 54
499 52 55
499 53 56
499 54 57
499 54 58
499 55 59
499 58 60
499 59 61
499 60 62
499 61 63
499 62 64
